<?xml version="1.0" encoding="utf-8"?>
<dataset language="FR" title="1JO">
<paragraph id="p.1">
	<text>
		Ce qui était dès le commencement , ce que nous avons entendu , ce que nous avons vu de nos yeux , ce que nous avons contemplé et que nos mains ont touché , concernant la parole de vie , -
		car la vie a été manifestée , et nous l ` avons vue et nous lui rendons témoignage , et nous vous annonçons la vie éternelle , qui était auprès du Père et qui nous a été manifestée , -
		ce que nous avons vu et entendu , nous vous l ` annonçons , à vous aussi , afin que vous aussi vous soyez en communion avec nous . Or , notre communion est avec le Père et avec son Fils Jésus Christ .
		Et nous écrivons ces choses , afin que notre joie soit parfaite .
		La nouvelle que nous avons apprise de lui , et que nous vous annonçons , c ` est que Dieu est lumière , et qu ` il n ` y a point en lui de ténèbres .
		Si nous disons que nous sommes en communion avec lui , et que nous marchions dans les ténèbres , nous mentons , et nous ne pratiquons pas la vérité .
		Mais si nous marchons dans la lumière , comme il est lui - même dans la lumière , nous sommes mutuellement en communion , et le sang de Jésus son Fils nous purifie de tout péché .
		Si nous disons que nous n ` avons pas de péché , nous nous séduisons nous - mêmes , et la vérité n ` est point en nous .
		Si nous confessons nos péchés , il est fidèle et juste pour nous les pardonner , et pour nous purifier de toute iniquité .
		Si nous disons que nous n ` avons pas péché , nous le faisons menteur , et sa parole n ` est point en nous .
	</text>
	<annotations>
		<annotation source="MCS" anchor="était" bfScore="--" coherenceScore="--">bn:00083187v</annotation>
		<annotation source="MCS" anchor="avons" bfScore="--" coherenceScore="--">bn:00088733v</annotation>
		<annotation source="MCS" anchor="entendu" bfScore="--" coherenceScore="--">bn:00089277v</annotation>
		<annotation source="MCS" anchor="vu" bfScore="--" coherenceScore="--">bn:00093430v</annotation>
		<annotation source="BABELFY" anchor="yeux" bfScore="0.9089306698002351" coherenceScore="0.5257731958762887">bn:00032512n</annotation>
		<annotation source="MCS" anchor="contemplé" bfScore="--" coherenceScore="--">bn:00085516v</annotation>
		<annotation source="MCS" anchor="mains" bfScore="--" coherenceScore="--">bn:00042759n</annotation>
		<annotation source="MCS" anchor="ont" bfScore="--" coherenceScore="--">bn:00088733v</annotation>
		<annotation source="MCS" anchor="touché" bfScore="--" coherenceScore="--">bn:00095040v</annotation>
		<annotation source="BABELFY" anchor="concernant" bfScore="0.9307432432432432" coherenceScore="0.29896907216494845">bn:00083240v</annotation>
		<annotation source="BABELFY" anchor="parole" bfScore="0.7913988029261805" coherenceScore="0.4329896907216495">bn:00049911n</annotation>
		<annotation source="MCS" anchor="vie" bfScore="--" coherenceScore="--">bn:00002761n</annotation>
		<annotation source="MCS" anchor="été" bfScore="--" coherenceScore="--">bn:00083187v</annotation>
		<annotation source="MCS" anchor="manifestée" bfScore="--" coherenceScore="--">bn:00092106v</annotation>
		<annotation source="MCS" anchor="vue" bfScore="--" coherenceScore="--">bn:00093430v</annotation>
		<annotation source="MCS" anchor="rendons" bfScore="--" coherenceScore="--">bn:00092791v</annotation>
		<annotation source="MCS" anchor="témoignage" bfScore="--" coherenceScore="--">bn:00076677n</annotation>
		<annotation source="MCS" anchor="annonçons" bfScore="--" coherenceScore="--">bn:00082637v</annotation>
		<annotation source="MCS" anchor="vie éternelle" bfScore="--" coherenceScore="--">bn:02659563n</annotation>
		<annotation source="MCS" anchor="éternelle" bfScore="--" coherenceScore="--">bn:00096562a</annotation>
		<annotation source="MCS" anchor="Père" bfScore="--" coherenceScore="--">bn:00009616n</annotation>
		<annotation source="MCS" anchor="aussi" bfScore="--" coherenceScore="--">bn:00114246r</annotation>
		<annotation source="MCS" anchor="soyez" bfScore="--" coherenceScore="--">bn:00083187v</annotation>
		<annotation source="MCS" anchor="communion" bfScore="--" coherenceScore="--">bn:00021233n</annotation>
		<annotation source="MCS" anchor="Or" bfScore="--" coherenceScore="--">bn:00040921n</annotation>
		<annotation source="MCS" anchor="est" bfScore="--" coherenceScore="--">bn:00083187v</annotation>
		<annotation source="BABELFY" anchor="Jésus" bfScore="0.8628833984926041" coherenceScore="0.8144329896907216">bn:00018805n</annotation>
		<annotation source="BABELFY" anchor="Jésus Christ" bfScore="1.0" coherenceScore="0.8247422680412371">bn:00018805n</annotation>
		<annotation source="BABELFY" anchor="Christ" bfScore="0.998886959618895" coherenceScore="0.8144329896907216">bn:00018805n</annotation>
		<annotation source="MCS" anchor="écrivons" bfScore="--" coherenceScore="--">bn:00092123v</annotation>
		<annotation source="MCS" anchor="choses" bfScore="--" coherenceScore="--">bn:00076925n</annotation>
		<annotation source="MCS" anchor="joie" bfScore="--" coherenceScore="--">bn:00048468n</annotation>
		<annotation source="BABELFY" anchor="parfaite" bfScore="1.0" coherenceScore="0.041237113402061855">bn:00089443v</annotation>
		<annotation source="MCS" anchor="nouvelle" bfScore="--" coherenceScore="--">bn:00107267a</annotation>
		<annotation source="MCS" anchor="apprise" bfScore="--" coherenceScore="--">bn:00082281v</annotation>
		<annotation source="BABELFY" anchor="Dieu" bfScore="0.8268437218826595" coherenceScore="0.845360824742268">bn:00040878n</annotation>
		<annotation source="MCS" anchor="lumière" bfScore="--" coherenceScore="--">bn:00051108n</annotation>
		<annotation source="MCS" anchor="disons" bfScore="--" coherenceScore="--">bn:00093287v</annotation>
		<annotation source="MCS" anchor="marchions" bfScore="--" coherenceScore="--">bn:00095597v</annotation>
		<annotation source="MCS" anchor="mentons" bfScore="--" coherenceScore="--">bn:00090324v</annotation>
		<annotation source="MCS" anchor="pratiquons" bfScore="--" coherenceScore="--">bn:00082711v</annotation>
		<annotation source="BABELFY" anchor="vérité" bfScore="0.9541849177222682" coherenceScore="0.6391752577319587">bn:00072816n</annotation>
		<annotation source="MCS" anchor="marchons" bfScore="--" coherenceScore="--">bn:00095597v</annotation>
		<annotation source="BABELFY" anchor="mutuellement" bfScore="1.0" coherenceScore="0.12371134020618557">bn:00116312r</annotation>
		<annotation source="BABELFY" anchor="sang" bfScore="0.8578908002991773" coherenceScore="0.38144329896907214">bn:00011346n</annotation>
		<annotation source="MCS" anchor="purifie" bfScore="--" coherenceScore="--">bn:00092184v</annotation>
		<annotation source="BABELFY" anchor="péché" bfScore="0.7276067983463482" coherenceScore="0.3402061855670103">bn:00071707n</annotation>
		<annotation source="BABELFY" anchor="séduisons" bfScore="1.0" coherenceScore="0.05154639175257732">bn:00093429v</annotation>
		<annotation source="BABELFY" anchor="confessons" bfScore="0.75" coherenceScore="0.15463917525773196">bn:00085576v</annotation>
		<annotation source="BABELFY" anchor="péchés" bfScore="0.7276067983463482" coherenceScore="0.3402061855670103">bn:00071707n</annotation>
		<annotation source="MCS" anchor="fidèle" bfScore="--" coherenceScore="--">bn:00102728a</annotation>
		<annotation source="MCS" anchor="juste" bfScore="--" coherenceScore="--">bn:00102719a</annotation>
		<annotation source="MCS" anchor="pardonner" bfScore="--" coherenceScore="--">bn:00088483v</annotation>
		<annotation source="MCS" anchor="purifier" bfScore="--" coherenceScore="--">bn:00092184v</annotation>
		<annotation source="MCS" anchor="iniquité" bfScore="--" coherenceScore="--">bn:01267367n</annotation>
		<annotation source="BABELFY" anchor="péché" bfScore="1.0" coherenceScore="0.1134020618556701">bn:00093756v</annotation>
		<annotation source="MCS" anchor="faisons" bfScore="--" coherenceScore="--">bn:00087107v</annotation>
		<annotation source="BABELFY" anchor="menteur" bfScore="0.7787610619469026" coherenceScore="0.08247422680412371">bn:00106594a</annotation>
	</annotations>
</paragraph>
<paragraph id="p.2">
	<text>
		Mes petits enfants , je vous écris ces choses , afin que vous ne péchiez point . Et si quelqu ` un a péché , nous avons un avocat auprès du Père , Jésus Christ le juste .
		Il est lui - même une victime expiatoire pour nos péchés , non seulement pour les nôtres , mais aussi pour ceux du monde entier .
		Si nous gardons ses commandements , par là nous savons que nous l ` avons connu .
		Celui qui dit : Je l ` ai connu , et qui ne garde pas ses commandements , est un menteur , et la vérité n ` est point en lui .
		Mais celui qui garde sa parole , l ` amour de Dieu est véritablement parfait en lui : par là nous savons que nous sommes en lui .
		Celui qui dit qu ` il demeure en lui doit marcher aussi comme il a marché lui - même .
		Bien - aimés , ce n ` est pas un commandement nouveau que je vous écris , mais un commandement ancien que vous avez eu dès le commencement ; ce commandement ancien , c ` est la parole que vous avez entendue .
		Toutefois , c ` est un commandement nouveau que je vous écris , ce qui est vrai en lui et en vous , car les ténèbres se dissipent et la lumière véritable paraît déjà .
		Celui qui dit qu ` il est dans la lumière , et qui hait son frère , est encore dans les ténèbres .
		Celui qui aime son frère demeure dans la lumière , et aucune occasion de chute n ` est en lui .
		Mais celui qui hait son frère est dans les ténèbres , il marche dans les ténèbres , et il ne sait où il va , parce que les ténèbres ont aveuglé ses yeux .
		Je vous écris , petits enfants , parce que vos péchés vous sont pardonnés à cause de son nom .
		Je vous écris , pères , parce que vous avez connu celui qui est dès le commencement . Je vous écris , jeunes gens , parce que vous avez vaincu le malin . Je vous ai écrit , petits enfants , parce que vous avez connu le Père .
		Je vous ai écrit , pères , parce que vous avez connu celui qui est dès le commencement . Je vous ai écrit , jeunes gens , parce que vous êtes forts , et que la parole de Dieu demeure en vous , et que vous avez vaincu le malin .
		N ` aimez point le monde , ni les choses qui sont dans le monde . Si quelqu ` un aime le monde , l ` amour du Père n ` est point en lui ;
		car tout ce qui est dans le monde , la convoitise de la chair , la convoitise des yeux , et l ` orgueil de la vie , ne vient point du Père , mais vient du monde .
		Et le monde passe , et sa convoitise aussi ; mais celui qui fait la volonté de Dieu demeure éternellement .
		Petits enfants , c ` est la dernière heure , et comme vous avez appris qu ` un antéchrist vient , il y a maintenant plusieurs antéchrists : par là nous connaissons que c ` est la dernière heure .
		Ils sont sortis du milieu de nous , mais ils n ` étaient pas des nôtres ; car s ` ils eussent été des nôtres , ils seraient demeurés avec nous , mais cela est arrivé afin qu ` il fût manifeste que tous ne sont pas des nôtres .
		Pour vous , vous avez reçu l ` onction de la part de celui qui est saint , et vous avez tous de la connaissance .
		Je vous ai écrit , non que vous ne connaissiez pas la vérité , mais parce que vous la connaissez , et parce qu ` aucun mensonge ne vient de la vérité .
		Qui est menteur , sinon celui qui nie que Jésus est le Christ ? Celui - là est l ` antéchrist , qui nie le Père et le Fils .
		Quiconque nie le Fils n ` a pas non plus le Père ; quiconque confesse le Fils a aussi le Père .
		Que ce que vous avez entendu dès le commencement demeure en vous . Si ce que vous avez entendu dès le commencement demeure en vous , vous demeurerez aussi dans le Fils et dans le Père .
		Et la promesse qu ` il nous a faite , c ` est la vie éternelle .
		Je vous ai écrit ces choses au sujet de ceux qui vous égarent .
		Pour vous , l ` onction que vous avez reçue de lui demeure en vous , et vous n ` avez pas besoin qu ` on vous enseigne ; mais comme son onction vous enseigne toutes choses , et qu ` elle est véritable et qu ` elle n ` est point un mensonge , demeurez en lui selon les enseignements qu ` elle vous a donnés .
		Et maintenant , petits enfants , demeurez en lui , afin que , lorsqu ` il paraîtra , nous ayons de l ` assurance , et qu ` à son avènement nous ne soyons pas confus et éloignés de lui .
		Si vous savez qu ` il est juste , reconnaissez que quiconque pratique la justice est né de lui .
	</text>
	<annotations>
		<annotation source="MCS" anchor="petits" bfScore="--" coherenceScore="--">bn:00106062a</annotation>
		<annotation source="MCS" anchor="enfants" bfScore="--" coherenceScore="--">bn:00018346n</annotation>
		<annotation source="MCS" anchor="écris" bfScore="--" coherenceScore="--">bn:00092123v</annotation>
		<annotation source="MCS" anchor="choses" bfScore="--" coherenceScore="--">bn:00076925n</annotation>
		<annotation source="BABELFY" anchor="péchiez" bfScore="1.0" coherenceScore="0.05345911949685535">bn:00093756v</annotation>
		<annotation source="BABELFY" anchor="si" bfScore="1.0" coherenceScore="0.0220125786163522">bn:00117043r</annotation>
		<annotation source="BABELFY" anchor="péché" bfScore="0.8064423928887873" coherenceScore="0.3113207547169811">bn:00071707n</annotation>
		<annotation source="MCS" anchor="avons" bfScore="--" coherenceScore="--">bn:00088733v</annotation>
		<annotation source="BABELFY" anchor="avocat" bfScore="0.729995320542817" coherenceScore="0.1509433962264151">bn:00007051n</annotation>
		<annotation source="MCS" anchor="Père" bfScore="--" coherenceScore="--">bn:00009616n</annotation>
		<annotation source="BABELFY" anchor="Jésus" bfScore="0.9120421463037401" coherenceScore="0.8018867924528302">bn:00018805n</annotation>
		<annotation source="BABELFY" anchor="Jésus Christ" bfScore="1.0" coherenceScore="0.8050314465408805">bn:00018805n</annotation>
		<annotation source="BABELFY" anchor="Christ" bfScore="0.9997171699590984" coherenceScore="0.8018867924528302">bn:00018805n</annotation>
		<annotation source="MCS" anchor="juste" bfScore="--" coherenceScore="--">bn:00102719a</annotation>
		<annotation source="MCS" anchor="est" bfScore="--" coherenceScore="--">bn:00083187v</annotation>
		<annotation source="MCS" anchor="victime" bfScore="--" coherenceScore="--">bn:00079940n</annotation>
		<annotation source="BABELFY" anchor="victime expiatoire" bfScore="1.0" coherenceScore="0.06918238993710692">bn:00069508n</annotation>
		<annotation source="BABELFY" anchor="expiatoire" bfScore="1.0" coherenceScore="0.10377358490566038">bn:00102583a</annotation>
		<annotation source="BABELFY" anchor="péchés" bfScore="0.8064423928887873" coherenceScore="0.3113207547169811">bn:00071707n</annotation>
		<annotation source="MCS" anchor="non" bfScore="--" coherenceScore="--">bn:00116350r</annotation>
		<annotation source="MCS" anchor="seulement" bfScore="--" coherenceScore="--">bn:00116448r</annotation>
		<annotation source="MCS" anchor="aussi" bfScore="--" coherenceScore="--">bn:00114246r</annotation>
		<annotation source="MCS" anchor="monde" bfScore="--" coherenceScore="--">bn:00029428n</annotation>
		<annotation source="BABELFY" anchor="monde entier" bfScore="1.0" coherenceScore="0.6540880503144654">bn:00045153n</annotation>
		<annotation source="MCS" anchor="entier" bfScore="--" coherenceScore="--">bn:00103393a</annotation>
		<annotation source="MCS" anchor="gardons" bfScore="--" coherenceScore="--">bn:00089407v</annotation>
		<annotation source="MCS" anchor="commandements" bfScore="--" coherenceScore="--">bn:00020960n</annotation>
		<annotation source="BABELFY" anchor="là" bfScore="0.7666232073011734" coherenceScore="0.0660377358490566">bn:00114427r</annotation>
		<annotation source="MCS" anchor="savons" bfScore="--" coherenceScore="--">bn:00090142v</annotation>
		<annotation source="MCS" anchor="connu" bfScore="--" coherenceScore="--">bn:00082272v</annotation>
		<annotation source="MCS" anchor="dit" bfScore="--" coherenceScore="--">bn:00093287v</annotation>
		<annotation source="MCS" anchor="ai" bfScore="--" coherenceScore="--">bn:00088733v</annotation>
		<annotation source="MCS" anchor="garde" bfScore="--" coherenceScore="--">bn:00089407v</annotation>
		<annotation source="MCS" anchor="menteur" bfScore="--" coherenceScore="--">bn:00050928n</annotation>
		<annotation source="BABELFY" anchor="vérité" bfScore="0.9209397822075526" coherenceScore="0.5974842767295597">bn:00072816n</annotation>
		<annotation source="BABELFY" anchor="parole" bfScore="0.8862404395930794" coherenceScore="0.48742138364779874">bn:00049911n</annotation>
		<annotation source="BABELFY" anchor="amour" bfScore="0.8512119210259275" coherenceScore="0.6981132075471698">bn:00052121n</annotation>
		<annotation source="BABELFY" anchor="amour de Dieu" bfScore="1.0" coherenceScore="0.11006289308176101">bn:02941147n</annotation>
		<annotation source="BABELFY" anchor="Dieu" bfScore="0.8472680063219689" coherenceScore="0.8459119496855346">bn:00040878n</annotation>
		<annotation source="MCS" anchor="véritablement" bfScore="--" coherenceScore="--">bn:00114119r</annotation>
		<annotation source="MCS" anchor="parfait" bfScore="--" coherenceScore="--">bn:00108442a</annotation>
		<annotation source="MCS" anchor="demeure" bfScore="--" coherenceScore="--">bn:00082138v</annotation>
		<annotation source="MCS" anchor="doit" bfScore="--" coherenceScore="--">bn:00091360v</annotation>
		<annotation source="MCS" anchor="marcher" bfScore="--" coherenceScore="--">bn:00095597v</annotation>
		<annotation source="BABELFY" anchor="marché" bfScore="0.7504571179799738" coherenceScore="0.32075471698113206">bn:00053458n</annotation>
		<annotation source="BABELFY" anchor="Bien-aimés" bfScore="1.0" coherenceScore="0.015723270440251572">bn:00098224a</annotation>
		<annotation source="MCS" anchor="commandement" bfScore="--" coherenceScore="--">bn:00020960n</annotation>
		<annotation source="MCS" anchor="nouveau" bfScore="--" coherenceScore="--">bn:00107267a</annotation>
		<annotation source="MCS" anchor="ancien" bfScore="--" coherenceScore="--">bn:00107787a</annotation>
		<annotation source="MCS" anchor="avez" bfScore="--" coherenceScore="--">bn:00088733v</annotation>
		<annotation source="MCS" anchor="eu" bfScore="--" coherenceScore="--">bn:00088733v</annotation>
		<annotation source="MCS" anchor="entendue" bfScore="--" coherenceScore="--">bn:00089277v</annotation>
		<annotation source="MCS" anchor="Toutefois" bfScore="--" coherenceScore="--">bn:00115698r</annotation>
		<annotation source="MCS" anchor="vrai" bfScore="--" coherenceScore="--">bn:00112146a</annotation>
		<annotation source="MCS" anchor="dissipent" bfScore="--" coherenceScore="--">bn:00083993v</annotation>
		<annotation source="MCS" anchor="lumière" bfScore="--" coherenceScore="--">bn:00051108n</annotation>
		<annotation source="BABELFY" anchor="véritable" bfScore="0.9825625473843821" coherenceScore="0.2830188679245283">bn:00101997a</annotation>
		<annotation source="MCS" anchor="paraît" bfScore="--" coherenceScore="--">bn:00082693v</annotation>
		<annotation source="MCS" anchor="déjà" bfScore="--" coherenceScore="--">bn:00114245r</annotation>
		<annotation source="BABELFY" anchor="hait" bfScore="1.0" coherenceScore="0.06918238993710692">bn:00086717v</annotation>
		<annotation source="MCS" anchor="frère" bfScore="--" coherenceScore="--">bn:00011357n</annotation>
		<annotation source="BABELFY" anchor="encore" bfScore="0.8282332265067714" coherenceScore="0.34276729559748426">bn:00114171r</annotation>
		<annotation source="MCS" anchor="aime" bfScore="--" coherenceScore="--">bn:00090504v</annotation>
		<annotation source="MCS" anchor="occasion" bfScore="--" coherenceScore="--">bn:00017621n</annotation>
		<annotation source="MCS" anchor="chute" bfScore="--" coherenceScore="--">bn:00032830n</annotation>
		<annotation source="MCS" anchor="marche" bfScore="--" coherenceScore="--">bn:00095597v</annotation>
		<annotation source="MCS" anchor="sait" bfScore="--" coherenceScore="--">bn:00090142v</annotation>
		<annotation source="MCS" anchor="où" bfScore="--" coherenceScore="--">bn:13653875r</annotation>
		<annotation source="MCS" anchor="va" bfScore="--" coherenceScore="--">bn:00093013v</annotation>
		<annotation source="MCS" anchor="ont" bfScore="--" coherenceScore="--">bn:00088733v</annotation>
		<annotation source="BABELFY" anchor="aveuglé" bfScore="1.0" coherenceScore="0.03459119496855346">bn:00083605v</annotation>
		<annotation source="BABELFY" anchor="yeux" bfScore="0.8893808808413063" coherenceScore="0.46540880503144655">bn:00032512n</annotation>
		<annotation source="MCS" anchor="sont" bfScore="--" coherenceScore="--">bn:00083187v</annotation>
		<annotation source="MCS" anchor="pardonnés" bfScore="--" coherenceScore="--">bn:00088483v</annotation>
		<annotation source="MCS" anchor="cause" bfScore="--" coherenceScore="--">bn:00015051n</annotation>
		<annotation source="MCS" anchor="nom" bfScore="--" coherenceScore="--">bn:00056758n</annotation>
		<annotation source="MCS" anchor="pères" bfScore="--" coherenceScore="--">bn:00009616n</annotation>
		<annotation source="MCS" anchor="jeunes" bfScore="--" coherenceScore="--">bn:00104589a</annotation>
		<annotation source="MCS" anchor="gens" bfScore="--" coherenceScore="--">bn:00037747n</annotation>
		<annotation source="MCS" anchor="vaincu" bfScore="--" coherenceScore="--">bn:00083247v</annotation>
		<annotation source="MCS" anchor="écrit" bfScore="--" coherenceScore="--">bn:00092123v</annotation>
		<annotation source="MCS" anchor="êtes" bfScore="--" coherenceScore="--">bn:00083187v</annotation>
		<annotation source="MCS" anchor="forts" bfScore="--" coherenceScore="--">bn:00103938a</annotation>
		<annotation source="BABELFY" anchor="parole de Dieu" bfScore="1.0" coherenceScore="0.29874213836477986">bn:00051877n</annotation>
		<annotation source="MCS" anchor="aimez" bfScore="--" coherenceScore="--">bn:00090504v</annotation>
		<annotation source="BABELFY" anchor="Si" bfScore="1.0" coherenceScore="0.0220125786163522">bn:00117043r</annotation>
		<annotation source="BABELFY" anchor="convoitise" bfScore="1.0" coherenceScore="0.06918238993710692">bn:00041632n</annotation>
		<annotation source="MCS" anchor="chair" bfScore="--" coherenceScore="--">bn:00035182n</annotation>
		<annotation source="MCS" anchor="orgueil" bfScore="--" coherenceScore="--">bn:00064338n</annotation>
		<annotation source="MCS" anchor="vie" bfScore="--" coherenceScore="--">bn:00002761n</annotation>
		<annotation source="MCS" anchor="vient" bfScore="--" coherenceScore="--">bn:00085322v</annotation>
		<annotation source="MCS" anchor="passe" bfScore="--" coherenceScore="--">bn:00091458v</annotation>
		<annotation source="MCS" anchor="fait" bfScore="--" coherenceScore="--">bn:00087107v</annotation>
		<annotation source="MCS" anchor="volonté" bfScore="--" coherenceScore="--">bn:00081239n</annotation>
		<annotation source="MCS" anchor="éternellement" bfScore="--" coherenceScore="--">bn:00115239r</annotation>
		<annotation source="MCS" anchor="Petits" bfScore="--" coherenceScore="--">bn:00106062a</annotation>
		<annotation source="MCS" anchor="dernière" bfScore="--" coherenceScore="--">bn:00105773a</annotation>
		<annotation source="BABELFY" anchor="heure" bfScore="0.7720340126872722" coherenceScore="0.3270440251572327">bn:00077271n</annotation>
		<annotation source="MCS" anchor="appris" bfScore="--" coherenceScore="--">bn:00082281v</annotation>
		<annotation source="BABELFY" anchor="antéchrist" bfScore="1.0" coherenceScore="0.13522012578616352">bn:00004634n</annotation>
		<annotation source="MCS" anchor="maintenant" bfScore="--" coherenceScore="--">bn:00114424r</annotation>
		<annotation source="BABELFY" anchor="antéchrists" bfScore="1.0" coherenceScore="0.13522012578616352">bn:00004634n</annotation>
		<annotation source="MCS" anchor="connaissons" bfScore="--" coherenceScore="--">bn:00082272v</annotation>
		<annotation source="BABELFY" anchor="sortis" bfScore="0.7622198084329022" coherenceScore="0.2610062893081761">bn:00088966v</annotation>
		<annotation source="MCS" anchor="milieu" bfScore="--" coherenceScore="--">bn:00017123n</annotation>
		<annotation source="MCS" anchor="étaient" bfScore="--" coherenceScore="--">bn:00083187v</annotation>
		<annotation source="MCS" anchor="eussent" bfScore="--" coherenceScore="--">bn:00088733v</annotation>
		<annotation source="MCS" anchor="été" bfScore="--" coherenceScore="--">bn:00083187v</annotation>
		<annotation source="MCS" anchor="seraient" bfScore="--" coherenceScore="--">bn:00083187v</annotation>
		<annotation source="MCS" anchor="demeurés" bfScore="--" coherenceScore="--">bn:00082138v</annotation>
		<annotation source="MCS" anchor="fût" bfScore="--" coherenceScore="--">bn:00083187v</annotation>
		<annotation source="MCS" anchor="manifeste" bfScore="--" coherenceScore="--">bn:00092106v</annotation>
		<annotation source="MCS" anchor="reçu" bfScore="--" coherenceScore="--">bn:00089246v</annotation>
		<annotation source="MCS" anchor="onction" bfScore="--" coherenceScore="--">bn:00004394n</annotation>
		<annotation source="MCS" anchor="part" bfScore="--" coherenceScore="--">bn:00060766n</annotation>
		<annotation source="MCS" anchor="saint" bfScore="--" coherenceScore="--">bn:00110031a</annotation>
		<annotation source="MCS" anchor="connaissance" bfScore="--" coherenceScore="--">bn:00020452n</annotation>
		<annotation source="MCS" anchor="connaissiez" bfScore="--" coherenceScore="--">bn:00082272v</annotation>
		<annotation source="MCS" anchor="connaissez" bfScore="--" coherenceScore="--">bn:00082272v</annotation>
		<annotation source="MCS" anchor="mensonge" bfScore="--" coherenceScore="--">bn:00032874n</annotation>
		<annotation source="MCS" anchor="menteur" bfScore="--" coherenceScore="--">bn:00106593a</annotation>
		<annotation source="MCS" anchor="nie" bfScore="--" coherenceScore="--">bn:00086591v</annotation>
		<annotation source="BABELFY" anchor="non plus" bfScore="1.0" coherenceScore="0.050314465408805034">bn:00115184r</annotation>
		<annotation source="MCS" anchor="plus" bfScore="--" coherenceScore="--">bn:00115880r</annotation>
		<annotation source="MCS" anchor="confesse" bfScore="--" coherenceScore="--">bn:00085511v</annotation>
		<annotation source="MCS" anchor="entendu" bfScore="--" coherenceScore="--">bn:00089277v</annotation>
		<annotation source="MCS" anchor="demeurerez" bfScore="--" coherenceScore="--">bn:00082138v</annotation>
		<annotation source="MCS" anchor="promesse" bfScore="--" coherenceScore="--">bn:00064699n</annotation>
		<annotation source="MCS" anchor="faite" bfScore="--" coherenceScore="--">bn:00087107v</annotation>
		<annotation source="MCS" anchor="vie éternelle" bfScore="--" coherenceScore="--">bn:02659563n</annotation>
		<annotation source="BABELFY" anchor="éternelle" bfScore="0.8116504854368932" coherenceScore="0.059748427672955975">bn:00096562a</annotation>
		<annotation source="MCS" anchor="sujet" bfScore="--" coherenceScore="--">bn:00022157n</annotation>
		<annotation source="MCS" anchor="égarent" bfScore="--" coherenceScore="--">bn:00090836v</annotation>
		<annotation source="MCS" anchor="reçue" bfScore="--" coherenceScore="--">bn:00089246v</annotation>
		<annotation source="MCS" anchor="besoin" bfScore="--" coherenceScore="--">bn:00057164n</annotation>
		<annotation source="BABELFY" anchor="enseigne" bfScore="0.8275862068965517" coherenceScore="0.12578616352201258">bn:00089791v</annotation>
		<annotation source="MCS" anchor="demeurez" bfScore="--" coherenceScore="--">bn:00082138v</annotation>
		<annotation source="MCS" anchor="enseignements" bfScore="--" coherenceScore="--">bn:00046956n</annotation>
		<annotation source="MCS" anchor="donnés" bfScore="--" coherenceScore="--">bn:00088815v</annotation>
		<annotation source="MCS" anchor="paraîtra" bfScore="--" coherenceScore="--">bn:00082693v</annotation>
		<annotation source="MCS" anchor="ayons" bfScore="--" coherenceScore="--">bn:00088733v</annotation>
		<annotation source="MCS" anchor="assurance" bfScore="--" coherenceScore="--">bn:00046996n</annotation>
		<annotation source="BABELFY" anchor="avènement" bfScore="0.9193083573487032" coherenceScore="0.09119496855345911">bn:00001565n</annotation>
		<annotation source="MCS" anchor="soyons" bfScore="--" coherenceScore="--">bn:00083187v</annotation>
		<annotation source="BABELFY" anchor="confus" bfScore="0.7692307692307693" coherenceScore="0.015723270440251572">bn:00100253a</annotation>
		<annotation source="MCS" anchor="éloignés" bfScore="--" coherenceScore="--">bn:00082131v</annotation>
		<annotation source="MCS" anchor="savez" bfScore="--" coherenceScore="--">bn:00090142v</annotation>
		<annotation source="MCS" anchor="reconnaissez" bfScore="--" coherenceScore="--">bn:00082272v</annotation>
		<annotation source="MCS" anchor="pratique" bfScore="--" coherenceScore="--">bn:00082711v</annotation>
		<annotation source="MCS" anchor="justice" bfScore="--" coherenceScore="--">bn:00048668n</annotation>
		<annotation source="BABELFY" anchor="né" bfScore="0.8609717545185898" coherenceScore="0.27358490566037735">bn:00082757v</annotation>
	</annotations>
</paragraph>
<paragraph id="p.3">
	<text>
		Voyez quel amour le Père nous a témoigné , pour que nous soyons appelés enfants de Dieu ! Et nous le sommes . Si le monde ne nous connaît pas , c ` est qu ` il ne l ` a pas connu .
		Bien - aimés , nous sommes maintenant enfants de Dieu , et ce que nous serons n ` a pas encore été manifesté ; mais nous savons que , lorsque cela sera manifesté , nous serons semblables à lui , parce que nous le verrons tel qu ` il est .
		Quiconque a cette espérance en lui se purifie , comme lui - même est pur .
		Quiconque pèche transgresse la loi , et le péché est la transgression de la loi .
		Or , vous le savez , Jésus a paru pour ôter les péchés , et il n ` y a point en lui de péché .
		Quiconque demeure en lui ne pèche point ; quiconque pèche ne l ` a pas vu , et ne l ` a pas connu .
		Petits enfants , que personne ne vous séduise . Celui qui pratique la justice est juste , comme lui - même est juste .
		Celui qui pèche est du diable , car le diable pèche dès le commencement . Le Fils de Dieu a paru afin de détruire les oeuvres du diable .
		Quiconque est né de Dieu ne pratique pas le péché , parce que la semence de Dieu demeure en lui ; et il ne peut pécher , parce qu ` il est né de Dieu .
		C ` est par là que se font reconnaître les enfants de Dieu et les enfants du diable . Quiconque ne pratique pas la justice n ` est pas de Dieu , non plus que celui qui n ` aime pas son frère .
		Car ce qui vous a été annoncé et ce que vous avez entendu dès le commencement , c ` est que nous devons nous aimer les uns les autres ,
		et ne pas ressembler à Caïn , qui était du malin , et qui tua son frère . Et pourquoi le tua - t - il ? parce que ses oeuvres étaient mauvaises , et que celles de son frère étaient justes .
		Ne vous étonnez pas , frères , si le monde vous hait .
		Nous savons que nous sommes passés de la mort à la vie , parce que nous aimons les frères . Celui qui n ` aime pas demeure dans la mort .
		Quiconque hait son frère est un meurtrier , et vous savez qu ` aucun meurtrier n ` a la vie éternelle demeurant en lui .
		Nous avons connu l ` amour , en ce qu ` il a donné sa vie pour nous ; nous aussi , nous devons donner notre vie pour les frères .
		Si quelqu ` un possède les biens du monde , et que , voyant son frère dans le besoin , il lui ferme ses entrailles , comment l ` amour de Dieu demeure - t - il en lui ?
		Petits enfants , n ` aimons pas en paroles et avec la langue , mais en actions et avec vérité .
		Par là nous connaîtrons que nous sommes de la vérité , et nous rassurerons nos coeurs devant lui ;
		car si notre coeur nous condamne , Dieu est plus grand que notre coeur , et il connaît toutes choses .
		Bien - aimés , si notre coeur ne nous condamne pas , nous avons de l ` assurance devant Dieu .
		Quoi que ce soit que nous demandions , nous le recevons de lui , parce que nous gardons ses commandements et que nous faisons ce qui lui est agréable .
		Et c ` est ici son commandement : que nous croyions au nom de son Fils Jésus Christ , et que nous nous aimions les uns les autres , selon le commandement qu ` il nous a donné .
		Celui qui garde ses commandements demeure en Dieu , et Dieu en lui ; et nous connaissons qu ` il demeure en nous par l ` Esprit qu ` il nous a donné .
	</text>
	<annotations>
		<annotation source="MCS" anchor="Voyez" bfScore="--" coherenceScore="--">bn:00093430v</annotation>
		<annotation source="BABELFY" anchor="amour" bfScore="0.7394359581383988" coherenceScore="0.7264957264957265">bn:00052121n</annotation>
		<annotation source="MCS" anchor="Père" bfScore="--" coherenceScore="--">bn:00009616n</annotation>
		<annotation source="MCS" anchor="témoigné" bfScore="--" coherenceScore="--">bn:00082915v</annotation>
		<annotation source="MCS" anchor="soyons" bfScore="--" coherenceScore="--">bn:00083187v</annotation>
		<annotation source="MCS" anchor="appelés" bfScore="--" coherenceScore="--">bn:00084386v</annotation>
		<annotation source="MCS" anchor="enfants" bfScore="--" coherenceScore="--">bn:00018346n</annotation>
		<annotation source="BABELFY" anchor="enfants de Dieu" bfScore="1.0" coherenceScore="0.1623931623931624">bn:03632740n</annotation>
		<annotation source="BABELFY" anchor="Dieu" bfScore="0.7749147129273427" coherenceScore="0.8717948717948718">bn:00040878n</annotation>
		<annotation source="MCS" anchor="monde" bfScore="--" coherenceScore="--">bn:00029428n</annotation>
		<annotation source="MCS" anchor="connaît" bfScore="--" coherenceScore="--">bn:00082272v</annotation>
		<annotation source="MCS" anchor="est" bfScore="--" coherenceScore="--">bn:00083187v</annotation>
		<annotation source="MCS" anchor="connu" bfScore="--" coherenceScore="--">bn:00082272v</annotation>
		<annotation source="BABELFY" anchor="Bien-aimés" bfScore="1.0" coherenceScore="0.05982905982905983">bn:00098224a</annotation>
		<annotation source="MCS" anchor="maintenant" bfScore="--" coherenceScore="--">bn:00114424r</annotation>
		<annotation source="MCS" anchor="serons" bfScore="--" coherenceScore="--">bn:00083187v</annotation>
		<annotation source="MCS" anchor="pas encore" bfScore="--" coherenceScore="--">bn:13692440r</annotation>
		<annotation source="BABELFY" anchor="encore" bfScore="0.7689075630252101" coherenceScore="0.2606837606837607">bn:00114171r</annotation>
		<annotation source="MCS" anchor="été" bfScore="--" coherenceScore="--">bn:00083187v</annotation>
		<annotation source="MCS" anchor="manifesté" bfScore="--" coherenceScore="--">bn:00092106v</annotation>
		<annotation source="MCS" anchor="savons" bfScore="--" coherenceScore="--">bn:00090142v</annotation>
		<annotation source="MCS" anchor="sera" bfScore="--" coherenceScore="--">bn:00083187v</annotation>
		<annotation source="MCS" anchor="semblables" bfScore="--" coherenceScore="--">bn:00096782a</annotation>
		<annotation source="MCS" anchor="verrons" bfScore="--" coherenceScore="--">bn:00093430v</annotation>
		<annotation source="MCS" anchor="espérance" bfScore="--" coherenceScore="--">bn:00044740n</annotation>
		<annotation source="MCS" anchor="purifie" bfScore="--" coherenceScore="--">bn:00092184v</annotation>
		<annotation source="MCS" anchor="pur" bfScore="--" coherenceScore="--">bn:00109244a</annotation>
		<annotation source="BABELFY" anchor="pèche" bfScore="0.9322709163346613" coherenceScore="0.16666666666666666">bn:00093756v</annotation>
		<annotation source="MCS" anchor="transgresse" bfScore="--" coherenceScore="--">bn:00091348v</annotation>
		<annotation source="MCS" anchor="loi" bfScore="--" coherenceScore="--">bn:00050249n</annotation>
		<annotation source="BABELFY" anchor="péché" bfScore="0.7188898157276106" coherenceScore="0.38461538461538464">bn:00071707n</annotation>
		<annotation source="BABELFY" anchor="transgression" bfScore="0.8103347034644744" coherenceScore="0.19230769230769232">bn:00032054n</annotation>
		<annotation source="MCS" anchor="Or" bfScore="--" coherenceScore="--">bn:00040921n</annotation>
		<annotation source="MCS" anchor="savez" bfScore="--" coherenceScore="--">bn:00090142v</annotation>
		<annotation source="BABELFY" anchor="Jésus" bfScore="0.8672175001078656" coherenceScore="0.782051282051282">bn:00018805n</annotation>
		<annotation source="MCS" anchor="paru" bfScore="--" coherenceScore="--">bn:00082693v</annotation>
		<annotation source="MCS" anchor="ôter" bfScore="--" coherenceScore="--">bn:00086944v</annotation>
		<annotation source="BABELFY" anchor="péchés" bfScore="0.7188898157276106" coherenceScore="0.38461538461538464">bn:00071707n</annotation>
		<annotation source="MCS" anchor="demeure" bfScore="--" coherenceScore="--">bn:00082138v</annotation>
		<annotation source="MCS" anchor="vu" bfScore="--" coherenceScore="--">bn:00093430v</annotation>
		<annotation source="MCS" anchor="Petits" bfScore="--" coherenceScore="--">bn:00106062a</annotation>
		<annotation source="MCS" anchor="personne" bfScore="--" coherenceScore="--">bn:00116349r</annotation>
		<annotation source="MCS" anchor="séduise" bfScore="--" coherenceScore="--">bn:00090574v</annotation>
		<annotation source="MCS" anchor="pratique" bfScore="--" coherenceScore="--">bn:00082711v</annotation>
		<annotation source="MCS" anchor="justice" bfScore="--" coherenceScore="--">bn:00048668n</annotation>
		<annotation source="MCS" anchor="juste" bfScore="--" coherenceScore="--">bn:00102719a</annotation>
		<annotation source="BABELFY" anchor="Fils de Dieu" bfScore="1.0" coherenceScore="0.1752136752136752">bn:02180469n</annotation>
		<annotation source="MCS" anchor="détruire" bfScore="--" coherenceScore="--">bn:00086699v</annotation>
		<annotation source="MCS" anchor="oeuvres" bfScore="--" coherenceScore="--">bn:00011767n</annotation>
		<annotation source="MCS" anchor="né" bfScore="--" coherenceScore="--">bn:00082281v</annotation>
		<annotation source="MCS" anchor="semence" bfScore="--" coherenceScore="--">bn:15142303n</annotation>
		<annotation source="MCS" anchor="peut" bfScore="--" coherenceScore="--">bn:13601970v</annotation>
		<annotation source="BABELFY" anchor="pécher" bfScore="0.9322709163346613" coherenceScore="0.16666666666666666">bn:00093756v</annotation>
		<annotation source="MCS" anchor="là" bfScore="--" coherenceScore="--">bn:00114427r</annotation>
		<annotation source="MCS" anchor="font" bfScore="--" coherenceScore="--">bn:00087107v</annotation>
		<annotation source="MCS" anchor="reconnaître" bfScore="--" coherenceScore="--">bn:00082272v</annotation>
		<annotation source="MCS" anchor="non" bfScore="--" coherenceScore="--">bn:00116350r</annotation>
		<annotation source="BABELFY" anchor="non plus" bfScore="1.0" coherenceScore="0.029914529914529916">bn:00115184r</annotation>
		<annotation source="MCS" anchor="plus" bfScore="--" coherenceScore="--">bn:00115880r</annotation>
		<annotation source="MCS" anchor="aime" bfScore="--" coherenceScore="--">bn:00090504v</annotation>
		<annotation source="MCS" anchor="frère" bfScore="--" coherenceScore="--">bn:00011357n</annotation>
		<annotation source="MCS" anchor="annoncé" bfScore="--" coherenceScore="--">bn:00082637v</annotation>
		<annotation source="MCS" anchor="avez" bfScore="--" coherenceScore="--">bn:00088733v</annotation>
		<annotation source="MCS" anchor="entendu" bfScore="--" coherenceScore="--">bn:00089277v</annotation>
		<annotation source="MCS" anchor="devons" bfScore="--" coherenceScore="--">bn:00091360v</annotation>
		<annotation source="MCS" anchor="aimer" bfScore="--" coherenceScore="--">bn:00090504v</annotation>
		<annotation source="BABELFY" anchor="uns" bfScore="0.9" coherenceScore="0.01282051282051282">bn:03296580n</annotation>
		<annotation source="BABELFY" anchor="autres" bfScore="0.9011976047904192" coherenceScore="0.1794871794871795">bn:00107268a</annotation>
		<annotation source="MCS" anchor="ressembler" bfScore="--" coherenceScore="--">bn:00092876v</annotation>
		<annotation source="BABELFY" anchor="ressembler à" bfScore="1.0" coherenceScore="0.24358974358974358">bn:00092876v</annotation>
		<annotation source="MCS" anchor="était" bfScore="--" coherenceScore="--">bn:00083187v</annotation>
		<annotation source="MCS" anchor="tua" bfScore="--" coherenceScore="--">bn:00090098v</annotation>
		<annotation source="MCS" anchor="pourquoi" bfScore="--" coherenceScore="--">bn:13757536r</annotation>
		<annotation source="MCS" anchor="étaient" bfScore="--" coherenceScore="--">bn:00083187v</annotation>
		<annotation source="BABELFY" anchor="mauvaises" bfScore="0.7357440890125174" coherenceScore="0.19658119658119658">bn:00097972a</annotation>
		<annotation source="MCS" anchor="justes" bfScore="--" coherenceScore="--">bn:00102719a</annotation>
		<annotation source="MCS" anchor="étonnez" bfScore="--" coherenceScore="--">bn:00082567v</annotation>
		<annotation source="MCS" anchor="frères" bfScore="--" coherenceScore="--">bn:00011357n</annotation>
		<annotation source="BABELFY" anchor="hait" bfScore="1.0" coherenceScore="0.16666666666666666">bn:00086717v</annotation>
		<annotation source="MCS" anchor="passés" bfScore="--" coherenceScore="--">bn:00091458v</annotation>
		<annotation source="MCS" anchor="mort" bfScore="--" coherenceScore="--">bn:00025582n</annotation>
		<annotation source="BABELFY" anchor="vie" bfScore="0.7657895274898281" coherenceScore="0.5213675213675214">bn:00051054n</annotation>
		<annotation source="MCS" anchor="aimons" bfScore="--" coherenceScore="--">bn:00090504v</annotation>
		<annotation source="BABELFY" anchor="demeure" bfScore="0.7619047619047619" coherenceScore="0.10256410256410256">bn:00000356n</annotation>
		<annotation source="MCS" anchor="meurtrier" bfScore="--" coherenceScore="--">bn:00051488n</annotation>
		<annotation source="MCS" anchor="vie éternelle" bfScore="--" coherenceScore="--">bn:02659563n</annotation>
		<annotation source="MCS" anchor="éternelle" bfScore="--" coherenceScore="--">bn:00096562a</annotation>
		<annotation source="MCS" anchor="demeurant" bfScore="--" coherenceScore="--">bn:00082138v</annotation>
		<annotation source="MCS" anchor="avons" bfScore="--" coherenceScore="--">bn:00088733v</annotation>
		<annotation source="MCS" anchor="donné" bfScore="--" coherenceScore="--">bn:00088815v</annotation>
		<annotation source="MCS" anchor="aussi" bfScore="--" coherenceScore="--">bn:00114246r</annotation>
		<annotation source="MCS" anchor="donner" bfScore="--" coherenceScore="--">bn:00088815v</annotation>
		<annotation source="BABELFY" anchor="Si" bfScore="1.0" coherenceScore="0.008547008547008548">bn:00117043r</annotation>
		<annotation source="MCS" anchor="possède" bfScore="--" coherenceScore="--">bn:00089241v</annotation>
		<annotation source="MCS" anchor="biens" bfScore="--" coherenceScore="--">bn:00041061n</annotation>
		<annotation source="MCS" anchor="voyant" bfScore="--" coherenceScore="--">bn:00093430v</annotation>
		<annotation source="MCS" anchor="besoin" bfScore="--" coherenceScore="--">bn:00057164n</annotation>
		<annotation source="MCS" anchor="ferme" bfScore="--" coherenceScore="--">bn:00085162v</annotation>
		<annotation source="MCS" anchor="entrailles" bfScore="--" coherenceScore="--">bn:00031043n</annotation>
		<annotation source="MCS" anchor="comment" bfScore="--" coherenceScore="--">bn:13703917r</annotation>
		<annotation source="BABELFY" anchor="amour de Dieu" bfScore="1.0" coherenceScore="0.15384615384615385">bn:02941147n</annotation>
		<annotation source="BABELFY" anchor="paroles" bfScore="0.7412549706814046" coherenceScore="0.3333333333333333">bn:00049911n</annotation>
		<annotation source="MCS" anchor="langue" bfScore="--" coherenceScore="--">bn:00019439n</annotation>
		<annotation source="MCS" anchor="actions" bfScore="--" coherenceScore="--">bn:00001130n</annotation>
		<annotation source="BABELFY" anchor="vérité" bfScore="0.947105273600254" coherenceScore="0.4358974358974359">bn:00072816n</annotation>
		<annotation source="MCS" anchor="connaîtrons" bfScore="--" coherenceScore="--">bn:00082272v</annotation>
		<annotation source="MCS" anchor="rassurerons" bfScore="--" coherenceScore="--">bn:00092461v</annotation>
		<annotation source="MCS" anchor="coeurs" bfScore="--" coherenceScore="--">bn:00043383n</annotation>
		<annotation source="MCS" anchor="coeur" bfScore="--" coherenceScore="--">bn:00043383n</annotation>
		<annotation source="MCS" anchor="condamne" bfScore="--" coherenceScore="--">bn:00085548v</annotation>
		<annotation source="BABELFY" anchor="plus grand" bfScore="1.0" coherenceScore="0.05982905982905983">bn:00102658a</annotation>
		<annotation source="MCS" anchor="grand" bfScore="--" coherenceScore="--">bn:00111630a</annotation>
		<annotation source="MCS" anchor="choses" bfScore="--" coherenceScore="--">bn:00076925n</annotation>
		<annotation source="MCS" anchor="assurance" bfScore="--" coherenceScore="--">bn:00046996n</annotation>
		<annotation source="MCS" anchor="soit" bfScore="--" coherenceScore="--">bn:00083187v</annotation>
		<annotation source="MCS" anchor="demandions" bfScore="--" coherenceScore="--">bn:00082817v</annotation>
		<annotation source="MCS" anchor="recevons" bfScore="--" coherenceScore="--">bn:00089246v</annotation>
		<annotation source="MCS" anchor="gardons" bfScore="--" coherenceScore="--">bn:00089407v</annotation>
		<annotation source="MCS" anchor="commandements" bfScore="--" coherenceScore="--">bn:00020960n</annotation>
		<annotation source="MCS" anchor="faisons" bfScore="--" coherenceScore="--">bn:00087107v</annotation>
		<annotation source="MCS" anchor="agréable" bfScore="--" coherenceScore="--">bn:00108680a</annotation>
		<annotation source="MCS" anchor="ici" bfScore="--" coherenceScore="--">bn:00115641r</annotation>
		<annotation source="MCS" anchor="commandement" bfScore="--" coherenceScore="--">bn:00020960n</annotation>
		<annotation source="MCS" anchor="croyions" bfScore="--" coherenceScore="--">bn:00083369v</annotation>
		<annotation source="MCS" anchor="nom" bfScore="--" coherenceScore="--">bn:00056758n</annotation>
		<annotation source="BABELFY" anchor="Jésus Christ" bfScore="1.0" coherenceScore="0.7863247863247863">bn:00018805n</annotation>
		<annotation source="BABELFY" anchor="Christ" bfScore="0.9998607447697374" coherenceScore="0.782051282051282">bn:00018805n</annotation>
		<annotation source="MCS" anchor="aimions" bfScore="--" coherenceScore="--">bn:00090504v</annotation>
		<annotation source="MCS" anchor="garde" bfScore="--" coherenceScore="--">bn:00089407v</annotation>
		<annotation source="MCS" anchor="connaissons" bfScore="--" coherenceScore="--">bn:00082272v</annotation>
		<annotation source="MCS" anchor="Esprit" bfScore="--" coherenceScore="--">bn:00012681n</annotation>
	</annotations>
</paragraph>
<paragraph id="p.4">
	<text>
		Bien - aimés , n ` ajoutez pas foi à tout esprit ; mais éprouvez les esprits , pour savoir s ` ils sont de Dieu , car plusieurs faux prophètes sont venus dans le monde .
		Reconnaissez à ceci l ` Esprit de Dieu : tout esprit qui confesse Jésus Christ venu en chair est de Dieu ;
		et tout esprit qui ne confesse pas Jésus n ` est pas de Dieu , c ` est celui de l ` antéchrist , dont vous avez appris la venue , et qui maintenant est déjà dans le monde .
		Vous , petits enfants , vous êtes de Dieu , et vous les avez vaincus , parce que celui qui est en vous est plus grand que celui qui est dans le monde .
		Eux , ils sont du monde ; c ` est pourquoi ils parlent d ` après le monde , et le monde les écoute .
		Nous , nous sommes de Dieu ; celui qui connaît Dieu nous écoute ; celui qui n ` est pas de Dieu ne nous écoute pas : c ` est par là que nous connaissons l ` esprit de la vérité et l ` esprit de l ` erreur .
		Bien - aimés , aimons nous les uns les autres ; car l ` amour est de Dieu , et quiconque aime est né de Dieu et connaît Dieu .
		Celui qui n ` aime pas n ` a pas connu Dieu , car Dieu est amour .
		L ` amour de Dieu a été manifesté envers nous en ce que Dieu a envoyé son Fils unique dans le monde , afin que nous vivions par lui .
		Et cet amour consiste , non point en ce que nous avons aimé Dieu , mais en ce qu ` il nous a aimés et a envoyé son Fils comme victime expiatoire pour nos péchés .
		Bien - aimés , si Dieu nous a ainsi aimés , nous devons aussi nous aimer les uns les autres .
		Personne n ` a jamais vu Dieu ; si nous nous aimons les uns les autres , Dieu demeure en nous , et son amour est parfait en nous .
		Nous connaissons que nous demeurons en lui , et qu ` il demeure en nous , en ce qu ` il nous a donné de son Esprit .
		Et nous , nous avons vu et nous attestons que le Père a envoyé le Fils comme Sauveur du monde .
		Celui qui confessera que Jésus est le Fils de Dieu , Dieu demeure en lui , et lui en Dieu .
		Et nous , nous avons connu l ` amour que Dieu a pour nous , et nous y avons cru . Dieu est amour ; et celui qui demeure dans l ` amour demeure en Dieu , et Dieu demeure en lui .
		Tel il est , tels nous sommes aussi dans ce monde : c ` est en cela que l ` amour est parfait en nous , afin que nous ayons de l ` assurance au jour du jugement .
		La crainte n ` est pas dans l ` amour , mais l ` amour parfait bannit la crainte ; car la crainte suppose un châtiment , et celui qui craint n ` est pas parfait dans l ` amour .
		Pour nous , nous l ` aimons , parce qu ` il nous a aimés le premier .
		Si quelqu ` un dit : J ` aime Dieu , et qu ` il haïsse son frère , c ` est un menteur ; car celui qui n ` aime pas son frère qu ` il voit , comment peut - il aimer Dieu qu ` il ne voit pas ?
		Et nous avons de lui ce commandement : que celui qui aime Dieu aime aussi son frère .
	</text>
	<annotations>
		<annotation source="BABELFY" anchor="Bien-aimés" bfScore="1.0" coherenceScore="0.11790393013100436">bn:00098224a</annotation>
		<annotation source="MCS" anchor="ajoutez" bfScore="--" coherenceScore="--">bn:00082317v</annotation>
		<annotation source="BABELFY" anchor="foi" bfScore="0.8191228851291185" coherenceScore="0.8646288209606987">bn:00032768n</annotation>
		<annotation source="MCS" anchor="esprit" bfScore="--" coherenceScore="--">bn:00012681n</annotation>
		<annotation source="MCS" anchor="éprouvez" bfScore="--" coherenceScore="--">bn:00087864v</annotation>
		<annotation source="MCS" anchor="esprits" bfScore="--" coherenceScore="--">bn:00012681n</annotation>
		<annotation source="MCS" anchor="savoir" bfScore="--" coherenceScore="--">bn:00090142v</annotation>
		<annotation source="MCS" anchor="sont" bfScore="--" coherenceScore="--">bn:00083187v</annotation>
		<annotation source="BABELFY" anchor="faux" bfScore="0.7507055503292568" coherenceScore="0.24890829694323144">bn:00102752a</annotation>
		<annotation source="BABELFY" anchor="faux prophètes" bfScore="0.7603017642992396" coherenceScore="0.27074235807860264">bn:00064759n</annotation>
		<annotation source="MCS" anchor="prophètes" bfScore="--" coherenceScore="--">bn:00064759n</annotation>
		<annotation source="MCS" anchor="venus" bfScore="--" coherenceScore="--">bn:00085322v</annotation>
		<annotation source="MCS" anchor="monde" bfScore="--" coherenceScore="--">bn:00029428n</annotation>
		<annotation source="MCS" anchor="Reconnaissez" bfScore="--" coherenceScore="--">bn:00082272v</annotation>
		<annotation source="MCS" anchor="Esprit" bfScore="--" coherenceScore="--">bn:00012681n</annotation>
		<annotation source="MCS" anchor="confesse" bfScore="--" coherenceScore="--">bn:00085511v</annotation>
		<annotation source="BABELFY" anchor="Jésus" bfScore="0.783282198272963" coherenceScore="0.7248908296943232">bn:00018805n</annotation>
		<annotation source="BABELFY" anchor="Jésus Christ" bfScore="1.0" coherenceScore="0.7292576419213974">bn:00018805n</annotation>
		<annotation source="BABELFY" anchor="Christ" bfScore="0.999725062515547" coherenceScore="0.7248908296943232">bn:00018805n</annotation>
		<annotation source="MCS" anchor="venu" bfScore="--" coherenceScore="--">bn:00085322v</annotation>
		<annotation source="MCS" anchor="chair" bfScore="--" coherenceScore="--">bn:00035182n</annotation>
		<annotation source="MCS" anchor="est" bfScore="--" coherenceScore="--">bn:00083187v</annotation>
		<annotation source="BABELFY" anchor="antéchrist" bfScore="1.0" coherenceScore="0.2794759825327511">bn:00004634n</annotation>
		<annotation source="MCS" anchor="avez" bfScore="--" coherenceScore="--">bn:00088733v</annotation>
		<annotation source="MCS" anchor="appris" bfScore="--" coherenceScore="--">bn:00082281v</annotation>
		<annotation source="MCS" anchor="maintenant" bfScore="--" coherenceScore="--">bn:00114424r</annotation>
		<annotation source="MCS" anchor="déjà" bfScore="--" coherenceScore="--">bn:00114245r</annotation>
		<annotation source="MCS" anchor="petits" bfScore="--" coherenceScore="--">bn:00106062a</annotation>
		<annotation source="MCS" anchor="enfants" bfScore="--" coherenceScore="--">bn:00018346n</annotation>
		<annotation source="MCS" anchor="êtes" bfScore="--" coherenceScore="--">bn:00083187v</annotation>
		<annotation source="MCS" anchor="vaincus" bfScore="--" coherenceScore="--">bn:00083247v</annotation>
		<annotation source="BABELFY" anchor="plus" bfScore="0.7167468963769952" coherenceScore="0.17903930131004367">bn:00114303r</annotation>
		<annotation source="BABELFY" anchor="plus grand" bfScore="1.0" coherenceScore="0.13973799126637554">bn:00102658a</annotation>
		<annotation source="MCS" anchor="grand" bfScore="--" coherenceScore="--">bn:00111630a</annotation>
		<annotation source="MCS" anchor="pourquoi" bfScore="--" coherenceScore="--">bn:13757536r</annotation>
		<annotation source="MCS" anchor="parlent" bfScore="--" coherenceScore="--">bn:00094090v</annotation>
		<annotation source="BABELFY" anchor="écoute" bfScore="0.8225806451612904" coherenceScore="0.1572052401746725">bn:05022190n</annotation>
		<annotation source="MCS" anchor="connaît" bfScore="--" coherenceScore="--">bn:00082272v</annotation>
		<annotation source="BABELFY" anchor="écoute" bfScore="0.780439121756487" coherenceScore="0.07423580786026202">bn:00090400v</annotation>
		<annotation source="MCS" anchor="là" bfScore="--" coherenceScore="--">bn:00114427r</annotation>
		<annotation source="MCS" anchor="connaissons" bfScore="--" coherenceScore="--">bn:00082272v</annotation>
		<annotation source="BABELFY" anchor="vérité" bfScore="0.9493653816980464" coherenceScore="0.6593886462882096">bn:00072816n</annotation>
		<annotation source="MCS" anchor="erreur" bfScore="--" coherenceScore="--">bn:00031485n</annotation>
		<annotation source="MCS" anchor="aimons" bfScore="--" coherenceScore="--">bn:00090504v</annotation>
		<annotation source="MCS" anchor="autres" bfScore="--" coherenceScore="--">bn:00101268a</annotation>
		<annotation source="MCS" anchor="amour" bfScore="--" coherenceScore="--">bn:00052121n</annotation>
		<annotation source="MCS" anchor="aime" bfScore="--" coherenceScore="--">bn:00090504v</annotation>
		<annotation source="MCS" anchor="né" bfScore="--" coherenceScore="--">bn:00082281v</annotation>
		<annotation source="MCS" anchor="connu" bfScore="--" coherenceScore="--">bn:00082272v</annotation>
		<annotation source="BABELFY" anchor="Dieu est amour" bfScore="1.0" coherenceScore="0.27074235807860264">bn:02941147n</annotation>
		<annotation source="BABELFY" anchor="amour de Dieu" bfScore="1.0" coherenceScore="0.27074235807860264">bn:02941147n</annotation>
		<annotation source="MCS" anchor="été" bfScore="--" coherenceScore="--">bn:00083187v</annotation>
		<annotation source="MCS" anchor="manifesté" bfScore="--" coherenceScore="--">bn:00092106v</annotation>
		<annotation source="MCS" anchor="envoyé" bfScore="--" coherenceScore="--">bn:00093485v</annotation>
		<annotation source="BABELFY" anchor="Fils unique" bfScore="1.0" coherenceScore="0.09170305676855896">bn:01302499n</annotation>
		<annotation source="MCS" anchor="unique" bfScore="--" coherenceScore="--">bn:00110682a</annotation>
		<annotation source="MCS" anchor="vivions" bfScore="--" coherenceScore="--">bn:00087617v</annotation>
		<annotation source="BABELFY" anchor="consiste" bfScore="0.797530228968356" coherenceScore="0.17467248908296942">bn:00085658v</annotation>
		<annotation source="MCS" anchor="non" bfScore="--" coherenceScore="--">bn:00116350r</annotation>
		<annotation source="MCS" anchor="avons" bfScore="--" coherenceScore="--">bn:00088733v</annotation>
		<annotation source="MCS" anchor="aimé" bfScore="--" coherenceScore="--">bn:00090504v</annotation>
		<annotation source="MCS" anchor="aimés" bfScore="--" coherenceScore="--">bn:00090504v</annotation>
		<annotation source="MCS" anchor="victime" bfScore="--" coherenceScore="--">bn:00079940n</annotation>
		<annotation source="BABELFY" anchor="victime expiatoire" bfScore="1.0" coherenceScore="0.19213973799126638">bn:00069508n</annotation>
		<annotation source="BABELFY" anchor="expiatoire" bfScore="1.0" coherenceScore="0.19213973799126638">bn:00102583a</annotation>
		<annotation source="MCS" anchor="péchés" bfScore="--" coherenceScore="--">bn:00071707n</annotation>
		<annotation source="MCS" anchor="ainsi" bfScore="--" coherenceScore="--">bn:00117048r</annotation>
		<annotation source="MCS" anchor="devons" bfScore="--" coherenceScore="--">bn:00091360v</annotation>
		<annotation source="MCS" anchor="aussi" bfScore="--" coherenceScore="--">bn:00114246r</annotation>
		<annotation source="MCS" anchor="aimer" bfScore="--" coherenceScore="--">bn:00090504v</annotation>
		<annotation source="MCS" anchor="Personne" bfScore="--" coherenceScore="--">bn:00116349r</annotation>
		<annotation source="BABELFY" anchor="jamais" bfScore="0.9529481834425253" coherenceScore="0.17467248908296942">bn:00116326r</annotation>
		<annotation source="MCS" anchor="vu" bfScore="--" coherenceScore="--">bn:00093430v</annotation>
		<annotation source="MCS" anchor="demeure" bfScore="--" coherenceScore="--">bn:00082138v</annotation>
		<annotation source="BABELFY" anchor="parfait" bfScore="1.0" coherenceScore="0.008733624454148471">bn:00089443v</annotation>
		<annotation source="MCS" anchor="demeurons" bfScore="--" coherenceScore="--">bn:00082138v</annotation>
		<annotation source="MCS" anchor="donné" bfScore="--" coherenceScore="--">bn:00088815v</annotation>
		<annotation source="MCS" anchor="attestons" bfScore="--" coherenceScore="--">bn:00082914v</annotation>
		<annotation source="MCS" anchor="Père" bfScore="--" coherenceScore="--">bn:00009616n</annotation>
		<annotation source="BABELFY" anchor="Sauveur" bfScore="1.0" coherenceScore="0.2052401746724891">bn:00026062n</annotation>
		<annotation source="MCS" anchor="confessera" bfScore="--" coherenceScore="--">bn:00085511v</annotation>
		<annotation source="BABELFY" anchor="Fils de Dieu" bfScore="1.0" coherenceScore="0.2576419213973799">bn:02180469n</annotation>
		<annotation source="MCS" anchor="cru" bfScore="--" coherenceScore="--">bn:00083369v</annotation>
		<annotation source="MCS" anchor="ayons" bfScore="--" coherenceScore="--">bn:00088733v</annotation>
		<annotation source="MCS" anchor="assurance" bfScore="--" coherenceScore="--">bn:00046996n</annotation>
		<annotation source="MCS" anchor="jour" bfScore="--" coherenceScore="--">bn:00000086n</annotation>
		<annotation source="BABELFY" anchor="jour du jugement" bfScore="1.0" coherenceScore="0.3056768558951965">bn:00023469n</annotation>
		<annotation source="MCS" anchor="jugement" bfScore="--" coherenceScore="--">bn:00048493n</annotation>
		<annotation source="MCS" anchor="crainte" bfScore="--" coherenceScore="--">bn:00007503n</annotation>
		<annotation source="MCS" anchor="parfait" bfScore="--" coherenceScore="--">bn:00108442a</annotation>
		<annotation source="BABELFY" anchor="bannit" bfScore="0.8547008547008547" coherenceScore="0.043668122270742356">bn:00083066v</annotation>
		<annotation source="MCS" anchor="suppose" bfScore="--" coherenceScore="--">bn:00082872v</annotation>
		<annotation source="MCS" anchor="châtiment" bfScore="--" coherenceScore="--">bn:00017934n</annotation>
		<annotation source="MCS" anchor="craint" bfScore="--" coherenceScore="--">bn:00088065v</annotation>
		<annotation source="BABELFY" anchor="premier" bfScore="0.8993606929263765" coherenceScore="0.21397379912663755">bn:00034738n</annotation>
		<annotation source="BABELFY" anchor="Si" bfScore="1.0" coherenceScore="0.03056768558951965">bn:00117043r</annotation>
		<annotation source="MCS" anchor="dit" bfScore="--" coherenceScore="--">bn:03942039n</annotation>
		<annotation source="BABELFY" anchor="Dieu" bfScore="0.7620399012401737" coherenceScore="0.8558951965065502">bn:00040878n</annotation>
		<annotation source="BABELFY" anchor="haïsse" bfScore="1.0" coherenceScore="0.2663755458515284">bn:00086717v</annotation>
		<annotation source="MCS" anchor="frère" bfScore="--" coherenceScore="--">bn:00011357n</annotation>
		<annotation source="MCS" anchor="menteur" bfScore="--" coherenceScore="--">bn:00050928n</annotation>
		<annotation source="MCS" anchor="voit" bfScore="--" coherenceScore="--">bn:00093430v</annotation>
		<annotation source="MCS" anchor="comment" bfScore="--" coherenceScore="--">bn:13703917r</annotation>
		<annotation source="BABELFY" anchor="peut" bfScore="0.9642857142857143" coherenceScore="0.013100436681222707">bn:00084451v</annotation>
		<annotation source="MCS" anchor="commandement" bfScore="--" coherenceScore="--">bn:00020960n</annotation>
	</annotations>
</paragraph>
<paragraph id="p.5">
	<text>
		Quiconque croit que Jésus est le Christ , est né de Dieu , et quiconque aime celui qui l ` a engendré aime aussi celui qui est né de lui .
		Nous connaissons que nous aimons les enfants de Dieu , lorsque nous aimons Dieu , et que nous pratiquons ses commandements .
		Car l ` amour de Dieu consiste a garder ses commandements . Et ses commandements ne sont pas pénibles ,
		parce que tout ce qui est né de Dieu triomphe du monde ; et la victoire qui triomphe du monde , c ` est notre foi .
		Qui est celui qui a triomphé du monde , sinon celui qui croit que Jésus est le Fils de Dieu ?
		C ` est lui , Jésus Christ , qui est venu avec de l ` eau et du sang ; non avec l ` eau seulement , mais avec l ` eau et avec le sang ; et c ` est l ` Esprit qui rend témoignage , parce que l ` Esprit est la vérité .
		Car il y en a trois qui rendent témoignage :
		l ` Esprit , l ` eau et le sang , et les trois sont d ` accord .
		Si nous recevons le témoignage des hommes , le témoignage de Dieu est plus grand ; car le témoignage de Dieu consiste en ce qu ` il a rendu témoignage à son Fils .
		Celui qui croit au Fils de Dieu a ce témoignage en lui - même ; celui qui ne croit pas Dieu le fait menteur , puisqu ` il ne croit pas au témoignage que Dieu a rendu à son Fils .
		Et voici ce témoignage , c ` est que Dieu nous a donné la vie éternelle , et que cette vie est dans son Fils .
		Celui qui a le Fils a la vie ; celui qui n ` a pas le Fils de Dieu n ` a pas la vie .
		Je vous ai écrit ces choses , afin que vous sachiez que vous avez la vie éternelle , vous qui croyez au nom du Fils de Dieu .
		Nous avons auprès de lui cette assurance , que si nous demandons quelque chose selon sa volonté , il nous écoute .
		Et si nous savons qu ` il nous écoute , quelque chose que nous demandions , nous savons que nous possédons la chose que nous lui avons demandée .
		Si quelqu ` un voit son frère commettre un péché qui ne mène point à la mort , qu ` il prie , et Dieu donnera la vie à ce frère , il l ` a donnera à ceux qui commettent un péché qui ne mène point à la mort . Il y a un péché qui mène à la mort ; ce n ` est pas pour ce péché - là que je dis de prier .
		Toute iniquité est un péché , et il y a tel péché qui ne mène pas à la mort .
		Nous savons que quiconque est né de Dieu ne pèche point ; mais celui qui est né de Dieu se garde lui - même , et le malin ne le touche pas .
		Nous savons que nous sommes de Dieu , et que le monde entier est sous la puissance du malin .
		Nous savons aussi que le Fils de Dieu est venu , et qu ` il nous a donné l ` intelligence pour connaître le Véritable ; et nous sommes dans le Véritable , en son Fils Jésus Christ .
		C ` est lui qui est le Dieu véritable , et la vie éternelle . Petits enfants , gardez - vous des idoles .
	</text>
	<annotations>
		<annotation source="MCS" anchor="croit" bfScore="--" coherenceScore="--">bn:00083369v</annotation>
		<annotation source="BABELFY" anchor="Jésus" bfScore="0.7645020629657665" coherenceScore="0.7982456140350878">bn:00018805n</annotation>
		<annotation source="MCS" anchor="est" bfScore="--" coherenceScore="--">bn:00083187v</annotation>
		<annotation source="BABELFY" anchor="Christ" bfScore="0.9991644281166486" coherenceScore="0.7982456140350878">bn:00018805n</annotation>
		<annotation source="MCS" anchor="né" bfScore="--" coherenceScore="--">bn:00082281v</annotation>
		<annotation source="MCS" anchor="aime" bfScore="--" coherenceScore="--">bn:00090504v</annotation>
		<annotation source="MCS" anchor="engendré" bfScore="--" coherenceScore="--">bn:00084031v</annotation>
		<annotation source="BABELFY" anchor="aussi" bfScore="0.8506151142355008" coherenceScore="0.09649122807017543">bn:00116290r</annotation>
		<annotation source="MCS" anchor="connaissons" bfScore="--" coherenceScore="--">bn:00082272v</annotation>
		<annotation source="MCS" anchor="aimons" bfScore="--" coherenceScore="--">bn:00090504v</annotation>
		<annotation source="MCS" anchor="enfants" bfScore="--" coherenceScore="--">bn:00018346n</annotation>
		<annotation source="BABELFY" anchor="enfants de Dieu" bfScore="1.0" coherenceScore="0.2236842105263158">bn:03632740n</annotation>
		<annotation source="MCS" anchor="pratiquons" bfScore="--" coherenceScore="--">bn:00082711v</annotation>
		<annotation source="MCS" anchor="commandements" bfScore="--" coherenceScore="--">bn:00020960n</annotation>
		<annotation source="BABELFY" anchor="amour" bfScore="0.7666273951896145" coherenceScore="0.6798245614035088">bn:00052121n</annotation>
		<annotation source="BABELFY" anchor="amour de Dieu" bfScore="1.0" coherenceScore="0.22807017543859648">bn:02941147n</annotation>
		<annotation source="MCS" anchor="consiste" bfScore="--" coherenceScore="--">bn:00085659v</annotation>
		<annotation source="MCS" anchor="garder" bfScore="--" coherenceScore="--">bn:00089407v</annotation>
		<annotation source="MCS" anchor="sont" bfScore="--" coherenceScore="--">bn:00083187v</annotation>
		<annotation source="MCS" anchor="pénibles" bfScore="--" coherenceScore="--">bn:00096611a</annotation>
		<annotation source="BABELFY" anchor="triomphe" bfScore="0.9743589743589743" coherenceScore="0.14912280701754385">bn:00092006v</annotation>
		<annotation source="MCS" anchor="monde" bfScore="--" coherenceScore="--">bn:00029428n</annotation>
		<annotation source="MCS" anchor="victoire" bfScore="--" coherenceScore="--">bn:00078365n</annotation>
		<annotation source="BABELFY" anchor="foi" bfScore="0.7849878341239694" coherenceScore="0.8859649122807017">bn:00032768n</annotation>
		<annotation source="BABELFY" anchor="triomphé" bfScore="1.0" coherenceScore="0.008771929824561403">bn:00082789v</annotation>
		<annotation source="BABELFY" anchor="Fils de" bfScore="1.0" coherenceScore="0.0043859649122807015">bn:15806605n</annotation>
		<annotation source="BABELFY" anchor="Fils de Dieu" bfScore="1.0" coherenceScore="0.2719298245614035">bn:02180469n</annotation>
		<annotation source="BABELFY" anchor="Jésus Christ" bfScore="1.0" coherenceScore="0.8026315789473685">bn:00018805n</annotation>
		<annotation source="MCS" anchor="venu" bfScore="--" coherenceScore="--">bn:00085322v</annotation>
		<annotation source="MCS" anchor="eau" bfScore="--" coherenceScore="--">bn:00042379n</annotation>
		<annotation source="MCS" anchor="sang" bfScore="--" coherenceScore="--">bn:00011346n</annotation>
		<annotation source="MCS" anchor="non" bfScore="--" coherenceScore="--">bn:00116350r</annotation>
		<annotation source="BABELFY" anchor="seulement" bfScore="0.9953550099535501" coherenceScore="0.32894736842105265">bn:00114626r</annotation>
		<annotation source="MCS" anchor="Esprit" bfScore="--" coherenceScore="--">bn:00012681n</annotation>
		<annotation source="MCS" anchor="rend" bfScore="--" coherenceScore="--">bn:00092791v</annotation>
		<annotation source="MCS" anchor="témoignage" bfScore="--" coherenceScore="--">bn:00076677n</annotation>
		<annotation source="BABELFY" anchor="vérité" bfScore="0.9446028985507247" coherenceScore="0.5877192982456141">bn:00072816n</annotation>
		<annotation source="MCS" anchor="rendent" bfScore="--" coherenceScore="--">bn:00092791v</annotation>
		<annotation source="MCS" anchor="accord" bfScore="--" coherenceScore="--">bn:00002086n</annotation>
		<annotation source="MCS" anchor="recevons" bfScore="--" coherenceScore="--">bn:00089246v</annotation>
		<annotation source="MCS" anchor="hommes" bfScore="--" coherenceScore="--">bn:00044576n</annotation>
		<annotation source="MCS" anchor="plus" bfScore="--" coherenceScore="--">bn:00115880r</annotation>
		<annotation source="MCS" anchor="plus grand" bfScore="--" coherenceScore="--">bn:00105743a</annotation>
		<annotation source="MCS" anchor="grand" bfScore="--" coherenceScore="--">bn:00111630a</annotation>
		<annotation source="MCS" anchor="rendu" bfScore="--" coherenceScore="--">bn:00092791v</annotation>
		<annotation source="MCS" anchor="fait" bfScore="--" coherenceScore="--">bn:00032655n</annotation>
		<annotation source="MCS" anchor="menteur" bfScore="--" coherenceScore="--">bn:00106593a</annotation>
		<annotation source="BABELFY" anchor="voici" bfScore="1.0" coherenceScore="0.03508771929824561">bn:00114427r</annotation>
		<annotation source="MCS" anchor="donné" bfScore="--" coherenceScore="--">bn:00088815v</annotation>
		<annotation source="BABELFY" anchor="vie" bfScore="0.8021960066664489" coherenceScore="0.5964912280701754">bn:00051054n</annotation>
		<annotation source="MCS" anchor="vie éternelle" bfScore="--" coherenceScore="--">bn:02659563n</annotation>
		<annotation source="MCS" anchor="éternelle" bfScore="--" coherenceScore="--">bn:00096562a</annotation>
		<annotation source="MCS" anchor="ai" bfScore="--" coherenceScore="--">bn:00088733v</annotation>
		<annotation source="MCS" anchor="écrit" bfScore="--" coherenceScore="--">bn:00092123v</annotation>
		<annotation source="MCS" anchor="choses" bfScore="--" coherenceScore="--">bn:00076925n</annotation>
		<annotation source="MCS" anchor="sachiez" bfScore="--" coherenceScore="--">bn:00090142v</annotation>
		<annotation source="MCS" anchor="avez" bfScore="--" coherenceScore="--">bn:00088733v</annotation>
		<annotation source="MCS" anchor="croyez" bfScore="--" coherenceScore="--">bn:00083369v</annotation>
		<annotation source="MCS" anchor="nom" bfScore="--" coherenceScore="--">bn:00056758n</annotation>
		<annotation source="MCS" anchor="avons" bfScore="--" coherenceScore="--">bn:00088733v</annotation>
		<annotation source="MCS" anchor="assurance" bfScore="--" coherenceScore="--">bn:00046996n</annotation>
		<annotation source="MCS" anchor="demandons" bfScore="--" coherenceScore="--">bn:00082817v</annotation>
		<annotation source="MCS" anchor="chose" bfScore="--" coherenceScore="--">bn:00076925n</annotation>
		<annotation source="MCS" anchor="volonté" bfScore="--" coherenceScore="--">bn:00081239n</annotation>
		<annotation source="MCS" anchor="écoute" bfScore="--" coherenceScore="--">bn:00089280v</annotation>
		<annotation source="MCS" anchor="savons" bfScore="--" coherenceScore="--">bn:00090142v</annotation>
		<annotation source="MCS" anchor="demandions" bfScore="--" coherenceScore="--">bn:00082817v</annotation>
		<annotation source="MCS" anchor="possédons" bfScore="--" coherenceScore="--">bn:00089241v</annotation>
		<annotation source="MCS" anchor="demandée" bfScore="--" coherenceScore="--">bn:00082817v</annotation>
		<annotation source="BABELFY" anchor="Si" bfScore="1.0" coherenceScore="0.008771929824561403">bn:00117043r</annotation>
		<annotation source="MCS" anchor="voit" bfScore="--" coherenceScore="--">bn:00093430v</annotation>
		<annotation source="MCS" anchor="frère" bfScore="--" coherenceScore="--">bn:00011357n</annotation>
		<annotation source="MCS" anchor="commettre" bfScore="--" coherenceScore="--">bn:00085426v</annotation>
		<annotation source="MCS" anchor="péché" bfScore="--" coherenceScore="--">bn:00071707n</annotation>
		<annotation source="MCS" anchor="mène" bfScore="--" coherenceScore="--">bn:00084593v</annotation>
		<annotation source="MCS" anchor="mort" bfScore="--" coherenceScore="--">bn:00025582n</annotation>
		<annotation source="MCS" anchor="prie" bfScore="--" coherenceScore="--">bn:00091921v</annotation>
		<annotation source="MCS" anchor="donnera" bfScore="--" coherenceScore="--">bn:00088815v</annotation>
		<annotation source="MCS" anchor="commettent" bfScore="--" coherenceScore="--">bn:00085426v</annotation>
		<annotation source="MCS" anchor="dis" bfScore="--" coherenceScore="--">bn:00093287v</annotation>
		<annotation source="MCS" anchor="prier" bfScore="--" coherenceScore="--">bn:00091921v</annotation>
		<annotation source="BABELFY" anchor="iniquité" bfScore="1.0" coherenceScore="0.017543859649122806">bn:01267367n</annotation>
		<annotation source="BABELFY" anchor="pèche" bfScore="0.9806807727690893" coherenceScore="0.17982456140350878">bn:00093756v</annotation>
		<annotation source="MCS" anchor="garde" bfScore="--" coherenceScore="--">bn:00089407v</annotation>
		<annotation source="MCS" anchor="touche" bfScore="--" coherenceScore="--">bn:00095040v</annotation>
		<annotation source="BABELFY" anchor="monde entier" bfScore="1.0" coherenceScore="0.6885964912280702">bn:00045153n</annotation>
		<annotation source="MCS" anchor="entier" bfScore="--" coherenceScore="--">bn:00103393a</annotation>
		<annotation source="MCS" anchor="puissance" bfScore="--" coherenceScore="--">bn:00030160n</annotation>
		<annotation source="BABELFY" anchor="intelligence" bfScore="0.8937584636218145" coherenceScore="0.38596491228070173">bn:00047025n</annotation>
		<annotation source="MCS" anchor="connaître" bfScore="--" coherenceScore="--">bn:00082272v</annotation>
		<annotation source="BABELFY" anchor="véritable" bfScore="0.8990160538581046" coherenceScore="0.13596491228070176">bn:00101997a</annotation>
		<annotation source="MCS" anchor="Petits" bfScore="--" coherenceScore="--">bn:00106062a</annotation>
		<annotation source="MCS" anchor="gardez" bfScore="--" coherenceScore="--">bn:00089407v</annotation>
		<annotation source="MCS" anchor="idoles" bfScore="--" coherenceScore="--">bn:03084163n</annotation>
	</annotations>
</paragraph>
</dataset>
