<?xml version="1.0" encoding="utf-8"?>
<dataset language="FR" title="2TI">
<paragraph id="p.1">
	<text>
		Paul , apôtre de Jésus Christ , par la volonté de Dieu , pour annoncer la promesse de la vie qui est en Jésus Christ ,
		à Timothée , mon enfant bien - aimé : que la grâce , la miséricorde et la paix te soient données de la part de Dieu le Père et de Jésus Christ notre Seigneur !
		Je rends grâces à Dieu , que mes ancêtres ont servi , et que je sers avec une conscience pure , de ce que nuit et jour je me souviens continuellement de toi dans mes prières ,
		me rappelant tes larmes , et désirant te voir afin d ` être rempli de joie ,
		gardant le souvenir de la foi sincère qui est en toi , qui habita d ` abord dans ton aïeule Loïs et dans ta mère Eunice , et qui , j ` en suis persuadé , habite aussi en toi .
		C ` est pourquoi je t ` exhorte à ranimer le don de Dieu que tu as reçu par l ` imposition de mes mains .
		Car ce n ` est pas un esprit de timidité que Dieu nous a donné , mais un esprit de force , d ` amour et de sagesse .
		N ` aie donc point honte du témoignage à rendre à notre Seigneur , ni de moi son prisonnier . Mais souffre avec moi pour l ` Évangile ,
		par la puissance de Dieu qui nous a sauvés , et nous a adressé une sainte vocation , non à cause de nos oeuvres , mais selon son propre dessein , et selon la grâce qui nous a été donnée en Jésus Christ avant les temps éternels ,
		et qui a été manifestée maintenant par l ` apparition de notre Sauveur Jésus Christ , qui a détruit la mort et a mis en évidence la vie et l ` immortalité par l ` Évangile .
		C ` est pour cet Évangile que j ` ai été établi prédicateur et apôtre , chargé d ` instruire les païens .
		Et c ` est à cause de cela que je souffre ces choses ; mais j ` en ai point honte , car je sais en qui j ` ai cru , et je suis persuadé qu ` il a la puissance de garder mon dépôt jusqu ` à ce jour - là .
		Retiens dans la foi et dans la charité qui est en Jésus Christ le modèle des saines paroles que tu as reçues de moi .
		Garde le bon dépôt , par le Saint Esprit qui habite en nous .
		Tu sais que tous ceux qui sont en Asie m ` ont abandonné , entre autres Phygelle et Hermogène .
		Que le Seigneur répande sa miséricorde sur la maison d ` Onésiphore , car il m ` a souvent consolé , et il n ` a pas eu honte de mes chaînes ;
		au contraire , lorsqu ` il est venu à Rome , il m ` a cherché avec beaucoup d ` empressement , et il m ` a trouvé .
		Que le Seigneur lui donne d ` obtenir miséricorde auprès du Seigneur en ce jour - là . Tu sais mieux que personne combien de services il m ` a rendus à Éphèse .
	</text>
	<annotations>
		<annotation source="BABELFY" anchor="Paul" bfScore="0.9550930541708209" coherenceScore="0.4029126213592233">bn:00004984n</annotation>
		<annotation source="BABELFY" anchor="apôtre" bfScore="0.7543189463481385" coherenceScore="0.3058252427184466">bn:00004982n</annotation>
		<annotation source="BABELFY" anchor="Jésus" bfScore="0.870539267710268" coherenceScore="0.8300970873786407">bn:00018805n</annotation>
		<annotation source="BABELFY" anchor="Jésus Christ" bfScore="1.0" coherenceScore="0.8349514563106796">bn:00018805n</annotation>
		<annotation source="BABELFY" anchor="Christ" bfScore="0.9950645834508433" coherenceScore="0.8300970873786407">bn:00018805n</annotation>
		<annotation source="MCS" anchor="volonté" bfScore="--" coherenceScore="--">bn:00081239n</annotation>
		<annotation source="BABELFY" anchor="annoncer" bfScore="0.9601063829787234" coherenceScore="0.09223300970873786">bn:00082639v</annotation>
		<annotation source="MCS" anchor="promesse" bfScore="--" coherenceScore="--">bn:00064699n</annotation>
		<annotation source="BABELFY" anchor="vie" bfScore="0.7043493194796273" coherenceScore="0.41262135922330095">bn:00051054n</annotation>
		<annotation source="MCS" anchor="est" bfScore="--" coherenceScore="--">bn:00083187v</annotation>
		<annotation source="BABELFY" anchor="enfant" bfScore="0.703158142823474" coherenceScore="0.5679611650485437">bn:00018346n</annotation>
		<annotation source="BABELFY" anchor="bien-aimé" bfScore="1.0" coherenceScore="0.0048543689320388345">bn:00098224a</annotation>
		<annotation source="MCS" anchor="grâce" bfScore="--" coherenceScore="--">bn:00041227n</annotation>
		<annotation source="MCS" anchor="miséricorde" bfScore="--" coherenceScore="--">bn:00307854n</annotation>
		<annotation source="MCS" anchor="paix" bfScore="--" coherenceScore="--">bn:00061149n</annotation>
		<annotation source="MCS" anchor="soient" bfScore="--" coherenceScore="--">bn:00083187v</annotation>
		<annotation source="MCS" anchor="données" bfScore="--" coherenceScore="--">bn:00088815v</annotation>
		<annotation source="MCS" anchor="part" bfScore="--" coherenceScore="--">bn:00060766n</annotation>
		<annotation source="BABELFY" anchor="Dieu le Père" bfScore="0.9486907664581787" coherenceScore="0.2766990291262136">bn:03137478n</annotation>
		<annotation source="MCS" anchor="Père" bfScore="--" coherenceScore="--">bn:00009616n</annotation>
		<annotation source="MCS" anchor="Seigneur" bfScore="--" coherenceScore="--">bn:00070296n</annotation>
		<annotation source="MCS" anchor="rends" bfScore="--" coherenceScore="--">bn:00092791v</annotation>
		<annotation source="MCS" anchor="grâces" bfScore="--" coherenceScore="--">bn:00041227n</annotation>
		<annotation source="MCS" anchor="ancêtres" bfScore="--" coherenceScore="--">bn:00064398n</annotation>
		<annotation source="MCS" anchor="ont" bfScore="--" coherenceScore="--">bn:00088733v</annotation>
		<annotation source="MCS" anchor="servi" bfScore="--" coherenceScore="--">bn:00089309v</annotation>
		<annotation source="MCS" anchor="sers" bfScore="--" coherenceScore="--">bn:00089309v</annotation>
		<annotation source="BABELFY" anchor="conscience" bfScore="0.7901305134800419" coherenceScore="0.6310679611650486">bn:00007498n</annotation>
		<annotation source="MCS" anchor="pure" bfScore="--" coherenceScore="--">bn:00109244a</annotation>
		<annotation source="MCS" anchor="nuit" bfScore="--" coherenceScore="--">bn:00025236n</annotation>
		<annotation source="BABELFY" anchor="nuit et jour" bfScore="0.9924953095684803" coherenceScore="0.11165048543689321">bn:03613072n</annotation>
		<annotation source="MCS" anchor="jour" bfScore="--" coherenceScore="--">bn:00000086n</annotation>
		<annotation source="MCS" anchor="souviens" bfScore="--" coherenceScore="--">bn:00084413v</annotation>
		<annotation source="MCS" anchor="continuellement" bfScore="--" coherenceScore="--">bn:00114838r</annotation>
		<annotation source="MCS" anchor="prières" bfScore="--" coherenceScore="--">bn:00059529n</annotation>
		<annotation source="MCS" anchor="rappelant" bfScore="--" coherenceScore="--">bn:00084413v</annotation>
		<annotation source="BABELFY" anchor="larmes" bfScore="0.9660377358490566" coherenceScore="0.1553398058252427">bn:00024162n</annotation>
		<annotation source="MCS" anchor="désirant" bfScore="--" coherenceScore="--">bn:00085989v</annotation>
		<annotation source="MCS" anchor="voir" bfScore="--" coherenceScore="--">bn:00093430v</annotation>
		<annotation source="MCS" anchor="être" bfScore="--" coherenceScore="--">bn:00083187v</annotation>
		<annotation source="BABELFY" anchor="rempli" bfScore="0.8729792147806005" coherenceScore="0.20388349514563106">bn:00088180v</annotation>
		<annotation source="MCS" anchor="joie" bfScore="--" coherenceScore="--">bn:00048468n</annotation>
		<annotation source="MCS" anchor="gardant" bfScore="--" coherenceScore="--">bn:00089407v</annotation>
		<annotation source="MCS" anchor="souvenir" bfScore="--" coherenceScore="--">bn:00048886n</annotation>
		<annotation source="BABELFY" anchor="foi" bfScore="0.8240643581671914" coherenceScore="0.9029126213592233">bn:00032768n</annotation>
		<annotation source="BABELFY" anchor="sincère" bfScore="0.9632107023411371" coherenceScore="0.08737864077669903">bn:00110658a</annotation>
		<annotation source="MCS" anchor="habita" bfScore="--" coherenceScore="--">bn:00087441v</annotation>
		<annotation source="BABELFY" anchor="abord" bfScore="0.7202949239058513" coherenceScore="0.5825242718446602">bn:00047021n</annotation>
		<annotation source="MCS" anchor="aïeule" bfScore="--" coherenceScore="--">bn:00041363n</annotation>
		<annotation source="MCS" anchor="Loïs" bfScore="--" coherenceScore="--">bn:15274173n</annotation>
		<annotation source="BABELFY" anchor="mère" bfScore="0.7292246520874751" coherenceScore="0.4077669902912621">bn:00034027n</annotation>
		<annotation source="BABELFY" anchor="Eunice" bfScore="0.9854014598540146" coherenceScore="0.043689320388349516">bn:12521884n</annotation>
		<annotation source="BABELFY" anchor="persuadé" bfScore="0.9795560747663551" coherenceScore="0.18932038834951456">bn:00091565v</annotation>
		<annotation source="MCS" anchor="habite" bfScore="--" coherenceScore="--">bn:00087441v</annotation>
		<annotation source="MCS" anchor="aussi" bfScore="--" coherenceScore="--">bn:00114246r</annotation>
		<annotation source="BABELFY" anchor="pourquoi" bfScore="1.0" coherenceScore="0.014563106796116505">bn:00114822r</annotation>
		<annotation source="BABELFY" anchor="exhorte" bfScore="0.7777777777777778" coherenceScore="0.03398058252427184">bn:00087843v</annotation>
		<annotation source="BABELFY" anchor="ranimer" bfScore="1.0" coherenceScore="0.0048543689320388345">bn:00092923v</annotation>
		<annotation source="MCS" anchor="don" bfScore="--" coherenceScore="--">bn:00022270n</annotation>
		<annotation source="MCS" anchor="as" bfScore="--" coherenceScore="--">bn:00088733v</annotation>
		<annotation source="MCS" anchor="reçu" bfScore="--" coherenceScore="--">bn:00089246v</annotation>
		<annotation source="MCS" anchor="imposition" bfScore="--" coherenceScore="--">bn:03707475n</annotation>
		<annotation source="MCS" anchor="mains" bfScore="--" coherenceScore="--">bn:00042759n</annotation>
		<annotation source="MCS" anchor="esprit" bfScore="--" coherenceScore="--">bn:00012681n</annotation>
		<annotation source="BABELFY" anchor="timidité" bfScore="0.8258678611422172" coherenceScore="0.24271844660194175">bn:00077318n</annotation>
		<annotation source="MCS" anchor="donné" bfScore="--" coherenceScore="--">bn:00088815v</annotation>
		<annotation source="MCS" anchor="force" bfScore="--" coherenceScore="--">bn:00035768n</annotation>
		<annotation source="BABELFY" anchor="amour" bfScore="0.8132851644760729" coherenceScore="0.6650485436893204">bn:00052121n</annotation>
		<annotation source="MCS" anchor="sagesse" bfScore="--" coherenceScore="--">bn:00069220n</annotation>
		<annotation source="MCS" anchor="aie" bfScore="--" coherenceScore="--">bn:00088733v</annotation>
		<annotation source="MCS" anchor="donc" bfScore="--" coherenceScore="--">bn:00115635r</annotation>
		<annotation source="MCS" anchor="honte" bfScore="--" coherenceScore="--">bn:00027566n</annotation>
		<annotation source="MCS" anchor="témoignage" bfScore="--" coherenceScore="--">bn:00076677n</annotation>
		<annotation source="MCS" anchor="rendre" bfScore="--" coherenceScore="--">bn:00092791v</annotation>
		<annotation source="MCS" anchor="prisonnier" bfScore="--" coherenceScore="--">bn:00015767n</annotation>
		<annotation source="MCS" anchor="souffre" bfScore="--" coherenceScore="--">bn:00088745v</annotation>
		<annotation source="MCS" anchor="Évangile" bfScore="--" coherenceScore="--">bn:00031976n</annotation>
		<annotation source="MCS" anchor="puissance" bfScore="--" coherenceScore="--">bn:00030160n</annotation>
		<annotation source="BABELFY" anchor="puissance de Dieu" bfScore="1.0" coherenceScore="0.19902912621359223">bn:17143597n</annotation>
		<annotation source="MCS" anchor="sauvés" bfScore="--" coherenceScore="--">bn:00086533v</annotation>
		<annotation source="MCS" anchor="adressé" bfScore="--" coherenceScore="--">bn:00082335v</annotation>
		<annotation source="MCS" anchor="sainte" bfScore="--" coherenceScore="--">bn:00110031a</annotation>
		<annotation source="MCS" anchor="vocation" bfScore="--" coherenceScore="--">bn:00058568n</annotation>
		<annotation source="MCS" anchor="non" bfScore="--" coherenceScore="--">bn:00116350r</annotation>
		<annotation source="MCS" anchor="cause" bfScore="--" coherenceScore="--">bn:00015051n</annotation>
		<annotation source="MCS" anchor="oeuvres" bfScore="--" coherenceScore="--">bn:00011767n</annotation>
		<annotation source="MCS" anchor="propre" bfScore="--" coherenceScore="--">bn:00099776a</annotation>
		<annotation source="BABELFY" anchor="dessein" bfScore="1.0" coherenceScore="0.19902912621359223">bn:00002178n</annotation>
		<annotation source="MCS" anchor="été" bfScore="--" coherenceScore="--">bn:00083187v</annotation>
		<annotation source="MCS" anchor="donnée" bfScore="--" coherenceScore="--">bn:00088815v</annotation>
		<annotation source="BABELFY" anchor="temps" bfScore="0.7798288702265885" coherenceScore="0.49514563106796117">bn:00077270n</annotation>
		<annotation source="MCS" anchor="éternels" bfScore="--" coherenceScore="--">bn:00096562a</annotation>
		<annotation source="MCS" anchor="manifestée" bfScore="--" coherenceScore="--">bn:00092106v</annotation>
		<annotation source="MCS" anchor="maintenant" bfScore="--" coherenceScore="--">bn:00114424r</annotation>
		<annotation source="MCS" anchor="apparition" bfScore="--" coherenceScore="--">bn:00005014n</annotation>
		<annotation source="BABELFY" anchor="Sauveur" bfScore="1.0" coherenceScore="0.16990291262135923">bn:00026062n</annotation>
		<annotation source="BABELFY" anchor="Sauveur Jésus" bfScore="1.0" coherenceScore="0.8349514563106796">bn:00018805n</annotation>
		<annotation source="MCS" anchor="détruit" bfScore="--" coherenceScore="--">bn:00086699v</annotation>
		<annotation source="MCS" anchor="mort" bfScore="--" coherenceScore="--">bn:00025582n</annotation>
		<annotation source="MCS" anchor="mis" bfScore="--" coherenceScore="--">bn:00090224v</annotation>
		<annotation source="MCS" anchor="évidence" bfScore="--" coherenceScore="--">bn:00058170n</annotation>
		<annotation source="BABELFY" anchor="immortalité" bfScore="0.9844891680553776" coherenceScore="0.2912621359223301">bn:00046034n</annotation>
		<annotation source="MCS" anchor="ai" bfScore="--" coherenceScore="--">bn:00088733v</annotation>
		<annotation source="MCS" anchor="établi" bfScore="--" coherenceScore="--">bn:00086567v</annotation>
		<annotation source="MCS" anchor="prédicateur" bfScore="--" coherenceScore="--">bn:00064059n</annotation>
		<annotation source="MCS" anchor="chargé" bfScore="--" coherenceScore="--">bn:00090165v</annotation>
		<annotation source="BABELFY" anchor="instruire" bfScore="0.9552572706935123" coherenceScore="0.27184466019417475">bn:00089724v</annotation>
		<annotation source="BABELFY" anchor="païens" bfScore="1.0" coherenceScore="0.16990291262135923">bn:00102421a</annotation>
		<annotation source="MCS" anchor="choses" bfScore="--" coherenceScore="--">bn:00076925n</annotation>
		<annotation source="MCS" anchor="sais" bfScore="--" coherenceScore="--">bn:00090142v</annotation>
		<annotation source="MCS" anchor="cru" bfScore="--" coherenceScore="--">bn:00083369v</annotation>
		<annotation source="MCS" anchor="garder" bfScore="--" coherenceScore="--">bn:00089407v</annotation>
		<annotation source="MCS" anchor="dépôt" bfScore="--" coherenceScore="--">bn:00026379n</annotation>
		<annotation source="MCS" anchor="Retiens" bfScore="--" coherenceScore="--">bn:00089400v</annotation>
		<annotation source="MCS" anchor="charité" bfScore="--" coherenceScore="--">bn:00013380n</annotation>
		<annotation source="MCS" anchor="modèle" bfScore="--" coherenceScore="--">bn:00036197n</annotation>
		<annotation source="MCS" anchor="saines" bfScore="--" coherenceScore="--">bn:00104025a</annotation>
		<annotation source="MCS" anchor="paroles" bfScore="--" coherenceScore="--">bn:00049911n</annotation>
		<annotation source="MCS" anchor="reçues" bfScore="--" coherenceScore="--">bn:00089246v</annotation>
		<annotation source="MCS" anchor="Garde" bfScore="--" coherenceScore="--">bn:00089407v</annotation>
		<annotation source="MCS" anchor="bon" bfScore="--" coherenceScore="--">bn:00103672a</annotation>
		<annotation source="MCS" anchor="Saint" bfScore="--" coherenceScore="--">bn:00053896n</annotation>
		<annotation source="BABELFY" anchor="Saint Esprit" bfScore="0.8978377759981695" coherenceScore="0.5825242718446602">bn:00645230n</annotation>
		<annotation source="MCS" anchor="Esprit" bfScore="--" coherenceScore="--">bn:00012681n</annotation>
		<annotation source="MCS" anchor="sont" bfScore="--" coherenceScore="--">bn:00083187v</annotation>
		<annotation source="BABELFY" anchor="Asie" bfScore="0.9707987253826464" coherenceScore="0.44660194174757284">bn:00006329n</annotation>
		<annotation source="MCS" anchor="abandonné" bfScore="--" coherenceScore="--">bn:00082118v</annotation>
		<annotation source="MCS" anchor="autres" bfScore="--" coherenceScore="--">bn:00101268a</annotation>
		<annotation source="MCS" anchor="répande" bfScore="--" coherenceScore="--">bn:00084119v</annotation>
		<annotation source="MCS" anchor="maison" bfScore="--" coherenceScore="--">bn:00044994n</annotation>
		<annotation source="MCS" anchor="souvent" bfScore="--" coherenceScore="--">bn:00115452r</annotation>
		<annotation source="BABELFY" anchor="consolé" bfScore="1.0" coherenceScore="0.0970873786407767">bn:00085398v</annotation>
		<annotation source="MCS" anchor="eu" bfScore="--" coherenceScore="--">bn:00088733v</annotation>
		<annotation source="MCS" anchor="chaînes" bfScore="--" coherenceScore="--">bn:00017487n</annotation>
		<annotation source="MCS" anchor="contraire" bfScore="--" coherenceScore="--">bn:00022257n</annotation>
		<annotation source="MCS" anchor="venu" bfScore="--" coherenceScore="--">bn:00085322v</annotation>
		<annotation source="MCS" anchor="cherché" bfScore="--" coherenceScore="--">bn:00090460v</annotation>
		<annotation source="BABELFY" anchor="beaucoup" bfScore="0.8754863813229572" coherenceScore="0.07281553398058252">bn:00114097r</annotation>
		<annotation source="MCS" anchor="empressement" bfScore="--" coherenceScore="--">bn:00064168n</annotation>
		<annotation source="BABELFY" anchor="trouvé" bfScore="0.7112092766427388" coherenceScore="0.22330097087378642">bn:00085393v</annotation>
		<annotation source="MCS" anchor="donne" bfScore="--" coherenceScore="--">bn:00088815v</annotation>
		<annotation source="MCS" anchor="obtenir" bfScore="--" coherenceScore="--">bn:00091124v</annotation>
		<annotation source="BABELFY" anchor="mieux" bfScore="0.996551724137931" coherenceScore="0.0825242718446602">bn:00115178r</annotation>
		<annotation source="MCS" anchor="personne" bfScore="--" coherenceScore="--">bn:00116349r</annotation>
		<annotation source="MCS" anchor="services" bfScore="--" coherenceScore="--">bn:00070651n</annotation>
		<annotation source="MCS" anchor="rendus" bfScore="--" coherenceScore="--">bn:00092791v</annotation>
		<annotation source="BABELFY" anchor="Éphèse" bfScore="1.0" coherenceScore="0.2087378640776699">bn:00031129n</annotation>
	</annotations>
</paragraph>
<paragraph id="p.2">
	<text>
		Toi donc , mon enfant , fortifie - toi dans la grâce qui est en Jésus Christ .
		Et ce que tu as entendu de moi en présence de beaucoup de témoins , confie - le à des hommes fidèles , qui soient capables de l ` enseigner aussi à d ` autres .
		Souffre avec moi , comme un bon soldat de Jésus Christ .
		Il n ` est pas de soldat qui s ` embarrasse des affaires de la vie , s ` il veut plaire à celui qui l ` a enrôlé ;
		et l ` athlète n ` est pas couronné , s ` il n ` a combattu suivant les règles .
		Il faut que le laboureur travaille avant de recueillir les fruits .
		Comprends ce que je dis , car le Seigneur te donnera de l ` intelligence en toutes choses .
		Souviens - toi de Jésus Christ , issu de la postérité de David , ressuscité des morts , selon mon Évangile ,
		pour lequel je souffre jusqu ` à être lié comme un malfaiteur . Mais la parole de Dieu n ` est pas liée .
		C ` est pourquoi je supporte tout à cause des élus , afin qu ` eux aussi obtiennent le salut qui est en Jésus Christ , avec la gloire éternelle .
		Cette parole est certaine : Si nous sommes morts avec lui , nous vivrons aussi avec lui ;
		si nous persévérons , nous régnerons aussi avec lui ; si nous le renions , lui aussi nous reniera ;
		si nous sommes infidèles , il demeure fidèle , car il ne peut se renier lui - même .
		Rappelle ces choses , en conjurant devant Dieu qu ` on évite les disputes de mots , qui ne servent qu ` à la ruine de ceux qui écoutent .
		Efforce - toi de te présenter devant Dieu comme un homme éprouvé , un ouvrier qui n ` a point à rougir , qui dispense droitement la parole de la vérité .
		Évite les discours vains et profanes ; car ceux qui les tiennent avanceront toujours plus dans l ` impiété , et leur parole rongera comme la gangrène .
		De ce nombre sont Hyménée et Philète ,
		qui se sont détournés de la vérité , disant que la résurrection est déjà arrivée , et qui renversent le foi de quelques uns .
		Néanmoins , le solide fondement de Dieu reste debout , avec ces paroles qui lui servent de sceau : Le Seigneur connaît ceux qui lui appartiennent ; et : Quiconque prononce le nom du Seigneur , qu ` il s ` éloigne de l ` iniquité .
		Dans une grande maison , il n ` y a pas seulement des vases d ` or et d ` argent , mais il y en a aussi de bois et de terre ; les uns sont des vases d ` honneur , et les autres sont d ` un usage vil .
		Si donc quelqu ` un se conserve pur , en s ` abstenant de ces choses , il sera un vase d ` honneur , sanctifié , utile à son maître , propre à toute bonne oeuvre .
		Fuis les passions de la jeunesse , et recherche la justice , la foi , la charité , la paix , avec ceux qui invoquent le Seigneur d ` un coeur pur .
		Repousse les discussions folles et inutiles , sachant qu ` elles font naître des querelles .
		Or , il ne faut pas qu ` un serviteur du Seigneur ait des querelles ; il doit , au contraire , avoir de la condescendance pour tous , être propre à enseigner , doué de patience ;
		il doit redresser avec douceur les adversaires , dans l ` espérance que Dieu leur donnera la repentance pour arriver à la connaissance de la vérité ,
		et que , revenus à leur bon sens , ils se dégageront des pièges du diable , qui s ` est emparé d ` eux pour les soumettre à sa volonté .
	</text>
	<annotations>
		<annotation source="MCS" anchor="donc" bfScore="--" coherenceScore="--">bn:00115635r</annotation>
		<annotation source="MCS" anchor="enfant" bfScore="--" coherenceScore="--">bn:00018346n</annotation>
		<annotation source="MCS" anchor="fortifie" bfScore="--" coherenceScore="--">bn:00088505v</annotation>
		<annotation source="MCS" anchor="grâce" bfScore="--" coherenceScore="--">bn:00041227n</annotation>
		<annotation source="MCS" anchor="est" bfScore="--" coherenceScore="--">bn:00083187v</annotation>
		<annotation source="BABELFY" anchor="Jésus" bfScore="0.8757497956411112" coherenceScore="0.6707317073170732">bn:00018805n</annotation>
		<annotation source="BABELFY" anchor="Jésus Christ" bfScore="1.0" coherenceScore="0.6747967479674797">bn:00018805n</annotation>
		<annotation source="BABELFY" anchor="Christ" bfScore="0.9966828865340682" coherenceScore="0.6707317073170732">bn:00018805n</annotation>
		<annotation source="MCS" anchor="as" bfScore="--" coherenceScore="--">bn:00088733v</annotation>
		<annotation source="MCS" anchor="entendu" bfScore="--" coherenceScore="--">bn:00089277v</annotation>
		<annotation source="MCS" anchor="présence" bfScore="--" coherenceScore="--">bn:00064201n</annotation>
		<annotation source="MCS" anchor="beaucoup" bfScore="--" coherenceScore="--">bn:00114047r</annotation>
		<annotation source="MCS" anchor="témoins" bfScore="--" coherenceScore="--">bn:00066675n</annotation>
		<annotation source="BABELFY" anchor="confie" bfScore="0.859441151566469" coherenceScore="0.11788617886178862">bn:00087695v</annotation>
		<annotation source="MCS" anchor="hommes" bfScore="--" coherenceScore="--">bn:00044576n</annotation>
		<annotation source="MCS" anchor="fidèles" bfScore="--" coherenceScore="--">bn:00102728a</annotation>
		<annotation source="MCS" anchor="soient" bfScore="--" coherenceScore="--">bn:00083187v</annotation>
		<annotation source="MCS" anchor="capables" bfScore="--" coherenceScore="--">bn:00096449a</annotation>
		<annotation source="BABELFY" anchor="enseigner" bfScore="0.7551889302820649" coherenceScore="0.13414634146341464">bn:00089791v</annotation>
		<annotation source="MCS" anchor="aussi" bfScore="--" coherenceScore="--">bn:00114246r</annotation>
		<annotation source="BABELFY" anchor="autres" bfScore="0.7154605263157895" coherenceScore="0.11788617886178862">bn:00107268a</annotation>
		<annotation source="MCS" anchor="Souffre" bfScore="--" coherenceScore="--">bn:00088745v</annotation>
		<annotation source="MCS" anchor="bon" bfScore="--" coherenceScore="--">bn:00103672a</annotation>
		<annotation source="BABELFY" anchor="soldat" bfScore="0.9241245136186771" coherenceScore="0.1016260162601626">bn:00072698n</annotation>
		<annotation source="BABELFY" anchor="embarrasse" bfScore="0.7727272727272727" coherenceScore="0.06910569105691057">bn:00083622v</annotation>
		<annotation source="MCS" anchor="affaires" bfScore="--" coherenceScore="--">bn:00012439n</annotation>
		<annotation source="MCS" anchor="vie" bfScore="--" coherenceScore="--">bn:00002761n</annotation>
		<annotation source="MCS" anchor="veut" bfScore="--" coherenceScore="--">bn:00086682v</annotation>
		<annotation source="BABELFY" anchor="plaire" bfScore="0.9010238907849829" coherenceScore="0.08943089430894309">bn:00082687v</annotation>
		<annotation source="BABELFY" anchor="enrôlé" bfScore="0.875" coherenceScore="0.028455284552845527">bn:00090313v</annotation>
		<annotation source="MCS" anchor="athlète" bfScore="--" coherenceScore="--">bn:00006747n</annotation>
		<annotation source="MCS" anchor="combattu" bfScore="--" coherenceScore="--">bn:00085711v</annotation>
		<annotation source="MCS" anchor="règles" bfScore="--" coherenceScore="--">bn:00016665n</annotation>
		<annotation source="MCS" anchor="laboureur" bfScore="--" coherenceScore="--">bn:00063061n</annotation>
		<annotation source="MCS" anchor="travaille" bfScore="--" coherenceScore="--">bn:00095812v</annotation>
		<annotation source="MCS" anchor="recueillir" bfScore="--" coherenceScore="--">bn:00082405v</annotation>
		<annotation source="MCS" anchor="fruits" bfScore="--" coherenceScore="--">bn:00036686n</annotation>
		<annotation source="MCS" anchor="Comprends" bfScore="--" coherenceScore="--">bn:00082727v</annotation>
		<annotation source="MCS" anchor="dis" bfScore="--" coherenceScore="--">bn:00093287v</annotation>
		<annotation source="MCS" anchor="Seigneur" bfScore="--" coherenceScore="--">bn:00070296n</annotation>
		<annotation source="MCS" anchor="donnera" bfScore="--" coherenceScore="--">bn:00088815v</annotation>
		<annotation source="BABELFY" anchor="intelligence" bfScore="0.8542697694008634" coherenceScore="0.24796747967479674">bn:00047025n</annotation>
		<annotation source="MCS" anchor="choses" bfScore="--" coherenceScore="--">bn:00076925n</annotation>
		<annotation source="MCS" anchor="Souviens" bfScore="--" coherenceScore="--">bn:00084413v</annotation>
		<annotation source="BABELFY" anchor="postérité" bfScore="0.9883666821777571" coherenceScore="0.14634146341463414">bn:00047692n</annotation>
		<annotation source="BABELFY" anchor="ressuscité" bfScore="0.7741935483870968" coherenceScore="0.06097560975609756">bn:00092922v</annotation>
		<annotation source="BABELFY" anchor="morts" bfScore="0.7012580521394963" coherenceScore="0.491869918699187">bn:00025582n</annotation>
		<annotation source="MCS" anchor="Évangile" bfScore="--" coherenceScore="--">bn:00031976n</annotation>
		<annotation source="MCS" anchor="souffre" bfScore="--" coherenceScore="--">bn:00088745v</annotation>
		<annotation source="MCS" anchor="être" bfScore="--" coherenceScore="--">bn:00083187v</annotation>
		<annotation source="BABELFY" anchor="être lié" bfScore="0.8188756041719665" coherenceScore="0.15040650406504066">bn:00089842v</annotation>
		<annotation source="BABELFY" anchor="lié" bfScore="0.8188756041719665" coherenceScore="0.15040650406504066">bn:00089842v</annotation>
		<annotation source="MCS" anchor="comme" bfScore="--" coherenceScore="--">bn:00114354r</annotation>
		<annotation source="MCS" anchor="comme un" bfScore="--" coherenceScore="--">bn:13612827r</annotation>
		<annotation source="MCS" anchor="malfaiteur" bfScore="--" coherenceScore="--">bn:00023815n</annotation>
		<annotation source="MCS" anchor="parole" bfScore="--" coherenceScore="--">bn:00049911n</annotation>
		<annotation source="BABELFY" anchor="parole de Dieu" bfScore="1.0" coherenceScore="0.27235772357723576">bn:00051877n</annotation>
		<annotation source="BABELFY" anchor="Dieu" bfScore="0.7849749469788507" coherenceScore="0.7276422764227642">bn:00040878n</annotation>
		<annotation source="BABELFY" anchor="liée" bfScore="0.8380630044259307" coherenceScore="0.15040650406504066">bn:00089842v</annotation>
		<annotation source="BABELFY" anchor="pourquoi" bfScore="1.0" coherenceScore="0.016260162601626018">bn:00114822r</annotation>
		<annotation source="MCS" anchor="supporte" bfScore="--" coherenceScore="--">bn:00082138v</annotation>
		<annotation source="MCS" anchor="tout" bfScore="--" coherenceScore="--">bn:00114403r</annotation>
		<annotation source="MCS" anchor="cause" bfScore="--" coherenceScore="--">bn:00015051n</annotation>
		<annotation source="MCS" anchor="élus" bfScore="--" coherenceScore="--">bn:00030112n</annotation>
		<annotation source="MCS" anchor="obtiennent" bfScore="--" coherenceScore="--">bn:00091124v</annotation>
		<annotation source="MCS" anchor="salut" bfScore="--" coherenceScore="--">bn:00066712n</annotation>
		<annotation source="MCS" anchor="gloire" bfScore="--" coherenceScore="--">bn:00016991n</annotation>
		<annotation source="MCS" anchor="éternelle" bfScore="--" coherenceScore="--">bn:00096562a</annotation>
		<annotation source="MCS" anchor="certaine" bfScore="--" coherenceScore="--">bn:00099475a</annotation>
		<annotation source="MCS" anchor="morts" bfScore="--" coherenceScore="--">bn:00083914v</annotation>
		<annotation source="MCS" anchor="vivrons" bfScore="--" coherenceScore="--">bn:00087617v</annotation>
		<annotation source="MCS" anchor="persévérons" bfScore="--" coherenceScore="--">bn:00089773v</annotation>
		<annotation source="MCS" anchor="régnerons" bfScore="--" coherenceScore="--">bn:00087151v</annotation>
		<annotation source="MCS" anchor="renions" bfScore="--" coherenceScore="--">bn:00092723v</annotation>
		<annotation source="MCS" anchor="reniera" bfScore="--" coherenceScore="--">bn:00092723v</annotation>
		<annotation source="MCS" anchor="demeure" bfScore="--" coherenceScore="--">bn:00082138v</annotation>
		<annotation source="MCS" anchor="fidèle" bfScore="--" coherenceScore="--">bn:00102728a</annotation>
		<annotation source="BABELFY" anchor="peut" bfScore="0.8235294117647058" coherenceScore="0.024390243902439025">bn:00084450v</annotation>
		<annotation source="MCS" anchor="renier" bfScore="--" coherenceScore="--">bn:00092723v</annotation>
		<annotation source="MCS" anchor="Rappelle" bfScore="--" coherenceScore="--">bn:00084413v</annotation>
		<annotation source="BABELFY" anchor="conjurant" bfScore="1.0" coherenceScore="0.012195121951219513">bn:00084352v</annotation>
		<annotation source="MCS" anchor="évite" bfScore="--" coherenceScore="--">bn:00082954v</annotation>
		<annotation source="MCS" anchor="disputes" bfScore="--" coherenceScore="--">bn:00022267n</annotation>
		<annotation source="BABELFY" anchor="mots" bfScore="0.8494064760834446" coherenceScore="0.5650406504065041">bn:00081546n</annotation>
		<annotation source="MCS" anchor="servent" bfScore="--" coherenceScore="--">bn:00089309v</annotation>
		<annotation source="BABELFY" anchor="ruine" bfScore="0.7186081694402421" coherenceScore="0.07723577235772358">bn:00068521n</annotation>
		<annotation source="MCS" anchor="écoutent" bfScore="--" coherenceScore="--">bn:00089280v</annotation>
		<annotation source="MCS" anchor="Efforce" bfScore="--" coherenceScore="--">bn:00087615v</annotation>
		<annotation source="MCS" anchor="présenter" bfScore="--" coherenceScore="--">bn:00090234v</annotation>
		<annotation source="MCS" anchor="homme" bfScore="--" coherenceScore="--">bn:00044576n</annotation>
		<annotation source="MCS" anchor="éprouvé" bfScore="--" coherenceScore="--">bn:00087864v</annotation>
		<annotation source="MCS" anchor="ouvrier" bfScore="--" coherenceScore="--">bn:00047795n</annotation>
		<annotation source="BABELFY" anchor="rougir" bfScore="0.98" coherenceScore="0.028455284552845527">bn:00083704v</annotation>
		<annotation source="MCS" anchor="dispense" bfScore="--" coherenceScore="--">bn:00087003v</annotation>
		<annotation source="BABELFY" anchor="vérité" bfScore="0.960561403508772" coherenceScore="0.4715447154471545">bn:00072816n</annotation>
		<annotation source="MCS" anchor="Évite" bfScore="--" coherenceScore="--">bn:00082954v</annotation>
		<annotation source="MCS" anchor="discours" bfScore="--" coherenceScore="--">bn:00049018n</annotation>
		<annotation source="BABELFY" anchor="vains" bfScore="0.8173076923076923" coherenceScore="0.12195121951219512">bn:00100184a</annotation>
		<annotation source="MCS" anchor="profanes" bfScore="--" coherenceScore="--">bn:00109063a</annotation>
		<annotation source="MCS" anchor="tiennent" bfScore="--" coherenceScore="--">bn:00089385v</annotation>
		<annotation source="MCS" anchor="avanceront" bfScore="--" coherenceScore="--">bn:00085715v</annotation>
		<annotation source="MCS" anchor="toujours" bfScore="--" coherenceScore="--">bn:00114251r</annotation>
		<annotation source="MCS" anchor="plus" bfScore="--" coherenceScore="--">bn:00115880r</annotation>
		<annotation source="MCS" anchor="impiété" bfScore="--" coherenceScore="--">bn:00064605n</annotation>
		<annotation source="BABELFY" anchor="rongera" bfScore="0.8120300751879699" coherenceScore="0.036585365853658534">bn:00088911v</annotation>
		<annotation source="BABELFY" anchor="gangrène" bfScore="0.9134948096885813" coherenceScore="0.044715447154471545">bn:00037253n</annotation>
		<annotation source="MCS" anchor="nombre" bfScore="--" coherenceScore="--">bn:00058285n</annotation>
		<annotation source="MCS" anchor="sont" bfScore="--" coherenceScore="--">bn:00083187v</annotation>
		<annotation source="MCS" anchor="détournés" bfScore="--" coherenceScore="--">bn:00082954v</annotation>
		<annotation source="MCS" anchor="disant" bfScore="--" coherenceScore="--">bn:00093287v</annotation>
		<annotation source="BABELFY" anchor="résurrection" bfScore="0.734955185659411" coherenceScore="0.1991869918699187">bn:00018809n</annotation>
		<annotation source="MCS" anchor="déjà" bfScore="--" coherenceScore="--">bn:00114245r</annotation>
		<annotation source="MCS" anchor="arrivée" bfScore="--" coherenceScore="--">bn:00083286v</annotation>
		<annotation source="MCS" anchor="renversent" bfScore="--" coherenceScore="--">bn:00083848v</annotation>
		<annotation source="BABELFY" anchor="foi" bfScore="0.8597533258583594" coherenceScore="0.7967479674796748">bn:00032768n</annotation>
		<annotation source="BABELFY" anchor="uns" bfScore="1.0" coherenceScore="0.012195121951219513">bn:02046536n</annotation>
		<annotation source="MCS" anchor="Néanmoins" bfScore="--" coherenceScore="--">bn:00114216r</annotation>
		<annotation source="MCS" anchor="solide" bfScore="--" coherenceScore="--">bn:00110888a</annotation>
		<annotation source="MCS" anchor="fondement" bfScore="--" coherenceScore="--">bn:00036063n</annotation>
		<annotation source="MCS" anchor="reste" bfScore="--" coherenceScore="--">bn:00085719v</annotation>
		<annotation source="BABELFY" anchor="debout" bfScore="1.0" coherenceScore="0.016260162601626018">bn:00115031r</annotation>
		<annotation source="MCS" anchor="paroles" bfScore="--" coherenceScore="--">bn:00049911n</annotation>
		<annotation source="MCS" anchor="sceau" bfScore="--" coherenceScore="--">bn:00070013n</annotation>
		<annotation source="MCS" anchor="connaît" bfScore="--" coherenceScore="--">bn:00082272v</annotation>
		<annotation source="MCS" anchor="appartiennent" bfScore="--" coherenceScore="--">bn:00083391v</annotation>
		<annotation source="MCS" anchor="prononce" bfScore="--" coherenceScore="--">bn:00082800v</annotation>
		<annotation source="MCS" anchor="nom" bfScore="--" coherenceScore="--">bn:00056758n</annotation>
		<annotation source="BABELFY" anchor="éloigne" bfScore="0.9856" coherenceScore="0.08943089430894309">bn:00082131v</annotation>
		<annotation source="BABELFY" anchor="iniquité" bfScore="1.0" coherenceScore="0.04065040650406504">bn:01267367n</annotation>
		<annotation source="MCS" anchor="grande" bfScore="--" coherenceScore="--">bn:00111630a</annotation>
		<annotation source="BABELFY" anchor="grande maison" bfScore="1.0" coherenceScore="0.02032520325203252">bn:00585041n</annotation>
		<annotation source="MCS" anchor="maison" bfScore="--" coherenceScore="--">bn:00044994n</annotation>
		<annotation source="BABELFY" anchor="seulement" bfScore="0.8943364327979713" coherenceScore="0.18699186991869918">bn:00114626r</annotation>
		<annotation source="MCS" anchor="vases" bfScore="--" coherenceScore="--">bn:00079628n</annotation>
		<annotation source="MCS" anchor="or" bfScore="--" coherenceScore="--">bn:00040921n</annotation>
		<annotation source="BABELFY" anchor="argent" bfScore="0.7530647985989493" coherenceScore="0.34959349593495936">bn:00055644n</annotation>
		<annotation source="MCS" anchor="bois" bfScore="--" coherenceScore="--">bn:00081492n</annotation>
		<annotation source="MCS" anchor="honneur" bfScore="--" coherenceScore="--">bn:00044654n</annotation>
		<annotation source="MCS" anchor="usage" bfScore="--" coherenceScore="--">bn:00079366n</annotation>
		<annotation source="BABELFY" anchor="vil" bfScore="1.0" coherenceScore="0.012195121951219513">bn:00101247a</annotation>
		<annotation source="MCS" anchor="conserve" bfScore="--" coherenceScore="--">bn:00091983v</annotation>
		<annotation source="MCS" anchor="pur" bfScore="--" coherenceScore="--">bn:00109244a</annotation>
		<annotation source="MCS" anchor="abstenant" bfScore="--" coherenceScore="--">bn:00082178v</annotation>
		<annotation source="MCS" anchor="sera" bfScore="--" coherenceScore="--">bn:00083187v</annotation>
		<annotation source="MCS" anchor="vase" bfScore="--" coherenceScore="--">bn:00079628n</annotation>
		<annotation source="BABELFY" anchor="sanctifié" bfScore="1.0" coherenceScore="0.14634146341463414">bn:00083602v</annotation>
		<annotation source="MCS" anchor="utile" bfScore="--" coherenceScore="--">bn:00104094a</annotation>
		<annotation source="MCS" anchor="maître" bfScore="--" coherenceScore="--">bn:00060052n</annotation>
		<annotation source="MCS" anchor="propre" bfScore="--" coherenceScore="--">bn:00099776a</annotation>
		<annotation source="MCS" anchor="bonne" bfScore="--" coherenceScore="--">bn:00103672a</annotation>
		<annotation source="BABELFY" anchor="oeuvre" bfScore="0.9150044351445402" coherenceScore="0.5487804878048781">bn:00017339n</annotation>
		<annotation source="MCS" anchor="Fuis" bfScore="--" coherenceScore="--">bn:00088291v</annotation>
		<annotation source="MCS" anchor="passions" bfScore="--" coherenceScore="--">bn:00060907n</annotation>
		<annotation source="BABELFY" anchor="jeunesse" bfScore="0.7120879120879121" coherenceScore="0.10975609756097561">bn:00073643n</annotation>
		<annotation source="MCS" anchor="recherche" bfScore="--" coherenceScore="--">bn:00093455v</annotation>
		<annotation source="MCS" anchor="justice" bfScore="--" coherenceScore="--">bn:00048668n</annotation>
		<annotation source="MCS" anchor="charité" bfScore="--" coherenceScore="--">bn:00013380n</annotation>
		<annotation source="MCS" anchor="paix" bfScore="--" coherenceScore="--">bn:00061149n</annotation>
		<annotation source="MCS" anchor="invoquent" bfScore="--" coherenceScore="--">bn:00082770v</annotation>
		<annotation source="MCS" anchor="coeur" bfScore="--" coherenceScore="--">bn:00043383n</annotation>
		<annotation source="MCS" anchor="Repousse" bfScore="--" coherenceScore="--">bn:00083272v</annotation>
		<annotation source="MCS" anchor="discussions" bfScore="--" coherenceScore="--">bn:00027544n</annotation>
		<annotation source="MCS" anchor="inutiles" bfScore="--" coherenceScore="--">bn:00112990a</annotation>
		<annotation source="MCS" anchor="sachant" bfScore="--" coherenceScore="--">bn:00090142v</annotation>
		<annotation source="MCS" anchor="font" bfScore="--" coherenceScore="--">bn:00087107v</annotation>
		<annotation source="MCS" anchor="naître" bfScore="--" coherenceScore="--">bn:00082281v</annotation>
		<annotation source="MCS" anchor="querelles" bfScore="--" coherenceScore="--">bn:00010243n</annotation>
		<annotation source="MCS" anchor="Or" bfScore="--" coherenceScore="--">bn:00040921n</annotation>
		<annotation source="MCS" anchor="serviteur" bfScore="--" coherenceScore="--">bn:00070680n</annotation>
		<annotation source="MCS" anchor="ait" bfScore="--" coherenceScore="--">bn:00088733v</annotation>
		<annotation source="MCS" anchor="doit" bfScore="--" coherenceScore="--">bn:00091360v</annotation>
		<annotation source="MCS" anchor="contraire" bfScore="--" coherenceScore="--">bn:00022257n</annotation>
		<annotation source="MCS" anchor="avoir" bfScore="--" coherenceScore="--">bn:00088733v</annotation>
		<annotation source="BABELFY" anchor="patience" bfScore="0.7008849557522124" coherenceScore="0.17073170731707318">bn:14629457n</annotation>
		<annotation source="BABELFY" anchor="redresser" bfScore="1.0" coherenceScore="0.0040650406504065045">bn:00094410v</annotation>
		<annotation source="MCS" anchor="douceur" bfScore="--" coherenceScore="--">bn:00050667n</annotation>
		<annotation source="MCS" anchor="adversaires" bfScore="--" coherenceScore="--">bn:03666488n</annotation>
		<annotation source="MCS" anchor="espérance" bfScore="--" coherenceScore="--">bn:00044740n</annotation>
		<annotation source="MCS" anchor="repentance" bfScore="--" coherenceScore="--">bn:00808131n</annotation>
		<annotation source="MCS" anchor="arriver" bfScore="--" coherenceScore="--">bn:00083286v</annotation>
		<annotation source="MCS" anchor="connaissance" bfScore="--" coherenceScore="--">bn:00020452n</annotation>
		<annotation source="MCS" anchor="revenus" bfScore="--" coherenceScore="--">bn:00092969v</annotation>
		<annotation source="BABELFY" anchor="bon sens" bfScore="1.0" coherenceScore="0.17073170731707318">bn:00021164n</annotation>
		<annotation source="MCS" anchor="sens" bfScore="--" coherenceScore="--">bn:00070494n</annotation>
		<annotation source="BABELFY" anchor="dégageront" bfScore="0.9900990099009901" coherenceScore="0.06097560975609756">bn:00088095v</annotation>
		<annotation source="MCS" anchor="pièges" bfScore="--" coherenceScore="--">bn:00078068n</annotation>
		<annotation source="MCS" anchor="soumettre" bfScore="--" coherenceScore="--">bn:00094538v</annotation>
		<annotation source="MCS" anchor="volonté" bfScore="--" coherenceScore="--">bn:00081239n</annotation>
	</annotations>
</paragraph>
<paragraph id="p.3">
	<text>
		Sache que , dans les derniers jours , il y aura des temps difficiles .
		Car les hommes seront égoïstes , amis de l ` argent , fanfarons , hautains , blasphémateurs , rebelles à leurs parents , ingrats , irréligieux ,
		insensibles , déloyaux , calomniateurs , intempérants , cruels , ennemis des gens de bien ,
		traîtres , emportés , enflés d ` orgueil , aimant le plaisir plus que Dieu ,
		ayant l ` apparence de la piété , mais reniant ce qui en fait la force . Éloigne - toi de ces hommes - là .
		Il en est parmi eux qui s ` introduisent dans les maisons , et qui captivent des femmes d ` un esprit faible et borné , chargées de péchés , agitées par des passions de toute espèce ,
		apprenant toujours et ne pouvant jamais arriver à la connaissance de la vérité .
		De même que Jannès et Jambrès s ` opposèrent à Moïse , de même ces hommes s ` opposent à la vérité , étant corrompus d ` entendement , réprouvés en ce qui concerne la foi .
		Mais ils ne feront pas de plus grands progrès ; car leur folie sera manifeste pour tous , comme le fut celle de ces deux hommes .
		Pour toi , tu as suivi de près mon enseignement , ma conduite , mes résolutions , ma foi , ma douceur , ma charité , ma constance ,
		mes persécutions , mes souffrances . A quelles souffrances n ` ai - je pas été exposé à Antioche , à Icone , à Lystre ? Quelles persécutions n ` ai - je pas supportées ? Et le Seigneur m ` a délivré de toutes .
		Or , tous ceux qui veulent vivre pieusement en Jésus Christ seront persécutés .
		Mais les homme méchants et imposteurs avanceront toujours plus dans le mal , égarants les autres et égarés eux - mêmes .
		Toi , demeure dans les choses que tu as apprises , et reconnues certaines , sachant de qui tu les as apprises ;
		dès ton enfance , tu connais les saintes lettres , qui peuvent te rendre sage à salut par la foi en Jésus Christ .
		Toute Écriture est inspirée de Dieu , et utile pour enseigner , pour convaincre , pour corriger , pour instruire dans la justice ,
		afin que l ` homme de Dieu soit accompli et propre à toute bonne oeuvre .
	</text>
	<annotations>
		<annotation source="MCS" anchor="Sache" bfScore="--" coherenceScore="--">bn:00090142v</annotation>
		<annotation source="MCS" anchor="derniers" bfScore="--" coherenceScore="--">bn:00105773a</annotation>
		<annotation source="MCS" anchor="jours" bfScore="--" coherenceScore="--">bn:00000086n</annotation>
		<annotation source="MCS" anchor="aura" bfScore="--" coherenceScore="--">bn:00088733v</annotation>
		<annotation source="BABELFY" anchor="temps" bfScore="0.8743206989062392" coherenceScore="0.5157232704402516">bn:00077270n</annotation>
		<annotation source="BABELFY" anchor="temps difficiles" bfScore="1.0" coherenceScore="0.1320754716981132">bn:03724442n</annotation>
		<annotation source="MCS" anchor="difficiles" bfScore="--" coherenceScore="--">bn:00101358a</annotation>
		<annotation source="MCS" anchor="hommes" bfScore="--" coherenceScore="--">bn:00044576n</annotation>
		<annotation source="MCS" anchor="seront" bfScore="--" coherenceScore="--">bn:00083187v</annotation>
		<annotation source="BABELFY" anchor="égoïstes" bfScore="1.0" coherenceScore="0.050314465408805034">bn:00110345a</annotation>
		<annotation source="MCS" anchor="amis" bfScore="--" coherenceScore="--">bn:00036538n</annotation>
		<annotation source="BABELFY" anchor="argent" bfScore="0.749251497005988" coherenceScore="0.24528301886792453">bn:00055644n</annotation>
		<annotation source="BABELFY" anchor="fanfarons" bfScore="1.0" coherenceScore="0.12578616352201258">bn:00098348a</annotation>
		<annotation source="MCS" anchor="hautains" bfScore="--" coherenceScore="--">bn:00101507a</annotation>
		<annotation source="MCS" anchor="rebelles" bfScore="--" coherenceScore="--">bn:00100400a</annotation>
		<annotation source="BABELFY" anchor="parents" bfScore="1.0" coherenceScore="0.18867924528301888">bn:00060643n</annotation>
		<annotation source="BABELFY" anchor="ingrats" bfScore="0.8554502369668247" coherenceScore="0.11949685534591195">bn:00111791a</annotation>
		<annotation source="BABELFY" anchor="insensibles" bfScore="0.8181818181818182" coherenceScore="0.05660377358490566">bn:00105178a</annotation>
		<annotation source="BABELFY" anchor="déloyaux" bfScore="0.780439121756487" coherenceScore="0.14465408805031446">bn:00101542a</annotation>
		<annotation source="BABELFY" anchor="calomniateurs" bfScore="1.0" coherenceScore="0.15723270440251572">bn:00007764n</annotation>
		<annotation source="BABELFY" anchor="cruels" bfScore="0.9965034965034965" coherenceScore="0.18867924528301888">bn:00098042a</annotation>
		<annotation source="MCS" anchor="ennemis" bfScore="--" coherenceScore="--">bn:13675359a</annotation>
		<annotation source="MCS" anchor="gens" bfScore="--" coherenceScore="--">bn:00037747n</annotation>
		<annotation source="MCS" anchor="bien" bfScore="--" coherenceScore="--">bn:00115530r</annotation>
		<annotation source="MCS" anchor="traîtres" bfScore="--" coherenceScore="--">bn:00112088a</annotation>
		<annotation source="BABELFY" anchor="emportés" bfScore="0.9014084507042254" coherenceScore="0.10062893081761007">bn:00083231v</annotation>
		<annotation source="BABELFY" anchor="enflés" bfScore="1.0" coherenceScore="0.012578616352201259">bn:00098668a</annotation>
		<annotation source="MCS" anchor="orgueil" bfScore="--" coherenceScore="--">bn:00064338n</annotation>
		<annotation source="MCS" anchor="aimant" bfScore="--" coherenceScore="--">bn:00090504v</annotation>
		<annotation source="MCS" anchor="plaisir" bfScore="--" coherenceScore="--">bn:00062972n</annotation>
		<annotation source="MCS" anchor="plus" bfScore="--" coherenceScore="--">bn:00115880r</annotation>
		<annotation source="BABELFY" anchor="Dieu" bfScore="0.7674826789838337" coherenceScore="0.779874213836478">bn:00040878n</annotation>
		<annotation source="MCS" anchor="ayant" bfScore="--" coherenceScore="--">bn:00088733v</annotation>
		<annotation source="BABELFY" anchor="apparence" bfScore="0.7608881298035867" coherenceScore="0.16981132075471697">bn:00005023n</annotation>
		<annotation source="MCS" anchor="piété" bfScore="--" coherenceScore="--">bn:00062339n</annotation>
		<annotation source="MCS" anchor="reniant" bfScore="--" coherenceScore="--">bn:00092723v</annotation>
		<annotation source="MCS" anchor="fait" bfScore="--" coherenceScore="--">bn:00087107v</annotation>
		<annotation source="MCS" anchor="force" bfScore="--" coherenceScore="--">bn:00035768n</annotation>
		<annotation source="BABELFY" anchor="Éloigne" bfScore="0.9664429530201343" coherenceScore="0.12578616352201258">bn:00082131v</annotation>
		<annotation source="MCS" anchor="est" bfScore="--" coherenceScore="--">bn:00083187v</annotation>
		<annotation source="MCS" anchor="introduisent" bfScore="--" coherenceScore="--">bn:00087681v</annotation>
		<annotation source="MCS" anchor="maisons" bfScore="--" coherenceScore="--">bn:00044994n</annotation>
		<annotation source="MCS" anchor="captivent" bfScore="--" coherenceScore="--">bn:00083288v</annotation>
		<annotation source="BABELFY" anchor="femmes" bfScore="0.7713718570798412" coherenceScore="0.5471698113207547">bn:00001530n</annotation>
		<annotation source="MCS" anchor="esprit" bfScore="--" coherenceScore="--">bn:00012681n</annotation>
		<annotation source="MCS" anchor="faible" bfScore="--" coherenceScore="--">bn:00113737a</annotation>
		<annotation source="BABELFY" anchor="borné" bfScore="1.0" coherenceScore="0.09433962264150944">bn:00099873a</annotation>
		<annotation source="MCS" anchor="chargées" bfScore="--" coherenceScore="--">bn:00090165v</annotation>
		<annotation source="BABELFY" anchor="péchés" bfScore="0.7404795486600846" coherenceScore="0.33962264150943394">bn:00071707n</annotation>
		<annotation source="MCS" anchor="agitées" bfScore="--" coherenceScore="--">bn:00082470v</annotation>
		<annotation source="MCS" anchor="passions" bfScore="--" coherenceScore="--">bn:00060907n</annotation>
		<annotation source="BABELFY" anchor="espèce" bfScore="0.9082512315270936" coherenceScore="0.15723270440251572">bn:00073210n</annotation>
		<annotation source="MCS" anchor="apprenant" bfScore="--" coherenceScore="--">bn:00082281v</annotation>
		<annotation source="MCS" anchor="toujours" bfScore="--" coherenceScore="--">bn:00114251r</annotation>
		<annotation source="MCS" anchor="pouvant" bfScore="--" coherenceScore="--">bn:13601970v</annotation>
		<annotation source="BABELFY" anchor="jamais" bfScore="0.9205776173285198" coherenceScore="0.09433962264150944">bn:00116326r</annotation>
		<annotation source="MCS" anchor="arriver" bfScore="--" coherenceScore="--">bn:00083286v</annotation>
		<annotation source="MCS" anchor="connaissance" bfScore="--" coherenceScore="--">bn:00020452n</annotation>
		<annotation source="BABELFY" anchor="vérité" bfScore="0.9482322201355434" coherenceScore="0.4968553459119497">bn:00072816n</annotation>
		<annotation source="BABELFY" anchor="Jannès et Jambrès" bfScore="1.0" coherenceScore="0.09433962264150944">bn:01258276n</annotation>
		<annotation source="MCS" anchor="opposèrent" bfScore="--" coherenceScore="--">bn:00085735v</annotation>
		<annotation source="BABELFY" anchor="Moïse" bfScore="0.9264363354037267" coherenceScore="0.27044025157232704">bn:00055973n</annotation>
		<annotation source="MCS" anchor="opposent" bfScore="--" coherenceScore="--">bn:00085735v</annotation>
		<annotation source="MCS" anchor="étant" bfScore="--" coherenceScore="--">bn:00083187v</annotation>
		<annotation source="MCS" anchor="corrompus" bfScore="--" coherenceScore="--">bn:00085845v</annotation>
		<annotation source="MCS" anchor="entendement" bfScore="--" coherenceScore="--">bn:07720161n</annotation>
		<annotation source="BABELFY" anchor="réprouvés" bfScore="1.0" coherenceScore="0.0440251572327044">bn:00082377v</annotation>
		<annotation source="BABELFY" anchor="concerne" bfScore="0.9357798165137615" coherenceScore="0.1069182389937107">bn:00083240v</annotation>
		<annotation source="BABELFY" anchor="foi" bfScore="0.8259008406437895" coherenceScore="0.8364779874213837">bn:00032768n</annotation>
		<annotation source="MCS" anchor="feront" bfScore="--" coherenceScore="--">bn:00087107v</annotation>
		<annotation source="MCS" anchor="plus grands" bfScore="--" coherenceScore="--">bn:00105743a</annotation>
		<annotation source="MCS" anchor="grands" bfScore="--" coherenceScore="--">bn:00111630a</annotation>
		<annotation source="BABELFY" anchor="progrès" bfScore="0.9452054794520548" coherenceScore="0.14465408805031446">bn:00970321n</annotation>
		<annotation source="MCS" anchor="folie" bfScore="--" coherenceScore="--">bn:00046865n</annotation>
		<annotation source="MCS" anchor="sera" bfScore="--" coherenceScore="--">bn:00083187v</annotation>
		<annotation source="MCS" anchor="manifeste" bfScore="--" coherenceScore="--">bn:00100009a</annotation>
		<annotation source="MCS" anchor="fut" bfScore="--" coherenceScore="--">bn:00083187v</annotation>
		<annotation source="MCS" anchor="as" bfScore="--" coherenceScore="--">bn:00088733v</annotation>
		<annotation source="MCS" anchor="suivi" bfScore="--" coherenceScore="--">bn:00088421v</annotation>
		<annotation source="BABELFY" anchor="près" bfScore="0.9425742574257425" coherenceScore="0.1069182389937107">bn:00114747r</annotation>
		<annotation source="MCS" anchor="enseignement" bfScore="--" coherenceScore="--">bn:00046956n</annotation>
		<annotation source="MCS" anchor="conduite" bfScore="--" coherenceScore="--">bn:00028801n</annotation>
		<annotation source="MCS" anchor="résolutions" bfScore="--" coherenceScore="--">bn:00025735n</annotation>
		<annotation source="MCS" anchor="douceur" bfScore="--" coherenceScore="--">bn:00050667n</annotation>
		<annotation source="MCS" anchor="charité" bfScore="--" coherenceScore="--">bn:00013380n</annotation>
		<annotation source="BABELFY" anchor="persécutions" bfScore="1.0" coherenceScore="0.1761006289308176">bn:00061697n</annotation>
		<annotation source="MCS" anchor="souffrances" bfScore="--" coherenceScore="--">bn:00002072n</annotation>
		<annotation source="MCS" anchor="ai" bfScore="--" coherenceScore="--">bn:00088733v</annotation>
		<annotation source="MCS" anchor="été" bfScore="--" coherenceScore="--">bn:00083187v</annotation>
		<annotation source="MCS" anchor="exposé" bfScore="--" coherenceScore="--">bn:00087841v</annotation>
		<annotation source="BABELFY" anchor="Antioche" bfScore="1.0" coherenceScore="0.1320754716981132">bn:00004474n</annotation>
		<annotation source="BABELFY" anchor="Icone" bfScore="0.949896480331263" coherenceScore="0.1949685534591195">bn:00045773n</annotation>
		<annotation source="BABELFY" anchor="Lystre" bfScore="1.0" coherenceScore="0.09433962264150944">bn:01045282n</annotation>
		<annotation source="BABELFY" anchor="persécutions" bfScore="1.0" coherenceScore="0.1069182389937107">bn:00091182v</annotation>
		<annotation source="BABELFY" anchor="supportées" bfScore="0.7696019300361882" coherenceScore="0.13836477987421383">bn:00082138v</annotation>
		<annotation source="MCS" anchor="Seigneur" bfScore="--" coherenceScore="--">bn:00070296n</annotation>
		<annotation source="MCS" anchor="délivré" bfScore="--" coherenceScore="--">bn:00084099v</annotation>
		<annotation source="MCS" anchor="Or" bfScore="--" coherenceScore="--">bn:00040921n</annotation>
		<annotation source="MCS" anchor="veulent" bfScore="--" coherenceScore="--">bn:00086682v</annotation>
		<annotation source="MCS" anchor="vivre" bfScore="--" coherenceScore="--">bn:00087617v</annotation>
		<annotation source="BABELFY" anchor="pieusement" bfScore="1.0" coherenceScore="0.050314465408805034">bn:00115008r</annotation>
		<annotation source="BABELFY" anchor="Jésus" bfScore="0.8692617210946357" coherenceScore="0.7169811320754716">bn:00018805n</annotation>
		<annotation source="BABELFY" anchor="Jésus Christ" bfScore="1.0" coherenceScore="0.7232704402515723">bn:00018805n</annotation>
		<annotation source="BABELFY" anchor="Christ" bfScore="0.9954593084177437" coherenceScore="0.7169811320754716">bn:00018805n</annotation>
		<annotation source="BABELFY" anchor="persécutés" bfScore="1.0" coherenceScore="0.1069182389937107">bn:00091182v</annotation>
		<annotation source="MCS" anchor="homme" bfScore="--" coherenceScore="--">bn:00044576n</annotation>
		<annotation source="MCS" anchor="méchants" bfScore="--" coherenceScore="--">bn:00113857a</annotation>
		<annotation source="MCS" anchor="imposteurs" bfScore="--" coherenceScore="--">bn:00032777n</annotation>
		<annotation source="MCS" anchor="avanceront" bfScore="--" coherenceScore="--">bn:00085715v</annotation>
		<annotation source="MCS" anchor="mal" bfScore="--" coherenceScore="--">bn:00032048n</annotation>
		<annotation source="MCS" anchor="autres" bfScore="--" coherenceScore="--">bn:00101268a</annotation>
		<annotation source="BABELFY" anchor="égarés" bfScore="0.7933104631217839" coherenceScore="0.15723270440251572">bn:00090250v</annotation>
		<annotation source="BABELFY" anchor="demeure" bfScore="0.707514450867052" coherenceScore="0.1069182389937107">bn:00000356n</annotation>
		<annotation source="MCS" anchor="choses" bfScore="--" coherenceScore="--">bn:00076925n</annotation>
		<annotation source="MCS" anchor="apprises" bfScore="--" coherenceScore="--">bn:00082281v</annotation>
		<annotation source="MCS" anchor="reconnues" bfScore="--" coherenceScore="--">bn:00082272v</annotation>
		<annotation source="MCS" anchor="sachant" bfScore="--" coherenceScore="--">bn:00090142v</annotation>
		<annotation source="MCS" anchor="enfance" bfScore="--" coherenceScore="--">bn:00018365n</annotation>
		<annotation source="MCS" anchor="connais" bfScore="--" coherenceScore="--">bn:00082272v</annotation>
		<annotation source="MCS" anchor="saintes" bfScore="--" coherenceScore="--">bn:00110031a</annotation>
		<annotation source="MCS" anchor="lettres" bfScore="--" coherenceScore="--">bn:00050802n</annotation>
		<annotation source="MCS" anchor="peuvent" bfScore="--" coherenceScore="--">bn:13601970v</annotation>
		<annotation source="MCS" anchor="rendre" bfScore="--" coherenceScore="--">bn:00092791v</annotation>
		<annotation source="MCS" anchor="salut" bfScore="--" coherenceScore="--">bn:00066712n</annotation>
		<annotation source="MCS" anchor="Écriture" bfScore="--" coherenceScore="--">bn:00007306n</annotation>
		<annotation source="MCS" anchor="inspirée" bfScore="--" coherenceScore="--">bn:00084027v</annotation>
		<annotation source="MCS" anchor="utile" bfScore="--" coherenceScore="--">bn:00104094a</annotation>
		<annotation source="BABELFY" anchor="enseigner" bfScore="0.7219983883964545" coherenceScore="0.20125786163522014">bn:00089791v</annotation>
		<annotation source="MCS" anchor="convaincre" bfScore="--" coherenceScore="--">bn:00084573v</annotation>
		<annotation source="MCS" anchor="corriger" bfScore="--" coherenceScore="--">bn:00085831v</annotation>
		<annotation source="BABELFY" anchor="instruire" bfScore="0.9289617486338798" coherenceScore="0.18867924528301888">bn:00089724v</annotation>
		<annotation source="BABELFY" anchor="justice" bfScore="0.7270962374040861" coherenceScore="0.34591194968553457">bn:00048668n</annotation>
		<annotation source="BABELFY" anchor="homme de Dieu" bfScore="1.0" coherenceScore="0.09433962264150944">bn:02363046n</annotation>
		<annotation source="MCS" anchor="soit" bfScore="--" coherenceScore="--">bn:00083187v</annotation>
		<annotation source="BABELFY" anchor="accompli" bfScore="1.0" coherenceScore="0.018867924528301886">bn:00096276a</annotation>
		<annotation source="MCS" anchor="propre" bfScore="--" coherenceScore="--">bn:00099776a</annotation>
		<annotation source="MCS" anchor="bonne" bfScore="--" coherenceScore="--">bn:00103672a</annotation>
		<annotation source="BABELFY" anchor="oeuvre" bfScore="0.918886581975578" coherenceScore="0.6415094339622641">bn:00017339n</annotation>
	</annotations>
</paragraph>
<paragraph id="p.4">
	<text>
		Je t ` en conjure devant Dieu et devant Jésus Christ , qui doit juger les vivants et les morts , et au nom de son apparition et de son royaume ,
		prêche la parole , insiste en toute occasion , favorable ou non , reprends , censure , exhorte , avec toute douceur et en instruisant .
		Car il viendra un temps où les hommes ne supporteront pas la saine doctrine ; mais , ayant la démangeaison d ` entendre des choses agréables , ils se donneront une foule de docteurs selon leurs propres désires ,
		détourneront l ` oreille de la vérité , et se tourneront vers les fables .
		Mais toi , sois sobre en toutes choses , supporte les souffrances , fais l ` oeuvre d ` un évangéliste , remplis bien ton ministère .
		Car pour moi , je sers déjà de libation , et le moment de mon départ approche .
		J ` ai combattu le bon combat , j ` ai achevé la course , j ` ai gardé la foi .
		Désormais la couronne de justice m ` est réservée ; le Seigneur , le juste juge , me le donnera dans ce jour - là , et non seulement à moi , mais encore à tous ceux qui auront aimé son avènement .
		Viens au plus tôt vers moi ;
		car Démas m ` a abandonné , par amour pour le siècle présent , et il est parti pour Thessalonique ; Crescens est allé en Galatie , Tite en Dalmatie .
		Luc seul est avec moi . Prends Marc , et amène - le avec toi , car il m ` est utile pour le ministère .
		J ` ai envoyé Tychique à Éphèse .
		Quand tu viendras , apporte le manteau que j ` ai laissé à Troas chez Carpus , et les livres , surtout les parchemins .
		Alexandre , le forgeron , m ` a fait beaucoup de mal . Le Seigneur lui rendra selon ses oeuvres .
		Garde - toi aussi de lui , car il s ` est fortement opposé à nos paroles .
		Dans ma première défense , personne ne m ` a assisté , mais tous m ` ont abandonné . Que cela ne leur soit point imputé !
		C ` est le Seigneur qui m ` a assisté et qui m ` a fortifié , afin que la prédication fût accomplie par moi et que tous les païens l ` entendissent . Et j ` ai été délivré de la gueule du lion .
		Le Seigneur me délivrera de toute oeuvre mauvaise , et il me sauvera pour me faire entrer dans son royaume céleste . A lui soit la gloire aux siècles des siècles ! Amen !
		Salue Prisca et Aquilas , et la famille d ` Onésiphore .
		Éraste est resté à Corinthe , et j ` ai laissé Trophime malade à Milet .
		Tâche de venir avant l ` hiver . Eubulus , Pudens , Linus , Claudia , et tous les frères te saluent .
		Que le Seigneur soit avec ton esprit ! Que la grâce soit avec vous !
	</text>
	<annotations>
		<annotation source="BABELFY" anchor="conjure" bfScore="1.0" coherenceScore="0.00510204081632653">bn:00084352v</annotation>
		<annotation source="BABELFY" anchor="Dieu" bfScore="0.8813396317144231" coherenceScore="0.826530612244898">bn:00040878n</annotation>
		<annotation source="BABELFY" anchor="Jésus" bfScore="0.9590458512696971" coherenceScore="0.7959183673469388">bn:00018805n</annotation>
		<annotation source="BABELFY" anchor="Jésus Christ" bfScore="1.0" coherenceScore="0.8010204081632653">bn:00018805n</annotation>
		<annotation source="BABELFY" anchor="Christ" bfScore="0.9983068246963617" coherenceScore="0.7959183673469388">bn:00018805n</annotation>
		<annotation source="MCS" anchor="doit" bfScore="--" coherenceScore="--">bn:00091360v</annotation>
		<annotation source="MCS" anchor="juger" bfScore="--" coherenceScore="--">bn:00090000v</annotation>
		<annotation source="BABELFY" anchor="vivants" bfScore="1.0" coherenceScore="0.04081632653061224">bn:00051639n</annotation>
		<annotation source="BABELFY" anchor="morts" bfScore="0.7258887316043909" coherenceScore="0.5459183673469388">bn:00025582n</annotation>
		<annotation source="MCS" anchor="nom" bfScore="--" coherenceScore="--">bn:00056758n</annotation>
		<annotation source="MCS" anchor="apparition" bfScore="--" coherenceScore="--">bn:00005014n</annotation>
		<annotation source="MCS" anchor="royaume" bfScore="--" coherenceScore="--">bn:00049170n</annotation>
		<annotation source="MCS" anchor="prêche" bfScore="--" coherenceScore="--">bn:00091922v</annotation>
		<annotation source="BABELFY" anchor="parole" bfScore="0.8091908091908092" coherenceScore="0.30612244897959184">bn:00049911n</annotation>
		<annotation source="BABELFY" anchor="insiste" bfScore="0.7984665936473165" coherenceScore="0.1377551020408163">bn:00089773v</annotation>
		<annotation source="MCS" anchor="occasion" bfScore="--" coherenceScore="--">bn:00017621n</annotation>
		<annotation source="MCS" anchor="favorable" bfScore="--" coherenceScore="--">bn:00100218a</annotation>
		<annotation source="MCS" anchor="non" bfScore="--" coherenceScore="--">bn:00116350r</annotation>
		<annotation source="MCS" anchor="reprends" bfScore="--" coherenceScore="--">bn:00092413v</annotation>
		<annotation source="MCS" anchor="censure" bfScore="--" coherenceScore="--">bn:00017095n</annotation>
		<annotation source="BABELFY" anchor="exhorte" bfScore="0.9688581314878892" coherenceScore="0.07142857142857142">bn:00087843v</annotation>
		<annotation source="MCS" anchor="douceur" bfScore="--" coherenceScore="--">bn:00050667n</annotation>
		<annotation source="BABELFY" anchor="instruisant" bfScore="0.9960435212660732" coherenceScore="0.19387755102040816">bn:00089724v</annotation>
		<annotation source="MCS" anchor="viendra" bfScore="--" coherenceScore="--">bn:00085322v</annotation>
		<annotation source="MCS" anchor="temps" bfScore="--" coherenceScore="--">bn:00077270n</annotation>
		<annotation source="MCS" anchor="hommes" bfScore="--" coherenceScore="--">bn:00044576n</annotation>
		<annotation source="MCS" anchor="supporteront" bfScore="--" coherenceScore="--">bn:00082138v</annotation>
		<annotation source="MCS" anchor="saine" bfScore="--" coherenceScore="--">bn:00104025a</annotation>
		<annotation source="MCS" anchor="doctrine" bfScore="--" coherenceScore="--">bn:00028013n</annotation>
		<annotation source="MCS" anchor="ayant" bfScore="--" coherenceScore="--">bn:00088733v</annotation>
		<annotation source="BABELFY" anchor="démangeaison" bfScore="1.0" coherenceScore="0.025510204081632654">bn:00047727n</annotation>
		<annotation source="MCS" anchor="entendre" bfScore="--" coherenceScore="--">bn:00089277v</annotation>
		<annotation source="MCS" anchor="choses" bfScore="--" coherenceScore="--">bn:00076925n</annotation>
		<annotation source="MCS" anchor="agréables" bfScore="--" coherenceScore="--">bn:00108680a</annotation>
		<annotation source="MCS" anchor="donneront" bfScore="--" coherenceScore="--">bn:00088815v</annotation>
		<annotation source="MCS" anchor="foule" bfScore="--" coherenceScore="--">bn:00021604n</annotation>
		<annotation source="MCS" anchor="docteurs" bfScore="--" coherenceScore="--">bn:00027995n</annotation>
		<annotation source="MCS" anchor="propres" bfScore="--" coherenceScore="--">bn:01317052n</annotation>
		<annotation source="MCS" anchor="désires" bfScore="--" coherenceScore="--">bn:00085989v</annotation>
		<annotation source="MCS" anchor="détourneront" bfScore="--" coherenceScore="--">bn:00082954v</annotation>
		<annotation source="BABELFY" anchor="oreille" bfScore="0.9417163836622304" coherenceScore="0.19387755102040816">bn:00029372n</annotation>
		<annotation source="BABELFY" anchor="vérité" bfScore="0.9551754644647596" coherenceScore="0.41836734693877553">bn:00072816n</annotation>
		<annotation source="MCS" anchor="tourneront" bfScore="--" coherenceScore="--">bn:00095233v</annotation>
		<annotation source="MCS" anchor="sois" bfScore="--" coherenceScore="--">bn:00083187v</annotation>
		<annotation source="MCS" anchor="sobre" bfScore="--" coherenceScore="--">bn:00110837a</annotation>
		<annotation source="MCS" anchor="supporte" bfScore="--" coherenceScore="--">bn:00082138v</annotation>
		<annotation source="MCS" anchor="souffrances" bfScore="--" coherenceScore="--">bn:00002072n</annotation>
		<annotation source="MCS" anchor="fais" bfScore="--" coherenceScore="--">bn:00087107v</annotation>
		<annotation source="MCS" anchor="oeuvre" bfScore="--" coherenceScore="--">bn:00011767n</annotation>
		<annotation source="MCS" anchor="évangéliste" bfScore="--" coherenceScore="--">bn:00031981n</annotation>
		<annotation source="MCS" anchor="remplis" bfScore="--" coherenceScore="--">bn:00088175v</annotation>
		<annotation source="MCS" anchor="bien" bfScore="--" coherenceScore="--">bn:00115530r</annotation>
		<annotation source="MCS" anchor="ministère" bfScore="--" coherenceScore="--">bn:00055178n</annotation>
		<annotation source="MCS" anchor="sers" bfScore="--" coherenceScore="--">bn:00089309v</annotation>
		<annotation source="MCS" anchor="déjà" bfScore="--" coherenceScore="--">bn:00114245r</annotation>
		<annotation source="MCS" anchor="libation" bfScore="--" coherenceScore="--">bn:00050930n</annotation>
		<annotation source="MCS" anchor="moment" bfScore="--" coherenceScore="--">bn:00010728n</annotation>
		<annotation source="MCS" anchor="départ" bfScore="--" coherenceScore="--">bn:00026343n</annotation>
		<annotation source="MCS" anchor="approche" bfScore="--" coherenceScore="--">bn:00082732v</annotation>
		<annotation source="MCS" anchor="ai" bfScore="--" coherenceScore="--">bn:00088733v</annotation>
		<annotation source="MCS" anchor="combattu" bfScore="--" coherenceScore="--">bn:00085711v</annotation>
		<annotation source="MCS" anchor="bon" bfScore="--" coherenceScore="--">bn:00103672a</annotation>
		<annotation source="MCS" anchor="combat" bfScore="--" coherenceScore="--">bn:00005731n</annotation>
		<annotation source="MCS" anchor="achevé" bfScore="--" coherenceScore="--">bn:00085475v</annotation>
		<annotation source="MCS" anchor="course" bfScore="--" coherenceScore="--">bn:00065828n</annotation>
		<annotation source="MCS" anchor="gardé" bfScore="--" coherenceScore="--">bn:00089407v</annotation>
		<annotation source="BABELFY" anchor="foi" bfScore="0.9091423490421147" coherenceScore="0.8316326530612245">bn:00032768n</annotation>
		<annotation source="MCS" anchor="Désormais" bfScore="--" coherenceScore="--">bn:00116382r</annotation>
		<annotation source="MCS" anchor="couronne" bfScore="--" coherenceScore="--">bn:00049469n</annotation>
		<annotation source="MCS" anchor="justice" bfScore="--" coherenceScore="--">bn:00048668n</annotation>
		<annotation source="MCS" anchor="est" bfScore="--" coherenceScore="--">bn:00083187v</annotation>
		<annotation source="MCS" anchor="réservée" bfScore="--" coherenceScore="--">bn:00083774v</annotation>
		<annotation source="MCS" anchor="Seigneur" bfScore="--" coherenceScore="--">bn:00070296n</annotation>
		<annotation source="MCS" anchor="juste" bfScore="--" coherenceScore="--">bn:00102719a</annotation>
		<annotation source="BABELFY" anchor="juge" bfScore="0.7277926038886771" coherenceScore="0.23469387755102042">bn:00048488n</annotation>
		<annotation source="MCS" anchor="donnera" bfScore="--" coherenceScore="--">bn:00088815v</annotation>
		<annotation source="MCS" anchor="seulement" bfScore="--" coherenceScore="--">bn:00116448r</annotation>
		<annotation source="BABELFY" anchor="encore" bfScore="0.8058058058058059" coherenceScore="0.23469387755102042">bn:00114171r</annotation>
		<annotation source="MCS" anchor="auront" bfScore="--" coherenceScore="--">bn:00088733v</annotation>
		<annotation source="MCS" anchor="aimé" bfScore="--" coherenceScore="--">bn:00090504v</annotation>
		<annotation source="MCS" anchor="avènement" bfScore="--" coherenceScore="--">bn:00001565n</annotation>
		<annotation source="MCS" anchor="Viens" bfScore="--" coherenceScore="--">bn:00085322v</annotation>
		<annotation source="MCS" anchor="plus" bfScore="--" coherenceScore="--">bn:00115880r</annotation>
		<annotation source="BABELFY" anchor="plus tôt" bfScore="1.0" coherenceScore="0.02040816326530612">bn:00114297r</annotation>
		<annotation source="BABELFY" anchor="tôt" bfScore="0.9307692307692308" coherenceScore="0.05612244897959184">bn:00114190r</annotation>
		<annotation source="MCS" anchor="abandonné" bfScore="--" coherenceScore="--">bn:00082118v</annotation>
		<annotation source="BABELFY" anchor="amour" bfScore="0.858819003654549" coherenceScore="0.4846938775510204">bn:00052121n</annotation>
		<annotation source="MCS" anchor="siècle" bfScore="--" coherenceScore="--">bn:00017234n</annotation>
		<annotation source="MCS" anchor="présent" bfScore="--" coherenceScore="--">bn:00108978a</annotation>
		<annotation source="MCS" anchor="parti" bfScore="--" coherenceScore="--">bn:00088939v</annotation>
		<annotation source="BABELFY" anchor="Thessalonique" bfScore="0.7777777777777778" coherenceScore="0.05612244897959184">bn:00068981n</annotation>
		<annotation source="MCS" anchor="Crescens" bfScore="--" coherenceScore="--">bn:04712734n</annotation>
		<annotation source="MCS" anchor="allé" bfScore="--" coherenceScore="--">bn:00087905v</annotation>
		<annotation source="BABELFY" anchor="Galatie" bfScore="1.0" coherenceScore="0.05612244897959184">bn:00037053n</annotation>
		<annotation source="BABELFY" anchor="Dalmatie" bfScore="1.0" coherenceScore="0.025510204081632654">bn:00025067n</annotation>
		<annotation source="BABELFY" anchor="Luc" bfScore="0.74267578125" coherenceScore="0.1989795918367347">bn:00041150n</annotation>
		<annotation source="MCS" anchor="seul" bfScore="--" coherenceScore="--">bn:00096872a</annotation>
		<annotation source="MCS" anchor="Prends" bfScore="--" coherenceScore="--">bn:00088762v</annotation>
		<annotation source="MCS" anchor="Marc" bfScore="--" coherenceScore="--">bn:00053348n</annotation>
		<annotation source="MCS" anchor="amène" bfScore="--" coherenceScore="--">bn:00084058v</annotation>
		<annotation source="MCS" anchor="utile" bfScore="--" coherenceScore="--">bn:00104094a</annotation>
		<annotation source="MCS" anchor="envoyé" bfScore="--" coherenceScore="--">bn:00093485v</annotation>
		<annotation source="BABELFY" anchor="Éphèse" bfScore="1.0" coherenceScore="0.10204081632653061">bn:00031129n</annotation>
		<annotation source="MCS" anchor="viendras" bfScore="--" coherenceScore="--">bn:00085322v</annotation>
		<annotation source="MCS" anchor="apporte" bfScore="--" coherenceScore="--">bn:00084060v</annotation>
		<annotation source="MCS" anchor="manteau" bfScore="--" coherenceScore="--">bn:00020184n</annotation>
		<annotation source="MCS" anchor="laissé" bfScore="--" coherenceScore="--">bn:00090271v</annotation>
		<annotation source="MCS" anchor="Troas" bfScore="--" coherenceScore="--">bn:14587120n</annotation>
		<annotation source="BABELFY" anchor="Carpus" bfScore="0.9230769230769231" coherenceScore="0.030612244897959183">bn:00006143n</annotation>
		<annotation source="BABELFY" anchor="livres" bfScore="0.7211490837048044" coherenceScore="0.24489795918367346">bn:00012059n</annotation>
		<annotation source="MCS" anchor="surtout" bfScore="--" coherenceScore="--">bn:00114082r</annotation>
		<annotation source="BABELFY" anchor="parchemins" bfScore="0.9952153110047847" coherenceScore="0.0663265306122449">bn:00049774n</annotation>
		<annotation source="BABELFY" anchor="Alexandre" bfScore="0.9266697804764129" coherenceScore="0.16326530612244897">bn:00002612n</annotation>
		<annotation source="MCS" anchor="forgeron" bfScore="--" coherenceScore="--">bn:00011046n</annotation>
		<annotation source="MCS" anchor="fait" bfScore="--" coherenceScore="--">bn:00087107v</annotation>
		<annotation source="MCS" anchor="beaucoup" bfScore="--" coherenceScore="--">bn:00114047r</annotation>
		<annotation source="MCS" anchor="mal" bfScore="--" coherenceScore="--">bn:00032048n</annotation>
		<annotation source="MCS" anchor="rendra" bfScore="--" coherenceScore="--">bn:00092791v</annotation>
		<annotation source="MCS" anchor="oeuvres" bfScore="--" coherenceScore="--">bn:00011767n</annotation>
		<annotation source="MCS" anchor="Garde" bfScore="--" coherenceScore="--">bn:00089407v</annotation>
		<annotation source="MCS" anchor="aussi" bfScore="--" coherenceScore="--">bn:00114246r</annotation>
		<annotation source="MCS" anchor="fortement" bfScore="--" coherenceScore="--">bn:00117157r</annotation>
		<annotation source="MCS" anchor="opposé" bfScore="--" coherenceScore="--">bn:00085735v</annotation>
		<annotation source="BABELFY" anchor="paroles" bfScore="0.7985803016858918" coherenceScore="0.30612244897959184">bn:00049911n</annotation>
		<annotation source="MCS" anchor="défense" bfScore="--" coherenceScore="--">bn:00025878n</annotation>
		<annotation source="MCS" anchor="personne" bfScore="--" coherenceScore="--">bn:00116349r</annotation>
		<annotation source="BABELFY" anchor="assisté" bfScore="0.7079473427596294" coherenceScore="0.1683673469387755">bn:00082907v</annotation>
		<annotation source="MCS" anchor="ont" bfScore="--" coherenceScore="--">bn:00088733v</annotation>
		<annotation source="MCS" anchor="soit" bfScore="--" coherenceScore="--">bn:00083187v</annotation>
		<annotation source="MCS" anchor="imputé" bfScore="--" coherenceScore="--">bn:00089645v</annotation>
		<annotation source="MCS" anchor="fortifié" bfScore="--" coherenceScore="--">bn:00088505v</annotation>
		<annotation source="MCS" anchor="prédication" bfScore="--" coherenceScore="--">bn:04772898n</annotation>
		<annotation source="MCS" anchor="fût" bfScore="--" coherenceScore="--">bn:00083187v</annotation>
		<annotation source="MCS" anchor="accomplie" bfScore="--" coherenceScore="--">bn:00082225v</annotation>
		<annotation source="BABELFY" anchor="païens" bfScore="1.0" coherenceScore="0.04591836734693878">bn:00102421a</annotation>
		<annotation source="MCS" anchor="entendissent" bfScore="--" coherenceScore="--">bn:00089277v</annotation>
		<annotation source="MCS" anchor="été" bfScore="--" coherenceScore="--">bn:00083187v</annotation>
		<annotation source="MCS" anchor="délivré" bfScore="--" coherenceScore="--">bn:00084099v</annotation>
		<annotation source="MCS" anchor="gueule" bfScore="--" coherenceScore="--">bn:00014611n</annotation>
		<annotation source="BABELFY" anchor="lion" bfScore="0.903862660944206" coherenceScore="0.2755102040816326">bn:00049156n</annotation>
		<annotation source="MCS" anchor="délivrera" bfScore="--" coherenceScore="--">bn:00084099v</annotation>
		<annotation source="MCS" anchor="mauvaise" bfScore="--" coherenceScore="--">bn:00097966a</annotation>
		<annotation source="MCS" anchor="sauvera" bfScore="--" coherenceScore="--">bn:00086533v</annotation>
		<annotation source="MCS" anchor="faire" bfScore="--" coherenceScore="--">bn:00087107v</annotation>
		<annotation source="MCS" anchor="entrer" bfScore="--" coherenceScore="--">bn:00085363v</annotation>
		<annotation source="BABELFY" anchor="royaume céleste" bfScore="1.0" coherenceScore="0.04591836734693878">bn:03213627n</annotation>
		<annotation source="MCS" anchor="céleste" bfScore="--" coherenceScore="--">bn:00099415a</annotation>
		<annotation source="MCS" anchor="gloire" bfScore="--" coherenceScore="--">bn:00016991n</annotation>
		<annotation source="MCS" anchor="siècles" bfScore="--" coherenceScore="--">bn:00017234n</annotation>
		<annotation source="MCS" anchor="Salue" bfScore="--" coherenceScore="--">bn:00082703v</annotation>
		<annotation source="BABELFY" anchor="Prisca" bfScore="0.972972972972973" coherenceScore="0.030612244897959183">bn:00690136n</annotation>
		<annotation source="BABELFY" anchor="famille" bfScore="0.8308830002641078" coherenceScore="0.336734693877551">bn:00032893n</annotation>
		<annotation source="BABELFY" anchor="Éraste" bfScore="1.0" coherenceScore="0.04591836734693878">bn:03904677n</annotation>
		<annotation source="MCS" anchor="resté" bfScore="--" coherenceScore="--">bn:00085719v</annotation>
		<annotation source="BABELFY" anchor="Corinthe" bfScore="1.0" coherenceScore="0.09693877551020408">bn:00022652n</annotation>
		<annotation source="BABELFY" anchor="Trophime" bfScore="1.0" coherenceScore="0.00510204081632653">bn:04894363n</annotation>
		<annotation source="MCS" anchor="malade" bfScore="--" coherenceScore="--">bn:00104538a</annotation>
		<annotation source="BABELFY" anchor="Milet" bfScore="1.0" coherenceScore="0.0663265306122449">bn:03573391n</annotation>
		<annotation source="MCS" anchor="Tâche" bfScore="--" coherenceScore="--">bn:00018756n</annotation>
		<annotation source="MCS" anchor="venir" bfScore="--" coherenceScore="--">bn:00085322v</annotation>
		<annotation source="BABELFY" anchor="hiver" bfScore="0.704225352112676" coherenceScore="0.061224489795918366">bn:00081370n</annotation>
		<annotation source="BABELFY" anchor="Eubulus" bfScore="1.0" coherenceScore="0.01020408163265306">bn:14136201n</annotation>
		<annotation source="BABELFY" anchor="Linus" bfScore="0.8135593220338984" coherenceScore="0.030612244897959183">bn:14471523n</annotation>
		<annotation source="MCS" anchor="frères" bfScore="--" coherenceScore="--">bn:00011357n</annotation>
		<annotation source="MCS" anchor="saluent" bfScore="--" coherenceScore="--">bn:00082703v</annotation>
		<annotation source="BABELFY" anchor="esprit" bfScore="0.7196377059600059" coherenceScore="0.6377551020408163">bn:00012681n</annotation>
		<annotation source="MCS" anchor="grâce" bfScore="--" coherenceScore="--">bn:00041227n</annotation>
	</annotations>
</paragraph>
</dataset>
