<?xml version="1.0" encoding="utf-8"?>
<dataset language="FR" title="3JO">
<paragraph id="p.1">
	<text>
		L ` ancien , à Gaïus , le bien aimé , que j ` aime dans la vérité .
		Bien - aimé , je souhaite que tu prospères à tous égards et sois en bonne santé , comme prospère l ` état de ton âme .
		J ` ai été fort réjoui , lorsque des frères sont arrivés et ont rendu témoignage de la vérité qui est en toi , de la manière dont tu marches dans la vérité .
		Je n ` ai pas de plus grande joie que d ` apprendre que mes enfants marchent dans la vérité .
		Bien - aimé , tu agis fidèlement dans ce que tu fais pour les frères , et même pour des frères étrangers ,
		lesquels ont rendu témoignage de ta charité , en présence de l ` Église . Tu feras bien de pourvoir à leur voyage d ` une manière digne de Dieu .
		Car c ` est pour le nom de Jésus Christ qu ` ils sont partis , sans rien recevoir des païens .
		Nous devons donc accueillir de tels hommes , afin d ` être ouvriers avec eux pour la vérité .
		J ` ai écrit quelques mots à l ` Église ; mais Diotrèphe , qui aime à être le premier parmi eux , ne nous reçoit point .
		C ` est pourquoi , si je vais vous voir , je rappellerai les actes qu ` il commet , en tenant contre nous de méchants propos ; non content de cela , il ne reçoit pas les frères , et ceux qui voudraient le faire , il les en empêche et les chasse de l ` Église .
		Bien - aimé , n ` imite pas le mal , mais le bien . Celui qui fait le bien est de Dieu ; celui qui fait le mal n ` a point vu Dieu .
		Tous , et la vérité elle - même , rendent un bon témoignage à Démétrius ; nous aussi , nous lui rendons témoignage , et tu sais que notre témoignage est vrai .
		J ` aurais beaucoup de choses à t ` écrire , mais je ne veux pas le faire avec l ` encre et la plume .
		J ` espère te voir bientôt , et nous parlerons de bouche à bouche . ( 1 : 15 ) Que la paix soit avec toi ! Les amis te saluent . Salue les amis , chacun en particulier .
	</text>
	<annotations>
		<annotation source="MCS" anchor="ancien" bfScore="--" coherenceScore="--">bn:00107787a</annotation>
		<annotation source="BABELFY" anchor="Gaïus" bfScore="1.0" coherenceScore="0.040268456375838924">bn:03508661n</annotation>
		<annotation source="MCS" anchor="bien" bfScore="--" coherenceScore="--">bn:00115530r</annotation>
		<annotation source="MCS" anchor="aimé" bfScore="--" coherenceScore="--">bn:00090504v</annotation>
		<annotation source="MCS" anchor="aime" bfScore="--" coherenceScore="--">bn:00090504v</annotation>
		<annotation source="BABELFY" anchor="vérité" bfScore="0.929911412193851" coherenceScore="0.5570469798657718">bn:00072816n</annotation>
		<annotation source="BABELFY" anchor="Bien-aimé" bfScore="1.0" coherenceScore="0.040268456375838924">bn:00098224a</annotation>
		<annotation source="MCS" anchor="souhaite" bfScore="--" coherenceScore="--">bn:00095805v</annotation>
		<annotation source="BABELFY" anchor="prospères" bfScore="0.7128712871287128" coherenceScore="0.08053691275167785">bn:00088333v</annotation>
		<annotation source="MCS" anchor="égards" bfScore="--" coherenceScore="--">bn:04845262n</annotation>
		<annotation source="MCS" anchor="sois" bfScore="--" coherenceScore="--">bn:00083187v</annotation>
		<annotation source="MCS" anchor="bonne" bfScore="--" coherenceScore="--">bn:00103672a</annotation>
		<annotation source="BABELFY" anchor="bonne santé" bfScore="1.0" coherenceScore="0.08053691275167785">bn:00041071n</annotation>
		<annotation source="BABELFY" anchor="santé" bfScore="0.7767169695103172" coherenceScore="0.348993288590604">bn:00043358n</annotation>
		<annotation source="MCS" anchor="comme" bfScore="--" coherenceScore="--">bn:00114354r</annotation>
		<annotation source="BABELFY" anchor="prospère" bfScore="0.9047619047619048" coherenceScore="0.12751677852348994">bn:00103664a</annotation>
		<annotation source="MCS" anchor="état" bfScore="--" coherenceScore="--">bn:00074010n</annotation>
		<annotation source="MCS" anchor="âme" bfScore="--" coherenceScore="--">bn:00065006n</annotation>
		<annotation source="MCS" anchor="ai" bfScore="--" coherenceScore="--">bn:00088733v</annotation>
		<annotation source="MCS" anchor="été" bfScore="--" coherenceScore="--">bn:00083187v</annotation>
		<annotation source="MCS" anchor="fort" bfScore="--" coherenceScore="--">bn:00114243r</annotation>
		<annotation source="MCS" anchor="réjoui" bfScore="--" coherenceScore="--">bn:00086519v</annotation>
		<annotation source="MCS" anchor="frères" bfScore="--" coherenceScore="--">bn:00011357n</annotation>
		<annotation source="MCS" anchor="sont" bfScore="--" coherenceScore="--">bn:00083187v</annotation>
		<annotation source="MCS" anchor="arrivés" bfScore="--" coherenceScore="--">bn:00083286v</annotation>
		<annotation source="MCS" anchor="ont" bfScore="--" coherenceScore="--">bn:00088733v</annotation>
		<annotation source="MCS" anchor="rendu" bfScore="--" coherenceScore="--">bn:00092791v</annotation>
		<annotation source="MCS" anchor="témoignage" bfScore="--" coherenceScore="--">bn:00076677n</annotation>
		<annotation source="MCS" anchor="est" bfScore="--" coherenceScore="--">bn:00083187v</annotation>
		<annotation source="MCS" anchor="manière" bfScore="--" coherenceScore="--">bn:00053238n</annotation>
		<annotation source="MCS" anchor="marches" bfScore="--" coherenceScore="--">bn:00095597v</annotation>
		<annotation source="MCS" anchor="plus" bfScore="--" coherenceScore="--">bn:00115880r</annotation>
		<annotation source="MCS" anchor="plus grande" bfScore="--" coherenceScore="--">bn:00103782a</annotation>
		<annotation source="MCS" anchor="grande" bfScore="--" coherenceScore="--">bn:00111630a</annotation>
		<annotation source="MCS" anchor="joie" bfScore="--" coherenceScore="--">bn:00048468n</annotation>
		<annotation source="MCS" anchor="apprendre" bfScore="--" coherenceScore="--">bn:00082281v</annotation>
		<annotation source="MCS" anchor="enfants" bfScore="--" coherenceScore="--">bn:00018346n</annotation>
		<annotation source="MCS" anchor="marchent" bfScore="--" coherenceScore="--">bn:00095597v</annotation>
		<annotation source="MCS" anchor="agis" bfScore="--" coherenceScore="--">bn:00082285v</annotation>
		<annotation source="BABELFY" anchor="fidèlement" bfScore="0.8813559322033898" coherenceScore="0.087248322147651">bn:00114108r</annotation>
		<annotation source="MCS" anchor="fais" bfScore="--" coherenceScore="--">bn:00087107v</annotation>
		<annotation source="MCS" anchor="étrangers" bfScore="--" coherenceScore="--">bn:00103205a</annotation>
		<annotation source="MCS" anchor="charité" bfScore="--" coherenceScore="--">bn:00013380n</annotation>
		<annotation source="MCS" anchor="présence" bfScore="--" coherenceScore="--">bn:00064201n</annotation>
		<annotation source="MCS" anchor="Église" bfScore="--" coherenceScore="--">bn:00018995n</annotation>
		<annotation source="MCS" anchor="feras" bfScore="--" coherenceScore="--">bn:00087107v</annotation>
		<annotation source="MCS" anchor="voyage" bfScore="--" coherenceScore="--">bn:00048463n</annotation>
		<annotation source="BABELFY" anchor="digne" bfScore="0.8480340063761955" coherenceScore="0.18791946308724833">bn:00113948a</annotation>
		<annotation source="BABELFY" anchor="Dieu" bfScore="0.8907283192997478" coherenceScore="0.8322147651006712">bn:00040878n</annotation>
		<annotation source="MCS" anchor="nom" bfScore="--" coherenceScore="--">bn:00056758n</annotation>
		<annotation source="BABELFY" anchor="Jésus" bfScore="0.9327407201638945" coherenceScore="0.7449664429530202">bn:00018805n</annotation>
		<annotation source="BABELFY" anchor="Jésus Christ" bfScore="1.0" coherenceScore="0.7516778523489933">bn:00018805n</annotation>
		<annotation source="BABELFY" anchor="Christ" bfScore="0.9985338835794961" coherenceScore="0.7449664429530202">bn:00018805n</annotation>
		<annotation source="MCS" anchor="partis" bfScore="--" coherenceScore="--">bn:00088939v</annotation>
		<annotation source="MCS" anchor="rien" bfScore="--" coherenceScore="--">bn:00116378r</annotation>
		<annotation source="MCS" anchor="recevoir" bfScore="--" coherenceScore="--">bn:00089246v</annotation>
		<annotation source="BABELFY" anchor="païens" bfScore="1.0" coherenceScore="0.09395973154362416">bn:00102421a</annotation>
		<annotation source="MCS" anchor="devons" bfScore="--" coherenceScore="--">bn:00091360v</annotation>
		<annotation source="MCS" anchor="donc" bfScore="--" coherenceScore="--">bn:00115635r</annotation>
		<annotation source="MCS" anchor="accueillir" bfScore="--" coherenceScore="--">bn:00092491v</annotation>
		<annotation source="MCS" anchor="hommes" bfScore="--" coherenceScore="--">bn:00044576n</annotation>
		<annotation source="MCS" anchor="être" bfScore="--" coherenceScore="--">bn:00158524n</annotation>
		<annotation source="BABELFY" anchor="ouvriers" bfScore="1.0" coherenceScore="0.03355704697986577">bn:00103421a</annotation>
		<annotation source="MCS" anchor="écrit" bfScore="--" coherenceScore="--">bn:00092123v</annotation>
		<annotation source="BABELFY" anchor="mots" bfScore="0.9433520860023394" coherenceScore="0.7785234899328859">bn:00081546n</annotation>
		<annotation source="MCS" anchor="être" bfScore="--" coherenceScore="--">bn:00083187v</annotation>
		<annotation source="MCS" anchor="reçoit" bfScore="--" coherenceScore="--">bn:00089246v</annotation>
		<annotation source="BABELFY" anchor="pourquoi" bfScore="1.0" coherenceScore="0.040268456375838924">bn:00114822r</annotation>
		<annotation source="MCS" anchor="vais" bfScore="--" coherenceScore="--">bn:00087905v</annotation>
		<annotation source="MCS" anchor="voir" bfScore="--" coherenceScore="--">bn:00093430v</annotation>
		<annotation source="MCS" anchor="rappellerai" bfScore="--" coherenceScore="--">bn:00084413v</annotation>
		<annotation source="MCS" anchor="actes" bfScore="--" coherenceScore="--">bn:00001077n</annotation>
		<annotation source="MCS" anchor="commet" bfScore="--" coherenceScore="--">bn:00085426v</annotation>
		<annotation source="MCS" anchor="tenant" bfScore="--" coherenceScore="--">bn:00089385v</annotation>
		<annotation source="MCS" anchor="méchants" bfScore="--" coherenceScore="--">bn:00113857a</annotation>
		<annotation source="MCS" anchor="propos" bfScore="--" coherenceScore="--">bn:00053528n</annotation>
		<annotation source="MCS" anchor="non" bfScore="--" coherenceScore="--">bn:00116350r</annotation>
		<annotation source="MCS" anchor="content" bfScore="--" coherenceScore="--">bn:00103601a</annotation>
		<annotation source="MCS" anchor="voudraient" bfScore="--" coherenceScore="--">bn:00086682v</annotation>
		<annotation source="MCS" anchor="faire" bfScore="--" coherenceScore="--">bn:00087107v</annotation>
		<annotation source="MCS" anchor="empêche" bfScore="--" coherenceScore="--">bn:00090033v</annotation>
		<annotation source="MCS" anchor="chasse" bfScore="--" coherenceScore="--">bn:00045245n</annotation>
		<annotation source="MCS" anchor="imite" bfScore="--" coherenceScore="--">bn:00085805v</annotation>
		<annotation source="MCS" anchor="mal" bfScore="--" coherenceScore="--">bn:00032048n</annotation>
		<annotation source="MCS" anchor="bien" bfScore="--" coherenceScore="--">bn:00041061n</annotation>
		<annotation source="MCS" anchor="fait" bfScore="--" coherenceScore="--">bn:00087107v</annotation>
		<annotation source="BABELFY" anchor="bien est" bfScore="1.0" coherenceScore="0.040268456375838924">bn:14211958n</annotation>
		<annotation source="MCS" anchor="vu" bfScore="--" coherenceScore="--">bn:00093430v</annotation>
		<annotation source="MCS" anchor="rendent" bfScore="--" coherenceScore="--">bn:00092791v</annotation>
		<annotation source="MCS" anchor="bon" bfScore="--" coherenceScore="--">bn:00103672a</annotation>
		<annotation source="BABELFY" anchor="Démétrius" bfScore="1.0" coherenceScore="0.006711409395973154">bn:00699510n</annotation>
		<annotation source="MCS" anchor="aussi" bfScore="--" coherenceScore="--">bn:00114246r</annotation>
		<annotation source="MCS" anchor="rendons" bfScore="--" coherenceScore="--">bn:00092791v</annotation>
		<annotation source="MCS" anchor="sais" bfScore="--" coherenceScore="--">bn:00090142v</annotation>
		<annotation source="MCS" anchor="vrai" bfScore="--" coherenceScore="--">bn:00112146a</annotation>
		<annotation source="MCS" anchor="aurais" bfScore="--" coherenceScore="--">bn:00088733v</annotation>
		<annotation source="MCS" anchor="beaucoup" bfScore="--" coherenceScore="--">bn:00114047r</annotation>
		<annotation source="MCS" anchor="choses" bfScore="--" coherenceScore="--">bn:00076925n</annotation>
		<annotation source="MCS" anchor="écrire" bfScore="--" coherenceScore="--">bn:00092123v</annotation>
		<annotation source="MCS" anchor="veux" bfScore="--" coherenceScore="--">bn:00086682v</annotation>
		<annotation source="BABELFY" anchor="encre" bfScore="0.7619047619047619" coherenceScore="0.040268456375838924">bn:00046794n</annotation>
		<annotation source="BABELFY" anchor="plume" bfScore="0.8755760368663594" coherenceScore="0.20134228187919462">bn:00033865n</annotation>
		<annotation source="MCS" anchor="espère" bfScore="--" coherenceScore="--">bn:00089472v</annotation>
		<annotation source="MCS" anchor="bientôt" bfScore="--" coherenceScore="--">bn:00114513r</annotation>
		<annotation source="MCS" anchor="parlerons" bfScore="--" coherenceScore="--">bn:00094090v</annotation>
		<annotation source="MCS" anchor="bouche" bfScore="--" coherenceScore="--">bn:00056135n</annotation>
		<annotation source="BABELFY" anchor="bouche à bouche" bfScore="1.0" coherenceScore="0.06040268456375839">bn:00015952n</annotation>
		<annotation source="MCS" anchor="paix" bfScore="--" coherenceScore="--">bn:00061149n</annotation>
		<annotation source="MCS" anchor="amis" bfScore="--" coherenceScore="--">bn:00036538n</annotation>
		<annotation source="MCS" anchor="saluent" bfScore="--" coherenceScore="--">bn:00082703v</annotation>
		<annotation source="MCS" anchor="Salue" bfScore="--" coherenceScore="--">bn:00082703v</annotation>
		<annotation source="MCS" anchor="particulier" bfScore="--" coherenceScore="--">bn:00060807n</annotation>
	</annotations>
</paragraph>
