<?xml version="1.0" encoding="utf-8"?>
<dataset language="FR" title="COL">
<paragraph id="p.1">
	<text>
		Paul , apôtre de Jésus Christ par la volonté de Dieu , et le frère Timothée ,
		aux saints et fidèles frères en Christ qui sont à Colosses ; que la grâce et la paix vous soient données de la part de Dieu notre Père !
		Nous rendons grâces à Dieu , le Père de notre Seigneur Jésus Christ , et nous ne cessons de prier pour vous ,
		ayant été informés de votre foi en Jésus Christ et de votre charité pour tous les saints ,
		à cause de l ` espérance qui vous est réservée dans les cieux , et que la parole de la vérité , la parole de l ` Évangile vous a précédemment fait connaître .
		Il est au milieu de vous , et dans le monde entier ; il porte des fruits , et il va grandissant , comme c ` est aussi le cas parmi vous , depuis le jour où vous avez entendu et connu la grâce de Dieu conformément à la vérité ,
		d ` après les instructions que vous avez reçues d ` Épaphras , notre bien - aimé compagnon de service , qui est pour vous un fidèle ministre de Christ ,
		et qui nous a appris de quelle charité l ` Esprit vous anime .
		C ` est pour cela que nous aussi , depuis le jour où nous en avons été informés , nous ne cessons de prier Dieu pour vous , et de demander que vous soyez remplis de la connaissance de sa volonté , en toute sagesse et intelligence spirituelle ,
		pour marcher d ` une manière digne du Seigneur et lui être entièrement agréables , portant des fruits en toutes sortes de bonnes oeuvres et croissant par la connaissance de Dieu ,
		fortifiés à tous égards par sa puissance glorieuse , en sorte que vous soyez toujours et avec joie persévérants et patients .
		Rendez grâces au Père , qui vous a rendus capables d ` avoir part à l ` héritage des saints dans la lumière ,
		qui nous a délivrés de la puissance des ténèbres et nous a transportés dans le royaume du Fils de son amour ,
		en qui nous avons la rédemption , la rémission des péchés .
		Il est l ` image du Dieu invisible , le premier - né de toute la création .
		Car en lui ont été créées toutes les choses qui sont dans les cieux et sur la terre , les visibles et les invisibles , trônes , dignités , dominations , autorités . Tout a été créé par lui et pour lui .
		Il est avant toutes choses , et toutes choses subsistent en lui .
		Il est la tête du corps de l ` Église ; il est le commencement , le premier - né d ` entre les morts , afin d ` être en tout le premier .
		Car Dieu a voulu que toute plénitude habitât en lui ;
		il a voulu par lui réconcilier tout avec lui - même , tant ce qui est sur la terre que ce qui est dans les cieux , en faisant la paix par lui , par le sang de sa croix .
		Et vous , qui étiez autrefois étrangers et ennemis par vos pensées et par vos mauvaises oeuvres , il vous a maintenant réconciliés par sa mort dans le corps de sa chair ,
		pour vous faire paraître devant lui saints , irrépréhensibles et sans reproche ,
		si du moins vous demeurez fondés et inébranlables dans la foi , sans vous détourner de l ` espérance de l ` Évangile que vous avez entendu , qui a été prêché à toute créature sous le ciel , et dont moi Paul , j ` ai été fait ministre .
		Je me réjouis maintenant dans mes souffrances pour vous ; et ce qui manque aux souffrances de Christ , je l ` achève en ma chair , pour son corps , qui est l ` Église .
		C ` est d ` elle que j ` ai été fait ministre , selon la charge que Dieu m ` a donnée auprès de vous , afin que j ` annonçasse pleinement la parole de Dieu ,
		le mystère caché de tout temps et dans tous les âges , mais révélé maintenant à ses saints ,
		à qui Dieu a voulu faire connaître quelle est la glorieuse richesse de ce mystère parmi les païens , savoir : Christ en vous , l ` espérance de la gloire .
		C ` est lui que nous annonçons , exhortant tout homme , et instruisant tout homme en toute sagesse , afin de présenter à Dieu tout homme , devenu parfait en Christ .
		C ` est à quoi je travaille , en combattant avec sa force , qui agit puissamment en moi .
	</text>
	<annotations>
		<annotation source="BABELFY" anchor="Paul" bfScore="0.9746362054282223" coherenceScore="0.411371237458194">bn:00004984n</annotation>
		<annotation source="BABELFY" anchor="apôtre" bfScore="0.803515679932499" coherenceScore="0.2976588628762542">bn:00004982n</annotation>
		<annotation source="BABELFY" anchor="Jésus" bfScore="0.7753597963060581" coherenceScore="0.6989966555183946">bn:00018805n</annotation>
		<annotation source="BABELFY" anchor="Jésus Christ" bfScore="1.0" coherenceScore="0.7023411371237458">bn:00018805n</annotation>
		<annotation source="BABELFY" anchor="Christ" bfScore="0.9980593976522517" coherenceScore="0.6989966555183946">bn:00018805n</annotation>
		<annotation source="MCS" anchor="volonté" bfScore="--" coherenceScore="--">bn:00081239n</annotation>
		<annotation source="MCS" anchor="frère" bfScore="--" coherenceScore="--">bn:00011357n</annotation>
		<annotation source="MCS" anchor="saints" bfScore="--" coherenceScore="--">bn:00110031a</annotation>
		<annotation source="MCS" anchor="fidèles" bfScore="--" coherenceScore="--">bn:00102728a</annotation>
		<annotation source="MCS" anchor="frères" bfScore="--" coherenceScore="--">bn:00011357n</annotation>
		<annotation source="MCS" anchor="sont" bfScore="--" coherenceScore="--">bn:00083187v</annotation>
		<annotation source="BABELFY" anchor="Colosses" bfScore="1.0" coherenceScore="0.14046822742474915">bn:00020778n</annotation>
		<annotation source="MCS" anchor="grâce" bfScore="--" coherenceScore="--">bn:00041227n</annotation>
		<annotation source="MCS" anchor="paix" bfScore="--" coherenceScore="--">bn:00061149n</annotation>
		<annotation source="MCS" anchor="soient" bfScore="--" coherenceScore="--">bn:00083187v</annotation>
		<annotation source="MCS" anchor="données" bfScore="--" coherenceScore="--">bn:00088815v</annotation>
		<annotation source="MCS" anchor="part" bfScore="--" coherenceScore="--">bn:00060766n</annotation>
		<annotation source="MCS" anchor="Père" bfScore="--" coherenceScore="--">bn:00009616n</annotation>
		<annotation source="MCS" anchor="rendons" bfScore="--" coherenceScore="--">bn:00092791v</annotation>
		<annotation source="MCS" anchor="grâces" bfScore="--" coherenceScore="--">bn:00041227n</annotation>
		<annotation source="MCS" anchor="Seigneur" bfScore="--" coherenceScore="--">bn:00070296n</annotation>
		<annotation source="MCS" anchor="cessons" bfScore="--" coherenceScore="--">bn:00084710v</annotation>
		<annotation source="MCS" anchor="prier" bfScore="--" coherenceScore="--">bn:00091921v</annotation>
		<annotation source="MCS" anchor="ayant" bfScore="--" coherenceScore="--">bn:00088733v</annotation>
		<annotation source="MCS" anchor="informés" bfScore="--" coherenceScore="--">bn:00082416v</annotation>
		<annotation source="BABELFY" anchor="foi" bfScore="0.7656950916264905" coherenceScore="0.862876254180602">bn:00032768n</annotation>
		<annotation source="MCS" anchor="charité" bfScore="--" coherenceScore="--">bn:00013380n</annotation>
		<annotation source="MCS" anchor="saints" bfScore="--" coherenceScore="--">bn:00053896n</annotation>
		<annotation source="MCS" anchor="cause" bfScore="--" coherenceScore="--">bn:00015051n</annotation>
		<annotation source="MCS" anchor="espérance" bfScore="--" coherenceScore="--">bn:00044740n</annotation>
		<annotation source="MCS" anchor="est" bfScore="--" coherenceScore="--">bn:00083187v</annotation>
		<annotation source="MCS" anchor="réservée" bfScore="--" coherenceScore="--">bn:00083774v</annotation>
		<annotation source="BABELFY" anchor="cieux" bfScore="1.0" coherenceScore="0.010033444816053512">bn:00808092n</annotation>
		<annotation source="MCS" anchor="parole" bfScore="--" coherenceScore="--">bn:00049911n</annotation>
		<annotation source="BABELFY" anchor="vérité" bfScore="0.9532601610260566" coherenceScore="0.5585284280936454">bn:00072816n</annotation>
		<annotation source="MCS" anchor="Évangile" bfScore="--" coherenceScore="--">bn:00031976n</annotation>
		<annotation source="BABELFY" anchor="précédemment" bfScore="0.7804878048780488" coherenceScore="0.026755852842809364">bn:00114298r</annotation>
		<annotation source="MCS" anchor="fait" bfScore="--" coherenceScore="--">bn:00087107v</annotation>
		<annotation source="MCS" anchor="connaître" bfScore="--" coherenceScore="--">bn:00082272v</annotation>
		<annotation source="MCS" anchor="milieu" bfScore="--" coherenceScore="--">bn:00017123n</annotation>
		<annotation source="MCS" anchor="monde" bfScore="--" coherenceScore="--">bn:00029428n</annotation>
		<annotation source="BABELFY" anchor="monde entier" bfScore="1.0" coherenceScore="0.5250836120401338">bn:00045153n</annotation>
		<annotation source="MCS" anchor="entier" bfScore="--" coherenceScore="--">bn:00103393a</annotation>
		<annotation source="MCS" anchor="porte" bfScore="--" coherenceScore="--">bn:00089252v</annotation>
		<annotation source="MCS" anchor="fruits" bfScore="--" coherenceScore="--">bn:00036686n</annotation>
		<annotation source="MCS" anchor="va" bfScore="--" coherenceScore="--">bn:00093013v</annotation>
		<annotation source="MCS" anchor="grandissant" bfScore="--" coherenceScore="--">bn:00089089v</annotation>
		<annotation source="MCS" anchor="aussi" bfScore="--" coherenceScore="--">bn:00114246r</annotation>
		<annotation source="MCS" anchor="cas" bfScore="--" coherenceScore="--">bn:00016401n</annotation>
		<annotation source="MCS" anchor="jour" bfScore="--" coherenceScore="--">bn:00000086n</annotation>
		<annotation source="MCS" anchor="avez" bfScore="--" coherenceScore="--">bn:00088733v</annotation>
		<annotation source="MCS" anchor="entendu" bfScore="--" coherenceScore="--">bn:00089277v</annotation>
		<annotation source="MCS" anchor="connu" bfScore="--" coherenceScore="--">bn:00082272v</annotation>
		<annotation source="MCS" anchor="conformément" bfScore="--" coherenceScore="--">bn:13741800r</annotation>
		<annotation source="MCS" anchor="instructions" bfScore="--" coherenceScore="--">bn:00020945n</annotation>
		<annotation source="MCS" anchor="reçues" bfScore="--" coherenceScore="--">bn:00089246v</annotation>
		<annotation source="BABELFY" anchor="bien-aimé" bfScore="1.0" coherenceScore="0.0033444816053511705">bn:00098224a</annotation>
		<annotation source="MCS" anchor="compagnon" bfScore="--" coherenceScore="--">bn:00006532n</annotation>
		<annotation source="MCS" anchor="service" bfScore="--" coherenceScore="--">bn:00070651n</annotation>
		<annotation source="MCS" anchor="fidèle" bfScore="--" coherenceScore="--">bn:00102728a</annotation>
		<annotation source="MCS" anchor="ministre" bfScore="--" coherenceScore="--">bn:00041200n</annotation>
		<annotation source="MCS" anchor="appris" bfScore="--" coherenceScore="--">bn:00082281v</annotation>
		<annotation source="MCS" anchor="Esprit" bfScore="--" coherenceScore="--">bn:00012681n</annotation>
		<annotation source="MCS" anchor="anime" bfScore="--" coherenceScore="--">bn:00082629v</annotation>
		<annotation source="MCS" anchor="avons" bfScore="--" coherenceScore="--">bn:00088733v</annotation>
		<annotation source="MCS" anchor="été" bfScore="--" coherenceScore="--">bn:00083187v</annotation>
		<annotation source="MCS" anchor="demander" bfScore="--" coherenceScore="--">bn:00082817v</annotation>
		<annotation source="MCS" anchor="soyez" bfScore="--" coherenceScore="--">bn:00083187v</annotation>
		<annotation source="MCS" anchor="remplis" bfScore="--" coherenceScore="--">bn:00088175v</annotation>
		<annotation source="MCS" anchor="connaissance" bfScore="--" coherenceScore="--">bn:00020452n</annotation>
		<annotation source="MCS" anchor="sagesse" bfScore="--" coherenceScore="--">bn:00069220n</annotation>
		<annotation source="BABELFY" anchor="intelligence" bfScore="0.8098056537102474" coherenceScore="0.2976588628762542">bn:00047025n</annotation>
		<annotation source="BABELFY" anchor="intelligence spirituelle" bfScore="1.0" coherenceScore="0.11371237458193979">bn:02639409n</annotation>
		<annotation source="MCS" anchor="spirituelle" bfScore="--" coherenceScore="--">bn:00111042a</annotation>
		<annotation source="MCS" anchor="marcher" bfScore="--" coherenceScore="--">bn:00095597v</annotation>
		<annotation source="MCS" anchor="manière" bfScore="--" coherenceScore="--">bn:00053238n</annotation>
		<annotation source="MCS" anchor="digne" bfScore="--" coherenceScore="--">bn:00113948a</annotation>
		<annotation source="MCS" anchor="être" bfScore="--" coherenceScore="--">bn:00083187v</annotation>
		<annotation source="MCS" anchor="entièrement" bfScore="--" coherenceScore="--">bn:00114203r</annotation>
		<annotation source="MCS" anchor="agréables" bfScore="--" coherenceScore="--">bn:00108680a</annotation>
		<annotation source="MCS" anchor="portant" bfScore="--" coherenceScore="--">bn:00089252v</annotation>
		<annotation source="MCS" anchor="sortes" bfScore="--" coherenceScore="--">bn:01038368n</annotation>
		<annotation source="MCS" anchor="bonnes" bfScore="--" coherenceScore="--">bn:00103672a</annotation>
		<annotation source="MCS" anchor="oeuvres" bfScore="--" coherenceScore="--">bn:00011767n</annotation>
		<annotation source="BABELFY" anchor="croissant" bfScore="0.8514300177170336" coherenceScore="0.1939799331103679">bn:00089082v</annotation>
		<annotation source="MCS" anchor="fortifiés" bfScore="--" coherenceScore="--">bn:00088505v</annotation>
		<annotation source="MCS" anchor="égards" bfScore="--" coherenceScore="--">bn:04845262n</annotation>
		<annotation source="MCS" anchor="puissance" bfScore="--" coherenceScore="--">bn:00030160n</annotation>
		<annotation source="BABELFY" anchor="glorieuse" bfScore="1.0" coherenceScore="0.023411371237458192">bn:00099411a</annotation>
		<annotation source="BABELFY" anchor="sorte" bfScore="0.915606936416185" coherenceScore="0.22073578595317725">bn:00072856n</annotation>
		<annotation source="MCS" anchor="toujours" bfScore="--" coherenceScore="--">bn:00114251r</annotation>
		<annotation source="MCS" anchor="joie" bfScore="--" coherenceScore="--">bn:00048468n</annotation>
		<annotation source="BABELFY" anchor="patients" bfScore="1.0" coherenceScore="0.033444816053511704">bn:00108344a</annotation>
		<annotation source="MCS" anchor="Rendez" bfScore="--" coherenceScore="--">bn:00092791v</annotation>
		<annotation source="MCS" anchor="rendus" bfScore="--" coherenceScore="--">bn:00092791v</annotation>
		<annotation source="MCS" anchor="capables" bfScore="--" coherenceScore="--">bn:00096449a</annotation>
		<annotation source="MCS" anchor="avoir" bfScore="--" coherenceScore="--">bn:00088733v</annotation>
		<annotation source="MCS" anchor="héritage" bfScore="--" coherenceScore="--">bn:00043821n</annotation>
		<annotation source="MCS" anchor="lumière" bfScore="--" coherenceScore="--">bn:00051108n</annotation>
		<annotation source="MCS" anchor="délivrés" bfScore="--" coherenceScore="--">bn:00084099v</annotation>
		<annotation source="MCS" anchor="transportés" bfScore="--" coherenceScore="--">bn:00084061v</annotation>
		<annotation source="MCS" anchor="royaume" bfScore="--" coherenceScore="--">bn:00049170n</annotation>
		<annotation source="BABELFY" anchor="Fils de" bfScore="1.0" coherenceScore="0.010033444816053512">bn:15806605n</annotation>
		<annotation source="BABELFY" anchor="amour" bfScore="0.8122327004634683" coherenceScore="0.5953177257525084">bn:00052121n</annotation>
		<annotation source="MCS" anchor="rédemption" bfScore="--" coherenceScore="--">bn:00014331n</annotation>
		<annotation source="MCS" anchor="rémission" bfScore="--" coherenceScore="--">bn:00067079n</annotation>
		<annotation source="BABELFY" anchor="rémission des péchés" bfScore="0.8891217168250298" coherenceScore="0.38461538461538464">bn:00071707n</annotation>
		<annotation source="BABELFY" anchor="péchés" bfScore="0.7007369386935827" coherenceScore="0.38461538461538464">bn:00071707n</annotation>
		<annotation source="MCS" anchor="image" bfScore="--" coherenceScore="--">bn:00045772n</annotation>
		<annotation source="BABELFY" anchor="invisible" bfScore="0.8338368580060423" coherenceScore="0.07692307692307693">bn:00105385a</annotation>
		<annotation source="BABELFY" anchor="premier-né" bfScore="1.0" coherenceScore="0.10367892976588629">bn:00030108n</annotation>
		<annotation source="MCS" anchor="création" bfScore="--" coherenceScore="--">bn:00023652n</annotation>
		<annotation source="MCS" anchor="ont" bfScore="--" coherenceScore="--">bn:00088733v</annotation>
		<annotation source="MCS" anchor="créées" bfScore="--" coherenceScore="--">bn:00086008v</annotation>
		<annotation source="MCS" anchor="choses" bfScore="--" coherenceScore="--">bn:00076925n</annotation>
		<annotation source="MCS" anchor="visibles" bfScore="--" coherenceScore="--">bn:00110277a</annotation>
		<annotation source="BABELFY" anchor="invisibles" bfScore="0.8338368580060423" coherenceScore="0.07692307692307693">bn:00105385a</annotation>
		<annotation source="MCS" anchor="trônes" bfScore="--" coherenceScore="--">bn:00077086n</annotation>
		<annotation source="MCS" anchor="dignités" bfScore="--" coherenceScore="--">bn:00027103n</annotation>
		<annotation source="MCS" anchor="dominations" bfScore="--" coherenceScore="--">bn:00028175n</annotation>
		<annotation source="MCS" anchor="autorités" bfScore="--" coherenceScore="--">bn:00007293n</annotation>
		<annotation source="MCS" anchor="créé" bfScore="--" coherenceScore="--">bn:00086008v</annotation>
		<annotation source="MCS" anchor="subsistent" bfScore="--" coherenceScore="--">bn:00090408v</annotation>
		<annotation source="MCS" anchor="tête" bfScore="--" coherenceScore="--">bn:00015784n</annotation>
		<annotation source="MCS" anchor="corps" bfScore="--" coherenceScore="--">bn:00011744n</annotation>
		<annotation source="MCS" anchor="Église" bfScore="--" coherenceScore="--">bn:00018995n</annotation>
		<annotation source="MCS" anchor="morts" bfScore="--" coherenceScore="--">bn:00025582n</annotation>
		<annotation source="BABELFY" anchor="premier" bfScore="0.8664155317299334" coherenceScore="0.15384615384615385">bn:00034738n</annotation>
		<annotation source="MCS" anchor="voulu" bfScore="--" coherenceScore="--">bn:00086682v</annotation>
		<annotation source="BABELFY" anchor="plénitude" bfScore="0.9999293460981382" coherenceScore="0.3712374581939799">bn:00042905n</annotation>
		<annotation source="MCS" anchor="habitât" bfScore="--" coherenceScore="--">bn:00087441v</annotation>
		<annotation source="MCS" anchor="réconcilier" bfScore="--" coherenceScore="--">bn:00085527v</annotation>
		<annotation source="MCS" anchor="tout" bfScore="--" coherenceScore="--">bn:00114403r</annotation>
		<annotation source="BABELFY" anchor="tant" bfScore="0.9956668271545498" coherenceScore="0.14715719063545152">bn:00114490r</annotation>
		<annotation source="MCS" anchor="faisant" bfScore="--" coherenceScore="--">bn:00087107v</annotation>
		<annotation source="MCS" anchor="sang" bfScore="--" coherenceScore="--">bn:00011346n</annotation>
		<annotation source="MCS" anchor="croix" bfScore="--" coherenceScore="--">bn:00041640n</annotation>
		<annotation source="MCS" anchor="étiez" bfScore="--" coherenceScore="--">bn:00083187v</annotation>
		<annotation source="MCS" anchor="autrefois" bfScore="--" coherenceScore="--">bn:00114423r</annotation>
		<annotation source="MCS" anchor="étrangers" bfScore="--" coherenceScore="--">bn:00103205a</annotation>
		<annotation source="MCS" anchor="ennemis" bfScore="--" coherenceScore="--">bn:13675359a</annotation>
		<annotation source="MCS" anchor="pensées" bfScore="--" coherenceScore="--">bn:00017339n</annotation>
		<annotation source="MCS" anchor="mauvaises" bfScore="--" coherenceScore="--">bn:00097966a</annotation>
		<annotation source="BABELFY" anchor="maintenant" bfScore="0.7240223463687151" coherenceScore="0.0802675585284281">bn:00114424r</annotation>
		<annotation source="MCS" anchor="réconciliés" bfScore="--" coherenceScore="--">bn:00085527v</annotation>
		<annotation source="MCS" anchor="mort" bfScore="--" coherenceScore="--">bn:00025582n</annotation>
		<annotation source="MCS" anchor="chair" bfScore="--" coherenceScore="--">bn:00035182n</annotation>
		<annotation source="MCS" anchor="faire" bfScore="--" coherenceScore="--">bn:00087107v</annotation>
		<annotation source="MCS" anchor="paraître" bfScore="--" coherenceScore="--">bn:00082693v</annotation>
		<annotation source="MCS" anchor="reproche" bfScore="--" coherenceScore="--">bn:00066467n</annotation>
		<annotation source="BABELFY" anchor="si" bfScore="1.0" coherenceScore="0.013377926421404682">bn:00117043r</annotation>
		<annotation source="MCS" anchor="moins" bfScore="--" coherenceScore="--">bn:00116104r</annotation>
		<annotation source="MCS" anchor="demeurez" bfScore="--" coherenceScore="--">bn:00082138v</annotation>
		<annotation source="MCS" anchor="fondés" bfScore="--" coherenceScore="--">bn:13655883a</annotation>
		<annotation source="BABELFY" anchor="inébranlables" bfScore="0.8831168831168831" coherenceScore="0.05351170568561873">bn:00099007a</annotation>
		<annotation source="MCS" anchor="détourner" bfScore="--" coherenceScore="--">bn:00082954v</annotation>
		<annotation source="BABELFY" anchor="prêché" bfScore="0.8944099378881988" coherenceScore="0.16722408026755853">bn:00091922v</annotation>
		<annotation source="MCS" anchor="créature" bfScore="--" coherenceScore="--">bn:00023870n</annotation>
		<annotation source="MCS" anchor="ciel" bfScore="--" coherenceScore="--">bn:00072016n</annotation>
		<annotation source="MCS" anchor="ai" bfScore="--" coherenceScore="--">bn:00088733v</annotation>
		<annotation source="MCS" anchor="réjouis" bfScore="--" coherenceScore="--">bn:00086519v</annotation>
		<annotation source="MCS" anchor="souffrances" bfScore="--" coherenceScore="--">bn:00002072n</annotation>
		<annotation source="BABELFY" anchor="manque" bfScore="0.8814814814814815" coherenceScore="0.18729096989966554">bn:00090161v</annotation>
		<annotation source="BABELFY" anchor="achève" bfScore="0.7880597014925373" coherenceScore="0.17391304347826086">bn:00088223v</annotation>
		<annotation source="MCS" anchor="charge" bfScore="--" coherenceScore="--">bn:00013941n</annotation>
		<annotation source="MCS" anchor="donnée" bfScore="--" coherenceScore="--">bn:00088815v</annotation>
		<annotation source="MCS" anchor="annonçasse" bfScore="--" coherenceScore="--">bn:00082637v</annotation>
		<annotation source="BABELFY" anchor="pleinement" bfScore="1.0" coherenceScore="0.06354515050167224">bn:00114203r</annotation>
		<annotation source="BABELFY" anchor="parole de Dieu" bfScore="1.0" coherenceScore="0.3311036789297659">bn:00051877n</annotation>
		<annotation source="MCS" anchor="mystère" bfScore="--" coherenceScore="--">bn:00019934n</annotation>
		<annotation source="MCS" anchor="caché" bfScore="--" coherenceScore="--">bn:00085509v</annotation>
		<annotation source="BABELFY" anchor="temps" bfScore="0.768474416110125" coherenceScore="0.568561872909699">bn:00077270n</annotation>
		<annotation source="MCS" anchor="âges" bfScore="--" coherenceScore="--">bn:00001936n</annotation>
		<annotation source="BABELFY" anchor="révélé" bfScore="0.8114754098360656" coherenceScore="0.16387959866220736">bn:00092981v</annotation>
		<annotation source="BABELFY" anchor="faire connaître" bfScore="0.7055214723926381" coherenceScore="0.07692307692307693">bn:00082637v</annotation>
		<annotation source="MCS" anchor="richesse" bfScore="--" coherenceScore="--">bn:00080746n</annotation>
		<annotation source="BABELFY" anchor="païens" bfScore="1.0" coherenceScore="0.15384615384615385">bn:00102421a</annotation>
		<annotation source="MCS" anchor="savoir" bfScore="--" coherenceScore="--">bn:00090142v</annotation>
		<annotation source="MCS" anchor="gloire" bfScore="--" coherenceScore="--">bn:00016991n</annotation>
		<annotation source="MCS" anchor="annonçons" bfScore="--" coherenceScore="--">bn:00082637v</annotation>
		<annotation source="BABELFY" anchor="exhortant" bfScore="0.8448275862068966" coherenceScore="0.046822742474916385">bn:00087843v</annotation>
		<annotation source="MCS" anchor="homme" bfScore="--" coherenceScore="--">bn:00044576n</annotation>
		<annotation source="BABELFY" anchor="instruisant" bfScore="0.8927335640138409" coherenceScore="0.19063545150501673">bn:00089724v</annotation>
		<annotation source="MCS" anchor="présenter" bfScore="--" coherenceScore="--">bn:00090234v</annotation>
		<annotation source="MCS" anchor="devenu" bfScore="--" coherenceScore="--">bn:00083294v</annotation>
		<annotation source="MCS" anchor="parfait" bfScore="--" coherenceScore="--">bn:00108442a</annotation>
		<annotation source="MCS" anchor="travaille" bfScore="--" coherenceScore="--">bn:00095812v</annotation>
		<annotation source="MCS" anchor="combattant" bfScore="--" coherenceScore="--">bn:00085711v</annotation>
		<annotation source="MCS" anchor="force" bfScore="--" coherenceScore="--">bn:00035768n</annotation>
		<annotation source="MCS" anchor="agit" bfScore="--" coherenceScore="--">bn:00082285v</annotation>
		<annotation source="MCS" anchor="puissamment" bfScore="--" coherenceScore="--">bn:00116666r</annotation>
	</annotations>
</paragraph>
<paragraph id="p.2">
	<text>
		Je veux , en effet , que vous sachiez combien est grand le combat que je soutiens pour vous , et pour ceux qui sont à Laodicée , et pour tous ceux qui n ` ont pas vu mon visage en la chair ,
		afin qu ` ils aient le coeur rempli de consolation , qu ` ils soient unis dans la charité , et enrichis d ` une pleine intelligence pour connaître le mystère de Dieu , savoir Christ ,
		mystère dans lequel sont cachés tous les trésors de la sagesse et de la science .
		Je dis cela afin que personne ne vous trompe par des discours séduisants .
		Car , si je suis absent de corps , je suis avec vous en esprit , voyant avec joie le bon ordre qui règne parmi vous , et la fermeté de votre foi en Christ .
		Ainsi donc , comme vous avez reçu le Seigneur Jésus Christ , marchez en lui ,
		étant enracinés et fondés en lui , et affermis par la foi , d ` après les instructions qui vous ont été données , et abondez en actions de grâces .
		Prenez garde que personne ne fasse de vous sa proie par la philosophie et par une vaine tromperie , s ` appuyant sur la tradition des hommes , sur les rudiments du monde , et non sur Christ .
		Car en lui habite corporellement toute la plénitude de la divinité .
		Vous avez tout pleinement en lui , qui est le chef de toute domination et de toute autorité .
		Et c ` est en lui que vous avez été circoncis d ` une circoncision que la main n ` a pas faite , mais de la circoncision de Christ , qui consiste dans le dépouillement du corps de la chair :
		ayant été ensevelis avec lui par le baptême , vous êtes aussi ressuscités en lui et avec lui , par la foi en la puissance de Dieu , qui l ` a ressuscité des morts .
		Vous qui étiez morts par vos offenses et par l ` incirconcision de votre chair , il vous a rendus à la vie avec lui , en nous faisant grâce pour toutes nos offenses ;
		il a effacé l ` acte dont les ordonnances nous condamnaient et qui subsistait contre nous , et il l ` a détruit en le clouant à la croix ;
		il a dépouillé les dominations et les autorités , et les a livrées publiquement en spectacle , en triomphant d ` elles par la croix .
		Que personne donc ne vous juge au sujet du manger ou du boire , ou au sujet d ` une fête , d ` une nouvelle lune , ou des sabbats :
		c ` était l ` ombre des choses à venir , mais le corps est en Christ .
		Qu ` aucun homme , sous une apparence d ` humilité et par un culte des anges , ne vous ravisse à son gré le prix de la course , tandis qu ` il s ` abandonne à ses visions et qu ` il est enflé d ` un vain orgueil par ses pensées charnelles ,
		sans s ` attacher au chef , dont tout le corps , assisté et solidement assemblé par des jointures et des liens , tire l ` accroissement que Dieu donne .
		Si vous êtes morts avec Christ aux rudiments du monde , pourquoi , comme si vous viviez dans le monde , vous impose - t - on ces préceptes :
		Ne prends pas ! ne goûte pas ! ne touche pas !
		préceptes qui tous deviennent pernicieux par l ` abus , et qui ne sont fondés que sur les ordonnances et les doctrines des hommes ?
		Ils ont , à la vérité , une apparence de sagesse , en ce qu ` ils indiquent un culte volontaire , de l ` humilité , et le mépris du corps , mais ils sont sans aucun mérite et contribuent à la satisfaction de la chair .
	</text>
	<annotations>
		<annotation source="MCS" anchor="veux" bfScore="--" coherenceScore="--">bn:00086682v</annotation>
		<annotation source="MCS" anchor="effet" bfScore="--" coherenceScore="--">bn:00029871n</annotation>
		<annotation source="MCS" anchor="sachiez" bfScore="--" coherenceScore="--">bn:00090142v</annotation>
		<annotation source="MCS" anchor="est" bfScore="--" coherenceScore="--">bn:00083187v</annotation>
		<annotation source="MCS" anchor="grand" bfScore="--" coherenceScore="--">bn:00111630a</annotation>
		<annotation source="MCS" anchor="combat" bfScore="--" coherenceScore="--">bn:00005731n</annotation>
		<annotation source="MCS" anchor="soutiens" bfScore="--" coherenceScore="--">bn:00089387v</annotation>
		<annotation source="MCS" anchor="sont" bfScore="--" coherenceScore="--">bn:00083187v</annotation>
		<annotation source="MCS" anchor="ont" bfScore="--" coherenceScore="--">bn:00088733v</annotation>
		<annotation source="MCS" anchor="vu" bfScore="--" coherenceScore="--">bn:00093430v</annotation>
		<annotation source="MCS" anchor="visage" bfScore="--" coherenceScore="--">bn:00032600n</annotation>
		<annotation source="MCS" anchor="chair" bfScore="--" coherenceScore="--">bn:00035182n</annotation>
		<annotation source="MCS" anchor="aient" bfScore="--" coherenceScore="--">bn:00088733v</annotation>
		<annotation source="MCS" anchor="coeur" bfScore="--" coherenceScore="--">bn:00043383n</annotation>
		<annotation source="MCS" anchor="rempli" bfScore="--" coherenceScore="--">bn:00088175v</annotation>
		<annotation source="BABELFY" anchor="consolation" bfScore="0.9391304347826087" coherenceScore="0.10434782608695652">bn:00022000n</annotation>
		<annotation source="MCS" anchor="soient" bfScore="--" coherenceScore="--">bn:00083187v</annotation>
		<annotation source="MCS" anchor="unis" bfScore="--" coherenceScore="--">bn:00084107v</annotation>
		<annotation source="MCS" anchor="charité" bfScore="--" coherenceScore="--">bn:00013380n</annotation>
		<annotation source="BABELFY" anchor="enrichis" bfScore="0.7297297297297297" coherenceScore="0.0391304347826087">bn:00087658v</annotation>
		<annotation source="MCS" anchor="pleine" bfScore="--" coherenceScore="--">bn:00103391a</annotation>
		<annotation source="BABELFY" anchor="intelligence" bfScore="0.8475788570202417" coherenceScore="0.32608695652173914">bn:00047025n</annotation>
		<annotation source="MCS" anchor="connaître" bfScore="--" coherenceScore="--">bn:00082272v</annotation>
		<annotation source="MCS" anchor="mystère" bfScore="--" coherenceScore="--">bn:00019934n</annotation>
		<annotation source="BABELFY" anchor="Dieu" bfScore="0.7276951370353493" coherenceScore="0.7608695652173914">bn:00040878n</annotation>
		<annotation source="MCS" anchor="savoir" bfScore="--" coherenceScore="--">bn:00049374n</annotation>
		<annotation source="BABELFY" anchor="Christ" bfScore="0.9975481959949719" coherenceScore="0.7478260869565218">bn:00018805n</annotation>
		<annotation source="MCS" anchor="cachés" bfScore="--" coherenceScore="--">bn:00085509v</annotation>
		<annotation source="MCS" anchor="trésors" bfScore="--" coherenceScore="--">bn:00078117n</annotation>
		<annotation source="MCS" anchor="sagesse" bfScore="--" coherenceScore="--">bn:00069220n</annotation>
		<annotation source="MCS" anchor="science" bfScore="--" coherenceScore="--">bn:00069670n</annotation>
		<annotation source="MCS" anchor="dis" bfScore="--" coherenceScore="--">bn:00093287v</annotation>
		<annotation source="MCS" anchor="personne" bfScore="--" coherenceScore="--">bn:00116349r</annotation>
		<annotation source="MCS" anchor="trompe" bfScore="--" coherenceScore="--">bn:00083458v</annotation>
		<annotation source="MCS" anchor="discours" bfScore="--" coherenceScore="--">bn:00049018n</annotation>
		<annotation source="BABELFY" anchor="séduisants" bfScore="0.7096069868995634" coherenceScore="0.10869565217391304">bn:00110276a</annotation>
		<annotation source="BABELFY" anchor="absent" bfScore="0.702258726899384" coherenceScore="0.0782608695652174">bn:00096194a</annotation>
		<annotation source="MCS" anchor="corps" bfScore="--" coherenceScore="--">bn:00011744n</annotation>
		<annotation source="MCS" anchor="esprit" bfScore="--" coherenceScore="--">bn:00012681n</annotation>
		<annotation source="MCS" anchor="voyant" bfScore="--" coherenceScore="--">bn:00093430v</annotation>
		<annotation source="MCS" anchor="joie" bfScore="--" coherenceScore="--">bn:00048468n</annotation>
		<annotation source="MCS" anchor="bon" bfScore="--" coherenceScore="--">bn:00103672a</annotation>
		<annotation source="BABELFY" anchor="bon ordre" bfScore="1.0" coherenceScore="0.008695652173913044">bn:02705271n</annotation>
		<annotation source="MCS" anchor="ordre" bfScore="--" coherenceScore="--">bn:00059303n</annotation>
		<annotation source="MCS" anchor="règne" bfScore="--" coherenceScore="--">bn:00087151v</annotation>
		<annotation source="BABELFY" anchor="fermeté" bfScore="0.7931034482758621" coherenceScore="0.1">bn:00074073n</annotation>
		<annotation source="BABELFY" anchor="foi" bfScore="0.8488397540433883" coherenceScore="0.8391304347826087">bn:00032768n</annotation>
		<annotation source="MCS" anchor="Ainsi" bfScore="--" coherenceScore="--">bn:00117048r</annotation>
		<annotation source="MCS" anchor="donc" bfScore="--" coherenceScore="--">bn:00115635r</annotation>
		<annotation source="MCS" anchor="avez" bfScore="--" coherenceScore="--">bn:00088733v</annotation>
		<annotation source="MCS" anchor="reçu" bfScore="--" coherenceScore="--">bn:00089246v</annotation>
		<annotation source="MCS" anchor="Seigneur" bfScore="--" coherenceScore="--">bn:00070296n</annotation>
		<annotation source="BABELFY" anchor="Jésus" bfScore="0.8911011783827713" coherenceScore="0.7478260869565218">bn:00018805n</annotation>
		<annotation source="BABELFY" anchor="Jésus Christ" bfScore="1.0" coherenceScore="0.7521739130434782">bn:00018805n</annotation>
		<annotation source="MCS" anchor="marchez" bfScore="--" coherenceScore="--">bn:00095597v</annotation>
		<annotation source="MCS" anchor="étant" bfScore="--" coherenceScore="--">bn:00083187v</annotation>
		<annotation source="BABELFY" anchor="enracinés" bfScore="1.0" coherenceScore="0.004347826086956522">bn:00093112v</annotation>
		<annotation source="MCS" anchor="fondés" bfScore="--" coherenceScore="--">bn:00083141v</annotation>
		<annotation source="MCS" anchor="affermis" bfScore="--" coherenceScore="--">bn:00083317v</annotation>
		<annotation source="MCS" anchor="instructions" bfScore="--" coherenceScore="--">bn:00020945n</annotation>
		<annotation source="MCS" anchor="été" bfScore="--" coherenceScore="--">bn:00083187v</annotation>
		<annotation source="MCS" anchor="données" bfScore="--" coherenceScore="--">bn:00088815v</annotation>
		<annotation source="BABELFY" anchor="abondez" bfScore="0.7340015420200463" coherenceScore="0.14782608695652175">bn:00082153v</annotation>
		<annotation source="MCS" anchor="actions" bfScore="--" coherenceScore="--">bn:00001130n</annotation>
		<annotation source="BABELFY" anchor="actions de grâces" bfScore="1.0" coherenceScore="0.0782608695652174">bn:05015173n</annotation>
		<annotation source="MCS" anchor="grâces" bfScore="--" coherenceScore="--">bn:00041227n</annotation>
		<annotation source="MCS" anchor="Prenez" bfScore="--" coherenceScore="--">bn:00088762v</annotation>
		<annotation source="MCS" anchor="garde" bfScore="--" coherenceScore="--">bn:00024585n</annotation>
		<annotation source="BABELFY" anchor="personne" bfScore="0.9829102309221593" coherenceScore="0.8173913043478261">bn:00046516n</annotation>
		<annotation source="MCS" anchor="fasse" bfScore="--" coherenceScore="--">bn:00087107v</annotation>
		<annotation source="MCS" anchor="proie" bfScore="--" coherenceScore="--">bn:00032742n</annotation>
		<annotation source="BABELFY" anchor="philosophie" bfScore="0.9302346537865408" coherenceScore="0.808695652173913">bn:00061984n</annotation>
		<annotation source="BABELFY" anchor="vaine" bfScore="0.8958837772397095" coherenceScore="0.13043478260869565">bn:00100184a</annotation>
		<annotation source="MCS" anchor="tromperie" bfScore="--" coherenceScore="--">bn:00025681n</annotation>
		<annotation source="MCS" anchor="appuyant" bfScore="--" coherenceScore="--">bn:00083243v</annotation>
		<annotation source="BABELFY" anchor="tradition" bfScore="0.7472428539275264" coherenceScore="0.36086956521739133">bn:00077884n</annotation>
		<annotation source="MCS" anchor="hommes" bfScore="--" coherenceScore="--">bn:00044576n</annotation>
		<annotation source="BABELFY" anchor="rudiments" bfScore="1.0" coherenceScore="0.1">bn:00008841n</annotation>
		<annotation source="MCS" anchor="monde" bfScore="--" coherenceScore="--">bn:00029428n</annotation>
		<annotation source="MCS" anchor="non" bfScore="--" coherenceScore="--">bn:00116350r</annotation>
		<annotation source="MCS" anchor="habite" bfScore="--" coherenceScore="--">bn:00087441v</annotation>
		<annotation source="BABELFY" anchor="plénitude" bfScore="0.999265043638034" coherenceScore="0.3173913043478261">bn:00042905n</annotation>
		<annotation source="MCS" anchor="divinité" bfScore="--" coherenceScore="--">bn:00025995n</annotation>
		<annotation source="MCS" anchor="tout" bfScore="--" coherenceScore="--">bn:00114403r</annotation>
		<annotation source="BABELFY" anchor="pleinement" bfScore="1.0" coherenceScore="0.05217391304347826">bn:00114203r</annotation>
		<annotation source="MCS" anchor="chef" bfScore="--" coherenceScore="--">bn:00018319n</annotation>
		<annotation source="MCS" anchor="domination" bfScore="--" coherenceScore="--">bn:00028175n</annotation>
		<annotation source="MCS" anchor="autorité" bfScore="--" coherenceScore="--">bn:00007293n</annotation>
		<annotation source="BABELFY" anchor="circoncis" bfScore="0.7718120805369127" coherenceScore="0.1">bn:00084994v</annotation>
		<annotation source="MCS" anchor="circoncision" bfScore="--" coherenceScore="--">bn:00019205n</annotation>
		<annotation source="MCS" anchor="main" bfScore="--" coherenceScore="--">bn:00042759n</annotation>
		<annotation source="MCS" anchor="faite" bfScore="--" coherenceScore="--">bn:00087107v</annotation>
		<annotation source="MCS" anchor="consiste" bfScore="--" coherenceScore="--">bn:00085659v</annotation>
		<annotation source="MCS" anchor="dépouillement" bfScore="--" coherenceScore="--">bn:00026589n</annotation>
		<annotation source="MCS" anchor="ayant" bfScore="--" coherenceScore="--">bn:00088733v</annotation>
		<annotation source="BABELFY" anchor="ensevelis" bfScore="1.0" coherenceScore="0.12173913043478261">bn:00084298v</annotation>
		<annotation source="BABELFY" anchor="baptême" bfScore="0.9417786308381318" coherenceScore="0.3130434782608696">bn:00008455n</annotation>
		<annotation source="MCS" anchor="êtes" bfScore="--" coherenceScore="--">bn:00083187v</annotation>
		<annotation source="MCS" anchor="aussi" bfScore="--" coherenceScore="--">bn:00114246r</annotation>
		<annotation source="MCS" anchor="ressuscités" bfScore="--" coherenceScore="--">bn:00092343v</annotation>
		<annotation source="MCS" anchor="puissance" bfScore="--" coherenceScore="--">bn:00030160n</annotation>
		<annotation source="BABELFY" anchor="puissance de Dieu" bfScore="1.0" coherenceScore="0.13478260869565217">bn:17143597n</annotation>
		<annotation source="MCS" anchor="ressuscité" bfScore="--" coherenceScore="--">bn:00092343v</annotation>
		<annotation source="MCS" anchor="morts" bfScore="--" coherenceScore="--">bn:00025582n</annotation>
		<annotation source="MCS" anchor="étiez" bfScore="--" coherenceScore="--">bn:00083187v</annotation>
		<annotation source="MCS" anchor="morts" bfScore="--" coherenceScore="--">bn:00083914v</annotation>
		<annotation source="MCS" anchor="offenses" bfScore="--" coherenceScore="--">bn:00046721n</annotation>
		<annotation source="MCS" anchor="rendus" bfScore="--" coherenceScore="--">bn:00092791v</annotation>
		<annotation source="MCS" anchor="vie" bfScore="--" coherenceScore="--">bn:00002761n</annotation>
		<annotation source="MCS" anchor="faisant" bfScore="--" coherenceScore="--">bn:00087107v</annotation>
		<annotation source="MCS" anchor="grâce" bfScore="--" coherenceScore="--">bn:00041227n</annotation>
		<annotation source="BABELFY" anchor="effacé" bfScore="0.8450704225352113" coherenceScore="0.10434782608695652">bn:00087713v</annotation>
		<annotation source="BABELFY" anchor="acte" bfScore="0.7247253978928492" coherenceScore="0.23043478260869565">bn:00001077n</annotation>
		<annotation source="MCS" anchor="ordonnances" bfScore="--" coherenceScore="--">bn:00059437n</annotation>
		<annotation source="MCS" anchor="condamnaient" bfScore="--" coherenceScore="--">bn:00085548v</annotation>
		<annotation source="BABELFY" anchor="subsistait" bfScore="0.8421052631578947" coherenceScore="0.06956521739130435">bn:00090408v</annotation>
		<annotation source="MCS" anchor="détruit" bfScore="--" coherenceScore="--">bn:00086699v</annotation>
		<annotation source="BABELFY" anchor="clouant" bfScore="1.0" coherenceScore="0.043478260869565216">bn:00091002v</annotation>
		<annotation source="MCS" anchor="croix" bfScore="--" coherenceScore="--">bn:00041640n</annotation>
		<annotation source="BABELFY" anchor="dépouillé" bfScore="0.9078404401650619" coherenceScore="0.09565217391304348">bn:00086708v</annotation>
		<annotation source="MCS" anchor="dominations" bfScore="--" coherenceScore="--">bn:00028175n</annotation>
		<annotation source="MCS" anchor="autorités" bfScore="--" coherenceScore="--">bn:00007293n</annotation>
		<annotation source="MCS" anchor="livrées" bfScore="--" coherenceScore="--">bn:00086531v</annotation>
		<annotation source="MCS" anchor="publiquement" bfScore="--" coherenceScore="--">bn:00115820r</annotation>
		<annotation source="MCS" anchor="spectacle" bfScore="--" coherenceScore="--">bn:00073226n</annotation>
		<annotation source="MCS" anchor="triomphant" bfScore="--" coherenceScore="--">bn:00102671a</annotation>
		<annotation source="MCS" anchor="juge" bfScore="--" coherenceScore="--">bn:00090000v</annotation>
		<annotation source="MCS" anchor="sujet" bfScore="--" coherenceScore="--">bn:00022157n</annotation>
		<annotation source="BABELFY" anchor="manger" bfScore="0.8098519941249577" coherenceScore="0.24347826086956523">bn:00035650n</annotation>
		<annotation source="MCS" anchor="fête" bfScore="--" coherenceScore="--">bn:00033860n</annotation>
		<annotation source="MCS" anchor="nouvelle" bfScore="--" coherenceScore="--">bn:00107267a</annotation>
		<annotation source="BABELFY" anchor="nouvelle lune" bfScore="1.0" coherenceScore="0.08260869565217391">bn:00057489n</annotation>
		<annotation source="MCS" anchor="sabbats" bfScore="--" coherenceScore="--">bn:00068689n</annotation>
		<annotation source="MCS" anchor="était" bfScore="--" coherenceScore="--">bn:00083187v</annotation>
		<annotation source="MCS" anchor="ombre" bfScore="--" coherenceScore="--">bn:00070830n</annotation>
		<annotation source="MCS" anchor="choses" bfScore="--" coherenceScore="--">bn:00076925n</annotation>
		<annotation source="MCS" anchor="venir" bfScore="--" coherenceScore="--">bn:00085322v</annotation>
		<annotation source="MCS" anchor="homme" bfScore="--" coherenceScore="--">bn:00044576n</annotation>
		<annotation source="MCS" anchor="apparence" bfScore="--" coherenceScore="--">bn:00005023n</annotation>
		<annotation source="BABELFY" anchor="humilité" bfScore="0.7425136612021858" coherenceScore="0.18695652173913044">bn:00045179n</annotation>
		<annotation source="MCS" anchor="culte" bfScore="--" coherenceScore="--">bn:00024345n</annotation>
		<annotation source="BABELFY" anchor="anges" bfScore="0.8646423057128152" coherenceScore="0.391304347826087">bn:00004063n</annotation>
		<annotation source="MCS" anchor="ravisse" bfScore="--" coherenceScore="--">bn:00082131v</annotation>
		<annotation source="BABELFY" anchor="gré" bfScore="0.914187643020595" coherenceScore="0.14782608695652175">bn:00051185n</annotation>
		<annotation source="MCS" anchor="prix" bfScore="--" coherenceScore="--">bn:00025083n</annotation>
		<annotation source="MCS" anchor="course" bfScore="--" coherenceScore="--">bn:00065828n</annotation>
		<annotation source="MCS" anchor="abandonne" bfScore="--" coherenceScore="--">bn:00082118v</annotation>
		<annotation source="MCS" anchor="visions" bfScore="--" coherenceScore="--">bn:00080106n</annotation>
		<annotation source="BABELFY" anchor="vain" bfScore="0.8958837772397095" coherenceScore="0.13043478260869565">bn:00100184a</annotation>
		<annotation source="MCS" anchor="orgueil" bfScore="--" coherenceScore="--">bn:00064338n</annotation>
		<annotation source="MCS" anchor="pensées" bfScore="--" coherenceScore="--">bn:00017339n</annotation>
		<annotation source="MCS" anchor="charnelles" bfScore="--" coherenceScore="--">bn:00099283a</annotation>
		<annotation source="MCS" anchor="attacher" bfScore="--" coherenceScore="--">bn:00083424v</annotation>
		<annotation source="MCS" anchor="assisté" bfScore="--" coherenceScore="--">bn:00082907v</annotation>
		<annotation source="MCS" anchor="solidement" bfScore="--" coherenceScore="--">bn:00115374r</annotation>
		<annotation source="MCS" anchor="assemblé" bfScore="--" coherenceScore="--">bn:00082845v</annotation>
		<annotation source="MCS" anchor="jointures" bfScore="--" coherenceScore="--">bn:00048368n</annotation>
		<annotation source="MCS" anchor="liens" bfScore="--" coherenceScore="--">bn:00045513n</annotation>
		<annotation source="MCS" anchor="tire" bfScore="--" coherenceScore="--">bn:00083567v</annotation>
		<annotation source="MCS" anchor="accroissement" bfScore="--" coherenceScore="--">bn:00046373n</annotation>
		<annotation source="MCS" anchor="donne" bfScore="--" coherenceScore="--">bn:00088815v</annotation>
		<annotation source="BABELFY" anchor="pourquoi" bfScore="1.0" coherenceScore="0.021739130434782608">bn:00114822r</annotation>
		<annotation source="MCS" anchor="viviez" bfScore="--" coherenceScore="--">bn:00087617v</annotation>
		<annotation source="MCS" anchor="impose" bfScore="--" coherenceScore="--">bn:00089630v</annotation>
		<annotation source="MCS" anchor="préceptes" bfScore="--" coherenceScore="--">bn:00064077n</annotation>
		<annotation source="MCS" anchor="prends" bfScore="--" coherenceScore="--">bn:00088762v</annotation>
		<annotation source="MCS" anchor="goûte" bfScore="--" coherenceScore="--">bn:00093251v</annotation>
		<annotation source="MCS" anchor="touche" bfScore="--" coherenceScore="--">bn:00095040v</annotation>
		<annotation source="MCS" anchor="deviennent" bfScore="--" coherenceScore="--">bn:00083294v</annotation>
		<annotation source="BABELFY" anchor="pernicieux" bfScore="0.7619047619047619" coherenceScore="0.017391304347826087">bn:00100884a</annotation>
		<annotation source="MCS" anchor="abus" bfScore="--" coherenceScore="--">bn:00000520n</annotation>
		<annotation source="MCS" anchor="doctrines" bfScore="--" coherenceScore="--">bn:00028013n</annotation>
		<annotation source="BABELFY" anchor="vérité" bfScore="0.9572378212124218" coherenceScore="0.41739130434782606">bn:00072816n</annotation>
		<annotation source="MCS" anchor="indiquent" bfScore="--" coherenceScore="--">bn:00086679v</annotation>
		<annotation source="MCS" anchor="volontaire" bfScore="--" coherenceScore="--">bn:00113672a</annotation>
		<annotation source="MCS" anchor="mépris" bfScore="--" coherenceScore="--">bn:00022146n</annotation>
		<annotation source="MCS" anchor="mérite" bfScore="--" coherenceScore="--">bn:00026530n</annotation>
		<annotation source="MCS" anchor="contribuent" bfScore="--" coherenceScore="--">bn:00084904v</annotation>
		<annotation source="MCS" anchor="satisfaction" bfScore="--" coherenceScore="--">bn:00069327n</annotation>
	</annotations>
</paragraph>
<paragraph id="p.3">
	<text>
		Si donc vous êtes ressuscités avec Christ , cherchez les choses d ` en haut , où Christ est assis à la droite de Dieu .
		Affectionnez - vous aux choses d ` en haut , et non à celles qui sont sur la terre .
		Car vous êtes morts , et votre vie est cachée avec Christ en Dieu .
		Quand Christ , votre vie , paraîtra , alors vous paraîtrez aussi avec lui dans la gloire .
		Faites donc mourir les membres qui sont sur la terre , l ` impudicité , l ` impureté , les passions , les mauvais désirs , et la cupidité , qui est une idolâtrie .
		C ` est à cause de ces choses que la colère de Dieu vient sur les fils de la rébellion ,
		parmi lesquels vous marchiez autrefois , lorsque vous viviez dans ces péchés .
		Mais maintenant , renoncez à toutes ces choses , à la colère , à l ` animosité , à la méchanceté , à la calomnie , aux paroles déshonnêtes qui pourraient sortir de votre bouche .
		Ne mentez pas les uns aux autres , vous étant dépouillés du vieil homme et de ses oeuvres ,
		et ayant revêtu l ` homme nouveau , qui se renouvelle , dans la connaissance , selon l ` image de celui qui l ` a créé .
		Il n ` y a ici ni Grec ni Juif , ni circoncis ni incirconcis , ni barbare ni Scythe , ni esclave ni libre ; mais Christ est tout et en tous .
		Ainsi donc , comme des élus de Dieu , saints et bien - aimés , revêtez - vous d ` entrailles de miséricorde , de bonté , d ` humilité , de douceur , de patience .
		Supportez - vous les uns les autres , et , si l ` un a sujet de se plaindre de l ` autre , pardonnez - vous réciproquement . De même que Christ vous a pardonné , pardonnez - vous aussi .
		Mais par - dessus toutes ces choses revêtez - vous de la charité , qui est le lien de la perfection .
		Et que la paix de Christ , à laquelle vous avez été appelés pour former un seul corps , règne dans vos coeurs . Et soyez reconnaissants .
		Que la parole de Christ habite parmi vous abondamment ; instruisez - vous et exhortez - vous les uns les autres en toute sagesse , par des psaumes , par des hymnes , par des cantiques spirituels , chantant à Dieu dans vos coeurs sous l ` inspiration de la grâce .
		Et quoi que vous fassiez , en parole ou en oeuvre , faites tout au nom du Seigneur Jésus , en rendant par lui des actions de grâces à Dieu le Père .
		Femmes , soyez soumises à vos maris , comme il convient dans le Seigneur .
		Maris , aimez vos femmes , et ne vous aigrissez pas contre elles .
		Enfants , obéissez en toutes choses à vos parents , car cela est agréable dans le Seigneur .
		Pères , n ` irritez pas vos enfants , de peur qu ` ils ne se découragent .
		Serviteurs , obéissez en toutes choses à vos maîtres selon la chair , non pas seulement sous leurs yeux , comme pour plaire aux hommes , mais avec simplicité de coeur , dans la crainte du Seigneur .
		Tout ce que vous faites , faites - le de bon coeur , comme pour le Seigneur et non pour des hommes ,
		sachant que vous recevrez du Seigneur l ` héritage pour récompense . Servez Christ , le Seigneur .
		Car celui qui agit injustement recevra selon son injustice , et il n ` y a point d ` acception de personnes .
	</text>
	<annotations>
		<annotation source="MCS" anchor="donc" bfScore="--" coherenceScore="--">bn:00115635r</annotation>
		<annotation source="MCS" anchor="êtes" bfScore="--" coherenceScore="--">bn:00083187v</annotation>
		<annotation source="MCS" anchor="ressuscités" bfScore="--" coherenceScore="--">bn:00092343v</annotation>
		<annotation source="BABELFY" anchor="Christ" bfScore="0.997242979103683" coherenceScore="0.7586206896551724">bn:00018805n</annotation>
		<annotation source="MCS" anchor="cherchez" bfScore="--" coherenceScore="--">bn:00090460v</annotation>
		<annotation source="MCS" anchor="choses" bfScore="--" coherenceScore="--">bn:00076925n</annotation>
		<annotation source="MCS" anchor="haut" bfScore="--" coherenceScore="--">bn:00075973n</annotation>
		<annotation source="MCS" anchor="est" bfScore="--" coherenceScore="--">bn:00083187v</annotation>
		<annotation source="MCS" anchor="assis" bfScore="--" coherenceScore="--">bn:00093776v</annotation>
		<annotation source="MCS" anchor="droite" bfScore="--" coherenceScore="--">bn:00067818n</annotation>
		<annotation source="BABELFY" anchor="droite de Dieu" bfScore="1.0" coherenceScore="0.09482758620689655">bn:03197331n</annotation>
		<annotation source="BABELFY" anchor="Dieu" bfScore="0.7388177047482524" coherenceScore="0.8017241379310345">bn:00040878n</annotation>
		<annotation source="MCS" anchor="non" bfScore="--" coherenceScore="--">bn:00116350r</annotation>
		<annotation source="MCS" anchor="sont" bfScore="--" coherenceScore="--">bn:00083187v</annotation>
		<annotation source="MCS" anchor="morts" bfScore="--" coherenceScore="--">bn:00083914v</annotation>
		<annotation source="BABELFY" anchor="vie" bfScore="0.8523362112747588" coherenceScore="0.4224137931034483">bn:00051054n</annotation>
		<annotation source="MCS" anchor="cachée" bfScore="--" coherenceScore="--">bn:00085509v</annotation>
		<annotation source="MCS" anchor="paraîtra" bfScore="--" coherenceScore="--">bn:00082693v</annotation>
		<annotation source="MCS" anchor="alors" bfScore="--" coherenceScore="--">bn:00117250r</annotation>
		<annotation source="MCS" anchor="paraîtrez" bfScore="--" coherenceScore="--">bn:00082693v</annotation>
		<annotation source="MCS" anchor="aussi" bfScore="--" coherenceScore="--">bn:00114246r</annotation>
		<annotation source="MCS" anchor="gloire" bfScore="--" coherenceScore="--">bn:00016991n</annotation>
		<annotation source="MCS" anchor="Faites" bfScore="--" coherenceScore="--">bn:00087107v</annotation>
		<annotation source="MCS" anchor="mourir" bfScore="--" coherenceScore="--">bn:00083914v</annotation>
		<annotation source="MCS" anchor="membres" bfScore="--" coherenceScore="--">bn:00034004n</annotation>
		<annotation source="BABELFY" anchor="impureté" bfScore="0.8941176470588236" coherenceScore="0.08189655172413793">bn:00027392n</annotation>
		<annotation source="MCS" anchor="passions" bfScore="--" coherenceScore="--">bn:00060907n</annotation>
		<annotation source="MCS" anchor="mauvais" bfScore="--" coherenceScore="--">bn:00097966a</annotation>
		<annotation source="MCS" anchor="désirs" bfScore="--" coherenceScore="--">bn:00026550n</annotation>
		<annotation source="MCS" anchor="cupidité" bfScore="--" coherenceScore="--">bn:00007435n</annotation>
		<annotation source="MCS" anchor="idolâtrie" bfScore="--" coherenceScore="--">bn:00045856n</annotation>
		<annotation source="MCS" anchor="cause" bfScore="--" coherenceScore="--">bn:00015051n</annotation>
		<annotation source="MCS" anchor="colère" bfScore="--" coherenceScore="--">bn:00004085n</annotation>
		<annotation source="MCS" anchor="vient" bfScore="--" coherenceScore="--">bn:00085322v</annotation>
		<annotation source="BABELFY" anchor="fils de" bfScore="1.0" coherenceScore="0.021551724137931036">bn:15806605n</annotation>
		<annotation source="MCS" anchor="rébellion" bfScore="--" coherenceScore="--">bn:00066456n</annotation>
		<annotation source="MCS" anchor="marchiez" bfScore="--" coherenceScore="--">bn:00095597v</annotation>
		<annotation source="MCS" anchor="autrefois" bfScore="--" coherenceScore="--">bn:00114423r</annotation>
		<annotation source="MCS" anchor="viviez" bfScore="--" coherenceScore="--">bn:00087617v</annotation>
		<annotation source="BABELFY" anchor="péchés" bfScore="0.7965408911258994" coherenceScore="0.3879310344827586">bn:00071707n</annotation>
		<annotation source="MCS" anchor="maintenant" bfScore="--" coherenceScore="--">bn:00114424r</annotation>
		<annotation source="MCS" anchor="renoncez" bfScore="--" coherenceScore="--">bn:00088546v</annotation>
		<annotation source="BABELFY" anchor="animosité" bfScore="1.0" coherenceScore="0.03017241379310345">bn:00004273n</annotation>
		<annotation source="MCS" anchor="méchanceté" bfScore="--" coherenceScore="--">bn:00013515n</annotation>
		<annotation source="MCS" anchor="calomnie" bfScore="--" coherenceScore="--">bn:14884989n</annotation>
		<annotation source="MCS" anchor="paroles" bfScore="--" coherenceScore="--">bn:00049911n</annotation>
		<annotation source="MCS" anchor="pourraient" bfScore="--" coherenceScore="--">bn:13601970v</annotation>
		<annotation source="MCS" anchor="sortir" bfScore="--" coherenceScore="--">bn:00087845v</annotation>
		<annotation source="MCS" anchor="bouche" bfScore="--" coherenceScore="--">bn:00056135n</annotation>
		<annotation source="MCS" anchor="mentez" bfScore="--" coherenceScore="--">bn:00090324v</annotation>
		<annotation source="BABELFY" anchor="uns" bfScore="1.0" coherenceScore="0.008620689655172414">bn:02046536n</annotation>
		<annotation source="MCS" anchor="autres" bfScore="--" coherenceScore="--">bn:00101268a</annotation>
		<annotation source="MCS" anchor="étant" bfScore="--" coherenceScore="--">bn:00083187v</annotation>
		<annotation source="MCS" anchor="dépouillés" bfScore="--" coherenceScore="--">bn:00086708v</annotation>
		<annotation source="MCS" anchor="vieil" bfScore="--" coherenceScore="--">bn:00104306a</annotation>
		<annotation source="BABELFY" anchor="vieil homme" bfScore="1.0" coherenceScore="0.021551724137931036">bn:00041536n</annotation>
		<annotation source="MCS" anchor="homme" bfScore="--" coherenceScore="--">bn:00044576n</annotation>
		<annotation source="MCS" anchor="oeuvres" bfScore="--" coherenceScore="--">bn:00011767n</annotation>
		<annotation source="MCS" anchor="ayant" bfScore="--" coherenceScore="--">bn:00088733v</annotation>
		<annotation source="BABELFY" anchor="revêtu" bfScore="0.9816685372240928" coherenceScore="0.17672413793103448">bn:00083227v</annotation>
		<annotation source="MCS" anchor="nouveau" bfScore="--" coherenceScore="--">bn:00107267a</annotation>
		<annotation source="BABELFY" anchor="renouvelle" bfScore="0.968421052631579" coherenceScore="0.08620689655172414">bn:00092663v</annotation>
		<annotation source="MCS" anchor="connaissance" bfScore="--" coherenceScore="--">bn:00020452n</annotation>
		<annotation source="MCS" anchor="image" bfScore="--" coherenceScore="--">bn:00045772n</annotation>
		<annotation source="MCS" anchor="créé" bfScore="--" coherenceScore="--">bn:00086008v</annotation>
		<annotation source="MCS" anchor="ici" bfScore="--" coherenceScore="--">bn:00115641r</annotation>
		<annotation source="BABELFY" anchor="Grec" bfScore="0.9221406041618154" coherenceScore="0.5474137931034483">bn:00041634n</annotation>
		<annotation source="BABELFY" anchor="Juif" bfScore="0.9765990639625585" coherenceScore="0.4396551724137931">bn:00043492n</annotation>
		<annotation source="MCS" anchor="barbare" bfScore="--" coherenceScore="--">bn:00098041a</annotation>
		<annotation source="BABELFY" anchor="Scythe" bfScore="1.0" coherenceScore="0.017241379310344827">bn:04812374n</annotation>
		<annotation source="MCS" anchor="esclave" bfScore="--" coherenceScore="--">bn:00072080n</annotation>
		<annotation source="MCS" anchor="libre" bfScore="--" coherenceScore="--">bn:00103299a</annotation>
		<annotation source="MCS" anchor="tout" bfScore="--" coherenceScore="--">bn:00114403r</annotation>
		<annotation source="MCS" anchor="Ainsi" bfScore="--" coherenceScore="--">bn:00117048r</annotation>
		<annotation source="MCS" anchor="comme" bfScore="--" coherenceScore="--">bn:00114354r</annotation>
		<annotation source="MCS" anchor="élus" bfScore="--" coherenceScore="--">bn:00030112n</annotation>
		<annotation source="MCS" anchor="saints" bfScore="--" coherenceScore="--">bn:00110031a</annotation>
		<annotation source="BABELFY" anchor="bien-aimés" bfScore="1.0" coherenceScore="0.034482758620689655">bn:00098224a</annotation>
		<annotation source="BABELFY" anchor="revêtez" bfScore="0.9816685372240928" coherenceScore="0.17672413793103448">bn:00083227v</annotation>
		<annotation source="MCS" anchor="entrailles" bfScore="--" coherenceScore="--">bn:00031043n</annotation>
		<annotation source="MCS" anchor="miséricorde" bfScore="--" coherenceScore="--">bn:00307854n</annotation>
		<annotation source="MCS" anchor="bonté" bfScore="--" coherenceScore="--">bn:00052146n</annotation>
		<annotation source="MCS" anchor="humilité" bfScore="--" coherenceScore="--">bn:00045179n</annotation>
		<annotation source="MCS" anchor="douceur" bfScore="--" coherenceScore="--">bn:00050667n</annotation>
		<annotation source="MCS" anchor="patience" bfScore="--" coherenceScore="--">bn:00035762n</annotation>
		<annotation source="BABELFY" anchor="Supportez" bfScore="0.779874213836478" coherenceScore="0.1336206896551724">bn:00082138v</annotation>
		<annotation source="MCS" anchor="sujet" bfScore="--" coherenceScore="--">bn:00111369a</annotation>
		<annotation source="MCS" anchor="plaindre" bfScore="--" coherenceScore="--">bn:00085471v</annotation>
		<annotation source="MCS" anchor="autre" bfScore="--" coherenceScore="--">bn:00101268a</annotation>
		<annotation source="MCS" anchor="pardonnez" bfScore="--" coherenceScore="--">bn:00088483v</annotation>
		<annotation source="BABELFY" anchor="réciproquement" bfScore="1.0" coherenceScore="0.09482758620689655">bn:00116312r</annotation>
		<annotation source="MCS" anchor="pardonné" bfScore="--" coherenceScore="--">bn:00088483v</annotation>
		<annotation source="MCS" anchor="par-dessus" bfScore="--" coherenceScore="--">bn:00116506r</annotation>
		<annotation source="MCS" anchor="par-dessus toutes" bfScore="--" coherenceScore="--">bn:13747523r</annotation>
		<annotation source="MCS" anchor="charité" bfScore="--" coherenceScore="--">bn:00013380n</annotation>
		<annotation source="MCS" anchor="lien" bfScore="--" coherenceScore="--">bn:00045513n</annotation>
		<annotation source="BABELFY" anchor="perfection" bfScore="0.8461180846118085" coherenceScore="0.15086206896551724">bn:00009423n</annotation>
		<annotation source="MCS" anchor="paix" bfScore="--" coherenceScore="--">bn:00061149n</annotation>
		<annotation source="MCS" anchor="avez" bfScore="--" coherenceScore="--">bn:00088733v</annotation>
		<annotation source="MCS" anchor="été" bfScore="--" coherenceScore="--">bn:00083187v</annotation>
		<annotation source="MCS" anchor="appelés" bfScore="--" coherenceScore="--">bn:00084386v</annotation>
		<annotation source="MCS" anchor="former" bfScore="--" coherenceScore="--">bn:00088488v</annotation>
		<annotation source="MCS" anchor="seul" bfScore="--" coherenceScore="--">bn:00096872a</annotation>
		<annotation source="MCS" anchor="corps" bfScore="--" coherenceScore="--">bn:00011744n</annotation>
		<annotation source="MCS" anchor="règne" bfScore="--" coherenceScore="--">bn:00049171n</annotation>
		<annotation source="MCS" anchor="coeurs" bfScore="--" coherenceScore="--">bn:00043383n</annotation>
		<annotation source="MCS" anchor="soyez" bfScore="--" coherenceScore="--">bn:00083187v</annotation>
		<annotation source="BABELFY" anchor="reconnaissants" bfScore="0.9002493765586035" coherenceScore="0.16379310344827586">bn:00103751a</annotation>
		<annotation source="MCS" anchor="parole" bfScore="--" coherenceScore="--">bn:00049911n</annotation>
		<annotation source="MCS" anchor="habite" bfScore="--" coherenceScore="--">bn:00087441v</annotation>
		<annotation source="MCS" anchor="abondamment" bfScore="--" coherenceScore="--">bn:00115795r</annotation>
		<annotation source="BABELFY" anchor="instruisez" bfScore="0.9412144702842378" coherenceScore="0.1336206896551724">bn:00089724v</annotation>
		<annotation source="BABELFY" anchor="exhortez" bfScore="0.8695652173913043" coherenceScore="0.034482758620689655">bn:00087843v</annotation>
		<annotation source="MCS" anchor="sagesse" bfScore="--" coherenceScore="--">bn:00069220n</annotation>
		<annotation source="BABELFY" anchor="hymnes" bfScore="0.7611798287345385" coherenceScore="0.20689655172413793">bn:00004527n</annotation>
		<annotation source="MCS" anchor="cantiques" bfScore="--" coherenceScore="--">bn:00015360n</annotation>
		<annotation source="BABELFY" anchor="spirituels" bfScore="0.912621359223301" coherenceScore="0.13793103448275862">bn:00111042a</annotation>
		<annotation source="MCS" anchor="chantant" bfScore="--" coherenceScore="--">bn:00093758v</annotation>
		<annotation source="MCS" anchor="inspiration" bfScore="--" coherenceScore="--">bn:00046926n</annotation>
		<annotation source="MCS" anchor="grâce" bfScore="--" coherenceScore="--">bn:00041227n</annotation>
		<annotation source="MCS" anchor="fassiez" bfScore="--" coherenceScore="--">bn:00087107v</annotation>
		<annotation source="BABELFY" anchor="oeuvre" bfScore="0.9442137658150555" coherenceScore="0.6594827586206896">bn:00017339n</annotation>
		<annotation source="MCS" anchor="faites" bfScore="--" coherenceScore="--">bn:00087107v</annotation>
		<annotation source="MCS" anchor="nom" bfScore="--" coherenceScore="--">bn:00056758n</annotation>
		<annotation source="MCS" anchor="Seigneur" bfScore="--" coherenceScore="--">bn:00070296n</annotation>
		<annotation source="BABELFY" anchor="Jésus" bfScore="0.8880269785561667" coherenceScore="0.7586206896551724">bn:00018805n</annotation>
		<annotation source="MCS" anchor="rendant" bfScore="--" coherenceScore="--">bn:00092791v</annotation>
		<annotation source="MCS" anchor="actions" bfScore="--" coherenceScore="--">bn:00001130n</annotation>
		<annotation source="BABELFY" anchor="actions de grâces" bfScore="1.0" coherenceScore="0.09482758620689655">bn:05015173n</annotation>
		<annotation source="MCS" anchor="grâces" bfScore="--" coherenceScore="--">bn:00041227n</annotation>
		<annotation source="BABELFY" anchor="Dieu le Père" bfScore="0.9826589595375722" coherenceScore="0.21982758620689655">bn:03137478n</annotation>
		<annotation source="MCS" anchor="Père" bfScore="--" coherenceScore="--">bn:00009616n</annotation>
		<annotation source="BABELFY" anchor="Femmes" bfScore="0.7902814731830275" coherenceScore="0.5991379310344828">bn:00001530n</annotation>
		<annotation source="BABELFY" anchor="Femmes , soyez soumises à vos maris" bfScore="1.0" coherenceScore="0.08620689655172414">bn:04867894n</annotation>
		<annotation source="MCS" anchor="soumises" bfScore="--" coherenceScore="--">bn:00094538v</annotation>
		<annotation source="MCS" anchor="maris" bfScore="--" coherenceScore="--">bn:00045106n</annotation>
		<annotation source="MCS" anchor="Maris" bfScore="--" coherenceScore="--">bn:00045106n</annotation>
		<annotation source="MCS" anchor="aimez" bfScore="--" coherenceScore="--">bn:00090504v</annotation>
		<annotation source="BABELFY" anchor="femmes" bfScore="0.7902814731830275" coherenceScore="0.5991379310344828">bn:00001530n</annotation>
		<annotation source="MCS" anchor="aigrissez" bfScore="--" coherenceScore="--">bn:00082256v</annotation>
		<annotation source="MCS" anchor="Enfants" bfScore="--" coherenceScore="--">bn:00018346n</annotation>
		<annotation source="MCS" anchor="obéissez" bfScore="--" coherenceScore="--">bn:00091112v</annotation>
		<annotation source="MCS" anchor="agréable" bfScore="--" coherenceScore="--">bn:00108680a</annotation>
		<annotation source="MCS" anchor="Pères" bfScore="--" coherenceScore="--">bn:00009616n</annotation>
		<annotation source="MCS" anchor="irritez" bfScore="--" coherenceScore="--">bn:00082768v</annotation>
		<annotation source="MCS" anchor="enfants" bfScore="--" coherenceScore="--">bn:00018346n</annotation>
		<annotation source="MCS" anchor="peur" bfScore="--" coherenceScore="--">bn:00033854n</annotation>
		<annotation source="MCS" anchor="découragent" bfScore="--" coherenceScore="--">bn:00082375v</annotation>
		<annotation source="MCS" anchor="Serviteurs" bfScore="--" coherenceScore="--">bn:00070680n</annotation>
		<annotation source="MCS" anchor="maîtres" bfScore="--" coherenceScore="--">bn:00060052n</annotation>
		<annotation source="MCS" anchor="chair" bfScore="--" coherenceScore="--">bn:00035182n</annotation>
		<annotation source="BABELFY" anchor="seulement" bfScore="0.8778588807785888" coherenceScore="0.17672413793103448">bn:00114626r</annotation>
		<annotation source="BABELFY" anchor="yeux" bfScore="0.8673481107155162" coherenceScore="0.2543103448275862">bn:00032512n</annotation>
		<annotation source="MCS" anchor="plaire" bfScore="--" coherenceScore="--">bn:00089027v</annotation>
		<annotation source="MCS" anchor="hommes" bfScore="--" coherenceScore="--">bn:00044576n</annotation>
		<annotation source="MCS" anchor="simplicité" bfScore="--" coherenceScore="--">bn:00079196n</annotation>
		<annotation source="MCS" anchor="coeur" bfScore="--" coherenceScore="--">bn:00043383n</annotation>
		<annotation source="MCS" anchor="crainte" bfScore="--" coherenceScore="--">bn:00007503n</annotation>
		<annotation source="MCS" anchor="bon" bfScore="--" coherenceScore="--">bn:00103672a</annotation>
		<annotation source="MCS" anchor="sachant" bfScore="--" coherenceScore="--">bn:00090142v</annotation>
		<annotation source="MCS" anchor="recevrez" bfScore="--" coherenceScore="--">bn:00089246v</annotation>
		<annotation source="MCS" anchor="héritage" bfScore="--" coherenceScore="--">bn:00043821n</annotation>
		<annotation source="MCS" anchor="récompense" bfScore="--" coherenceScore="--">bn:00066977n</annotation>
		<annotation source="MCS" anchor="Servez" bfScore="--" coherenceScore="--">bn:00089309v</annotation>
		<annotation source="MCS" anchor="agit" bfScore="--" coherenceScore="--">bn:00082285v</annotation>
		<annotation source="MCS" anchor="injustement" bfScore="--" coherenceScore="--">bn:00117466r</annotation>
		<annotation source="MCS" anchor="recevra" bfScore="--" coherenceScore="--">bn:00089246v</annotation>
		<annotation source="MCS" anchor="injustice" bfScore="--" coherenceScore="--">bn:00046589n</annotation>
		<annotation source="MCS" anchor="acception" bfScore="--" coherenceScore="--">bn:00067355n</annotation>
		<annotation source="BABELFY" anchor="personnes" bfScore="0.8832647388957187" coherenceScore="0.8620689655172413">bn:00046516n</annotation>
	</annotations>
</paragraph>
<paragraph id="p.4">
	<text>
		Maîtres , accordez à vos serviteurs ce qui est juste et équitable , sachant que vous aussi vous avez un maître dans le ciel .
		Persévérez dans la prière , veillez - y avec actions de grâces .
		Priez en même temps pour nous , afin que Dieu nous ouvre une porte pour la parole , en sorte que je puisse annoncer le mystère de Christ , pour lequel je suis dans les chaînes ,
		et le faire connaître comme je dois en parler .
		Conduisez - vous avec sagesse envers ceux du dehors , et rachetez le temps .
		Que votre parole soit toujours accompagnée de grâce , assaisonnée de sel , afin que vous sachiez comment il faut répondre à chacun .
		Tychique , le bien - aimé frère et le fidèle ministre , mon compagnon de service dans le Seigneur , vous communiquera tout ce qui me concerne .
		Je l ` envoie exprès vers vous , pour que vous connaissiez notre situation , et pour qu ` il console vos coeurs .
		Je l ` envoie avec Onésime , le fidèle et bien - aimé frère , qui est des vôtres . Ils vous informeront de tout ce qui se passe ici .
		Aristarque , mon compagnon de captivité , vous salue , ainsi que Marc , le cousin de Barnabas , au sujet duquel vous avez reçu des ordres ( s ` il va chez vous , accueillez - le ) ;
		Jésus , appelé Justus , vous salue aussi . Ils sont du nombre des circoncis , et les seuls qui aient travaillé avec moi pour le royaume de Dieu , et qui aient été pour moi une consolation .
		Épaphras , qui est des vôtres , vous salue : serviteur de Jésus Christ , il ne cesse de combattre pour vous dans ses prières , afin que , parfaits et pleinement persuadés , vous persistiez dans une entière soumission à la volonté de Dieu .
		Car je lui rends le témoignage qu ` il a une grande sollicitude pour vous , pour ceux de Laodicée et pour ceux d ` Hiérapolis .
		Luc , le médecin bien - aimé , vous salue , ainsi que Démas .
		Saluez les frères qui sont à Laodicée , et Nymphas , et l ` Église qui est dans sa maison .
		Lorsque cette lettre aura été lue chez vous , faites en sorte qu ` elle soit aussi lue dans l ` Église des Laodicéens , et que vous lisiez à votre tour celle qui vous arrivera de Laodicée .
		Et dites à Archippe : Prends garde au ministère que tu as reçu dans le Seigneur , afin de le bien remplir .
		Je vous salue , moi Paul , de ma propre main . Souvenez - vous de mes liens . Que la grâce soit avec vous !
	</text>
	<annotations>
		<annotation source="MCS" anchor="Maîtres" bfScore="--" coherenceScore="--">bn:00060052n</annotation>
		<annotation source="MCS" anchor="accordez" bfScore="--" coherenceScore="--">bn:00083445v</annotation>
		<annotation source="MCS" anchor="serviteurs" bfScore="--" coherenceScore="--">bn:00070680n</annotation>
		<annotation source="MCS" anchor="est" bfScore="--" coherenceScore="--">bn:00083187v</annotation>
		<annotation source="MCS" anchor="juste" bfScore="--" coherenceScore="--">bn:00102719a</annotation>
		<annotation source="BABELFY" anchor="équitable" bfScore="1.0" coherenceScore="0.01875">bn:00102356a</annotation>
		<annotation source="MCS" anchor="sachant" bfScore="--" coherenceScore="--">bn:00090142v</annotation>
		<annotation source="MCS" anchor="aussi" bfScore="--" coherenceScore="--">bn:00114246r</annotation>
		<annotation source="MCS" anchor="avez" bfScore="--" coherenceScore="--">bn:00088733v</annotation>
		<annotation source="MCS" anchor="maître" bfScore="--" coherenceScore="--">bn:00060052n</annotation>
		<annotation source="MCS" anchor="ciel" bfScore="--" coherenceScore="--">bn:00072016n</annotation>
		<annotation source="MCS" anchor="Persévérez" bfScore="--" coherenceScore="--">bn:00089773v</annotation>
		<annotation source="BABELFY" anchor="prière" bfScore="0.8394803383032522" coherenceScore="0.3625">bn:00059529n</annotation>
		<annotation source="MCS" anchor="actions" bfScore="--" coherenceScore="--">bn:00001130n</annotation>
		<annotation source="BABELFY" anchor="actions de grâces" bfScore="1.0" coherenceScore="0.09375">bn:05015173n</annotation>
		<annotation source="MCS" anchor="grâces" bfScore="--" coherenceScore="--">bn:00041227n</annotation>
		<annotation source="MCS" anchor="Priez" bfScore="--" coherenceScore="--">bn:00091921v</annotation>
		<annotation source="MCS" anchor="temps" bfScore="--" coherenceScore="--">bn:00077270n</annotation>
		<annotation source="BABELFY" anchor="Dieu" bfScore="0.7974936454454099" coherenceScore="0.8">bn:00040878n</annotation>
		<annotation source="MCS" anchor="porte" bfScore="--" coherenceScore="--">bn:00028248n</annotation>
		<annotation source="BABELFY" anchor="parole" bfScore="0.7561600630790459" coherenceScore="0.35">bn:00049911n</annotation>
		<annotation source="BABELFY" anchor="sorte" bfScore="0.7231920199501247" coherenceScore="0.125">bn:00035907n</annotation>
		<annotation source="BABELFY" anchor="puisse" bfScore="0.7933884297520661" coherenceScore="0.05">bn:00084451v</annotation>
		<annotation source="MCS" anchor="annoncer" bfScore="--" coherenceScore="--">bn:00082637v</annotation>
		<annotation source="MCS" anchor="mystère" bfScore="--" coherenceScore="--">bn:00019934n</annotation>
		<annotation source="BABELFY" anchor="Christ" bfScore="0.9982748706152962" coherenceScore="0.775">bn:00018805n</annotation>
		<annotation source="MCS" anchor="chaînes" bfScore="--" coherenceScore="--">bn:00017487n</annotation>
		<annotation source="MCS" anchor="faire" bfScore="--" coherenceScore="--">bn:00087107v</annotation>
		<annotation source="MCS" anchor="faire connaître" bfScore="--" coherenceScore="--">bn:00082637v</annotation>
		<annotation source="MCS" anchor="connaître" bfScore="--" coherenceScore="--">bn:00082272v</annotation>
		<annotation source="MCS" anchor="dois" bfScore="--" coherenceScore="--">bn:00091360v</annotation>
		<annotation source="MCS" anchor="parler" bfScore="--" coherenceScore="--">bn:00094090v</annotation>
		<annotation source="MCS" anchor="Conduisez" bfScore="--" coherenceScore="--">bn:00085567v</annotation>
		<annotation source="MCS" anchor="sagesse" bfScore="--" coherenceScore="--">bn:00069220n</annotation>
		<annotation source="BABELFY" anchor="dehors" bfScore="0.8120300751879699" coherenceScore="0.05625">bn:00059746n</annotation>
		<annotation source="MCS" anchor="rachetez" bfScore="--" coherenceScore="--">bn:00086537v</annotation>
		<annotation source="MCS" anchor="toujours" bfScore="--" coherenceScore="--">bn:00114251r</annotation>
		<annotation source="MCS" anchor="accompagnée" bfScore="--" coherenceScore="--">bn:00082222v</annotation>
		<annotation source="MCS" anchor="grâce" bfScore="--" coherenceScore="--">bn:00041227n</annotation>
		<annotation source="BABELFY" anchor="assaisonnée" bfScore="1.0" coherenceScore="0.0125">bn:00088287v</annotation>
		<annotation source="BABELFY" anchor="sel" bfScore="0.8161434977578476" coherenceScore="0.08125">bn:00021160n</annotation>
		<annotation source="MCS" anchor="sachiez" bfScore="--" coherenceScore="--">bn:00090142v</annotation>
		<annotation source="MCS" anchor="comment" bfScore="--" coherenceScore="--">bn:13703917r</annotation>
		<annotation source="MCS" anchor="répondre" bfScore="--" coherenceScore="--">bn:00082646v</annotation>
		<annotation source="BABELFY" anchor="bien-aimé" bfScore="1.0" coherenceScore="0.00625">bn:00098224a</annotation>
		<annotation source="MCS" anchor="frère" bfScore="--" coherenceScore="--">bn:00011357n</annotation>
		<annotation source="MCS" anchor="fidèle" bfScore="--" coherenceScore="--">bn:00102728a</annotation>
		<annotation source="MCS" anchor="ministre" bfScore="--" coherenceScore="--">bn:00041200n</annotation>
		<annotation source="MCS" anchor="compagnon" bfScore="--" coherenceScore="--">bn:00006532n</annotation>
		<annotation source="MCS" anchor="service" bfScore="--" coherenceScore="--">bn:00070651n</annotation>
		<annotation source="MCS" anchor="Seigneur" bfScore="--" coherenceScore="--">bn:00070296n</annotation>
		<annotation source="MCS" anchor="communiquera" bfScore="--" coherenceScore="--">bn:00085435v</annotation>
		<annotation source="BABELFY" anchor="concerne" bfScore="0.886986301369863" coherenceScore="0.175">bn:00083240v</annotation>
		<annotation source="MCS" anchor="envoie" bfScore="--" coherenceScore="--">bn:00093485v</annotation>
		<annotation source="BABELFY" anchor="exprès" bfScore="1.0" coherenceScore="0.04375">bn:00114152r</annotation>
		<annotation source="MCS" anchor="connaissiez" bfScore="--" coherenceScore="--">bn:00082272v</annotation>
		<annotation source="MCS" anchor="situation" bfScore="--" coherenceScore="--">bn:00071869n</annotation>
		<annotation source="BABELFY" anchor="console" bfScore="1.0" coherenceScore="0.05625">bn:00085398v</annotation>
		<annotation source="MCS" anchor="coeurs" bfScore="--" coherenceScore="--">bn:00043383n</annotation>
		<annotation source="BABELFY" anchor="Onésime" bfScore="1.0" coherenceScore="0.1">bn:03557017n</annotation>
		<annotation source="MCS" anchor="informeront" bfScore="--" coherenceScore="--">bn:00082416v</annotation>
		<annotation source="MCS" anchor="passe" bfScore="--" coherenceScore="--">bn:00091458v</annotation>
		<annotation source="MCS" anchor="ici" bfScore="--" coherenceScore="--">bn:00115641r</annotation>
		<annotation source="MCS" anchor="Aristarque" bfScore="--" coherenceScore="--">bn:13717736n</annotation>
		<annotation source="BABELFY" anchor="captivité" bfScore="0.8441754916792739" coherenceScore="0.1125">bn:00015771n</annotation>
		<annotation source="MCS" anchor="salue" bfScore="--" coherenceScore="--">bn:00082703v</annotation>
		<annotation source="MCS" anchor="Marc" bfScore="--" coherenceScore="--">bn:00053348n</annotation>
		<annotation source="BABELFY" anchor="cousin" bfScore="0.9669669669669669" coherenceScore="0.0875">bn:00023333n</annotation>
		<annotation source="BABELFY" anchor="Barnabas" bfScore="1.0" coherenceScore="0.1125">bn:03225097n</annotation>
		<annotation source="MCS" anchor="sujet" bfScore="--" coherenceScore="--">bn:00022157n</annotation>
		<annotation source="MCS" anchor="reçu" bfScore="--" coherenceScore="--">bn:00089246v</annotation>
		<annotation source="MCS" anchor="ordres" bfScore="--" coherenceScore="--">bn:00059303n</annotation>
		<annotation source="MCS" anchor="va" bfScore="--" coherenceScore="--">bn:00093013v</annotation>
		<annotation source="MCS" anchor="accueillez" bfScore="--" coherenceScore="--">bn:00092491v</annotation>
		<annotation source="BABELFY" anchor="Jésus" bfScore="0.9001315808926803" coherenceScore="0.775">bn:00018805n</annotation>
		<annotation source="BABELFY" anchor="appelé" bfScore="0.9607843137254902" coherenceScore="0.04375">bn:00021953n</annotation>
		<annotation source="MCS" anchor="Justus" bfScore="--" coherenceScore="--">bn:14019095n</annotation>
		<annotation source="MCS" anchor="sont" bfScore="--" coherenceScore="--">bn:00083187v</annotation>
		<annotation source="MCS" anchor="nombre" bfScore="--" coherenceScore="--">bn:00058285n</annotation>
		<annotation source="BABELFY" anchor="circoncis" bfScore="1.0" coherenceScore="0.13125">bn:00019205n</annotation>
		<annotation source="MCS" anchor="aient" bfScore="--" coherenceScore="--">bn:00088733v</annotation>
		<annotation source="MCS" anchor="travaillé" bfScore="--" coherenceScore="--">bn:00095812v</annotation>
		<annotation source="MCS" anchor="royaume" bfScore="--" coherenceScore="--">bn:00049170n</annotation>
		<annotation source="BABELFY" anchor="royaume de Dieu" bfScore="0.869639794168096" coherenceScore="0.1625">bn:15686337n</annotation>
		<annotation source="MCS" anchor="été" bfScore="--" coherenceScore="--">bn:00083187v</annotation>
		<annotation source="BABELFY" anchor="consolation" bfScore="0.986159169550173" coherenceScore="0.09375">bn:00022000n</annotation>
		<annotation source="MCS" anchor="serviteur" bfScore="--" coherenceScore="--">bn:00070680n</annotation>
		<annotation source="BABELFY" anchor="Jésus Christ" bfScore="1.0" coherenceScore="0.78125">bn:00018805n</annotation>
		<annotation source="MCS" anchor="cesse" bfScore="--" coherenceScore="--">bn:00084710v</annotation>
		<annotation source="MCS" anchor="combattre" bfScore="--" coherenceScore="--">bn:00085711v</annotation>
		<annotation source="BABELFY" anchor="prières" bfScore="0.8394803383032522" coherenceScore="0.3625">bn:00059529n</annotation>
		<annotation source="BABELFY" anchor="parfaits" bfScore="1.0" coherenceScore="0.04375">bn:00089443v</annotation>
		<annotation source="BABELFY" anchor="pleinement" bfScore="1.0" coherenceScore="0.125">bn:00114203r</annotation>
		<annotation source="BABELFY" anchor="persuadés" bfScore="0.9958592132505176" coherenceScore="0.1625">bn:00091565v</annotation>
		<annotation source="MCS" anchor="persistiez" bfScore="--" coherenceScore="--">bn:00086793v</annotation>
		<annotation source="MCS" anchor="entière" bfScore="--" coherenceScore="--">bn:00103393a</annotation>
		<annotation source="MCS" anchor="soumission" bfScore="--" coherenceScore="--">bn:00074932n</annotation>
		<annotation source="MCS" anchor="volonté" bfScore="--" coherenceScore="--">bn:00081239n</annotation>
		<annotation source="MCS" anchor="rends" bfScore="--" coherenceScore="--">bn:00092791v</annotation>
		<annotation source="MCS" anchor="témoignage" bfScore="--" coherenceScore="--">bn:00076677n</annotation>
		<annotation source="MCS" anchor="grande" bfScore="--" coherenceScore="--">bn:00111630a</annotation>
		<annotation source="MCS" anchor="sollicitude" bfScore="--" coherenceScore="--">bn:00072718n</annotation>
		<annotation source="BABELFY" anchor="Hiérapolis" bfScore="1.0" coherenceScore="0.1125">bn:03204330n</annotation>
		<annotation source="BABELFY" anchor="médecin" bfScore="0.7137330754352031" coherenceScore="0.25625">bn:00027976n</annotation>
		<annotation source="MCS" anchor="Saluez" bfScore="--" coherenceScore="--">bn:00082703v</annotation>
		<annotation source="MCS" anchor="frères" bfScore="--" coherenceScore="--">bn:00011357n</annotation>
		<annotation source="MCS" anchor="Église" bfScore="--" coherenceScore="--">bn:00018995n</annotation>
		<annotation source="MCS" anchor="maison" bfScore="--" coherenceScore="--">bn:00044994n</annotation>
		<annotation source="MCS" anchor="lettre" bfScore="--" coherenceScore="--">bn:00050802n</annotation>
		<annotation source="MCS" anchor="aura" bfScore="--" coherenceScore="--">bn:00088733v</annotation>
		<annotation source="MCS" anchor="lue" bfScore="--" coherenceScore="--">bn:00092426v</annotation>
		<annotation source="MCS" anchor="faites" bfScore="--" coherenceScore="--">bn:00087107v</annotation>
		<annotation source="MCS" anchor="soit" bfScore="--" coherenceScore="--">bn:00083187v</annotation>
		<annotation source="MCS" anchor="tour" bfScore="--" coherenceScore="--">bn:00050151n</annotation>
		<annotation source="MCS" anchor="arrivera" bfScore="--" coherenceScore="--">bn:00083286v</annotation>
		<annotation source="MCS" anchor="dites" bfScore="--" coherenceScore="--">bn:00093287v</annotation>
		<annotation source="BABELFY" anchor="Archippe" bfScore="1.0" coherenceScore="0.1">bn:03453748n</annotation>
		<annotation source="MCS" anchor="Prends" bfScore="--" coherenceScore="--">bn:00088762v</annotation>
		<annotation source="MCS" anchor="garde" bfScore="--" coherenceScore="--">bn:00024585n</annotation>
		<annotation source="MCS" anchor="ministère" bfScore="--" coherenceScore="--">bn:00055178n</annotation>
		<annotation source="MCS" anchor="as" bfScore="--" coherenceScore="--">bn:00088733v</annotation>
		<annotation source="MCS" anchor="bien" bfScore="--" coherenceScore="--">bn:00115530r</annotation>
		<annotation source="MCS" anchor="remplir" bfScore="--" coherenceScore="--">bn:00088175v</annotation>
		<annotation source="BABELFY" anchor="Paul" bfScore="0.9876004191407615" coherenceScore="0.3625">bn:00004984n</annotation>
		<annotation source="MCS" anchor="propre" bfScore="--" coherenceScore="--">bn:00099776a</annotation>
		<annotation source="MCS" anchor="main" bfScore="--" coherenceScore="--">bn:00042759n</annotation>
		<annotation source="MCS" anchor="Souvenez" bfScore="--" coherenceScore="--">bn:00084413v</annotation>
		<annotation source="MCS" anchor="liens" bfScore="--" coherenceScore="--">bn:00045513n</annotation>
	</annotations>
</paragraph>
</dataset>
