<?xml version="1.0" encoding="utf-8"?>
<dataset language="FR" title="HAB">
<paragraph id="p.1">
	<text>
		Oracle révélé à Habakuk , le prophète .
		Jusqu ` à quand , ô Éternel ? . . . J ` ai crié , Et tu n ` écoutes pas ! J ` ai crié vers toi à la violence , Et tu ne secours pas !
		Pourquoi me fais - tu voir l ` iniquité , Et contemples - tu l ` injustice ? Pourquoi l ` oppression et la violence sont - elles devant moi ? Il y a des querelles , et la discorde s ` élève .
		Aussi la loi n ` a point de vie , La justice n ` a point de force ; Car le méchant triomphe du juste , Et l ` on rend des jugements iniques .
		Jetez les yeux parmi les nations , regardez , Et soyez saisis d ` étonnement , d ` épouvante ! Car je vais faire en vos jours une oeuvre , Que vous ne croiriez pas si on la racontait .
		Voici , je vais susciter les Chaldéens , Peuple furibond et impétueux , Qui traverse de vastes étendues de pays , Pour s ` emparer de demeures qui ne sont pas à lui .
		Il est terrible et formidable ; De lui seul viennent son droit et sa grandeur .
		Ses chevaux sont plus rapides que les léopards , Plus agiles que les loups du soir , Et ses cavaliers s ` avancent avec orgueil ; Ses cavaliers arrivent de loin , Ils volent comme l ` aigle qui fond sur sa proie .
		Tout ce peuple vient pour se livrer au pillage ; Ses regards avides se portent en avant , Et il assemble des prisonniers comme du sable .
		Il se moque des rois , Et les princes font l ` objet de ses railleries ; Il se rit de toutes les forteresses , Il amoncelle de la terre , et il les prend .
		Alors son ardeur redouble , Il poursuit sa marche , et il se rend coupable . Sa force à lui , voilà son dieu !
		N ` es - tu pas de toute éternité , Éternel , mon Dieu , mon Saint ? Nous ne mourrons pas ! O Éternel , tu as établi ce peuple pour exercer tes jugements ; O mon rocher , tu l ` as suscité pour infliger tes châtiments .
		Tes yeux sont trop purs pour voir le mal , Et tu ne peux pas regarder l ` iniquité . Pourquoi regarderais - tu les perfides , et te tairais - tu , Quand le méchant dévore celui qui est plus juste que lui ?
		Traiterais - tu l ` homme comme les poissons de la mer , Comme le reptile qui n ` a point de maître ?
		Il les fait tous monter avec l ` hameçon , Il les attire dans son filet , Il les assemble dans ses rets : Aussi est - il dans la joie et dans l ` allégresse .
		C ` est pourquoi il sacrifie à son filet , Il offre de l ` encens à ses rets ; Car par eux sa portion est grasse , Et sa nourriture succulente .
		Videra - t - il pour cela son filet , Et toujours égorgera - t - il sans pitié les nations ?
	</text>
	<annotations>
		<annotation source="MCS" anchor="révélé" bfScore="--" coherenceScore="--">bn:00084097v</annotation>
		<annotation source="MCS" anchor="prophète" bfScore="--" coherenceScore="--">bn:00064759n</annotation>
		<annotation source="BABELFY" anchor="quand" bfScore="0.9" coherenceScore="0.015706806282722512">bn:00114354r</annotation>
		<annotation source="BABELFY" anchor="Éternel" bfScore="1.0" coherenceScore="0.675392670157068">bn:00040878n</annotation>
		<annotation source="MCS" anchor="ai" bfScore="--" coherenceScore="--">bn:00088733v</annotation>
		<annotation source="MCS" anchor="crié" bfScore="--" coherenceScore="--">bn:00093676v</annotation>
		<annotation source="MCS" anchor="écoutes" bfScore="--" coherenceScore="--">bn:00076091n</annotation>
		<annotation source="BABELFY" anchor="violence" bfScore="0.937173476222371" coherenceScore="0.2774869109947644">bn:00035772n</annotation>
		<annotation source="MCS" anchor="secours" bfScore="--" coherenceScore="--">bn:00089308v</annotation>
		<annotation source="BABELFY" anchor="Pourquoi" bfScore="1.0" coherenceScore="0.015706806282722512">bn:00114822r</annotation>
		<annotation source="MCS" anchor="fais" bfScore="--" coherenceScore="--">bn:00087107v</annotation>
		<annotation source="MCS" anchor="voir" bfScore="--" coherenceScore="--">bn:00093430v</annotation>
		<annotation source="BABELFY" anchor="iniquité" bfScore="1.0" coherenceScore="0.06806282722513089">bn:01267367n</annotation>
		<annotation source="MCS" anchor="contemples" bfScore="--" coherenceScore="--">bn:00085516v</annotation>
		<annotation source="MCS" anchor="injustice" bfScore="--" coherenceScore="--">bn:00046589n</annotation>
		<annotation source="MCS" anchor="oppression" bfScore="--" coherenceScore="--">bn:00059197n</annotation>
		<annotation source="MCS" anchor="sont" bfScore="--" coherenceScore="--">bn:00083187v</annotation>
		<annotation source="MCS" anchor="querelles" bfScore="--" coherenceScore="--">bn:00010243n</annotation>
		<annotation source="MCS" anchor="discorde" bfScore="--" coherenceScore="--">bn:00027509n</annotation>
		<annotation source="MCS" anchor="élève" bfScore="--" coherenceScore="--">bn:00003164n</annotation>
		<annotation source="MCS" anchor="Aussi" bfScore="--" coherenceScore="--">bn:00114246r</annotation>
		<annotation source="MCS" anchor="loi" bfScore="--" coherenceScore="--">bn:00050249n</annotation>
		<annotation source="BABELFY" anchor="point de vie" bfScore="1.0" coherenceScore="0.020942408376963352">bn:03742807n</annotation>
		<annotation source="MCS" anchor="vie" bfScore="--" coherenceScore="--">bn:00002761n</annotation>
		<annotation source="MCS" anchor="justice" bfScore="--" coherenceScore="--">bn:00048668n</annotation>
		<annotation source="MCS" anchor="force" bfScore="--" coherenceScore="--">bn:00035768n</annotation>
		<annotation source="MCS" anchor="Car" bfScore="--" coherenceScore="--">bn:02142237n</annotation>
		<annotation source="MCS" anchor="méchant" bfScore="--" coherenceScore="--">bn:00007894n</annotation>
		<annotation source="MCS" anchor="triomphe" bfScore="--" coherenceScore="--">bn:00087936v</annotation>
		<annotation source="MCS" anchor="juste" bfScore="--" coherenceScore="--">bn:00102719a</annotation>
		<annotation source="MCS" anchor="rend" bfScore="--" coherenceScore="--">bn:00092791v</annotation>
		<annotation source="MCS" anchor="jugements" bfScore="--" coherenceScore="--">bn:00048493n</annotation>
		<annotation source="BABELFY" anchor="iniques" bfScore="1.0" coherenceScore="0.041884816753926704">bn:00105118a</annotation>
		<annotation source="MCS" anchor="Jetez" bfScore="--" coherenceScore="--">bn:00094934v</annotation>
		<annotation source="BABELFY" anchor="yeux" bfScore="0.7855421686746988" coherenceScore="0.39790575916230364">bn:00032512n</annotation>
		<annotation source="BABELFY" anchor="nations" bfScore="0.9370745492800858" coherenceScore="0.7068062827225131">bn:00023236n</annotation>
		<annotation source="MCS" anchor="regardez" bfScore="--" coherenceScore="--">bn:00084662v</annotation>
		<annotation source="MCS" anchor="soyez" bfScore="--" coherenceScore="--">bn:00083187v</annotation>
		<annotation source="MCS" anchor="saisis" bfScore="--" coherenceScore="--">bn:00085207v</annotation>
		<annotation source="MCS" anchor="étonnement" bfScore="--" coherenceScore="--">bn:00003242n</annotation>
		<annotation source="BABELFY" anchor="épouvante" bfScore="0.7078910936778957" coherenceScore="0.3089005235602094">bn:00033854n</annotation>
		<annotation source="MCS" anchor="vais" bfScore="--" coherenceScore="--">bn:00087905v</annotation>
		<annotation source="MCS" anchor="faire" bfScore="--" coherenceScore="--">bn:00087107v</annotation>
		<annotation source="MCS" anchor="jours" bfScore="--" coherenceScore="--">bn:00000086n</annotation>
		<annotation source="MCS" anchor="oeuvre" bfScore="--" coherenceScore="--">bn:00011767n</annotation>
		<annotation source="MCS" anchor="croiriez" bfScore="--" coherenceScore="--">bn:00083369v</annotation>
		<annotation source="MCS" anchor="racontait" bfScore="--" coherenceScore="--">bn:00091011v</annotation>
		<annotation source="BABELFY" anchor="Voici" bfScore="1.0" coherenceScore="0.020942408376963352">bn:00114427r</annotation>
		<annotation source="MCS" anchor="susciter" bfScore="--" coherenceScore="--">bn:00082768v</annotation>
		<annotation source="MCS" anchor="Peuple" bfScore="--" coherenceScore="--">bn:00019283n</annotation>
		<annotation source="BABELFY" anchor="furibond" bfScore="1.0" coherenceScore="0.06282722513089005">bn:00097107a</annotation>
		<annotation source="MCS" anchor="impétueux" bfScore="--" coherenceScore="--">bn:00104666a</annotation>
		<annotation source="MCS" anchor="traverse" bfScore="--" coherenceScore="--">bn:00085906v</annotation>
		<annotation source="BABELFY" anchor="vastes" bfScore="1.0" coherenceScore="0.015706806282722512">bn:00098905a</annotation>
		<annotation source="MCS" anchor="étendues" bfScore="--" coherenceScore="--">bn:00032278n</annotation>
		<annotation source="MCS" anchor="pays" bfScore="--" coherenceScore="--">bn:00023235n</annotation>
		<annotation source="BABELFY" anchor="demeures" bfScore="0.7968892955169259" coherenceScore="0.20418848167539266">bn:00000356n</annotation>
		<annotation source="MCS" anchor="est" bfScore="--" coherenceScore="--">bn:00083187v</annotation>
		<annotation source="BABELFY" anchor="terrible" bfScore="0.8708333333333333" coherenceScore="0.09947643979057591">bn:00097890a</annotation>
		<annotation source="MCS" anchor="formidable" bfScore="--" coherenceScore="--">bn:00098871a</annotation>
		<annotation source="MCS" anchor="seul" bfScore="--" coherenceScore="--">bn:00096872a</annotation>
		<annotation source="MCS" anchor="viennent" bfScore="--" coherenceScore="--">bn:00085322v</annotation>
		<annotation source="MCS" anchor="droit" bfScore="--" coherenceScore="--">bn:00067807n</annotation>
		<annotation source="MCS" anchor="grandeur" bfScore="--" coherenceScore="--">bn:00010346n</annotation>
		<annotation source="BABELFY" anchor="chevaux" bfScore="0.9005729693292889" coherenceScore="0.33507853403141363">bn:00031345n</annotation>
		<annotation source="MCS" anchor="plus" bfScore="--" coherenceScore="--">bn:00115880r</annotation>
		<annotation source="MCS" anchor="rapides" bfScore="--" coherenceScore="--">bn:00102802a</annotation>
		<annotation source="MCS" anchor="léopards" bfScore="--" coherenceScore="--">bn:00050713n</annotation>
		<annotation source="MCS" anchor="Plus" bfScore="--" coherenceScore="--">bn:00051948n</annotation>
		<annotation source="BABELFY" anchor="agiles" bfScore="0.9836065573770492" coherenceScore="0.031413612565445025">bn:00096664a</annotation>
		<annotation source="BABELFY" anchor="loups" bfScore="0.7222222222222222" coherenceScore="0.2513089005235602">bn:00015268n</annotation>
		<annotation source="MCS" anchor="soir" bfScore="--" coherenceScore="--">bn:00031998n</annotation>
		<annotation source="MCS" anchor="cavaliers" bfScore="--" coherenceScore="--">bn:00031301n</annotation>
		<annotation source="MCS" anchor="avancent" bfScore="--" coherenceScore="--">bn:00085715v</annotation>
		<annotation source="MCS" anchor="orgueil" bfScore="--" coherenceScore="--">bn:00064338n</annotation>
		<annotation source="BABELFY" anchor="cavaliers" bfScore="0.9917864476386037" coherenceScore="0.1099476439790576">bn:00103252a</annotation>
		<annotation source="MCS" anchor="arrivent" bfScore="--" coherenceScore="--">bn:00083286v</annotation>
		<annotation source="MCS" anchor="loin" bfScore="--" coherenceScore="--">bn:00115323r</annotation>
		<annotation source="MCS" anchor="Ils" bfScore="--" coherenceScore="--">bn:03861247n</annotation>
		<annotation source="MCS" anchor="volent" bfScore="--" coherenceScore="--">bn:00088378v</annotation>
		<annotation source="BABELFY" anchor="comme" bfScore="0.823021582733813" coherenceScore="0.11518324607329843">bn:00117173r</annotation>
		<annotation source="MCS" anchor="aigle" bfScore="--" coherenceScore="--">bn:00010631n</annotation>
		<annotation source="MCS" anchor="fond" bfScore="--" coherenceScore="--">bn:00090736v</annotation>
		<annotation source="MCS" anchor="proie" bfScore="--" coherenceScore="--">bn:00032742n</annotation>
		<annotation source="MCS" anchor="peuple" bfScore="--" coherenceScore="--">bn:00019283n</annotation>
		<annotation source="MCS" anchor="vient" bfScore="--" coherenceScore="--">bn:00085322v</annotation>
		<annotation source="MCS" anchor="livrer" bfScore="--" coherenceScore="--">bn:00086531v</annotation>
		<annotation source="MCS" anchor="pillage" bfScore="--" coherenceScore="--">bn:00052007n</annotation>
		<annotation source="MCS" anchor="regards" bfScore="--" coherenceScore="--">bn:00053198n</annotation>
		<annotation source="BABELFY" anchor="avides" bfScore="0.7740303541315345" coherenceScore="0.14136125654450263">bn:00096352a</annotation>
		<annotation source="MCS" anchor="portent" bfScore="--" coherenceScore="--">bn:00089252v</annotation>
		<annotation source="MCS" anchor="avant" bfScore="--" coherenceScore="--">bn:00035855n</annotation>
		<annotation source="MCS" anchor="assemble" bfScore="--" coherenceScore="--">bn:00082845v</annotation>
		<annotation source="MCS" anchor="prisonniers" bfScore="--" coherenceScore="--">bn:00015767n</annotation>
		<annotation source="MCS" anchor="sable" bfScore="--" coherenceScore="--">bn:00069126n</annotation>
		<annotation source="BABELFY" anchor="moque" bfScore="1.0" coherenceScore="0.13089005235602094">bn:00083062v</annotation>
		<annotation source="MCS" anchor="rois" bfScore="--" coherenceScore="--">bn:00049141n</annotation>
		<annotation source="BABELFY" anchor="princes" bfScore="0.8591248665955176" coherenceScore="0.12041884816753927">bn:00064405n</annotation>
		<annotation source="MCS" anchor="font" bfScore="--" coherenceScore="--">bn:00087107v</annotation>
		<annotation source="MCS" anchor="objet" bfScore="--" coherenceScore="--">bn:00058442n</annotation>
		<annotation source="BABELFY" anchor="railleries" bfScore="0.9745222929936306" coherenceScore="0.08900523560209424">bn:00076208n</annotation>
		<annotation source="BABELFY" anchor="rit" bfScore="1.0" coherenceScore="0.03664921465968586">bn:00087901v</annotation>
		<annotation source="MCS" anchor="forteresses" bfScore="--" coherenceScore="--">bn:00035975n</annotation>
		<annotation source="MCS" anchor="amoncelle" bfScore="--" coherenceScore="--">bn:00089276v</annotation>
		<annotation source="MCS" anchor="prend" bfScore="--" coherenceScore="--">bn:00088762v</annotation>
		<annotation source="MCS" anchor="Alors" bfScore="--" coherenceScore="--">bn:00117250r</annotation>
		<annotation source="MCS" anchor="ardeur" bfScore="--" coherenceScore="--">bn:00005510n</annotation>
		<annotation source="MCS" anchor="redouble" bfScore="--" coherenceScore="--">bn:00082184v</annotation>
		<annotation source="MCS" anchor="poursuit" bfScore="--" coherenceScore="--">bn:00084831v</annotation>
		<annotation source="MCS" anchor="coupable" bfScore="--" coherenceScore="--">bn:00103831a</annotation>
		<annotation source="BABELFY" anchor="dieu" bfScore="0.8703417729095588" coherenceScore="0.6701570680628273">bn:00040878n</annotation>
		<annotation source="MCS" anchor="es" bfScore="--" coherenceScore="--">bn:00083187v</annotation>
		<annotation source="BABELFY" anchor="éternité" bfScore="0.7084527220630372" coherenceScore="0.12041884816753927">bn:00031687n</annotation>
		<annotation source="BABELFY" anchor="Dieu" bfScore="0.8703417729095588" coherenceScore="0.6701570680628273">bn:00040878n</annotation>
		<annotation source="MCS" anchor="Saint" bfScore="--" coherenceScore="--">bn:00053896n</annotation>
		<annotation source="MCS" anchor="mourrons" bfScore="--" coherenceScore="--">bn:00083914v</annotation>
		<annotation source="MCS" anchor="as" bfScore="--" coherenceScore="--">bn:00088733v</annotation>
		<annotation source="MCS" anchor="établi" bfScore="--" coherenceScore="--">bn:00086567v</annotation>
		<annotation source="MCS" anchor="exercer" bfScore="--" coherenceScore="--">bn:00087829v</annotation>
		<annotation source="MCS" anchor="rocher" bfScore="--" coherenceScore="--">bn:00012403n</annotation>
		<annotation source="MCS" anchor="suscité" bfScore="--" coherenceScore="--">bn:00082768v</annotation>
		<annotation source="BABELFY" anchor="infliger" bfScore="1.0" coherenceScore="0.14136125654450263">bn:00084076v</annotation>
		<annotation source="MCS" anchor="châtiments" bfScore="--" coherenceScore="--">bn:00017934n</annotation>
		<annotation source="BABELFY" anchor="trop" bfScore="0.9517684887459807" coherenceScore="0.16753926701570682">bn:00115274r</annotation>
		<annotation source="MCS" anchor="purs" bfScore="--" coherenceScore="--">bn:00109244a</annotation>
		<annotation source="MCS" anchor="mal" bfScore="--" coherenceScore="--">bn:00032048n</annotation>
		<annotation source="MCS" anchor="peux" bfScore="--" coherenceScore="--">bn:13601970v</annotation>
		<annotation source="MCS" anchor="regarder" bfScore="--" coherenceScore="--">bn:00084662v</annotation>
		<annotation source="MCS" anchor="regarderais" bfScore="--" coherenceScore="--">bn:00084662v</annotation>
		<annotation source="MCS" anchor="tairais" bfScore="--" coherenceScore="--">bn:00083206v</annotation>
		<annotation source="MCS" anchor="dévore" bfScore="--" coherenceScore="--">bn:00083503v</annotation>
		<annotation source="MCS" anchor="Traiterais" bfScore="--" coherenceScore="--">bn:00087116v</annotation>
		<annotation source="MCS" anchor="homme" bfScore="--" coherenceScore="--">bn:00044576n</annotation>
		<annotation source="BABELFY" anchor="poissons" bfScore="0.9075" coherenceScore="0.34554973821989526">bn:00062612n</annotation>
		<annotation source="BABELFY" anchor="mer" bfScore="0.9894907033144705" coherenceScore="0.35602094240837695">bn:00069946n</annotation>
		<annotation source="MCS" anchor="Comme" bfScore="--" coherenceScore="--">bn:00088952v</annotation>
		<annotation source="BABELFY" anchor="reptile" bfScore="0.9469860592970745" coherenceScore="0.2774869109947644">bn:00067220n</annotation>
		<annotation source="MCS" anchor="maître" bfScore="--" coherenceScore="--">bn:00060052n</annotation>
		<annotation source="MCS" anchor="fait" bfScore="--" coherenceScore="--">bn:00087107v</annotation>
		<annotation source="MCS" anchor="monter" bfScore="--" coherenceScore="--">bn:00083708v</annotation>
		<annotation source="MCS" anchor="hameçon" bfScore="--" coherenceScore="--">bn:00034860n</annotation>
		<annotation source="MCS" anchor="attire" bfScore="--" coherenceScore="--">bn:00082920v</annotation>
		<annotation source="MCS" anchor="filet" bfScore="--" coherenceScore="--">bn:00054497n</annotation>
		<annotation source="MCS" anchor="joie" bfScore="--" coherenceScore="--">bn:00048468n</annotation>
		<annotation source="MCS" anchor="allégresse" bfScore="--" coherenceScore="--">bn:00030090n</annotation>
		<annotation source="BABELFY" anchor="pourquoi" bfScore="1.0" coherenceScore="0.015706806282722512">bn:00114822r</annotation>
		<annotation source="MCS" anchor="sacrifie" bfScore="--" coherenceScore="--">bn:00088824v</annotation>
		<annotation source="MCS" anchor="offre" bfScore="--" coherenceScore="--">bn:00091136v</annotation>
		<annotation source="MCS" anchor="encens" bfScore="--" coherenceScore="--">bn:00036261n</annotation>
		<annotation source="MCS" anchor="portion" bfScore="--" coherenceScore="--">bn:00043637n</annotation>
		<annotation source="MCS" anchor="grasse" bfScore="--" coherenceScore="--">bn:00102822a</annotation>
		<annotation source="MCS" anchor="nourriture" bfScore="--" coherenceScore="--">bn:00035650n</annotation>
		<annotation source="MCS" anchor="succulente" bfScore="--" coherenceScore="--">bn:00106269a</annotation>
		<annotation source="BABELFY" anchor="Videra" bfScore="0.99" coherenceScore="0.04712041884816754">bn:00087579v</annotation>
		<annotation source="MCS" anchor="toujours" bfScore="--" coherenceScore="--">bn:00114251r</annotation>
		<annotation source="MCS" anchor="égorgera" bfScore="--" coherenceScore="--">bn:13601199v</annotation>
		<annotation source="MCS" anchor="pitié" bfScore="--" coherenceScore="--">bn:00021008n</annotation>
	</annotations>
</paragraph>
<paragraph id="p.2">
	<text>
		J ` étais à mon poste , Et je me tenais sur la tour ; Je veillais , pour voir ce que l ` Éternel me dirait , Et ce que je répliquerais après ma plainte .
		L ` Éternel m ` adressa la parole , et il dit : Écris la prophétie : Grave - la sur des tables , Afin qu ` on la lise couramment .
		Car c ` est une prophétie dont le temps est déjà fixé , Elle marche vers son terme , et elle ne mentira pas ; Si elle tarde , attends - la , Car elle s ` accomplira , elle s ` accomplira certainement .
		Voici , son âme s ` est enflée , elle n ` est pas droite en lui ; Mais le juste vivra par sa foi .
		Pareil à celui qui est ivre et arrogant , L ` orgueilleux ne demeure pas tranquille ; Il élargit sa bouche comme le séjour des morts , Il est insatiable comme la mort ; Il attire à lui toutes les nations , Il assemble auprès de lui tous les peuples .
		Ne sera - t - il pas pour tous un sujet de sarcasme , De railleries et d ` énigmes ? On dira : Malheur à celui qui accumule ce qui n ` est pas à lui ! Jusques à quand ? . . . Malheur à celui qui augmente le fardeau de ses dettes !
		Tes créanciers ne se lèveront - ils pas soudain ? Tes oppresseurs ne se réveilleront - ils pas ? Et tu deviendras leur proie .
		Parce que tu as pillé beaucoup de nations , Tout le reste des peuples te pillera ; Car tu as répandu le sang des hommes , Tu as commis des violences dans le pays , Contre la ville et tous ses habitants .
		Malheur à celui qui amasse pour sa maison des gains iniques , Afin de placer son nid dans un lieu élevé , Pour se garantir de la main du malheur !
		C ` est l ` opprobre de ta maison que tu as résolu , En détruisant des peuples nombreux , Et c ` est contre toi - même que tu as péché .
		Car la pierre crie du milieu de la muraille , Et le bois qui lie la charpente lui répond .
		Malheur à celui qui bâtit une ville avec le sang , Qui fonde une ville avec l ` iniquité !
		Voici , quand l ` Éternel des armées l ` a résolu , Les peuples travaillent pour le feu , Les nations se fatiguent en vain .
		Car la terre sera remplie de la connaissance de la gloire de l ` Éternel , Comme le fond de la mer par les eaux qui le couvrent .
		Malheur à celui qui fait boire son prochain , A toi qui verses ton outre et qui l ` enivres , Afin de voir sa nudité !
		Tu seras rassasié de honte plus que de gloire ; Bois aussi toi - même , et découvre - toi ! La coupe de la droite de l ` Éternel se tournera vers toi , Et l ` ignominie souillera ta gloire .
		Car les violences contre le Liban retomberont sur toi , Et les ravages des bêtes t ` effraieront , Parce que tu as répandu le sang des hommes , Et commis des violences dans le pays , Contre la ville et tous ses habitants .
		A quoi sert une image taillée , pour qu ` un ouvrier la taille ? A quoi sert une image en fonte et qui enseigne le mensonge , Pour que l ` ouvrier qui l ` a faite place en elle sa confiance , Tandis qu ` il fabrique des idoles muettes ?
		Malheur à celui qui dit au bois : Lève - toi ! A une pierre muette : Réveille - toi ! Donnera - t - elle instruction ? Voici , elle est garnie d ` or et d ` argent , Mais il n ` y a point en elle un esprit qui l ` anime .
		L ` Éternel est dans son saint temple . Que toute la terre fasse silence devant lui !
	</text>
	<annotations>
		<annotation source="MCS" anchor="étais" bfScore="--" coherenceScore="--">bn:00083187v</annotation>
		<annotation source="MCS" anchor="poste" bfScore="--" coherenceScore="--">bn:00051315n</annotation>
		<annotation source="MCS" anchor="tenais" bfScore="--" coherenceScore="--">bn:00089385v</annotation>
		<annotation source="MCS" anchor="tour" bfScore="--" coherenceScore="--">bn:00050151n</annotation>
		<annotation source="MCS" anchor="veillais" bfScore="--" coherenceScore="--">bn:00093789v</annotation>
		<annotation source="MCS" anchor="voir" bfScore="--" coherenceScore="--">bn:00093430v</annotation>
		<annotation source="MCS" anchor="Éternel" bfScore="--" coherenceScore="--">bn:00032037n</annotation>
		<annotation source="MCS" anchor="dirait" bfScore="--" coherenceScore="--">bn:00093287v</annotation>
		<annotation source="MCS" anchor="plainte" bfScore="--" coherenceScore="--">bn:00021349n</annotation>
		<annotation source="MCS" anchor="adressa" bfScore="--" coherenceScore="--">bn:00082493v</annotation>
		<annotation source="BABELFY" anchor="parole" bfScore="0.761138506791245" coherenceScore="0.34439834024896265">bn:00049911n</annotation>
		<annotation source="MCS" anchor="dit" bfScore="--" coherenceScore="--">bn:00093287v</annotation>
		<annotation source="MCS" anchor="Écris" bfScore="--" coherenceScore="--">bn:00092123v</annotation>
		<annotation source="MCS" anchor="prophétie" bfScore="--" coherenceScore="--">bn:00064645n</annotation>
		<annotation source="MCS" anchor="Grave" bfScore="--" coherenceScore="--">bn:00087636v</annotation>
		<annotation source="MCS" anchor="tables" bfScore="--" coherenceScore="--">bn:00075813n</annotation>
		<annotation source="BABELFY" anchor="lise" bfScore="1.0" coherenceScore="0.12863070539419086">bn:00092425v</annotation>
		<annotation source="MCS" anchor="couramment" bfScore="--" coherenceScore="--">bn:00115399r</annotation>
		<annotation source="MCS" anchor="est" bfScore="--" coherenceScore="--">bn:00083187v</annotation>
		<annotation source="MCS" anchor="temps" bfScore="--" coherenceScore="--">bn:00077270n</annotation>
		<annotation source="MCS" anchor="déjà" bfScore="--" coherenceScore="--">bn:00114245r</annotation>
		<annotation source="MCS" anchor="fixé" bfScore="--" coherenceScore="--">bn:00088052v</annotation>
		<annotation source="MCS" anchor="terme" bfScore="--" coherenceScore="--">bn:00076588n</annotation>
		<annotation source="MCS" anchor="mentira" bfScore="--" coherenceScore="--">bn:00090324v</annotation>
		<annotation source="MCS" anchor="Si" bfScore="--" coherenceScore="--">bn:00006844n</annotation>
		<annotation source="MCS" anchor="tarde" bfScore="--" coherenceScore="--">bn:13603957v</annotation>
		<annotation source="MCS" anchor="attends" bfScore="--" coherenceScore="--">bn:00089401v</annotation>
		<annotation source="MCS" anchor="Car" bfScore="--" coherenceScore="--">bn:02142237n</annotation>
		<annotation source="MCS" anchor="accomplira" bfScore="--" coherenceScore="--">bn:00082225v</annotation>
		<annotation source="MCS" anchor="certainement" bfScore="--" coherenceScore="--">bn:00114694r</annotation>
		<annotation source="BABELFY" anchor="Voici" bfScore="1.0" coherenceScore="0.0995850622406639">bn:00114427r</annotation>
		<annotation source="MCS" anchor="âme" bfScore="--" coherenceScore="--">bn:00065006n</annotation>
		<annotation source="MCS" anchor="droite" bfScore="--" coherenceScore="--">bn:00109848a</annotation>
		<annotation source="MCS" anchor="juste" bfScore="--" coherenceScore="--">bn:00102719a</annotation>
		<annotation source="MCS" anchor="vivra" bfScore="--" coherenceScore="--">bn:00087617v</annotation>
		<annotation source="BABELFY" anchor="foi" bfScore="0.8549071753695086" coherenceScore="0.7842323651452282">bn:00032768n</annotation>
		<annotation source="BABELFY" anchor="Pareil" bfScore="0.7122051282051282" coherenceScore="0.23236514522821577">bn:00105977a</annotation>
		<annotation source="MCS" anchor="ivre" bfScore="--" coherenceScore="--">bn:00101836a</annotation>
		<annotation source="BABELFY" anchor="arrogant" bfScore="0.8097165991902834" coherenceScore="0.1037344398340249">bn:00097526a</annotation>
		<annotation source="MCS" anchor="orgueilleux" bfScore="--" coherenceScore="--">bn:00101507a</annotation>
		<annotation source="MCS" anchor="demeure" bfScore="--" coherenceScore="--">bn:00082138v</annotation>
		<annotation source="MCS" anchor="tranquille" bfScore="--" coherenceScore="--">bn:00108644a</annotation>
		<annotation source="MCS" anchor="élargit" bfScore="--" coherenceScore="--">bn:00084121v</annotation>
		<annotation source="MCS" anchor="bouche" bfScore="--" coherenceScore="--">bn:00056135n</annotation>
		<annotation source="MCS" anchor="séjour" bfScore="--" coherenceScore="--">bn:00072662n</annotation>
		<annotation source="BABELFY" anchor="séjour des morts" bfScore="1.0" coherenceScore="0.14937759336099585">bn:00042442n</annotation>
		<annotation source="MCS" anchor="morts" bfScore="--" coherenceScore="--">bn:00025582n</annotation>
		<annotation source="MCS" anchor="mort" bfScore="--" coherenceScore="--">bn:00025582n</annotation>
		<annotation source="MCS" anchor="attire" bfScore="--" coherenceScore="--">bn:00082920v</annotation>
		<annotation source="BABELFY" anchor="nations" bfScore="0.911718419494035" coherenceScore="0.7717842323651453">bn:00023236n</annotation>
		<annotation source="MCS" anchor="assemble" bfScore="--" coherenceScore="--">bn:00082845v</annotation>
		<annotation source="MCS" anchor="peuples" bfScore="--" coherenceScore="--">bn:00019283n</annotation>
		<annotation source="MCS" anchor="sera" bfScore="--" coherenceScore="--">bn:00083187v</annotation>
		<annotation source="MCS" anchor="sujet" bfScore="--" coherenceScore="--">bn:00022157n</annotation>
		<annotation source="MCS" anchor="sarcasme" bfScore="--" coherenceScore="--">bn:00023464n</annotation>
		<annotation source="BABELFY" anchor="railleries" bfScore="0.7931034482758621" coherenceScore="0.08298755186721991">bn:00076208n</annotation>
		<annotation source="BABELFY" anchor="énigmes" bfScore="0.7451227186910007" coherenceScore="0.13278008298755187">bn:00012686n</annotation>
		<annotation source="MCS" anchor="dira" bfScore="--" coherenceScore="--">bn:00093287v</annotation>
		<annotation source="MCS" anchor="Malheur" bfScore="--" coherenceScore="--">bn:00075069n</annotation>
		<annotation source="MCS" anchor="accumule" bfScore="--" coherenceScore="--">bn:00082247v</annotation>
		<annotation source="MCS" anchor="quand" bfScore="--" coherenceScore="--">bn:00114354r</annotation>
		<annotation source="MCS" anchor="augmente" bfScore="--" coherenceScore="--">bn:00089666v</annotation>
		<annotation source="MCS" anchor="fardeau" bfScore="--" coherenceScore="--">bn:00014073n</annotation>
		<annotation source="MCS" anchor="dettes" bfScore="--" coherenceScore="--">bn:00025638n</annotation>
		<annotation source="BABELFY" anchor="créanciers" bfScore="0.9702970297029703" coherenceScore="0.11618257261410789">bn:00023682n</annotation>
		<annotation source="MCS" anchor="lèveront" bfScore="--" coherenceScore="--">bn:00084110v</annotation>
		<annotation source="BABELFY" anchor="soudain" bfScore="0.8479809976247031" coherenceScore="0.07053941908713693">bn:00111415a</annotation>
		<annotation source="MCS" anchor="oppresseurs" bfScore="--" coherenceScore="--">bn:00059199n</annotation>
		<annotation source="MCS" anchor="réveilleront" bfScore="--" coherenceScore="--">bn:00082769v</annotation>
		<annotation source="MCS" anchor="deviendras" bfScore="--" coherenceScore="--">bn:00083294v</annotation>
		<annotation source="MCS" anchor="proie" bfScore="--" coherenceScore="--">bn:00032742n</annotation>
		<annotation source="MCS" anchor="as" bfScore="--" coherenceScore="--">bn:00088733v</annotation>
		<annotation source="MCS" anchor="pillé" bfScore="--" coherenceScore="--">bn:00086690v</annotation>
		<annotation source="MCS" anchor="beaucoup" bfScore="--" coherenceScore="--">bn:00114047r</annotation>
		<annotation source="MCS" anchor="reste" bfScore="--" coherenceScore="--">bn:00008047n</annotation>
		<annotation source="MCS" anchor="pillera" bfScore="--" coherenceScore="--">bn:00086690v</annotation>
		<annotation source="MCS" anchor="répandu" bfScore="--" coherenceScore="--">bn:00084119v</annotation>
		<annotation source="BABELFY" anchor="sang" bfScore="0.7859123202217987" coherenceScore="0.3900414937759336">bn:00011346n</annotation>
		<annotation source="MCS" anchor="hommes" bfScore="--" coherenceScore="--">bn:00044576n</annotation>
		<annotation source="MCS" anchor="commis" bfScore="--" coherenceScore="--">bn:00085426v</annotation>
		<annotation source="BABELFY" anchor="violences" bfScore="0.9300555793073964" coherenceScore="0.3029045643153527">bn:00035772n</annotation>
		<annotation source="MCS" anchor="pays" bfScore="--" coherenceScore="--">bn:00023235n</annotation>
		<annotation source="BABELFY" anchor="Contre" bfScore="1.0" coherenceScore="0.06639004149377593">bn:00085873v</annotation>
		<annotation source="MCS" anchor="ville" bfScore="--" coherenceScore="--">bn:00077773n</annotation>
		<annotation source="MCS" anchor="habitants" bfScore="--" coherenceScore="--">bn:00026239n</annotation>
		<annotation source="BABELFY" anchor="amasse" bfScore="1.0" coherenceScore="0.029045643153526972">bn:00082246v</annotation>
		<annotation source="MCS" anchor="maison" bfScore="--" coherenceScore="--">bn:00044994n</annotation>
		<annotation source="MCS" anchor="gains" bfScore="--" coherenceScore="--">bn:00003664n</annotation>
		<annotation source="BABELFY" anchor="iniques" bfScore="1.0" coherenceScore="0.04149377593360996">bn:00105118a</annotation>
		<annotation source="MCS" anchor="placer" bfScore="--" coherenceScore="--">bn:00090224v</annotation>
		<annotation source="MCS" anchor="nid" bfScore="--" coherenceScore="--">bn:00057353n</annotation>
		<annotation source="MCS" anchor="lieu" bfScore="--" coherenceScore="--">bn:00051754n</annotation>
		<annotation source="MCS" anchor="élevé" bfScore="--" coherenceScore="--">bn:00084108v</annotation>
		<annotation source="MCS" anchor="garantir" bfScore="--" coherenceScore="--">bn:00082881v</annotation>
		<annotation source="MCS" anchor="main" bfScore="--" coherenceScore="--">bn:00042759n</annotation>
		<annotation source="MCS" anchor="malheur" bfScore="--" coherenceScore="--">bn:00075069n</annotation>
		<annotation source="MCS" anchor="opprobre" bfScore="--" coherenceScore="--">bn:00046609n</annotation>
		<annotation source="MCS" anchor="résolu" bfScore="--" coherenceScore="--">bn:00088162v</annotation>
		<annotation source="MCS" anchor="détruisant" bfScore="--" coherenceScore="--">bn:00086699v</annotation>
		<annotation source="MCS" anchor="nombreux" bfScore="--" coherenceScore="--">bn:00107028a</annotation>
		<annotation source="MCS" anchor="péché" bfScore="--" coherenceScore="--">bn:00093756v</annotation>
		<annotation source="MCS" anchor="crie" bfScore="--" coherenceScore="--">bn:00093676v</annotation>
		<annotation source="MCS" anchor="milieu" bfScore="--" coherenceScore="--">bn:00017123n</annotation>
		<annotation source="MCS" anchor="muraille" bfScore="--" coherenceScore="--">bn:13638433n</annotation>
		<annotation source="MCS" anchor="bois" bfScore="--" coherenceScore="--">bn:00081492n</annotation>
		<annotation source="MCS" anchor="lie" bfScore="--" coherenceScore="--">bn:00085623v</annotation>
		<annotation source="MCS" anchor="charpente" bfScore="--" coherenceScore="--">bn:15370175n</annotation>
		<annotation source="MCS" anchor="répond" bfScore="--" coherenceScore="--">bn:00082646v</annotation>
		<annotation source="MCS" anchor="bâtit" bfScore="--" coherenceScore="--">bn:00083152v</annotation>
		<annotation source="MCS" anchor="fonde" bfScore="--" coherenceScore="--">bn:00083141v</annotation>
		<annotation source="BABELFY" anchor="iniquité" bfScore="1.0" coherenceScore="0.07053941908713693">bn:01267367n</annotation>
		<annotation source="MCS" anchor="armées" bfScore="--" coherenceScore="--">bn:00005803n</annotation>
		<annotation source="MCS" anchor="travaillent" bfScore="--" coherenceScore="--">bn:00095812v</annotation>
		<annotation source="MCS" anchor="feu" bfScore="--" coherenceScore="--">bn:00034625n</annotation>
		<annotation source="MCS" anchor="fatiguent" bfScore="--" coherenceScore="--">bn:00087962v</annotation>
		<annotation source="BABELFY" anchor="vain" bfScore="0.7738095238095238" coherenceScore="0.06224066390041494">bn:00100184a</annotation>
		<annotation source="MCS" anchor="remplie" bfScore="--" coherenceScore="--">bn:00088175v</annotation>
		<annotation source="MCS" anchor="connaissance" bfScore="--" coherenceScore="--">bn:00020452n</annotation>
		<annotation source="MCS" anchor="gloire" bfScore="--" coherenceScore="--">bn:00016991n</annotation>
		<annotation source="MCS" anchor="Comme" bfScore="--" coherenceScore="--">bn:00075938n</annotation>
		<annotation source="MCS" anchor="fond" bfScore="--" coherenceScore="--">bn:00012365n</annotation>
		<annotation source="BABELFY" anchor="fond de la mer" bfScore="1.0" coherenceScore="0.05394190871369295">bn:00025408n</annotation>
		<annotation source="BABELFY" anchor="mer" bfScore="0.985693710993759" coherenceScore="0.36099585062240663">bn:00069946n</annotation>
		<annotation source="BABELFY" anchor="eaux" bfScore="0.8982284255407385" coherenceScore="0.6016597510373444">bn:00042379n</annotation>
		<annotation source="MCS" anchor="couvrent" bfScore="--" coherenceScore="--">bn:00085904v</annotation>
		<annotation source="MCS" anchor="fait" bfScore="--" coherenceScore="--">bn:00087107v</annotation>
		<annotation source="MCS" anchor="boire" bfScore="--" coherenceScore="--">bn:00087321v</annotation>
		<annotation source="MCS" anchor="verses" bfScore="--" coherenceScore="--">bn:00085465v</annotation>
		<annotation source="MCS" anchor="outre" bfScore="--" coherenceScore="--">bn:00040863n</annotation>
		<annotation source="BABELFY" anchor="nudité" bfScore="1.0" coherenceScore="0.18672199170124482">bn:00056748n</annotation>
		<annotation source="MCS" anchor="seras" bfScore="--" coherenceScore="--">bn:00083187v</annotation>
		<annotation source="BABELFY" anchor="rassasié" bfScore="1.0" coherenceScore="0.05394190871369295">bn:00088182v</annotation>
		<annotation source="MCS" anchor="honte" bfScore="--" coherenceScore="--">bn:00027566n</annotation>
		<annotation source="MCS" anchor="plus" bfScore="--" coherenceScore="--">bn:00115880r</annotation>
		<annotation source="BABELFY" anchor="Bois" bfScore="1.0" coherenceScore="0.04564315352697095">bn:00082445v</annotation>
		<annotation source="MCS" anchor="aussi" bfScore="--" coherenceScore="--">bn:00114246r</annotation>
		<annotation source="MCS" anchor="découvre" bfScore="--" coherenceScore="--">bn:00086708v</annotation>
		<annotation source="MCS" anchor="coupe" bfScore="--" coherenceScore="--">bn:00024410n</annotation>
		<annotation source="MCS" anchor="droite" bfScore="--" coherenceScore="--">bn:00067818n</annotation>
		<annotation source="MCS" anchor="Éternel" bfScore="--" coherenceScore="--">bn:00096562a</annotation>
		<annotation source="MCS" anchor="tournera" bfScore="--" coherenceScore="--">bn:00095233v</annotation>
		<annotation source="BABELFY" anchor="ignominie" bfScore="0.8052156010522704" coherenceScore="0.26556016597510373">bn:00027566n</annotation>
		<annotation source="BABELFY" anchor="souillera" bfScore="1.0" coherenceScore="0.024896265560165973">bn:00083350v</annotation>
		<annotation source="BABELFY" anchor="Liban" bfScore="0.9279437609841827" coherenceScore="0.13692946058091288">bn:00050469n</annotation>
		<annotation source="BABELFY" anchor="retomberont" bfScore="1.0" coherenceScore="0.004149377593360996">bn:00087991v</annotation>
		<annotation source="MCS" anchor="bêtes" bfScore="--" coherenceScore="--">bn:00009390n</annotation>
		<annotation source="BABELFY" anchor="effraieront" bfScore="0.7938931297709924" coherenceScore="0.13278008298755187">bn:00082447v</annotation>
		<annotation source="BABELFY" anchor="Parce" bfScore="1.0" coherenceScore="0.05394190871369295">bn:00764386n</annotation>
		<annotation source="BABELFY" anchor="Parce que" bfScore="0.8490566037735849" coherenceScore="0.03734439834024896">bn:03980365n</annotation>
		<annotation source="MCS" anchor="sert" bfScore="--" coherenceScore="--">bn:00089309v</annotation>
		<annotation source="MCS" anchor="image" bfScore="--" coherenceScore="--">bn:00045772n</annotation>
		<annotation source="BABELFY" anchor="image taillée" bfScore="1.0" coherenceScore="0.058091286307053944">bn:00040880n</annotation>
		<annotation source="MCS" anchor="ouvrier" bfScore="--" coherenceScore="--">bn:00047795n</annotation>
		<annotation source="MCS" anchor="taille" bfScore="--" coherenceScore="--">bn:00080339n</annotation>
		<annotation source="MCS" anchor="fonte" bfScore="--" coherenceScore="--">bn:00016535n</annotation>
		<annotation source="BABELFY" anchor="enseigne" bfScore="0.944206008583691" coherenceScore="0.14937759336099585">bn:00089791v</annotation>
		<annotation source="MCS" anchor="mensonge" bfScore="--" coherenceScore="--">bn:00032874n</annotation>
		<annotation source="BABELFY" anchor="ouvrier" bfScore="1.0" coherenceScore="0.024896265560165973">bn:00103421a</annotation>
		<annotation source="MCS" anchor="faite" bfScore="--" coherenceScore="--">bn:00087107v</annotation>
		<annotation source="MCS" anchor="place" bfScore="--" coherenceScore="--">bn:00030098n</annotation>
		<annotation source="MCS" anchor="confiance" bfScore="--" coherenceScore="--">bn:00006565n</annotation>
		<annotation source="MCS" anchor="fabrique" bfScore="--" coherenceScore="--">bn:00085678v</annotation>
		<annotation source="MCS" anchor="idoles" bfScore="--" coherenceScore="--">bn:03084163n</annotation>
		<annotation source="BABELFY" anchor="muettes" bfScore="0.7536231884057971" coherenceScore="0.13278008298755187">bn:00101886a</annotation>
		<annotation source="MCS" anchor="Lève" bfScore="--" coherenceScore="--">bn:00084110v</annotation>
		<annotation source="BABELFY" anchor="muette" bfScore="0.7536231884057971" coherenceScore="0.13278008298755187">bn:00101886a</annotation>
		<annotation source="MCS" anchor="Réveille" bfScore="--" coherenceScore="--">bn:00082769v</annotation>
		<annotation source="MCS" anchor="Donnera" bfScore="--" coherenceScore="--">bn:00088815v</annotation>
		<annotation source="MCS" anchor="instruction" bfScore="--" coherenceScore="--">bn:00020945n</annotation>
		<annotation source="MCS" anchor="garnie" bfScore="--" coherenceScore="--">bn:00087297v</annotation>
		<annotation source="BABELFY" anchor="argent" bfScore="0.7410840581454841" coherenceScore="0.4730290456431535">bn:00055644n</annotation>
		<annotation source="MCS" anchor="esprit" bfScore="--" coherenceScore="--">bn:00012681n</annotation>
		<annotation source="MCS" anchor="anime" bfScore="--" coherenceScore="--">bn:00082629v</annotation>
		<annotation source="MCS" anchor="saint" bfScore="--" coherenceScore="--">bn:00110031a</annotation>
		<annotation source="MCS" anchor="temple" bfScore="--" coherenceScore="--">bn:00076465n</annotation>
		<annotation source="MCS" anchor="fasse" bfScore="--" coherenceScore="--">bn:00087107v</annotation>
		<annotation source="MCS" anchor="silence" bfScore="--" coherenceScore="--">bn:00065703n</annotation>
	</annotations>
</paragraph>
<paragraph id="p.3">
	<text>
		Prière d ` Habakuk , le prophète . ( Sur le mode des complaintes . )
		Éternel , j ` ai entendu ce que tu as annoncé , je suis saisi de crainte . Accomplis ton oeuvre dans le cours des années , ô Éternel ! Dans le cours des années manifeste - la ! Mais dans ta colère souviens - toi de tes compassions !
		Dieu vient de Théman , Le Saint vient de la montagne de Paran . . . Pause . Sa majesté couvre les cieux , Et sa gloire remplit la terre .
		C ` est comme l ` éclat de la lumière ; Des rayons partent de sa main ; Là réside sa force .
		Devant lui marche la peste , Et la peste est sur ses traces .
		Il s ` arrête , et de l ` oeil il mesure la terre ; Il regarde , et il fait trembler les nations ; Les montagnes éternelles se brisent , Les collines antiques s ` abaissent ; Les sentiers d ` autrefois s ` ouvrent devant lui .
		Je vois dans la détresse les tentes de l ` Éthiopie , Et les tentes du pays de Madian sont dans l ` épouvante .
		L ` Éternel est - il irrité contre les fleuves ? Est - ce contre les fleuves que s ` enflamme ta colère , Contre la mer que se répand ta fureur , Pour que tu sois monté sur tes chevaux , Sur ton char de victoire ?
		Ton arc est mis à nu ; Les malédictions sont les traits de ta parole . . . Pause . Tu fends la terre pour donner cours aux fleuves .
		A ton aspect , les montagnes tremblent ; Des torrents d ` eau se précipitent ; L ` abîme fait entendre sa voix , Il lève ses mains en haut .
		Le soleil et la lune s ` arrêtent dans leur demeure , A la lumière de tes flèches qui partent , A la clarté de ta lance qui brille .
		Tu parcours la terre dans ta fureur , Tu écrases les nations dans ta colère .
		Tu sors pour délivrer ton peuple , Pour délivrer ton oint ; Tu brises le faîte de la maison du méchant , Tu la détruis de fond en comble . Pause .
		Tu perces de tes traits la tête de ses chefs , Qui se précipitent comme la tempête pour me disperser , Poussant des cris de joie , Comme s ` ils dévoraient déjà le malheureux dans leur repaire .
		Avec tes chevaux tu foules la mer , La boue des grandes eaux .
		J ` ai entendu . . . Et mes entrailles sont émues . A cette voix , mes lèvres frémissent , Mes os se consument , Et mes genoux chancellent : En silence je dois attendre le jour de la détresse , Le jour où l ` oppresseur marchera contre le peuple .
		Car le figuier ne fleurira pas , La vigne ne produira rien , Le fruit de l ` olivier manquera , Les champs ne donneront pas de nourriture ; Les brebis disparaîtront du pâturage , Et il n ` y aura plus de boeufs dans les étables .
		Toutefois , je veux me réjouir en l ` Éternel , Je veux me réjouir dans le Dieu de mon salut .
		L ` Éternel , le Seigneur , est ma force ; Il rend mes pieds semblables à ceux des biches , Et il me fait marcher sur mes lieux élevés . Au chefs des chantres . Avec instruments à cordes .
	</text>
	<annotations>
		<annotation source="BABELFY" anchor="Prière" bfScore="0.7675744141861938" coherenceScore="0.20600858369098712">bn:00059529n</annotation>
		<annotation source="MCS" anchor="prophète" bfScore="--" coherenceScore="--">bn:00064759n</annotation>
		<annotation source="BABELFY" anchor="mode" bfScore="0.8453150242326333" coherenceScore="0.44635193133047213">bn:00033729n</annotation>
		<annotation source="MCS" anchor="complaintes" bfScore="--" coherenceScore="--">bn:16355751n</annotation>
		<annotation source="MCS" anchor="Éternel" bfScore="--" coherenceScore="--">bn:00032037n</annotation>
		<annotation source="MCS" anchor="ai" bfScore="--" coherenceScore="--">bn:00088733v</annotation>
		<annotation source="MCS" anchor="entendu" bfScore="--" coherenceScore="--">bn:00089277v</annotation>
		<annotation source="MCS" anchor="as" bfScore="--" coherenceScore="--">bn:00088733v</annotation>
		<annotation source="MCS" anchor="annoncé" bfScore="--" coherenceScore="--">bn:00082637v</annotation>
		<annotation source="MCS" anchor="saisi" bfScore="--" coherenceScore="--">bn:00085207v</annotation>
		<annotation source="MCS" anchor="crainte" bfScore="--" coherenceScore="--">bn:00007503n</annotation>
		<annotation source="MCS" anchor="Accomplis" bfScore="--" coherenceScore="--">bn:00082225v</annotation>
		<annotation source="MCS" anchor="oeuvre" bfScore="--" coherenceScore="--">bn:00011767n</annotation>
		<annotation source="MCS" anchor="cours" bfScore="--" coherenceScore="--">bn:00023287n</annotation>
		<annotation source="MCS" anchor="années" bfScore="--" coherenceScore="--">bn:00006662n</annotation>
		<annotation source="MCS" anchor="manifeste" bfScore="--" coherenceScore="--">bn:00092106v</annotation>
		<annotation source="MCS" anchor="colère" bfScore="--" coherenceScore="--">bn:00004085n</annotation>
		<annotation source="MCS" anchor="souviens" bfScore="--" coherenceScore="--">bn:00084413v</annotation>
		<annotation source="MCS" anchor="compassions" bfScore="--" coherenceScore="--">bn:00021318n</annotation>
		<annotation source="BABELFY" anchor="Dieu" bfScore="0.832313095835424" coherenceScore="0.6137339055793991">bn:00040878n</annotation>
		<annotation source="MCS" anchor="vient" bfScore="--" coherenceScore="--">bn:00085322v</annotation>
		<annotation source="MCS" anchor="Saint" bfScore="--" coherenceScore="--">bn:00053896n</annotation>
		<annotation source="BABELFY" anchor="montagne" bfScore="0.7047491312564774" coherenceScore="0.2918454935622318">bn:00056068n</annotation>
		<annotation source="BABELFY" anchor="Paran" bfScore="1.0" coherenceScore="0.08583690987124463">bn:02356246n</annotation>
		<annotation source="MCS" anchor="Pause" bfScore="--" coherenceScore="--">bn:00012901n</annotation>
		<annotation source="BABELFY" anchor="majesté" bfScore="0.952" coherenceScore="0.07296137339055794">bn:01049999n</annotation>
		<annotation source="MCS" anchor="couvre" bfScore="--" coherenceScore="--">bn:00085904v</annotation>
		<annotation source="BABELFY" anchor="cieux" bfScore="1.0" coherenceScore="0.03862660944206009">bn:00808092n</annotation>
		<annotation source="MCS" anchor="gloire" bfScore="--" coherenceScore="--">bn:00016991n</annotation>
		<annotation source="MCS" anchor="remplit" bfScore="--" coherenceScore="--">bn:00088175v</annotation>
		<annotation source="MCS" anchor="est" bfScore="--" coherenceScore="--">bn:00083187v</annotation>
		<annotation source="MCS" anchor="comme" bfScore="--" coherenceScore="--">bn:00114354r</annotation>
		<annotation source="MCS" anchor="éclat" bfScore="--" coherenceScore="--">bn:00013132n</annotation>
		<annotation source="MCS" anchor="lumière" bfScore="--" coherenceScore="--">bn:00051108n</annotation>
		<annotation source="MCS" anchor="rayons" bfScore="--" coherenceScore="--">bn:00009316n</annotation>
		<annotation source="MCS" anchor="partent" bfScore="--" coherenceScore="--">bn:00088939v</annotation>
		<annotation source="BABELFY" anchor="main" bfScore="0.7042038771509475" coherenceScore="0.26180257510729615">bn:00042759n</annotation>
		<annotation source="BABELFY" anchor="Là" bfScore="1.0" coherenceScore="0.06866952789699571">bn:00076845n</annotation>
		<annotation source="MCS" anchor="réside" bfScore="--" coherenceScore="--">bn:00087617v</annotation>
		<annotation source="MCS" anchor="force" bfScore="--" coherenceScore="--">bn:00035768n</annotation>
		<annotation source="BABELFY" anchor="Devant" bfScore="0.9259259259259259" coherenceScore="0.02145922746781116">bn:00114185r</annotation>
		<annotation source="MCS" anchor="marche" bfScore="--" coherenceScore="--">bn:00095597v</annotation>
		<annotation source="MCS" anchor="peste" bfScore="--" coherenceScore="--">bn:00056360n</annotation>
		<annotation source="MCS" anchor="traces" bfScore="--" coherenceScore="--">bn:03179899n</annotation>
		<annotation source="MCS" anchor="arrête" bfScore="--" coherenceScore="--">bn:00084710v</annotation>
		<annotation source="BABELFY" anchor="oeil" bfScore="0.912404379781011" coherenceScore="0.33905579399141633">bn:00032512n</annotation>
		<annotation source="MCS" anchor="mesure" bfScore="--" coherenceScore="--">bn:00090715v</annotation>
		<annotation source="MCS" anchor="regarde" bfScore="--" coherenceScore="--">bn:00084662v</annotation>
		<annotation source="MCS" anchor="fait" bfScore="--" coherenceScore="--">bn:00087107v</annotation>
		<annotation source="MCS" anchor="trembler" bfScore="--" coherenceScore="--">bn:00093639v</annotation>
		<annotation source="BABELFY" anchor="nations" bfScore="0.966799797052051" coherenceScore="0.7167381974248928">bn:00023236n</annotation>
		<annotation source="MCS" anchor="montagnes" bfScore="--" coherenceScore="--">bn:00056109n</annotation>
		<annotation source="MCS" anchor="éternelles" bfScore="--" coherenceScore="--">bn:00096562a</annotation>
		<annotation source="MCS" anchor="brisent" bfScore="--" coherenceScore="--">bn:00086289v</annotation>
		<annotation source="MCS" anchor="collines" bfScore="--" coherenceScore="--">bn:00044141n</annotation>
		<annotation source="MCS" anchor="antiques" bfScore="--" coherenceScore="--">bn:00096642a</annotation>
		<annotation source="MCS" anchor="abaissent" bfScore="--" coherenceScore="--">bn:00087264v</annotation>
		<annotation source="MCS" anchor="sentiers" bfScore="--" coherenceScore="--">bn:00035738n</annotation>
		<annotation source="MCS" anchor="autrefois" bfScore="--" coherenceScore="--">bn:00114423r</annotation>
		<annotation source="MCS" anchor="vois" bfScore="--" coherenceScore="--">bn:00093430v</annotation>
		<annotation source="MCS" anchor="détresse" bfScore="--" coherenceScore="--">bn:00027789n</annotation>
		<annotation source="MCS" anchor="tentes" bfScore="--" coherenceScore="--">bn:00020602n</annotation>
		<annotation source="BABELFY" anchor="Éthiopie" bfScore="0.999320536775947" coherenceScore="0.22746781115879827">bn:00000536n</annotation>
		<annotation source="MCS" anchor="pays" bfScore="--" coherenceScore="--">bn:00023235n</annotation>
		<annotation source="BABELFY" anchor="Madian" bfScore="1.0" coherenceScore="0.04721030042918455">bn:00960382n</annotation>
		<annotation source="MCS" anchor="sont" bfScore="--" coherenceScore="--">bn:00083187v</annotation>
		<annotation source="MCS" anchor="épouvante" bfScore="--" coherenceScore="--">bn:04984464n</annotation>
		<annotation source="MCS" anchor="irrité" bfScore="--" coherenceScore="--">bn:00082768v</annotation>
		<annotation source="MCS" anchor="fleuves" bfScore="--" coherenceScore="--">bn:00324209n</annotation>
		<annotation source="MCS" anchor="Est" bfScore="--" coherenceScore="--">bn:00083187v</annotation>
		<annotation source="MCS" anchor="enflamme" bfScore="--" coherenceScore="--">bn:00088229v</annotation>
		<annotation source="BABELFY" anchor="Contre" bfScore="1.0" coherenceScore="0.02575107296137339">bn:00085873v</annotation>
		<annotation source="BABELFY" anchor="mer" bfScore="0.9297422422422422" coherenceScore="0.33047210300429186">bn:00069946n</annotation>
		<annotation source="MCS" anchor="répand" bfScore="--" coherenceScore="--">bn:00084119v</annotation>
		<annotation source="MCS" anchor="fureur" bfScore="--" coherenceScore="--">bn:00013515n</annotation>
		<annotation source="MCS" anchor="sois" bfScore="--" coherenceScore="--">bn:00083187v</annotation>
		<annotation source="MCS" anchor="monté" bfScore="--" coherenceScore="--">bn:00083708v</annotation>
		<annotation source="BABELFY" anchor="chevaux" bfScore="0.9447147279964617" coherenceScore="0.38197424892703863">bn:00031345n</annotation>
		<annotation source="MCS" anchor="char" bfScore="--" coherenceScore="--">bn:00005778n</annotation>
		<annotation source="MCS" anchor="victoire" bfScore="--" coherenceScore="--">bn:00078365n</annotation>
		<annotation source="MCS" anchor="arc" bfScore="--" coherenceScore="--">bn:00005361n</annotation>
		<annotation source="MCS" anchor="mis" bfScore="--" coherenceScore="--">bn:00090224v</annotation>
		<annotation source="MCS" anchor="nu" bfScore="--" coherenceScore="--">bn:00058225n</annotation>
		<annotation source="MCS" anchor="malédictions" bfScore="--" coherenceScore="--">bn:00046161n</annotation>
		<annotation source="MCS" anchor="traits" bfScore="--" coherenceScore="--">bn:00077930n</annotation>
		<annotation source="BABELFY" anchor="parole" bfScore="0.7704217832354512" coherenceScore="0.27896995708154504">bn:00049911n</annotation>
		<annotation source="MCS" anchor="fends" bfScore="--" coherenceScore="--">bn:00092142v</annotation>
		<annotation source="MCS" anchor="donner" bfScore="--" coherenceScore="--">bn:00088815v</annotation>
		<annotation source="MCS" anchor="aspect" bfScore="--" coherenceScore="--">bn:00006382n</annotation>
		<annotation source="MCS" anchor="tremblent" bfScore="--" coherenceScore="--">bn:00093639v</annotation>
		<annotation source="BABELFY" anchor="eau" bfScore="0.909503075816889" coherenceScore="0.5536480686695279">bn:00042379n</annotation>
		<annotation source="MCS" anchor="précipitent" bfScore="--" coherenceScore="--">bn:00082397v</annotation>
		<annotation source="MCS" anchor="abîme" bfScore="--" coherenceScore="--">bn:00083592v</annotation>
		<annotation source="MCS" anchor="entendre" bfScore="--" coherenceScore="--">bn:00089277v</annotation>
		<annotation source="MCS" anchor="voix" bfScore="--" coherenceScore="--">bn:00062019n</annotation>
		<annotation source="MCS" anchor="lève" bfScore="--" coherenceScore="--">bn:00084110v</annotation>
		<annotation source="MCS" anchor="mains" bfScore="--" coherenceScore="--">bn:00042759n</annotation>
		<annotation source="MCS" anchor="haut" bfScore="--" coherenceScore="--">bn:00075973n</annotation>
		<annotation source="BABELFY" anchor="soleil" bfScore="0.7720634389253881" coherenceScore="0.38626609442060084">bn:00075170n</annotation>
		<annotation source="MCS" anchor="arrêtent" bfScore="--" coherenceScore="--">bn:00084710v</annotation>
		<annotation source="BABELFY" anchor="demeure" bfScore="0.8528995756718529" coherenceScore="0.15450643776824036">bn:00000356n</annotation>
		<annotation source="MCS" anchor="flèches" bfScore="--" coherenceScore="--">bn:00073427n</annotation>
		<annotation source="MCS" anchor="clarté" bfScore="--" coherenceScore="--">bn:00019459n</annotation>
		<annotation source="MCS" anchor="lance" bfScore="--" coherenceScore="--">bn:00049823n</annotation>
		<annotation source="MCS" anchor="brille" bfScore="--" coherenceScore="--">bn:00083572v</annotation>
		<annotation source="MCS" anchor="parcours" bfScore="--" coherenceScore="--">bn:00088968v</annotation>
		<annotation source="BABELFY" anchor="écrases" bfScore="0.87409200968523" coherenceScore="0.0815450643776824">bn:00086115v</annotation>
		<annotation source="BABELFY" anchor="sors" bfScore="0.7630769230769231" coherenceScore="0.13304721030042918">bn:00088966v</annotation>
		<annotation source="MCS" anchor="délivrer" bfScore="--" coherenceScore="--">bn:00084099v</annotation>
		<annotation source="MCS" anchor="peuple" bfScore="--" coherenceScore="--">bn:00019283n</annotation>
		<annotation source="BABELFY" anchor="oint" bfScore="1.0" coherenceScore="0.11587982832618025">bn:00054526n</annotation>
		<annotation source="MCS" anchor="brises" bfScore="--" coherenceScore="--">bn:00086289v</annotation>
		<annotation source="MCS" anchor="faîte" bfScore="--" coherenceScore="--">bn:00023758n</annotation>
		<annotation source="MCS" anchor="maison" bfScore="--" coherenceScore="--">bn:00044994n</annotation>
		<annotation source="MCS" anchor="méchant" bfScore="--" coherenceScore="--">bn:00007894n</annotation>
		<annotation source="MCS" anchor="détruis" bfScore="--" coherenceScore="--">bn:00086699v</annotation>
		<annotation source="MCS" anchor="fond" bfScore="--" coherenceScore="--">bn:00012365n</annotation>
		<annotation source="MCS" anchor="comble" bfScore="--" coherenceScore="--">bn:00007037n</annotation>
		<annotation source="BABELFY" anchor="perces" bfScore="0.8372093023255814" coherenceScore="0.05150214592274678">bn:00083802v</annotation>
		<annotation source="MCS" anchor="tête" bfScore="--" coherenceScore="--">bn:00015784n</annotation>
		<annotation source="MCS" anchor="chefs" bfScore="--" coherenceScore="--">bn:00018319n</annotation>
		<annotation source="MCS" anchor="tempête" bfScore="--" coherenceScore="--">bn:00074458n</annotation>
		<annotation source="MCS" anchor="disperser" bfScore="--" coherenceScore="--">bn:00083993v</annotation>
		<annotation source="MCS" anchor="Poussant" bfScore="--" coherenceScore="--">bn:00088456v</annotation>
		<annotation source="MCS" anchor="cris" bfScore="--" coherenceScore="--">bn:00069841n</annotation>
		<annotation source="MCS" anchor="joie" bfScore="--" coherenceScore="--">bn:00048468n</annotation>
		<annotation source="MCS" anchor="Comme" bfScore="--" coherenceScore="--">bn:00075938n</annotation>
		<annotation source="MCS" anchor="dévoraient" bfScore="--" coherenceScore="--">bn:00083503v</annotation>
		<annotation source="MCS" anchor="déjà" bfScore="--" coherenceScore="--">bn:00114245r</annotation>
		<annotation source="BABELFY" anchor="malheureux" bfScore="1.0" coherenceScore="0.03862660944206009">bn:00079059n</annotation>
		<annotation source="BABELFY" anchor="foules" bfScore="1.0" coherenceScore="0.02575107296137339">bn:00094264v</annotation>
		<annotation source="MCS" anchor="boue" bfScore="--" coherenceScore="--">bn:00019625n</annotation>
		<annotation source="MCS" anchor="grandes" bfScore="--" coherenceScore="--">bn:00111630a</annotation>
		<annotation source="BABELFY" anchor="eaux" bfScore="0.909536328871893" coherenceScore="0.5536480686695279">bn:00042379n</annotation>
		<annotation source="MCS" anchor="entrailles" bfScore="--" coherenceScore="--">bn:00031043n</annotation>
		<annotation source="MCS" anchor="émues" bfScore="--" coherenceScore="--">bn:00082471v</annotation>
		<annotation source="BABELFY" anchor="lèvres" bfScore="0.835820895522388" coherenceScore="0.12017167381974249">bn:00051440n</annotation>
		<annotation source="MCS" anchor="frémissent" bfScore="--" coherenceScore="--">bn:00093639v</annotation>
		<annotation source="BABELFY" anchor="os" bfScore="0.7443132108486439" coherenceScore="0.1759656652360515">bn:00011999n</annotation>
		<annotation source="BABELFY" anchor="consument" bfScore="0.7272727272727273" coherenceScore="0.008583690987124463">bn:00085692v</annotation>
		<annotation source="MCS" anchor="genoux" bfScore="--" coherenceScore="--">bn:00006140n</annotation>
		<annotation source="BABELFY" anchor="chancellent" bfScore="1.0" coherenceScore="0.04291845493562232">bn:00093461v</annotation>
		<annotation source="MCS" anchor="silence" bfScore="--" coherenceScore="--">bn:00065703n</annotation>
		<annotation source="MCS" anchor="dois" bfScore="--" coherenceScore="--">bn:00091360v</annotation>
		<annotation source="MCS" anchor="attendre" bfScore="--" coherenceScore="--">bn:00089401v</annotation>
		<annotation source="MCS" anchor="jour" bfScore="--" coherenceScore="--">bn:00000086n</annotation>
		<annotation source="MCS" anchor="oppresseur" bfScore="--" coherenceScore="--">bn:00059199n</annotation>
		<annotation source="MCS" anchor="marchera" bfScore="--" coherenceScore="--">bn:00095597v</annotation>
		<annotation source="MCS" anchor="figuier" bfScore="--" coherenceScore="--">bn:00011630n</annotation>
		<annotation source="BABELFY" anchor="fleurira" bfScore="0.8235294117647058" coherenceScore="0.030042918454935622">bn:00083646v</annotation>
		<annotation source="MCS" anchor="vigne" bfScore="--" coherenceScore="--">bn:00041400n</annotation>
		<annotation source="MCS" anchor="produira" bfScore="--" coherenceScore="--">bn:00086013v</annotation>
		<annotation source="MCS" anchor="rien" bfScore="--" coherenceScore="--">bn:00116378r</annotation>
		<annotation source="MCS" anchor="fruit" bfScore="--" coherenceScore="--">bn:00036686n</annotation>
		<annotation source="BABELFY" anchor="manquera" bfScore="0.7269355586462679" coherenceScore="0.12017167381974249">bn:00090161v</annotation>
		<annotation source="MCS" anchor="champs" bfScore="--" coherenceScore="--">bn:00034265n</annotation>
		<annotation source="MCS" anchor="donneront" bfScore="--" coherenceScore="--">bn:00088815v</annotation>
		<annotation source="MCS" anchor="nourriture" bfScore="--" coherenceScore="--">bn:00035650n</annotation>
		<annotation source="MCS" anchor="brebis" bfScore="--" coherenceScore="--">bn:00032066n</annotation>
		<annotation source="BABELFY" anchor="disparaîtront" bfScore="0.7523584905660378" coherenceScore="0.0944206008583691">bn:00086600v</annotation>
		<annotation source="MCS" anchor="pâturage" bfScore="--" coherenceScore="--">bn:00041543n</annotation>
		<annotation source="MCS" anchor="aura" bfScore="--" coherenceScore="--">bn:00088733v</annotation>
		<annotation source="MCS" anchor="plus" bfScore="--" coherenceScore="--">bn:00115880r</annotation>
		<annotation source="MCS" anchor="boeufs" bfScore="--" coherenceScore="--">bn:00009544n</annotation>
		<annotation source="MCS" anchor="étables" bfScore="--" coherenceScore="--">bn:00014361n</annotation>
		<annotation source="BABELFY" anchor="Toutefois" bfScore="1.0" coherenceScore="0.012875536480686695">bn:00115698r</annotation>
		<annotation source="MCS" anchor="veux" bfScore="--" coherenceScore="--">bn:00086682v</annotation>
		<annotation source="MCS" anchor="réjouir" bfScore="--" coherenceScore="--">bn:00086519v</annotation>
		<annotation source="MCS" anchor="salut" bfScore="--" coherenceScore="--">bn:00066712n</annotation>
		<annotation source="MCS" anchor="Seigneur" bfScore="--" coherenceScore="--">bn:00070296n</annotation>
		<annotation source="MCS" anchor="rend" bfScore="--" coherenceScore="--">bn:00092791v</annotation>
		<annotation source="MCS" anchor="pieds" bfScore="--" coherenceScore="--">bn:00035680n</annotation>
		<annotation source="MCS" anchor="semblables" bfScore="--" coherenceScore="--">bn:00096782a</annotation>
		<annotation source="MCS" anchor="biches" bfScore="--" coherenceScore="--">bn:00824277n</annotation>
		<annotation source="MCS" anchor="marcher" bfScore="--" coherenceScore="--">bn:00095597v</annotation>
		<annotation source="MCS" anchor="lieux" bfScore="--" coherenceScore="--">bn:00051754n</annotation>
		<annotation source="MCS" anchor="élevés" bfScore="--" coherenceScore="--">bn:00102116a</annotation>
		<annotation source="MCS" anchor="chantres" bfScore="--" coherenceScore="--">bn:00015376n</annotation>
		<annotation source="MCS" anchor="instruments" bfScore="--" coherenceScore="--">bn:00046961n</annotation>
		<annotation source="MCS" anchor="instruments à cordes" bfScore="--" coherenceScore="--">bn:00074695n</annotation>
		<annotation source="MCS" anchor="cordes" bfScore="--" coherenceScore="--">bn:00012519n</annotation>
	</annotations>
</paragraph>
</dataset>
