<?xml version="1.0" encoding="utf-8"?>
<dataset language="FR" title="JOE">
<paragraph id="p.1">
	<text>
		La parole de l ` Éternel qui fut adressée à Joël , fils de Pethuel .
		Écoutez ceci , vieillards ! Prêtez l ` oreille , vous tous , habitants du pays ! Rien de pareil est - il arrivé de votre temps , Ou du temps de vos pères ?
		Racontez - le à vos enfants , Et que vos enfants le racontent à leurs enfants , Et leurs enfants à la génération qui suivra !
		Ce qu ` a laissé le gazam , la sauterelle l ` a dévoré ; Ce qu ` a laissé la sauterelle , le jélek l ` a dévoré ; Ce qu ` a laissé le jélek , le hasil l ` a dévoré .
		Réveillez - vous , ivrognes , et pleurez ! Vous tous , buveurs de vin , gémissez , Parce que le moût vous est enlevé de la bouche !
		Car un peuple est venu fondre sur mon pays , Puissant et innombrable . Il a les dents d ` un lion , Les mâchoires d ` une lionne .
		Il a dévasté ma vigne ; Il a mis en morceaux mon figuier , Il l ` a dépouillé , abattu ; Les rameaux de la vigne ont blanchi .
		Lamente - toi , comme la vierge qui se revêt d ` un sac Pour pleurer l ` ami de sa jeunesse !
		Offrandes et libations disparaissent de la maison de l ` Éternel ; Les sacrificateurs , serviteurs de l ` Éternel , sont dans le deuil .
		Les champs sont ravagés , La terre est attristée ; Car les blés sont détruits , Le moût est tari , l ` huile est desséchée .
		Les laboureurs sont consternés , les vignerons gémissent , A cause du froment et de l ` orge , Parce que la moisson des champs est perdue .
		La vigne est confuse , Le figuier languissant ; Le grenadier , le palmier , le pommier , Tous les arbres des champs sont flétris . . . La joie a cessé parmi les fils de l ` homme !
		Sacrificateurs , ceignez - vous et pleurez ! Lamentez - vous , serviteurs de l ` autel ! Venez , passez la nuit revêtus de sacs , Serviteurs de mon Dieu ! Car offrandes et libations ont disparu de la maison de votre Dieu .
		Publiez un jeûne , une convocation solennelle ! Assemblez les vieillards , tous les habitants du pays , Dans la maison de l ` Éternel , votre Dieu , Et criez à l ` Éternel !
		Ah ! quel jour ! Car le jour de l ` Éternel est proche : Il vient comme un ravage du Tout Puissant .
		La nourriture n ` est - elle pas enlevée sous nos yeux ? La joie et l ` allégresse n ` ont - elles pas disparu de la maison de notre Dieu ?
		Les semences ont séché sous les mottes ; Les greniers sont vides , Les magasins sont en ruines , Car il n ` y a point de blé .
		Comme les bêtes gémissent ! Les troupeaux de boeufs sont consternés , Parce qu ` ils sont sans pâturage ; Et même les troupeaux de brebis sont en souffrance .
		C ` est vers toi que je crie , ô Éternel ! Car le feu a dévoré les plaines du désert , Et la flamme a brûlé tous les arbres des champs .
		Les bêtes des champs crient aussi vers toi ; Car les torrents sont à sec , Et le feu a dévoré les plaines du désert .
	</text>
	<annotations>
		<annotation source="MCS" anchor="parole" bfScore="--" coherenceScore="--">bn:00049911n</annotation>
		<annotation source="MCS" anchor="Éternel" bfScore="--" coherenceScore="--">bn:00032037n</annotation>
		<annotation source="MCS" anchor="fut" bfScore="--" coherenceScore="--">bn:00083187v</annotation>
		<annotation source="MCS" anchor="adressée" bfScore="--" coherenceScore="--">bn:00082493v</annotation>
		<annotation source="BABELFY" anchor="fils de" bfScore="1.0" coherenceScore="0.008658008658008658">bn:15806605n</annotation>
		<annotation source="MCS" anchor="Écoutez" bfScore="--" coherenceScore="--">bn:00089280v</annotation>
		<annotation source="MCS" anchor="vieillards" bfScore="--" coherenceScore="--">bn:00041536n</annotation>
		<annotation source="BABELFY" anchor="Prêtez" bfScore="0.7057198403765477" coherenceScore="0.14285714285714285">bn:00090290v</annotation>
		<annotation source="BABELFY" anchor="oreille" bfScore="0.864" coherenceScore="0.2597402597402597">bn:00029372n</annotation>
		<annotation source="BABELFY" anchor="tous" bfScore="1.0" coherenceScore="0.021645021645021644">bn:00002165n</annotation>
		<annotation source="MCS" anchor="habitants" bfScore="--" coherenceScore="--">bn:00026239n</annotation>
		<annotation source="MCS" anchor="pays" bfScore="--" coherenceScore="--">bn:00023235n</annotation>
		<annotation source="MCS" anchor="Rien" bfScore="--" coherenceScore="--">bn:03261184n</annotation>
		<annotation source="BABELFY" anchor="pareil" bfScore="1.0" coherenceScore="0.025974025974025976">bn:00021326n</annotation>
		<annotation source="MCS" anchor="est" bfScore="--" coherenceScore="--">bn:00083187v</annotation>
		<annotation source="MCS" anchor="arrivé" bfScore="--" coherenceScore="--">bn:00083286v</annotation>
		<annotation source="MCS" anchor="temps" bfScore="--" coherenceScore="--">bn:00077270n</annotation>
		<annotation source="MCS" anchor="pères" bfScore="--" coherenceScore="--">bn:00009616n</annotation>
		<annotation source="MCS" anchor="Racontez" bfScore="--" coherenceScore="--">bn:00091011v</annotation>
		<annotation source="MCS" anchor="enfants" bfScore="--" coherenceScore="--">bn:00018346n</annotation>
		<annotation source="MCS" anchor="racontent" bfScore="--" coherenceScore="--">bn:00091011v</annotation>
		<annotation source="MCS" anchor="génération" bfScore="--" coherenceScore="--">bn:00020407n</annotation>
		<annotation source="MCS" anchor="suivra" bfScore="--" coherenceScore="--">bn:00088421v</annotation>
		<annotation source="MCS" anchor="laissé" bfScore="--" coherenceScore="--">bn:00090271v</annotation>
		<annotation source="MCS" anchor="sauterelle" bfScore="--" coherenceScore="--">bn:00041452n</annotation>
		<annotation source="MCS" anchor="dévoré" bfScore="--" coherenceScore="--">bn:00083503v</annotation>
		<annotation source="BABELFY" anchor="Réveillez" bfScore="0.7317073170731707" coherenceScore="0.021645021645021644">bn:00082769v</annotation>
		<annotation source="MCS" anchor="pleurez" bfScore="--" coherenceScore="--">bn:00086122v</annotation>
		<annotation source="BABELFY" anchor="buveurs" bfScore="0.7129177252296267" coherenceScore="0.2077922077922078">bn:00028752n</annotation>
		<annotation source="BABELFY" anchor="vin" bfScore="0.9929902447572873" coherenceScore="0.3852813852813853">bn:00080022n</annotation>
		<annotation source="MCS" anchor="gémissez" bfScore="--" coherenceScore="--">bn:00090767v</annotation>
		<annotation source="BABELFY" anchor="Parce" bfScore="1.0" coherenceScore="0.021645021645021644">bn:00764386n</annotation>
		<annotation source="BABELFY" anchor="Parce que" bfScore="1.0" coherenceScore="0.030303030303030304">bn:03980365n</annotation>
		<annotation source="BABELFY" anchor="moût" bfScore="0.8057296329453895" coherenceScore="0.08658008658008658">bn:00056509n</annotation>
		<annotation source="MCS" anchor="enlevé" bfScore="--" coherenceScore="--">bn:00092783v</annotation>
		<annotation source="MCS" anchor="bouche" bfScore="--" coherenceScore="--">bn:00056135n</annotation>
		<annotation source="MCS" anchor="peuple" bfScore="--" coherenceScore="--">bn:00019283n</annotation>
		<annotation source="MCS" anchor="venu" bfScore="--" coherenceScore="--">bn:00085322v</annotation>
		<annotation source="BABELFY" anchor="fondre" bfScore="0.798670465337132" coherenceScore="0.12554112554112554">bn:00090733v</annotation>
		<annotation source="BABELFY" anchor="innombrable" bfScore="1.0" coherenceScore="0.06060606060606061">bn:00100561a</annotation>
		<annotation source="BABELFY" anchor="dents" bfScore="0.7740895724949106" coherenceScore="0.35064935064935066">bn:00077593n</annotation>
		<annotation source="BABELFY" anchor="lion" bfScore="0.7000354627894017" coherenceScore="0.4069264069264069">bn:00049156n</annotation>
		<annotation source="MCS" anchor="mâchoires" bfScore="--" coherenceScore="--">bn:00048051n</annotation>
		<annotation source="MCS" anchor="lionne" bfScore="--" coherenceScore="--">bn:00051435n</annotation>
		<annotation source="MCS" anchor="dévasté" bfScore="--" coherenceScore="--">bn:00086699v</annotation>
		<annotation source="MCS" anchor="vigne" bfScore="--" coherenceScore="--">bn:00041400n</annotation>
		<annotation source="MCS" anchor="mis" bfScore="--" coherenceScore="--">bn:00090224v</annotation>
		<annotation source="MCS" anchor="morceaux" bfScore="--" coherenceScore="--">bn:00062297n</annotation>
		<annotation source="MCS" anchor="figuier" bfScore="--" coherenceScore="--">bn:00011630n</annotation>
		<annotation source="BABELFY" anchor="dépouillé" bfScore="0.9080882352941176" coherenceScore="0.05627705627705628">bn:00082181v</annotation>
		<annotation source="MCS" anchor="abattu" bfScore="--" coherenceScore="--">bn:00084318v</annotation>
		<annotation source="MCS" anchor="ont" bfScore="--" coherenceScore="--">bn:00088733v</annotation>
		<annotation source="MCS" anchor="blanchi" bfScore="--" coherenceScore="--">bn:00083549v</annotation>
		<annotation source="MCS" anchor="vierge" bfScore="--" coherenceScore="--">bn:00080052n</annotation>
		<annotation source="BABELFY" anchor="revêt" bfScore="0.9667228306655434" coherenceScore="0.19480519480519481">bn:00083227v</annotation>
		<annotation source="MCS" anchor="sac" bfScore="--" coherenceScore="--">bn:00007922n</annotation>
		<annotation source="MCS" anchor="pleurer" bfScore="--" coherenceScore="--">bn:00024158n</annotation>
		<annotation source="BABELFY" anchor="jeunesse" bfScore="0.9073284218689415" coherenceScore="0.2597402597402597">bn:00073643n</annotation>
		<annotation source="BABELFY" anchor="Offrandes" bfScore="0.9936" coherenceScore="0.09956709956709957">bn:03628823n</annotation>
		<annotation source="BABELFY" anchor="libations" bfScore="0.7578187650360866" coherenceScore="0.11688311688311688">bn:00050930n</annotation>
		<annotation source="MCS" anchor="disparaissent" bfScore="--" coherenceScore="--">bn:00086600v</annotation>
		<annotation source="MCS" anchor="maison" bfScore="--" coherenceScore="--">bn:00044994n</annotation>
		<annotation source="BABELFY" anchor="sacrificateurs" bfScore="1.0" coherenceScore="0.15151515151515152">bn:00068756n</annotation>
		<annotation source="MCS" anchor="serviteurs" bfScore="--" coherenceScore="--">bn:00070680n</annotation>
		<annotation source="MCS" anchor="sont" bfScore="--" coherenceScore="--">bn:00083187v</annotation>
		<annotation source="MCS" anchor="deuil" bfScore="--" coherenceScore="--">bn:00010002n</annotation>
		<annotation source="MCS" anchor="champs" bfScore="--" coherenceScore="--">bn:00034265n</annotation>
		<annotation source="MCS" anchor="ravagés" bfScore="--" coherenceScore="--">bn:00086685v</annotation>
		<annotation source="MCS" anchor="attristée" bfScore="--" coherenceScore="--">bn:00082464v</annotation>
		<annotation source="MCS" anchor="Car" bfScore="--" coherenceScore="--">bn:02142237n</annotation>
		<annotation source="BABELFY" anchor="blés" bfScore="0.7976578837306566" coherenceScore="0.27705627705627706">bn:00080959n</annotation>
		<annotation source="MCS" anchor="détruits" bfScore="--" coherenceScore="--">bn:00086699v</annotation>
		<annotation source="BABELFY" anchor="tari" bfScore="1.0" coherenceScore="0.03463203463203463">bn:00087408v</annotation>
		<annotation source="BABELFY" anchor="huile" bfScore="0.9001148105625718" coherenceScore="0.24242424242424243">bn:00058732n</annotation>
		<annotation source="MCS" anchor="laboureurs" bfScore="--" coherenceScore="--">bn:00063061n</annotation>
		<annotation source="MCS" anchor="consternés" bfScore="--" coherenceScore="--">bn:00082567v</annotation>
		<annotation source="MCS" anchor="vignerons" bfScore="--" coherenceScore="--">bn:00080025n</annotation>
		<annotation source="MCS" anchor="gémissent" bfScore="--" coherenceScore="--">bn:00090767v</annotation>
		<annotation source="MCS" anchor="cause" bfScore="--" coherenceScore="--">bn:00015051n</annotation>
		<annotation source="MCS" anchor="froment" bfScore="--" coherenceScore="--">bn:00080960n</annotation>
		<annotation source="BABELFY" anchor="orge" bfScore="0.7747428166016318" coherenceScore="0.2077922077922078">bn:00008606n</annotation>
		<annotation source="MCS" anchor="perdue" bfScore="--" coherenceScore="--">bn:00090485v</annotation>
		<annotation source="BABELFY" anchor="confuse" bfScore="1.0" coherenceScore="0.017316017316017316">bn:00100253a</annotation>
		<annotation source="MCS" anchor="grenadier" bfScore="--" coherenceScore="--">bn:00041758n</annotation>
		<annotation source="MCS" anchor="palmier" bfScore="--" coherenceScore="--">bn:00060306n</annotation>
		<annotation source="MCS" anchor="pommier" bfScore="--" coherenceScore="--">bn:00005076n</annotation>
		<annotation source="BABELFY" anchor="arbres" bfScore="0.9808988764044944" coherenceScore="0.42857142857142855">bn:00078131n</annotation>
		<annotation source="BABELFY" anchor="flétris" bfScore="1.0" coherenceScore="0.017316017316017316">bn:00087959v</annotation>
		<annotation source="MCS" anchor="joie" bfScore="--" coherenceScore="--">bn:00048468n</annotation>
		<annotation source="MCS" anchor="cessé" bfScore="--" coherenceScore="--">bn:00084710v</annotation>
		<annotation source="MCS" anchor="homme" bfScore="--" coherenceScore="--">bn:00044576n</annotation>
		<annotation source="BABELFY" anchor="Sacrificateurs" bfScore="1.0" coherenceScore="0.15151515151515152">bn:00068756n</annotation>
		<annotation source="MCS" anchor="autel" bfScore="--" coherenceScore="--">bn:00003117n</annotation>
		<annotation source="MCS" anchor="Venez" bfScore="--" coherenceScore="--">bn:00085322v</annotation>
		<annotation source="MCS" anchor="passez" bfScore="--" coherenceScore="--">bn:00091458v</annotation>
		<annotation source="BABELFY" anchor="nuit" bfScore="0.7196447710917164" coherenceScore="0.20346320346320346">bn:00025236n</annotation>
		<annotation source="BABELFY" anchor="revêtus" bfScore="0.9667228306655434" coherenceScore="0.19480519480519481">bn:00083227v</annotation>
		<annotation source="MCS" anchor="sacs" bfScore="--" coherenceScore="--">bn:00007922n</annotation>
		<annotation source="MCS" anchor="Serviteurs" bfScore="--" coherenceScore="--">bn:00070680n</annotation>
		<annotation source="BABELFY" anchor="Dieu" bfScore="0.7950549690253904" coherenceScore="0.6103896103896104">bn:00040878n</annotation>
		<annotation source="BABELFY" anchor="offrandes" bfScore="0.9936" coherenceScore="0.09956709956709957">bn:03628823n</annotation>
		<annotation source="MCS" anchor="disparu" bfScore="--" coherenceScore="--">bn:00086600v</annotation>
		<annotation source="MCS" anchor="Publiez" bfScore="--" coherenceScore="--">bn:00084099v</annotation>
		<annotation source="BABELFY" anchor="jeûne" bfScore="1.0" coherenceScore="0.18181818181818182">bn:00033737n</annotation>
		<annotation source="MCS" anchor="convocation" bfScore="--" coherenceScore="--">bn:00022328n</annotation>
		<annotation source="MCS" anchor="solennelle" bfScore="--" coherenceScore="--">bn:00101944a</annotation>
		<annotation source="MCS" anchor="Assemblez" bfScore="--" coherenceScore="--">bn:00082845v</annotation>
		<annotation source="MCS" anchor="criez" bfScore="--" coherenceScore="--">bn:00093676v</annotation>
		<annotation source="MCS" anchor="jour" bfScore="--" coherenceScore="--">bn:00000086n</annotation>
		<annotation source="MCS" anchor="proche" bfScore="--" coherenceScore="--">bn:00099857a</annotation>
		<annotation source="MCS" anchor="vient" bfScore="--" coherenceScore="--">bn:00085322v</annotation>
		<annotation source="MCS" anchor="comme" bfScore="--" coherenceScore="--">bn:00114354r</annotation>
		<annotation source="MCS" anchor="comme un" bfScore="--" coherenceScore="--">bn:13612827r</annotation>
		<annotation source="BABELFY" anchor="Tout Puissant" bfScore="1.0" coherenceScore="0.05194805194805195">bn:03930676n</annotation>
		<annotation source="BABELFY" anchor="Puissant" bfScore="1.0" coherenceScore="0.19047619047619047">bn:00063940n</annotation>
		<annotation source="MCS" anchor="nourriture" bfScore="--" coherenceScore="--">bn:00035650n</annotation>
		<annotation source="MCS" anchor="enlevée" bfScore="--" coherenceScore="--">bn:00092783v</annotation>
		<annotation source="BABELFY" anchor="yeux" bfScore="0.8933301111648139" coherenceScore="0.43722943722943725">bn:00032512n</annotation>
		<annotation source="MCS" anchor="allégresse" bfScore="--" coherenceScore="--">bn:00030090n</annotation>
		<annotation source="MCS" anchor="semences" bfScore="--" coherenceScore="--">bn:15142303n</annotation>
		<annotation source="MCS" anchor="séché" bfScore="--" coherenceScore="--">bn:00087402v</annotation>
		<annotation source="MCS" anchor="mottes" bfScore="--" coherenceScore="--">bn:15754528n</annotation>
		<annotation source="MCS" anchor="greniers" bfScore="--" coherenceScore="--">bn:00007037n</annotation>
		<annotation source="MCS" anchor="vides" bfScore="--" coherenceScore="--">bn:00102176a</annotation>
		<annotation source="MCS" anchor="magasins" bfScore="--" coherenceScore="--">bn:00071215n</annotation>
		<annotation source="MCS" anchor="ruines" bfScore="--" coherenceScore="--">bn:00068521n</annotation>
		<annotation source="BABELFY" anchor="blé" bfScore="0.7976578837306566" coherenceScore="0.27705627705627706">bn:00080959n</annotation>
		<annotation source="MCS" anchor="Comme" bfScore="--" coherenceScore="--">bn:00114354r</annotation>
		<annotation source="MCS" anchor="bêtes" bfScore="--" coherenceScore="--">bn:00009390n</annotation>
		<annotation source="MCS" anchor="troupeaux" bfScore="--" coherenceScore="--">bn:00043801n</annotation>
		<annotation source="MCS" anchor="boeufs" bfScore="--" coherenceScore="--">bn:00009544n</annotation>
		<annotation source="MCS" anchor="pâturage" bfScore="--" coherenceScore="--">bn:00041543n</annotation>
		<annotation source="MCS" anchor="brebis" bfScore="--" coherenceScore="--">bn:00032066n</annotation>
		<annotation source="MCS" anchor="souffrance" bfScore="--" coherenceScore="--">bn:00002072n</annotation>
		<annotation source="MCS" anchor="crie" bfScore="--" coherenceScore="--">bn:00093676v</annotation>
		<annotation source="MCS" anchor="feu" bfScore="--" coherenceScore="--">bn:00034625n</annotation>
		<annotation source="MCS" anchor="plaines" bfScore="--" coherenceScore="--">bn:00052205n</annotation>
		<annotation source="BABELFY" anchor="désert" bfScore="0.967463288223438" coherenceScore="0.4329004329004329">bn:00026519n</annotation>
		<annotation source="BABELFY" anchor="flamme" bfScore="1.0" coherenceScore="0.27705627705627706">bn:00034625n</annotation>
		<annotation source="MCS" anchor="brûlé" bfScore="--" coherenceScore="--">bn:00084270v</annotation>
		<annotation source="MCS" anchor="crient" bfScore="--" coherenceScore="--">bn:00093676v</annotation>
		<annotation source="MCS" anchor="aussi" bfScore="--" coherenceScore="--">bn:00114246r</annotation>
		<annotation source="MCS" anchor="sec" bfScore="--" coherenceScore="--">bn:00101839a</annotation>
	</annotations>
</paragraph>
<paragraph id="p.2">
	<text>
		Sonnez de la trompette en Sion ! Faites - la retentir sur ma montagne sainte ! Que tous les habitants du pays tremblent ! Car le jour de l ` Éternel vient , car il est proche ,
		Jour de ténèbres et d ` obscurité , Jour de nuées et de brouillards , Il vient comme l ` aurore se répand sur les montagnes . Voici un peuple nombreux et puissant , Tel qu ` il n ` y en a jamais eu , Et qu ` il n ` y en aura jamais dans la suite des âges .
		Devant lui est un feu dévorant , Et derrière lui une flamme brûlante ; Le pays était auparavant comme un jardin d ` Éden , Et depuis , c ` est un désert affreux : Rien ne lui échappe .
		A les voir , on dirait des chevaux , Et ils courent comme des cavaliers .
		A les entendre , on dirait un bruit de chars Sur le sommet des montagnes où ils bondissent , On dirait un pétillement de la flamme du feu , Quand elle consume le chaume . C ` est comme une armée puissante Qui se prépare au combat .
		Devant eux les peuples tremblent , Tous les visages pâlissent .
		Ils s ` élancent comme des guerriers , Ils escaladent les murs comme des gens de guerre ; Chacun va son chemin , Sans s ` écarter de sa route .
		Ils ne pressent point les uns les autres , Chacun garde son rang ; Ils se précipitent au travers des traits Sans arrêter leur marche .
		Ils se répandent dans la ville , Courent sur les murailles , Montent sur les maisons , Entrent par les fenêtres comme un voleur .
		Devant eux la terre tremble , Les cieux sont ébranlés , Le soleil et la lune s ` obscurcissent , Et les étoiles retirent leur éclat .
		L ` Éternel fait entendre sa voix devant son armée ; Car son camp est immense , Et l ` exécuteur de sa parole est puissant ; Car le jour de l ` Éternel est grand , il est terrible : Qui pourra le soutenir ?
		Maintenant encore , dit l ` Éternel , Revenez à moi de tout votre coeur , Avec des jeûnes , avec des pleurs et des lamentations !
		Déchirez vos coeurs et non vos vêtements , Et revenez à l ` Éternel , votre Dieu ; Car il est compatissant et miséricordieux , Lent à la colère et riche en bonté , Et il se repent des maux qu ` il envoie .
		Qui sait s ` il ne reviendra pas et ne se repentira pas , Et s ` il ne laissera pas après lui la bénédiction , Des offrandes et des libations pour l ` Éternel , votre Dieu ?
		Sonnez de la trompette en Sion ! Publiez un jeûne , une convocation solennelle !
		Assemblez le peuple , formez une sainte réunion ! Assemblez les vieillards , Assemblez les enfants , Même les nourrissons à la mamelle ! Que l ` époux sorte de sa demeure , Et l ` épouse de sa chambre !
		Qu ` entre le portique et l ` autel Pleurent les sacrificateurs , Serviteurs de l ` Éternel , Et qu ` ils disent : Éternel , épargne ton peuple ! Ne livre pas ton héritage à l ` opprobre , Aux railleries des nations ! Pourquoi dirait - on parmi les peuples : Où est leur Dieu ?
		L ` Éternel est ému de jalousie pour son pays , Et il épargne son peuple .
		L ` Éternel répond , il dit à son peuple : Voici , je vous enverrai du blé , Du moût et de l ` huile , Et vous en serez rassasiés ; Et je ne vous livrerai plus à l ` opprobre parmi les nations .
		J ` éloignerai de vous l ` ennemi du nord , Je le chasserai vers une terre aride et déserte , Son avant - garde dans la mer orientale , Son arrière - garde dans la mer occidentale ; Et son infection se répandra , Sa puanteur s ` élèvera dans les airs , Parce qu ` il a fait de grandes choses .
		Terre , ne crains pas , Sois dans l ` allégresse et réjouis - toi , Car l ` Éternel fait de grandes choses !
		Bêtes des champs , ne craignez pas , Car les plaines du désert reverdiront , Car les arbres porteront leurs fruits , Le figuier et la vigne donneront leurs richesses .
		Et vous , enfants de Sion , soyez dans l ` allégresse et réjouissez - vous En l ` Éternel , votre Dieu , Car il vous donnera la pluie en son temps , Il vous enverra la pluie de la première et de l ` arrière - saison , Comme autrefois .
		Les aires se rempliront de blé , Et les cuves regorgeront de moût et d ` huile .
		Je vous remplacerai les années Qu ` ont dévorées la sauterelle , Le jélek , le hasil et le gazam , Ma grande armée que j ` avais envoyée contre vous .
		Vous mangerez et vous vous rassasierez , Et vous célébrerez le nom de l ` Éternel , votre Dieu , Qui aura fait pour vous des prodiges ; Et mon peuple ne sera plus jamais dans la confusion .
		Et vous saurez que je suis au milieu d ` Israël , Que je suis l ` Éternel , votre Dieu , et qu ` il n ` y en a point d ` autre , Et mon peuple ne sera plus jamais dans la confusion .
		Après cela , je répandrai mon esprit sur toute chair ; Vos fils et vos filles prophétiseront , Vos vieillards auront des songes , Et vos jeunes gens des visions .
		Même sur les serviteurs et sur les servantes , Dans ces jours - là , je répandrai mon esprit .
		Je ferai paraître des prodiges dans les cieux et sur la terre , Du sang , du feu , et des colonnes de fumée ;
		Le soleil se changera en ténèbres , Et la lune en sang , Avant l ` arrivée du jour de l ` Éternel , De ce jour grand et terrible .
		Alors quiconque invoquera le nom de l ` Éternel sera sauvé ; Le salut sera sur la montagne de Sion et à Jérusalem , Comme a dit l ` Éternel , Et parmi les réchappés que l ` Éternel appellera .
	</text>
	<annotations>
		<annotation source="MCS" anchor="Sonnez" bfScore="--" coherenceScore="--">bn:00091505v</annotation>
		<annotation source="BABELFY" anchor="trompette" bfScore="0.9654471544715447" coherenceScore="0.04859335038363171">bn:00022750n</annotation>
		<annotation source="MCS" anchor="Faites" bfScore="--" coherenceScore="--">bn:00087107v</annotation>
		<annotation source="BABELFY" anchor="montagne" bfScore="0.7819958271843672" coherenceScore="0.3248081841432225">bn:00056068n</annotation>
		<annotation source="MCS" anchor="sainte" bfScore="--" coherenceScore="--">bn:00110031a</annotation>
		<annotation source="MCS" anchor="habitants" bfScore="--" coherenceScore="--">bn:00026239n</annotation>
		<annotation source="MCS" anchor="pays" bfScore="--" coherenceScore="--">bn:00023235n</annotation>
		<annotation source="MCS" anchor="tremblent" bfScore="--" coherenceScore="--">bn:00093639v</annotation>
		<annotation source="MCS" anchor="jour" bfScore="--" coherenceScore="--">bn:00000086n</annotation>
		<annotation source="MCS" anchor="Éternel" bfScore="--" coherenceScore="--">bn:00032037n</annotation>
		<annotation source="MCS" anchor="vient" bfScore="--" coherenceScore="--">bn:00085322v</annotation>
		<annotation source="MCS" anchor="est" bfScore="--" coherenceScore="--">bn:00083187v</annotation>
		<annotation source="MCS" anchor="proche" bfScore="--" coherenceScore="--">bn:00099857a</annotation>
		<annotation source="MCS" anchor="Jour" bfScore="--" coherenceScore="--">bn:00000086n</annotation>
		<annotation source="MCS" anchor="obscurité" bfScore="--" coherenceScore="--">bn:00025233n</annotation>
		<annotation source="BABELFY" anchor="nuées" bfScore="0.8333333333333334" coherenceScore="0.02557544757033248">bn:00020006n</annotation>
		<annotation source="MCS" anchor="brouillards" bfScore="--" coherenceScore="--">bn:00035570n</annotation>
		<annotation source="MCS" anchor="comme" bfScore="--" coherenceScore="--">bn:00114354r</annotation>
		<annotation source="MCS" anchor="aurore" bfScore="--" coherenceScore="--">bn:00007206n</annotation>
		<annotation source="MCS" anchor="répand" bfScore="--" coherenceScore="--">bn:00084119v</annotation>
		<annotation source="BABELFY" anchor="montagnes" bfScore="0.7559151950415662" coherenceScore="0.3248081841432225">bn:00056068n</annotation>
		<annotation source="BABELFY" anchor="Voici" bfScore="1.0" coherenceScore="0.058823529411764705">bn:00114427r</annotation>
		<annotation source="MCS" anchor="peuple" bfScore="--" coherenceScore="--">bn:00019283n</annotation>
		<annotation source="MCS" anchor="nombreux" bfScore="--" coherenceScore="--">bn:00107028a</annotation>
		<annotation source="MCS" anchor="puissant" bfScore="--" coherenceScore="--">bn:00108878a</annotation>
		<annotation source="BABELFY" anchor="jamais" bfScore="0.7582139848357203" coherenceScore="0.07672634271099744">bn:00116326r</annotation>
		<annotation source="MCS" anchor="eu" bfScore="--" coherenceScore="--">bn:00088733v</annotation>
		<annotation source="MCS" anchor="aura" bfScore="--" coherenceScore="--">bn:00088733v</annotation>
		<annotation source="MCS" anchor="suite" bfScore="--" coherenceScore="--">bn:01234901n</annotation>
		<annotation source="MCS" anchor="âges" bfScore="--" coherenceScore="--">bn:00001936n</annotation>
		<annotation source="BABELFY" anchor="Devant" bfScore="0.9696969696969697" coherenceScore="0.020460358056265986">bn:00114185r</annotation>
		<annotation source="MCS" anchor="feu" bfScore="--" coherenceScore="--">bn:00034625n</annotation>
		<annotation source="BABELFY" anchor="flamme" bfScore="1.0" coherenceScore="0.2813299232736573">bn:00034625n</annotation>
		<annotation source="BABELFY" anchor="brûlante" bfScore="1.0" coherenceScore="0.010230179028132993">bn:00104350a</annotation>
		<annotation source="MCS" anchor="était" bfScore="--" coherenceScore="--">bn:00083187v</annotation>
		<annotation source="MCS" anchor="comme un" bfScore="--" coherenceScore="--">bn:13612827r</annotation>
		<annotation source="BABELFY" anchor="jardin" bfScore="0.8179766829635201" coherenceScore="0.1918158567774936">bn:00037300n</annotation>
		<annotation source="BABELFY" anchor="Éden" bfScore="0.7237762237762237" coherenceScore="0.17647058823529413">bn:00029735n</annotation>
		<annotation source="BABELFY" anchor="désert" bfScore="0.8877850353971917" coherenceScore="0.29923273657289">bn:00026519n</annotation>
		<annotation source="MCS" anchor="affreux" bfScore="--" coherenceScore="--">bn:00097348a</annotation>
		<annotation source="MCS" anchor="Rien" bfScore="--" coherenceScore="--">bn:00116378r</annotation>
		<annotation source="MCS" anchor="échappe" bfScore="--" coherenceScore="--">bn:00083978v</annotation>
		<annotation source="MCS" anchor="voir" bfScore="--" coherenceScore="--">bn:00093430v</annotation>
		<annotation source="MCS" anchor="dirait" bfScore="--" coherenceScore="--">bn:00093287v</annotation>
		<annotation source="BABELFY" anchor="chevaux" bfScore="0.847409267290573" coherenceScore="0.3375959079283887">bn:00031345n</annotation>
		<annotation source="MCS" anchor="courent" bfScore="--" coherenceScore="--">bn:00093170v</annotation>
		<annotation source="MCS" anchor="cavaliers" bfScore="--" coherenceScore="--">bn:00031301n</annotation>
		<annotation source="MCS" anchor="entendre" bfScore="--" coherenceScore="--">bn:00089277v</annotation>
		<annotation source="MCS" anchor="bruit" bfScore="--" coherenceScore="--">bn:00057863n</annotation>
		<annotation source="MCS" anchor="chars" bfScore="--" coherenceScore="--">bn:00005778n</annotation>
		<annotation source="MCS" anchor="sommet" bfScore="--" coherenceScore="--">bn:00023758n</annotation>
		<annotation source="BABELFY" anchor="bondissent" bfScore="0.9147727272727273" coherenceScore="0.058823529411764705">bn:00083833v</annotation>
		<annotation source="BABELFY" anchor="consume" bfScore="1.0" coherenceScore="0.017902813299232736">bn:00085692v</annotation>
		<annotation source="MCS" anchor="chaume" bfScore="--" coherenceScore="--">bn:00076774n</annotation>
		<annotation source="MCS" anchor="comme une" bfScore="--" coherenceScore="--">bn:13612827r</annotation>
		<annotation source="MCS" anchor="armée" bfScore="--" coherenceScore="--">bn:00005803n</annotation>
		<annotation source="MCS" anchor="puissante" bfScore="--" coherenceScore="--">bn:00108878a</annotation>
		<annotation source="MCS" anchor="prépare" bfScore="--" coherenceScore="--">bn:00088250v</annotation>
		<annotation source="MCS" anchor="combat" bfScore="--" coherenceScore="--">bn:00005731n</annotation>
		<annotation source="MCS" anchor="peuples" bfScore="--" coherenceScore="--">bn:00019283n</annotation>
		<annotation source="MCS" anchor="visages" bfScore="--" coherenceScore="--">bn:00032600n</annotation>
		<annotation source="BABELFY" anchor="pâlissent" bfScore="1.0" coherenceScore="0.017902813299232736">bn:00083548v</annotation>
		<annotation source="MCS" anchor="guerriers" bfScore="--" coherenceScore="--">bn:00080510n</annotation>
		<annotation source="MCS" anchor="Ils" bfScore="--" coherenceScore="--">bn:03861247n</annotation>
		<annotation source="MCS" anchor="murs" bfScore="--" coherenceScore="--">bn:00080386n</annotation>
		<annotation source="MCS" anchor="gens" bfScore="--" coherenceScore="--">bn:00037747n</annotation>
		<annotation source="BABELFY" anchor="guerre" bfScore="0.9011815457443356" coherenceScore="0.37851662404092073">bn:00080439n</annotation>
		<annotation source="MCS" anchor="va" bfScore="--" coherenceScore="--">bn:00093013v</annotation>
		<annotation source="MCS" anchor="chemin" bfScore="--" coherenceScore="--">bn:00080721n</annotation>
		<annotation source="MCS" anchor="Sans" bfScore="--" coherenceScore="--">bn:00010891n</annotation>
		<annotation source="MCS" anchor="écarter" bfScore="--" coherenceScore="--">bn:00086798v</annotation>
		<annotation source="MCS" anchor="route" bfScore="--" coherenceScore="--">bn:00067975n</annotation>
		<annotation source="BABELFY" anchor="uns" bfScore="0.927710843373494" coherenceScore="0.05370843989769821">bn:02046536n</annotation>
		<annotation source="MCS" anchor="autres" bfScore="--" coherenceScore="--">bn:00101268a</annotation>
		<annotation source="MCS" anchor="garde" bfScore="--" coherenceScore="--">bn:00089407v</annotation>
		<annotation source="MCS" anchor="rang" bfScore="--" coherenceScore="--">bn:00075239n</annotation>
		<annotation source="MCS" anchor="précipitent" bfScore="--" coherenceScore="--">bn:00082397v</annotation>
		<annotation source="MCS" anchor="traits" bfScore="--" coherenceScore="--">bn:00077930n</annotation>
		<annotation source="MCS" anchor="arrêter" bfScore="--" coherenceScore="--">bn:00084710v</annotation>
		<annotation source="MCS" anchor="répandent" bfScore="--" coherenceScore="--">bn:00084119v</annotation>
		<annotation source="MCS" anchor="ville" bfScore="--" coherenceScore="--">bn:00077773n</annotation>
		<annotation source="MCS" anchor="murailles" bfScore="--" coherenceScore="--">bn:13638433n</annotation>
		<annotation source="MCS" anchor="Montent" bfScore="--" coherenceScore="--">bn:00083708v</annotation>
		<annotation source="MCS" anchor="maisons" bfScore="--" coherenceScore="--">bn:00044994n</annotation>
		<annotation source="MCS" anchor="fenêtres" bfScore="--" coherenceScore="--">bn:00081285n</annotation>
		<annotation source="MCS" anchor="voleur" bfScore="--" coherenceScore="--">bn:00074094n</annotation>
		<annotation source="MCS" anchor="tremble" bfScore="--" coherenceScore="--">bn:00093639v</annotation>
		<annotation source="BABELFY" anchor="cieux" bfScore="1.0" coherenceScore="0.05115089514066496">bn:00808092n</annotation>
		<annotation source="MCS" anchor="sont" bfScore="--" coherenceScore="--">bn:00083187v</annotation>
		<annotation source="BABELFY" anchor="ébranlés" bfScore="0.9225874867444327" coherenceScore="0.0741687979539642">bn:00087623v</annotation>
		<annotation source="MCS" anchor="obscurcissent" bfScore="--" coherenceScore="--">bn:00083292v</annotation>
		<annotation source="MCS" anchor="étoiles" bfScore="--" coherenceScore="--">bn:00073964n</annotation>
		<annotation source="MCS" anchor="retirent" bfScore="--" coherenceScore="--">bn:00087267v</annotation>
		<annotation source="MCS" anchor="éclat" bfScore="--" coherenceScore="--">bn:00013132n</annotation>
		<annotation source="MCS" anchor="fait" bfScore="--" coherenceScore="--">bn:00087107v</annotation>
		<annotation source="MCS" anchor="voix" bfScore="--" coherenceScore="--">bn:00062019n</annotation>
		<annotation source="MCS" anchor="Car" bfScore="--" coherenceScore="--">bn:02142237n</annotation>
		<annotation source="MCS" anchor="camp" bfScore="--" coherenceScore="--">bn:00010805n</annotation>
		<annotation source="MCS" anchor="immense" bfScore="--" coherenceScore="--">bn:00098905a</annotation>
		<annotation source="MCS" anchor="parole" bfScore="--" coherenceScore="--">bn:00049911n</annotation>
		<annotation source="MCS" anchor="grand" bfScore="--" coherenceScore="--">bn:00111630a</annotation>
		<annotation source="BABELFY" anchor="terrible" bfScore="0.7482061317677756" coherenceScore="0.0792838874680307">bn:00097890a</annotation>
		<annotation source="MCS" anchor="pourra" bfScore="--" coherenceScore="--">bn:13601970v</annotation>
		<annotation source="MCS" anchor="soutenir" bfScore="--" coherenceScore="--">bn:00089387v</annotation>
		<annotation source="MCS" anchor="Maintenant" bfScore="--" coherenceScore="--">bn:00114424r</annotation>
		<annotation source="MCS" anchor="encore" bfScore="--" coherenceScore="--">bn:00114369r</annotation>
		<annotation source="MCS" anchor="dit" bfScore="--" coherenceScore="--">bn:00093287v</annotation>
		<annotation source="MCS" anchor="coeur" bfScore="--" coherenceScore="--">bn:00043383n</annotation>
		<annotation source="BABELFY" anchor="jeûnes" bfScore="1.0" coherenceScore="0.2506393861892583">bn:00033737n</annotation>
		<annotation source="MCS" anchor="pleurs" bfScore="--" coherenceScore="--">bn:00821073n</annotation>
		<annotation source="MCS" anchor="Déchirez" bfScore="--" coherenceScore="--">bn:00092142v</annotation>
		<annotation source="MCS" anchor="coeurs" bfScore="--" coherenceScore="--">bn:00043383n</annotation>
		<annotation source="MCS" anchor="non" bfScore="--" coherenceScore="--">bn:00116350r</annotation>
		<annotation source="BABELFY" anchor="vêtements" bfScore="0.7747121557807609" coherenceScore="0.23785166240409208">bn:00006125n</annotation>
		<annotation source="MCS" anchor="revenez" bfScore="--" coherenceScore="--">bn:00092969v</annotation>
		<annotation source="BABELFY" anchor="Dieu" bfScore="0.7741872767188095" coherenceScore="0.6751918158567775">bn:00040878n</annotation>
		<annotation source="BABELFY" anchor="compatissant" bfScore="1.0" coherenceScore="0.0639386189258312">bn:00100125a</annotation>
		<annotation source="BABELFY" anchor="miséricordieux" bfScore="1.0" coherenceScore="0.06649616368286446">bn:00106612a</annotation>
		<annotation source="BABELFY" anchor="Lent" bfScore="0.9615384615384616" coherenceScore="0.01278772378516624">bn:00093836v</annotation>
		<annotation source="MCS" anchor="colère" bfScore="--" coherenceScore="--">bn:00004085n</annotation>
		<annotation source="MCS" anchor="riche" bfScore="--" coherenceScore="--">bn:00109833a</annotation>
		<annotation source="MCS" anchor="bonté" bfScore="--" coherenceScore="--">bn:00052146n</annotation>
		<annotation source="MCS" anchor="repent" bfScore="--" coherenceScore="--">bn:00082891v</annotation>
		<annotation source="MCS" anchor="maux" bfScore="--" coherenceScore="--">bn:00032048n</annotation>
		<annotation source="MCS" anchor="envoie" bfScore="--" coherenceScore="--">bn:00093485v</annotation>
		<annotation source="MCS" anchor="sait" bfScore="--" coherenceScore="--">bn:00090142v</annotation>
		<annotation source="MCS" anchor="reviendra" bfScore="--" coherenceScore="--">bn:00092969v</annotation>
		<annotation source="MCS" anchor="repentira" bfScore="--" coherenceScore="--">bn:00082891v</annotation>
		<annotation source="MCS" anchor="laissera" bfScore="--" coherenceScore="--">bn:00090271v</annotation>
		<annotation source="MCS" anchor="bénédiction" bfScore="--" coherenceScore="--">bn:02733866n</annotation>
		<annotation source="BABELFY" anchor="offrandes" bfScore="0.9803921568627451" coherenceScore="0.10230179028132992">bn:03628823n</annotation>
		<annotation source="BABELFY" anchor="libations" bfScore="0.8360558945089549" coherenceScore="0.15089514066496162">bn:00050930n</annotation>
		<annotation source="MCS" anchor="Publiez" bfScore="--" coherenceScore="--">bn:00084099v</annotation>
		<annotation source="BABELFY" anchor="jeûne" bfScore="1.0" coherenceScore="0.2506393861892583">bn:00033737n</annotation>
		<annotation source="MCS" anchor="convocation" bfScore="--" coherenceScore="--">bn:00022328n</annotation>
		<annotation source="MCS" anchor="solennelle" bfScore="--" coherenceScore="--">bn:00101944a</annotation>
		<annotation source="MCS" anchor="Assemblez" bfScore="--" coherenceScore="--">bn:00082845v</annotation>
		<annotation source="MCS" anchor="formez" bfScore="--" coherenceScore="--">bn:00088488v</annotation>
		<annotation source="MCS" anchor="vieillards" bfScore="--" coherenceScore="--">bn:00041536n</annotation>
		<annotation source="MCS" anchor="enfants" bfScore="--" coherenceScore="--">bn:00018346n</annotation>
		<annotation source="MCS" anchor="nourrissons" bfScore="--" coherenceScore="--">bn:00058330n</annotation>
		<annotation source="MCS" anchor="mamelle" bfScore="--" coherenceScore="--">bn:17056255n</annotation>
		<annotation source="MCS" anchor="époux" bfScore="--" coherenceScore="--">bn:00010161n</annotation>
		<annotation source="MCS" anchor="sorte" bfScore="--" coherenceScore="--">bn:00035907n</annotation>
		<annotation source="BABELFY" anchor="demeure" bfScore="0.8215227712326358" coherenceScore="0.1867007672634271">bn:00000356n</annotation>
		<annotation source="BABELFY" anchor="épouse" bfScore="0.7617245955332185" coherenceScore="0.4194373401534527">bn:00053107n</annotation>
		<annotation source="MCS" anchor="chambre" bfScore="--" coherenceScore="--">bn:00009495n</annotation>
		<annotation source="MCS" anchor="portique" bfScore="--" coherenceScore="--">bn:00063677n</annotation>
		<annotation source="MCS" anchor="autel" bfScore="--" coherenceScore="--">bn:00003117n</annotation>
		<annotation source="BABELFY" anchor="sacrificateurs" bfScore="1.0" coherenceScore="0.18925831202046037">bn:00068756n</annotation>
		<annotation source="MCS" anchor="Serviteurs" bfScore="--" coherenceScore="--">bn:00070680n</annotation>
		<annotation source="MCS" anchor="disent" bfScore="--" coherenceScore="--">bn:00093287v</annotation>
		<annotation source="MCS" anchor="Éternel" bfScore="--" coherenceScore="--">bn:00096562a</annotation>
		<annotation source="MCS" anchor="épargne" bfScore="--" coherenceScore="--">bn:00090229v</annotation>
		<annotation source="MCS" anchor="livre" bfScore="--" coherenceScore="--">bn:00086531v</annotation>
		<annotation source="MCS" anchor="héritage" bfScore="--" coherenceScore="--">bn:00043821n</annotation>
		<annotation source="MCS" anchor="opprobre" bfScore="--" coherenceScore="--">bn:00046609n</annotation>
		<annotation source="BABELFY" anchor="railleries" bfScore="0.9508840864440079" coherenceScore="0.056265984654731455">bn:00076208n</annotation>
		<annotation source="BABELFY" anchor="nations" bfScore="0.9304791131174037" coherenceScore="0.7519181585677749">bn:00023236n</annotation>
		<annotation source="BABELFY" anchor="Pourquoi" bfScore="1.0" coherenceScore="0.0025575447570332483">bn:00114822r</annotation>
		<annotation source="MCS" anchor="ému" bfScore="--" coherenceScore="--">bn:00082471v</annotation>
		<annotation source="MCS" anchor="jalousie" bfScore="--" coherenceScore="--">bn:00041654n</annotation>
		<annotation source="BABELFY" anchor="répond" bfScore="0.783184879426461" coherenceScore="0.08951406649616368">bn:00082651v</annotation>
		<annotation source="MCS" anchor="enverrai" bfScore="--" coherenceScore="--">bn:00093485v</annotation>
		<annotation source="MCS" anchor="blé" bfScore="--" coherenceScore="--">bn:00080959n</annotation>
		<annotation source="MCS" anchor="moût" bfScore="--" coherenceScore="--">bn:00056509n</annotation>
		<annotation source="BABELFY" anchor="huile" bfScore="0.8193053206712632" coherenceScore="0.17135549872122763">bn:00058732n</annotation>
		<annotation source="MCS" anchor="serez" bfScore="--" coherenceScore="--">bn:00083187v</annotation>
		<annotation source="BABELFY" anchor="rassasiés" bfScore="1.0" coherenceScore="0.02557544757033248">bn:00088182v</annotation>
		<annotation source="MCS" anchor="livrerai" bfScore="--" coherenceScore="--">bn:00086531v</annotation>
		<annotation source="MCS" anchor="plus" bfScore="--" coherenceScore="--">bn:00115880r</annotation>
		<annotation source="BABELFY" anchor="éloignerai" bfScore="0.9053606882859033" coherenceScore="0.09207161125319693">bn:00082131v</annotation>
		<annotation source="MCS" anchor="ennemi" bfScore="--" coherenceScore="--">bn:13675359a</annotation>
		<annotation source="MCS" anchor="nord" bfScore="--" coherenceScore="--">bn:00058073n</annotation>
		<annotation source="MCS" anchor="chasserai" bfScore="--" coherenceScore="--">bn:00084834v</annotation>
		<annotation source="BABELFY" anchor="aride" bfScore="0.9840319361277445" coherenceScore="0.0741687979539642">bn:00097489a</annotation>
		<annotation source="BABELFY" anchor="déserte" bfScore="0.8992443324937027" coherenceScore="0.043478260869565216">bn:00098683a</annotation>
		<annotation source="MCS" anchor="avant-garde" bfScore="--" coherenceScore="--">bn:00007432n</annotation>
		<annotation source="BABELFY" anchor="mer" bfScore="0.9745058722429103" coherenceScore="0.3452685421994885">bn:00069946n</annotation>
		<annotation source="MCS" anchor="orientale" bfScore="--" coherenceScore="--">bn:00101967a</annotation>
		<annotation source="BABELFY" anchor="arrière-garde" bfScore="1.0" coherenceScore="0.08951406649616368">bn:00066438n</annotation>
		<annotation source="MCS" anchor="occidentale" bfScore="--" coherenceScore="--">bn:00113812a</annotation>
		<annotation source="MCS" anchor="infection" bfScore="--" coherenceScore="--">bn:00046624n</annotation>
		<annotation source="MCS" anchor="répandra" bfScore="--" coherenceScore="--">bn:00084119v</annotation>
		<annotation source="MCS" anchor="puanteur" bfScore="--" coherenceScore="--">bn:00034177n</annotation>
		<annotation source="MCS" anchor="élèvera" bfScore="--" coherenceScore="--">bn:00084108v</annotation>
		<annotation source="MCS" anchor="airs" bfScore="--" coherenceScore="--">bn:00002186n</annotation>
		<annotation source="BABELFY" anchor="Parce" bfScore="1.0" coherenceScore="0.04603580562659847">bn:00764386n</annotation>
		<annotation source="MCS" anchor="grandes" bfScore="--" coherenceScore="--">bn:00111630a</annotation>
		<annotation source="MCS" anchor="choses" bfScore="--" coherenceScore="--">bn:00076925n</annotation>
		<annotation source="MCS" anchor="crains" bfScore="--" coherenceScore="--">bn:00088065v</annotation>
		<annotation source="MCS" anchor="allégresse" bfScore="--" coherenceScore="--">bn:00030090n</annotation>
		<annotation source="BABELFY" anchor="réjouis" bfScore="0.7072243346007605" coherenceScore="0.0792838874680307">bn:00089996v</annotation>
		<annotation source="BABELFY" anchor="Bêtes" bfScore="0.9619643187419082" coherenceScore="0.7237851662404092">bn:00004222n</annotation>
		<annotation source="MCS" anchor="champs" bfScore="--" coherenceScore="--">bn:00034265n</annotation>
		<annotation source="MCS" anchor="craignez" bfScore="--" coherenceScore="--">bn:00088065v</annotation>
		<annotation source="MCS" anchor="plaines" bfScore="--" coherenceScore="--">bn:00052205n</annotation>
		<annotation source="BABELFY" anchor="arbres" bfScore="0.9618092330695907" coherenceScore="0.3171355498721228">bn:00078131n</annotation>
		<annotation source="MCS" anchor="porteront" bfScore="--" coherenceScore="--">bn:00089252v</annotation>
		<annotation source="BABELFY" anchor="fruits" bfScore="0.7394462719298246" coherenceScore="0.21227621483375958">bn:00036686n</annotation>
		<annotation source="MCS" anchor="figuier" bfScore="--" coherenceScore="--">bn:00011630n</annotation>
		<annotation source="MCS" anchor="vigne" bfScore="--" coherenceScore="--">bn:00041400n</annotation>
		<annotation source="MCS" anchor="donneront" bfScore="--" coherenceScore="--">bn:00088815v</annotation>
		<annotation source="MCS" anchor="richesses" bfScore="--" coherenceScore="--">bn:00080746n</annotation>
		<annotation source="MCS" anchor="soyez" bfScore="--" coherenceScore="--">bn:00083187v</annotation>
		<annotation source="BABELFY" anchor="réjouissez" bfScore="0.7072243346007605" coherenceScore="0.0792838874680307">bn:00089996v</annotation>
		<annotation source="MCS" anchor="donnera" bfScore="--" coherenceScore="--">bn:00088815v</annotation>
		<annotation source="BABELFY" anchor="pluie" bfScore="0.7473603778827452" coherenceScore="0.2710997442455243">bn:00066032n</annotation>
		<annotation source="MCS" anchor="temps" bfScore="--" coherenceScore="--">bn:00077270n</annotation>
		<annotation source="MCS" anchor="enverra" bfScore="--" coherenceScore="--">bn:00093485v</annotation>
		<annotation source="BABELFY" anchor="Comme" bfScore="0.9315068493150684" coherenceScore="0.04092071611253197">bn:00088952v</annotation>
		<annotation source="MCS" anchor="autrefois" bfScore="--" coherenceScore="--">bn:00114423r</annotation>
		<annotation source="MCS" anchor="rempliront" bfScore="--" coherenceScore="--">bn:00088175v</annotation>
		<annotation source="BABELFY" anchor="regorgeront" bfScore="0.9595694407981097" coherenceScore="0.10997442455242967">bn:00082152v</annotation>
		<annotation source="MCS" anchor="remplacerai" bfScore="--" coherenceScore="--">bn:00092816v</annotation>
		<annotation source="MCS" anchor="années" bfScore="--" coherenceScore="--">bn:00006662n</annotation>
		<annotation source="MCS" anchor="ont" bfScore="--" coherenceScore="--">bn:00088733v</annotation>
		<annotation source="MCS" anchor="dévorées" bfScore="--" coherenceScore="--">bn:00083503v</annotation>
		<annotation source="MCS" anchor="sauterelle" bfScore="--" coherenceScore="--">bn:00041452n</annotation>
		<annotation source="MCS" anchor="grande" bfScore="--" coherenceScore="--">bn:00111630a</annotation>
		<annotation source="MCS" anchor="armée" bfScore="--" coherenceScore="--">bn:00097496a</annotation>
		<annotation source="MCS" anchor="avais" bfScore="--" coherenceScore="--">bn:00088733v</annotation>
		<annotation source="MCS" anchor="envoyée" bfScore="--" coherenceScore="--">bn:00093485v</annotation>
		<annotation source="MCS" anchor="mangerez" bfScore="--" coherenceScore="--">bn:00087461v</annotation>
		<annotation source="BABELFY" anchor="rassasierez" bfScore="1.0" coherenceScore="0.02557544757033248">bn:00088182v</annotation>
		<annotation source="MCS" anchor="célébrerez" bfScore="--" coherenceScore="--">bn:00087785v</annotation>
		<annotation source="MCS" anchor="nom" bfScore="--" coherenceScore="--">bn:00056758n</annotation>
		<annotation source="MCS" anchor="prodiges" bfScore="--" coherenceScore="--">bn:00018357n</annotation>
		<annotation source="MCS" anchor="sera" bfScore="--" coherenceScore="--">bn:00083187v</annotation>
		<annotation source="BABELFY" anchor="plus jamais" bfScore="1.0" coherenceScore="0.08439897698209718">bn:00116344r</annotation>
		<annotation source="MCS" anchor="confusion" bfScore="--" coherenceScore="--">bn:00021788n</annotation>
		<annotation source="MCS" anchor="saurez" bfScore="--" coherenceScore="--">bn:00090142v</annotation>
		<annotation source="MCS" anchor="milieu" bfScore="--" coherenceScore="--">bn:00017123n</annotation>
		<annotation source="BABELFY" anchor="Israël" bfScore="0.9427546020697866" coherenceScore="0.6470588235294118">bn:00047679n</annotation>
		<annotation source="MCS" anchor="autre" bfScore="--" coherenceScore="--">bn:00101268a</annotation>
		<annotation source="MCS" anchor="répandrai" bfScore="--" coherenceScore="--">bn:00084119v</annotation>
		<annotation source="MCS" anchor="esprit" bfScore="--" coherenceScore="--">bn:00012681n</annotation>
		<annotation source="MCS" anchor="chair" bfScore="--" coherenceScore="--">bn:00035182n</annotation>
		<annotation source="MCS" anchor="filles" bfScore="--" coherenceScore="--">bn:00034453n</annotation>
		<annotation source="BABELFY" anchor="prophétiseront" bfScore="1.0" coherenceScore="0.0792838874680307">bn:00092087v</annotation>
		<annotation source="MCS" anchor="auront" bfScore="--" coherenceScore="--">bn:00088733v</annotation>
		<annotation source="BABELFY" anchor="songes" bfScore="0.8372093023255814" coherenceScore="0.16879795396419436">bn:00028658n</annotation>
		<annotation source="MCS" anchor="jeunes" bfScore="--" coherenceScore="--">bn:00104589a</annotation>
		<annotation source="MCS" anchor="visions" bfScore="--" coherenceScore="--">bn:00080106n</annotation>
		<annotation source="MCS" anchor="serviteurs" bfScore="--" coherenceScore="--">bn:00070680n</annotation>
		<annotation source="MCS" anchor="servantes" bfScore="--" coherenceScore="--">bn:00003200n</annotation>
		<annotation source="MCS" anchor="ferai" bfScore="--" coherenceScore="--">bn:00087107v</annotation>
		<annotation source="MCS" anchor="paraître" bfScore="--" coherenceScore="--">bn:00082693v</annotation>
		<annotation source="MCS" anchor="sang" bfScore="--" coherenceScore="--">bn:00011346n</annotation>
		<annotation source="MCS" anchor="colonnes" bfScore="--" coherenceScore="--">bn:00020822n</annotation>
		<annotation source="MCS" anchor="fumée" bfScore="--" coherenceScore="--">bn:00036806n</annotation>
		<annotation source="MCS" anchor="changera" bfScore="--" coherenceScore="--">bn:00082553v</annotation>
		<annotation source="MCS" anchor="Avant" bfScore="--" coherenceScore="--">bn:00035855n</annotation>
		<annotation source="MCS" anchor="arrivée" bfScore="--" coherenceScore="--">bn:00083286v</annotation>
		<annotation source="MCS" anchor="Alors" bfScore="--" coherenceScore="--">bn:00117250r</annotation>
		<annotation source="MCS" anchor="invoquera" bfScore="--" coherenceScore="--">bn:00082770v</annotation>
		<annotation source="MCS" anchor="sauvé" bfScore="--" coherenceScore="--">bn:00086533v</annotation>
		<annotation source="MCS" anchor="salut" bfScore="--" coherenceScore="--">bn:00066712n</annotation>
		<annotation source="BABELFY" anchor="Jérusalem" bfScore="0.9126653379235369" coherenceScore="0.29411764705882354">bn:00015555n</annotation>
		<annotation source="MCS" anchor="Comme" bfScore="--" coherenceScore="--">bn:00075938n</annotation>
		<annotation source="MCS" anchor="appellera" bfScore="--" coherenceScore="--">bn:00084386v</annotation>
	</annotations>
</paragraph>
<paragraph id="p.3">
	<text>
		Car voici , en ces jours , en ce temps - là , Quand je ramènerai les captifs de Juda et de Jérusalem ,
		Je rassemblerai toutes les nations , Et je les ferai descendre dans la vallée de Josaphat ; Là , j ` entrerai en jugement avec elles , Au sujet de mon peuple , d ` Israël , mon héritage , Qu ` elles ont dispersé parmi les nations , Et au sujet de mon pays qu ` elles se sont partagé .
		Ils ont tiré mon peuple au sort ; Ils ont donné le jeune garçon pour une prostituée , Ils ont vendu la jeune fille pour du vin , et ils ont bu .
		Que me voulez - vous , Tyr et Sidon , Et vous tous , districts des Philistins ? Voulez - vous tirer vengeance de moi ? Si vous voulez vous venger , Je ferai bien vite retomber votre vengeance sur vos têtes .
		Vous avez pris mon argent mon or ; Et ce que j ` avais de plus précieux et de plus beau , Vous l ` avez emporté dans vos temples .
		Vous avez vendu les enfants de Juda et de Jérusalem aux enfants de Javan , Afin de les éloigner de leur territoire .
		Voici , je les ferai revenir du lieu où vous les avez vendus , Et je ferai retomber votre vengeance sur vos têtes .
		Je vendrai vos fils et vos filles aux enfants de Juda , Et ils les vendront aux Sabéens , nation lointaine ; Car l ` Éternel a parlé .
		Publiez ces choses parmi les nations ! Préparez la guerre ! Réveillez les héros ! Qu ` ils s ` approchent , qu ` ils montent , Tous les hommes de guerre !
		De vos hoyaux forgez des épées , Et de vos serpes des lances ! Que le faible dise : Je suis fort !
		Hâtez - vous et venez , vous toutes , nations d ` alentour , Et rassemblez - vous ! Là , ô Éternel , fais descendre tes héros !
		Que les nations se réveillent , et qu ` elles montent Vers la vallée de Josaphat ! Car là je siégerai pour juger toutes les nations d ` alentour .
		Saisissez la faucille , Car la moisson est mûre ! Venez , foulez , Car le pressoir est plein , Les cuves regorgent ! Car grande est leur méchanceté ,
		C ` est une multitude , une multitude , Dans la vallée du jugement ; Car le jour de l ` Éternel est proche , Dans la vallée du jugement .
		Le soleil et la lune s ` obscurcissent , Et les étoiles retirent leur éclat .
		De Sion l ` Éternel rugit , De Jérusalem il fait entendre sa voix ; Les cieux et la terre sont ébranlés . Mais l ` Éternel est un refuge pour son peuple , Un abri pour les enfants d ` Israël .
		Et vous saurez que je suis l ` Éternel , votre Dieu , Résidant à Sion , ma sainte montagne . Jérusalem sera sainte , Et les étrangers n ` y passeront plus .
		En ce temps - là , le moût ruissellera des montagnes , Le lait coulera des collines , Et il y aura de l ` eau dans tous les torrents de Juda ; Une source sortira aussi de la maison de l ` Éternel , Et arrosera la vallée de Sittim .
		L ` Égypte sera dévastée , Édom sera réduit en désert , A cause des violences contre les enfants de Juda , Dont ils ont répandu le sang innocent dans leur pays .
		Mais Juda sera toujours habité , Et Jérusalem , de génération en génération .
		Je vengerai leur sang que je n ` ai point encore vengé , Et L ` Éternel résidera dans Sion .
	</text>
	<annotations>
		<annotation source="BABELFY" anchor="voici" bfScore="1.0" coherenceScore="0.06614785992217899">bn:00114427r</annotation>
		<annotation source="MCS" anchor="jours" bfScore="--" coherenceScore="--">bn:00000086n</annotation>
		<annotation source="MCS" anchor="ramènerai" bfScore="--" coherenceScore="--">bn:13706925v</annotation>
		<annotation source="MCS" anchor="captifs" bfScore="--" coherenceScore="--">bn:00015768n</annotation>
		<annotation source="BABELFY" anchor="Jérusalem" bfScore="0.9457524872822222" coherenceScore="0.39299610894941633">bn:00015555n</annotation>
		<annotation source="MCS" anchor="rassemblerai" bfScore="--" coherenceScore="--">bn:00085289v</annotation>
		<annotation source="BABELFY" anchor="nations" bfScore="0.9349943771815805" coherenceScore="0.7704280155642024">bn:00023236n</annotation>
		<annotation source="MCS" anchor="ferai" bfScore="--" coherenceScore="--">bn:00087107v</annotation>
		<annotation source="MCS" anchor="descendre" bfScore="--" coherenceScore="--">bn:00085356v</annotation>
		<annotation source="BABELFY" anchor="vallée" bfScore="0.7057646116893515" coherenceScore="0.16731517509727625">bn:00079476n</annotation>
		<annotation source="BABELFY" anchor="vallée de Josaphat" bfScore="1.0" coherenceScore="0.13618677042801555">bn:03576729n</annotation>
		<annotation source="BABELFY" anchor="Josaphat" bfScore="0.9948186528497409" coherenceScore="0.1245136186770428">bn:00851636n</annotation>
		<annotation source="BABELFY" anchor="Là" bfScore="1.0" coherenceScore="0.038910505836575876">bn:00076845n</annotation>
		<annotation source="MCS" anchor="entrerai" bfScore="--" coherenceScore="--">bn:00085363v</annotation>
		<annotation source="MCS" anchor="jugement" bfScore="--" coherenceScore="--">bn:00048493n</annotation>
		<annotation source="MCS" anchor="sujet" bfScore="--" coherenceScore="--">bn:00111369a</annotation>
		<annotation source="MCS" anchor="peuple" bfScore="--" coherenceScore="--">bn:00019283n</annotation>
		<annotation source="BABELFY" anchor="Israël" bfScore="0.9127429621085907" coherenceScore="0.6848249027237354">bn:00047679n</annotation>
		<annotation source="MCS" anchor="héritage" bfScore="--" coherenceScore="--">bn:00043821n</annotation>
		<annotation source="MCS" anchor="ont" bfScore="--" coherenceScore="--">bn:00088733v</annotation>
		<annotation source="MCS" anchor="dispersé" bfScore="--" coherenceScore="--">bn:00083993v</annotation>
		<annotation source="MCS" anchor="sujet" bfScore="--" coherenceScore="--">bn:00022157n</annotation>
		<annotation source="MCS" anchor="pays" bfScore="--" coherenceScore="--">bn:00023235n</annotation>
		<annotation source="MCS" anchor="sont" bfScore="--" coherenceScore="--">bn:00083187v</annotation>
		<annotation source="MCS" anchor="partagé" bfScore="--" coherenceScore="--">bn:00091448v</annotation>
		<annotation source="MCS" anchor="tiré" bfScore="--" coherenceScore="--">bn:00083567v</annotation>
		<annotation source="MCS" anchor="sort" bfScore="--" coherenceScore="--">bn:03141550n</annotation>
		<annotation source="MCS" anchor="Ils" bfScore="--" coherenceScore="--">bn:03861247n</annotation>
		<annotation source="MCS" anchor="donné" bfScore="--" coherenceScore="--">bn:00088815v</annotation>
		<annotation source="MCS" anchor="jeune" bfScore="--" coherenceScore="--">bn:00104589a</annotation>
		<annotation source="BABELFY" anchor="jeune garçon" bfScore="1.0" coherenceScore="0.1867704280155642">bn:00012569n</annotation>
		<annotation source="MCS" anchor="garçon" bfScore="--" coherenceScore="--">bn:00012569n</annotation>
		<annotation source="MCS" anchor="prostituée" bfScore="--" coherenceScore="--">bn:00009205n</annotation>
		<annotation source="MCS" anchor="vendu" bfScore="--" coherenceScore="--">bn:00093472v</annotation>
		<annotation source="MCS" anchor="jeune fille" bfScore="--" coherenceScore="--">bn:00010607n</annotation>
		<annotation source="MCS" anchor="fille" bfScore="--" coherenceScore="--">bn:00034453n</annotation>
		<annotation source="BABELFY" anchor="vin" bfScore="0.986246719160105" coherenceScore="0.29961089494163423">bn:00080022n</annotation>
		<annotation source="MCS" anchor="bu" bfScore="--" coherenceScore="--">bn:00087321v</annotation>
		<annotation source="MCS" anchor="voulez" bfScore="--" coherenceScore="--">bn:00086682v</annotation>
		<annotation source="BABELFY" anchor="Sidon" bfScore="0.8362204724409449" coherenceScore="0.17509727626459143">bn:00068839n</annotation>
		<annotation source="MCS" anchor="Voulez" bfScore="--" coherenceScore="--">bn:00086682v</annotation>
		<annotation source="MCS" anchor="tirer" bfScore="--" coherenceScore="--">bn:00083567v</annotation>
		<annotation source="MCS" anchor="vengeance" bfScore="--" coherenceScore="--">bn:00067427n</annotation>
		<annotation source="BABELFY" anchor="venger" bfScore="1.0" coherenceScore="0.1517509727626459">bn:00082950v</annotation>
		<annotation source="MCS" anchor="bien" bfScore="--" coherenceScore="--">bn:00115530r</annotation>
		<annotation source="BABELFY" anchor="vite" bfScore="0.9751243781094527" coherenceScore="0.1556420233463035">bn:00114307r</annotation>
		<annotation source="BABELFY" anchor="retomber" bfScore="1.0" coherenceScore="0.007782101167315175">bn:00087991v</annotation>
		<annotation source="MCS" anchor="têtes" bfScore="--" coherenceScore="--">bn:00015784n</annotation>
		<annotation source="MCS" anchor="avez" bfScore="--" coherenceScore="--">bn:00088733v</annotation>
		<annotation source="MCS" anchor="pris" bfScore="--" coherenceScore="--">bn:00088762v</annotation>
		<annotation source="BABELFY" anchor="argent" bfScore="0.7915138572953901" coherenceScore="0.48249027237354086">bn:00055644n</annotation>
		<annotation source="MCS" anchor="or" bfScore="--" coherenceScore="--">bn:00040921n</annotation>
		<annotation source="MCS" anchor="avais" bfScore="--" coherenceScore="--">bn:00088733v</annotation>
		<annotation source="MCS" anchor="plus" bfScore="--" coherenceScore="--">bn:00115880r</annotation>
		<annotation source="MCS" anchor="précieux" bfScore="--" coherenceScore="--">bn:00113489a</annotation>
		<annotation source="BABELFY" anchor="beau" bfScore="0.750733137829912" coherenceScore="0.0622568093385214">bn:00098171a</annotation>
		<annotation source="BABELFY" anchor="emporté" bfScore="0.7568395958678624" coherenceScore="0.22957198443579765">bn:00083231v</annotation>
		<annotation source="MCS" anchor="temples" bfScore="--" coherenceScore="--">bn:00076465n</annotation>
		<annotation source="MCS" anchor="enfants" bfScore="--" coherenceScore="--">bn:00018346n</annotation>
		<annotation source="MCS" anchor="Javan" bfScore="--" coherenceScore="--">bn:00048047n</annotation>
		<annotation source="BABELFY" anchor="éloigner" bfScore="0.9700199866755497" coherenceScore="0.20233463035019456">bn:00082131v</annotation>
		<annotation source="MCS" anchor="territoire" bfScore="--" coherenceScore="--">bn:00027810n</annotation>
		<annotation source="BABELFY" anchor="Voici" bfScore="1.0" coherenceScore="0.06614785992217899">bn:00114427r</annotation>
		<annotation source="BABELFY" anchor="revenir" bfScore="0.7217280813214739" coherenceScore="0.1556420233463035">bn:00084073v</annotation>
		<annotation source="MCS" anchor="lieu" bfScore="--" coherenceScore="--">bn:00051754n</annotation>
		<annotation source="MCS" anchor="vendus" bfScore="--" coherenceScore="--">bn:00093472v</annotation>
		<annotation source="MCS" anchor="vendrai" bfScore="--" coherenceScore="--">bn:00093472v</annotation>
		<annotation source="MCS" anchor="filles" bfScore="--" coherenceScore="--">bn:00034453n</annotation>
		<annotation source="MCS" anchor="vendront" bfScore="--" coherenceScore="--">bn:00093472v</annotation>
		<annotation source="BABELFY" anchor="Sabéens" bfScore="1.0" coherenceScore="0.17120622568093385">bn:02601077n</annotation>
		<annotation source="BABELFY" anchor="nation" bfScore="0.9365327565798126" coherenceScore="0.7704280155642024">bn:00023236n</annotation>
		<annotation source="MCS" anchor="lointaine" bfScore="--" coherenceScore="--">bn:00102778a</annotation>
		<annotation source="MCS" anchor="Car" bfScore="--" coherenceScore="--">bn:02142237n</annotation>
		<annotation source="MCS" anchor="Éternel" bfScore="--" coherenceScore="--">bn:00032037n</annotation>
		<annotation source="MCS" anchor="parlé" bfScore="--" coherenceScore="--">bn:00094090v</annotation>
		<annotation source="MCS" anchor="Publiez" bfScore="--" coherenceScore="--">bn:00084099v</annotation>
		<annotation source="MCS" anchor="choses" bfScore="--" coherenceScore="--">bn:00076925n</annotation>
		<annotation source="MCS" anchor="Préparez" bfScore="--" coherenceScore="--">bn:00088250v</annotation>
		<annotation source="BABELFY" anchor="guerre" bfScore="0.9425944409158273" coherenceScore="0.4474708171206226">bn:00080439n</annotation>
		<annotation source="BABELFY" anchor="Réveillez" bfScore="0.7716049382716049" coherenceScore="0.038910505836575876">bn:00082772v</annotation>
		<annotation source="MCS" anchor="héros" bfScore="--" coherenceScore="--">bn:00043853n</annotation>
		<annotation source="MCS" anchor="approchent" bfScore="--" coherenceScore="--">bn:00082732v</annotation>
		<annotation source="MCS" anchor="montent" bfScore="--" coherenceScore="--">bn:00083708v</annotation>
		<annotation source="MCS" anchor="hommes" bfScore="--" coherenceScore="--">bn:00044576n</annotation>
		<annotation source="BABELFY" anchor="hommes de guerre" bfScore="1.0" coherenceScore="0.07782101167315175">bn:00053105n</annotation>
		<annotation source="BABELFY" anchor="hoyaux" bfScore="1.0" coherenceScore="0.0311284046692607">bn:04718487n</annotation>
		<annotation source="MCS" anchor="forgez" bfScore="--" coherenceScore="--">bn:00088477v</annotation>
		<annotation source="BABELFY" anchor="épées" bfScore="0.9035383319292334" coherenceScore="0.2140077821011673">bn:00011081n</annotation>
		<annotation source="MCS" anchor="serpes" bfScore="--" coherenceScore="--">bn:00010397n</annotation>
		<annotation source="MCS" anchor="lances" bfScore="--" coherenceScore="--">bn:00049823n</annotation>
		<annotation source="MCS" anchor="faible" bfScore="--" coherenceScore="--">bn:00028262n</annotation>
		<annotation source="MCS" anchor="dise" bfScore="--" coherenceScore="--">bn:00093287v</annotation>
		<annotation source="MCS" anchor="fort" bfScore="--" coherenceScore="--">bn:00103938a</annotation>
		<annotation source="MCS" anchor="venez" bfScore="--" coherenceScore="--">bn:00085322v</annotation>
		<annotation source="MCS" anchor="rassemblez" bfScore="--" coherenceScore="--">bn:00085289v</annotation>
		<annotation source="BABELFY" anchor="Là" bfScore="0.7377358490566037" coherenceScore="0.06614785992217899">bn:00114427r</annotation>
		<annotation source="MCS" anchor="fais" bfScore="--" coherenceScore="--">bn:00087107v</annotation>
		<annotation source="BABELFY" anchor="réveillent" bfScore="0.7716049382716049" coherenceScore="0.038910505836575876">bn:00082772v</annotation>
		<annotation source="BABELFY" anchor="Vers" bfScore="1.0" coherenceScore="0.08560311284046693">bn:00089261v</annotation>
		<annotation source="BABELFY" anchor="là" bfScore="0.7377358490566037" coherenceScore="0.06614785992217899">bn:00114427r</annotation>
		<annotation source="BABELFY" anchor="siégerai" bfScore="1.0" coherenceScore="0.0038910505836575876">bn:00093414v</annotation>
		<annotation source="MCS" anchor="juger" bfScore="--" coherenceScore="--">bn:00090000v</annotation>
		<annotation source="MCS" anchor="Saisissez" bfScore="--" coherenceScore="--">bn:00085207v</annotation>
		<annotation source="BABELFY" anchor="faucille" bfScore="0.8990279084352462" coherenceScore="0.1828793774319066">bn:00066430n</annotation>
		<annotation source="MCS" anchor="est" bfScore="--" coherenceScore="--">bn:00083187v</annotation>
		<annotation source="MCS" anchor="mûre" bfScore="--" coherenceScore="--">bn:00106506a</annotation>
		<annotation source="MCS" anchor="Venez" bfScore="--" coherenceScore="--">bn:00085322v</annotation>
		<annotation source="BABELFY" anchor="foulez" bfScore="1.0" coherenceScore="0.027237354085603113">bn:00094264v</annotation>
		<annotation source="BABELFY" anchor="pressoir" bfScore="0.9728539985326485" coherenceScore="0.13229571984435798">bn:00081333n</annotation>
		<annotation source="MCS" anchor="plein" bfScore="--" coherenceScore="--">bn:00103391a</annotation>
		<annotation source="MCS" anchor="regorgent" bfScore="--" coherenceScore="--">bn:00082152v</annotation>
		<annotation source="MCS" anchor="grande" bfScore="--" coherenceScore="--">bn:00111630a</annotation>
		<annotation source="MCS" anchor="méchanceté" bfScore="--" coherenceScore="--">bn:00013515n</annotation>
		<annotation source="MCS" anchor="multitude" bfScore="--" coherenceScore="--">bn:00063002n</annotation>
		<annotation source="MCS" anchor="jour" bfScore="--" coherenceScore="--">bn:00000086n</annotation>
		<annotation source="MCS" anchor="proche" bfScore="--" coherenceScore="--">bn:00099857a</annotation>
		<annotation source="BABELFY" anchor="soleil" bfScore="0.7290409341380215" coherenceScore="0.36186770428015563">bn:00075170n</annotation>
		<annotation source="MCS" anchor="obscurcissent" bfScore="--" coherenceScore="--">bn:00083292v</annotation>
		<annotation source="MCS" anchor="étoiles" bfScore="--" coherenceScore="--">bn:00073964n</annotation>
		<annotation source="MCS" anchor="retirent" bfScore="--" coherenceScore="--">bn:00087267v</annotation>
		<annotation source="MCS" anchor="éclat" bfScore="--" coherenceScore="--">bn:00013132n</annotation>
		<annotation source="MCS" anchor="rugit" bfScore="--" coherenceScore="--">bn:00083380v</annotation>
		<annotation source="MCS" anchor="fait" bfScore="--" coherenceScore="--">bn:00087107v</annotation>
		<annotation source="MCS" anchor="entendre" bfScore="--" coherenceScore="--">bn:00089277v</annotation>
		<annotation source="MCS" anchor="voix" bfScore="--" coherenceScore="--">bn:00062019n</annotation>
		<annotation source="BABELFY" anchor="cieux" bfScore="1.0" coherenceScore="0.05058365758754864">bn:00808092n</annotation>
		<annotation source="BABELFY" anchor="ébranlés" bfScore="0.9531914893617022" coherenceScore="0.054474708171206226">bn:00087623v</annotation>
		<annotation source="MCS" anchor="refuge" bfScore="--" coherenceScore="--">bn:00042922n</annotation>
		<annotation source="MCS" anchor="abri" bfScore="--" coherenceScore="--">bn:00002195n</annotation>
		<annotation source="MCS" anchor="saurez" bfScore="--" coherenceScore="--">bn:00090142v</annotation>
		<annotation source="BABELFY" anchor="Dieu" bfScore="0.8543588582640028" coherenceScore="0.6964980544747081">bn:00040878n</annotation>
		<annotation source="MCS" anchor="Résidant" bfScore="--" coherenceScore="--">bn:00087617v</annotation>
		<annotation source="MCS" anchor="sainte" bfScore="--" coherenceScore="--">bn:00110031a</annotation>
		<annotation source="BABELFY" anchor="montagne" bfScore="0.7890226881755331" coherenceScore="0.43190661478599224">bn:00056068n</annotation>
		<annotation source="MCS" anchor="sera" bfScore="--" coherenceScore="--">bn:00083187v</annotation>
		<annotation source="MCS" anchor="étrangers" bfScore="--" coherenceScore="--">bn:00103205a</annotation>
		<annotation source="MCS" anchor="passeront" bfScore="--" coherenceScore="--">bn:00091458v</annotation>
		<annotation source="BABELFY" anchor="moût" bfScore="0.7597402597402597" coherenceScore="0.05058365758754864">bn:00056509n</annotation>
		<annotation source="BABELFY" anchor="montagnes" bfScore="0.7572760843712837" coherenceScore="0.43190661478599224">bn:00056068n</annotation>
		<annotation source="BABELFY" anchor="lait" bfScore="0.8213381016241991" coherenceScore="0.20233463035019456">bn:00054996n</annotation>
		<annotation source="MCS" anchor="coulera" bfScore="--" coherenceScore="--">bn:00085894v</annotation>
		<annotation source="MCS" anchor="collines" bfScore="--" coherenceScore="--">bn:00044141n</annotation>
		<annotation source="MCS" anchor="aura" bfScore="--" coherenceScore="--">bn:00088733v</annotation>
		<annotation source="BABELFY" anchor="eau" bfScore="0.9191018734804787" coherenceScore="0.622568093385214">bn:00042379n</annotation>
		<annotation source="MCS" anchor="source" bfScore="--" coherenceScore="--">bn:00040284n</annotation>
		<annotation source="MCS" anchor="sortira" bfScore="--" coherenceScore="--">bn:00087845v</annotation>
		<annotation source="MCS" anchor="aussi" bfScore="--" coherenceScore="--">bn:00114246r</annotation>
		<annotation source="MCS" anchor="maison" bfScore="--" coherenceScore="--">bn:00044994n</annotation>
		<annotation source="MCS" anchor="arrosera" bfScore="--" coherenceScore="--">bn:00085692v</annotation>
		<annotation source="BABELFY" anchor="Égypte" bfScore="0.9449593789268074" coherenceScore="0.5875486381322957">bn:00005255n</annotation>
		<annotation source="MCS" anchor="dévastée" bfScore="--" coherenceScore="--">bn:00086699v</annotation>
		<annotation source="BABELFY" anchor="Édom" bfScore="1.0" coherenceScore="0.20233463035019456">bn:01432049n</annotation>
		<annotation source="MCS" anchor="réduit" bfScore="--" coherenceScore="--">bn:00084079v</annotation>
		<annotation source="BABELFY" anchor="désert" bfScore="0.8708393632416788" coherenceScore="0.3229571984435798">bn:00026519n</annotation>
		<annotation source="MCS" anchor="cause" bfScore="--" coherenceScore="--">bn:00015051n</annotation>
		<annotation source="BABELFY" anchor="violences" bfScore="0.9404421876652914" coherenceScore="0.2723735408560311">bn:00035772n</annotation>
		<annotation source="MCS" anchor="répandu" bfScore="--" coherenceScore="--">bn:00084119v</annotation>
		<annotation source="BABELFY" anchor="sang" bfScore="0.718885954008701" coherenceScore="0.36186770428015563">bn:00011346n</annotation>
		<annotation source="MCS" anchor="innocent" bfScore="--" coherenceScore="--">bn:00099796a</annotation>
		<annotation source="MCS" anchor="toujours" bfScore="--" coherenceScore="--">bn:00114251r</annotation>
		<annotation source="MCS" anchor="habité" bfScore="--" coherenceScore="--">bn:00087441v</annotation>
		<annotation source="MCS" anchor="génération" bfScore="--" coherenceScore="--">bn:00020407n</annotation>
		<annotation source="BABELFY" anchor="vengerai" bfScore="1.0" coherenceScore="0.1517509727626459">bn:00082950v</annotation>
		<annotation source="MCS" anchor="ai" bfScore="--" coherenceScore="--">bn:00088733v</annotation>
		<annotation source="BABELFY" anchor="encore" bfScore="0.761624340571709" coherenceScore="0.2490272373540856">bn:00114171r</annotation>
		<annotation source="BABELFY" anchor="vengé" bfScore="1.0" coherenceScore="0.1517509727626459">bn:00082950v</annotation>
		<annotation source="MCS" anchor="résidera" bfScore="--" coherenceScore="--">bn:00087617v</annotation>
	</annotations>
</paragraph>
</dataset>
