<?xml version="1.0" encoding="utf-8"?>
<dataset language="FR" title="JON">
<paragraph id="p.1">
	<text>
		La parole de l ` Éternel fut adressée à Jonas , fils d ` Amitthaï , en ces mots :
		Lève - toi , va à Ninive , la grande ville , et crie contre elle ! car sa méchanceté est montée jusqu ` à moi .
		Et Jonas se leva pour s ` enfuir à Tarsis , loin de la face de l ` Éternel . Il descendit à Japho , et il trouva un navire qui allait à Tarsis ; il paya le prix du transport , et s ` embarqua pour aller avec les passagers à Tarsis , loin de la face de l ` Éternel .
		Mais l ` Éternel fit souffler sur la mer un vent impétueux , et il s ` éleva sur la mer une grande tempête . Le navire menaçait de faire naufrage .
		Les mariniers eurent peur , ils implorèrent chacun leur dieu , et ils jetèrent dans la mer les objets qui étaient sur le navire , afin de le rendre plus léger . Jonas descendit au fond du navire , se coucha , et s ` endormit profondément .
		Le pilote s ` approcha de lui , et lui dit : Pourquoi dors - tu ? Lève - toi , invoque ton Dieu ! peut - être voudra - t - il penser à nous , et nous ne périrons pas .
		Et il se rendirent l ` un à l ` autre : Venez , et tirons au sort , pour savoir qui nous attire ce malheur . Ils tirèrent au sort , et le sort tomba sur Jonas .
		Alors ils lui dirent : Dis - nous qui nous attire ce malheur . Quelles sont tes affaires , et d ` où viens - tu ? Quel est ton pays , et de quel peuple es - tu ?
		Il leur répondit : Je suis Hébreu , et je crains l ` Éternel , le Dieu des cieux , qui a fait la mer et la terre .
		Ces hommes eurent une grande frayeur , et ils lui dirent : Pourquoi as - tu fait cela ? Car ces hommes savaient qu ` il fuyait loin de la face de l ` Éternel , parce qu ` il le leur avait déclaré .
		Ils lui dirent : Que te ferons - nous , pour que la mer se calme envers nous ? Car la mer était de plus en plus orageuse .
		Il leur répondit : Prenez - moi , et jetez - moi dans la mer , et la mer se calmera envers vous ; car je sais que c ` est moi qui attire sur vous cette grande tempête .
		Ces hommes ramaient pour gagner la terre , mais ils ne le purent , parce que la mer s ` agitait toujours plus contre eux .
		Alors ils invoquèrent l ` Éternel , et dirent : O Éternel , ne nous fais pas périr à cause de la vie de cet homme , et ne nous charge pas du sang innocent ! Car toi , Éternel , tu fais ce que tu veux .
		Puis ils prirent Jonas , et le jetèrent dans la mer . Et la fureur de la mer s ` apaisa .
		Ces hommes furent saisis d ` une grande crainte de l ` Éternel , et ils offrirent un sacrifice à l ` Éternel , et firent des voeux .
		( 2 : 1 ) L ` Éternel fit venir un grand poisson pour engloutir Jonas , et Jonas fut dans le ventre du poisson trois jours et trois nuits .
	</text>
	<annotations>
		<annotation source="BABELFY" anchor="parole" bfScore="0.7003304122970837" coherenceScore="0.35545023696682465">bn:00049911n</annotation>
		<annotation source="MCS" anchor="Éternel" bfScore="--" coherenceScore="--">bn:00032037n</annotation>
		<annotation source="MCS" anchor="fut" bfScore="--" coherenceScore="--">bn:00083187v</annotation>
		<annotation source="MCS" anchor="adressée" bfScore="--" coherenceScore="--">bn:00082493v</annotation>
		<annotation source="BABELFY" anchor="mots" bfScore="0.7725746268656717" coherenceScore="0.4786729857819905">bn:00081546n</annotation>
		<annotation source="MCS" anchor="Lève" bfScore="--" coherenceScore="--">bn:00084110v</annotation>
		<annotation source="MCS" anchor="va" bfScore="--" coherenceScore="--">bn:00093013v</annotation>
		<annotation source="BABELFY" anchor="Ninive" bfScore="0.941320293398533" coherenceScore="0.16587677725118483">bn:00057739n</annotation>
		<annotation source="MCS" anchor="grande" bfScore="--" coherenceScore="--">bn:00111630a</annotation>
		<annotation source="BABELFY" anchor="grande ville" bfScore="0.9776901669758813" coherenceScore="0.5071090047393365">bn:03335997n</annotation>
		<annotation source="MCS" anchor="ville" bfScore="--" coherenceScore="--">bn:00077773n</annotation>
		<annotation source="MCS" anchor="crie" bfScore="--" coherenceScore="--">bn:00093676v</annotation>
		<annotation source="MCS" anchor="méchanceté" bfScore="--" coherenceScore="--">bn:00013515n</annotation>
		<annotation source="MCS" anchor="est" bfScore="--" coherenceScore="--">bn:00083187v</annotation>
		<annotation source="BABELFY" anchor="montée" bfScore="0.7173553719008264" coherenceScore="0.23222748815165878">bn:00082809v</annotation>
		<annotation source="MCS" anchor="leva" bfScore="--" coherenceScore="--">bn:00084110v</annotation>
		<annotation source="BABELFY" anchor="Tarsis" bfScore="1.0" coherenceScore="0.13270142180094788">bn:03550818n</annotation>
		<annotation source="MCS" anchor="loin" bfScore="--" coherenceScore="--">bn:00115323r</annotation>
		<annotation source="MCS" anchor="descendit" bfScore="--" coherenceScore="--">bn:00085356v</annotation>
		<annotation source="MCS" anchor="trouva" bfScore="--" coherenceScore="--">bn:00084231v</annotation>
		<annotation source="MCS" anchor="navire" bfScore="--" coherenceScore="--">bn:00071103n</annotation>
		<annotation source="MCS" anchor="allait" bfScore="--" coherenceScore="--">bn:00087905v</annotation>
		<annotation source="BABELFY" anchor="paya" bfScore="0.8210213187902826" coherenceScore="0.17061611374407584">bn:00085465v</annotation>
		<annotation source="MCS" anchor="prix" bfScore="--" coherenceScore="--">bn:00025083n</annotation>
		<annotation source="MCS" anchor="transport" bfScore="--" coherenceScore="--">bn:00078004n</annotation>
		<annotation source="MCS" anchor="embarqua" bfScore="--" coherenceScore="--">bn:00087551v</annotation>
		<annotation source="MCS" anchor="aller" bfScore="--" coherenceScore="--">bn:00087905v</annotation>
		<annotation source="BABELFY" anchor="aller avec" bfScore="1.0" coherenceScore="0.26540284360189575">bn:00082221v</annotation>
		<annotation source="BABELFY" anchor="passagers" bfScore="0.9156976744186046" coherenceScore="0.13270142180094788">bn:00060894n</annotation>
		<annotation source="MCS" anchor="fit" bfScore="--" coherenceScore="--">bn:00087107v</annotation>
		<annotation source="MCS" anchor="souffler" bfScore="--" coherenceScore="--">bn:00083195v</annotation>
		<annotation source="BABELFY" anchor="mer" bfScore="0.9469302809573361" coherenceScore="0.5639810426540285">bn:00069946n</annotation>
		<annotation source="BABELFY" anchor="vent" bfScore="0.8125646571992853" coherenceScore="0.2843601895734597">bn:00002216n</annotation>
		<annotation source="BABELFY" anchor="impétueux" bfScore="0.972972972972973" coherenceScore="0.02843601895734597">bn:00104666a</annotation>
		<annotation source="MCS" anchor="éleva" bfScore="--" coherenceScore="--">bn:00084108v</annotation>
		<annotation source="MCS" anchor="tempête" bfScore="--" coherenceScore="--">bn:00074458n</annotation>
		<annotation source="MCS" anchor="menaçait" bfScore="--" coherenceScore="--">bn:00087612v</annotation>
		<annotation source="MCS" anchor="faire" bfScore="--" coherenceScore="--">bn:00087107v</annotation>
		<annotation source="MCS" anchor="naufrage" bfScore="--" coherenceScore="--">bn:00036070n</annotation>
		<annotation source="MCS" anchor="mariniers" bfScore="--" coherenceScore="--">bn:00008578n</annotation>
		<annotation source="MCS" anchor="eurent" bfScore="--" coherenceScore="--">bn:00088733v</annotation>
		<annotation source="MCS" anchor="peur" bfScore="--" coherenceScore="--">bn:00033854n</annotation>
		<annotation source="MCS" anchor="implorèrent" bfScore="--" coherenceScore="--">bn:00082355v</annotation>
		<annotation source="BABELFY" anchor="dieu" bfScore="0.7820773492550158" coherenceScore="0.7725118483412322">bn:00040878n</annotation>
		<annotation source="MCS" anchor="jetèrent" bfScore="--" coherenceScore="--">bn:00094934v</annotation>
		<annotation source="MCS" anchor="objets" bfScore="--" coherenceScore="--">bn:00058442n</annotation>
		<annotation source="MCS" anchor="étaient" bfScore="--" coherenceScore="--">bn:00083187v</annotation>
		<annotation source="MCS" anchor="rendre" bfScore="--" coherenceScore="--">bn:00092791v</annotation>
		<annotation source="MCS" anchor="plus" bfScore="--" coherenceScore="--">bn:00115880r</annotation>
		<annotation source="MCS" anchor="léger" bfScore="--" coherenceScore="--">bn:00105937a</annotation>
		<annotation source="MCS" anchor="fond" bfScore="--" coherenceScore="--">bn:00012365n</annotation>
		<annotation source="MCS" anchor="coucha" bfScore="--" coherenceScore="--">bn:00090225v</annotation>
		<annotation source="BABELFY" anchor="endormit" bfScore="1.0" coherenceScore="0.16587677725118483">bn:00092225v</annotation>
		<annotation source="BABELFY" anchor="profondément" bfScore="0.892128279883382" coherenceScore="0.08056872037914692">bn:00115981r</annotation>
		<annotation source="MCS" anchor="pilote" bfScore="--" coherenceScore="--">bn:00002306n</annotation>
		<annotation source="MCS" anchor="approcha" bfScore="--" coherenceScore="--">bn:00082732v</annotation>
		<annotation source="MCS" anchor="dit" bfScore="--" coherenceScore="--">bn:00093287v</annotation>
		<annotation source="BABELFY" anchor="Pourquoi" bfScore="1.0" coherenceScore="0.014218009478672985">bn:00114822r</annotation>
		<annotation source="BABELFY" anchor="dors" bfScore="0.974025974025974" coherenceScore="0.04739336492890995">bn:00084684v</annotation>
		<annotation source="MCS" anchor="invoque" bfScore="--" coherenceScore="--">bn:00082770v</annotation>
		<annotation source="BABELFY" anchor="Dieu" bfScore="0.7712305025996534" coherenceScore="0.7725118483412322">bn:00040878n</annotation>
		<annotation source="BABELFY" anchor="peut-être" bfScore="1.0" coherenceScore="0.06635071090047394">bn:00114523r</annotation>
		<annotation source="MCS" anchor="voudra" bfScore="--" coherenceScore="--">bn:00086682v</annotation>
		<annotation source="MCS" anchor="penser" bfScore="--" coherenceScore="--">bn:00084733v</annotation>
		<annotation source="BABELFY" anchor="penser à" bfScore="1.0" coherenceScore="0.02843601895734597">bn:00089804v</annotation>
		<annotation source="MCS" anchor="périrons" bfScore="--" coherenceScore="--">bn:00086783v</annotation>
		<annotation source="MCS" anchor="rendirent" bfScore="--" coherenceScore="--">bn:00092791v</annotation>
		<annotation source="MCS" anchor="autre" bfScore="--" coherenceScore="--">bn:00101268a</annotation>
		<annotation source="MCS" anchor="Venez" bfScore="--" coherenceScore="--">bn:00085322v</annotation>
		<annotation source="MCS" anchor="tirons" bfScore="--" coherenceScore="--">bn:00083567v</annotation>
		<annotation source="MCS" anchor="sort" bfScore="--" coherenceScore="--">bn:03141550n</annotation>
		<annotation source="MCS" anchor="savoir" bfScore="--" coherenceScore="--">bn:00090142v</annotation>
		<annotation source="MCS" anchor="attire" bfScore="--" coherenceScore="--">bn:00082920v</annotation>
		<annotation source="MCS" anchor="malheur" bfScore="--" coherenceScore="--">bn:00075069n</annotation>
		<annotation source="MCS" anchor="tirèrent" bfScore="--" coherenceScore="--">bn:00083567v</annotation>
		<annotation source="MCS" anchor="tomba" bfScore="--" coherenceScore="--">bn:00087364v</annotation>
		<annotation source="MCS" anchor="Alors" bfScore="--" coherenceScore="--">bn:00117250r</annotation>
		<annotation source="MCS" anchor="dirent" bfScore="--" coherenceScore="--">bn:00093287v</annotation>
		<annotation source="MCS" anchor="Dis" bfScore="--" coherenceScore="--">bn:00093287v</annotation>
		<annotation source="MCS" anchor="sont" bfScore="--" coherenceScore="--">bn:00083187v</annotation>
		<annotation source="MCS" anchor="affaires" bfScore="--" coherenceScore="--">bn:00012439n</annotation>
		<annotation source="MCS" anchor="viens" bfScore="--" coherenceScore="--">bn:00085322v</annotation>
		<annotation source="MCS" anchor="pays" bfScore="--" coherenceScore="--">bn:00023235n</annotation>
		<annotation source="MCS" anchor="peuple" bfScore="--" coherenceScore="--">bn:00019283n</annotation>
		<annotation source="MCS" anchor="es" bfScore="--" coherenceScore="--">bn:00083187v</annotation>
		<annotation source="MCS" anchor="répondit" bfScore="--" coherenceScore="--">bn:00082646v</annotation>
		<annotation source="MCS" anchor="Hébreu" bfScore="--" coherenceScore="--">bn:00043491n</annotation>
		<annotation source="MCS" anchor="crains" bfScore="--" coherenceScore="--">bn:00088065v</annotation>
		<annotation source="BABELFY" anchor="cieux" bfScore="1.0" coherenceScore="0.02843601895734597">bn:00808092n</annotation>
		<annotation source="MCS" anchor="fait" bfScore="--" coherenceScore="--">bn:00087107v</annotation>
		<annotation source="MCS" anchor="hommes" bfScore="--" coherenceScore="--">bn:00044576n</annotation>
		<annotation source="MCS" anchor="as" bfScore="--" coherenceScore="--">bn:00088733v</annotation>
		<annotation source="MCS" anchor="savaient" bfScore="--" coherenceScore="--">bn:00090142v</annotation>
		<annotation source="MCS" anchor="fuyait" bfScore="--" coherenceScore="--">bn:00088291v</annotation>
		<annotation source="MCS" anchor="avait" bfScore="--" coherenceScore="--">bn:00088733v</annotation>
		<annotation source="MCS" anchor="déclaré" bfScore="--" coherenceScore="--">bn:00082638v</annotation>
		<annotation source="MCS" anchor="ferons" bfScore="--" coherenceScore="--">bn:00087107v</annotation>
		<annotation source="MCS" anchor="calme" bfScore="--" coherenceScore="--">bn:00082530v</annotation>
		<annotation source="MCS" anchor="était" bfScore="--" coherenceScore="--">bn:00083187v</annotation>
		<annotation source="MCS" anchor="Prenez" bfScore="--" coherenceScore="--">bn:00088762v</annotation>
		<annotation source="MCS" anchor="jetez" bfScore="--" coherenceScore="--">bn:00094934v</annotation>
		<annotation source="MCS" anchor="calmera" bfScore="--" coherenceScore="--">bn:00082530v</annotation>
		<annotation source="MCS" anchor="sais" bfScore="--" coherenceScore="--">bn:00090142v</annotation>
		<annotation source="BABELFY" anchor="ramaient" bfScore="1.0" coherenceScore="0.07582938388625593">bn:00093143v</annotation>
		<annotation source="MCS" anchor="gagner" bfScore="--" coherenceScore="--">bn:00084089v</annotation>
		<annotation source="MCS" anchor="purent" bfScore="--" coherenceScore="--">bn:13601970v</annotation>
		<annotation source="MCS" anchor="agitait" bfScore="--" coherenceScore="--">bn:00082470v</annotation>
		<annotation source="MCS" anchor="toujours" bfScore="--" coherenceScore="--">bn:00114251r</annotation>
		<annotation source="MCS" anchor="invoquèrent" bfScore="--" coherenceScore="--">bn:00082770v</annotation>
		<annotation source="MCS" anchor="fais" bfScore="--" coherenceScore="--">bn:00087107v</annotation>
		<annotation source="MCS" anchor="périr" bfScore="--" coherenceScore="--">bn:00086783v</annotation>
		<annotation source="MCS" anchor="cause" bfScore="--" coherenceScore="--">bn:00015051n</annotation>
		<annotation source="BABELFY" anchor="vie" bfScore="0.7862734584450403" coherenceScore="0.3696682464454976">bn:00051054n</annotation>
		<annotation source="MCS" anchor="homme" bfScore="--" coherenceScore="--">bn:00044576n</annotation>
		<annotation source="MCS" anchor="charge" bfScore="--" coherenceScore="--">bn:00090165v</annotation>
		<annotation source="BABELFY" anchor="sang" bfScore="0.7018633540372671" coherenceScore="0.27014218009478674">bn:00011346n</annotation>
		<annotation source="MCS" anchor="innocent" bfScore="--" coherenceScore="--">bn:00099796a</annotation>
		<annotation source="MCS" anchor="veux" bfScore="--" coherenceScore="--">bn:00086682v</annotation>
		<annotation source="MCS" anchor="Puis" bfScore="--" coherenceScore="--">bn:00114281r</annotation>
		<annotation source="MCS" anchor="prirent" bfScore="--" coherenceScore="--">bn:00088762v</annotation>
		<annotation source="MCS" anchor="fureur" bfScore="--" coherenceScore="--">bn:00013515n</annotation>
		<annotation source="MCS" anchor="apaisa" bfScore="--" coherenceScore="--">bn:00082525v</annotation>
		<annotation source="MCS" anchor="furent" bfScore="--" coherenceScore="--">bn:00083187v</annotation>
		<annotation source="MCS" anchor="saisis" bfScore="--" coherenceScore="--">bn:00085207v</annotation>
		<annotation source="MCS" anchor="crainte" bfScore="--" coherenceScore="--">bn:00007503n</annotation>
		<annotation source="MCS" anchor="offrirent" bfScore="--" coherenceScore="--">bn:00091136v</annotation>
		<annotation source="BABELFY" anchor="sacrifice" bfScore="0.8507877664504171" coherenceScore="0.2132701421800948">bn:00067941n</annotation>
		<annotation source="MCS" anchor="firent" bfScore="--" coherenceScore="--">bn:00087107v</annotation>
		<annotation source="BABELFY" anchor="voeux" bfScore="0.9915254237288136" coherenceScore="0.12796208530805686">bn:00080266n</annotation>
		<annotation source="MCS" anchor="venir" bfScore="--" coherenceScore="--">bn:00085322v</annotation>
		<annotation source="MCS" anchor="grand" bfScore="--" coherenceScore="--">bn:00111630a</annotation>
		<annotation source="BABELFY" anchor="poisson" bfScore="0.7942889348111967" coherenceScore="0.3981042654028436">bn:00062612n</annotation>
		<annotation source="MCS" anchor="engloutir" bfScore="--" coherenceScore="--">bn:00084300v</annotation>
		<annotation source="MCS" anchor="ventre" bfScore="--" coherenceScore="--">bn:00054843n</annotation>
		<annotation source="MCS" anchor="jours" bfScore="--" coherenceScore="--">bn:00000086n</annotation>
		<annotation source="MCS" anchor="nuits" bfScore="--" coherenceScore="--">bn:00025236n</annotation>
	</annotations>
</paragraph>
<paragraph id="p.2">
	<text>
		( 2 : 2 ) Jonas , dans le ventre du poisson , pria l ` Éternel , son Dieu .
		( 2 : 3 ) Il dit : Dans ma détresse , j ` ai invoqué l ` Éternel , Et il m ` a exaucé ; Du sein du séjour des morts j ` ai crié , Et tu as entendu ma voix .
		( 2 : 4 ) Tu m ` as jeté dans l ` abîme , dans le coeur de la mer , Et les courants d ` eau m ` ont environné ; Toutes tes vagues et tous tes flots ont passé sur moi .
		( 2 : 5 ) Je disais : Je suis chassé loin de ton regard ! Mais je verrai encore ton saint temple .
		( 2 : 6 ) Les eaux m ` ont couvert jusqu ` à m ` ôter la vie , L ` abîme m ` a enveloppé , Les roseaux ont entouré ma tête .
		( 2 : 7 ) Je suis descendu jusqu ` aux racines des montagnes , Les barres de la terre m ` enfermaient pour toujours ; Mais tu m ` as fait remonter vivant de la fosse , Éternel , mon Dieu !
		( 2 : 8 ) Quand mon âme était abattue au dedans de moi , Je me suis souvenu de l ` Éternel , Et ma prière est parvenue jusqu ` à toi , Dans ton saint temple .
		( 2 : 9 ) Ceux qui s ` attachent à de vaines idoles Éloignent d ` eux la miséricorde .
		( 2 : 10 ) Pour moi , je t ` offrirai des sacrifices avec un cri d ` actions de grâces , J ` accomplirai les voeux que j ` ai faits : Le salut vient de l ` Éternel .
		( 2 : 11 ) L ` Éternel parla au poisson , et le poisson vomit Jonas sur la terre .
	</text>
	<annotations>
		<annotation source="MCS" anchor="ventre" bfScore="--" coherenceScore="--">bn:00054843n</annotation>
		<annotation source="BABELFY" anchor="poisson" bfScore="0.860865624291865" coherenceScore="0.5858585858585859">bn:00062612n</annotation>
		<annotation source="MCS" anchor="pria" bfScore="--" coherenceScore="--">bn:00091921v</annotation>
		<annotation source="MCS" anchor="Éternel" bfScore="--" coherenceScore="--">bn:00032037n</annotation>
		<annotation source="BABELFY" anchor="Dieu" bfScore="0.7391018946740265" coherenceScore="0.696969696969697">bn:00040878n</annotation>
		<annotation source="MCS" anchor="dit" bfScore="--" coherenceScore="--">bn:00093287v</annotation>
		<annotation source="MCS" anchor="détresse" bfScore="--" coherenceScore="--">bn:00027789n</annotation>
		<annotation source="MCS" anchor="ai" bfScore="--" coherenceScore="--">bn:00088733v</annotation>
		<annotation source="MCS" anchor="invoqué" bfScore="--" coherenceScore="--">bn:00082770v</annotation>
		<annotation source="BABELFY" anchor="exaucé" bfScore="0.9833641404805915" coherenceScore="0.2828282828282828">bn:00082225v</annotation>
		<annotation source="MCS" anchor="sein" bfScore="--" coherenceScore="--">bn:00012047n</annotation>
		<annotation source="MCS" anchor="séjour" bfScore="--" coherenceScore="--">bn:00072662n</annotation>
		<annotation source="BABELFY" anchor="séjour des morts" bfScore="1.0" coherenceScore="0.20202020202020202">bn:00042442n</annotation>
		<annotation source="MCS" anchor="morts" bfScore="--" coherenceScore="--">bn:00100948a</annotation>
		<annotation source="MCS" anchor="crié" bfScore="--" coherenceScore="--">bn:00093676v</annotation>
		<annotation source="MCS" anchor="as" bfScore="--" coherenceScore="--">bn:00088733v</annotation>
		<annotation source="MCS" anchor="entendu" bfScore="--" coherenceScore="--">bn:00089277v</annotation>
		<annotation source="MCS" anchor="voix" bfScore="--" coherenceScore="--">bn:00062019n</annotation>
		<annotation source="MCS" anchor="jeté" bfScore="--" coherenceScore="--">bn:00094934v</annotation>
		<annotation source="MCS" anchor="abîme" bfScore="--" coherenceScore="--">bn:00000534n</annotation>
		<annotation source="MCS" anchor="coeur" bfScore="--" coherenceScore="--">bn:00043383n</annotation>
		<annotation source="BABELFY" anchor="mer" bfScore="0.9781275551921504" coherenceScore="0.5555555555555556">bn:00069946n</annotation>
		<annotation source="MCS" anchor="courants" bfScore="--" coherenceScore="--">bn:00024510n</annotation>
		<annotation source="BABELFY" anchor="eau" bfScore="0.8688361131254533" coherenceScore="0.7171717171717171">bn:00042379n</annotation>
		<annotation source="MCS" anchor="ont" bfScore="--" coherenceScore="--">bn:00088733v</annotation>
		<annotation source="MCS" anchor="vagues" bfScore="--" coherenceScore="--">bn:00056171n</annotation>
		<annotation source="MCS" anchor="flots" bfScore="--" coherenceScore="--">bn:00010446n</annotation>
		<annotation source="MCS" anchor="passé" bfScore="--" coherenceScore="--">bn:00091458v</annotation>
		<annotation source="MCS" anchor="disais" bfScore="--" coherenceScore="--">bn:00093287v</annotation>
		<annotation source="MCS" anchor="chassé" bfScore="--" coherenceScore="--">bn:00084834v</annotation>
		<annotation source="MCS" anchor="loin" bfScore="--" coherenceScore="--">bn:00115323r</annotation>
		<annotation source="MCS" anchor="regard" bfScore="--" coherenceScore="--">bn:00053198n</annotation>
		<annotation source="MCS" anchor="verrai" bfScore="--" coherenceScore="--">bn:00093430v</annotation>
		<annotation source="MCS" anchor="encore" bfScore="--" coherenceScore="--">bn:00114369r</annotation>
		<annotation source="MCS" anchor="saint" bfScore="--" coherenceScore="--">bn:00110031a</annotation>
		<annotation source="MCS" anchor="temple" bfScore="--" coherenceScore="--">bn:00076465n</annotation>
		<annotation source="BABELFY" anchor="eaux" bfScore="0.8644037112468884" coherenceScore="0.7171717171717171">bn:00042379n</annotation>
		<annotation source="MCS" anchor="couvert" bfScore="--" coherenceScore="--">bn:00085904v</annotation>
		<annotation source="MCS" anchor="ôter" bfScore="--" coherenceScore="--">bn:00086944v</annotation>
		<annotation source="MCS" anchor="vie" bfScore="--" coherenceScore="--">bn:00002761n</annotation>
		<annotation source="BABELFY" anchor="abîme" bfScore="0.9259259259259259" coherenceScore="0.050505050505050504">bn:00083592v</annotation>
		<annotation source="BABELFY" anchor="enveloppé" bfScore="0.7096774193548387" coherenceScore="0.04040404040404041">bn:00087593v</annotation>
		<annotation source="MCS" anchor="entouré" bfScore="--" coherenceScore="--">bn:00083797v</annotation>
		<annotation source="MCS" anchor="tête" bfScore="--" coherenceScore="--">bn:00015784n</annotation>
		<annotation source="MCS" anchor="descendu" bfScore="--" coherenceScore="--">bn:00085356v</annotation>
		<annotation source="MCS" anchor="racines" bfScore="--" coherenceScore="--">bn:00068246n</annotation>
		<annotation source="BABELFY" anchor="montagnes" bfScore="0.8527183600713012" coherenceScore="0.43434343434343436">bn:00056068n</annotation>
		<annotation source="MCS" anchor="barres" bfScore="--" coherenceScore="--">bn:00008733n</annotation>
		<annotation source="BABELFY" anchor="enfermaient" bfScore="0.8290155440414507" coherenceScore="0.16161616161616163">bn:00090430v</annotation>
		<annotation source="MCS" anchor="toujours" bfScore="--" coherenceScore="--">bn:00114251r</annotation>
		<annotation source="MCS" anchor="fait" bfScore="--" coherenceScore="--">bn:00087107v</annotation>
		<annotation source="BABELFY" anchor="remonter" bfScore="0.8" coherenceScore="0.04040404040404041">bn:00082990v</annotation>
		<annotation source="MCS" anchor="fosse" bfScore="--" coherenceScore="--">bn:01636713n</annotation>
		<annotation source="MCS" anchor="âme" bfScore="--" coherenceScore="--">bn:00065006n</annotation>
		<annotation source="MCS" anchor="était" bfScore="--" coherenceScore="--">bn:00083187v</annotation>
		<annotation source="MCS" anchor="abattue" bfScore="--" coherenceScore="--">bn:00084318v</annotation>
		<annotation source="MCS" anchor="souvenu" bfScore="--" coherenceScore="--">bn:00084413v</annotation>
		<annotation source="BABELFY" anchor="prière" bfScore="0.7321020958705126" coherenceScore="0.36363636363636365">bn:00059529n</annotation>
		<annotation source="MCS" anchor="est" bfScore="--" coherenceScore="--">bn:00083187v</annotation>
		<annotation source="MCS" anchor="parvenue" bfScore="--" coherenceScore="--">bn:00082226v</annotation>
		<annotation source="MCS" anchor="attachent" bfScore="--" coherenceScore="--">bn:00083424v</annotation>
		<annotation source="BABELFY" anchor="vaines" bfScore="0.9630177514792899" coherenceScore="0.21212121212121213">bn:00100184a</annotation>
		<annotation source="MCS" anchor="idoles" bfScore="--" coherenceScore="--">bn:03084163n</annotation>
		<annotation source="MCS" anchor="miséricorde" bfScore="--" coherenceScore="--">bn:00307854n</annotation>
		<annotation source="MCS" anchor="offrirai" bfScore="--" coherenceScore="--">bn:00091136v</annotation>
		<annotation source="BABELFY" anchor="sacrifices" bfScore="0.8540925266903915" coherenceScore="0.36363636363636365">bn:00067941n</annotation>
		<annotation source="MCS" anchor="cri" bfScore="--" coherenceScore="--">bn:00069841n</annotation>
		<annotation source="MCS" anchor="actions" bfScore="--" coherenceScore="--">bn:00001130n</annotation>
		<annotation source="BABELFY" anchor="actions de grâces" bfScore="1.0" coherenceScore="0.09090909090909091">bn:05015173n</annotation>
		<annotation source="MCS" anchor="grâces" bfScore="--" coherenceScore="--">bn:00041227n</annotation>
		<annotation source="MCS" anchor="accomplirai" bfScore="--" coherenceScore="--">bn:00082225v</annotation>
		<annotation source="BABELFY" anchor="voeux" bfScore="1.0" coherenceScore="0.12121212121212122">bn:00080266n</annotation>
		<annotation source="MCS" anchor="faits" bfScore="--" coherenceScore="--">bn:00087107v</annotation>
		<annotation source="MCS" anchor="salut" bfScore="--" coherenceScore="--">bn:00066712n</annotation>
		<annotation source="MCS" anchor="vient" bfScore="--" coherenceScore="--">bn:00085322v</annotation>
		<annotation source="MCS" anchor="parla" bfScore="--" coherenceScore="--">bn:00094090v</annotation>
		<annotation source="MCS" anchor="vomit" bfScore="--" coherenceScore="--">bn:00083115v</annotation>
	</annotations>
</paragraph>
<paragraph id="p.3">
	<text>
		La parole de l ` Éternel fut adressée à Jonas une seconde fois , en ces mots :
		Lève - toi , va à Ninive , la grande ville , et proclames - y la publication que je t ` ordonne !
		Et Jonas se leva , et alla à Ninive , selon la parole de l ` Éternel . Or Ninive était une très grande ville , de trois jours de marche .
		Jonas fit d ` abord dans la ville une journée de marche ; il criait et disait : Encore quarante jours , et Ninive est détruite !
		Les gens de Ninive crurent à Dieu , ils publièrent un jeûne , et se revêtirent de sacs , depuis les plus grands jusqu ` aux plus petits .
		La chose parvint au roi de Ninive ; il se leva de son trône , ôta son manteau , se couvrit d ` un sac , et s ` assit sur la cendre .
		Et il fit faire dans Ninive cette publication , par ordre du roi et de ses grands ; Que les hommes et les bête , les boeufs et les brebis , ne goûtent de rien , ne paissent point , et ne boivent point d ` eau !
		Que les hommes et les bêtes soient couverts de sacs , qu ` ils crient à Dieu avec force , et qu ` ils reviennent tous de leur mauvaise voie et des actes de violence dont leurs mains sont coupables !
		Qui sait si Dieu ne reviendra pas et ne se repentira pas , et s ` il ne renoncera pas à son ardente colère , en sorte que nous ne périssions point ?
		Dieu vit qu ` ils agissaient ainsi et qu ` ils revenaient de leur mauvaise voie . Alors Dieu se repentit du mal qu ` il avait résolu de leur faire , et il ne le fit pas .
	</text>
	<annotations>
		<annotation source="BABELFY" anchor="parole" bfScore="0.764321608040201" coherenceScore="0.30952380952380953">bn:00049911n</annotation>
		<annotation source="MCS" anchor="Éternel" bfScore="--" coherenceScore="--">bn:00032037n</annotation>
		<annotation source="MCS" anchor="fut" bfScore="--" coherenceScore="--">bn:00083187v</annotation>
		<annotation source="MCS" anchor="adressée" bfScore="--" coherenceScore="--">bn:00082493v</annotation>
		<annotation source="BABELFY" anchor="fois" bfScore="0.7012987012987013" coherenceScore="0.19047619047619047">bn:00022145n</annotation>
		<annotation source="BABELFY" anchor="mots" bfScore="0.8369268144549044" coherenceScore="0.4126984126984127">bn:00081546n</annotation>
		<annotation source="MCS" anchor="Lève" bfScore="--" coherenceScore="--">bn:00084110v</annotation>
		<annotation source="MCS" anchor="va" bfScore="--" coherenceScore="--">bn:00093013v</annotation>
		<annotation source="BABELFY" anchor="Ninive" bfScore="0.920728126834997" coherenceScore="0.2222222222222222">bn:00057739n</annotation>
		<annotation source="MCS" anchor="grande" bfScore="--" coherenceScore="--">bn:00111630a</annotation>
		<annotation source="BABELFY" anchor="grande ville" bfScore="0.9017467248908297" coherenceScore="0.46825396825396826">bn:03335997n</annotation>
		<annotation source="MCS" anchor="ville" bfScore="--" coherenceScore="--">bn:00077773n</annotation>
		<annotation source="MCS" anchor="publication" bfScore="--" coherenceScore="--">bn:00047693n</annotation>
		<annotation source="BABELFY" anchor="ordonne" bfScore="0.9966777408637874" coherenceScore="0.11904761904761904">bn:00086778v</annotation>
		<annotation source="MCS" anchor="leva" bfScore="--" coherenceScore="--">bn:00084110v</annotation>
		<annotation source="MCS" anchor="alla" bfScore="--" coherenceScore="--">bn:00087905v</annotation>
		<annotation source="MCS" anchor="Or" bfScore="--" coherenceScore="--">bn:00040921n</annotation>
		<annotation source="MCS" anchor="était" bfScore="--" coherenceScore="--">bn:00083187v</annotation>
		<annotation source="MCS" anchor="très" bfScore="--" coherenceScore="--">bn:00116789r</annotation>
		<annotation source="MCS" anchor="jours" bfScore="--" coherenceScore="--">bn:00000086n</annotation>
		<annotation source="MCS" anchor="fit" bfScore="--" coherenceScore="--">bn:00087107v</annotation>
		<annotation source="MCS" anchor="abord" bfScore="--" coherenceScore="--">bn:00000676n</annotation>
		<annotation source="MCS" anchor="journée" bfScore="--" coherenceScore="--">bn:00025420n</annotation>
		<annotation source="MCS" anchor="criait" bfScore="--" coherenceScore="--">bn:00093676v</annotation>
		<annotation source="MCS" anchor="disait" bfScore="--" coherenceScore="--">bn:00093287v</annotation>
		<annotation source="MCS" anchor="Encore" bfScore="--" coherenceScore="--">bn:00114369r</annotation>
		<annotation source="MCS" anchor="est" bfScore="--" coherenceScore="--">bn:00083187v</annotation>
		<annotation source="MCS" anchor="détruite" bfScore="--" coherenceScore="--">bn:00086699v</annotation>
		<annotation source="MCS" anchor="gens" bfScore="--" coherenceScore="--">bn:00037747n</annotation>
		<annotation source="MCS" anchor="crurent" bfScore="--" coherenceScore="--">bn:00083369v</annotation>
		<annotation source="BABELFY" anchor="Dieu" bfScore="0.8551800042604558" coherenceScore="0.7380952380952381">bn:00040878n</annotation>
		<annotation source="MCS" anchor="publièrent" bfScore="--" coherenceScore="--">bn:00084099v</annotation>
		<annotation source="BABELFY" anchor="jeûne" bfScore="1.0" coherenceScore="0.23015873015873015">bn:00033737n</annotation>
		<annotation source="BABELFY" anchor="revêtirent" bfScore="0.8170212765957446" coherenceScore="0.09523809523809523">bn:00083227v</annotation>
		<annotation source="MCS" anchor="sacs" bfScore="--" coherenceScore="--">bn:00007922n</annotation>
		<annotation source="MCS" anchor="plus" bfScore="--" coherenceScore="--">bn:00115880r</annotation>
		<annotation source="BABELFY" anchor="plus grands" bfScore="0.7377049180327869" coherenceScore="0.09523809523809523">bn:00105743a</annotation>
		<annotation source="MCS" anchor="grands" bfScore="--" coherenceScore="--">bn:00111630a</annotation>
		<annotation source="MCS" anchor="petits" bfScore="--" coherenceScore="--">bn:00106062a</annotation>
		<annotation source="MCS" anchor="chose" bfScore="--" coherenceScore="--">bn:00076925n</annotation>
		<annotation source="MCS" anchor="parvint" bfScore="--" coherenceScore="--">bn:00082226v</annotation>
		<annotation source="MCS" anchor="roi" bfScore="--" coherenceScore="--">bn:00049141n</annotation>
		<annotation source="MCS" anchor="trône" bfScore="--" coherenceScore="--">bn:00077086n</annotation>
		<annotation source="MCS" anchor="ôta" bfScore="--" coherenceScore="--">bn:00086944v</annotation>
		<annotation source="MCS" anchor="manteau" bfScore="--" coherenceScore="--">bn:00020184n</annotation>
		<annotation source="MCS" anchor="couvrit" bfScore="--" coherenceScore="--">bn:00085904v</annotation>
		<annotation source="MCS" anchor="sac" bfScore="--" coherenceScore="--">bn:00007922n</annotation>
		<annotation source="MCS" anchor="assit" bfScore="--" coherenceScore="--">bn:00093776v</annotation>
		<annotation source="MCS" anchor="cendre" bfScore="--" coherenceScore="--">bn:00019121n</annotation>
		<annotation source="MCS" anchor="faire" bfScore="--" coherenceScore="--">bn:00087107v</annotation>
		<annotation source="MCS" anchor="ordre" bfScore="--" coherenceScore="--">bn:00059303n</annotation>
		<annotation source="BABELFY" anchor="ordre du roi" bfScore="1.0" coherenceScore="0.07142857142857142">bn:04788164n</annotation>
		<annotation source="BABELFY" anchor="roi et" bfScore="1.0" coherenceScore="0.03968253968253968">bn:01295616n</annotation>
		<annotation source="MCS" anchor="hommes" bfScore="--" coherenceScore="--">bn:00044576n</annotation>
		<annotation source="BABELFY" anchor="bête" bfScore="0.9437429854096521" coherenceScore="0.7380952380952381">bn:00004222n</annotation>
		<annotation source="MCS" anchor="boeufs" bfScore="--" coherenceScore="--">bn:00009544n</annotation>
		<annotation source="MCS" anchor="brebis" bfScore="--" coherenceScore="--">bn:00032066n</annotation>
		<annotation source="MCS" anchor="goûtent" bfScore="--" coherenceScore="--">bn:00093251v</annotation>
		<annotation source="MCS" anchor="rien" bfScore="--" coherenceScore="--">bn:03261184n</annotation>
		<annotation source="BABELFY" anchor="paissent" bfScore="1.0" coherenceScore="0.031746031746031744">bn:00086061v</annotation>
		<annotation source="MCS" anchor="boivent" bfScore="--" coherenceScore="--">bn:00087321v</annotation>
		<annotation source="BABELFY" anchor="eau" bfScore="0.9449977963860732" coherenceScore="0.5634920634920635">bn:00042379n</annotation>
		<annotation source="MCS" anchor="bêtes" bfScore="--" coherenceScore="--">bn:00009390n</annotation>
		<annotation source="MCS" anchor="soient" bfScore="--" coherenceScore="--">bn:00083187v</annotation>
		<annotation source="MCS" anchor="couverts" bfScore="--" coherenceScore="--">bn:00085904v</annotation>
		<annotation source="MCS" anchor="crient" bfScore="--" coherenceScore="--">bn:00093676v</annotation>
		<annotation source="MCS" anchor="force" bfScore="--" coherenceScore="--">bn:00035768n</annotation>
		<annotation source="MCS" anchor="reviennent" bfScore="--" coherenceScore="--">bn:00092969v</annotation>
		<annotation source="MCS" anchor="mauvaise" bfScore="--" coherenceScore="--">bn:00097966a</annotation>
		<annotation source="MCS" anchor="voie" bfScore="--" coherenceScore="--">bn:00077838n</annotation>
		<annotation source="MCS" anchor="actes" bfScore="--" coherenceScore="--">bn:00001077n</annotation>
		<annotation source="BABELFY" anchor="violence" bfScore="0.9233791748526523" coherenceScore="0.23809523809523808">bn:00035772n</annotation>
		<annotation source="BABELFY" anchor="mains" bfScore="0.7833809070726292" coherenceScore="0.30158730158730157">bn:00042759n</annotation>
		<annotation source="MCS" anchor="sont" bfScore="--" coherenceScore="--">bn:00083187v</annotation>
		<annotation source="BABELFY" anchor="coupables" bfScore="0.8064516129032258" coherenceScore="0.03968253968253968">bn:00098517a</annotation>
		<annotation source="MCS" anchor="sait" bfScore="--" coherenceScore="--">bn:00090142v</annotation>
		<annotation source="BABELFY" anchor="si" bfScore="1.0" coherenceScore="0.07142857142857142">bn:00117043r</annotation>
		<annotation source="MCS" anchor="reviendra" bfScore="--" coherenceScore="--">bn:00092969v</annotation>
		<annotation source="MCS" anchor="repentira" bfScore="--" coherenceScore="--">bn:00082891v</annotation>
		<annotation source="MCS" anchor="renoncera" bfScore="--" coherenceScore="--">bn:00088546v</annotation>
		<annotation source="MCS" anchor="ardente" bfScore="--" coherenceScore="--">bn:00097469a</annotation>
		<annotation source="MCS" anchor="colère" bfScore="--" coherenceScore="--">bn:00004085n</annotation>
		<annotation source="MCS" anchor="sorte" bfScore="--" coherenceScore="--">bn:00035907n</annotation>
		<annotation source="MCS" anchor="périssions" bfScore="--" coherenceScore="--">bn:00086783v</annotation>
		<annotation source="MCS" anchor="vit" bfScore="--" coherenceScore="--">bn:00087617v</annotation>
		<annotation source="MCS" anchor="agissaient" bfScore="--" coherenceScore="--">bn:00082285v</annotation>
		<annotation source="MCS" anchor="ainsi" bfScore="--" coherenceScore="--">bn:00117048r</annotation>
		<annotation source="MCS" anchor="revenaient" bfScore="--" coherenceScore="--">bn:00092969v</annotation>
		<annotation source="MCS" anchor="Alors" bfScore="--" coherenceScore="--">bn:00117250r</annotation>
		<annotation source="MCS" anchor="repentit" bfScore="--" coherenceScore="--">bn:00082891v</annotation>
		<annotation source="MCS" anchor="mal" bfScore="--" coherenceScore="--">bn:00102474a</annotation>
		<annotation source="MCS" anchor="avait" bfScore="--" coherenceScore="--">bn:00088733v</annotation>
		<annotation source="MCS" anchor="résolu" bfScore="--" coherenceScore="--">bn:00088162v</annotation>
	</annotations>
</paragraph>
<paragraph id="p.4">
	<text>
		Cela déplut fort à Jonas , et il fut irrité .
		Il implora l ` Éternel , et il dit : Ah ! Éternel , n ` est - ce pas ce que je disais quand j ` étais encore dans mon pays ? C ` est ce que je voulais prévenir en fuyant à Tarsis . Car je savais que tu es un Dieu compatissant et miséricordieux , lent à la colère et riche en bonté , et qui te repens du mal .
		Maintenant , Éternel , prends - moi donc la vie , car la mort m ` est préférable à la vie .
		L ` Éternel répondit : Fais - tu bien de t ` irriter ?
		Et Jonas sortit de la ville , et s ` assit à l ` orient de la ville , Là il se fit une cabane , et s ` y tint à l ` ombre , jusqu ` à ce qu ` il vît ce qui arriverait dans la ville .
		L ` Éternel Dieu fit croître un ricin , qui s ` éleva au - dessus de Jonas , pour donner de l ` ombre sur sa tête et pour lui ôter son irritation . Jonas éprouva une grande joie à cause de ce ricin .
		Mais le lendemain , à l ` aurore , Dieu fit venir un ver qui piqua le ricin , et le ricin sécha .
		Au lever du soleil , Dieu fit souffler un vent chaud d ` orient , et le soleil frappa la tête de Jonas , au point qu ` il tomba en défaillance . Il demanda la mort , et dit : La mort m ` est préférable à la vie .
		Dieu dit à Jonas : Fais - tu bien de t ` irriter à cause du ricin ? Il répondit : Je fais bien de m ` irriter jusqu ` à la mort .
		Et l ` Éternel dit : Tu as pitié du ricin qui ne t ` a coûté aucune peine et que tu n ` as pas fait croître , qui est né dans une nuit et qui a péri dans une nuit .
		Et moi , je n ` aurais pas pitié de Ninive , la grande ville , dans laquelle se trouvent plus de cent vingt mille hommes qui ne savent pas distinguer leur droite de leur gauche , et des animaux en grand nombre !
	</text>
	<annotations>
		<annotation source="MCS" anchor="fort" bfScore="--" coherenceScore="--">bn:00114243r</annotation>
		<annotation source="MCS" anchor="fut" bfScore="--" coherenceScore="--">bn:00083187v</annotation>
		<annotation source="MCS" anchor="irrité" bfScore="--" coherenceScore="--">bn:00082768v</annotation>
		<annotation source="MCS" anchor="implora" bfScore="--" coherenceScore="--">bn:00082355v</annotation>
		<annotation source="MCS" anchor="Éternel" bfScore="--" coherenceScore="--">bn:00032037n</annotation>
		<annotation source="MCS" anchor="dit" bfScore="--" coherenceScore="--">bn:00093287v</annotation>
		<annotation source="BABELFY" anchor="Éternel" bfScore="0.765625" coherenceScore="0.09032258064516129">bn:00096562a</annotation>
		<annotation source="MCS" anchor="est" bfScore="--" coherenceScore="--">bn:00083187v</annotation>
		<annotation source="MCS" anchor="disais" bfScore="--" coherenceScore="--">bn:00093287v</annotation>
		<annotation source="BABELFY" anchor="quand" bfScore="0.8" coherenceScore="0.012903225806451613">bn:00116442r</annotation>
		<annotation source="MCS" anchor="étais" bfScore="--" coherenceScore="--">bn:00083187v</annotation>
		<annotation source="MCS" anchor="encore" bfScore="--" coherenceScore="--">bn:00114369r</annotation>
		<annotation source="MCS" anchor="pays" bfScore="--" coherenceScore="--">bn:00023235n</annotation>
		<annotation source="MCS" anchor="voulais" bfScore="--" coherenceScore="--">bn:00086682v</annotation>
		<annotation source="MCS" anchor="prévenir" bfScore="--" coherenceScore="--">bn:00082954v</annotation>
		<annotation source="MCS" anchor="fuyant" bfScore="--" coherenceScore="--">bn:00088291v</annotation>
		<annotation source="BABELFY" anchor="Tarsis" bfScore="1.0" coherenceScore="0.11612903225806452">bn:03550818n</annotation>
		<annotation source="MCS" anchor="savais" bfScore="--" coherenceScore="--">bn:00090142v</annotation>
		<annotation source="MCS" anchor="es" bfScore="--" coherenceScore="--">bn:00083187v</annotation>
		<annotation source="BABELFY" anchor="Dieu" bfScore="0.8220394165653759" coherenceScore="0.7806451612903226">bn:00040878n</annotation>
		<annotation source="BABELFY" anchor="compatissant" bfScore="1.0" coherenceScore="0.12258064516129032">bn:00100125a</annotation>
		<annotation source="BABELFY" anchor="miséricordieux" bfScore="1.0" coherenceScore="0.14838709677419354">bn:00106612a</annotation>
		<annotation source="BABELFY" anchor="lent" bfScore="0.8333333333333334" coherenceScore="0.09032258064516129">bn:00110767a</annotation>
		<annotation source="MCS" anchor="colère" bfScore="--" coherenceScore="--">bn:00004085n</annotation>
		<annotation source="MCS" anchor="riche" bfScore="--" coherenceScore="--">bn:00109833a</annotation>
		<annotation source="MCS" anchor="bonté" bfScore="--" coherenceScore="--">bn:00052146n</annotation>
		<annotation source="MCS" anchor="repens" bfScore="--" coherenceScore="--">bn:00082891v</annotation>
		<annotation source="MCS" anchor="mal" bfScore="--" coherenceScore="--">bn:00032048n</annotation>
		<annotation source="MCS" anchor="Maintenant" bfScore="--" coherenceScore="--">bn:00114424r</annotation>
		<annotation source="MCS" anchor="prends" bfScore="--" coherenceScore="--">bn:00088762v</annotation>
		<annotation source="MCS" anchor="donc" bfScore="--" coherenceScore="--">bn:00115635r</annotation>
		<annotation source="MCS" anchor="vie" bfScore="--" coherenceScore="--">bn:00002761n</annotation>
		<annotation source="MCS" anchor="mort" bfScore="--" coherenceScore="--">bn:00025582n</annotation>
		<annotation source="BABELFY" anchor="préférable" bfScore="1.0" coherenceScore="0.03225806451612903">bn:00108938a</annotation>
		<annotation source="MCS" anchor="répondit" bfScore="--" coherenceScore="--">bn:00082646v</annotation>
		<annotation source="MCS" anchor="Fais" bfScore="--" coherenceScore="--">bn:00087107v</annotation>
		<annotation source="MCS" anchor="bien" bfScore="--" coherenceScore="--">bn:00115530r</annotation>
		<annotation source="MCS" anchor="irriter" bfScore="--" coherenceScore="--">bn:00082768v</annotation>
		<annotation source="MCS" anchor="sortit" bfScore="--" coherenceScore="--">bn:00087845v</annotation>
		<annotation source="MCS" anchor="ville" bfScore="--" coherenceScore="--">bn:00077773n</annotation>
		<annotation source="MCS" anchor="assit" bfScore="--" coherenceScore="--">bn:00093776v</annotation>
		<annotation source="MCS" anchor="fit" bfScore="--" coherenceScore="--">bn:00087107v</annotation>
		<annotation source="MCS" anchor="cabane" bfScore="--" coherenceScore="--">bn:00005813n</annotation>
		<annotation source="MCS" anchor="tint" bfScore="--" coherenceScore="--">bn:00089385v</annotation>
		<annotation source="MCS" anchor="ombre" bfScore="--" coherenceScore="--">bn:00070830n</annotation>
		<annotation source="MCS" anchor="vît" bfScore="--" coherenceScore="--">bn:00093430v</annotation>
		<annotation source="MCS" anchor="arriverait" bfScore="--" coherenceScore="--">bn:00083286v</annotation>
		<annotation source="MCS" anchor="croître" bfScore="--" coherenceScore="--">bn:00089082v</annotation>
		<annotation source="MCS" anchor="ricin" bfScore="--" coherenceScore="--">bn:00016574n</annotation>
		<annotation source="MCS" anchor="éleva" bfScore="--" coherenceScore="--">bn:00084108v</annotation>
		<annotation source="MCS" anchor="au-dessus" bfScore="--" coherenceScore="--">bn:00114081r</annotation>
		<annotation source="BABELFY" anchor="au-dessus de" bfScore="1.0" coherenceScore="0.04516129032258064">bn:00114081r</annotation>
		<annotation source="MCS" anchor="donner" bfScore="--" coherenceScore="--">bn:00088815v</annotation>
		<annotation source="MCS" anchor="ombre" bfScore="--" coherenceScore="--">bn:00088186v</annotation>
		<annotation source="MCS" anchor="tête" bfScore="--" coherenceScore="--">bn:00015784n</annotation>
		<annotation source="MCS" anchor="ôter" bfScore="--" coherenceScore="--">bn:00086944v</annotation>
		<annotation source="MCS" anchor="irritation" bfScore="--" coherenceScore="--">bn:00002006n</annotation>
		<annotation source="MCS" anchor="éprouva" bfScore="--" coherenceScore="--">bn:00087864v</annotation>
		<annotation source="MCS" anchor="grande" bfScore="--" coherenceScore="--">bn:00111630a</annotation>
		<annotation source="MCS" anchor="joie" bfScore="--" coherenceScore="--">bn:00048468n</annotation>
		<annotation source="MCS" anchor="cause" bfScore="--" coherenceScore="--">bn:00015051n</annotation>
		<annotation source="MCS" anchor="lendemain" bfScore="--" coherenceScore="--">bn:00001873n</annotation>
		<annotation source="MCS" anchor="aurore" bfScore="--" coherenceScore="--">bn:00007206n</annotation>
		<annotation source="MCS" anchor="venir" bfScore="--" coherenceScore="--">bn:00085322v</annotation>
		<annotation source="BABELFY" anchor="ver" bfScore="0.7757281553398059" coherenceScore="0.3032258064516129">bn:00081635n</annotation>
		<annotation source="MCS" anchor="piqua" bfScore="--" coherenceScore="--">bn:00083518v</annotation>
		<annotation source="BABELFY" anchor="sécha" bfScore="0.9497991967871486" coherenceScore="0.07096774193548387">bn:00087401v</annotation>
		<annotation source="MCS" anchor="lever" bfScore="--" coherenceScore="--">bn:00007205n</annotation>
		<annotation source="MCS" anchor="lever du soleil" bfScore="--" coherenceScore="--">bn:00075218n</annotation>
		<annotation source="BABELFY" anchor="soleil" bfScore="0.8609532645251072" coherenceScore="0.5612903225806452">bn:00075170n</annotation>
		<annotation source="MCS" anchor="souffler" bfScore="--" coherenceScore="--">bn:00083195v</annotation>
		<annotation source="BABELFY" anchor="vent" bfScore="0.8525754884547069" coherenceScore="0.3096774193548387">bn:00002216n</annotation>
		<annotation source="MCS" anchor="vent chaud" bfScore="--" coherenceScore="--">bn:03258372n</annotation>
		<annotation source="MCS" anchor="chaud" bfScore="--" coherenceScore="--">bn:00104348a</annotation>
		<annotation source="MCS" anchor="frappa" bfScore="--" coherenceScore="--">bn:00089347v</annotation>
		<annotation source="MCS" anchor="point" bfScore="--" coherenceScore="--">bn:00026622n</annotation>
		<annotation source="MCS" anchor="tomba" bfScore="--" coherenceScore="--">bn:00087364v</annotation>
		<annotation source="MCS" anchor="défaillance" bfScore="--" coherenceScore="--">bn:00025851n</annotation>
		<annotation source="MCS" anchor="demanda" bfScore="--" coherenceScore="--">bn:00082817v</annotation>
		<annotation source="MCS" anchor="fais" bfScore="--" coherenceScore="--">bn:00087107v</annotation>
		<annotation source="MCS" anchor="as" bfScore="--" coherenceScore="--">bn:00088733v</annotation>
		<annotation source="MCS" anchor="pitié" bfScore="--" coherenceScore="--">bn:00021008n</annotation>
		<annotation source="BABELFY" anchor="coûté" bfScore="0.9582608695652174" coherenceScore="0.1870967741935484">bn:00083193v</annotation>
		<annotation source="MCS" anchor="peine" bfScore="--" coherenceScore="--">bn:00041784n</annotation>
		<annotation source="MCS" anchor="fait" bfScore="--" coherenceScore="--">bn:00087107v</annotation>
		<annotation source="BABELFY" anchor="né" bfScore="0.8361303060217177" coherenceScore="0.2838709677419355">bn:00082757v</annotation>
		<annotation source="MCS" anchor="nuit" bfScore="--" coherenceScore="--">bn:00025236n</annotation>
		<annotation source="BABELFY" anchor="péri" bfScore="0.7328888888888889" coherenceScore="0.21935483870967742">bn:00086783v</annotation>
		<annotation source="MCS" anchor="aurais" bfScore="--" coherenceScore="--">bn:00088733v</annotation>
		<annotation source="BABELFY" anchor="Ninive" bfScore="0.9702127659574468" coherenceScore="0.18064516129032257">bn:00057739n</annotation>
		<annotation source="BABELFY" anchor="grande ville" bfScore="0.9841202625449926" coherenceScore="0.535483870967742">bn:03335997n</annotation>
		<annotation source="MCS" anchor="trouvent" bfScore="--" coherenceScore="--">bn:00084231v</annotation>
		<annotation source="MCS" anchor="plus" bfScore="--" coherenceScore="--">bn:00115880r</annotation>
		<annotation source="MCS" anchor="hommes" bfScore="--" coherenceScore="--">bn:00044576n</annotation>
		<annotation source="MCS" anchor="savent" bfScore="--" coherenceScore="--">bn:00090142v</annotation>
		<annotation source="MCS" anchor="distinguer" bfScore="--" coherenceScore="--">bn:00086799v</annotation>
		<annotation source="MCS" anchor="droite" bfScore="--" coherenceScore="--">bn:00067818n</annotation>
		<annotation source="MCS" anchor="gauche" bfScore="--" coherenceScore="--">bn:00050521n</annotation>
		<annotation source="MCS" anchor="animaux" bfScore="--" coherenceScore="--">bn:00004234n</annotation>
		<annotation source="MCS" anchor="grand" bfScore="--" coherenceScore="--">bn:00111630a</annotation>
		<annotation source="BABELFY" anchor="grand nombre" bfScore="0.7358490566037735" coherenceScore="0.07741935483870968">bn:14223782n</annotation>
		<annotation source="MCS" anchor="nombre" bfScore="--" coherenceScore="--">bn:00058285n</annotation>
	</annotations>
</paragraph>
</dataset>
