<?xml version="1.0" encoding="utf-8"?>
<dataset language="ES" title="1JO">
<paragraph id="p.1">
	<text>
		Lo que era desde el principio , lo que hemos oído , lo que hemos visto con nuestros ojos , lo que contemplamos y palparon nuestras manos tocante al Verbo de vid
		- - la vida fue manifestada , y la hemos visto ; y os testificamos y anunciamos la vida eterna que estaba con el Padre y nos fue manifestada - -
		lo que hemos visto y oído lo anunciamos también a vosotros , para que vosotros también tengáis comunión con nosotros . Y nuestra comunión es con el Padre y con su Hijo Jesucristo
		Estas cosas escribimos nosotros para que nuestro gozo sea completo
		Y éste es el mensaje que hemos oído de parte de él y os anunciamos : Dios es luz , y en él no hay ningunas tinieblas
		Si decimos que tenemos comunión con él y andamos en tinieblas , mentimos y no practicamos la verdad
		Pero si andamos en luz , como él está en luz , tenemos comunión unos con otros , y la sangre de su Hijo Jesús nos limpia de todo pecado
		Si decimos que no tenemos pecado , nos engañamos a nosotros mismos , y la verdad no está en nosotros
		Si confesamos nuestros pecados , él es fiel y justo para perdonar nuestros pecados y limpiarnos de toda maldad
		Pero si decimos que no hemos pecado , le hacemos a él mentiroso , y su palabra no está en nosotros
	</text>
	<annotations>
		<annotation source="MCS" anchor="era" bfScore="--" coherenceScore="--">bn:00083187v</annotation>
		<annotation source="MCS" anchor="principio" bfScore="--" coherenceScore="--">bn:00009633n</annotation>
		<annotation source="BABELFY" anchor="hemos" bfScore="1.0" coherenceScore="0.09195402298850575">bn:00083184v</annotation>
		<annotation source="BABELFY" anchor="oído" bfScore="0.7857142857142857" coherenceScore="0.12643678160919541">bn:00089277v</annotation>
		<annotation source="MCS" anchor="visto" bfScore="--" coherenceScore="--">bn:00093430v</annotation>
		<annotation source="BABELFY" anchor="ojos" bfScore="0.9030496131087847" coherenceScore="0.3563218390804598">bn:00032512n</annotation>
		<annotation source="MCS" anchor="contemplamos" bfScore="--" coherenceScore="--">bn:00088705v</annotation>
		<annotation source="MCS" anchor="manos" bfScore="--" coherenceScore="--">bn:00042759n</annotation>
		<annotation source="MCS" anchor="Verbo" bfScore="--" coherenceScore="--">bn:00079778n</annotation>
		<annotation source="MCS" anchor="vid" bfScore="--" coherenceScore="--">bn:01958028n</annotation>
		<annotation source="BABELFY" anchor="vida" bfScore="0.7181164159581426" coherenceScore="0.41379310344827586">bn:00051054n</annotation>
		<annotation source="MCS" anchor="fue" bfScore="--" coherenceScore="--">bn:00083187v</annotation>
		<annotation source="MCS" anchor="manifestada" bfScore="--" coherenceScore="--">bn:00082913v</annotation>
		<annotation source="MCS" anchor="anunciamos" bfScore="--" coherenceScore="--">bn:00082637v</annotation>
		<annotation source="MCS" anchor="vida eterna" bfScore="--" coherenceScore="--">bn:00031685n</annotation>
		<annotation source="BABELFY" anchor="eterna" bfScore="0.8" coherenceScore="0.022988505747126436">bn:00096136a</annotation>
		<annotation source="MCS" anchor="Padre" bfScore="--" coherenceScore="--">bn:00009616n</annotation>
		<annotation source="MCS" anchor="visto y oído" bfScore="--" coherenceScore="--">bn:08291040n</annotation>
		<annotation source="MCS" anchor="oído" bfScore="--" coherenceScore="--">bn:00029372n</annotation>
		<annotation source="MCS" anchor="tengáis" bfScore="--" coherenceScore="--">bn:00089385v</annotation>
		<annotation source="MCS" anchor="comunión" bfScore="--" coherenceScore="--">bn:00021233n</annotation>
		<annotation source="MCS" anchor="es" bfScore="--" coherenceScore="--">bn:00083187v</annotation>
		<annotation source="MCS" anchor="Hijo" bfScore="--" coherenceScore="--">bn:00024244n</annotation>
		<annotation source="BABELFY" anchor="Jesucristo" bfScore="1.0" coherenceScore="0.6666666666666666">bn:00018805n</annotation>
		<annotation source="MCS" anchor="cosas" bfScore="--" coherenceScore="--">bn:00076925n</annotation>
		<annotation source="MCS" anchor="escribimos" bfScore="--" coherenceScore="--">bn:00092123v</annotation>
		<annotation source="MCS" anchor="sea" bfScore="--" coherenceScore="--">bn:00083187v</annotation>
		<annotation source="MCS" anchor="completo" bfScore="--" coherenceScore="--">bn:00096195a</annotation>
		<annotation source="MCS" anchor="mensaje" bfScore="--" coherenceScore="--">bn:00054523n</annotation>
		<annotation source="MCS" anchor="parte" bfScore="--" coherenceScore="--">bn:00060765n</annotation>
		<annotation source="BABELFY" anchor="luz" bfScore="0.8710217755443886" coherenceScore="0.3448275862068966">bn:00051108n</annotation>
		<annotation source="BABELFY" anchor="hay" bfScore="1.0" coherenceScore="0.09195402298850575">bn:00083184v</annotation>
		<annotation source="MCS" anchor="Si" bfScore="--" coherenceScore="--">bn:00047162n</annotation>
		<annotation source="BABELFY" anchor="decimos" bfScore="0.7010710808179162" coherenceScore="0.20689655172413793">bn:00093287v</annotation>
		<annotation source="MCS" anchor="tenemos" bfScore="--" coherenceScore="--">bn:00089385v</annotation>
		<annotation source="MCS" anchor="andamos" bfScore="--" coherenceScore="--">bn:00094337v</annotation>
		<annotation source="BABELFY" anchor="practicamos" bfScore="0.9" coherenceScore="0.034482758620689655">bn:00091912v</annotation>
		<annotation source="BABELFY" anchor="verdad" bfScore="0.8782722513089005" coherenceScore="0.5057471264367817">bn:00072816n</annotation>
		<annotation source="BABELFY" anchor="sangre" bfScore="0.8053691275167785" coherenceScore="0.27586206896551724">bn:00011346n</annotation>
		<annotation source="BABELFY" anchor="limpia" bfScore="0.8507462686567164" coherenceScore="0.10344827586206896">bn:00085059v</annotation>
		<annotation source="BABELFY" anchor="pecado" bfScore="0.8954565505072783" coherenceScore="0.3333333333333333">bn:00071707n</annotation>
		<annotation source="BABELFY" anchor="engañamos" bfScore="0.8" coherenceScore="0.11494252873563218">bn:00083460v</annotation>
		<annotation source="MCS" anchor="mismos" bfScore="--" coherenceScore="--">bn:00110076a</annotation>
		<annotation source="BABELFY" anchor="confesamos" bfScore="0.9484978540772532" coherenceScore="0.14942528735632185">bn:00085576v</annotation>
		<annotation source="BABELFY" anchor="pecados" bfScore="0.8954565505072783" coherenceScore="0.3333333333333333">bn:00071707n</annotation>
		<annotation source="MCS" anchor="fiel" bfScore="--" coherenceScore="--">bn:00102728a</annotation>
		<annotation source="MCS" anchor="justo" bfScore="--" coherenceScore="--">bn:00102719a</annotation>
		<annotation source="MCS" anchor="perdonar" bfScore="--" coherenceScore="--">bn:00088483v</annotation>
		<annotation source="BABELFY" anchor="limpiar" bfScore="0.8507462686567164" coherenceScore="0.10344827586206896">bn:00085059v</annotation>
		<annotation source="MCS" anchor="maldad" bfScore="--" coherenceScore="--">bn:00007875n</annotation>
		<annotation source="BABELFY" anchor="pecado" bfScore="0.967479674796748" coherenceScore="0.08045977011494253">bn:00093756v</annotation>
		<annotation source="MCS" anchor="hacemos" bfScore="--" coherenceScore="--">bn:00087107v</annotation>
		<annotation source="BABELFY" anchor="mentiroso" bfScore="1.0" coherenceScore="0.08045977011494253">bn:00106593a</annotation>
		<annotation source="BABELFY" anchor="palabra" bfScore="0.9711096520026264" coherenceScore="0.5862068965517241">bn:00081546n</annotation>
	</annotations>
</paragraph>
<paragraph id="p.2">
	<text>
		Hijitos míos , estas cosas os escribo para que no pequéis . Y si alguno peca , abogado tenemos delante del Padre , a Jesucristo el justo
		Él es la expiación por nuestros pecados , y no solamente por los nuestros , sino también por los de todo el mundo
		En esto sabemos que nosotros le hemos conocido : en que guardamos sus mandamientos
		El que dice : &amp;quot; Yo le conozco &amp;quot; y no guarda sus mandamientos es mentiroso , y la verdad no está en él
		Pero en el que guarda su palabra , en éste verdaderamente el amor de Dios ha sido perfeccionado . Por esto sabemos que estamos en él
		El que dice que permanece en él debe andar como él anduvo
		Amados , no os escribo un mandamiento nuevo sino el mandamiento antiguo que teníais desde el principio . El mandamiento antiguo es la palabra que habéis oído
		Otra vez os escribo un mandamiento nuevo , que es verdadero en él y en vosotros , porque las tinieblas van pasando y la luz verdadera ya está alumbrando
		El que dice que está en la luz y odia a su hermano , está en tinieblas todavía
		El que ama a su hermano permanece en la luz , y en él no hay tropiezo
		Pero el que odia a su hermano está en tinieblas y anda en tinieblas ; y no sabe a dónde va , porque las tinieblas le han cegado los ojos
		Os escribo a vosotros , hijitos , porque vuestros pecados han sido perdonados por causa de su nombre
		Os escribo a vosotros , padres , porque habéis conocido al que es desde el principio . Os escribo a vosotros , jóvenes , porque habéis vencido al maligno . Os he escrito a vosotros , niñitos , porque habéis conocido al Padre
		Os he escrito a vosotros , padres , porque habéis conocido al que es desde el principio . Os he escrito a vosotros , jóvenes , porque sois fuertes , y la palabra de Dios permanece en vosotros , y habéis vencido al maligno
		No améis al mundo ni las cosas que están en el mundo . Si alguno ama al mundo , el amor del Padre no está en él
		porque todo lo que hay en el mundo - - los deseos de la carne , los deseos de los ojos y la soberbia de la vida - - no proviene del Padre sino del mundo
		Y el mundo está pasando , y sus deseos ; pero el que hace la voluntad de Dios permanece para siempre
		Hijitos , ya es la última hora ; y como oísteis que el anticristo había de venir , así también ahora han surgido muchos anticristos . Por esto sabemos que es la última hora
		Salieron de entre nosotros , pero no eran de nosotros ; porque si hubieran sido de nosotros , habrían permanecido con nosotros . Pero salieron , para que fuera evidente que no todos eran de nosotros
		Pero vosotros tenéis la unción de parte del Santo y conocéis todas las cosas
		No os escribo porque desconozcáis la verdad , sino porque la conocéis y porque ninguna mentira procede de la verdad
		¿ Quién es mentiroso , sino el que niega que Jesús es el Cristo ? Éste es el anticristo : el que niega al Padre y al Hijo
		Todo aquel que niega al Hijo tampoco tiene al Padre . El que confiesa al Hijo tiene también al Padre
		Permanezca en vosotros lo que habéis oído desde el principio . Si permanece en vosotros lo que habéis oído desde el principio , también vosotros permaneceréis en el Hijo y en el Padre
		Y ésta es la promesa que él nos ha hecho : la vida eterna
		Os he escrito esto acerca de los que os engañan
		Y en cuanto a vosotros , la unción que habéis recibido de él permanece en vosotros , y no tenéis necesidad de que alguien os enseñe . Pero , como la misma unción os enseña acerca de todas las cosas , y es verdadera y no falsa , así como os enseñó , permaneced en él
		Ahora , hijitos , permaneced en él para que , cuando aparezca , tengamos confianza y no nos avergoncemos delante de él , en su venida
		Si sabéis que él es justo , sabed también que todo aquel que hace justicia es nacido de él
	</text>
	<annotations>
		<annotation source="MCS" anchor="Hijitos" bfScore="--" coherenceScore="--">bn:00024244n</annotation>
		<annotation source="MCS" anchor="cosas" bfScore="--" coherenceScore="--">bn:00076925n</annotation>
		<annotation source="MCS" anchor="escribo" bfScore="--" coherenceScore="--">bn:00092123v</annotation>
		<annotation source="BABELFY" anchor="peca" bfScore="0.9142857142857143" coherenceScore="0.031496062992125984">bn:00093756v</annotation>
		<annotation source="BABELFY" anchor="abogado" bfScore="1.0" coherenceScore="0.011811023622047244">bn:00082419v</annotation>
		<annotation source="MCS" anchor="tenemos" bfScore="--" coherenceScore="--">bn:00089385v</annotation>
		<annotation source="BABELFY" anchor="delante" bfScore="1.0" coherenceScore="0.01968503937007874">bn:00114182r</annotation>
		<annotation source="MCS" anchor="Padre" bfScore="--" coherenceScore="--">bn:00009616n</annotation>
		<annotation source="BABELFY" anchor="Jesucristo" bfScore="1.0" coherenceScore="0.6614173228346457">bn:00018805n</annotation>
		<annotation source="MCS" anchor="justo" bfScore="--" coherenceScore="--">bn:00116861r</annotation>
		<annotation source="BABELFY" anchor="es" bfScore="0.7689139091033914" coherenceScore="0.2755905511811024">bn:00083181v</annotation>
		<annotation source="MCS" anchor="expiación" bfScore="--" coherenceScore="--">bn:00006945n</annotation>
		<annotation source="BABELFY" anchor="pecados" bfScore="0.9750687268935444" coherenceScore="0.29133858267716534">bn:00071707n</annotation>
		<annotation source="BABELFY" anchor="solamente" bfScore="0.9758796193848196" coherenceScore="0.24803149606299213">bn:00114626r</annotation>
		<annotation source="MCS" anchor="mundo" bfScore="--" coherenceScore="--">bn:00029428n</annotation>
		<annotation source="MCS" anchor="sabemos" bfScore="--" coherenceScore="--">bn:00085261v</annotation>
		<annotation source="BABELFY" anchor="hemos" bfScore="0.8532110091743119" coherenceScore="0.11811023622047244">bn:00083184v</annotation>
		<annotation source="MCS" anchor="conocido" bfScore="--" coherenceScore="--">bn:00090725v</annotation>
		<annotation source="MCS" anchor="guardamos" bfScore="--" coherenceScore="--">bn:00089407v</annotation>
		<annotation source="BABELFY" anchor="mandamientos" bfScore="1.0" coherenceScore="0.16141732283464566">bn:00025657n</annotation>
		<annotation source="MCS" anchor="dice" bfScore="--" coherenceScore="--">bn:00093287v</annotation>
		<annotation source="MCS" anchor="conozco" bfScore="--" coherenceScore="--">bn:00090725v</annotation>
		<annotation source="MCS" anchor="guarda" bfScore="--" coherenceScore="--">bn:00089407v</annotation>
		<annotation source="BABELFY" anchor="mentiroso" bfScore="1.0" coherenceScore="0.03543307086614173">bn:00106593a</annotation>
		<annotation source="BABELFY" anchor="verdad" bfScore="0.9344423055969201" coherenceScore="0.5039370078740157">bn:00072816n</annotation>
		<annotation source="BABELFY" anchor="palabra" bfScore="0.9886152183917245" coherenceScore="0.6377952755905512">bn:00081546n</annotation>
		<annotation source="BABELFY" anchor="verdaderamente" bfScore="0.741132874536792" coherenceScore="0.2204724409448819">bn:00114117r</annotation>
		<annotation source="BABELFY" anchor="amor" bfScore="0.8867138288593855" coherenceScore="0.48031496062992124">bn:00052121n</annotation>
		<annotation source="BABELFY" anchor="ha" bfScore="0.8532110091743119" coherenceScore="0.11811023622047244">bn:00083184v</annotation>
		<annotation source="BABELFY" anchor="sido" bfScore="0.7689139091033914" coherenceScore="0.2755905511811024">bn:00083181v</annotation>
		<annotation source="MCS" anchor="perfeccionado" bfScore="--" coherenceScore="--">bn:00085695v</annotation>
		<annotation source="MCS" anchor="permanece" bfScore="--" coherenceScore="--">bn:00092756v</annotation>
		<annotation source="BABELFY" anchor="debe" bfScore="1.0" coherenceScore="0.14173228346456693">bn:00091362v</annotation>
		<annotation source="MCS" anchor="andar" bfScore="--" coherenceScore="--">bn:00094337v</annotation>
		<annotation source="MCS" anchor="anduvo" bfScore="--" coherenceScore="--">bn:00094337v</annotation>
		<annotation source="BABELFY" anchor="mandamiento" bfScore="1.0" coherenceScore="0.16141732283464566">bn:00025657n</annotation>
		<annotation source="MCS" anchor="nuevo" bfScore="--" coherenceScore="--">bn:00107267a</annotation>
		<annotation source="MCS" anchor="antiguo" bfScore="--" coherenceScore="--">bn:00097066a</annotation>
		<annotation source="MCS" anchor="teníais" bfScore="--" coherenceScore="--">bn:00089385v</annotation>
		<annotation source="MCS" anchor="principio" bfScore="--" coherenceScore="--">bn:00009633n</annotation>
		<annotation source="BABELFY" anchor="habéis" bfScore="0.8532110091743119" coherenceScore="0.11811023622047244">bn:00083184v</annotation>
		<annotation source="MCS" anchor="oído" bfScore="--" coherenceScore="--">bn:00029372n</annotation>
		<annotation source="BABELFY" anchor="vez" bfScore="0.8617710583153347" coherenceScore="0.07480314960629922">bn:00019848n</annotation>
		<annotation source="MCS" anchor="verdadero" bfScore="--" coherenceScore="--">bn:00112146a</annotation>
		<annotation source="MCS" anchor="van" bfScore="--" coherenceScore="--">bn:00088912v</annotation>
		<annotation source="MCS" anchor="pasando" bfScore="--" coherenceScore="--">bn:00091458v</annotation>
		<annotation source="BABELFY" anchor="luz" bfScore="0.8221859706362153" coherenceScore="0.16535433070866143">bn:00051108n</annotation>
		<annotation source="MCS" anchor="verdadera" bfScore="--" coherenceScore="--">bn:00112146a</annotation>
		<annotation source="BABELFY" anchor="odia" bfScore="1.0" coherenceScore="0.047244094488188976">bn:00086717v</annotation>
		<annotation source="MCS" anchor="hermano" bfScore="--" coherenceScore="--">bn:00071400n</annotation>
		<annotation source="MCS" anchor="todavía" bfScore="--" coherenceScore="--">bn:00114369r</annotation>
		<annotation source="MCS" anchor="ama" bfScore="--" coherenceScore="--">bn:00090505v</annotation>
		<annotation source="BABELFY" anchor="hay" bfScore="0.8532110091743119" coherenceScore="0.11811023622047244">bn:00083184v</annotation>
		<annotation source="BABELFY" anchor="tropiezo" bfScore="0.9645283018867925" coherenceScore="0.14173228346456693">bn:00087597v</annotation>
		<annotation source="MCS" anchor="anda" bfScore="--" coherenceScore="--">bn:00094337v</annotation>
		<annotation source="MCS" anchor="sabe" bfScore="--" coherenceScore="--">bn:00085261v</annotation>
		<annotation source="MCS" anchor="va" bfScore="--" coherenceScore="--">bn:00088912v</annotation>
		<annotation source="BABELFY" anchor="han" bfScore="0.8532110091743119" coherenceScore="0.11811023622047244">bn:00083184v</annotation>
		<annotation source="MCS" anchor="cegado" bfScore="--" coherenceScore="--">bn:00083604v</annotation>
		<annotation source="BABELFY" anchor="ojos" bfScore="0.7213906325446644" coherenceScore="0.2125984251968504">bn:00032512n</annotation>
		<annotation source="MCS" anchor="hijitos" bfScore="--" coherenceScore="--">bn:00024244n</annotation>
		<annotation source="MCS" anchor="perdonados" bfScore="--" coherenceScore="--">bn:00088483v</annotation>
		<annotation source="MCS" anchor="causa" bfScore="--" coherenceScore="--">bn:00015051n</annotation>
		<annotation source="MCS" anchor="nombre" bfScore="--" coherenceScore="--">bn:00056758n</annotation>
		<annotation source="MCS" anchor="padres" bfScore="--" coherenceScore="--">bn:00009616n</annotation>
		<annotation source="BABELFY" anchor="jóvenes" bfScore="0.9789227166276346" coherenceScore="0.07480314960629922">bn:00104589a</annotation>
		<annotation source="MCS" anchor="vencido" bfScore="--" coherenceScore="--">bn:00083247v</annotation>
		<annotation source="MCS" anchor="maligno" bfScore="--" coherenceScore="--">bn:00103997a</annotation>
		<annotation source="BABELFY" anchor="he" bfScore="0.8532110091743119" coherenceScore="0.11811023622047244">bn:00083184v</annotation>
		<annotation source="MCS" anchor="escrito" bfScore="--" coherenceScore="--">bn:00092123v</annotation>
		<annotation source="MCS" anchor="niñitos" bfScore="--" coherenceScore="--">bn:00018345n</annotation>
		<annotation source="BABELFY" anchor="sois" bfScore="0.7689139091033914" coherenceScore="0.2755905511811024">bn:00083181v</annotation>
		<annotation source="MCS" anchor="fuertes" bfScore="--" coherenceScore="--">bn:00111312a</annotation>
		<annotation source="MCS" anchor="ama" bfScore="--" coherenceScore="--">bn:03566145n</annotation>
		<annotation source="MCS" anchor="deseos" bfScore="--" coherenceScore="--">bn:00026550n</annotation>
		<annotation source="MCS" anchor="carne" bfScore="--" coherenceScore="--">bn:00035182n</annotation>
		<annotation source="BABELFY" anchor="soberbia" bfScore="0.9" coherenceScore="0.011811023622047244">bn:00097526a</annotation>
		<annotation source="MCS" anchor="vida" bfScore="--" coherenceScore="--">bn:00002761n</annotation>
		<annotation source="BABELFY" anchor="proviene" bfScore="0.9679393762751385" coherenceScore="0.16141732283464566">bn:00085333v</annotation>
		<annotation source="MCS" anchor="hace" bfScore="--" coherenceScore="--">bn:00087107v</annotation>
		<annotation source="BABELFY" anchor="voluntad" bfScore="0.8268896954394824" coherenceScore="0.31496062992125984">bn:16772028n</annotation>
		<annotation source="MCS" anchor="siempre" bfScore="--" coherenceScore="--">bn:00114251r</annotation>
		<annotation source="MCS" anchor="última" bfScore="--" coherenceScore="--">bn:00105740a</annotation>
		<annotation source="MCS" anchor="hora" bfScore="--" coherenceScore="--">bn:00000127n</annotation>
		<annotation source="BABELFY" anchor="había" bfScore="0.8532110091743119" coherenceScore="0.11811023622047244">bn:00083184v</annotation>
		<annotation source="MCS" anchor="venir" bfScore="--" coherenceScore="--">bn:00082788v</annotation>
		<annotation source="MCS" anchor="ahora" bfScore="--" coherenceScore="--">bn:00114424r</annotation>
		<annotation source="MCS" anchor="surgido" bfScore="--" coherenceScore="--">bn:00082758v</annotation>
		<annotation source="MCS" anchor="Salieron" bfScore="--" coherenceScore="--">bn:00087845v</annotation>
		<annotation source="BABELFY" anchor="eran" bfScore="0.7689139091033914" coherenceScore="0.2755905511811024">bn:00083181v</annotation>
		<annotation source="BABELFY" anchor="hubieran" bfScore="0.8532110091743119" coherenceScore="0.11811023622047244">bn:00083184v</annotation>
		<annotation source="BABELFY" anchor="habrían" bfScore="0.8532110091743119" coherenceScore="0.11811023622047244">bn:00083184v</annotation>
		<annotation source="MCS" anchor="permanecido" bfScore="--" coherenceScore="--">bn:00092756v</annotation>
		<annotation source="MCS" anchor="salieron" bfScore="--" coherenceScore="--">bn:00087845v</annotation>
		<annotation source="BABELFY" anchor="fuera" bfScore="0.7689139091033914" coherenceScore="0.2755905511811024">bn:00083181v</annotation>
		<annotation source="BABELFY" anchor="evidente" bfScore="0.9880930573365085" coherenceScore="0.2440944881889764">bn:00097350a</annotation>
		<annotation source="MCS" anchor="tenéis" bfScore="--" coherenceScore="--">bn:00089385v</annotation>
		<annotation source="BABELFY" anchor="unción" bfScore="0.7378640776699029" coherenceScore="0.06299212598425197">bn:00004394n</annotation>
		<annotation source="MCS" anchor="parte" bfScore="--" coherenceScore="--">bn:00060765n</annotation>
		<annotation source="MCS" anchor="Santo" bfScore="--" coherenceScore="--">bn:00053896n</annotation>
		<annotation source="MCS" anchor="conocéis" bfScore="--" coherenceScore="--">bn:00090725v</annotation>
		<annotation source="MCS" anchor="mentira" bfScore="--" coherenceScore="--">bn:00032874n</annotation>
		<annotation source="MCS" anchor="procede" bfScore="--" coherenceScore="--">bn:00085715v</annotation>
		<annotation source="MCS" anchor="niega" bfScore="--" coherenceScore="--">bn:00086591v</annotation>
		<annotation source="BABELFY" anchor="Cristo" bfScore="0.9997571046878795" coherenceScore="0.6614173228346457">bn:00018805n</annotation>
		<annotation source="MCS" anchor="Hijo" bfScore="--" coherenceScore="--">bn:00024244n</annotation>
		<annotation source="MCS" anchor="tampoco" bfScore="--" coherenceScore="--">bn:13664534r</annotation>
		<annotation source="MCS" anchor="tiene" bfScore="--" coherenceScore="--">bn:00089385v</annotation>
		<annotation source="MCS" anchor="confiesa" bfScore="--" coherenceScore="--">bn:00085575v</annotation>
		<annotation source="MCS" anchor="Permanezca" bfScore="--" coherenceScore="--">bn:00092756v</annotation>
		<annotation source="BABELFY" anchor="oído" bfScore="0.8108108108108109" coherenceScore="0.023622047244094488">bn:00089277v</annotation>
		<annotation source="MCS" anchor="promesa" bfScore="--" coherenceScore="--">bn:00064699n</annotation>
		<annotation source="MCS" anchor="hecho" bfScore="--" coherenceScore="--">bn:00087107v</annotation>
		<annotation source="MCS" anchor="vida eterna" bfScore="--" coherenceScore="--">bn:00031685n</annotation>
		<annotation source="MCS" anchor="eterna" bfScore="--" coherenceScore="--">bn:00096562a</annotation>
		<annotation source="BABELFY" anchor="acerca" bfScore="1.0" coherenceScore="0.031496062992125984">bn:00114076r</annotation>
		<annotation source="MCS" anchor="engañan" bfScore="--" coherenceScore="--">bn:00083458v</annotation>
		<annotation source="MCS" anchor="recibido" bfScore="--" coherenceScore="--">bn:00089246v</annotation>
		<annotation source="MCS" anchor="necesidad" bfScore="--" coherenceScore="--">bn:00026107n</annotation>
		<annotation source="MCS" anchor="enseñe" bfScore="--" coherenceScore="--">bn:00089791v</annotation>
		<annotation source="MCS" anchor="misma" bfScore="--" coherenceScore="--">bn:00110076a</annotation>
		<annotation source="MCS" anchor="enseña" bfScore="--" coherenceScore="--">bn:00089791v</annotation>
		<annotation source="MCS" anchor="falsa" bfScore="--" coherenceScore="--">bn:00098117a</annotation>
		<annotation source="MCS" anchor="así" bfScore="--" coherenceScore="--">bn:00117048r</annotation>
		<annotation source="MCS" anchor="enseñó" bfScore="--" coherenceScore="--">bn:00089791v</annotation>
		<annotation source="MCS" anchor="Ahora" bfScore="--" coherenceScore="--">bn:00114424r</annotation>
		<annotation source="MCS" anchor="aparezca" bfScore="--" coherenceScore="--">bn:00082691v</annotation>
		<annotation source="MCS" anchor="tengamos" bfScore="--" coherenceScore="--">bn:00089385v</annotation>
		<annotation source="MCS" anchor="confianza" bfScore="--" coherenceScore="--">bn:00021742n</annotation>
		<annotation source="MCS" anchor="venida" bfScore="--" coherenceScore="--">bn:00082788v</annotation>
		<annotation source="BABELFY" anchor="Si" bfScore="0.7677165354330708" coherenceScore="0.1062992125984252">bn:00047162n</annotation>
		<annotation source="MCS" anchor="sabéis" bfScore="--" coherenceScore="--">bn:00085261v</annotation>
		<annotation source="MCS" anchor="justo" bfScore="--" coherenceScore="--">bn:00102719a</annotation>
		<annotation source="BABELFY" anchor="justicia" bfScore="0.8673076923076923" coherenceScore="0.3228346456692913">bn:00048668n</annotation>
		<annotation source="MCS" anchor="nacido" bfScore="--" coherenceScore="--">bn:00083836v</annotation>
	</annotations>
</paragraph>
<paragraph id="p.3">
	<text>
		Mirad cuán grande amor nos ha dado el Padre para que seamos llamados hijos de Dios . ¡ Y lo somos ! Por esto el mundo no nos conoce , porque no le conoció a él
		Amados , ahora somos hijos de Dios , y aún no se ha manifestado lo que seremos . Pero sabemos que cuando él sea manifestado , seremos semejantes a él , porque le veremos tal como él es
		Y todo aquel que tiene esta esperanza en él , se purifica a sí mismo , como él también es puro
		Todo aquel que comete pecado también infringe la ley , pues el pecado es infracción de la ley
		Y sabéis que él fue manifestado para quitar los pecados y que en él no hay pecado
		Todo aquel que permanece en él no continúa pecando . Todo aquel que sigue pecando no le ha visto ni le ha conocido
		Hijitos , nadie os engañe . El que practica justicia es justo , como él es justo
		El que practica el pecado es del diablo , porque el diablo peca desde el principio . Para esto fue manifestado el Hijo de Dios : para deshacer las obras del diablo
		Todo aquel que ha nacido de Dios no practica el pecado , porque la simiente de Dios permanece en él , y no puede seguir pecando , porque ha nacido de Dios
		En esto se revelan los hijos de Dios y los hijos del diablo : Todo aquel que no practica justicia no es de Dios , ni tampoco el que no ama a su hermano
		Porque éste es el mensaje que habéis oído desde el principio : que nos amemos los unos a los otros
		No como Caín , que era del maligno y mató a su hermano . ¿ Y por qué causa lo mató ? Porque sus obras eran malas , y las de su hermano eran justas
		Y no os maravilléis , hermanos , si el mundo os aborrece
		Nosotros sabemos que hemos pasado de muerte a vida , porque amamos a los hermanos . El que no ama permanece en muerte
		Todo aquel que odia a su hermano es homicida , y sabéis que ningún homicida tiene vida eterna permaneciendo en él
		En esto hemos conocido el amor : en que él puso su vida por nosotros . También nosotros debemos poner nuestras vidas por los hermanos
		Pero el que tiene bienes de este mundo y ve que su hermano padece necesidad y le cierra su corazón , ¿ cómo morará el amor de Dios en él
		Hijitos , no amemos de palabra ni de lengua , sino de hecho y de verdad
		En esto sabremos que somos de la verdad y tendremos nuestros corazones confiados delante de él
		en caso de que nuestro corazón nos reprenda , mayor es Dios que nuestro corazón , y él conoce todas las cosas
		Amados , si nuestro corazón no nos reprende , tenemos confianza delante de Dios
		y cualquier cosa que pidamos , la recibiremos de él , porque guardamos sus mandamientos y hacemos las cosas que son agradables delante de él
		Y éste es su mandamiento : que creamos en el nombre de su Hijo Jesucristo y que nos amemos unos a otros , como él nos ha mandado
		Y el que guarda sus mandamientos permanece en Dios , y Dios en él . Y por esto sabemos que él permanece en nosotros : por el Espíritu que nos ha dado
	</text>
	<annotations>
		<annotation source="BABELFY" anchor="Mirad" bfScore="0.7955974842767296" coherenceScore="0.05365853658536585">bn:00093430v</annotation>
		<annotation source="BABELFY" anchor="grande" bfScore="0.7615894039735099" coherenceScore="0.22439024390243903">bn:00113978a</annotation>
		<annotation source="BABELFY" anchor="amor" bfScore="0.8898428017407265" coherenceScore="0.551219512195122">bn:00052121n</annotation>
		<annotation source="BABELFY" anchor="ha" bfScore="0.8280254777070064" coherenceScore="0.0975609756097561">bn:00083184v</annotation>
		<annotation source="MCS" anchor="dado" bfScore="--" coherenceScore="--">bn:00088815v</annotation>
		<annotation source="MCS" anchor="Padre" bfScore="--" coherenceScore="--">bn:00009616n</annotation>
		<annotation source="BABELFY" anchor="seamos" bfScore="0.7526470213037377" coherenceScore="0.24390243902439024">bn:00083181v</annotation>
		<annotation source="MCS" anchor="llamados" bfScore="--" coherenceScore="--">bn:00084386v</annotation>
		<annotation source="MCS" anchor="hijos" bfScore="--" coherenceScore="--">bn:00024244n</annotation>
		<annotation source="BABELFY" anchor="somos" bfScore="0.7526470213037377" coherenceScore="0.24390243902439024">bn:00083181v</annotation>
		<annotation source="MCS" anchor="mundo" bfScore="--" coherenceScore="--">bn:00029428n</annotation>
		<annotation source="MCS" anchor="conoce" bfScore="--" coherenceScore="--">bn:00090725v</annotation>
		<annotation source="MCS" anchor="conoció" bfScore="--" coherenceScore="--">bn:00090725v</annotation>
		<annotation source="MCS" anchor="ahora" bfScore="--" coherenceScore="--">bn:00114424r</annotation>
		<annotation source="MCS" anchor="aún" bfScore="--" coherenceScore="--">bn:00115246r</annotation>
		<annotation source="MCS" anchor="manifestado" bfScore="--" coherenceScore="--">bn:00082913v</annotation>
		<annotation source="BABELFY" anchor="seremos" bfScore="0.7526470213037377" coherenceScore="0.24390243902439024">bn:00083181v</annotation>
		<annotation source="MCS" anchor="sabemos" bfScore="--" coherenceScore="--">bn:00085261v</annotation>
		<annotation source="BABELFY" anchor="sea" bfScore="0.7526470213037377" coherenceScore="0.24390243902439024">bn:00083181v</annotation>
		<annotation source="MCS" anchor="semejantes" bfScore="--" coherenceScore="--">bn:00111411a</annotation>
		<annotation source="MCS" anchor="veremos" bfScore="--" coherenceScore="--">bn:00093430v</annotation>
		<annotation source="BABELFY" anchor="es" bfScore="0.7526470213037377" coherenceScore="0.24390243902439024">bn:00083181v</annotation>
		<annotation source="MCS" anchor="tiene" bfScore="--" coherenceScore="--">bn:00089385v</annotation>
		<annotation source="MCS" anchor="esperanza" bfScore="--" coherenceScore="--">bn:00044737n</annotation>
		<annotation source="MCS" anchor="mismo" bfScore="--" coherenceScore="--">bn:00110076a</annotation>
		<annotation source="BABELFY" anchor="puro" bfScore="0.7485029940119761" coherenceScore="0.12195121951219512">bn:00112478a</annotation>
		<annotation source="MCS" anchor="come" bfScore="--" coherenceScore="--">bn:00087461v</annotation>
		<annotation source="BABELFY" anchor="pecado" bfScore="0.8326693227091634" coherenceScore="0.09268292682926829">bn:00093756v</annotation>
		<annotation source="BABELFY" anchor="ley" bfScore="0.7599865624236501" coherenceScore="0.5121951219512195">bn:00048655n</annotation>
		<annotation source="BABELFY" anchor="pecado" bfScore="0.9117274836532377" coherenceScore="0.3170731707317073">bn:00071707n</annotation>
		<annotation source="MCS" anchor="infracción" bfScore="--" coherenceScore="--">bn:00046721n</annotation>
		<annotation source="MCS" anchor="sabéis" bfScore="--" coherenceScore="--">bn:00085261v</annotation>
		<annotation source="BABELFY" anchor="fue" bfScore="0.7526470213037377" coherenceScore="0.24390243902439024">bn:00083181v</annotation>
		<annotation source="MCS" anchor="quitar" bfScore="--" coherenceScore="--">bn:00092783v</annotation>
		<annotation source="BABELFY" anchor="pecados" bfScore="0.9117274836532377" coherenceScore="0.3170731707317073">bn:00071707n</annotation>
		<annotation source="BABELFY" anchor="hay" bfScore="0.8280254777070064" coherenceScore="0.0975609756097561">bn:00083184v</annotation>
		<annotation source="MCS" anchor="permanece" bfScore="--" coherenceScore="--">bn:00092756v</annotation>
		<annotation source="MCS" anchor="continúa" bfScore="--" coherenceScore="--">bn:00084594v</annotation>
		<annotation source="BABELFY" anchor="pecando" bfScore="0.8326693227091634" coherenceScore="0.09268292682926829">bn:00093756v</annotation>
		<annotation source="MCS" anchor="sigue" bfScore="--" coherenceScore="--">bn:00088421v</annotation>
		<annotation source="MCS" anchor="visto" bfScore="--" coherenceScore="--">bn:00093430v</annotation>
		<annotation source="MCS" anchor="conocido" bfScore="--" coherenceScore="--">bn:00090725v</annotation>
		<annotation source="MCS" anchor="Hijitos" bfScore="--" coherenceScore="--">bn:00024244n</annotation>
		<annotation source="BABELFY" anchor="nadie" bfScore="1.0" coherenceScore="0.00975609756097561">bn:13916669n</annotation>
		<annotation source="MCS" anchor="engañe" bfScore="--" coherenceScore="--">bn:00083458v</annotation>
		<annotation source="MCS" anchor="practica" bfScore="--" coherenceScore="--">bn:00087318v</annotation>
		<annotation source="BABELFY" anchor="justicia" bfScore="0.7646596447099513" coherenceScore="0.37073170731707317">bn:00048668n</annotation>
		<annotation source="MCS" anchor="justo" bfScore="--" coherenceScore="--">bn:00102719a</annotation>
		<annotation source="BABELFY" anchor="peca" bfScore="0.8326693227091634" coherenceScore="0.09268292682926829">bn:00093756v</annotation>
		<annotation source="MCS" anchor="principio" bfScore="--" coherenceScore="--">bn:00009633n</annotation>
		<annotation source="MCS" anchor="Hijo" bfScore="--" coherenceScore="--">bn:00024244n</annotation>
		<annotation source="MCS" anchor="deshacer" bfScore="--" coherenceScore="--">bn:00095378v</annotation>
		<annotation source="MCS" anchor="obras" bfScore="--" coherenceScore="--">bn:00011767n</annotation>
		<annotation source="MCS" anchor="nacido" bfScore="--" coherenceScore="--">bn:00083836v</annotation>
		<annotation source="BABELFY" anchor="simiente" bfScore="1.0" coherenceScore="0.08780487804878048">bn:00070253n</annotation>
		<annotation source="BABELFY" anchor="puede" bfScore="1.0" coherenceScore="0.00975609756097561">bn:00089308v</annotation>
		<annotation source="MCS" anchor="seguir" bfScore="--" coherenceScore="--">bn:00088421v</annotation>
		<annotation source="BABELFY" anchor="revelan" bfScore="1.0" coherenceScore="0.04390243902439024">bn:00084097v</annotation>
		<annotation source="MCS" anchor="tampoco" bfScore="--" coherenceScore="--">bn:13664534r</annotation>
		<annotation source="MCS" anchor="ama" bfScore="--" coherenceScore="--">bn:00090505v</annotation>
		<annotation source="MCS" anchor="hermano" bfScore="--" coherenceScore="--">bn:00071400n</annotation>
		<annotation source="MCS" anchor="mensaje" bfScore="--" coherenceScore="--">bn:00054523n</annotation>
		<annotation source="BABELFY" anchor="habéis" bfScore="0.8280254777070064" coherenceScore="0.0975609756097561">bn:00083184v</annotation>
		<annotation source="BABELFY" anchor="oído" bfScore="0.842911877394636" coherenceScore="0.05365853658536585">bn:00089277v</annotation>
		<annotation source="BABELFY" anchor="era" bfScore="0.7526470213037377" coherenceScore="0.24390243902439024">bn:00083181v</annotation>
		<annotation source="BABELFY" anchor="maligno" bfScore="1.0" coherenceScore="0.014634146341463415">bn:00103997a</annotation>
		<annotation source="MCS" anchor="mató" bfScore="--" coherenceScore="--">bn:00090098v</annotation>
		<annotation source="MCS" anchor="causa" bfScore="--" coherenceScore="--">bn:00015051n</annotation>
		<annotation source="BABELFY" anchor="eran" bfScore="0.7526470213037377" coherenceScore="0.24390243902439024">bn:00083181v</annotation>
		<annotation source="MCS" anchor="malas" bfScore="--" coherenceScore="--">bn:00097966a</annotation>
		<annotation source="MCS" anchor="justas" bfScore="--" coherenceScore="--">bn:00102719a</annotation>
		<annotation source="MCS" anchor="hermanos" bfScore="--" coherenceScore="--">bn:00071400n</annotation>
		<annotation source="BABELFY" anchor="aborrece" bfScore="0.905511811023622" coherenceScore="0.11219512195121951">bn:00086717v</annotation>
		<annotation source="BABELFY" anchor="hemos" bfScore="0.8280254777070064" coherenceScore="0.0975609756097561">bn:00083184v</annotation>
		<annotation source="MCS" anchor="pasado" bfScore="--" coherenceScore="--">bn:00091458v</annotation>
		<annotation source="BABELFY" anchor="muerte" bfScore="0.8285264178380999" coherenceScore="0.6292682926829268">bn:00025582n</annotation>
		<annotation source="BABELFY" anchor="muerte a" bfScore="1.0" coherenceScore="0.004878048780487805">bn:08385014n</annotation>
		<annotation source="BABELFY" anchor="vida" bfScore="0.7081008274004233" coherenceScore="0.3902439024390244">bn:00051054n</annotation>
		<annotation source="MCS" anchor="amamos" bfScore="--" coherenceScore="--">bn:00090505v</annotation>
		<annotation source="BABELFY" anchor="odia" bfScore="1.0" coherenceScore="0.11707317073170732">bn:00086717v</annotation>
		<annotation source="MCS" anchor="homicida" bfScore="--" coherenceScore="--">bn:00051488n</annotation>
		<annotation source="MCS" anchor="vida eterna" bfScore="--" coherenceScore="--">bn:00031685n</annotation>
		<annotation source="MCS" anchor="eterna" bfScore="--" coherenceScore="--">bn:00096562a</annotation>
		<annotation source="MCS" anchor="permaneciendo" bfScore="--" coherenceScore="--">bn:00092756v</annotation>
		<annotation source="MCS" anchor="puso" bfScore="--" coherenceScore="--">bn:00090224v</annotation>
		<annotation source="BABELFY" anchor="debemos" bfScore="0.998109640831758" coherenceScore="0.16097560975609757">bn:00091362v</annotation>
		<annotation source="MCS" anchor="poner" bfScore="--" coherenceScore="--">bn:00090224v</annotation>
		<annotation source="BABELFY" anchor="vidas" bfScore="0.7081008274004233" coherenceScore="0.3902439024390244">bn:00051054n</annotation>
		<annotation source="MCS" anchor="bienes" bfScore="--" coherenceScore="--">bn:00041061n</annotation>
		<annotation source="MCS" anchor="ve" bfScore="--" coherenceScore="--">bn:00093430v</annotation>
		<annotation source="MCS" anchor="padece" bfScore="--" coherenceScore="--">bn:00089245v</annotation>
		<annotation source="MCS" anchor="necesidad" bfScore="--" coherenceScore="--">bn:00026107n</annotation>
		<annotation source="MCS" anchor="cierra" bfScore="--" coherenceScore="--">bn:00085162v</annotation>
		<annotation source="MCS" anchor="corazón" bfScore="--" coherenceScore="--">bn:00043383n</annotation>
		<annotation source="MCS" anchor="cómo" bfScore="--" coherenceScore="--">bn:13703918r</annotation>
		<annotation source="BABELFY" anchor="palabra" bfScore="0.9839833833371798" coherenceScore="0.5560975609756098">bn:00081546n</annotation>
		<annotation source="BABELFY" anchor="lengua" bfScore="0.8262681871804954" coherenceScore="0.4975609756097561">bn:00049910n</annotation>
		<annotation source="MCS" anchor="hecho" bfScore="--" coherenceScore="--">bn:00032655n</annotation>
		<annotation source="BABELFY" anchor="verdad" bfScore="0.9818116333513416" coherenceScore="0.5658536585365853">bn:00072816n</annotation>
		<annotation source="MCS" anchor="sabremos" bfScore="--" coherenceScore="--">bn:00085261v</annotation>
		<annotation source="MCS" anchor="tendremos" bfScore="--" coherenceScore="--">bn:00089385v</annotation>
		<annotation source="MCS" anchor="corazones" bfScore="--" coherenceScore="--">bn:00043383n</annotation>
		<annotation source="MCS" anchor="confiados" bfScore="--" coherenceScore="--">bn:00083095v</annotation>
		<annotation source="BABELFY" anchor="delante" bfScore="1.0" coherenceScore="0.014634146341463415">bn:00114182r</annotation>
		<annotation source="BABELFY" anchor="caso" bfScore="0.8981226533166458" coherenceScore="0.22439024390243903">bn:00016403n</annotation>
		<annotation source="MCS" anchor="mayor" bfScore="--" coherenceScore="--">bn:00098342a</annotation>
		<annotation source="MCS" anchor="cosas" bfScore="--" coherenceScore="--">bn:00076925n</annotation>
		<annotation source="BABELFY" anchor="reprende" bfScore="0.8" coherenceScore="0.00975609756097561">bn:00083177v</annotation>
		<annotation source="MCS" anchor="tenemos" bfScore="--" coherenceScore="--">bn:00089385v</annotation>
		<annotation source="MCS" anchor="confianza" bfScore="--" coherenceScore="--">bn:00021742n</annotation>
		<annotation source="MCS" anchor="cosa" bfScore="--" coherenceScore="--">bn:00076925n</annotation>
		<annotation source="MCS" anchor="pidamos" bfScore="--" coherenceScore="--">bn:00082818v</annotation>
		<annotation source="MCS" anchor="recibiremos" bfScore="--" coherenceScore="--">bn:00089246v</annotation>
		<annotation source="MCS" anchor="guardamos" bfScore="--" coherenceScore="--">bn:00089407v</annotation>
		<annotation source="BABELFY" anchor="mandamientos" bfScore="1.0" coherenceScore="0.15121951219512195">bn:00025657n</annotation>
		<annotation source="MCS" anchor="hacemos" bfScore="--" coherenceScore="--">bn:00087107v</annotation>
		<annotation source="BABELFY" anchor="son" bfScore="0.7526470213037377" coherenceScore="0.24390243902439024">bn:00083181v</annotation>
		<annotation source="BABELFY" anchor="agradables" bfScore="0.8089887640449438" coherenceScore="0.11707317073170732">bn:00101871a</annotation>
		<annotation source="BABELFY" anchor="mandamiento" bfScore="1.0" coherenceScore="0.15121951219512195">bn:00025657n</annotation>
		<annotation source="MCS" anchor="nombre" bfScore="--" coherenceScore="--">bn:00056758n</annotation>
		<annotation source="BABELFY" anchor="Jesucristo" bfScore="1.0" coherenceScore="0.697560975609756">bn:00018805n</annotation>
		<annotation source="MCS" anchor="mandado" bfScore="--" coherenceScore="--">bn:00085400v</annotation>
		<annotation source="MCS" anchor="guarda" bfScore="--" coherenceScore="--">bn:00089407v</annotation>
		<annotation source="MCS" anchor="Espíritu" bfScore="--" coherenceScore="--">bn:00033960n</annotation>
	</annotations>
</paragraph>
<paragraph id="p.4">
	<text>
		Amados , no creáis a todo espíritu , sino probad los espíritus , si son de Dios . Porque muchos falsos profetas han salido al mundo
		En esto conoced el Espíritu de Dios : Todo espíritu que confiesa que Jesucristo ha venido en carne procede de Dios
		y todo espíritu que no confiesa a Jesús no procede de Dios . Éste es el espíritu del anticristo , del cual habéis oído que había de venir y que ahora ya está en el mundo
		Hijitos , vosotros sois de Dios , y los habéis vencido , porque el que está en vosotros es mayor que el que está en el mundo
		Ellos son del mundo ; por eso , lo que hablan es del mundo , y el mundo los oye
		Nosotros somos de Dios , y el que conoce a Dios nos oye ; y el que no es de Dios no nos oye . En esto conocemos el Espíritu de verdad y el espíritu de error
		Amados , amémonos unos a otros , porque el amor es de Dios . Y todo aquel que ama ha nacido de Dios y conoce a Dios
		El que no ama no ha conocido a Dios , porque Dios es amor
		En esto se mostró el amor de Dios para con nosotros : en que Dios envió a su Hijo unigénito al mundo para que vivamos por él
		En esto consiste el amor : no en que nosotros hayamos amado a Dios , sino en que él nos amó a nosotros y envió a su Hijo en expiación por nuestros pecados
		Amados , ya que Dios nos amó así , también nosotros debemos amarnos unos a otros
		Nadie ha visto a Dios jamás . Si nos amamos unos a otros , Dios permanece en nosotros , y su amor se ha perfeccionado en nosotros
		En esto sabemos que permanecemos en él y él en nosotros : en que nos ha dado de su Espíritu
		Y nosotros hemos visto y testificamos que el Padre ha enviado al Hijo como Salvador del mundo
		El que confiesa que Jesús es el Hijo de Dios , Dios permanece en él , y él en Dios
		Y nosotros hemos conocido y creído el amor que Dios tiene para con nosotros . Dios es amor . Y el que permanece en el amor permanece en Dios , y Dios permanece en él
		En esto se ha perfeccionado el amor entre nosotros , para que tengamos confianza en el día del juicio : en que como él es , así somos nosotros en este mundo
		En el amor no hay temor , sino que el perfecto amor echa fuera el temor . Porque el temor conlleva castigo , y el que teme no ha sido perfeccionado en el amor
		Nosotros amamos , porque él nos amó primero
		Si alguien dice : &amp;quot; Yo amo a Dios &amp;quot; y odia a su hermano , es mentiroso . Porque el que no ama a su hermano a quien ha visto , no puede amar a Dios a quien no ha visto
		Y tenemos este mandamiento de parte de él : El que ama a Dios ame también a su hermano
	</text>
	<annotations>
		<annotation source="MCS" anchor="espíritu" bfScore="--" coherenceScore="--">bn:00033960n</annotation>
		<annotation source="MCS" anchor="espíritus" bfScore="--" coherenceScore="--">bn:00033960n</annotation>
		<annotation source="MCS" anchor="son" bfScore="--" coherenceScore="--">bn:00083187v</annotation>
		<annotation source="MCS" anchor="falsos" bfScore="--" coherenceScore="--">bn:00098117a</annotation>
		<annotation source="BABELFY" anchor="falsos profetas" bfScore="1.0" coherenceScore="0.09036144578313253">bn:01570354n</annotation>
		<annotation source="BABELFY" anchor="profetas" bfScore="0.735621521335807" coherenceScore="0.1566265060240964">bn:00064759n</annotation>
		<annotation source="BABELFY" anchor="han" bfScore="0.9178818112049117" coherenceScore="0.1566265060240964">bn:00083184v</annotation>
		<annotation source="MCS" anchor="salido" bfScore="--" coherenceScore="--">bn:00087845v</annotation>
		<annotation source="MCS" anchor="mundo" bfScore="--" coherenceScore="--">bn:00029428n</annotation>
		<annotation source="MCS" anchor="Espíritu" bfScore="--" coherenceScore="--">bn:00033960n</annotation>
		<annotation source="MCS" anchor="confiesa" bfScore="--" coherenceScore="--">bn:00085575v</annotation>
		<annotation source="BABELFY" anchor="Jesucristo" bfScore="1.0" coherenceScore="0.6686746987951807">bn:00018805n</annotation>
		<annotation source="BABELFY" anchor="ha" bfScore="0.9178818112049117" coherenceScore="0.1566265060240964">bn:00083184v</annotation>
		<annotation source="MCS" anchor="venido" bfScore="--" coherenceScore="--">bn:00082788v</annotation>
		<annotation source="MCS" anchor="carne" bfScore="--" coherenceScore="--">bn:00035182n</annotation>
		<annotation source="MCS" anchor="procede" bfScore="--" coherenceScore="--">bn:00085715v</annotation>
		<annotation source="MCS" anchor="es" bfScore="--" coherenceScore="--">bn:00083187v</annotation>
		<annotation source="BABELFY" anchor="habéis" bfScore="0.9178818112049117" coherenceScore="0.1566265060240964">bn:00083184v</annotation>
		<annotation source="BABELFY" anchor="oído" bfScore="0.711764705882353" coherenceScore="0.06626506024096386">bn:00089277v</annotation>
		<annotation source="BABELFY" anchor="había" bfScore="0.9178818112049117" coherenceScore="0.1566265060240964">bn:00083184v</annotation>
		<annotation source="MCS" anchor="venir" bfScore="--" coherenceScore="--">bn:00082788v</annotation>
		<annotation source="MCS" anchor="ahora" bfScore="--" coherenceScore="--">bn:00114424r</annotation>
		<annotation source="MCS" anchor="Hijitos" bfScore="--" coherenceScore="--">bn:00024244n</annotation>
		<annotation source="MCS" anchor="sois" bfScore="--" coherenceScore="--">bn:00083187v</annotation>
		<annotation source="BABELFY" anchor="vencido" bfScore="0.782608695652174" coherenceScore="0.018072289156626505">bn:00083247v</annotation>
		<annotation source="MCS" anchor="mayor" bfScore="--" coherenceScore="--">bn:00098342a</annotation>
		<annotation source="BABELFY" anchor="hablan" bfScore="0.84" coherenceScore="0.06626506024096386">bn:00094090v</annotation>
		<annotation source="BABELFY" anchor="oye" bfScore="0.711764705882353" coherenceScore="0.06626506024096386">bn:00089277v</annotation>
		<annotation source="MCS" anchor="somos" bfScore="--" coherenceScore="--">bn:00083187v</annotation>
		<annotation source="MCS" anchor="conoce" bfScore="--" coherenceScore="--">bn:00090725v</annotation>
		<annotation source="MCS" anchor="conocemos" bfScore="--" coherenceScore="--">bn:00090725v</annotation>
		<annotation source="BABELFY" anchor="verdad" bfScore="0.9828131287003506" coherenceScore="0.6204819277108434">bn:00072816n</annotation>
		<annotation source="BABELFY" anchor="error" bfScore="0.8149606299212598" coherenceScore="0.13855421686746988">bn:00031485n</annotation>
		<annotation source="MCS" anchor="amor" bfScore="--" coherenceScore="--">bn:00052121n</annotation>
		<annotation source="MCS" anchor="ama" bfScore="--" coherenceScore="--">bn:00090505v</annotation>
		<annotation source="MCS" anchor="nacido" bfScore="--" coherenceScore="--">bn:00083836v</annotation>
		<annotation source="MCS" anchor="conocido" bfScore="--" coherenceScore="--">bn:00090725v</annotation>
		<annotation source="MCS" anchor="es amor" bfScore="--" coherenceScore="--">bn:08371241n</annotation>
		<annotation source="MCS" anchor="mostró" bfScore="--" coherenceScore="--">bn:00086567v</annotation>
		<annotation source="MCS" anchor="envió" bfScore="--" coherenceScore="--">bn:00090548v</annotation>
		<annotation source="MCS" anchor="Hijo" bfScore="--" coherenceScore="--">bn:00024244n</annotation>
		<annotation source="MCS" anchor="vivamos" bfScore="--" coherenceScore="--">bn:00087617v</annotation>
		<annotation source="BABELFY" anchor="consiste" bfScore="0.9881288863764839" coherenceScore="0.2289156626506024">bn:00085657v</annotation>
		<annotation source="BABELFY" anchor="hayamos" bfScore="0.9178818112049117" coherenceScore="0.1566265060240964">bn:00083184v</annotation>
		<annotation source="MCS" anchor="amado" bfScore="--" coherenceScore="--">bn:00090505v</annotation>
		<annotation source="MCS" anchor="amó" bfScore="--" coherenceScore="--">bn:00090505v</annotation>
		<annotation source="MCS" anchor="expiación" bfScore="--" coherenceScore="--">bn:00006945n</annotation>
		<annotation source="BABELFY" anchor="pecados" bfScore="0.975142895121627" coherenceScore="0.3373493975903614">bn:00071707n</annotation>
		<annotation source="BABELFY" anchor="así" bfScore="1.0" coherenceScore="0.006024096385542169">bn:00115635r</annotation>
		<annotation source="BABELFY" anchor="debemos" bfScore="1.0" coherenceScore="0.13855421686746988">bn:00091362v</annotation>
		<annotation source="MCS" anchor="amar" bfScore="--" coherenceScore="--">bn:00090505v</annotation>
		<annotation source="MCS" anchor="visto" bfScore="--" coherenceScore="--">bn:00093430v</annotation>
		<annotation source="BABELFY" anchor="jamás" bfScore="1.0" coherenceScore="0.05421686746987952">bn:00116326r</annotation>
		<annotation source="MCS" anchor="amamos" bfScore="--" coherenceScore="--">bn:00090505v</annotation>
		<annotation source="MCS" anchor="permanece" bfScore="--" coherenceScore="--">bn:00092756v</annotation>
		<annotation source="MCS" anchor="perfeccionado" bfScore="--" coherenceScore="--">bn:00085695v</annotation>
		<annotation source="MCS" anchor="sabemos" bfScore="--" coherenceScore="--">bn:00085261v</annotation>
		<annotation source="MCS" anchor="permanecemos" bfScore="--" coherenceScore="--">bn:00092756v</annotation>
		<annotation source="MCS" anchor="dado" bfScore="--" coherenceScore="--">bn:00088815v</annotation>
		<annotation source="BABELFY" anchor="hemos" bfScore="0.9178818112049117" coherenceScore="0.1566265060240964">bn:00083184v</annotation>
		<annotation source="MCS" anchor="Padre" bfScore="--" coherenceScore="--">bn:00009616n</annotation>
		<annotation source="MCS" anchor="enviado" bfScore="--" coherenceScore="--">bn:00090548v</annotation>
		<annotation source="MCS" anchor="creído" bfScore="--" coherenceScore="--">bn:00083369v</annotation>
		<annotation source="MCS" anchor="tiene" bfScore="--" coherenceScore="--">bn:00089385v</annotation>
		<annotation source="MCS" anchor="tengamos" bfScore="--" coherenceScore="--">bn:00089385v</annotation>
		<annotation source="MCS" anchor="confianza" bfScore="--" coherenceScore="--">bn:00021742n</annotation>
		<annotation source="MCS" anchor="día" bfScore="--" coherenceScore="--">bn:00000086n</annotation>
		<annotation source="MCS" anchor="juicio" bfScore="--" coherenceScore="--">bn:00048493n</annotation>
		<annotation source="BABELFY" anchor="hay" bfScore="0.9178818112049117" coherenceScore="0.1566265060240964">bn:00083184v</annotation>
		<annotation source="MCS" anchor="temor" bfScore="--" coherenceScore="--">bn:00005133n</annotation>
		<annotation source="MCS" anchor="perfecto" bfScore="--" coherenceScore="--">bn:00108442a</annotation>
		<annotation source="MCS" anchor="echa" bfScore="--" coherenceScore="--">bn:00084634v</annotation>
		<annotation source="MCS" anchor="castigo" bfScore="--" coherenceScore="--">bn:00061325n</annotation>
		<annotation source="MCS" anchor="teme" bfScore="--" coherenceScore="--">bn:00088065v</annotation>
		<annotation source="MCS" anchor="sido" bfScore="--" coherenceScore="--">bn:00083187v</annotation>
		<annotation source="MCS" anchor="primero" bfScore="--" coherenceScore="--">bn:00115376r</annotation>
		<annotation source="BABELFY" anchor="Si" bfScore="0.7024390243902439" coherenceScore="0.0963855421686747">bn:00047162n</annotation>
		<annotation source="MCS" anchor="dice" bfScore="--" coherenceScore="--">bn:00093287v</annotation>
		<annotation source="MCS" anchor="amo" bfScore="--" coherenceScore="--">bn:00090505v</annotation>
		<annotation source="BABELFY" anchor="odia" bfScore="1.0" coherenceScore="0.18072289156626506">bn:00086717v</annotation>
		<annotation source="MCS" anchor="hermano" bfScore="--" coherenceScore="--">bn:00071400n</annotation>
		<annotation source="BABELFY" anchor="mentiroso" bfScore="1.0" coherenceScore="0.006024096385542169">bn:00106593a</annotation>
		<annotation source="BABELFY" anchor="puede" bfScore="1.0" coherenceScore="0.018072289156626505">bn:00084451v</annotation>
		<annotation source="MCS" anchor="tenemos" bfScore="--" coherenceScore="--">bn:00089385v</annotation>
		<annotation source="BABELFY" anchor="mandamiento" bfScore="1.0" coherenceScore="0.18072289156626506">bn:00025657n</annotation>
		<annotation source="MCS" anchor="parte" bfScore="--" coherenceScore="--">bn:00060765n</annotation>
		<annotation source="MCS" anchor="ame" bfScore="--" coherenceScore="--">bn:00090505v</annotation>
	</annotations>
</paragraph>
<paragraph id="p.5">
	<text>
		Todo aquel que cree que Jesús es el Cristo es nacido de Dios , y todo aquel que ama al que engendró ama también al que es nacido de él
		En esto sabemos que amamos a los hijos de Dios , cuando amamos a Dios y guardamos sus mandamientos
		Pues éste es el amor de Dios : que guardemos sus mandamientos . Y sus mandamientos no son gravosos
		Porque todo lo que ha nacido de Dios vence al mundo ; y ésta es la victoria que ha vencido al mundo : nuestra fe
		¿ Quién es el que vence al mundo , sino el que cree que Jesús es el Hijo de Dios
		Éste es Jesucristo , el que vino por agua y sangre ; no por agua solamente , sino por agua y sangre . Y el Espíritu es el que da testimonio , porque el Espíritu es la verdad
		Porque tres son los que dan testimonio
		el Espíritu , el agua y la sangre ; y estos tres concuerdan en uno
		Si recibimos el testimonio de los hombres , el testimonio de Dios es mayor ; porque éste es el testimonio de Dios : que él ha dado testimonio acerca de su Hijo
		El que cree en el Hijo de Dios tiene el testimonio en sí mismo ; el que no cree a Dios le ha hecho mentiroso , porque no ha creído en el testimonio que Dios ha dado acerca de su Hijo
		Y éste es el testimonio : que Dios nos ha dado vida eterna , y esta vida está en su Hijo
		El que tiene al Hijo tiene la vida ; el que no tiene al Hijo de Dios no tiene la vida
		Estas cosas os he escrito a vosotros que creéis en el nombre del Hijo de Dios , para que sepáis que tenéis vida eterna
		Y ésta es la confianza que tenemos delante de él : que si pedimos algo conforme a su voluntad , él nos oye
		Y si sabemos que él nos oye en cualquier cosa que pidamos , sabemos que tenemos las peticiones que le hayamos hecho
		Si alguno ve que su hermano comete pecado que no es de muerte , pedirá , y se le dará vida ; digo , a los que no pecan de muerte . Hay pecado de muerte , acerca del cual no digo que se pida
		Toda maldad es pecado , pero hay pecado que no es de muerte
		Sabemos que todo aquel que ha nacido de Dios no sigue pecando ; más bien , Aquel que fue engendrado de Dios le guarda , y el maligno no le toca
		Sabemos que somos de Dios y que el mundo entero está bajo el maligno
		No obstante , sabemos que el Hijo de Dios está presente y nos ha dado entendimiento para conocer al que es verdadero ; y estamos en el verdadero , en su Hijo Jesucristo . Éste es el verdadero Dios y la vida eterna
		Hijitos , guardaos de los ídolos
	</text>
	<annotations>
		<annotation source="MCS" anchor="es" bfScore="--" coherenceScore="--">bn:00083187v</annotation>
		<annotation source="BABELFY" anchor="Cristo" bfScore="1.0" coherenceScore="0.7948717948717948">bn:00018805n</annotation>
		<annotation source="MCS" anchor="nacido" bfScore="--" coherenceScore="--">bn:00083836v</annotation>
		<annotation source="BABELFY" anchor="ama" bfScore="0.8625" coherenceScore="0.09230769230769231">bn:00090504v</annotation>
		<annotation source="BABELFY" anchor="engendró" bfScore="0.8848433530906011" coherenceScore="0.19487179487179487">bn:00083336v</annotation>
		<annotation source="MCS" anchor="ama" bfScore="--" coherenceScore="--">bn:03566145n</annotation>
		<annotation source="MCS" anchor="sabemos" bfScore="--" coherenceScore="--">bn:00085261v</annotation>
		<annotation source="BABELFY" anchor="amamos" bfScore="0.8625" coherenceScore="0.09230769230769231">bn:00090504v</annotation>
		<annotation source="MCS" anchor="hijos" bfScore="--" coherenceScore="--">bn:00024244n</annotation>
		<annotation source="MCS" anchor="guardamos" bfScore="--" coherenceScore="--">bn:00089407v</annotation>
		<annotation source="BABELFY" anchor="mandamientos" bfScore="1.0" coherenceScore="0.1794871794871795">bn:00025657n</annotation>
		<annotation source="BABELFY" anchor="Pues" bfScore="1.0" coherenceScore="0.020512820512820513">bn:00025800n</annotation>
		<annotation source="BABELFY" anchor="amor" bfScore="0.8436668833855429" coherenceScore="0.6">bn:00052121n</annotation>
		<annotation source="MCS" anchor="guardemos" bfScore="--" coherenceScore="--">bn:00089407v</annotation>
		<annotation source="MCS" anchor="son" bfScore="--" coherenceScore="--">bn:00083187v</annotation>
		<annotation source="BABELFY" anchor="ha" bfScore="0.8401869158878504" coherenceScore="0.15897435897435896">bn:00083184v</annotation>
		<annotation source="MCS" anchor="vence" bfScore="--" coherenceScore="--">bn:00083247v</annotation>
		<annotation source="MCS" anchor="mundo" bfScore="--" coherenceScore="--">bn:00029428n</annotation>
		<annotation source="MCS" anchor="victoria" bfScore="--" coherenceScore="--">bn:00078365n</annotation>
		<annotation source="MCS" anchor="vencido" bfScore="--" coherenceScore="--">bn:00083247v</annotation>
		<annotation source="BABELFY" anchor="fe" bfScore="0.9246657319700441" coherenceScore="0.8666666666666667">bn:00032768n</annotation>
		<annotation source="MCS" anchor="Hijo" bfScore="--" coherenceScore="--">bn:00024244n</annotation>
		<annotation source="BABELFY" anchor="Jesucristo" bfScore="1.0" coherenceScore="0.7948717948717948">bn:00018805n</annotation>
		<annotation source="MCS" anchor="vino" bfScore="--" coherenceScore="--">bn:00082788v</annotation>
		<annotation source="BABELFY" anchor="agua" bfScore="0.8353846153846154" coherenceScore="0.4307692307692308">bn:00042379n</annotation>
		<annotation source="MCS" anchor="sangre" bfScore="--" coherenceScore="--">bn:00011346n</annotation>
		<annotation source="BABELFY" anchor="solamente" bfScore="0.9943820224719101" coherenceScore="0.30256410256410254">bn:00114626r</annotation>
		<annotation source="MCS" anchor="Espíritu" bfScore="--" coherenceScore="--">bn:00033960n</annotation>
		<annotation source="MCS" anchor="da" bfScore="--" coherenceScore="--">bn:00088815v</annotation>
		<annotation source="MCS" anchor="testimonio" bfScore="--" coherenceScore="--">bn:00076677n</annotation>
		<annotation source="BABELFY" anchor="verdad" bfScore="0.938545940712738" coherenceScore="0.6">bn:00072816n</annotation>
		<annotation source="MCS" anchor="dan" bfScore="--" coherenceScore="--">bn:00088815v</annotation>
		<annotation source="BABELFY" anchor="testimonio" bfScore="0.7374213836477987" coherenceScore="0.1794871794871795">bn:00083245v</annotation>
		<annotation source="BABELFY" anchor="concuerdan" bfScore="0.8411214953271028" coherenceScore="0.046153846153846156">bn:00085537v</annotation>
		<annotation source="MCS" anchor="Si" bfScore="--" coherenceScore="--">bn:00047162n</annotation>
		<annotation source="MCS" anchor="recibimos" bfScore="--" coherenceScore="--">bn:00089246v</annotation>
		<annotation source="MCS" anchor="hombres" bfScore="--" coherenceScore="--">bn:00001533n</annotation>
		<annotation source="MCS" anchor="mayor" bfScore="--" coherenceScore="--">bn:00098342a</annotation>
		<annotation source="MCS" anchor="dado" bfScore="--" coherenceScore="--">bn:00088815v</annotation>
		<annotation source="BABELFY" anchor="acerca" bfScore="1.0" coherenceScore="0.020512820512820513">bn:00114076r</annotation>
		<annotation source="MCS" anchor="tiene" bfScore="--" coherenceScore="--">bn:00089385v</annotation>
		<annotation source="MCS" anchor="mismo" bfScore="--" coherenceScore="--">bn:00110076a</annotation>
		<annotation source="MCS" anchor="hecho" bfScore="--" coherenceScore="--">bn:00087107v</annotation>
		<annotation source="MCS" anchor="mentiroso" bfScore="--" coherenceScore="--">bn:00106593a</annotation>
		<annotation source="MCS" anchor="creído" bfScore="--" coherenceScore="--">bn:00083369v</annotation>
		<annotation source="MCS" anchor="vida" bfScore="--" coherenceScore="--">bn:00002761n</annotation>
		<annotation source="MCS" anchor="vida eterna" bfScore="--" coherenceScore="--">bn:00031685n</annotation>
		<annotation source="MCS" anchor="eterna" bfScore="--" coherenceScore="--">bn:00096562a</annotation>
		<annotation source="MCS" anchor="cosas" bfScore="--" coherenceScore="--">bn:00076925n</annotation>
		<annotation source="BABELFY" anchor="he" bfScore="0.8401869158878504" coherenceScore="0.15897435897435896">bn:00083184v</annotation>
		<annotation source="BABELFY" anchor="escrito" bfScore="0.7777777777777778" coherenceScore="0.035897435897435895">bn:00090037v</annotation>
		<annotation source="MCS" anchor="nombre" bfScore="--" coherenceScore="--">bn:00056758n</annotation>
		<annotation source="MCS" anchor="sepáis" bfScore="--" coherenceScore="--">bn:00085261v</annotation>
		<annotation source="MCS" anchor="tenéis" bfScore="--" coherenceScore="--">bn:00089385v</annotation>
		<annotation source="MCS" anchor="confianza" bfScore="--" coherenceScore="--">bn:00021742n</annotation>
		<annotation source="MCS" anchor="tenemos" bfScore="--" coherenceScore="--">bn:00089385v</annotation>
		<annotation source="BABELFY" anchor="delante" bfScore="1.0" coherenceScore="0.010256410256410256">bn:00114182r</annotation>
		<annotation source="MCS" anchor="pedimos" bfScore="--" coherenceScore="--">bn:00082818v</annotation>
		<annotation source="BABELFY" anchor="conforme" bfScore="1.0" coherenceScore="0.005128205128205128">bn:00099205a</annotation>
		<annotation source="MCS" anchor="voluntad" bfScore="--" coherenceScore="--">bn:00081239n</annotation>
		<annotation source="BABELFY" anchor="oye" bfScore="0.918918918918919" coherenceScore="0.08717948717948718">bn:00089277v</annotation>
		<annotation source="MCS" anchor="cosa" bfScore="--" coherenceScore="--">bn:00076925n</annotation>
		<annotation source="MCS" anchor="pidamos" bfScore="--" coherenceScore="--">bn:00082818v</annotation>
		<annotation source="MCS" anchor="peticiones" bfScore="--" coherenceScore="--">bn:00009665n</annotation>
		<annotation source="BABELFY" anchor="hayamos" bfScore="0.8401869158878504" coherenceScore="0.15897435897435896">bn:00083184v</annotation>
		<annotation source="MCS" anchor="ve" bfScore="--" coherenceScore="--">bn:00093430v</annotation>
		<annotation source="MCS" anchor="hermano" bfScore="--" coherenceScore="--">bn:00071400n</annotation>
		<annotation source="MCS" anchor="come" bfScore="--" coherenceScore="--">bn:00087461v</annotation>
		<annotation source="BABELFY" anchor="pecado" bfScore="0.9306102362204725" coherenceScore="0.31794871794871793">bn:00071707n</annotation>
		<annotation source="BABELFY" anchor="muerte" bfScore="0.8040960479845313" coherenceScore="0.7282051282051282">bn:00025582n</annotation>
		<annotation source="MCS" anchor="pedirá" bfScore="--" coherenceScore="--">bn:00082818v</annotation>
		<annotation source="MCS" anchor="dará" bfScore="--" coherenceScore="--">bn:00088815v</annotation>
		<annotation source="MCS" anchor="digo" bfScore="--" coherenceScore="--">bn:00093287v</annotation>
		<annotation source="MCS" anchor="pecan" bfScore="--" coherenceScore="--">bn:00093756v</annotation>
		<annotation source="BABELFY" anchor="Hay" bfScore="0.8401869158878504" coherenceScore="0.15897435897435896">bn:00083184v</annotation>
		<annotation source="MCS" anchor="pecado" bfScore="--" coherenceScore="--">bn:00093756v</annotation>
		<annotation source="MCS" anchor="pida" bfScore="--" coherenceScore="--">bn:00082818v</annotation>
		<annotation source="BABELFY" anchor="Toda" bfScore="1.0" coherenceScore="0.17435897435897435">bn:00958448n</annotation>
		<annotation source="MCS" anchor="maldad" bfScore="--" coherenceScore="--">bn:00007875n</annotation>
		<annotation source="BABELFY" anchor="hay" bfScore="0.8401869158878504" coherenceScore="0.15897435897435896">bn:00083184v</annotation>
		<annotation source="MCS" anchor="Sabemos" bfScore="--" coherenceScore="--">bn:00085261v</annotation>
		<annotation source="MCS" anchor="sigue" bfScore="--" coherenceScore="--">bn:00088421v</annotation>
		<annotation source="MCS" anchor="pecando" bfScore="--" coherenceScore="--">bn:00093756v</annotation>
		<annotation source="BABELFY" anchor="bien" bfScore="0.9" coherenceScore="0.015384615384615385">bn:00115530r</annotation>
		<annotation source="BABELFY" anchor="Aquel" bfScore="1.0" coherenceScore="0.015384615384615385">bn:00026653n</annotation>
		<annotation source="MCS" anchor="fue" bfScore="--" coherenceScore="--">bn:00083187v</annotation>
		<annotation source="BABELFY" anchor="engendrado" bfScore="0.8848433530906011" coherenceScore="0.19487179487179487">bn:00083336v</annotation>
		<annotation source="MCS" anchor="guarda" bfScore="--" coherenceScore="--">bn:00089407v</annotation>
		<annotation source="MCS" anchor="maligno" bfScore="--" coherenceScore="--">bn:00103997a</annotation>
		<annotation source="MCS" anchor="toca" bfScore="--" coherenceScore="--">bn:00095040v</annotation>
		<annotation source="MCS" anchor="somos" bfScore="--" coherenceScore="--">bn:00083187v</annotation>
		<annotation source="MCS" anchor="entero" bfScore="--" coherenceScore="--">bn:00102277a</annotation>
		<annotation source="BABELFY" anchor="No obstante" bfScore="1.0" coherenceScore="0.046153846153846156">bn:00114216r</annotation>
		<annotation source="MCS" anchor="presente" bfScore="--" coherenceScore="--">bn:00108978a</annotation>
		<annotation source="MCS" anchor="entendimiento" bfScore="--" coherenceScore="--">bn:17168157n</annotation>
		<annotation source="MCS" anchor="conocer" bfScore="--" coherenceScore="--">bn:00090725v</annotation>
		<annotation source="MCS" anchor="verdadero" bfScore="--" coherenceScore="--">bn:00112146a</annotation>
		<annotation source="MCS" anchor="Hijitos" bfScore="--" coherenceScore="--">bn:00024244n</annotation>
		<annotation source="MCS" anchor="ídolos" bfScore="--" coherenceScore="--">bn:03084163n</annotation>
	</annotations>
</paragraph>
</dataset>
