<?xml version="1.0" encoding="utf-8"?>
<dataset language="ES" title="1TH">
<paragraph id="p.1">
	<text>
		Pablo , Silas y Timoteo ; a la iglesia de los tesalonicenses , en Dios Padre y en el Señor Jesucristo : Gracia a vosotros y paz
		Damos siempre gracias a Dios por todos vosotros , haciendo mención de vosotros en nuestras oraciones
		Nos acordamos sin cesar , delante del Dios y Padre nuestro , de la obra de vuestra fe , del trabajo de vuestro amor y de la perseverancia de vuestra esperanza en nuestro Señor Jesucristo
		Porque hemos conocido , hermanos amados de Dios , vuestra elección
		por cuanto nuestro evangelio no llegó a vosotros sólo en palabras , sino también en poder y en el Espíritu Santo , y en plena convicción . Vosotros sabéis de qué manera actuamos entre vosotros a vuestro favor
		También os hicisteis imitadores de nosotros y del Señor , recibiendo la palabra en medio de gran tribulación , con gozo del Espíritu Santo
		de tal manera que habéis sido ejemplo a todos los creyentes en Macedonia y en Acaya
		Porque la palabra del Señor ha resonado desde vosotros , no sólo en Macedonia y en Acaya , sino que también vuestra fe en Dios se ha extendido a todo lugar , de modo que nosotros no tenemos necesidad de decir nada
		Pues ellos mismos cuentan de nosotros la buena recepción que tuvimos por parte de vosotros , y cómo os convertisteis de los ídolos a Dios , para servir al Dios vivo y verdader
		y para esperar de los cielos a su Hijo , a quien resucitó de entre los muertos , a Jesús , quien nos libra de la ira venidera
	</text>
	<annotations>
		<annotation source="BABELFY" anchor="Pablo" bfScore="0.9946808510638298" coherenceScore="0.504950495049505">bn:00004984n</annotation>
		<annotation source="BABELFY" anchor="Silas" bfScore="0.9981515711645101" coherenceScore="0.1782178217821782">bn:00850383n</annotation>
		<annotation source="MCS" anchor="iglesia" bfScore="--" coherenceScore="--">bn:00018995n</annotation>
		<annotation source="MCS" anchor="Padre" bfScore="--" coherenceScore="--">bn:00009616n</annotation>
		<annotation source="MCS" anchor="Señor" bfScore="--" coherenceScore="--">bn:00055346n</annotation>
		<annotation source="BABELFY" anchor="Señor Jesucristo" bfScore="1.0" coherenceScore="0.801980198019802">bn:00018805n</annotation>
		<annotation source="BABELFY" anchor="Jesucristo" bfScore="1.0" coherenceScore="0.801980198019802">bn:00018805n</annotation>
		<annotation source="MCS" anchor="Gracia" bfScore="--" coherenceScore="--">bn:00041227n</annotation>
		<annotation source="MCS" anchor="paz" bfScore="--" coherenceScore="--">bn:00061149n</annotation>
		<annotation source="MCS" anchor="Damos" bfScore="--" coherenceScore="--">bn:00088815v</annotation>
		<annotation source="BABELFY" anchor="siempre" bfScore="0.7142857142857143" coherenceScore="0.04950495049504951">bn:00114250r</annotation>
		<annotation source="MCS" anchor="gracias" bfScore="--" coherenceScore="--">bn:00041227n</annotation>
		<annotation source="MCS" anchor="haciendo" bfScore="--" coherenceScore="--">bn:00087107v</annotation>
		<annotation source="MCS" anchor="mención" bfScore="--" coherenceScore="--">bn:00054390n</annotation>
		<annotation source="BABELFY" anchor="oraciones" bfScore="0.7060758938363676" coherenceScore="0.36633663366336633">bn:00059529n</annotation>
		<annotation source="BABELFY" anchor="Nos acordamos" bfScore="1.0" coherenceScore="0.09900990099009901">bn:00084413v</annotation>
		<annotation source="MCS" anchor="acordamos" bfScore="--" coherenceScore="--">bn:00086716v</annotation>
		<annotation source="MCS" anchor="cesar" bfScore="--" coherenceScore="--">bn:00084710v</annotation>
		<annotation source="MCS" anchor="delante" bfScore="--" coherenceScore="--">bn:00114182r</annotation>
		<annotation source="BABELFY" anchor="Padre nuestro" bfScore="0.7549467275494672" coherenceScore="0.31683168316831684">bn:00052019n</annotation>
		<annotation source="MCS" anchor="obra" bfScore="--" coherenceScore="--">bn:00011767n</annotation>
		<annotation source="BABELFY" anchor="fe" bfScore="0.9608068219088226" coherenceScore="0.8316831683168316">bn:00032768n</annotation>
		<annotation source="MCS" anchor="trabajo" bfScore="--" coherenceScore="--">bn:00014138n</annotation>
		<annotation source="BABELFY" anchor="amor" bfScore="0.9129738387613454" coherenceScore="0.5643564356435643">bn:00052121n</annotation>
		<annotation source="BABELFY" anchor="perseverancia" bfScore="1.0" coherenceScore="0.039603960396039604">bn:00028079n</annotation>
		<annotation source="MCS" anchor="esperanza" bfScore="--" coherenceScore="--">bn:00044737n</annotation>
		<annotation source="BABELFY" anchor="nuestro Señor Jesucristo" bfScore="1.0" coherenceScore="0.801980198019802">bn:00018805n</annotation>
		<annotation source="BABELFY" anchor="hemos" bfScore="0.7804878048780488" coherenceScore="0.15841584158415842">bn:00083184v</annotation>
		<annotation source="MCS" anchor="conocido" bfScore="--" coherenceScore="--">bn:00090725v</annotation>
		<annotation source="MCS" anchor="hermanos" bfScore="--" coherenceScore="--">bn:00071400n</annotation>
		<annotation source="MCS" anchor="elección" bfScore="--" coherenceScore="--">bn:00030113n</annotation>
		<annotation source="BABELFY" anchor="evangelio" bfScore="0.8584202682563339" coherenceScore="0.4752475247524752">bn:00031976n</annotation>
		<annotation source="MCS" anchor="llegó" bfScore="--" coherenceScore="--">bn:00082788v</annotation>
		<annotation source="BABELFY" anchor="sólo" bfScore="0.8520710059171598" coherenceScore="0.1188118811881188">bn:00114626r</annotation>
		<annotation source="BABELFY" anchor="palabras" bfScore="0.9181512395664632" coherenceScore="0.6633663366336634">bn:00081546n</annotation>
		<annotation source="BABELFY" anchor="poder" bfScore="0.7203166226912929" coherenceScore="0.25742574257425743">bn:00063940n</annotation>
		<annotation source="MCS" anchor="Espíritu" bfScore="--" coherenceScore="--">bn:00033960n</annotation>
		<annotation source="BABELFY" anchor="Espíritu Santo" bfScore="0.9187424425634825" coherenceScore="0.5742574257425742">bn:00645230n</annotation>
		<annotation source="MCS" anchor="Santo" bfScore="--" coherenceScore="--">bn:00053896n</annotation>
		<annotation source="BABELFY" anchor="plena" bfScore="0.9" coherenceScore="0.0297029702970297">bn:00096195a</annotation>
		<annotation source="BABELFY" anchor="convicción" bfScore="0.8591679506933744" coherenceScore="0.40594059405940597">bn:00009716n</annotation>
		<annotation source="MCS" anchor="sabéis" bfScore="--" coherenceScore="--">bn:00085261v</annotation>
		<annotation source="BABELFY" anchor="manera" bfScore="0.7547841566533156" coherenceScore="0.31683168316831684">bn:00033729n</annotation>
		<annotation source="MCS" anchor="actuamos" bfScore="--" coherenceScore="--">bn:00082285v</annotation>
		<annotation source="MCS" anchor="favor" bfScore="--" coherenceScore="--">bn:00033832n</annotation>
		<annotation source="MCS" anchor="hicisteis" bfScore="--" coherenceScore="--">bn:00087107v</annotation>
		<annotation source="BABELFY" anchor="recibiendo" bfScore="0.7427184466019418" coherenceScore="0.16831683168316833">bn:00092494v</annotation>
		<annotation source="BABELFY" anchor="palabra" bfScore="0.9693389965489779" coherenceScore="0.6633663366336634">bn:00081546n</annotation>
		<annotation source="MCS" anchor="medio" bfScore="--" coherenceScore="--">bn:00054149n</annotation>
		<annotation source="BABELFY" anchor="gran" bfScore="0.7250755287009063" coherenceScore="0.1485148514851485">bn:00101605a</annotation>
		<annotation source="BABELFY" anchor="gran tribulación" bfScore="1.0" coherenceScore="0.15841584158415842">bn:02492215n</annotation>
		<annotation source="MCS" anchor="tribulación" bfScore="--" coherenceScore="--">bn:00078200n</annotation>
		<annotation source="BABELFY" anchor="habéis" bfScore="0.7804878048780488" coherenceScore="0.15841584158415842">bn:00083184v</annotation>
		<annotation source="MCS" anchor="sido" bfScore="--" coherenceScore="--">bn:00083187v</annotation>
		<annotation source="MCS" anchor="ejemplo" bfScore="--" coherenceScore="--">bn:00032100n</annotation>
		<annotation source="BABELFY" anchor="ha" bfScore="0.7804878048780488" coherenceScore="0.15841584158415842">bn:00083184v</annotation>
		<annotation source="BABELFY" anchor="resonado" bfScore="0.8181818181818182" coherenceScore="0.0891089108910891">bn:00087474v</annotation>
		<annotation source="MCS" anchor="extendido" bfScore="--" coherenceScore="--">bn:00084121v</annotation>
		<annotation source="MCS" anchor="lugar" bfScore="--" coherenceScore="--">bn:00062699n</annotation>
		<annotation source="MCS" anchor="modo" bfScore="--" coherenceScore="--">bn:00055441n</annotation>
		<annotation source="MCS" anchor="tenemos" bfScore="--" coherenceScore="--">bn:00089385v</annotation>
		<annotation source="MCS" anchor="necesidad" bfScore="--" coherenceScore="--">bn:00026107n</annotation>
		<annotation source="MCS" anchor="decir" bfScore="--" coherenceScore="--">bn:00093287v</annotation>
		<annotation source="BABELFY" anchor="Pues" bfScore="1.0" coherenceScore="0.0891089108910891">bn:00025800n</annotation>
		<annotation source="MCS" anchor="mismos" bfScore="--" coherenceScore="--">bn:00110076a</annotation>
		<annotation source="MCS" anchor="cuentan" bfScore="--" coherenceScore="--">bn:00085859v</annotation>
		<annotation source="MCS" anchor="buena" bfScore="--" coherenceScore="--">bn:00103672a</annotation>
		<annotation source="MCS" anchor="recepción" bfScore="--" coherenceScore="--">bn:00066510n</annotation>
		<annotation source="MCS" anchor="tuvimos" bfScore="--" coherenceScore="--">bn:00089385v</annotation>
		<annotation source="MCS" anchor="parte" bfScore="--" coherenceScore="--">bn:00060765n</annotation>
		<annotation source="MCS" anchor="cómo" bfScore="--" coherenceScore="--">bn:13703918r</annotation>
		<annotation source="MCS" anchor="ídolos" bfScore="--" coherenceScore="--">bn:03084163n</annotation>
		<annotation source="MCS" anchor="servir" bfScore="--" coherenceScore="--">bn:00089309v</annotation>
		<annotation source="BABELFY" anchor="vivo" bfScore="0.7692307692307693" coherenceScore="0.19801980198019803">bn:00106091a</annotation>
		<annotation source="MCS" anchor="esperar" bfScore="--" coherenceScore="--">bn:00089401v</annotation>
		<annotation source="MCS" anchor="cielos" bfScore="--" coherenceScore="--">bn:00072016n</annotation>
		<annotation source="MCS" anchor="Hijo" bfScore="--" coherenceScore="--">bn:00024244n</annotation>
		<annotation source="MCS" anchor="resucitó" bfScore="--" coherenceScore="--">bn:00092923v</annotation>
		<annotation source="MCS" anchor="muertos" bfScore="--" coherenceScore="--">bn:00100948a</annotation>
		<annotation source="MCS" anchor="libra" bfScore="--" coherenceScore="--">bn:00050327n</annotation>
		<annotation source="MCS" anchor="ira" bfScore="--" coherenceScore="--">bn:00004085n</annotation>
		<annotation source="BABELFY" anchor="venidera" bfScore="1.0" coherenceScore="0.04950495049504951">bn:00112386a</annotation>
	</annotations>
</paragraph>
<paragraph id="p.2">
	<text>
		Porque vosotros mismos sabéis , hermanos , en cuanto a nuestra visita a vosotros , que no fue en vano
		Al contrario , a pesar de que habíamos padecido antes y habíamos sido maltratados en Filipos , como sabéis , tuvimos valentía en nuestro Dios para anunciaros el evangelio de Dios en medio de grande conflicto
		Pues nuestra exhortación no procedía de error ni de motivos impuros , ni fue con engaño
		Más bien , según fuimos aprobados por Dios para ser encomendados con el evangelio , así hablamos ; no como quienes buscan agradar a los hombres , sino a Dios quien examina nuestros corazones
		Porque , como sabéis , nunca usamos palabras lisonjeras ni tampoco palabras como pretexto para la avaricia ; Dios es testigo
		Tampoco buscamos gloria de parte de los hombres , ni de vosotros , ni de otros ; aunque podríamos haberos sido carga como apóstoles de Cristo
		Más bien , entre vosotros fuimos tiernos , como la nodriza que cría y cuida a sus propios hijos
		Tanto es nuestro cariño para vosotros que nos parecía bien entregaros no sólo el evangelio de Dios sino también nuestras propias vidas , porque habéis llegado a sernos muy amados
		Porque os acordáis , hermanos , de nuestro arduo trabajo y fatiga ; que trabajando de día y de noche para no ser gravosos a ninguno de vosotros , os predicamos el evangelio de Dios
		Vosotros sois testigos , y Dios también , de cuán santa , justa e irreprensiblemente actuamos entre vosotros los creyentes
		En esto , sabéis que fuimos para cada uno de vosotros como el padre para sus propios hijos : Os exhortábamos , os animábamo
		y os insistíamos en que anduvieseis como es digno de Dios , que os llama a su propio reino y gloria
		Por esta razón , nosotros también damos gracias a Dios sin cesar ; porque cuando recibisteis la palabra de Dios que oísteis de parte nuestra , la aceptasteis , no como palabra de hombres , sino como lo que es de veras , la palabra de Dios quien obra en vosotros los que creéis
		Porque vosotros , hermanos , llegasteis a ser imitadores de las iglesias de Dios en Cristo Jesús que están en Judea ; pues también vosotros habéis padecido las mismas cosas de vuestros propios compatriotas , como ellos de los judíos
		Éstos mataron tanto al Señor Jesús como a los profetas ; a nosotros nos han perseguido ; no agradan a Dios y se oponen a todos los hombres
		prohibiéndonos hablar a los gentiles a fin de que sean salvos . Así colman siempre la medida de sus pecados . ¡ Pero la ira de Dios viene sobre ellos hasta el extremo
		Pero nosotros , hermanos , apartados de vosotros por un poco de tiempo , de vista pero no de corazón , procuramos con mayor empeño y con mucho deseo veros personalmente
		Por eso quisimos ir a vosotros ( yo Pablo , una y otra vez ) , pero Satanás nos lo impidió
		Porque , ¿ cuál es nuestra esperanza , gozo o corona de orgullo delante del Señor Jesucristo en su venida ? ¿ Acaso no lo sois vosotros
		En efecto , vosotros sois nuestra gloria y gozo
	</text>
	<annotations>
		<annotation source="MCS" anchor="mismos" bfScore="--" coherenceScore="--">bn:00110076a</annotation>
		<annotation source="MCS" anchor="sabéis" bfScore="--" coherenceScore="--">bn:00085261v</annotation>
		<annotation source="MCS" anchor="hermanos" bfScore="--" coherenceScore="--">bn:00071400n</annotation>
		<annotation source="MCS" anchor="visita" bfScore="--" coherenceScore="--">bn:00080111n</annotation>
		<annotation source="MCS" anchor="fue" bfScore="--" coherenceScore="--">bn:00083187v</annotation>
		<annotation source="MCS" anchor="vano" bfScore="--" coherenceScore="--">bn:00103448a</annotation>
		<annotation source="MCS" anchor="contrario" bfScore="--" coherenceScore="--">bn:00047338n</annotation>
		<annotation source="BABELFY" anchor="pesar" bfScore="0.7873107426099495" coherenceScore="0.14285714285714285">bn:00089182v</annotation>
		<annotation source="BABELFY" anchor="habíamos" bfScore="0.7446808510638298" coherenceScore="0.11538461538461539">bn:00083184v</annotation>
		<annotation source="MCS" anchor="padecido" bfScore="--" coherenceScore="--">bn:00089245v</annotation>
		<annotation source="MCS" anchor="sido" bfScore="--" coherenceScore="--">bn:00083187v</annotation>
		<annotation source="BABELFY" anchor="maltratados" bfScore="1.0" coherenceScore="0.027472527472527472">bn:00082184v</annotation>
		<annotation source="MCS" anchor="Filipos" bfScore="--" coherenceScore="--">bn:00061962n</annotation>
		<annotation source="MCS" anchor="tuvimos" bfScore="--" coherenceScore="--">bn:00089385v</annotation>
		<annotation source="MCS" anchor="valentía" bfScore="--" coherenceScore="--">bn:00012839n</annotation>
		<annotation source="BABELFY" anchor="evangelio" bfScore="0.7973856209150327" coherenceScore="0.3076923076923077">bn:00031976n</annotation>
		<annotation source="MCS" anchor="medio" bfScore="--" coherenceScore="--">bn:00054149n</annotation>
		<annotation source="BABELFY" anchor="grande" bfScore="0.7440174039158811" coherenceScore="0.2087912087912088">bn:00113978a</annotation>
		<annotation source="MCS" anchor="conflicto" bfScore="--" coherenceScore="--">bn:00021769n</annotation>
		<annotation source="BABELFY" anchor="Pues" bfScore="1.0" coherenceScore="0.07142857142857142">bn:00025800n</annotation>
		<annotation source="MCS" anchor="procedía" bfScore="--" coherenceScore="--">bn:00085715v</annotation>
		<annotation source="MCS" anchor="error" bfScore="--" coherenceScore="--">bn:00031485n</annotation>
		<annotation source="MCS" anchor="motivos" bfScore="--" coherenceScore="--">bn:00048587n</annotation>
		<annotation source="MCS" anchor="engaño" bfScore="--" coherenceScore="--">bn:00023504n</annotation>
		<annotation source="MCS" anchor="bien" bfScore="--" coherenceScore="--">bn:00115530r</annotation>
		<annotation source="MCS" anchor="aprobados" bfScore="--" coherenceScore="--">bn:00090590v</annotation>
		<annotation source="MCS" anchor="ser" bfScore="--" coherenceScore="--">bn:00083187v</annotation>
		<annotation source="BABELFY" anchor="encomendados" bfScore="0.7582938388625592" coherenceScore="0.08791208791208792">bn:00085414v</annotation>
		<annotation source="BABELFY" anchor="así" bfScore="1.0" coherenceScore="0.02197802197802198">bn:00115635r</annotation>
		<annotation source="MCS" anchor="hablamos" bfScore="--" coherenceScore="--">bn:00094090v</annotation>
		<annotation source="MCS" anchor="buscan" bfScore="--" coherenceScore="--">bn:00090460v</annotation>
		<annotation source="MCS" anchor="agradar" bfScore="--" coherenceScore="--">bn:00086519v</annotation>
		<annotation source="MCS" anchor="hombres" bfScore="--" coherenceScore="--">bn:00001533n</annotation>
		<annotation source="MCS" anchor="examina" bfScore="--" coherenceScore="--">bn:00087787v</annotation>
		<annotation source="MCS" anchor="corazones" bfScore="--" coherenceScore="--">bn:00043383n</annotation>
		<annotation source="BABELFY" anchor="nunca" bfScore="0.8407643312101911" coherenceScore="0.06043956043956044">bn:00116326r</annotation>
		<annotation source="BABELFY" anchor="usamos" bfScore="0.7787610619469026" coherenceScore="0.08791208791208792">bn:00095474v</annotation>
		<annotation source="BABELFY" anchor="palabras" bfScore="0.9266297508180217" coherenceScore="0.6098901098901099">bn:00081546n</annotation>
		<annotation source="MCS" anchor="tampoco" bfScore="--" coherenceScore="--">bn:13664534r</annotation>
		<annotation source="BABELFY" anchor="pretexto" bfScore="1.0" coherenceScore="0.027472527472527472">bn:00085798v</annotation>
		<annotation source="MCS" anchor="avaricia" bfScore="--" coherenceScore="--">bn:00055293n</annotation>
		<annotation source="MCS" anchor="es" bfScore="--" coherenceScore="--">bn:00083187v</annotation>
		<annotation source="MCS" anchor="testigo" bfScore="--" coherenceScore="--">bn:00081454n</annotation>
		<annotation source="MCS" anchor="Tampoco" bfScore="--" coherenceScore="--">bn:13664534r</annotation>
		<annotation source="MCS" anchor="buscamos" bfScore="--" coherenceScore="--">bn:00090460v</annotation>
		<annotation source="MCS" anchor="gloria" bfScore="--" coherenceScore="--">bn:00040711n</annotation>
		<annotation source="MCS" anchor="parte" bfScore="--" coherenceScore="--">bn:00060765n</annotation>
		<annotation source="BABELFY" anchor="podríamos" bfScore="1.0" coherenceScore="0.016483516483516484">bn:00084451v</annotation>
		<annotation source="BABELFY" anchor="haberos" bfScore="0.7446808510638298" coherenceScore="0.11538461538461539">bn:00083184v</annotation>
		<annotation source="MCS" anchor="carga" bfScore="--" coherenceScore="--">bn:00016047n</annotation>
		<annotation source="BABELFY" anchor="apóstoles" bfScore="0.8166877370417194" coherenceScore="0.2087912087912088">bn:00004982n</annotation>
		<annotation source="BABELFY" anchor="Cristo" bfScore="0.9994396503418133" coherenceScore="0.7142857142857143">bn:00018805n</annotation>
		<annotation source="MCS" anchor="tiernos" bfScore="--" coherenceScore="--">bn:00096597a</annotation>
		<annotation source="MCS" anchor="nodriza" bfScore="--" coherenceScore="--">bn:00003199n</annotation>
		<annotation source="MCS" anchor="cría" bfScore="--" coherenceScore="--">bn:00084108v</annotation>
		<annotation source="MCS" anchor="cuida" bfScore="--" coherenceScore="--">bn:00084525v</annotation>
		<annotation source="BABELFY" anchor="propios" bfScore="0.7005586592178771" coherenceScore="0.1813186813186813">bn:00096707a</annotation>
		<annotation source="MCS" anchor="hijos" bfScore="--" coherenceScore="--">bn:00024244n</annotation>
		<annotation source="MCS" anchor="cariño" bfScore="--" coherenceScore="--">bn:00006989n</annotation>
		<annotation source="MCS" anchor="parecía" bfScore="--" coherenceScore="--">bn:00082690v</annotation>
		<annotation source="BABELFY" anchor="sólo" bfScore="0.9671801741460148" coherenceScore="0.2087912087912088">bn:00114626r</annotation>
		<annotation source="BABELFY" anchor="propias" bfScore="0.7005586592178771" coherenceScore="0.1813186813186813">bn:00096707a</annotation>
		<annotation source="MCS" anchor="vidas" bfScore="--" coherenceScore="--">bn:00002761n</annotation>
		<annotation source="BABELFY" anchor="habéis" bfScore="0.7446808510638298" coherenceScore="0.11538461538461539">bn:00083184v</annotation>
		<annotation source="MCS" anchor="llegado" bfScore="--" coherenceScore="--">bn:00082788v</annotation>
		<annotation source="MCS" anchor="sernos" bfScore="--" coherenceScore="--">bn:00083187v</annotation>
		<annotation source="MCS" anchor="acordáis" bfScore="--" coherenceScore="--">bn:00086716v</annotation>
		<annotation source="MCS" anchor="arduo" bfScore="--" coherenceScore="--">bn:00097472a</annotation>
		<annotation source="MCS" anchor="trabajo" bfScore="--" coherenceScore="--">bn:00014138n</annotation>
		<annotation source="MCS" anchor="fatiga" bfScore="--" coherenceScore="--">bn:00033801n</annotation>
		<annotation source="MCS" anchor="trabajando" bfScore="--" coherenceScore="--">bn:00095812v</annotation>
		<annotation source="MCS" anchor="día" bfScore="--" coherenceScore="--">bn:00000086n</annotation>
		<annotation source="MCS" anchor="noche" bfScore="--" coherenceScore="--">bn:00025236n</annotation>
		<annotation source="BABELFY" anchor="predicamos" bfScore="0.9620253164556962" coherenceScore="0.1043956043956044">bn:00091922v</annotation>
		<annotation source="BABELFY" anchor="Vosotros" bfScore="1.0" coherenceScore="0.03296703296703297">bn:03231238n</annotation>
		<annotation source="MCS" anchor="sois" bfScore="--" coherenceScore="--">bn:00083187v</annotation>
		<annotation source="MCS" anchor="testigos" bfScore="--" coherenceScore="--">bn:00081454n</annotation>
		<annotation source="MCS" anchor="santa" bfScore="--" coherenceScore="--">bn:00053896n</annotation>
		<annotation source="BABELFY" anchor="justa" bfScore="0.8620689655172413" coherenceScore="0.027472527472527472">bn:00048465n</annotation>
		<annotation source="MCS" anchor="actuamos" bfScore="--" coherenceScore="--">bn:00082285v</annotation>
		<annotation source="MCS" anchor="padre" bfScore="--" coherenceScore="--">bn:00009616n</annotation>
		<annotation source="BABELFY" anchor="insistíamos" bfScore="0.8" coherenceScore="0.01098901098901099">bn:00089629v</annotation>
		<annotation source="MCS" anchor="digno" bfScore="--" coherenceScore="--">bn:00113948a</annotation>
		<annotation source="MCS" anchor="llama" bfScore="--" coherenceScore="--">bn:00084386v</annotation>
		<annotation source="BABELFY" anchor="propio" bfScore="0.7005586592178771" coherenceScore="0.1813186813186813">bn:00096707a</annotation>
		<annotation source="MCS" anchor="reino" bfScore="--" coherenceScore="--">bn:00049171n</annotation>
		<annotation source="BABELFY" anchor="razón" bfScore="0.8080977845683728" coherenceScore="0.4725274725274725">bn:00047021n</annotation>
		<annotation source="MCS" anchor="damos" bfScore="--" coherenceScore="--">bn:00088815v</annotation>
		<annotation source="MCS" anchor="gracias" bfScore="--" coherenceScore="--">bn:00041227n</annotation>
		<annotation source="BABELFY" anchor="cesar" bfScore="0.8962962962962963" coherenceScore="0.06043956043956044">bn:00084711v</annotation>
		<annotation source="BABELFY" anchor="palabra" bfScore="0.9617467400251267" coherenceScore="0.6098901098901099">bn:00081546n</annotation>
		<annotation source="BABELFY" anchor="veras" bfScore="0.8768115942028986" coherenceScore="0.06043956043956044">bn:01813354n</annotation>
		<annotation source="BABELFY" anchor="obra" bfScore="1.0" coherenceScore="0.04945054945054945">bn:00082286v</annotation>
		<annotation source="MCS" anchor="llegasteis" bfScore="--" coherenceScore="--">bn:00082788v</annotation>
		<annotation source="MCS" anchor="iglesias" bfScore="--" coherenceScore="--">bn:00018995n</annotation>
		<annotation source="BABELFY" anchor="Cristo Jesús" bfScore="1.0" coherenceScore="0.7142857142857143">bn:00018805n</annotation>
		<annotation source="BABELFY" anchor="Judea" bfScore="1.0" coherenceScore="0.13186813186813187">bn:00048478n</annotation>
		<annotation source="MCS" anchor="mismas" bfScore="--" coherenceScore="--">bn:00110076a</annotation>
		<annotation source="MCS" anchor="cosas" bfScore="--" coherenceScore="--">bn:00076925n</annotation>
		<annotation source="MCS" anchor="compatriotas" bfScore="--" coherenceScore="--">bn:00021325n</annotation>
		<annotation source="BABELFY" anchor="judíos" bfScore="0.9901345291479821" coherenceScore="0.3626373626373626">bn:00043492n</annotation>
		<annotation source="MCS" anchor="mataron" bfScore="--" coherenceScore="--">bn:00090098v</annotation>
		<annotation source="MCS" anchor="Señor" bfScore="--" coherenceScore="--">bn:00055346n</annotation>
		<annotation source="BABELFY" anchor="Señor Jesús" bfScore="1.0" coherenceScore="0.7142857142857143">bn:00018805n</annotation>
		<annotation source="BABELFY" anchor="profetas" bfScore="0.7807967313585291" coherenceScore="0.21428571428571427">bn:00064759n</annotation>
		<annotation source="BABELFY" anchor="han" bfScore="0.7446808510638298" coherenceScore="0.11538461538461539">bn:00083184v</annotation>
		<annotation source="MCS" anchor="perseguido" bfScore="--" coherenceScore="--">bn:00084831v</annotation>
		<annotation source="MCS" anchor="agradan" bfScore="--" coherenceScore="--">bn:00086519v</annotation>
		<annotation source="BABELFY" anchor="oponen" bfScore="1.0" coherenceScore="0.07692307692307693">bn:00091181v</annotation>
		<annotation source="MCS" anchor="prohibiendo" bfScore="--" coherenceScore="--">bn:00086877v</annotation>
		<annotation source="MCS" anchor="hablar" bfScore="--" coherenceScore="--">bn:00094090v</annotation>
		<annotation source="BABELFY" anchor="gentiles" bfScore="1.0" coherenceScore="0.15934065934065933">bn:00037765n</annotation>
		<annotation source="MCS" anchor="fin" bfScore="--" coherenceScore="--">bn:00025588n</annotation>
		<annotation source="MCS" anchor="sean" bfScore="--" coherenceScore="--">bn:00083187v</annotation>
		<annotation source="MCS" anchor="colman" bfScore="--" coherenceScore="--">bn:00089275v</annotation>
		<annotation source="MCS" anchor="siempre" bfScore="--" coherenceScore="--">bn:00114251r</annotation>
		<annotation source="MCS" anchor="medida" bfScore="--" coherenceScore="--">bn:01258038n</annotation>
		<annotation source="BABELFY" anchor="pecados" bfScore="0.9396666174952057" coherenceScore="0.2692307692307692">bn:00071707n</annotation>
		<annotation source="MCS" anchor="ira" bfScore="--" coherenceScore="--">bn:00004085n</annotation>
		<annotation source="MCS" anchor="viene" bfScore="--" coherenceScore="--">bn:00082788v</annotation>
		<annotation source="MCS" anchor="extremo" bfScore="--" coherenceScore="--">bn:00081352n</annotation>
		<annotation source="MCS" anchor="apartados" bfScore="--" coherenceScore="--">bn:00014809n</annotation>
		<annotation source="MCS" anchor="tiempo" bfScore="--" coherenceScore="--">bn:00077270n</annotation>
		<annotation source="MCS" anchor="vista" bfScore="--" coherenceScore="--">bn:00006384n</annotation>
		<annotation source="MCS" anchor="corazón" bfScore="--" coherenceScore="--">bn:00043383n</annotation>
		<annotation source="MCS" anchor="procuramos" bfScore="--" coherenceScore="--">bn:00090460v</annotation>
		<annotation source="MCS" anchor="mayor" bfScore="--" coherenceScore="--">bn:00098342a</annotation>
		<annotation source="BABELFY" anchor="empeño" bfScore="0.9948979591836735" coherenceScore="0.14285714285714285">bn:00015051n</annotation>
		<annotation source="MCS" anchor="deseo" bfScore="--" coherenceScore="--">bn:00026550n</annotation>
		<annotation source="MCS" anchor="veros" bfScore="--" coherenceScore="--">bn:00093430v</annotation>
		<annotation source="MCS" anchor="personalmente" bfScore="--" coherenceScore="--">bn:00116575r</annotation>
		<annotation source="MCS" anchor="quisimos" bfScore="--" coherenceScore="--">bn:00086682v</annotation>
		<annotation source="MCS" anchor="ir" bfScore="--" coherenceScore="--">bn:00088912v</annotation>
		<annotation source="BABELFY" anchor="Pablo" bfScore="0.9893916790982927" coherenceScore="0.25824175824175827">bn:00004984n</annotation>
		<annotation source="BABELFY" anchor="vez" bfScore="1.0" coherenceScore="0.08241758241758242">bn:00019848n</annotation>
		<annotation source="MCS" anchor="impidió" bfScore="--" coherenceScore="--">bn:00088454v</annotation>
		<annotation source="MCS" anchor="esperanza" bfScore="--" coherenceScore="--">bn:00044737n</annotation>
		<annotation source="MCS" anchor="corona" bfScore="--" coherenceScore="--">bn:00049469n</annotation>
		<annotation source="MCS" anchor="orgullo" bfScore="--" coherenceScore="--">bn:00064338n</annotation>
		<annotation source="BABELFY" anchor="delante" bfScore="1.0" coherenceScore="0.016483516483516484">bn:00114182r</annotation>
		<annotation source="BABELFY" anchor="Señor Jesucristo" bfScore="1.0" coherenceScore="0.7142857142857143">bn:00018805n</annotation>
		<annotation source="BABELFY" anchor="Jesucristo" bfScore="1.0" coherenceScore="0.7142857142857143">bn:00018805n</annotation>
		<annotation source="MCS" anchor="venida" bfScore="--" coherenceScore="--">bn:00082788v</annotation>
		<annotation source="MCS" anchor="Acaso" bfScore="--" coherenceScore="--">bn:00116211r</annotation>
		<annotation source="MCS" anchor="efecto" bfScore="--" coherenceScore="--">bn:00029871n</annotation>
	</annotations>
</paragraph>
<paragraph id="p.3">
	<text>
		Por lo cual , como no pudimos soportarlo más , nos pareció bien quedarnos solos en Atenas
		y enviamos a Timoteo , nuestro hermano y colaborador de Dios en el evangelio de Cristo , para afirmaros y animaros en vuestra fe
		para que nadie sea turbado en medio de estas tribulaciones ; porque vosotros mismos sabéis que hemos sido puestos para esto
		Porque cuando aún estábamos con vosotros , os predecíamos que habríamos de sufrir tribulaciones . Y así ha acontecido , como bien lo sabéis
		Por esta razón , como yo tampoco pude soportarlo más , le envié para informarme de vuestra fe , no sea que os haya tentado el tentador y que nuestro gran esfuerzo haya sido en vano
		Pero ahora Timoteo ha vuelto de vosotros a nosotros y nos ha dado buenas noticias de vuestra fe y de vuestro amor , y de que siempre tenéis buenos recuerdos de nosotros , deseando vernos , tal como nosotros también a vosotros
		Por eso hemos sido animados por vosotros , hermanos , por medio de vuestra fe , en toda nuestra necesidad y aflicción
		Porque ahora vivimos , si efectivamente estáis firmes en el Señor
		Por lo cual , ¿ qué acción de gracias podremos dar a Dios con respecto a vosotros en recompensa por todo el gozo con que nos regocijamos por causa vuestra delante de nuestro Dios
		De día y de noche imploramos con mucha instancia , a fin de veros personalmente y completar lo que falta de vuestra fe
		¡ Que el mismo Dios y Padre nuestro , con nuestro Señor Jesús , nos abra camino hacia vosotros
		El Señor os multiplique y os haga abundar en amor unos para con otros y para con todos , tal como nosotros para con vosotros
		a fin de confirmar vuestros corazones irreprensibles en santidad delante de Dios nuestro Padre , en la venida de nuestro Señor Jesús con todos sus santos
	</text>
	<annotations>
		<annotation source="BABELFY" anchor="pudimos" bfScore="1.0" coherenceScore="0.03418803418803419">bn:00084451v</annotation>
		<annotation source="MCS" anchor="soportar" bfScore="--" coherenceScore="--">bn:00082138v</annotation>
		<annotation source="MCS" anchor="pareció" bfScore="--" coherenceScore="--">bn:00082690v</annotation>
		<annotation source="MCS" anchor="bien" bfScore="--" coherenceScore="--">bn:00115530r</annotation>
		<annotation source="MCS" anchor="quedar" bfScore="--" coherenceScore="--">bn:00092757v</annotation>
		<annotation source="BABELFY" anchor="solos" bfScore="0.9074074074074074" coherenceScore="0.05982905982905983">bn:00106122a</annotation>
		<annotation source="BABELFY" anchor="Atenas" bfScore="1.0" coherenceScore="0.19658119658119658">bn:00006734n</annotation>
		<annotation source="MCS" anchor="enviamos" bfScore="--" coherenceScore="--">bn:00090548v</annotation>
		<annotation source="MCS" anchor="hermano" bfScore="--" coherenceScore="--">bn:00071400n</annotation>
		<annotation source="MCS" anchor="colaborador" bfScore="--" coherenceScore="--">bn:00043641n</annotation>
		<annotation source="BABELFY" anchor="evangelio" bfScore="0.8803088803088803" coherenceScore="0.3247863247863248">bn:00031976n</annotation>
		<annotation source="BABELFY" anchor="Cristo" bfScore="1.0" coherenceScore="0.6666666666666666">bn:00018805n</annotation>
		<annotation source="BABELFY" anchor="fe" bfScore="0.9602980969702347" coherenceScore="0.7521367521367521">bn:00032768n</annotation>
		<annotation source="MCS" anchor="sea" bfScore="--" coherenceScore="--">bn:00083187v</annotation>
		<annotation source="BABELFY" anchor="turbado" bfScore="1.0" coherenceScore="0.06837606837606838">bn:00084538v</annotation>
		<annotation source="MCS" anchor="medio" bfScore="--" coherenceScore="--">bn:00054149n</annotation>
		<annotation source="MCS" anchor="tribulaciones" bfScore="--" coherenceScore="--">bn:00078200n</annotation>
		<annotation source="MCS" anchor="mismos" bfScore="--" coherenceScore="--">bn:00110076a</annotation>
		<annotation source="MCS" anchor="sabéis" bfScore="--" coherenceScore="--">bn:00085261v</annotation>
		<annotation source="BABELFY" anchor="hemos" bfScore="0.7608695652173914" coherenceScore="0.11965811965811966">bn:00083184v</annotation>
		<annotation source="MCS" anchor="sido" bfScore="--" coherenceScore="--">bn:00083187v</annotation>
		<annotation source="MCS" anchor="puestos" bfScore="--" coherenceScore="--">bn:00090224v</annotation>
		<annotation source="MCS" anchor="aún" bfScore="--" coherenceScore="--">bn:00115246r</annotation>
		<annotation source="BABELFY" anchor="habríamos" bfScore="0.7608695652173914" coherenceScore="0.11965811965811966">bn:00083184v</annotation>
		<annotation source="MCS" anchor="sufrir" bfScore="--" coherenceScore="--">bn:00082262v</annotation>
		<annotation source="MCS" anchor="así" bfScore="--" coherenceScore="--">bn:00117048r</annotation>
		<annotation source="BABELFY" anchor="ha" bfScore="0.7608695652173914" coherenceScore="0.11965811965811966">bn:00083184v</annotation>
		<annotation source="MCS" anchor="acontecido" bfScore="--" coherenceScore="--">bn:00083286v</annotation>
		<annotation source="BABELFY" anchor="razón" bfScore="0.800135043889264" coherenceScore="0.38461538461538464">bn:00047021n</annotation>
		<annotation source="MCS" anchor="tampoco" bfScore="--" coherenceScore="--">bn:13664534r</annotation>
		<annotation source="BABELFY" anchor="pude" bfScore="1.0" coherenceScore="0.03418803418803419">bn:00084451v</annotation>
		<annotation source="MCS" anchor="envié" bfScore="--" coherenceScore="--">bn:00090548v</annotation>
		<annotation source="MCS" anchor="informar" bfScore="--" coherenceScore="--">bn:00082416v</annotation>
		<annotation source="BABELFY" anchor="haya" bfScore="0.7608695652173914" coherenceScore="0.11965811965811966">bn:00083184v</annotation>
		<annotation source="MCS" anchor="tentado" bfScore="--" coherenceScore="--">bn:00082548v</annotation>
		<annotation source="BABELFY" anchor="tentador" bfScore="1.0" coherenceScore="0.03418803418803419">bn:00105388a</annotation>
		<annotation source="MCS" anchor="gran" bfScore="--" coherenceScore="--">bn:00098342a</annotation>
		<annotation source="MCS" anchor="esfuerzo" bfScore="--" coherenceScore="--">bn:00029899n</annotation>
		<annotation source="MCS" anchor="vano" bfScore="--" coherenceScore="--">bn:00103448a</annotation>
		<annotation source="MCS" anchor="ahora" bfScore="--" coherenceScore="--">bn:00114424r</annotation>
		<annotation source="BABELFY" anchor="vuelto" bfScore="0.9861687413554634" coherenceScore="0.19658119658119658">bn:00088736v</annotation>
		<annotation source="MCS" anchor="dado" bfScore="--" coherenceScore="--">bn:00088815v</annotation>
		<annotation source="MCS" anchor="buenas" bfScore="--" coherenceScore="--">bn:00103672a</annotation>
		<annotation source="BABELFY" anchor="amor" bfScore="0.9149651072628586" coherenceScore="0.5042735042735043">bn:00052121n</annotation>
		<annotation source="BABELFY" anchor="siempre" bfScore="1.0" coherenceScore="0.02564102564102564">bn:00114250r</annotation>
		<annotation source="MCS" anchor="tenéis" bfScore="--" coherenceScore="--">bn:00089385v</annotation>
		<annotation source="MCS" anchor="buenos" bfScore="--" coherenceScore="--">bn:00103672a</annotation>
		<annotation source="MCS" anchor="recuerdos" bfScore="--" coherenceScore="--">bn:00048886n</annotation>
		<annotation source="MCS" anchor="deseando" bfScore="--" coherenceScore="--">bn:00095803v</annotation>
		<annotation source="MCS" anchor="ver" bfScore="--" coherenceScore="--">bn:00093430v</annotation>
		<annotation source="MCS" anchor="animados" bfScore="--" coherenceScore="--">bn:00082629v</annotation>
		<annotation source="MCS" anchor="hermanos" bfScore="--" coherenceScore="--">bn:00071400n</annotation>
		<annotation source="MCS" anchor="necesidad" bfScore="--" coherenceScore="--">bn:00026107n</annotation>
		<annotation source="BABELFY" anchor="aflicción" bfScore="1.0" coherenceScore="0.05982905982905983">bn:00001782n</annotation>
		<annotation source="MCS" anchor="vivimos" bfScore="--" coherenceScore="--">bn:00087617v</annotation>
		<annotation source="BABELFY" anchor="efectivamente" bfScore="0.9283667621776505" coherenceScore="0.15384615384615385">bn:00114117r</annotation>
		<annotation source="MCS" anchor="firmes" bfScore="--" coherenceScore="--">bn:00102999a</annotation>
		<annotation source="MCS" anchor="Señor" bfScore="--" coherenceScore="--">bn:00055346n</annotation>
		<annotation source="MCS" anchor="acción" bfScore="--" coherenceScore="--">bn:00001129n</annotation>
		<annotation source="MCS" anchor="acción de gracias" bfScore="--" coherenceScore="--">bn:00076770n</annotation>
		<annotation source="MCS" anchor="gracias" bfScore="--" coherenceScore="--">bn:00041227n</annotation>
		<annotation source="BABELFY" anchor="podremos" bfScore="1.0" coherenceScore="0.03418803418803419">bn:00084451v</annotation>
		<annotation source="MCS" anchor="dar" bfScore="--" coherenceScore="--">bn:00088815v</annotation>
		<annotation source="BABELFY" anchor="respecto" bfScore="1.0" coherenceScore="0.02564102564102564">bn:00066865n</annotation>
		<annotation source="MCS" anchor="recompensa" bfScore="--" coherenceScore="--">bn:00066977n</annotation>
		<annotation source="MCS" anchor="causa" bfScore="--" coherenceScore="--">bn:00015051n</annotation>
		<annotation source="MCS" anchor="delante" bfScore="--" coherenceScore="--">bn:00114182r</annotation>
		<annotation source="MCS" anchor="De día y de noche" bfScore="--" coherenceScore="--">bn:08339154n</annotation>
		<annotation source="MCS" anchor="día" bfScore="--" coherenceScore="--">bn:00000086n</annotation>
		<annotation source="MCS" anchor="noche" bfScore="--" coherenceScore="--">bn:00025236n</annotation>
		<annotation source="MCS" anchor="instancia" bfScore="--" coherenceScore="--">bn:00006362n</annotation>
		<annotation source="MCS" anchor="fin" bfScore="--" coherenceScore="--">bn:00025588n</annotation>
		<annotation source="MCS" anchor="veros" bfScore="--" coherenceScore="--">bn:00093430v</annotation>
		<annotation source="BABELFY" anchor="personalmente" bfScore="1.0" coherenceScore="0.008547008547008548">bn:00116575r</annotation>
		<annotation source="MCS" anchor="completar" bfScore="--" coherenceScore="--">bn:00084164v</annotation>
		<annotation source="BABELFY" anchor="falta" bfScore="1.0" coherenceScore="0.05982905982905983">bn:00090161v</annotation>
		<annotation source="MCS" anchor="mismo" bfScore="--" coherenceScore="--">bn:00110076a</annotation>
		<annotation source="MCS" anchor="Padre" bfScore="--" coherenceScore="--">bn:00009616n</annotation>
		<annotation source="BABELFY" anchor="Padre nuestro" bfScore="0.8064516129032258" coherenceScore="0.21367521367521367">bn:00052019n</annotation>
		<annotation source="BABELFY" anchor="Señor Jesús" bfScore="1.0" coherenceScore="0.6666666666666666">bn:00018805n</annotation>
		<annotation source="MCS" anchor="abra" bfScore="--" coherenceScore="--">bn:00091165v</annotation>
		<annotation source="MCS" anchor="camino" bfScore="--" coherenceScore="--">bn:00080721n</annotation>
		<annotation source="BABELFY" anchor="multiplique" bfScore="1.0" coherenceScore="0.008547008547008548">bn:00090631v</annotation>
		<annotation source="MCS" anchor="haga" bfScore="--" coherenceScore="--">bn:00087107v</annotation>
		<annotation source="BABELFY" anchor="abundar" bfScore="0.9904761904761905" coherenceScore="0.06837606837606838">bn:00082152v</annotation>
		<annotation source="MCS" anchor="confirmar" bfScore="--" coherenceScore="--">bn:00082434v</annotation>
		<annotation source="MCS" anchor="corazones" bfScore="--" coherenceScore="--">bn:00043383n</annotation>
		<annotation source="MCS" anchor="santidad" bfScore="--" coherenceScore="--">bn:00068884n</annotation>
		<annotation source="MCS" anchor="venida" bfScore="--" coherenceScore="--">bn:00082788v</annotation>
		<annotation source="MCS" anchor="santos" bfScore="--" coherenceScore="--">bn:00053896n</annotation>
	</annotations>
</paragraph>
<paragraph id="p.4">
	<text>
		Por lo demás , hermanos , os rogamos y exhortamos en el Señor Jesús que conforme aprendisteis de nosotros acerca de cómo os conviene andar y agradar a Dios , tal como estáis andando , así sigáis progresando cada vez más
		Ya sabéis cuáles son las instrucciones que os dimos de parte del Señor Jesús
		Porque ésta es la voluntad de Dios , vuestra santificación : que os apartéis de inmoralidad sexual
		que cada uno de vosotros sepa controlar su propio cuerpo en santificación y honor
		no con bajas pasiones , como los gentiles que no conocen a Dios
		y que en este asunto nadie atropelle ni engañe a su hermano ; porque el Señor es el que toma venganza en todas estas cosas , como ya os hemos dicho y advertido
		Porque Dios no nos ha llamado a la impureza , sino a la santificación
		Por lo tanto , el que rechaza esto no rechaza a hombre , sino a Dios quien os da su Espíritu Santo
		Pero con respecto al amor fraternal , no tenéis necesidad de que os escriba , porque vosotros mismos habéis sido enseñados de Dios que os améis los unos a los otros
		De hecho , lo estáis haciendo con todos los hermanos por toda Macedonia ; pero os exhortamos , hermanos , a que sigáis progresando aun más
		Tened por aspiración vivir en tranquilidad , ocuparos en vuestros propios asuntos y trabajar con vuestras propias manos , como os hemos mandado
		a fin de que os conduzcáis honestamente para con los de afuera y que no tengáis necesidad de nada
		Tampoco queremos , hermanos , que ignoréis acerca de los que duermen , para que no os entristezcáis como los demás que no tienen esperanza
		Porque si creemos que Jesús murió y resucitó , de la misma manera Dios traerá por medio de Jesús , y con él , a los que han dormido
		Pues os decimos esto por palabra del Señor : Nosotros que vivimos , que habremos quedado hasta la venida del Señor , de ninguna manera precederemos a los que ya durmieron
		Porque el Señor mismo descenderá del cielo con aclamación , con voz de arcángel y con trompeta de Dios ; y los muertos en Cristo resucitarán primero
		Luego nosotros , los que vivimos y habremos quedado , seremos arrebatados juntamente con ellos en las nubes , para el encuentro con el Señor en el aire ; y así estaremos siempre con el Señor
		Por tanto , alentaos los unos a los otros con estas palabras
	</text>
	<annotations>
		<annotation source="MCS" anchor="hermanos" bfScore="--" coherenceScore="--">bn:00071400n</annotation>
		<annotation source="MCS" anchor="rogamos" bfScore="--" coherenceScore="--">bn:00082355v</annotation>
		<annotation source="BABELFY" anchor="exhortamos" bfScore="1.0" coherenceScore="0.013333333333333334">bn:00083132v</annotation>
		<annotation source="MCS" anchor="Señor" bfScore="--" coherenceScore="--">bn:00055346n</annotation>
		<annotation source="BABELFY" anchor="Señor Jesús" bfScore="1.0" coherenceScore="0.7066666666666667">bn:00018805n</annotation>
		<annotation source="BABELFY" anchor="acerca" bfScore="1.0" coherenceScore="0.013333333333333334">bn:00114076r</annotation>
		<annotation source="MCS" anchor="conviene" bfScore="--" coherenceScore="--">bn:00083325v</annotation>
		<annotation source="MCS" anchor="andar" bfScore="--" coherenceScore="--">bn:00094337v</annotation>
		<annotation source="MCS" anchor="agradar" bfScore="--" coherenceScore="--">bn:00086519v</annotation>
		<annotation source="MCS" anchor="andando" bfScore="--" coherenceScore="--">bn:00094337v</annotation>
		<annotation source="BABELFY" anchor="así" bfScore="1.0" coherenceScore="0.013333333333333334">bn:00117048r</annotation>
		<annotation source="MCS" anchor="sigáis" bfScore="--" coherenceScore="--">bn:00088421v</annotation>
		<annotation source="MCS" anchor="progresando" bfScore="--" coherenceScore="--">bn:00082400v</annotation>
		<annotation source="BABELFY" anchor="vez" bfScore="1.0" coherenceScore="0.1">bn:00019848n</annotation>
		<annotation source="BABELFY" anchor="vez más" bfScore="1.0" coherenceScore="0.1">bn:00114171r</annotation>
		<annotation source="MCS" anchor="sabéis" bfScore="--" coherenceScore="--">bn:00085261v</annotation>
		<annotation source="MCS" anchor="son" bfScore="--" coherenceScore="--">bn:00083187v</annotation>
		<annotation source="MCS" anchor="instrucciones" bfScore="--" coherenceScore="--">bn:00012087n</annotation>
		<annotation source="MCS" anchor="dimos" bfScore="--" coherenceScore="--">bn:00088815v</annotation>
		<annotation source="MCS" anchor="parte" bfScore="--" coherenceScore="--">bn:00060765n</annotation>
		<annotation source="MCS" anchor="es" bfScore="--" coherenceScore="--">bn:00083187v</annotation>
		<annotation source="BABELFY" anchor="voluntad" bfScore="0.7096774193548387" coherenceScore="0.22">bn:16772028n</annotation>
		<annotation source="BABELFY" anchor="santificación" bfScore="0.7816377171215881" coherenceScore="0.1">bn:17234447n</annotation>
		<annotation source="BABELFY" anchor="inmoralidad" bfScore="0.9700199866755497" coherenceScore="0.43333333333333335">bn:00031709n</annotation>
		<annotation source="MCS" anchor="inmoralidad sexual" bfScore="--" coherenceScore="--">bn:00070803n</annotation>
		<annotation source="BABELFY" anchor="sexual" bfScore="0.8076923076923077" coherenceScore="0.04666666666666667">bn:00110487a</annotation>
		<annotation source="MCS" anchor="sepa" bfScore="--" coherenceScore="--">bn:00085261v</annotation>
		<annotation source="MCS" anchor="controlar" bfScore="--" coherenceScore="--">bn:00085404v</annotation>
		<annotation source="BABELFY" anchor="propio" bfScore="0.8067729083665338" coherenceScore="0.18">bn:00096707a</annotation>
		<annotation source="MCS" anchor="cuerpo" bfScore="--" coherenceScore="--">bn:00011744n</annotation>
		<annotation source="MCS" anchor="honor" bfScore="--" coherenceScore="--">bn:00044654n</annotation>
		<annotation source="MCS" anchor="bajas" bfScore="--" coherenceScore="--">bn:00106206a</annotation>
		<annotation source="MCS" anchor="pasiones" bfScore="--" coherenceScore="--">bn:00060907n</annotation>
		<annotation source="BABELFY" anchor="gentiles" bfScore="1.0" coherenceScore="0.1">bn:00037765n</annotation>
		<annotation source="MCS" anchor="conocen" bfScore="--" coherenceScore="--">bn:00090725v</annotation>
		<annotation source="MCS" anchor="asunto" bfScore="--" coherenceScore="--">bn:00001734n</annotation>
		<annotation source="MCS" anchor="engañe" bfScore="--" coherenceScore="--">bn:00083458v</annotation>
		<annotation source="MCS" anchor="hermano" bfScore="--" coherenceScore="--">bn:00071400n</annotation>
		<annotation source="MCS" anchor="toma" bfScore="--" coherenceScore="--">bn:00088762v</annotation>
		<annotation source="MCS" anchor="venganza" bfScore="--" coherenceScore="--">bn:00067427n</annotation>
		<annotation source="MCS" anchor="cosas" bfScore="--" coherenceScore="--">bn:00076925n</annotation>
		<annotation source="MCS" anchor="hemos" bfScore="--" coherenceScore="--">bn:00083184v</annotation>
		<annotation source="MCS" anchor="dicho" bfScore="--" coherenceScore="--">bn:00093287v</annotation>
		<annotation source="MCS" anchor="advertido" bfScore="--" coherenceScore="--">bn:00082376v</annotation>
		<annotation source="MCS" anchor="ha" bfScore="--" coherenceScore="--">bn:00083184v</annotation>
		<annotation source="MCS" anchor="llamado" bfScore="--" coherenceScore="--">bn:00084386v</annotation>
		<annotation source="BABELFY" anchor="impureza" bfScore="0.9074074074074074" coherenceScore="0.04666666666666667">bn:00046205n</annotation>
		<annotation source="BABELFY" anchor="Por lo tanto" bfScore="0.7619047619047619" coherenceScore="0.02666666666666667">bn:00114822r</annotation>
		<annotation source="MCS" anchor="rechaza" bfScore="--" coherenceScore="--">bn:00086390v</annotation>
		<annotation source="MCS" anchor="hombre" bfScore="--" coherenceScore="--">bn:00001533n</annotation>
		<annotation source="MCS" anchor="da" bfScore="--" coherenceScore="--">bn:00088815v</annotation>
		<annotation source="MCS" anchor="Espíritu" bfScore="--" coherenceScore="--">bn:00033960n</annotation>
		<annotation source="BABELFY" anchor="Espíritu Santo" bfScore="0.9774929665520475" coherenceScore="0.3933333333333333">bn:00645230n</annotation>
		<annotation source="MCS" anchor="Santo" bfScore="--" coherenceScore="--">bn:00053896n</annotation>
		<annotation source="BABELFY" anchor="respecto" bfScore="1.0" coherenceScore="0.02">bn:00066865n</annotation>
		<annotation source="BABELFY" anchor="amor" bfScore="0.9054786273329319" coherenceScore="0.4266666666666667">bn:00052121n</annotation>
		<annotation source="BABELFY" anchor="amor fraternal" bfScore="1.0" coherenceScore="0.11333333333333333">bn:00013380n</annotation>
		<annotation source="BABELFY" anchor="fraternal" bfScore="1.0" coherenceScore="0.07333333333333333">bn:00098941a</annotation>
		<annotation source="MCS" anchor="tenéis" bfScore="--" coherenceScore="--">bn:00089385v</annotation>
		<annotation source="MCS" anchor="necesidad" bfScore="--" coherenceScore="--">bn:00026107n</annotation>
		<annotation source="MCS" anchor="escriba" bfScore="--" coherenceScore="--">bn:00092123v</annotation>
		<annotation source="MCS" anchor="mismos" bfScore="--" coherenceScore="--">bn:00110076a</annotation>
		<annotation source="MCS" anchor="habéis" bfScore="--" coherenceScore="--">bn:00083184v</annotation>
		<annotation source="MCS" anchor="sido" bfScore="--" coherenceScore="--">bn:00083187v</annotation>
		<annotation source="MCS" anchor="enseñados" bfScore="--" coherenceScore="--">bn:00089791v</annotation>
		<annotation source="BABELFY" anchor="De hecho" bfScore="1.0" coherenceScore="0.02666666666666667">bn:03185143n</annotation>
		<annotation source="MCS" anchor="hecho" bfScore="--" coherenceScore="--">bn:00087107v</annotation>
		<annotation source="MCS" anchor="haciendo" bfScore="--" coherenceScore="--">bn:00087107v</annotation>
		<annotation source="MCS" anchor="aspiración" bfScore="--" coherenceScore="--">bn:00006429n</annotation>
		<annotation source="MCS" anchor="vivir" bfScore="--" coherenceScore="--">bn:00087617v</annotation>
		<annotation source="MCS" anchor="tranquilidad" bfScore="--" coherenceScore="--">bn:00067383n</annotation>
		<annotation source="MCS" anchor="ocuparos" bfScore="--" coherenceScore="--">bn:00090321v</annotation>
		<annotation source="BABELFY" anchor="propios" bfScore="0.8067729083665338" coherenceScore="0.18">bn:00096707a</annotation>
		<annotation source="MCS" anchor="asuntos" bfScore="--" coherenceScore="--">bn:00001734n</annotation>
		<annotation source="MCS" anchor="trabajar" bfScore="--" coherenceScore="--">bn:00095812v</annotation>
		<annotation source="BABELFY" anchor="propias" bfScore="0.8067729083665338" coherenceScore="0.18">bn:00096707a</annotation>
		<annotation source="MCS" anchor="manos" bfScore="--" coherenceScore="--">bn:00042759n</annotation>
		<annotation source="MCS" anchor="mandado" bfScore="--" coherenceScore="--">bn:00085400v</annotation>
		<annotation source="MCS" anchor="fin" bfScore="--" coherenceScore="--">bn:00025588n</annotation>
		<annotation source="MCS" anchor="honestamente" bfScore="--" coherenceScore="--">bn:00114084r</annotation>
		<annotation source="BABELFY" anchor="afuera" bfScore="1.0" coherenceScore="0.006666666666666667">bn:00114199r</annotation>
		<annotation source="MCS" anchor="tengáis" bfScore="--" coherenceScore="--">bn:00089385v</annotation>
		<annotation source="MCS" anchor="queremos" bfScore="--" coherenceScore="--">bn:00086682v</annotation>
		<annotation source="MCS" anchor="duermen" bfScore="--" coherenceScore="--">bn:00084684v</annotation>
		<annotation source="MCS" anchor="tienen" bfScore="--" coherenceScore="--">bn:00089385v</annotation>
		<annotation source="MCS" anchor="esperanza" bfScore="--" coherenceScore="--">bn:00044737n</annotation>
		<annotation source="MCS" anchor="murió" bfScore="--" coherenceScore="--">bn:00084343v</annotation>
		<annotation source="MCS" anchor="resucitó" bfScore="--" coherenceScore="--">bn:00092923v</annotation>
		<annotation source="MCS" anchor="misma" bfScore="--" coherenceScore="--">bn:00110076a</annotation>
		<annotation source="BABELFY" anchor="manera" bfScore="0.9054183158182066" coherenceScore="0.41333333333333333">bn:00033729n</annotation>
		<annotation source="MCS" anchor="traerá" bfScore="--" coherenceScore="--">bn:00084060v</annotation>
		<annotation source="MCS" anchor="medio" bfScore="--" coherenceScore="--">bn:00054149n</annotation>
		<annotation source="MCS" anchor="han" bfScore="--" coherenceScore="--">bn:00083184v</annotation>
		<annotation source="MCS" anchor="dormido" bfScore="--" coherenceScore="--">bn:00084684v</annotation>
		<annotation source="MCS" anchor="Pues" bfScore="--" coherenceScore="--">bn:00116345r</annotation>
		<annotation source="MCS" anchor="decimos" bfScore="--" coherenceScore="--">bn:00093287v</annotation>
		<annotation source="BABELFY" anchor="palabra" bfScore="0.9766018114726602" coherenceScore="0.5666666666666667">bn:00081546n</annotation>
		<annotation source="MCS" anchor="vivimos" bfScore="--" coherenceScore="--">bn:00087617v</annotation>
		<annotation source="MCS" anchor="habremos" bfScore="--" coherenceScore="--">bn:00083184v</annotation>
		<annotation source="MCS" anchor="quedado" bfScore="--" coherenceScore="--">bn:00092757v</annotation>
		<annotation source="MCS" anchor="venida" bfScore="--" coherenceScore="--">bn:00082788v</annotation>
		<annotation source="MCS" anchor="durmieron" bfScore="--" coherenceScore="--">bn:00084684v</annotation>
		<annotation source="MCS" anchor="mismo" bfScore="--" coherenceScore="--">bn:00110076a</annotation>
		<annotation source="MCS" anchor="descenderá" bfScore="--" coherenceScore="--">bn:00085356v</annotation>
		<annotation source="MCS" anchor="cielo" bfScore="--" coherenceScore="--">bn:00072016n</annotation>
		<annotation source="MCS" anchor="aclamación" bfScore="--" coherenceScore="--">bn:00000701n</annotation>
		<annotation source="MCS" anchor="voz" bfScore="--" coherenceScore="--">bn:00080185n</annotation>
		<annotation source="BABELFY" anchor="arcángel" bfScore="0.8552036199095022" coherenceScore="0.12">bn:00005398n</annotation>
		<annotation source="BABELFY" anchor="trompeta" bfScore="0.9767441860465116" coherenceScore="0.04">bn:00022750n</annotation>
		<annotation source="MCS" anchor="muertos" bfScore="--" coherenceScore="--">bn:00100948a</annotation>
		<annotation source="BABELFY" anchor="Cristo" bfScore="0.9996658374484833" coherenceScore="0.7066666666666667">bn:00018805n</annotation>
		<annotation source="BABELFY" anchor="primero" bfScore="1.0" coherenceScore="0.013333333333333334">bn:00114298r</annotation>
		<annotation source="BABELFY" anchor="Luego" bfScore="1.0" coherenceScore="0.05333333333333334">bn:00025800n</annotation>
		<annotation source="MCS" anchor="seremos" bfScore="--" coherenceScore="--">bn:00083187v</annotation>
		<annotation source="MCS" anchor="arrebatados" bfScore="--" coherenceScore="--">bn:00093966v</annotation>
		<annotation source="BABELFY" anchor="juntamente" bfScore="0.9473684210526315" coherenceScore="0.04">bn:00116044r</annotation>
		<annotation source="BABELFY" anchor="nubes" bfScore="0.8333333333333334" coherenceScore="0.03333333333333333">bn:00020002n</annotation>
		<annotation source="MCS" anchor="encuentro" bfScore="--" coherenceScore="--">bn:00030703n</annotation>
		<annotation source="MCS" anchor="aire" bfScore="--" coherenceScore="--">bn:00002185n</annotation>
		<annotation source="BABELFY" anchor="siempre" bfScore="0.7619047619047619" coherenceScore="0.02666666666666667">bn:00114250r</annotation>
		<annotation source="BABELFY" anchor="palabras" bfScore="0.9562325505009033" coherenceScore="0.5666666666666667">bn:00081546n</annotation>
	</annotations>
</paragraph>
<paragraph id="p.5">
	<text>
		Pero acerca de los tiempos y de las ocasiones , hermanos , no tenéis necesidad de que os escriba
		Porque vosotros mismos sabéis perfectamente bien que el día del Señor vendrá como ladrón de noche
		Cuando digan : &amp;quot; Paz y seguridad &amp;quot; , entonces vendrá la destrucción de repente sobre ellos , como vienen los dolores sobre la mujer que da a luz ; y de ninguna manera escaparán
		Pero vosotros , hermanos , no estáis en tinieblas , como para que aquel día os sorprenda como un ladrón
		Todos vosotros sois hijos de luz e hijos del día . No somos hijos de la noche ni de las tinieblas
		Por tanto , no durmamos como los demás , sino vigilemos y seamos sobrios
		porque los que duermen , de noche duermen ; y los que se emborrachan , de noche se emborrachan
		Pero nosotros que somos del día seamos sobrios , vestidos de la coraza de la fe y del amor , y con el casco de la esperanza de la salvación
		Porque no nos ha puesto Dios para ira , sino para alcanzar salvación por medio de nuestro Señor Jesucristo
		quien murió por nosotros para que , ya sea que velemos o sea que durmamos , vivamos juntamente con él
		Por lo cual , animaos los unos a los otros y edificaos los unos a los otros , así como ya lo hacéis
		Os rogamos , hermanos , que reconozcáis a los que entre vosotros trabajan , que os presiden en el Señor y que os dan instrucción
		Tenedlos en alta estima con amor a causa de su obra . Vivid en paz los unos con los otros
		Hermanos , también os exhortamos a que amonestéis a los desordenados , a que alentéis a los de poco ánimo , a que deis apoyo a los débiles , y a que tengáis paciencia hacia todos
		Mirad que nadie devuelva a otro mal por mal ; en cambio , procurad siempre lo bueno los unos para los otros y para con todos
		Estad siempre gozosos
		Orad sin cesar
		Dad gracias en todo , porque ésta es la voluntad de Dios para vosotros en Cristo Jesús
		No apaguéis el Espíritu
		No menospreciéis las profecías
		más bien , examinadlo todo , retened lo bueno
		Apartaos de toda apariencia de mal
		Y el mismo Dios de paz os santifique por completo ; que todo vuestro ser - - tanto espíritu , como alma y cuerpo - - sea guardado sin mancha en la venida de nuestro Señor Jesucristo
		Fiel es el que os llama , quien también lo logrará
		Hermanos , orad también por nosotros
		Saludad a todos los hermanos con un beso santo
		Solemnemente os insto por el Señor que se lea esta carta a todos los hermanos
		La gracia de nuestro Señor Jesucristo sea con vosotros
	</text>
	<annotations>
		<annotation source="BABELFY" anchor="acerca" bfScore="1.0" coherenceScore="0.018867924528301886">bn:00114076r</annotation>
		<annotation source="MCS" anchor="tiempos" bfScore="--" coherenceScore="--">bn:00077270n</annotation>
		<annotation source="BABELFY" anchor="ocasiones" bfScore="0.7423312883435583" coherenceScore="0.13836477987421383">bn:00001736n</annotation>
		<annotation source="MCS" anchor="hermanos" bfScore="--" coherenceScore="--">bn:00071400n</annotation>
		<annotation source="MCS" anchor="tenéis" bfScore="--" coherenceScore="--">bn:00089385v</annotation>
		<annotation source="MCS" anchor="necesidad" bfScore="--" coherenceScore="--">bn:00026107n</annotation>
		<annotation source="MCS" anchor="escriba" bfScore="--" coherenceScore="--">bn:00092123v</annotation>
		<annotation source="MCS" anchor="mismos" bfScore="--" coherenceScore="--">bn:00110076a</annotation>
		<annotation source="MCS" anchor="sabéis" bfScore="--" coherenceScore="--">bn:00085261v</annotation>
		<annotation source="MCS" anchor="perfectamente" bfScore="--" coherenceScore="--">bn:00116562r</annotation>
		<annotation source="MCS" anchor="bien" bfScore="--" coherenceScore="--">bn:00115530r</annotation>
		<annotation source="MCS" anchor="día" bfScore="--" coherenceScore="--">bn:00000086n</annotation>
		<annotation source="MCS" anchor="Señor" bfScore="--" coherenceScore="--">bn:00055346n</annotation>
		<annotation source="MCS" anchor="vendrá" bfScore="--" coherenceScore="--">bn:00082788v</annotation>
		<annotation source="MCS" anchor="ladrón" bfScore="--" coherenceScore="--">bn:00074094n</annotation>
		<annotation source="MCS" anchor="noche" bfScore="--" coherenceScore="--">bn:00025236n</annotation>
		<annotation source="MCS" anchor="digan" bfScore="--" coherenceScore="--">bn:00093287v</annotation>
		<annotation source="MCS" anchor="Paz" bfScore="--" coherenceScore="--">bn:00061149n</annotation>
		<annotation source="MCS" anchor="seguridad" bfScore="--" coherenceScore="--">bn:00068799n</annotation>
		<annotation source="MCS" anchor="entonces" bfScore="--" coherenceScore="--">bn:00117250r</annotation>
		<annotation source="MCS" anchor="destrucción" bfScore="--" coherenceScore="--">bn:00026163n</annotation>
		<annotation source="BABELFY" anchor="repente" bfScore="0.9" coherenceScore="0.03773584905660377">bn:00114210r</annotation>
		<annotation source="MCS" anchor="vienen" bfScore="--" coherenceScore="--">bn:00082788v</annotation>
		<annotation source="MCS" anchor="dolores" bfScore="--" coherenceScore="--">bn:00060182n</annotation>
		<annotation source="BABELFY" anchor="mujer" bfScore="0.8770730039322961" coherenceScore="0.5094339622641509">bn:00001530n</annotation>
		<annotation source="MCS" anchor="da" bfScore="--" coherenceScore="--">bn:00088815v</annotation>
		<annotation source="BABELFY" anchor="luz" bfScore="0.7801518629701572" coherenceScore="0.29559748427672955">bn:00051108n</annotation>
		<annotation source="BABELFY" anchor="manera" bfScore="0.7561436672967864" coherenceScore="0.2830188679245283">bn:00033729n</annotation>
		<annotation source="MCS" anchor="escaparán" bfScore="--" coherenceScore="--">bn:00083978v</annotation>
		<annotation source="MCS" anchor="sorprenda" bfScore="--" coherenceScore="--">bn:00082566v</annotation>
		<annotation source="MCS" anchor="sois" bfScore="--" coherenceScore="--">bn:00083187v</annotation>
		<annotation source="MCS" anchor="hijos" bfScore="--" coherenceScore="--">bn:00024244n</annotation>
		<annotation source="MCS" anchor="somos" bfScore="--" coherenceScore="--">bn:00083187v</annotation>
		<annotation source="MCS" anchor="vigilemos" bfScore="--" coherenceScore="--">bn:00090464v</annotation>
		<annotation source="MCS" anchor="seamos" bfScore="--" coherenceScore="--">bn:00083187v</annotation>
		<annotation source="MCS" anchor="duermen" bfScore="--" coherenceScore="--">bn:00084684v</annotation>
		<annotation source="MCS" anchor="coraza" bfScore="--" coherenceScore="--">bn:00024321n</annotation>
		<annotation source="BABELFY" anchor="fe" bfScore="0.9459494879523711" coherenceScore="0.7924528301886793">bn:00032768n</annotation>
		<annotation source="BABELFY" anchor="amor" bfScore="0.8814980200522369" coherenceScore="0.5849056603773585">bn:00052121n</annotation>
		<annotation source="MCS" anchor="casco" bfScore="--" coherenceScore="--">bn:00043623n</annotation>
		<annotation source="MCS" anchor="esperanza" bfScore="--" coherenceScore="--">bn:00044737n</annotation>
		<annotation source="BABELFY" anchor="salvación" bfScore="0.7579538365564567" coherenceScore="0.2830188679245283">bn:00069034n</annotation>
		<annotation source="BABELFY" anchor="ha" bfScore="0.7139107611548556" coherenceScore="0.10062893081761007">bn:00083184v</annotation>
		<annotation source="MCS" anchor="puesto" bfScore="--" coherenceScore="--">bn:00090224v</annotation>
		<annotation source="MCS" anchor="ira" bfScore="--" coherenceScore="--">bn:00004085n</annotation>
		<annotation source="MCS" anchor="alcanzar" bfScore="--" coherenceScore="--">bn:00082790v</annotation>
		<annotation source="MCS" anchor="medio" bfScore="--" coherenceScore="--">bn:00054149n</annotation>
		<annotation source="BABELFY" anchor="nuestro Señor Jesucristo" bfScore="1.0" coherenceScore="0.7044025157232704">bn:00018805n</annotation>
		<annotation source="BABELFY" anchor="Señor Jesucristo" bfScore="1.0" coherenceScore="0.7044025157232704">bn:00018805n</annotation>
		<annotation source="BABELFY" anchor="Jesucristo" bfScore="1.0" coherenceScore="0.7044025157232704">bn:00018805n</annotation>
		<annotation source="MCS" anchor="murió" bfScore="--" coherenceScore="--">bn:00084343v</annotation>
		<annotation source="MCS" anchor="sea" bfScore="--" coherenceScore="--">bn:00083187v</annotation>
		<annotation source="BABELFY" anchor="velemos" bfScore="0.7075812274368231" coherenceScore="0.0880503144654088">bn:00095503v</annotation>
		<annotation source="MCS" anchor="vivamos" bfScore="--" coherenceScore="--">bn:00087617v</annotation>
		<annotation source="MCS" anchor="juntamente" bfScore="--" coherenceScore="--">bn:00117320r</annotation>
		<annotation source="MCS" anchor="anima" bfScore="--" coherenceScore="--">bn:00082629v</annotation>
		<annotation source="BABELFY" anchor="edifica" bfScore="1.0" coherenceScore="0.06918238993710692">bn:00084198v</annotation>
		<annotation source="MCS" anchor="así" bfScore="--" coherenceScore="--">bn:00117048r</annotation>
		<annotation source="MCS" anchor="hacéis" bfScore="--" coherenceScore="--">bn:00087107v</annotation>
		<annotation source="MCS" anchor="rogamos" bfScore="--" coherenceScore="--">bn:00082355v</annotation>
		<annotation source="MCS" anchor="trabajan" bfScore="--" coherenceScore="--">bn:00095812v</annotation>
		<annotation source="BABELFY" anchor="presiden" bfScore="1.0" coherenceScore="0.006289308176100629">bn:00084752v</annotation>
		<annotation source="MCS" anchor="dan" bfScore="--" coherenceScore="--">bn:00088815v</annotation>
		<annotation source="BABELFY" anchor="instrucción" bfScore="0.8847565451431367" coherenceScore="0.4025157232704403">bn:00026980n</annotation>
		<annotation source="MCS" anchor="alta" bfScore="--" coherenceScore="--">bn:00111630a</annotation>
		<annotation source="MCS" anchor="estima" bfScore="--" coherenceScore="--">bn:00082743v</annotation>
		<annotation source="MCS" anchor="causa" bfScore="--" coherenceScore="--">bn:00015051n</annotation>
		<annotation source="MCS" anchor="obra" bfScore="--" coherenceScore="--">bn:00011767n</annotation>
		<annotation source="MCS" anchor="paz" bfScore="--" coherenceScore="--">bn:00061149n</annotation>
		<annotation source="MCS" anchor="Hermanos" bfScore="--" coherenceScore="--">bn:00071400n</annotation>
		<annotation source="BABELFY" anchor="exhortamos" bfScore="1.0" coherenceScore="0.018867924528301886">bn:00083132v</annotation>
		<annotation source="BABELFY" anchor="desordenados" bfScore="1.0" coherenceScore="0.031446540880503145">bn:00113331a</annotation>
		<annotation source="MCS" anchor="ánimo" bfScore="--" coherenceScore="--">bn:00004273n</annotation>
		<annotation source="MCS" anchor="deis" bfScore="--" coherenceScore="--">bn:00088815v</annotation>
		<annotation source="MCS" anchor="apoyo" bfScore="--" coherenceScore="--">bn:00075331n</annotation>
		<annotation source="MCS" anchor="débiles" bfScore="--" coherenceScore="--">bn:00113737a</annotation>
		<annotation source="MCS" anchor="tengáis" bfScore="--" coherenceScore="--">bn:00089385v</annotation>
		<annotation source="BABELFY" anchor="paciencia" bfScore="0.7657945118059988" coherenceScore="0.18867924528301888">bn:14629457n</annotation>
		<annotation source="BABELFY" anchor="nadie" bfScore="1.0" coherenceScore="0.012578616352201259">bn:00019154n</annotation>
		<annotation source="MCS" anchor="devuelva" bfScore="--" coherenceScore="--">bn:00092791v</annotation>
		<annotation source="MCS" anchor="mal" bfScore="--" coherenceScore="--">bn:00032048n</annotation>
		<annotation source="MCS" anchor="cambio" bfScore="--" coherenceScore="--">bn:00003125n</annotation>
		<annotation source="MCS" anchor="siempre" bfScore="--" coherenceScore="--">bn:00114251r</annotation>
		<annotation source="MCS" anchor="bueno" bfScore="--" coherenceScore="--">bn:00103672a</annotation>
		<annotation source="BABELFY" anchor="cesar" bfScore="0.7692307692307693" coherenceScore="0.06289308176100629">bn:00084711v</annotation>
		<annotation source="BABELFY" anchor="Dad" bfScore="1.0" coherenceScore="0.08176100628930817">bn:03015049n</annotation>
		<annotation source="MCS" anchor="gracias" bfScore="--" coherenceScore="--">bn:00041227n</annotation>
		<annotation source="MCS" anchor="es" bfScore="--" coherenceScore="--">bn:00083187v</annotation>
		<annotation source="BABELFY" anchor="voluntad" bfScore="0.7470119521912351" coherenceScore="0.31446540880503143">bn:16772028n</annotation>
		<annotation source="BABELFY" anchor="Cristo" bfScore="1.0" coherenceScore="0.7044025157232704">bn:00018805n</annotation>
		<annotation source="BABELFY" anchor="Cristo Jesús" bfScore="1.0" coherenceScore="0.7044025157232704">bn:00018805n</annotation>
		<annotation source="BABELFY" anchor="No apaguéis" bfScore="0.7545691906005222" coherenceScore="0.1069182389937107">bn:00087192v</annotation>
		<annotation source="MCS" anchor="Espíritu" bfScore="--" coherenceScore="--">bn:00033960n</annotation>
		<annotation source="BABELFY" anchor="No menospreciéis" bfScore="0.9074074074074074" coherenceScore="0.0440251572327044">bn:00085702v</annotation>
		<annotation source="MCS" anchor="profecías" bfScore="--" coherenceScore="--">bn:00064645n</annotation>
		<annotation source="MCS" anchor="apariencia" bfScore="--" coherenceScore="--">bn:00005023n</annotation>
		<annotation source="MCS" anchor="mismo" bfScore="--" coherenceScore="--">bn:00110076a</annotation>
		<annotation source="MCS" anchor="completo" bfScore="--" coherenceScore="--">bn:00096195a</annotation>
		<annotation source="MCS" anchor="ser" bfScore="--" coherenceScore="--">bn:00009677n</annotation>
		<annotation source="MCS" anchor="espíritu" bfScore="--" coherenceScore="--">bn:00033960n</annotation>
		<annotation source="MCS" anchor="alma" bfScore="--" coherenceScore="--">bn:00065006n</annotation>
		<annotation source="MCS" anchor="cuerpo" bfScore="--" coherenceScore="--">bn:00011744n</annotation>
		<annotation source="MCS" anchor="guardado" bfScore="--" coherenceScore="--">bn:00089407v</annotation>
		<annotation source="MCS" anchor="mancha" bfScore="--" coherenceScore="--">bn:00011197n</annotation>
		<annotation source="MCS" anchor="venida" bfScore="--" coherenceScore="--">bn:00082788v</annotation>
		<annotation source="MCS" anchor="Fiel" bfScore="--" coherenceScore="--">bn:00078497n</annotation>
		<annotation source="MCS" anchor="llama" bfScore="--" coherenceScore="--">bn:00084386v</annotation>
		<annotation source="MCS" anchor="logrará" bfScore="--" coherenceScore="--">bn:00082226v</annotation>
		<annotation source="BABELFY" anchor="beso" bfScore="0.9022749118872156" coherenceScore="0.27672955974842767">bn:00014182n</annotation>
		<annotation source="BABELFY" anchor="beso santo" bfScore="1.0" coherenceScore="0.15723270440251572">bn:00049235n</annotation>
		<annotation source="MCS" anchor="santo" bfScore="--" coherenceScore="--">bn:00097090a</annotation>
		<annotation source="BABELFY" anchor="lea" bfScore="0.7538461538461538" coherenceScore="0.1320754716981132">bn:00092428v</annotation>
		<annotation source="MCS" anchor="carta" bfScore="--" coherenceScore="--">bn:00050802n</annotation>
		<annotation source="MCS" anchor="La gracia" bfScore="--" coherenceScore="--">bn:15608557n</annotation>
		<annotation source="MCS" anchor="gracia" bfScore="--" coherenceScore="--">bn:00041227n</annotation>
	</annotations>
</paragraph>
</dataset>
