<?xml version="1.0" encoding="utf-8"?>
<dataset language="ES" title="2PE">
<paragraph id="p.1">
	<text>
		Simón Pedro , siervo y apóstol de Jesucristo ; a los que han alcanzado una fe igualmente preciosa como la nuestra por la justicia de nuestro Dios y Salvador Jesucristo
		Gracia a vosotros y paz os sea multiplicada en el conocimiento de Dios y de nuestro Señor Jesús
		Su divino poder nos ha concedido todas las cosas que pertenecen a la vida y a la piedad por medio del conocimiento de aquel que nos llamó por su propia gloria y excelencia
		Mediante ellas nos han sido dadas preciosas y grandísimas promesas , para que por ellas seáis hechos participantes de la naturaleza divina , después de haber huido de la corrupción que hay en el mundo debido a las bajas pasiones
		Y por esto mismo , poniendo todo empeño , añadid a vuestra fe , virtud ; a la virtud , conocimiento
		al conocimiento , dominio propio ; al dominio propio , perseverancia ; a la perseverancia , devoción
		a la devoción , afecto fraternal ; y al afecto fraternal , amor
		Porque cuando estas cosas están en vosotros y abundan , no os dejarán estar ociosos ni estériles en el conocimiento de nuestro Señor Jesucristo
		Pues el que no tiene estas cosas es ciego y tiene la vista corta , habiendo olvidado la purificación de sus pecados pasados
		Por eso , hermanos , procurad aun con mayor empeño hacer firme vuestro llamamiento y elección , porque haciendo estas cosas no tropezaréis jamás
		Pues de esta manera os será otorgada amplia entrada en el reino eterno de nuestro Señor y Salvador Jesucristo
		Por eso , siempre habré de traeros estas cosas a la memoria , aunque vosotros las sabéis y estáis afirmados en la verdad que está presente en vosotros
		Pero considero justo estimularos la memoria entre tanto que estoy en esta mi morada temporal
		Pues como sé que dentro de poco tengo que dejar mi frágil morada , como me lo ha declarado nuestro Señor Jesucristo
		también procuraré con empeño que , después de mi partida , vosotros podáis tener memoria de estas cosas en todo momento
		Porque os hemos dado a conocer el poder y la venida de nuestro Señor Jesucristo , no siguiendo fábulas artificiosas , sino porque fuimos testigos oculares de su majestad
		Porque al recibir de parte de Dios Padre honra y gloria , desde la grandiosa gloria le fue dirigida una voz : &amp;quot; Éste es mi Hijo amado , en quien tengo complacencia .
		Y nosotros oímos esta voz dirigida desde el cielo cuando estábamos con él en el monte santo
		También tenemos la palabra profética que es aun más firme . Hacéis bien en estar atentos a ella , como a una antorcha que alumbra en lugar oscuro , hasta que aclare el día y el lucero de la mañana se levante en vuestros corazones
		Y hay que tener muy en cuenta , antes que nada , que ninguna profecía de la Escritura es de interpretación privada
		porque jamás fue traída la profecía por voluntad humana ; al contrario , los hombres hablaron de parte de Dios siendo inspirados por el Espíritu Santo
	</text>
	<annotations>
		<annotation source="BABELFY" anchor="Simón" bfScore="0.7259684361549498" coherenceScore="0.09787234042553192">bn:00071676n</annotation>
		<annotation source="BABELFY" anchor="Simón Pedro" bfScore="1.0" coherenceScore="0.20425531914893616">bn:00061802n</annotation>
		<annotation source="BABELFY" anchor="Pedro" bfScore="0.7852965747702589" coherenceScore="0.2">bn:00061802n</annotation>
		<annotation source="MCS" anchor="siervo" bfScore="--" coherenceScore="--">bn:00011982n</annotation>
		<annotation source="BABELFY" anchor="apóstol" bfScore="0.840042002100105" coherenceScore="0.2553191489361702">bn:00004982n</annotation>
		<annotation source="BABELFY" anchor="Jesucristo" bfScore="1.0" coherenceScore="0.7276595744680852">bn:00018805n</annotation>
		<annotation source="BABELFY" anchor="han" bfScore="0.8048780487804879" coherenceScore="0.14042553191489363">bn:00083184v</annotation>
		<annotation source="MCS" anchor="alcanzado" bfScore="--" coherenceScore="--">bn:00082790v</annotation>
		<annotation source="BABELFY" anchor="fe" bfScore="0.9536488114976182" coherenceScore="0.8680851063829788">bn:00032768n</annotation>
		<annotation source="MCS" anchor="igualmente" bfScore="--" coherenceScore="--">bn:00116128r</annotation>
		<annotation source="MCS" anchor="preciosa" bfScore="--" coherenceScore="--">bn:00108910a</annotation>
		<annotation source="MCS" anchor="justicia" bfScore="--" coherenceScore="--">bn:00048668n</annotation>
		<annotation source="MCS" anchor="Gracia" bfScore="--" coherenceScore="--">bn:00041227n</annotation>
		<annotation source="MCS" anchor="paz" bfScore="--" coherenceScore="--">bn:00061149n</annotation>
		<annotation source="MCS" anchor="sea" bfScore="--" coherenceScore="--">bn:00083187v</annotation>
		<annotation source="BABELFY" anchor="multiplicada" bfScore="0.8" coherenceScore="0.00851063829787234">bn:00090631v</annotation>
		<annotation source="MCS" anchor="conocimiento" bfScore="--" coherenceScore="--">bn:00020452n</annotation>
		<annotation source="MCS" anchor="Señor" bfScore="--" coherenceScore="--">bn:00055346n</annotation>
		<annotation source="BABELFY" anchor="Señor Jesús" bfScore="1.0" coherenceScore="0.7276595744680852">bn:00018805n</annotation>
		<annotation source="MCS" anchor="divino" bfScore="--" coherenceScore="--">bn:00101641a</annotation>
		<annotation source="BABELFY" anchor="poder" bfScore="1.0" coherenceScore="0.01276595744680851">bn:00084451v</annotation>
		<annotation source="BABELFY" anchor="ha" bfScore="0.8048780487804879" coherenceScore="0.14042553191489363">bn:00083184v</annotation>
		<annotation source="MCS" anchor="concedido" bfScore="--" coherenceScore="--">bn:00082538v</annotation>
		<annotation source="MCS" anchor="cosas" bfScore="--" coherenceScore="--">bn:00076925n</annotation>
		<annotation source="MCS" anchor="pertenecen" bfScore="--" coherenceScore="--">bn:00082702v</annotation>
		<annotation source="BABELFY" anchor="vida" bfScore="0.7191032493023696" coherenceScore="0.3574468085106383">bn:00051054n</annotation>
		<annotation source="MCS" anchor="piedad" bfScore="--" coherenceScore="--">bn:00062335n</annotation>
		<annotation source="MCS" anchor="medio" bfScore="--" coherenceScore="--">bn:00054149n</annotation>
		<annotation source="MCS" anchor="llamó" bfScore="--" coherenceScore="--">bn:00084386v</annotation>
		<annotation source="MCS" anchor="propia" bfScore="--" coherenceScore="--">bn:00096707a</annotation>
		<annotation source="MCS" anchor="gloria" bfScore="--" coherenceScore="--">bn:00040711n</annotation>
		<annotation source="MCS" anchor="excelencia" bfScore="--" coherenceScore="--">bn:00032116n</annotation>
		<annotation source="BABELFY" anchor="Mediante" bfScore="0.9411764705882353" coherenceScore="0.01702127659574468">bn:00054097n</annotation>
		<annotation source="MCS" anchor="sido" bfScore="--" coherenceScore="--">bn:00083187v</annotation>
		<annotation source="MCS" anchor="dadas" bfScore="--" coherenceScore="--">bn:00088815v</annotation>
		<annotation source="MCS" anchor="preciosas" bfScore="--" coherenceScore="--">bn:00108910a</annotation>
		<annotation source="MCS" anchor="grandísimas" bfScore="--" coherenceScore="--">bn:00098342a</annotation>
		<annotation source="MCS" anchor="promesas" bfScore="--" coherenceScore="--">bn:00064699n</annotation>
		<annotation source="MCS" anchor="seáis" bfScore="--" coherenceScore="--">bn:00083187v</annotation>
		<annotation source="MCS" anchor="hechos" bfScore="--" coherenceScore="--">bn:00032655n</annotation>
		<annotation source="MCS" anchor="participantes" bfScore="--" coherenceScore="--">bn:00091451v</annotation>
		<annotation source="MCS" anchor="naturaleza" bfScore="--" coherenceScore="--">bn:00057017n</annotation>
		<annotation source="MCS" anchor="divina" bfScore="--" coherenceScore="--">bn:00101641a</annotation>
		<annotation source="BABELFY" anchor="después" bfScore="0.9923664122137404" coherenceScore="0.0425531914893617">bn:00114165r</annotation>
		<annotation source="BABELFY" anchor="haber" bfScore="0.8048780487804879" coherenceScore="0.14042553191489363">bn:00083184v</annotation>
		<annotation source="MCS" anchor="huido" bfScore="--" coherenceScore="--">bn:00083961v</annotation>
		<annotation source="MCS" anchor="corrupción" bfScore="--" coherenceScore="--">bn:00080152n</annotation>
		<annotation source="BABELFY" anchor="hay" bfScore="0.8048780487804879" coherenceScore="0.14042553191489363">bn:00083184v</annotation>
		<annotation source="MCS" anchor="mundo" bfScore="--" coherenceScore="--">bn:00029428n</annotation>
		<annotation source="BABELFY" anchor="debido" bfScore="0.9977728285077951" coherenceScore="0.06808510638297872">bn:00091362v</annotation>
		<annotation source="MCS" anchor="bajas" bfScore="--" coherenceScore="--">bn:00106206a</annotation>
		<annotation source="MCS" anchor="pasiones" bfScore="--" coherenceScore="--">bn:00060907n</annotation>
		<annotation source="MCS" anchor="mismo" bfScore="--" coherenceScore="--">bn:00110076a</annotation>
		<annotation source="MCS" anchor="poniendo" bfScore="--" coherenceScore="--">bn:00090224v</annotation>
		<annotation source="MCS" anchor="empeño" bfScore="--" coherenceScore="--">bn:00061097n</annotation>
		<annotation source="BABELFY" anchor="virtud" bfScore="0.8077695914266577" coherenceScore="0.30638297872340425">bn:00017935n</annotation>
		<annotation source="MCS" anchor="dominio" bfScore="--" coherenceScore="--">bn:03467637n</annotation>
		<annotation source="MCS" anchor="propio" bfScore="--" coherenceScore="--">bn:00096707a</annotation>
		<annotation source="BABELFY" anchor="perseverancia" bfScore="0.9191919191919192" coherenceScore="0.029787234042553193">bn:00028079n</annotation>
		<annotation source="MCS" anchor="devoción" bfScore="--" coherenceScore="--">bn:00026757n</annotation>
		<annotation source="MCS" anchor="afecto" bfScore="--" coherenceScore="--">bn:00001744n</annotation>
		<annotation source="BABELFY" anchor="fraternal" bfScore="1.0" coherenceScore="0.03829787234042553">bn:00098941a</annotation>
		<annotation source="BABELFY" anchor="amor" bfScore="0.8638372383890602" coherenceScore="0.5106382978723404">bn:00052121n</annotation>
		<annotation source="BABELFY" anchor="abundan" bfScore="0.9535783365570599" coherenceScore="0.07234042553191489">bn:00082152v</annotation>
		<annotation source="MCS" anchor="dejarán" bfScore="--" coherenceScore="--">bn:00084710v</annotation>
		<annotation source="BABELFY" anchor="ociosos" bfScore="1.0" coherenceScore="0.11063829787234042">bn:00105868a</annotation>
		<annotation source="MCS" anchor="estériles" bfScore="--" coherenceScore="--">bn:00105063a</annotation>
		<annotation source="BABELFY" anchor="nuestro Señor Jesucristo" bfScore="1.0" coherenceScore="0.7276595744680852">bn:00018805n</annotation>
		<annotation source="BABELFY" anchor="Señor Jesucristo" bfScore="1.0" coherenceScore="0.7276595744680852">bn:00018805n</annotation>
		<annotation source="BABELFY" anchor="Pues" bfScore="1.0" coherenceScore="0.08085106382978724">bn:00025800n</annotation>
		<annotation source="MCS" anchor="tiene" bfScore="--" coherenceScore="--">bn:00089385v</annotation>
		<annotation source="MCS" anchor="es" bfScore="--" coherenceScore="--">bn:00083187v</annotation>
		<annotation source="MCS" anchor="ciego" bfScore="--" coherenceScore="--">bn:00098562a</annotation>
		<annotation source="MCS" anchor="vista" bfScore="--" coherenceScore="--">bn:00006384n</annotation>
		<annotation source="MCS" anchor="corta" bfScore="--" coherenceScore="--">bn:00100668a</annotation>
		<annotation source="BABELFY" anchor="habiendo" bfScore="0.8048780487804879" coherenceScore="0.14042553191489363">bn:00083184v</annotation>
		<annotation source="MCS" anchor="olvidado" bfScore="--" coherenceScore="--">bn:00084302v</annotation>
		<annotation source="MCS" anchor="purificación" bfScore="--" coherenceScore="--">bn:02616235n</annotation>
		<annotation source="BABELFY" anchor="pecados" bfScore="0.9439173030934197" coherenceScore="0.32340425531914896">bn:00071707n</annotation>
		<annotation source="MCS" anchor="pasados" bfScore="--" coherenceScore="--">bn:00091458v</annotation>
		<annotation source="MCS" anchor="hermanos" bfScore="--" coherenceScore="--">bn:00071400n</annotation>
		<annotation source="MCS" anchor="mayor" bfScore="--" coherenceScore="--">bn:00098342a</annotation>
		<annotation source="BABELFY" anchor="empeño" bfScore="1.0" coherenceScore="0.01702127659574468">bn:00089376v</annotation>
		<annotation source="MCS" anchor="hacer" bfScore="--" coherenceScore="--">bn:00087107v</annotation>
		<annotation source="MCS" anchor="firme" bfScore="--" coherenceScore="--">bn:00102999a</annotation>
		<annotation source="MCS" anchor="llamamiento" bfScore="--" coherenceScore="--">bn:00014817n</annotation>
		<annotation source="MCS" anchor="elección" bfScore="--" coherenceScore="--">bn:00030113n</annotation>
		<annotation source="MCS" anchor="haciendo" bfScore="--" coherenceScore="--">bn:00087107v</annotation>
		<annotation source="MCS" anchor="jamás" bfScore="--" coherenceScore="--">bn:00115253r</annotation>
		<annotation source="BABELFY" anchor="manera" bfScore="0.8147003745318352" coherenceScore="0.3276595744680851">bn:00033729n</annotation>
		<annotation source="MCS" anchor="será" bfScore="--" coherenceScore="--">bn:00083187v</annotation>
		<annotation source="MCS" anchor="otorgada" bfScore="--" coherenceScore="--">bn:00082965v</annotation>
		<annotation source="MCS" anchor="amplia" bfScore="--" coherenceScore="--">bn:00098891a</annotation>
		<annotation source="MCS" anchor="entrada" bfScore="--" coherenceScore="--">bn:00031044n</annotation>
		<annotation source="MCS" anchor="reino" bfScore="--" coherenceScore="--">bn:00049171n</annotation>
		<annotation source="MCS" anchor="eterno" bfScore="--" coherenceScore="--">bn:00096562a</annotation>
		<annotation source="BABELFY" anchor="siempre" bfScore="0.9142857142857143" coherenceScore="0.03404255319148936">bn:00114250r</annotation>
		<annotation source="BABELFY" anchor="habré" bfScore="0.8048780487804879" coherenceScore="0.14042553191489363">bn:00083184v</annotation>
		<annotation source="BABELFY" anchor="memoria" bfScore="0.8688186813186813" coherenceScore="0.23404255319148937">bn:00054300n</annotation>
		<annotation source="MCS" anchor="sabéis" bfScore="--" coherenceScore="--">bn:00085261v</annotation>
		<annotation source="MCS" anchor="afirmados" bfScore="--" coherenceScore="--">bn:00082435v</annotation>
		<annotation source="BABELFY" anchor="verdad" bfScore="0.9707519143060379" coherenceScore="0.49361702127659574">bn:00072816n</annotation>
		<annotation source="MCS" anchor="presente" bfScore="--" coherenceScore="--">bn:00108978a</annotation>
		<annotation source="MCS" anchor="considero" bfScore="--" coherenceScore="--">bn:00085651v</annotation>
		<annotation source="MCS" anchor="justo" bfScore="--" coherenceScore="--">bn:00102719a</annotation>
		<annotation source="MCS" anchor="temporal" bfScore="--" coherenceScore="--">bn:00104655a</annotation>
		<annotation source="BABELFY" anchor="dentro" bfScore="1.0" coherenceScore="0.02127659574468085">bn:00115906r</annotation>
		<annotation source="MCS" anchor="tengo" bfScore="--" coherenceScore="--">bn:00089385v</annotation>
		<annotation source="MCS" anchor="tengo que" bfScore="--" coherenceScore="--">bn:13601282v</annotation>
		<annotation source="MCS" anchor="dejar" bfScore="--" coherenceScore="--">bn:00084710v</annotation>
		<annotation source="BABELFY" anchor="frágil" bfScore="0.8477064220183487" coherenceScore="0.08936170212765958">bn:00102741a</annotation>
		<annotation source="BABELFY" anchor="declarado" bfScore="0.7774086378737541" coherenceScore="0.07659574468085106">bn:00086380v</annotation>
		<annotation source="BABELFY" anchor="procuraré" bfScore="0.952755905511811" coherenceScore="0.04680851063829787">bn:00090460v</annotation>
		<annotation source="MCS" anchor="partida" bfScore="--" coherenceScore="--">bn:00026343n</annotation>
		<annotation source="MCS" anchor="tener" bfScore="--" coherenceScore="--">bn:00089385v</annotation>
		<annotation source="MCS" anchor="momento" bfScore="--" coherenceScore="--">bn:00010728n</annotation>
		<annotation source="BABELFY" anchor="hemos" bfScore="0.8048780487804879" coherenceScore="0.14042553191489363">bn:00083184v</annotation>
		<annotation source="MCS" anchor="dado" bfScore="--" coherenceScore="--">bn:00088815v</annotation>
		<annotation source="MCS" anchor="conocer" bfScore="--" coherenceScore="--">bn:00090725v</annotation>
		<annotation source="MCS" anchor="poder" bfScore="--" coherenceScore="--">bn:00063940n</annotation>
		<annotation source="MCS" anchor="venida" bfScore="--" coherenceScore="--">bn:00082788v</annotation>
		<annotation source="MCS" anchor="siguiendo" bfScore="--" coherenceScore="--">bn:00088421v</annotation>
		<annotation source="BABELFY" anchor="fábulas" bfScore="0.7360922659430122" coherenceScore="0.13191489361702127">bn:00002822n</annotation>
		<annotation source="MCS" anchor="testigos" bfScore="--" coherenceScore="--">bn:00081454n</annotation>
		<annotation source="BABELFY" anchor="testigos oculares" bfScore="1.0" coherenceScore="0.19148936170212766">bn:00081454n</annotation>
		<annotation source="BABELFY" anchor="oculares" bfScore="0.8888888888888888" coherenceScore="0.00851063829787234">bn:00107730a</annotation>
		<annotation source="MCS" anchor="majestad" bfScore="--" coherenceScore="--">bn:00051828n</annotation>
		<annotation source="MCS" anchor="recibir" bfScore="--" coherenceScore="--">bn:00089246v</annotation>
		<annotation source="MCS" anchor="parte" bfScore="--" coherenceScore="--">bn:00060765n</annotation>
		<annotation source="MCS" anchor="Padre" bfScore="--" coherenceScore="--">bn:00009616n</annotation>
		<annotation source="BABELFY" anchor="honra" bfScore="1.0" coherenceScore="0.20851063829787234">bn:00044654n</annotation>
		<annotation source="MCS" anchor="fue" bfScore="--" coherenceScore="--">bn:00083187v</annotation>
		<annotation source="MCS" anchor="dirigida" bfScore="--" coherenceScore="--">bn:00084792v</annotation>
		<annotation source="MCS" anchor="voz" bfScore="--" coherenceScore="--">bn:00080185n</annotation>
		<annotation source="MCS" anchor="Hijo" bfScore="--" coherenceScore="--">bn:00024244n</annotation>
		<annotation source="MCS" anchor="amado" bfScore="--" coherenceScore="--">bn:00090505v</annotation>
		<annotation source="MCS" anchor="complacencia" bfScore="--" coherenceScore="--">bn:00021345n</annotation>
		<annotation source="MCS" anchor="oímos" bfScore="--" coherenceScore="--">bn:00089277v</annotation>
		<annotation source="MCS" anchor="cielo" bfScore="--" coherenceScore="--">bn:00072016n</annotation>
		<annotation source="MCS" anchor="monte" bfScore="--" coherenceScore="--">bn:00036086n</annotation>
		<annotation source="BABELFY" anchor="monte santo" bfScore="1.0" coherenceScore="0.07659574468085106">bn:01894826n</annotation>
		<annotation source="MCS" anchor="santo" bfScore="--" coherenceScore="--">bn:00097090a</annotation>
		<annotation source="MCS" anchor="tenemos" bfScore="--" coherenceScore="--">bn:00089385v</annotation>
		<annotation source="BABELFY" anchor="palabra" bfScore="0.9554378998455769" coherenceScore="0.6042553191489362">bn:00081546n</annotation>
		<annotation source="MCS" anchor="Hacéis" bfScore="--" coherenceScore="--">bn:00087107v</annotation>
		<annotation source="MCS" anchor="bien" bfScore="--" coherenceScore="--">bn:00115530r</annotation>
		<annotation source="MCS" anchor="atentos" bfScore="--" coherenceScore="--">bn:00100316a</annotation>
		<annotation source="MCS" anchor="antorcha" bfScore="--" coherenceScore="--">bn:00035000n</annotation>
		<annotation source="BABELFY" anchor="alumbra" bfScore="0.8733392382639504" coherenceScore="0.12340425531914893">bn:00083222v</annotation>
		<annotation source="MCS" anchor="lugar" bfScore="--" coherenceScore="--">bn:00062699n</annotation>
		<annotation source="MCS" anchor="oscuro" bfScore="--" coherenceScore="--">bn:00100903a</annotation>
		<annotation source="MCS" anchor="aclare" bfScore="--" coherenceScore="--">bn:00085042v</annotation>
		<annotation source="MCS" anchor="día" bfScore="--" coherenceScore="--">bn:00000086n</annotation>
		<annotation source="BABELFY" anchor="lucero" bfScore="0.9005847953216374" coherenceScore="0.08936170212765958">bn:14501534n</annotation>
		<annotation source="MCS" anchor="mañana" bfScore="--" coherenceScore="--">bn:00035851n</annotation>
		<annotation source="MCS" anchor="levante" bfScore="--" coherenceScore="--">bn:00084110v</annotation>
		<annotation source="MCS" anchor="corazones" bfScore="--" coherenceScore="--">bn:00043383n</annotation>
		<annotation source="MCS" anchor="cuenta" bfScore="--" coherenceScore="--">bn:00000744n</annotation>
		<annotation source="MCS" anchor="profecía" bfScore="--" coherenceScore="--">bn:00064645n</annotation>
		<annotation source="MCS" anchor="Escritura" bfScore="--" coherenceScore="--">bn:00007306n</annotation>
		<annotation source="MCS" anchor="interpretación" bfScore="--" coherenceScore="--">bn:00047199n</annotation>
		<annotation source="MCS" anchor="privada" bfScore="--" coherenceScore="--">bn:00109026a</annotation>
		<annotation source="MCS" anchor="traída" bfScore="--" coherenceScore="--">bn:00084060v</annotation>
		<annotation source="BABELFY" anchor="voluntad" bfScore="0.7105847520355293" coherenceScore="0.3404255319148936">bn:16772028n</annotation>
		<annotation source="MCS" anchor="humana" bfScore="--" coherenceScore="--">bn:00104384a</annotation>
		<annotation source="MCS" anchor="contrario" bfScore="--" coherenceScore="--">bn:00047338n</annotation>
		<annotation source="MCS" anchor="hombres" bfScore="--" coherenceScore="--">bn:00001533n</annotation>
		<annotation source="MCS" anchor="hablaron" bfScore="--" coherenceScore="--">bn:00094090v</annotation>
		<annotation source="MCS" anchor="siendo" bfScore="--" coherenceScore="--">bn:00083187v</annotation>
		<annotation source="MCS" anchor="inspirados" bfScore="--" coherenceScore="--">bn:00082627v</annotation>
		<annotation source="MCS" anchor="Espíritu" bfScore="--" coherenceScore="--">bn:00033960n</annotation>
		<annotation source="BABELFY" anchor="Espíritu Santo" bfScore="0.9433950304259635" coherenceScore="0.5234042553191489">bn:00645230n</annotation>
		<annotation source="MCS" anchor="Santo" bfScore="--" coherenceScore="--">bn:00053896n</annotation>
	</annotations>
</paragraph>
<paragraph id="p.2">
	<text>
		Pero hubo falsos profetas entre el pueblo , como también entre vosotros habrá falsos maestros que introducirán encubiertamente herejías destructivas , llegando aun hasta negar al soberano Señor que los compró , acarreando sobre sí mismos una súbita destrucción
		Y muchos seguirán tras la sensualidad de ellos , y por causa de ellos será difamado el camino de la verdad
		Por avaricia harán mercadería de vosotros con palabras fingidas . Desde hace tiempo su condenación no se tarda , y su destrucción no se duerme
		Porque si Dios no dejó sin castigo a los ángeles que pecaron , sino que , habiéndolos arrojado al infierno en prisiones de oscuridad , los entregó a ser reservados para el juicio
		y si tampoco dejó sin castigo al mundo antiguo , pero preservó a Noé , heraldo de justicia , junto con otras siete personas , cuando trajo el diluvio sobre el mundo de los impíos
		y si condenó a destrucción a las ciudades de Sodoma y Gomorra , reduciéndolas a cenizas y poniéndolas como ejemplo para los que habían de vivir impíamente
		y si rescató al justo Lot , quien era acosado por la conducta sensual de los malvado
		- - porque este hombre justo habitaba en medio de ellos y afligía de día en día su alma justa por los hechos malvados de ellos - -
		entonces el Señor sabe rescatar de la prueba a los piadosos y guardar a los injustos para ser castigados en el día del juicio
		­ Y especialmente a aquellos que andan tras las pervertidas pasiones de la carne , y desprecian toda autoridad ! Estos atrevidos y arrogantes no temen maldecir a las potestades superiores
		mientras que los ángeles , que son mayores en fuerza y poder , no pronuncian juicio de maldición contra ellos delante del Señor
		Pero éstos , maldiciendo lo que no entienden , como animales irracionales que por naturaleza han sido creados para presa y destrucción , también perecerán en su perdición
		Recibirán injusticia como pago de la injusticia , porque consideran delicia el gozar en pleno día de placeres sensuales . Éstos son manchas y suciedad que mientras comen con vosotros se deleitan en sus engaños
		Tienen los ojos llenos de adulterio y son insaciables para el pecado . Seducen a las almas inconstantes . Tienen el corazón ejercitado para la avaricia . Son hijos de maldición
		Abandonando el camino recto , se extraviaron al seguir el camino de Balaam hijo de Beor , quien amó el pago de la injustici
		y fue reprendido por su iniquidad . ¡ Una muda bestia de carga , hablando con voz de hombre , frenó la locura del profeta
		Son fuentes sin agua y nubes arrastradas por la tempestad . Para ellos se ha guardado la profunda oscuridad de las tinieblas
		Porque hablando arrogantes palabras de vanidad , seducen con las pasiones sensuales de la carne a los que a duras penas se habían escapado de los que viven en el error
		Les prometen libertad , cuando ellos mismos son esclavos de la corrupción ; puesto que cada cual es hecho esclavo de lo que le ha vencido
		Porque si los que se han escapado de las contaminaciones del mundo por el conocimiento de nuestro Señor y Salvador Jesucristo se enredan de nuevo en ellas y son vencidos , el último estado les viene a ser peor que el primero
		Pues mejor les habría sido no haber conocido el camino de justicia , que después de conocerlo , volver atrás del santo mandamiento que les fue dado
		A ellos les ha ocurrido lo del acertado proverbio : El perro se volvió a su propio vómito ; y &amp;quot; la puerca lavada , a revolcarse en el cieno &amp;quot;
	</text>
	<annotations>
		<annotation source="BABELFY" anchor="hubo" bfScore="0.7039877300613497" coherenceScore="0.06589147286821706">bn:00083184v</annotation>
		<annotation source="MCS" anchor="falsos" bfScore="--" coherenceScore="--">bn:00098117a</annotation>
		<annotation source="BABELFY" anchor="falsos profetas" bfScore="1.0" coherenceScore="0.07751937984496124">bn:01570354n</annotation>
		<annotation source="BABELFY" anchor="profetas" bfScore="0.8369075509100738" coherenceScore="0.20930232558139536">bn:00064759n</annotation>
		<annotation source="MCS" anchor="pueblo" bfScore="--" coherenceScore="--">bn:00021149n</annotation>
		<annotation source="BABELFY" anchor="habrá" bfScore="0.7039877300613497" coherenceScore="0.06589147286821706">bn:00083184v</annotation>
		<annotation source="MCS" anchor="maestros" bfScore="--" coherenceScore="--">bn:00046958n</annotation>
		<annotation source="MCS" anchor="introducirán" bfScore="--" coherenceScore="--">bn:00089764v</annotation>
		<annotation source="BABELFY" anchor="herejías" bfScore="0.9458723918959783" coherenceScore="0.17829457364341086">bn:00043819n</annotation>
		<annotation source="BABELFY" anchor="destructivas" bfScore="1.0" coherenceScore="0.04263565891472868">bn:00101259a</annotation>
		<annotation source="MCS" anchor="llegando" bfScore="--" coherenceScore="--">bn:00082788v</annotation>
		<annotation source="MCS" anchor="negar" bfScore="--" coherenceScore="--">bn:00086591v</annotation>
		<annotation source="BABELFY" anchor="soberano" bfScore="1.0" coherenceScore="0.03488372093023256">bn:00097829a</annotation>
		<annotation source="MCS" anchor="Señor" bfScore="--" coherenceScore="--">bn:00055346n</annotation>
		<annotation source="BABELFY" anchor="compró" bfScore="0.7717041800643086" coherenceScore="0.07751937984496124">bn:00084331v</annotation>
		<annotation source="MCS" anchor="acarreando" bfScore="--" coherenceScore="--">bn:00084564v</annotation>
		<annotation source="MCS" anchor="mismos" bfScore="--" coherenceScore="--">bn:00110076a</annotation>
		<annotation source="BABELFY" anchor="súbita" bfScore="0.9336870026525199" coherenceScore="0.06201550387596899">bn:00111415a</annotation>
		<annotation source="MCS" anchor="destrucción" bfScore="--" coherenceScore="--">bn:00026163n</annotation>
		<annotation source="MCS" anchor="seguirán" bfScore="--" coherenceScore="--">bn:00088421v</annotation>
		<annotation source="MCS" anchor="sensualidad" bfScore="--" coherenceScore="--">bn:00070523n</annotation>
		<annotation source="MCS" anchor="causa" bfScore="--" coherenceScore="--">bn:00015051n</annotation>
		<annotation source="MCS" anchor="será" bfScore="--" coherenceScore="--">bn:00083187v</annotation>
		<annotation source="MCS" anchor="difamado" bfScore="--" coherenceScore="--">bn:00082829v</annotation>
		<annotation source="MCS" anchor="camino" bfScore="--" coherenceScore="--">bn:00080721n</annotation>
		<annotation source="BABELFY" anchor="verdad" bfScore="0.9780919490610835" coherenceScore="0.4108527131782946">bn:00072816n</annotation>
		<annotation source="MCS" anchor="harán" bfScore="--" coherenceScore="--">bn:00087107v</annotation>
		<annotation source="BABELFY" anchor="mercadería" bfScore="0.954337899543379" coherenceScore="0.07364341085271318">bn:00054416n</annotation>
		<annotation source="BABELFY" anchor="palabras" bfScore="0.9751844817386431" coherenceScore="0.5232558139534884">bn:00081546n</annotation>
		<annotation source="MCS" anchor="hace" bfScore="--" coherenceScore="--">bn:00087107v</annotation>
		<annotation source="BABELFY" anchor="tiempo" bfScore="0.7296593087852121" coherenceScore="0.3178294573643411">bn:00077270n</annotation>
		<annotation source="BABELFY" anchor="condenación" bfScore="0.896551724137931" coherenceScore="0.13178294573643412">bn:00025114n</annotation>
		<annotation source="BABELFY" anchor="tarda" bfScore="0.7804878048780488" coherenceScore="0.015503875968992248">bn:00090383v</annotation>
		<annotation source="MCS" anchor="duerme" bfScore="--" coherenceScore="--">bn:00084684v</annotation>
		<annotation source="MCS" anchor="dejó" bfScore="--" coherenceScore="--">bn:00084710v</annotation>
		<annotation source="BABELFY" anchor="castigo" bfScore="0.9037165833514453" coherenceScore="0.2441860465116279">bn:00061325n</annotation>
		<annotation source="BABELFY" anchor="ángeles" bfScore="0.9668068489035746" coherenceScore="0.3178294573643411">bn:00004063n</annotation>
		<annotation source="BABELFY" anchor="habiendo" bfScore="0.7039877300613497" coherenceScore="0.06589147286821706">bn:00083184v</annotation>
		<annotation source="MCS" anchor="arrojado" bfScore="--" coherenceScore="--">bn:00084627v</annotation>
		<annotation source="BABELFY" anchor="infierno" bfScore="0.8402095010566939" coherenceScore="0.27906976744186046">bn:00043604n</annotation>
		<annotation source="MCS" anchor="prisiones" bfScore="--" coherenceScore="--">bn:00064468n</annotation>
		<annotation source="MCS" anchor="oscuridad" bfScore="--" coherenceScore="--">bn:00025233n</annotation>
		<annotation source="MCS" anchor="entregó" bfScore="--" coherenceScore="--">bn:00086531v</annotation>
		<annotation source="MCS" anchor="ser" bfScore="--" coherenceScore="--">bn:00083187v</annotation>
		<annotation source="MCS" anchor="reservados" bfScore="--" coherenceScore="--">bn:00083774v</annotation>
		<annotation source="MCS" anchor="juicio" bfScore="--" coherenceScore="--">bn:00048493n</annotation>
		<annotation source="MCS" anchor="tampoco" bfScore="--" coherenceScore="--">bn:13664534r</annotation>
		<annotation source="MCS" anchor="mundo" bfScore="--" coherenceScore="--">bn:00029428n</annotation>
		<annotation source="BABELFY" anchor="mundo antiguo" bfScore="1.0" coherenceScore="0.29457364341085274">bn:00003924n</annotation>
		<annotation source="MCS" anchor="antiguo" bfScore="--" coherenceScore="--">bn:00097066a</annotation>
		<annotation source="MCS" anchor="heraldo" bfScore="--" coherenceScore="--">bn:00043772n</annotation>
		<annotation source="BABELFY" anchor="justicia" bfScore="0.7263944745584893" coherenceScore="0.3372093023255814">bn:00048668n</annotation>
		<annotation source="BABELFY" anchor="junto" bfScore="1.0" coherenceScore="0.007751937984496124">bn:00105539a</annotation>
		<annotation source="BABELFY" anchor="personas" bfScore="0.9211704634721131" coherenceScore="0.7286821705426356">bn:00046516n</annotation>
		<annotation source="MCS" anchor="trajo" bfScore="--" coherenceScore="--">bn:00084060v</annotation>
		<annotation source="BABELFY" anchor="diluvio" bfScore="0.827765726681128" coherenceScore="0.13953488372093023">bn:03431454n</annotation>
		<annotation source="MCS" anchor="condenó" bfScore="--" coherenceScore="--">bn:00085548v</annotation>
		<annotation source="BABELFY" anchor="ciudades" bfScore="0.8730912792670512" coherenceScore="0.32170542635658916">bn:03335997n</annotation>
		<annotation source="MCS" anchor="Sodoma y Gomorra" bfScore="--" coherenceScore="--">bn:15358958n</annotation>
		<annotation source="MCS" anchor="reduciendo" bfScore="--" coherenceScore="--">bn:00084079v</annotation>
		<annotation source="MCS" anchor="cenizas" bfScore="--" coherenceScore="--">bn:00019121n</annotation>
		<annotation source="MCS" anchor="poniendo" bfScore="--" coherenceScore="--">bn:00090224v</annotation>
		<annotation source="MCS" anchor="ejemplo" bfScore="--" coherenceScore="--">bn:00032100n</annotation>
		<annotation source="BABELFY" anchor="habían" bfScore="0.7039877300613497" coherenceScore="0.06589147286821706">bn:00083184v</annotation>
		<annotation source="MCS" anchor="vivir" bfScore="--" coherenceScore="--">bn:00087617v</annotation>
		<annotation source="MCS" anchor="rescató" bfScore="--" coherenceScore="--">bn:00086533v</annotation>
		<annotation source="MCS" anchor="justo" bfScore="--" coherenceScore="--">bn:00102719a</annotation>
		<annotation source="BABELFY" anchor="Lot" bfScore="0.8987854251012146" coherenceScore="0.09302325581395349">bn:00052062n</annotation>
		<annotation source="MCS" anchor="era" bfScore="--" coherenceScore="--">bn:00083187v</annotation>
		<annotation source="MCS" anchor="acosado" bfScore="--" coherenceScore="--">bn:00083427v</annotation>
		<annotation source="BABELFY" anchor="conducta" bfScore="0.7157089735494282" coherenceScore="0.39147286821705424">bn:00009657n</annotation>
		<annotation source="BABELFY" anchor="sensual" bfScore="1.0" coherenceScore="0.023255813953488372">bn:00102307a</annotation>
		<annotation source="MCS" anchor="hombre" bfScore="--" coherenceScore="--">bn:00001533n</annotation>
		<annotation source="MCS" anchor="habitaba" bfScore="--" coherenceScore="--">bn:00083391v</annotation>
		<annotation source="BABELFY" anchor="día" bfScore="0.7275590551181103" coherenceScore="0.12790697674418605">bn:00000086n</annotation>
		<annotation source="MCS" anchor="alma" bfScore="--" coherenceScore="--">bn:00065006n</annotation>
		<annotation source="MCS" anchor="justa" bfScore="--" coherenceScore="--">bn:00102719a</annotation>
		<annotation source="MCS" anchor="hechos" bfScore="--" coherenceScore="--">bn:00032655n</annotation>
		<annotation source="MCS" anchor="entonces" bfScore="--" coherenceScore="--">bn:00117250r</annotation>
		<annotation source="MCS" anchor="sabe" bfScore="--" coherenceScore="--">bn:00085261v</annotation>
		<annotation source="MCS" anchor="rescatar" bfScore="--" coherenceScore="--">bn:00086533v</annotation>
		<annotation source="MCS" anchor="prueba" bfScore="--" coherenceScore="--">bn:00076647n</annotation>
		<annotation source="MCS" anchor="guardar" bfScore="--" coherenceScore="--">bn:00089407v</annotation>
		<annotation source="MCS" anchor="injustos" bfScore="--" coherenceScore="--">bn:00113959a</annotation>
		<annotation source="MCS" anchor="castigados" bfScore="--" coherenceScore="--">bn:00084638v</annotation>
		<annotation source="BABELFY" anchor="especialmente" bfScore="0.9807692307692307" coherenceScore="0.06589147286821706">bn:00115235r</annotation>
		<annotation source="MCS" anchor="andan" bfScore="--" coherenceScore="--">bn:00094337v</annotation>
		<annotation source="MCS" anchor="pasiones" bfScore="--" coherenceScore="--">bn:00060907n</annotation>
		<annotation source="MCS" anchor="carne" bfScore="--" coherenceScore="--">bn:00035182n</annotation>
		<annotation source="MCS" anchor="desprecian" bfScore="--" coherenceScore="--">bn:00085702v</annotation>
		<annotation source="MCS" anchor="autoridad" bfScore="--" coherenceScore="--">bn:00007302n</annotation>
		<annotation source="MCS" anchor="arrogantes" bfScore="--" coherenceScore="--">bn:00101507a</annotation>
		<annotation source="MCS" anchor="temen" bfScore="--" coherenceScore="--">bn:00088065v</annotation>
		<annotation source="MCS" anchor="maldecir" bfScore="--" coherenceScore="--">bn:00083560v</annotation>
		<annotation source="MCS" anchor="potestades" bfScore="--" coherenceScore="--">bn:13960280n</annotation>
		<annotation source="BABELFY" anchor="superiores" bfScore="0.7408536585365854" coherenceScore="0.10465116279069768">bn:00111465a</annotation>
		<annotation source="MCS" anchor="son" bfScore="--" coherenceScore="--">bn:00083187v</annotation>
		<annotation source="MCS" anchor="mayores" bfScore="--" coherenceScore="--">bn:00098342a</annotation>
		<annotation source="MCS" anchor="fuerza" bfScore="--" coherenceScore="--">bn:00035768n</annotation>
		<annotation source="BABELFY" anchor="poder" bfScore="0.700862895493768" coherenceScore="0.16666666666666666">bn:00063940n</annotation>
		<annotation source="MCS" anchor="pronuncian" bfScore="--" coherenceScore="--">bn:00082800v</annotation>
		<annotation source="MCS" anchor="maldición" bfScore="--" coherenceScore="--">bn:00046161n</annotation>
		<annotation source="BABELFY" anchor="delante" bfScore="1.0" coherenceScore="0.003875968992248062">bn:00114182r</annotation>
		<annotation source="MCS" anchor="entienden" bfScore="--" coherenceScore="--">bn:00092443v</annotation>
		<annotation source="MCS" anchor="anima" bfScore="--" coherenceScore="--">bn:00082629v</annotation>
		<annotation source="BABELFY" anchor="irracionales" bfScore="1.0" coherenceScore="0.007751937984496124">bn:00105428a</annotation>
		<annotation source="MCS" anchor="naturaleza" bfScore="--" coherenceScore="--">bn:00057017n</annotation>
		<annotation source="BABELFY" anchor="han" bfScore="0.7039877300613497" coherenceScore="0.06589147286821706">bn:00083184v</annotation>
		<annotation source="MCS" anchor="sido" bfScore="--" coherenceScore="--">bn:00083187v</annotation>
		<annotation source="MCS" anchor="creados" bfScore="--" coherenceScore="--">bn:00086009v</annotation>
		<annotation source="MCS" anchor="presa" bfScore="--" coherenceScore="--">bn:00025075n</annotation>
		<annotation source="MCS" anchor="Recibirán" bfScore="--" coherenceScore="--">bn:00089246v</annotation>
		<annotation source="MCS" anchor="injusticia" bfScore="--" coherenceScore="--">bn:00046793n</annotation>
		<annotation source="MCS" anchor="pago" bfScore="--" coherenceScore="--">bn:00061119n</annotation>
		<annotation source="MCS" anchor="consideran" bfScore="--" coherenceScore="--">bn:00085651v</annotation>
		<annotation source="BABELFY" anchor="delicia" bfScore="1.0" coherenceScore="0.10465116279069768">bn:00026047n</annotation>
		<annotation source="MCS" anchor="gozar" bfScore="--" coherenceScore="--">bn:00087646v</annotation>
		<annotation source="MCS" anchor="pleno" bfScore="--" coherenceScore="--">bn:00098890a</annotation>
		<annotation source="BABELFY" anchor="placeres" bfScore="0.7075471698113207" coherenceScore="0.15503875968992248">bn:00062972n</annotation>
		<annotation source="BABELFY" anchor="sensuales" bfScore="1.0" coherenceScore="0.023255813953488372">bn:00102307a</annotation>
		<annotation source="MCS" anchor="manchas" bfScore="--" coherenceScore="--">bn:00011197n</annotation>
		<annotation source="MCS" anchor="suciedad" bfScore="--" coherenceScore="--">bn:00078956n</annotation>
		<annotation source="MCS" anchor="comen" bfScore="--" coherenceScore="--">bn:00087461v</annotation>
		<annotation source="MCS" anchor="engaños" bfScore="--" coherenceScore="--">bn:00023504n</annotation>
		<annotation source="MCS" anchor="Tienen" bfScore="--" coherenceScore="--">bn:00089385v</annotation>
		<annotation source="BABELFY" anchor="ojos" bfScore="0.8084326306141155" coherenceScore="0.20930232558139536">bn:00032512n</annotation>
		<annotation source="BABELFY" anchor="llenos" bfScore="0.7724137931034483" coherenceScore="0.05426356589147287">bn:00102961a</annotation>
		<annotation source="BABELFY" anchor="adulterio" bfScore="0.9861954721148537" coherenceScore="0.14728682170542637">bn:00001543n</annotation>
		<annotation source="BABELFY" anchor="insaciables" bfScore="1.0" coherenceScore="0.015503875968992248">bn:00105163a</annotation>
		<annotation source="BABELFY" anchor="pecado" bfScore="0.9758034026465028" coherenceScore="0.3449612403100775">bn:00071707n</annotation>
		<annotation source="MCS" anchor="almas" bfScore="--" coherenceScore="--">bn:00065006n</annotation>
		<annotation source="MCS" anchor="corazón" bfScore="--" coherenceScore="--">bn:00043383n</annotation>
		<annotation source="MCS" anchor="ejercitado" bfScore="--" coherenceScore="--">bn:00087319v</annotation>
		<annotation source="MCS" anchor="avaricia" bfScore="--" coherenceScore="--">bn:00055293n</annotation>
		<annotation source="MCS" anchor="Son" bfScore="--" coherenceScore="--">bn:00083187v</annotation>
		<annotation source="MCS" anchor="hijos" bfScore="--" coherenceScore="--">bn:00024244n</annotation>
		<annotation source="MCS" anchor="Abandonando" bfScore="--" coherenceScore="--">bn:00082118v</annotation>
		<annotation source="MCS" anchor="recto" bfScore="--" coherenceScore="--">bn:00111262a</annotation>
		<annotation source="MCS" anchor="seguir" bfScore="--" coherenceScore="--">bn:00088421v</annotation>
		<annotation source="BABELFY" anchor="Balaam" bfScore="1.0" coherenceScore="0.05426356589147287">bn:03400805n</annotation>
		<annotation source="MCS" anchor="hijo" bfScore="--" coherenceScore="--">bn:00024244n</annotation>
		<annotation source="MCS" anchor="amó" bfScore="--" coherenceScore="--">bn:00090505v</annotation>
		<annotation source="MCS" anchor="fue" bfScore="--" coherenceScore="--">bn:00083187v</annotation>
		<annotation source="MCS" anchor="reprendido" bfScore="--" coherenceScore="--">bn:00083177v</annotation>
		<annotation source="BABELFY" anchor="iniquidad" bfScore="0.8215613382899628" coherenceScore="0.050387596899224806">bn:00046778n</annotation>
		<annotation source="MCS" anchor="muda" bfScore="--" coherenceScore="--">bn:00101886a</annotation>
		<annotation source="MCS" anchor="bestia" bfScore="--" coherenceScore="--">bn:00009390n</annotation>
		<annotation source="MCS" anchor="bestia de carga" bfScore="--" coherenceScore="--">bn:00009391n</annotation>
		<annotation source="MCS" anchor="carga" bfScore="--" coherenceScore="--">bn:00016047n</annotation>
		<annotation source="MCS" anchor="hablando" bfScore="--" coherenceScore="--">bn:00094090v</annotation>
		<annotation source="MCS" anchor="voz" bfScore="--" coherenceScore="--">bn:00080185n</annotation>
		<annotation source="MCS" anchor="frenó" bfScore="--" coherenceScore="--">bn:00083876v</annotation>
		<annotation source="MCS" anchor="locura" bfScore="--" coherenceScore="--">bn:00046865n</annotation>
		<annotation source="BABELFY" anchor="profeta" bfScore="0.9754414450984372" coherenceScore="0.20930232558139536">bn:00064759n</annotation>
		<annotation source="MCS" anchor="fuentes" bfScore="--" coherenceScore="--">bn:00009635n</annotation>
		<annotation source="BABELFY" anchor="agua" bfScore="0.9217175477786052" coherenceScore="0.34108527131782945">bn:00042379n</annotation>
		<annotation source="BABELFY" anchor="nubes" bfScore="0.8802507836990595" coherenceScore="0.10077519379844961">bn:00020002n</annotation>
		<annotation source="MCS" anchor="arrastradas" bfScore="--" coherenceScore="--">bn:00087234v</annotation>
		<annotation source="BABELFY" anchor="ha" bfScore="0.7039877300613497" coherenceScore="0.06589147286821706">bn:00083184v</annotation>
		<annotation source="MCS" anchor="guardado" bfScore="--" coherenceScore="--">bn:00089407v</annotation>
		<annotation source="MCS" anchor="profunda" bfScore="--" coherenceScore="--">bn:00101043a</annotation>
		<annotation source="BABELFY" anchor="tinieblas" bfScore="1.0" coherenceScore="0.003875968992248062">bn:00757086n</annotation>
		<annotation source="MCS" anchor="vanidad" bfScore="--" coherenceScore="--">bn:00021531n</annotation>
		<annotation source="MCS" anchor="duras" bfScore="--" coherenceScore="--">bn:00112025a</annotation>
		<annotation source="BABELFY" anchor="penas" bfScore="1.0" coherenceScore="0.10465116279069768">bn:00089535v</annotation>
		<annotation source="MCS" anchor="escapado" bfScore="--" coherenceScore="--">bn:00083978v</annotation>
		<annotation source="MCS" anchor="viven" bfScore="--" coherenceScore="--">bn:00087617v</annotation>
		<annotation source="MCS" anchor="error" bfScore="--" coherenceScore="--">bn:00031485n</annotation>
		<annotation source="MCS" anchor="prometen" bfScore="--" coherenceScore="--">bn:00091749v</annotation>
		<annotation source="MCS" anchor="libertad" bfScore="--" coherenceScore="--">bn:00036376n</annotation>
		<annotation source="BABELFY" anchor="corrupción" bfScore="0.7082896117523609" coherenceScore="0.11627906976744186">bn:00022886n</annotation>
		<annotation source="MCS" anchor="es" bfScore="--" coherenceScore="--">bn:00083187v</annotation>
		<annotation source="MCS" anchor="hecho" bfScore="--" coherenceScore="--">bn:00032655n</annotation>
		<annotation source="MCS" anchor="vencido" bfScore="--" coherenceScore="--">bn:00083247v</annotation>
		<annotation source="BABELFY" anchor="contaminaciones" bfScore="0.9392712550607287" coherenceScore="0.12403100775193798">bn:00063385n</annotation>
		<annotation source="MCS" anchor="conocimiento" bfScore="--" coherenceScore="--">bn:00020452n</annotation>
		<annotation source="BABELFY" anchor="nuestro Señor" bfScore="0.7707006369426752" coherenceScore="0.04263565891472868">bn:08349882n</annotation>
		<annotation source="BABELFY" anchor="Jesucristo" bfScore="1.0" coherenceScore="0.6589147286821705">bn:00018805n</annotation>
		<annotation source="MCS" anchor="nuevo" bfScore="--" coherenceScore="--">bn:00107267a</annotation>
		<annotation source="MCS" anchor="vencidos" bfScore="--" coherenceScore="--">bn:00083247v</annotation>
		<annotation source="MCS" anchor="último" bfScore="--" coherenceScore="--">bn:00105740a</annotation>
		<annotation source="MCS" anchor="viene" bfScore="--" coherenceScore="--">bn:00082788v</annotation>
		<annotation source="MCS" anchor="peor" bfScore="--" coherenceScore="--">bn:00097966a</annotation>
		<annotation source="BABELFY" anchor="Pues" bfScore="1.0" coherenceScore="0.05426356589147287">bn:00025800n</annotation>
		<annotation source="MCS" anchor="mejor" bfScore="--" coherenceScore="--">bn:00098282a</annotation>
		<annotation source="BABELFY" anchor="habría" bfScore="0.7039877300613497" coherenceScore="0.06589147286821706">bn:00083184v</annotation>
		<annotation source="BABELFY" anchor="haber" bfScore="0.7039877300613497" coherenceScore="0.06589147286821706">bn:00083184v</annotation>
		<annotation source="MCS" anchor="conocido" bfScore="--" coherenceScore="--">bn:00090725v</annotation>
		<annotation source="BABELFY" anchor="después" bfScore="1.0" coherenceScore="0.04263565891472868">bn:00114165r</annotation>
		<annotation source="MCS" anchor="conocer" bfScore="--" coherenceScore="--">bn:00090725v</annotation>
		<annotation source="BABELFY" anchor="volver" bfScore="0.9719626168224299" coherenceScore="0.15503875968992248">bn:00088736v</annotation>
		<annotation source="MCS" anchor="atrás" bfScore="--" coherenceScore="--">bn:00114475r</annotation>
		<annotation source="BABELFY" anchor="santo" bfScore="0.7169811320754716" coherenceScore="0.046511627906976744">bn:00097090a</annotation>
		<annotation source="BABELFY" anchor="mandamiento" bfScore="1.0" coherenceScore="0.16279069767441862">bn:00025657n</annotation>
		<annotation source="MCS" anchor="dado" bfScore="--" coherenceScore="--">bn:00088815v</annotation>
		<annotation source="MCS" anchor="ocurrido" bfScore="--" coherenceScore="--">bn:00085332v</annotation>
		<annotation source="BABELFY" anchor="acertado" bfScore="0.9423076923076923" coherenceScore="0.027131782945736434">bn:00089349v</annotation>
		<annotation source="BABELFY" anchor="perro" bfScore="0.9175309891221857" coherenceScore="0.24031007751937986">bn:00015267n</annotation>
		<annotation source="BABELFY" anchor="volvió" bfScore="0.9719626168224299" coherenceScore="0.15503875968992248">bn:00088736v</annotation>
		<annotation source="BABELFY" anchor="propio" bfScore="0.8571428571428571" coherenceScore="0.09302325581395349">bn:00096707a</annotation>
		<annotation source="MCS" anchor="vómito" bfScore="--" coherenceScore="--">bn:00008567n</annotation>
		<annotation source="BABELFY" anchor="puerca" bfScore="1.0" coherenceScore="0.08139534883720931">bn:00073025n</annotation>
		<annotation source="MCS" anchor="lavada" bfScore="--" coherenceScore="--">bn:00095650v</annotation>
		<annotation source="BABELFY" anchor="cieno" bfScore="0.789261744966443" coherenceScore="0.08139534883720931">bn:00019625n</annotation>
	</annotations>
</paragraph>
<paragraph id="p.3">
	<text>
		Amados , ésta es la segunda carta que os escribo . En estas dos cartas estimulo con exhortación vuestro limpio entendimiento
		para que recordéis las palabras que antes han sido dichas por los santos profetas , y el mandamiento del Señor y Salvador declarado por vuestros apóstoles
		Primeramente , sabed que en los últimos días vendrán burladores con sus burlas , quienes procederán según sus bajas pasiones
		y dirán : &amp;quot; ¿ Dónde está la promesa de su venida ? Porque desde el día en que nuestros padres durmieron todas las cosas siguen igual , así como desde el principio de la creación .
		Pues bien , por su propia voluntad pasan por alto esto : que por la palabra de Dios existían desde tiempos antiguos los cielos , y la tierra que surgió del agua y fue asentada en medio del agua
		Por esto el mundo de entonces fue destruido , inundado en agua
		Pero por la misma palabra , los cielos y la tierra que ahora existen están reservados para el fuego , guardados hasta el día del juicio y de la destrucción de los hombres impíos
		Pero , amados , una cosa no paséis por alto : que delante del Señor un día es como mil años y mil años como un día
		El Señor no tarda su promesa , como algunos la tienen por tardanza ; más bien , es paciente para con vosotros , porque no quiere que nadie se pierda , sino que todos procedan al arrepentimiento
		Pero el día del Señor vendrá como ladrón . Entonces los cielos pasarán con grande estruendo ; los elementos , ardiendo , serán deshechos , y la tierra y las obras que están en ella serán consumidas
		Ya que todas estas cosas han de ser deshechas , ¡ qué clase de personas debéis ser vosotros en conducta santa y piadosa
		aguardando y apresurándoos para la venida del día de Dios ! Por causa de ese día los cielos , siendo encendidos , serán deshechos ; y los elementos , al ser abrasados , serán fundidos
		Según las promesas de Dios esperamos cielos nuevos y tierra nueva en los cuales mora la justicia
		Por tanto , oh amados , estando a la espera de estas cosas , procurad con empeño ser hallados en paz por él , sin mancha e irreprensibles
		Considerad que la paciencia de nuestro Señor es para salvación ; como también nuestro amado hermano Pablo os ha escrito , según la sabiduría que le ha sido dada
		Él habla de estas cosas en todas sus epístolas , en las cuales hay algunas cosas difíciles de entender , que los indoctos e inconstantes tuercen , como lo hacen también con las otras Escrituras , para su propia destrucción
		Así que vosotros , oh amados , sabiendo esto de antemano , guardaos ; no sea que , siendo desviados por el engaño de los malvados , caigáis de vuestra firmeza
		Más bien , creced en la gracia y en el conocimiento de nuestro Señor y Salvador Jesucristo . A él sea la gloria ahora y hasta el día de la eternidad . Amén
	</text>
	<annotations>
		<annotation source="MCS" anchor="es" bfScore="--" coherenceScore="--">bn:00083187v</annotation>
		<annotation source="MCS" anchor="carta" bfScore="--" coherenceScore="--">bn:00050802n</annotation>
		<annotation source="MCS" anchor="escribo" bfScore="--" coherenceScore="--">bn:00092123v</annotation>
		<annotation source="MCS" anchor="cartas" bfScore="--" coherenceScore="--">bn:00050802n</annotation>
		<annotation source="MCS" anchor="estimulo" bfScore="--" coherenceScore="--">bn:00084700v</annotation>
		<annotation source="MCS" anchor="limpio" bfScore="--" coherenceScore="--">bn:00099776a</annotation>
		<annotation source="MCS" anchor="entendimiento" bfScore="--" coherenceScore="--">bn:17168157n</annotation>
		<annotation source="MCS" anchor="recordéis" bfScore="--" coherenceScore="--">bn:00084413v</annotation>
		<annotation source="BABELFY" anchor="palabras" bfScore="0.9518278100444141" coherenceScore="0.5572139303482587">bn:00081546n</annotation>
		<annotation source="MCS" anchor="han" bfScore="--" coherenceScore="--">bn:00083184v</annotation>
		<annotation source="MCS" anchor="sido" bfScore="--" coherenceScore="--">bn:00083187v</annotation>
		<annotation source="MCS" anchor="santos" bfScore="--" coherenceScore="--">bn:00097090a</annotation>
		<annotation source="BABELFY" anchor="profetas" bfScore="0.793047256925584" coherenceScore="0.19900497512437812">bn:00064759n</annotation>
		<annotation source="BABELFY" anchor="mandamiento" bfScore="1.0" coherenceScore="0.1691542288557214">bn:00025657n</annotation>
		<annotation source="MCS" anchor="Señor" bfScore="--" coherenceScore="--">bn:00055346n</annotation>
		<annotation source="MCS" anchor="declarado" bfScore="--" coherenceScore="--">bn:00082527v</annotation>
		<annotation source="BABELFY" anchor="apóstoles" bfScore="0.9137055837563451" coherenceScore="0.19402985074626866">bn:00004982n</annotation>
		<annotation source="BABELFY" anchor="Primeramente" bfScore="1.0" coherenceScore="0.004975124378109453">bn:00114298r</annotation>
		<annotation source="MCS" anchor="últimos" bfScore="--" coherenceScore="--">bn:00105740a</annotation>
		<annotation source="MCS" anchor="días" bfScore="--" coherenceScore="--">bn:00000086n</annotation>
		<annotation source="MCS" anchor="vendrán" bfScore="--" coherenceScore="--">bn:00082788v</annotation>
		<annotation source="MCS" anchor="burlas" bfScore="--" coherenceScore="--">bn:00008494n</annotation>
		<annotation source="MCS" anchor="procederán" bfScore="--" coherenceScore="--">bn:00085715v</annotation>
		<annotation source="MCS" anchor="bajas" bfScore="--" coherenceScore="--">bn:00106206a</annotation>
		<annotation source="MCS" anchor="pasiones" bfScore="--" coherenceScore="--">bn:00060907n</annotation>
		<annotation source="MCS" anchor="dirán" bfScore="--" coherenceScore="--">bn:00093287v</annotation>
		<annotation source="MCS" anchor="Dónde" bfScore="--" coherenceScore="--">bn:13653875r</annotation>
		<annotation source="MCS" anchor="promesa" bfScore="--" coherenceScore="--">bn:00064699n</annotation>
		<annotation source="MCS" anchor="venida" bfScore="--" coherenceScore="--">bn:00082788v</annotation>
		<annotation source="MCS" anchor="día" bfScore="--" coherenceScore="--">bn:00000086n</annotation>
		<annotation source="MCS" anchor="padres" bfScore="--" coherenceScore="--">bn:00009616n</annotation>
		<annotation source="MCS" anchor="durmieron" bfScore="--" coherenceScore="--">bn:00084684v</annotation>
		<annotation source="MCS" anchor="cosas" bfScore="--" coherenceScore="--">bn:00076925n</annotation>
		<annotation source="MCS" anchor="siguen" bfScore="--" coherenceScore="--">bn:00088421v</annotation>
		<annotation source="MCS" anchor="igual" bfScore="--" coherenceScore="--">bn:00102336a</annotation>
		<annotation source="MCS" anchor="así" bfScore="--" coherenceScore="--">bn:00117048r</annotation>
		<annotation source="MCS" anchor="principio" bfScore="--" coherenceScore="--">bn:00009633n</annotation>
		<annotation source="MCS" anchor="creación" bfScore="--" coherenceScore="--">bn:00023652n</annotation>
		<annotation source="BABELFY" anchor="bien" bfScore="0.704225352112676" coherenceScore="0.04975124378109453">bn:00115530r</annotation>
		<annotation source="MCS" anchor="propia" bfScore="--" coherenceScore="--">bn:00096707a</annotation>
		<annotation source="BABELFY" anchor="voluntad" bfScore="0.8104265402843602" coherenceScore="0.31343283582089554">bn:16772028n</annotation>
		<annotation source="MCS" anchor="pasan" bfScore="--" coherenceScore="--">bn:00091458v</annotation>
		<annotation source="MCS" anchor="alto" bfScore="--" coherenceScore="--">bn:00075973n</annotation>
		<annotation source="BABELFY" anchor="palabra" bfScore="0.9699685466844759" coherenceScore="0.5572139303482587">bn:00081546n</annotation>
		<annotation source="MCS" anchor="existían" bfScore="--" coherenceScore="--">bn:00083184v</annotation>
		<annotation source="MCS" anchor="tiempos" bfScore="--" coherenceScore="--">bn:00077270n</annotation>
		<annotation source="MCS" anchor="antiguos" bfScore="--" coherenceScore="--">bn:00097066a</annotation>
		<annotation source="MCS" anchor="cielos" bfScore="--" coherenceScore="--">bn:00072016n</annotation>
		<annotation source="MCS" anchor="surgió" bfScore="--" coherenceScore="--">bn:00082758v</annotation>
		<annotation source="BABELFY" anchor="agua" bfScore="0.8966331955109273" coherenceScore="0.4577114427860697">bn:00042379n</annotation>
		<annotation source="MCS" anchor="fue" bfScore="--" coherenceScore="--">bn:00083187v</annotation>
		<annotation source="MCS" anchor="asentada" bfScore="--" coherenceScore="--">bn:00087663v</annotation>
		<annotation source="MCS" anchor="medio" bfScore="--" coherenceScore="--">bn:00054149n</annotation>
		<annotation source="MCS" anchor="mundo" bfScore="--" coherenceScore="--">bn:00029428n</annotation>
		<annotation source="MCS" anchor="entonces" bfScore="--" coherenceScore="--">bn:00117250r</annotation>
		<annotation source="MCS" anchor="destruido" bfScore="--" coherenceScore="--">bn:00086699v</annotation>
		<annotation source="MCS" anchor="inundado" bfScore="--" coherenceScore="--">bn:00086544v</annotation>
		<annotation source="MCS" anchor="misma" bfScore="--" coherenceScore="--">bn:00110076a</annotation>
		<annotation source="MCS" anchor="ahora" bfScore="--" coherenceScore="--">bn:00114424r</annotation>
		<annotation source="MCS" anchor="existen" bfScore="--" coherenceScore="--">bn:00083184v</annotation>
		<annotation source="MCS" anchor="reservados" bfScore="--" coherenceScore="--">bn:00083774v</annotation>
		<annotation source="MCS" anchor="fuego" bfScore="--" coherenceScore="--">bn:00034623n</annotation>
		<annotation source="MCS" anchor="guardados" bfScore="--" coherenceScore="--">bn:00089407v</annotation>
		<annotation source="MCS" anchor="juicio" bfScore="--" coherenceScore="--">bn:00048493n</annotation>
		<annotation source="MCS" anchor="destrucción" bfScore="--" coherenceScore="--">bn:00026163n</annotation>
		<annotation source="MCS" anchor="hombres" bfScore="--" coherenceScore="--">bn:00001533n</annotation>
		<annotation source="MCS" anchor="cosa" bfScore="--" coherenceScore="--">bn:00076925n</annotation>
		<annotation source="MCS" anchor="paséis" bfScore="--" coherenceScore="--">bn:00091458v</annotation>
		<annotation source="BABELFY" anchor="delante" bfScore="1.0" coherenceScore="0.029850746268656716">bn:00114182r</annotation>
		<annotation source="MCS" anchor="años" bfScore="--" coherenceScore="--">bn:00078738n</annotation>
		<annotation source="BABELFY" anchor="tarda" bfScore="0.9" coherenceScore="0.029850746268656716">bn:00090383v</annotation>
		<annotation source="MCS" anchor="tienen" bfScore="--" coherenceScore="--">bn:00089385v</annotation>
		<annotation source="BABELFY" anchor="tardanza" bfScore="0.7711864406779662" coherenceScore="0.06467661691542288">bn:00076141n</annotation>
		<annotation source="MCS" anchor="quiere" bfScore="--" coherenceScore="--">bn:00086682v</annotation>
		<annotation source="BABELFY" anchor="nadie" bfScore="1.0" coherenceScore="0.009950248756218905">bn:00019154n</annotation>
		<annotation source="MCS" anchor="pierda" bfScore="--" coherenceScore="--">bn:00090485v</annotation>
		<annotation source="MCS" anchor="procedan" bfScore="--" coherenceScore="--">bn:00085715v</annotation>
		<annotation source="MCS" anchor="arrepentimiento" bfScore="--" coherenceScore="--">bn:15365800n</annotation>
		<annotation source="MCS" anchor="vendrá" bfScore="--" coherenceScore="--">bn:00082788v</annotation>
		<annotation source="MCS" anchor="Entonces" bfScore="--" coherenceScore="--">bn:00117250r</annotation>
		<annotation source="MCS" anchor="pasarán" bfScore="--" coherenceScore="--">bn:00091458v</annotation>
		<annotation source="MCS" anchor="grande" bfScore="--" coherenceScore="--">bn:00098342a</annotation>
		<annotation source="MCS" anchor="estruendo" bfScore="--" coherenceScore="--">bn:00011127n</annotation>
		<annotation source="MCS" anchor="elementos" bfScore="--" coherenceScore="--">bn:00021394n</annotation>
		<annotation source="MCS" anchor="ardiendo" bfScore="--" coherenceScore="--">bn:00084270v</annotation>
		<annotation source="MCS" anchor="serán" bfScore="--" coherenceScore="--">bn:00083187v</annotation>
		<annotation source="MCS" anchor="deshechos" bfScore="--" coherenceScore="--">bn:00095378v</annotation>
		<annotation source="MCS" anchor="obras" bfScore="--" coherenceScore="--">bn:00011767n</annotation>
		<annotation source="MCS" anchor="consumidas" bfScore="--" coherenceScore="--">bn:00087463v</annotation>
		<annotation source="MCS" anchor="ser" bfScore="--" coherenceScore="--">bn:00083187v</annotation>
		<annotation source="MCS" anchor="deshechas" bfScore="--" coherenceScore="--">bn:00095378v</annotation>
		<annotation source="MCS" anchor="clase" bfScore="--" coherenceScore="--">bn:00019477n</annotation>
		<annotation source="BABELFY" anchor="personas" bfScore="0.9323870003735525" coherenceScore="0.7164179104477612">bn:00046516n</annotation>
		<annotation source="BABELFY" anchor="debéis" bfScore="0.9959718026183283" coherenceScore="0.11442786069651742">bn:00091362v</annotation>
		<annotation source="BABELFY" anchor="conducta" bfScore="0.7524854554827307" coherenceScore="0.3880597014925373">bn:00009657n</annotation>
		<annotation source="MCS" anchor="santa" bfScore="--" coherenceScore="--">bn:00097090a</annotation>
		<annotation source="BABELFY" anchor="aguardando" bfScore="0.8148148148148148" coherenceScore="0.05472636815920398">bn:00089401v</annotation>
		<annotation source="MCS" anchor="causa" bfScore="--" coherenceScore="--">bn:00015051n</annotation>
		<annotation source="MCS" anchor="siendo" bfScore="--" coherenceScore="--">bn:00083187v</annotation>
		<annotation source="MCS" anchor="encendidos" bfScore="--" coherenceScore="--">bn:00107820a</annotation>
		<annotation source="MCS" anchor="ser" bfScore="--" coherenceScore="--">bn:00009677n</annotation>
		<annotation source="BABELFY" anchor="abrasados" bfScore="1.0" coherenceScore="0.014925373134328358">bn:00084273v</annotation>
		<annotation source="BABELFY" anchor="Según" bfScore="1.0" coherenceScore="0.029850746268656716">bn:13959262n</annotation>
		<annotation source="MCS" anchor="promesas" bfScore="--" coherenceScore="--">bn:00064699n</annotation>
		<annotation source="MCS" anchor="esperamos" bfScore="--" coherenceScore="--">bn:00089401v</annotation>
		<annotation source="MCS" anchor="nuevos" bfScore="--" coherenceScore="--">bn:00107267a</annotation>
		<annotation source="BABELFY" anchor="tierra nueva" bfScore="1.0" coherenceScore="0.04477611940298507">bn:04513998n</annotation>
		<annotation source="MCS" anchor="nueva" bfScore="--" coherenceScore="--">bn:00107267a</annotation>
		<annotation source="BABELFY" anchor="mora" bfScore="0.7904191616766467" coherenceScore="0.11940298507462686">bn:00082137v</annotation>
		<annotation source="BABELFY" anchor="justicia" bfScore="0.8105904099162771" coherenceScore="0.35323383084577115">bn:00048668n</annotation>
		<annotation source="BABELFY" anchor="oh" bfScore="0.9153627311522048" coherenceScore="0.21890547263681592">bn:00006912n</annotation>
		<annotation source="MCS" anchor="espera" bfScore="--" coherenceScore="--">bn:00080340n</annotation>
		<annotation source="BABELFY" anchor="empeño" bfScore="1.0" coherenceScore="0.01990049751243781">bn:00089376v</annotation>
		<annotation source="BABELFY" anchor="hallados" bfScore="0.7352297592997812" coherenceScore="0.06965174129353234">bn:00082902v</annotation>
		<annotation source="MCS" anchor="paz" bfScore="--" coherenceScore="--">bn:00061149n</annotation>
		<annotation source="MCS" anchor="mancha" bfScore="--" coherenceScore="--">bn:00011197n</annotation>
		<annotation source="BABELFY" anchor="paciencia" bfScore="0.8413948256467941" coherenceScore="0.10945273631840796">bn:14629457n</annotation>
		<annotation source="MCS" anchor="salvación" bfScore="--" coherenceScore="--">bn:00066712n</annotation>
		<annotation source="MCS" anchor="amado" bfScore="--" coherenceScore="--">bn:00090505v</annotation>
		<annotation source="MCS" anchor="hermano" bfScore="--" coherenceScore="--">bn:00071400n</annotation>
		<annotation source="BABELFY" anchor="hermano Pablo" bfScore="1.0" coherenceScore="0.014925373134328358">bn:03027464n</annotation>
		<annotation source="BABELFY" anchor="Pablo" bfScore="0.988558352402746" coherenceScore="0.25870646766169153">bn:00004984n</annotation>
		<annotation source="MCS" anchor="ha" bfScore="--" coherenceScore="--">bn:00083184v</annotation>
		<annotation source="MCS" anchor="escrito" bfScore="--" coherenceScore="--">bn:00092123v</annotation>
		<annotation source="BABELFY" anchor="sabiduría" bfScore="0.7923930269413629" coherenceScore="0.12437810945273632">bn:00069220n</annotation>
		<annotation source="MCS" anchor="dada" bfScore="--" coherenceScore="--">bn:00088815v</annotation>
		<annotation source="MCS" anchor="habla" bfScore="--" coherenceScore="--">bn:00094090v</annotation>
		<annotation source="BABELFY" anchor="epístolas" bfScore="0.9483870967741935" coherenceScore="0.06965174129353234">bn:00031239n</annotation>
		<annotation source="MCS" anchor="hay" bfScore="--" coherenceScore="--">bn:00083184v</annotation>
		<annotation source="BABELFY" anchor="difíciles" bfScore="0.7159090909090909" coherenceScore="0.03482587064676617">bn:00101358a</annotation>
		<annotation source="MCS" anchor="entender" bfScore="--" coherenceScore="--">bn:00092443v</annotation>
		<annotation source="MCS" anchor="tuercen" bfScore="--" coherenceScore="--">bn:00083404v</annotation>
		<annotation source="MCS" anchor="hacen" bfScore="--" coherenceScore="--">bn:00087107v</annotation>
		<annotation source="BABELFY" anchor="Escrituras" bfScore="0.9140021574973032" coherenceScore="0.4427860696517413">bn:00010217n</annotation>
		<annotation source="MCS" anchor="Así" bfScore="--" coherenceScore="--">bn:00036261n</annotation>
		<annotation source="MCS" anchor="sabiendo" bfScore="--" coherenceScore="--">bn:00085261v</annotation>
		<annotation source="MCS" anchor="guarda" bfScore="--" coherenceScore="--">bn:00089407v</annotation>
		<annotation source="MCS" anchor="sea" bfScore="--" coherenceScore="--">bn:00083187v</annotation>
		<annotation source="MCS" anchor="desviados" bfScore="--" coherenceScore="--">bn:00082955v</annotation>
		<annotation source="MCS" anchor="engaño" bfScore="--" coherenceScore="--">bn:00023504n</annotation>
		<annotation source="MCS" anchor="firmeza" bfScore="--" coherenceScore="--">bn:00025927n</annotation>
		<annotation source="MCS" anchor="gracia" bfScore="--" coherenceScore="--">bn:00041227n</annotation>
		<annotation source="MCS" anchor="conocimiento" bfScore="--" coherenceScore="--">bn:00020452n</annotation>
		<annotation source="BABELFY" anchor="Jesucristo" bfScore="1.0" coherenceScore="0.681592039800995">bn:00018805n</annotation>
		<annotation source="MCS" anchor="gloria" bfScore="--" coherenceScore="--">bn:00040711n</annotation>
		<annotation source="BABELFY" anchor="eternidad" bfScore="0.8576" coherenceScore="0.19900497512437812">bn:00031687n</annotation>
	</annotations>
</paragraph>
</dataset>
