<?xml version="1.0" encoding="utf-8"?>
<dataset language="ES" title="2TI">
<paragraph id="p.1">
	<text>
		Pablo , apóstol de Cristo Jesús por la voluntad de Dios , según la promesa de la vida que es en Cristo Jesús
		a Timoteo , amado hijo : Gracia , misericordia y paz , de parte de Dios el Padre y de Cristo Jesús nuestro Señor
		Doy gracias a Dios , a quien rindo culto con limpia conciencia como lo hicieron mis antepasados , de que sin cesar me acuerdo de ti en mis oraciones de noche y de día
		Me he acordado de tus lágrimas y deseo verte para ser lleno de gozo
		Traigo a la memoria la fe no fingida que hay en ti , la cual habitó primero en tu abuela Loida y en tu madre Eunice , y estoy convencido de que también en ti
		Por esta razón , te vuelvo a recordar que avives el don de Dios que está en ti por la imposición de mis manos
		Porque no nos ha dado Dios un espíritu de cobardía , sino de poder , de amor y de dominio propio
		Por tanto , no te avergüences de dar testimonio de nuestro Señor , ni de mí , prisionero suyo . Más bien , sé partícipe conmigo de los sufrimientos por el evangelio , según el poder de Dios
		Fue él quien nos salvó y nos llamó con santo llamamiento , no conforme a nuestras obras , sino conforme a su propio propósito y gracia , la cual nos fue dada en Cristo Jesús antes del comienzo del tiempo
		y ahora ha sido manifestada por la aparición de nuestro Salvador Cristo Jesús . Él anuló la muerte y sacó a la luz la vida y la inmortalidad por medio del evangelio
		del cual he sido puesto como predicador , apóstol y maestro
		Por esta razón padezco estas cosas , pero no me avergüenzo ; porque yo sé a quien he creído , y estoy convencido de que él es poderoso para guardar mi depósito para aquel día
		Ten presente el modelo de las sanas palabras que has oído de mí , en la fe y el amor en Cristo Jesús
		Guarda el buen depósito por medio del Espíritu Santo que habita en nosotros
		Ya sabes que se apartaron de mí todos los de Asia , entre ellos Figelo y Hermógenes
		El Señor conceda misericordia a la casa de Onesíforo , porque muchas veces me reanimó y no se avergonzó de mis cadenas
		Más bien , cuando estuvo en Roma , me buscó solícitamente y me halló
		El Señor le conceda que halle misericordia de parte del Señor en aquel día . Cuánto nos ayudó en Éfeso , tú lo sabes muy bien
	</text>
	<annotations>
		<annotation source="BABELFY" anchor="Pablo" bfScore="0.9742219215155615" coherenceScore="0.4350282485875706">bn:00004984n</annotation>
		<annotation source="BABELFY" anchor="apóstol" bfScore="0.8489135927235978" coherenceScore="0.3389830508474576">bn:00004982n</annotation>
		<annotation source="BABELFY" anchor="Cristo" bfScore="0.9999238675295014" coherenceScore="0.7457627118644068">bn:00018805n</annotation>
		<annotation source="BABELFY" anchor="Cristo Jesús" bfScore="1.0" coherenceScore="0.7457627118644068">bn:00018805n</annotation>
		<annotation source="BABELFY" anchor="voluntad" bfScore="0.7176593521421107" coherenceScore="0.384180790960452">bn:16772028n</annotation>
		<annotation source="MCS" anchor="promesa" bfScore="--" coherenceScore="--">bn:00064699n</annotation>
		<annotation source="MCS" anchor="vida" bfScore="--" coherenceScore="--">bn:00002761n</annotation>
		<annotation source="MCS" anchor="es" bfScore="--" coherenceScore="--">bn:00083187v</annotation>
		<annotation source="MCS" anchor="amado" bfScore="--" coherenceScore="--">bn:00090505v</annotation>
		<annotation source="MCS" anchor="hijo" bfScore="--" coherenceScore="--">bn:00024244n</annotation>
		<annotation source="MCS" anchor="Gracia" bfScore="--" coherenceScore="--">bn:00041227n</annotation>
		<annotation source="MCS" anchor="misericordia" bfScore="--" coherenceScore="--">bn:00019708n</annotation>
		<annotation source="MCS" anchor="paz" bfScore="--" coherenceScore="--">bn:00061149n</annotation>
		<annotation source="MCS" anchor="parte" bfScore="--" coherenceScore="--">bn:00060765n</annotation>
		<annotation source="MCS" anchor="Padre" bfScore="--" coherenceScore="--">bn:00009616n</annotation>
		<annotation source="BABELFY" anchor="Jesús nuestro Señor" bfScore="1.0" coherenceScore="0.15819209039548024">bn:16598493n</annotation>
		<annotation source="MCS" anchor="Señor" bfScore="--" coherenceScore="--">bn:00055346n</annotation>
		<annotation source="MCS" anchor="gracias" bfScore="--" coherenceScore="--">bn:00041227n</annotation>
		<annotation source="MCS" anchor="rindo" bfScore="--" coherenceScore="--">bn:00088859v</annotation>
		<annotation source="MCS" anchor="culto" bfScore="--" coherenceScore="--">bn:00108755a</annotation>
		<annotation source="BABELFY" anchor="limpia" bfScore="0.9166666666666666" coherenceScore="0.12429378531073447">bn:00099807a</annotation>
		<annotation source="BABELFY" anchor="conciencia" bfScore="0.82823153924271" coherenceScore="0.559322033898305">bn:00007498n</annotation>
		<annotation source="MCS" anchor="hicieron" bfScore="--" coherenceScore="--">bn:00087107v</annotation>
		<annotation source="MCS" anchor="antepasados" bfScore="--" coherenceScore="--">bn:00064398n</annotation>
		<annotation source="BABELFY" anchor="cesar" bfScore="0.7544642857142857" coherenceScore="0.07344632768361582">bn:00084711v</annotation>
		<annotation source="MCS" anchor="acuerdo" bfScore="--" coherenceScore="--">bn:00082480v</annotation>
		<annotation source="BABELFY" anchor="oraciones" bfScore="0.7212472697145439" coherenceScore="0.4067796610169492">bn:00059529n</annotation>
		<annotation source="MCS" anchor="noche" bfScore="--" coherenceScore="--">bn:00025236n</annotation>
		<annotation source="MCS" anchor="día" bfScore="--" coherenceScore="--">bn:00000086n</annotation>
		<annotation source="BABELFY" anchor="he" bfScore="0.895364238410596" coherenceScore="0.14689265536723164">bn:00083184v</annotation>
		<annotation source="MCS" anchor="acordado" bfScore="--" coherenceScore="--">bn:00086716v</annotation>
		<annotation source="MCS" anchor="lágrimas" bfScore="--" coherenceScore="--">bn:00076312n</annotation>
		<annotation source="MCS" anchor="deseo" bfScore="--" coherenceScore="--">bn:00026550n</annotation>
		<annotation source="MCS" anchor="ver" bfScore="--" coherenceScore="--">bn:00093430v</annotation>
		<annotation source="MCS" anchor="ser" bfScore="--" coherenceScore="--">bn:00083187v</annotation>
		<annotation source="BABELFY" anchor="lleno" bfScore="0.8372093023255814" coherenceScore="0.04519774011299435">bn:00102961a</annotation>
		<annotation source="MCS" anchor="Traigo" bfScore="--" coherenceScore="--">bn:00084060v</annotation>
		<annotation source="BABELFY" anchor="memoria" bfScore="0.8362457722660653" coherenceScore="0.24293785310734464">bn:00054300n</annotation>
		<annotation source="BABELFY" anchor="fe" bfScore="0.9408254905579135" coherenceScore="0.9096045197740112">bn:00032768n</annotation>
		<annotation source="BABELFY" anchor="fingida" bfScore="0.9169435215946844" coherenceScore="0.12994350282485875">bn:00082429v</annotation>
		<annotation source="BABELFY" anchor="hay" bfScore="0.895364238410596" coherenceScore="0.14689265536723164">bn:00083184v</annotation>
		<annotation source="BABELFY" anchor="primero" bfScore="1.0" coherenceScore="0.005649717514124294">bn:00114298r</annotation>
		<annotation source="MCS" anchor="abuela" bfScore="--" coherenceScore="--">bn:00041363n</annotation>
		<annotation source="BABELFY" anchor="madre" bfScore="0.7184842607787558" coherenceScore="0.3163841807909605">bn:00034027n</annotation>
		<annotation source="MCS" anchor="convencido" bfScore="--" coherenceScore="--">bn:00084573v</annotation>
		<annotation source="BABELFY" anchor="razón" bfScore="0.8844088313016794" coherenceScore="0.4689265536723164">bn:00047021n</annotation>
		<annotation source="BABELFY" anchor="vuelvo" bfScore="0.9927007299270073" coherenceScore="0.13559322033898305">bn:00088736v</annotation>
		<annotation source="MCS" anchor="recordar" bfScore="--" coherenceScore="--">bn:00084413v</annotation>
		<annotation source="BABELFY" anchor="imposición" bfScore="0.8920521945432978" coherenceScore="0.1807909604519774">bn:00067519n</annotation>
		<annotation source="MCS" anchor="manos" bfScore="--" coherenceScore="--">bn:00042759n</annotation>
		<annotation source="BABELFY" anchor="ha" bfScore="0.895364238410596" coherenceScore="0.14689265536723164">bn:00083184v</annotation>
		<annotation source="MCS" anchor="dado" bfScore="--" coherenceScore="--">bn:00088815v</annotation>
		<annotation source="MCS" anchor="espíritu" bfScore="--" coherenceScore="--">bn:00033960n</annotation>
		<annotation source="BABELFY" anchor="cobardía" bfScore="0.9954233409610984" coherenceScore="0.1638418079096045">bn:00023399n</annotation>
		<annotation source="MCS" anchor="poder" bfScore="--" coherenceScore="--">bn:00063940n</annotation>
		<annotation source="BABELFY" anchor="amor" bfScore="0.8360991837839928" coherenceScore="0.6045197740112994">bn:00052121n</annotation>
		<annotation source="MCS" anchor="dominio" bfScore="--" coherenceScore="--">bn:03467637n</annotation>
		<annotation source="MCS" anchor="propio" bfScore="--" coherenceScore="--">bn:00096707a</annotation>
		<annotation source="MCS" anchor="dar" bfScore="--" coherenceScore="--">bn:00088815v</annotation>
		<annotation source="MCS" anchor="testimonio" bfScore="--" coherenceScore="--">bn:00076677n</annotation>
		<annotation source="BABELFY" anchor="prisionero" bfScore="0.7915309446254072" coherenceScore="0.1016949152542373">bn:00064468n</annotation>
		<annotation source="MCS" anchor="bien" bfScore="--" coherenceScore="--">bn:00115530r</annotation>
		<annotation source="BABELFY" anchor="partícipe" bfScore="1.0" coherenceScore="0.1694915254237288">bn:00060776n</annotation>
		<annotation source="MCS" anchor="sufrimientos" bfScore="--" coherenceScore="--">bn:00075069n</annotation>
		<annotation source="BABELFY" anchor="evangelio" bfScore="0.8183468962270496" coherenceScore="0.4067796610169492">bn:00031976n</annotation>
		<annotation source="MCS" anchor="salvó" bfScore="--" coherenceScore="--">bn:00092745v</annotation>
		<annotation source="MCS" anchor="llamó" bfScore="--" coherenceScore="--">bn:00084386v</annotation>
		<annotation source="MCS" anchor="santo" bfScore="--" coherenceScore="--">bn:00097090a</annotation>
		<annotation source="MCS" anchor="llamamiento" bfScore="--" coherenceScore="--">bn:00014817n</annotation>
		<annotation source="MCS" anchor="conforme" bfScore="--" coherenceScore="--">bn:00085592v</annotation>
		<annotation source="MCS" anchor="obras" bfScore="--" coherenceScore="--">bn:00011767n</annotation>
		<annotation source="MCS" anchor="conforme" bfScore="--" coherenceScore="--">bn:13602588a</annotation>
		<annotation source="MCS" anchor="propósito" bfScore="--" coherenceScore="--">bn:00036822n</annotation>
		<annotation source="MCS" anchor="gracia" bfScore="--" coherenceScore="--">bn:00041227n</annotation>
		<annotation source="MCS" anchor="fue" bfScore="--" coherenceScore="--">bn:00083187v</annotation>
		<annotation source="MCS" anchor="dada" bfScore="--" coherenceScore="--">bn:00088815v</annotation>
		<annotation source="BABELFY" anchor="antes de" bfScore="1.0" coherenceScore="0.02824858757062147">bn:00114297r</annotation>
		<annotation source="MCS" anchor="comienzo" bfScore="--" coherenceScore="--">bn:00009632n</annotation>
		<annotation source="BABELFY" anchor="tiempo" bfScore="0.8592388470991286" coherenceScore="0.4689265536723164">bn:00077270n</annotation>
		<annotation source="MCS" anchor="ahora" bfScore="--" coherenceScore="--">bn:00114424r</annotation>
		<annotation source="MCS" anchor="sido" bfScore="--" coherenceScore="--">bn:00083187v</annotation>
		<annotation source="MCS" anchor="manifestada" bfScore="--" coherenceScore="--">bn:00082913v</annotation>
		<annotation source="MCS" anchor="aparición" bfScore="--" coherenceScore="--">bn:00005025n</annotation>
		<annotation source="BABELFY" anchor="anuló" bfScore="0.8605042016806723" coherenceScore="0.1807909604519774">bn:00095855v</annotation>
		<annotation source="BABELFY" anchor="muerte" bfScore="0.8227155613595454" coherenceScore="0.5932203389830508">bn:00025582n</annotation>
		<annotation source="MCS" anchor="sacó" bfScore="--" coherenceScore="--">bn:00087237v</annotation>
		<annotation source="MCS" anchor="luz" bfScore="--" coherenceScore="--">bn:00051108n</annotation>
		<annotation source="BABELFY" anchor="inmortalidad" bfScore="0.8634401272438083" coherenceScore="0.2824858757062147">bn:00046034n</annotation>
		<annotation source="MCS" anchor="medio" bfScore="--" coherenceScore="--">bn:00054149n</annotation>
		<annotation source="MCS" anchor="puesto" bfScore="--" coherenceScore="--">bn:00090224v</annotation>
		<annotation source="MCS" anchor="predicador" bfScore="--" coherenceScore="--">bn:00064059n</annotation>
		<annotation source="MCS" anchor="maestro" bfScore="--" coherenceScore="--">bn:00046958n</annotation>
		<annotation source="MCS" anchor="padezco" bfScore="--" coherenceScore="--">bn:00089245v</annotation>
		<annotation source="MCS" anchor="cosas" bfScore="--" coherenceScore="--">bn:00076925n</annotation>
		<annotation source="MCS" anchor="avergüenzo" bfScore="--" coherenceScore="--">bn:00082124v</annotation>
		<annotation source="MCS" anchor="creído" bfScore="--" coherenceScore="--">bn:00083369v</annotation>
		<annotation source="MCS" anchor="poderoso" bfScore="--" coherenceScore="--">bn:00108878a</annotation>
		<annotation source="MCS" anchor="guardar" bfScore="--" coherenceScore="--">bn:00089407v</annotation>
		<annotation source="MCS" anchor="depósito" bfScore="--" coherenceScore="--">bn:00031575n</annotation>
		<annotation source="MCS" anchor="Ten" bfScore="--" coherenceScore="--">bn:00089385v</annotation>
		<annotation source="MCS" anchor="presente" bfScore="--" coherenceScore="--">bn:00108978a</annotation>
		<annotation source="MCS" anchor="modelo" bfScore="--" coherenceScore="--">bn:00036197n</annotation>
		<annotation source="MCS" anchor="sanas" bfScore="--" coherenceScore="--">bn:00104025a</annotation>
		<annotation source="BABELFY" anchor="palabras" bfScore="0.873900293255132" coherenceScore="0.5875706214689266">bn:00081546n</annotation>
		<annotation source="BABELFY" anchor="has" bfScore="0.895364238410596" coherenceScore="0.14689265536723164">bn:00083184v</annotation>
		<annotation source="MCS" anchor="oído" bfScore="--" coherenceScore="--">bn:00089277v</annotation>
		<annotation source="MCS" anchor="buen" bfScore="--" coherenceScore="--">bn:00103672a</annotation>
		<annotation source="MCS" anchor="Espíritu" bfScore="--" coherenceScore="--">bn:00033960n</annotation>
		<annotation source="BABELFY" anchor="Espíritu Santo" bfScore="0.9143101970865467" coherenceScore="0.5480225988700564">bn:00645230n</annotation>
		<annotation source="MCS" anchor="Santo" bfScore="--" coherenceScore="--">bn:00053896n</annotation>
		<annotation source="MCS" anchor="habita" bfScore="--" coherenceScore="--">bn:00083391v</annotation>
		<annotation source="MCS" anchor="sabes" bfScore="--" coherenceScore="--">bn:00085261v</annotation>
		<annotation source="MCS" anchor="apartaron" bfScore="--" coherenceScore="--">bn:00084158v</annotation>
		<annotation source="BABELFY" anchor="Asia" bfScore="0.9535980148883375" coherenceScore="0.4745762711864407">bn:00006329n</annotation>
		<annotation source="BABELFY" anchor="Hermógenes" bfScore="0.8888888888888888" coherenceScore="0.12429378531073447">bn:01887240n</annotation>
		<annotation source="MCS" anchor="conceda" bfScore="--" coherenceScore="--">bn:00082538v</annotation>
		<annotation source="MCS" anchor="casa" bfScore="--" coherenceScore="--">bn:00044994n</annotation>
		<annotation source="MCS" anchor="Onesíforo" bfScore="--" coherenceScore="--">bn:08360986n</annotation>
		<annotation source="BABELFY" anchor="veces" bfScore="1.0" coherenceScore="0.15819209039548024">bn:00019848n</annotation>
		<annotation source="MCS" anchor="cadenas" bfScore="--" coherenceScore="--">bn:00017487n</annotation>
		<annotation source="MCS" anchor="buscó" bfScore="--" coherenceScore="--">bn:00090460v</annotation>
		<annotation source="BABELFY" anchor="halló" bfScore="0.8974358974358975" coherenceScore="0.02824858757062147">bn:00082902v</annotation>
		<annotation source="BABELFY" anchor="halle" bfScore="0.8974358974358975" coherenceScore="0.02824858757062147">bn:00082902v</annotation>
		<annotation source="BABELFY" anchor="ayudó" bfScore="0.8" coherenceScore="0.022598870056497175">bn:00082481v</annotation>
		<annotation source="BABELFY" anchor="Éfeso" bfScore="1.0" coherenceScore="0.192090395480226">bn:00031129n</annotation>
	</annotations>
</paragraph>
<paragraph id="p.2">
	<text>
		Tú pues , hijo mío , fortalécete en la gracia que es en Cristo Jesús
		Lo que oíste de parte mía mediante muchos testigos , esto encarga a hombres fieles que sean idóneos para enseñar también a otros
		Tú , pues , sé partícipe de los sufrimientos como buen soldado de Cristo Jesús
		Ninguno en campaña militar se enreda en los negocios de la vida , a fin de agradar a aquel que lo alistó como soldado
		Además , si algún atleta compite , no es coronado a menos que compita según las reglas
		El labrador que trabaja esforzadamente es quien debe recibir primero su parte de los frutos
		Considera bien lo que digo , pues el Señor te dará entendimiento en todo
		Acuérdate de Jesucristo , resucitado de entre los muertos , de la descendencia de David , conforme a mi evangelio
		Por él soporto sufrimientos hasta prisiones , como si fuera malhechor . ¡ Pero la palabra de Dios no está presa
		Por tanto , todo lo sufro a favor de los escogidos , para que ellos también obtengan la salvación que es en Cristo Jesús , con gloria eterna
		Fiel es esta palabra : Si morimos con él , también viviremos con él
		Si perseveramos , también reinaremos con él . Si le negamos , él también nos negará
		Si somos infieles , él permanece fiel , porque no puede negarse a sí mismo
		Recuérdales esto , requiriéndoles delante de Dios que no contiendan sobre palabras , que para nada aprovecha , sino que lleva a la ruina a los que oyen
		Procura con diligencia presentarte a Dios aprobado , como obrero que no tiene de qué avergonzarse , que traza bien la palabra de verdad
		Pero evita las profanas y vanas palabrerías , porque conducirán más y más a la impiedad
		Y la palabra de ellos carcomerá como gangrena . Entre ellos se cuentan Himeneo y Fileto
		quienes se extraviaron con respecto a la verdad , sosteniendo que la resurrección ya ha ocurrido , y trastornaron la fe de algunos
		A pesar de todo , el sólido fundamento de Dios queda firme , teniendo este sello : Conoce el Señor a los que son suyos y &amp;quot; Apártese de iniquidad todo aquel que invoca el nombre del Señor .
		Pero en una casa grande , no solamente hay vasos de oro y de plata , sino también de madera y de barro . Además , hay unos para uso honroso y otros para uso común
		Así que , si alguno se limpia de estas cosas , será un vaso para honra , consagrado y útil para el Señor , preparado para toda buena obra
		Huye , pues , de las pasiones juveniles y sigue la justicia , la fe , el amor y la paz con los que de corazón puro invocan al Señor
		Pero evita las discusiones necias e ignorantes , sabiendo que engendran contiendas
		Pues el siervo del Señor no debe ser contencioso , sino amable para con todos , apto para enseñar y sufrido
		corrigiendo con mansedumbre a los que se oponen , por si quizás Dios les conceda que se arrepientan para comprender la verdad
		y se escapen de la trampa del diablo , quien los tiene cautivos a su voluntad
	</text>
	<annotations>
		<annotation source="MCS" anchor="hijo" bfScore="--" coherenceScore="--">bn:00024244n</annotation>
		<annotation source="MCS" anchor="fortalece" bfScore="--" coherenceScore="--">bn:00083317v</annotation>
		<annotation source="MCS" anchor="gracia" bfScore="--" coherenceScore="--">bn:00041227n</annotation>
		<annotation source="MCS" anchor="es" bfScore="--" coherenceScore="--">bn:00083187v</annotation>
		<annotation source="BABELFY" anchor="Cristo" bfScore="0.999394746398741" coherenceScore="0.6262135922330098">bn:00018805n</annotation>
		<annotation source="BABELFY" anchor="Cristo Jesús" bfScore="1.0" coherenceScore="0.6262135922330098">bn:00018805n</annotation>
		<annotation source="MCS" anchor="oíste" bfScore="--" coherenceScore="--">bn:00089277v</annotation>
		<annotation source="MCS" anchor="parte" bfScore="--" coherenceScore="--">bn:00060765n</annotation>
		<annotation source="MCS" anchor="testigos" bfScore="--" coherenceScore="--">bn:00081454n</annotation>
		<annotation source="MCS" anchor="encarga" bfScore="--" coherenceScore="--">bn:00084263v</annotation>
		<annotation source="MCS" anchor="hombres" bfScore="--" coherenceScore="--">bn:00001533n</annotation>
		<annotation source="MCS" anchor="fieles" bfScore="--" coherenceScore="--">bn:00102728a</annotation>
		<annotation source="MCS" anchor="sean" bfScore="--" coherenceScore="--">bn:00083187v</annotation>
		<annotation source="MCS" anchor="idóneos" bfScore="--" coherenceScore="--">bn:00102849a</annotation>
		<annotation source="MCS" anchor="enseñar" bfScore="--" coherenceScore="--">bn:00089791v</annotation>
		<annotation source="BABELFY" anchor="partícipe" bfScore="1.0" coherenceScore="0.0825242718446602">bn:00060776n</annotation>
		<annotation source="MCS" anchor="sufrimientos" bfScore="--" coherenceScore="--">bn:00075069n</annotation>
		<annotation source="MCS" anchor="buen" bfScore="--" coherenceScore="--">bn:00103672a</annotation>
		<annotation source="MCS" anchor="soldado" bfScore="--" coherenceScore="--">bn:00094026v</annotation>
		<annotation source="BABELFY" anchor="soldado de Cristo" bfScore="1.0" coherenceScore="0.06796116504854369">bn:14147249n</annotation>
		<annotation source="BABELFY" anchor="Ninguno" bfScore="0.9990205680705191" coherenceScore="0.14563106796116504">bn:00007146n</annotation>
		<annotation source="MCS" anchor="campaña" bfScore="--" coherenceScore="--">bn:00015050n</annotation>
		<annotation source="BABELFY" anchor="campaña militar" bfScore="1.0" coherenceScore="0.019417475728155338">bn:00015052n</annotation>
		<annotation source="MCS" anchor="militar" bfScore="--" coherenceScore="--">bn:00106724a</annotation>
		<annotation source="BABELFY" anchor="enreda" bfScore="0.9657142857142857" coherenceScore="0.06310679611650485">bn:00082330v</annotation>
		<annotation source="MCS" anchor="negocios" bfScore="--" coherenceScore="--">bn:00014142n</annotation>
		<annotation source="BABELFY" anchor="vida" bfScore="0.7152997845100774" coherenceScore="0.2766990291262136">bn:00051054n</annotation>
		<annotation source="MCS" anchor="fin" bfScore="--" coherenceScore="--">bn:00025588n</annotation>
		<annotation source="BABELFY" anchor="agradar" bfScore="0.7352941176470589" coherenceScore="0.024271844660194174">bn:00086519v</annotation>
		<annotation source="MCS" anchor="alistó" bfScore="--" coherenceScore="--">bn:00087662v</annotation>
		<annotation source="MCS" anchor="Además" bfScore="--" coherenceScore="--">bn:00115484r</annotation>
		<annotation source="BABELFY" anchor="atleta" bfScore="1.0" coherenceScore="0.06796116504854369">bn:00006747n</annotation>
		<annotation source="BABELFY" anchor="compite" bfScore="1.0" coherenceScore="0.024271844660194174">bn:00085468v</annotation>
		<annotation source="BABELFY" anchor="coronado" bfScore="0.9170305676855895" coherenceScore="0.06796116504854369">bn:00085827v</annotation>
		<annotation source="MCS" anchor="menos" bfScore="--" coherenceScore="--">bn:00116104r</annotation>
		<annotation source="BABELFY" anchor="compita" bfScore="1.0" coherenceScore="0.024271844660194174">bn:00085468v</annotation>
		<annotation source="MCS" anchor="reglas" bfScore="--" coherenceScore="--">bn:00066933n</annotation>
		<annotation source="MCS" anchor="trabaja" bfScore="--" coherenceScore="--">bn:00095812v</annotation>
		<annotation source="BABELFY" anchor="debe" bfScore="0.9896193771626297" coherenceScore="0.10679611650485436">bn:00091362v</annotation>
		<annotation source="MCS" anchor="recibir" bfScore="--" coherenceScore="--">bn:00089246v</annotation>
		<annotation source="BABELFY" anchor="primero" bfScore="1.0" coherenceScore="0.0048543689320388345">bn:00114298r</annotation>
		<annotation source="MCS" anchor="frutos" bfScore="--" coherenceScore="--">bn:00036686n</annotation>
		<annotation source="MCS" anchor="Considera" bfScore="--" coherenceScore="--">bn:00085651v</annotation>
		<annotation source="MCS" anchor="bien" bfScore="--" coherenceScore="--">bn:00115530r</annotation>
		<annotation source="MCS" anchor="digo" bfScore="--" coherenceScore="--">bn:00093287v</annotation>
		<annotation source="MCS" anchor="Señor" bfScore="--" coherenceScore="--">bn:00055346n</annotation>
		<annotation source="MCS" anchor="dará" bfScore="--" coherenceScore="--">bn:00088815v</annotation>
		<annotation source="MCS" anchor="entendimiento" bfScore="--" coherenceScore="--">bn:17168157n</annotation>
		<annotation source="BABELFY" anchor="Jesucristo" bfScore="1.0" coherenceScore="0.6262135922330098">bn:00018805n</annotation>
		<annotation source="MCS" anchor="resucitado" bfScore="--" coherenceScore="--">bn:00092923v</annotation>
		<annotation source="MCS" anchor="muertos" bfScore="--" coherenceScore="--">bn:00100948a</annotation>
		<annotation source="MCS" anchor="descendencia" bfScore="--" coherenceScore="--">bn:00047692n</annotation>
		<annotation source="BABELFY" anchor="evangelio" bfScore="0.8551492669139727" coherenceScore="0.22815533980582525">bn:00031976n</annotation>
		<annotation source="MCS" anchor="soporto" bfScore="--" coherenceScore="--">bn:00082138v</annotation>
		<annotation source="MCS" anchor="prisiones" bfScore="--" coherenceScore="--">bn:00064468n</annotation>
		<annotation source="MCS" anchor="fuera" bfScore="--" coherenceScore="--">bn:00083187v</annotation>
		<annotation source="BABELFY" anchor="palabra" bfScore="0.9613956609259674" coherenceScore="0.5242718446601942">bn:00081546n</annotation>
		<annotation source="MCS" anchor="sufro" bfScore="--" coherenceScore="--">bn:00082262v</annotation>
		<annotation source="MCS" anchor="favor" bfScore="--" coherenceScore="--">bn:00033832n</annotation>
		<annotation source="MCS" anchor="escogidos" bfScore="--" coherenceScore="--">bn:00091590v</annotation>
		<annotation source="MCS" anchor="obtengan" bfScore="--" coherenceScore="--">bn:00091124v</annotation>
		<annotation source="MCS" anchor="salvación" bfScore="--" coherenceScore="--">bn:00066712n</annotation>
		<annotation source="MCS" anchor="gloria" bfScore="--" coherenceScore="--">bn:00040711n</annotation>
		<annotation source="MCS" anchor="eterna" bfScore="--" coherenceScore="--">bn:00096562a</annotation>
		<annotation source="MCS" anchor="Fiel" bfScore="--" coherenceScore="--">bn:00078497n</annotation>
		<annotation source="MCS" anchor="morimos" bfScore="--" coherenceScore="--">bn:00084343v</annotation>
		<annotation source="MCS" anchor="viviremos" bfScore="--" coherenceScore="--">bn:00087617v</annotation>
		<annotation source="BABELFY" anchor="Si" bfScore="0.946843853820598" coherenceScore="0.07281553398058252">bn:00047162n</annotation>
		<annotation source="MCS" anchor="negamos" bfScore="--" coherenceScore="--">bn:00086591v</annotation>
		<annotation source="MCS" anchor="negará" bfScore="--" coherenceScore="--">bn:00086591v</annotation>
		<annotation source="MCS" anchor="somos" bfScore="--" coherenceScore="--">bn:00083187v</annotation>
		<annotation source="BABELFY" anchor="infieles" bfScore="1.0" coherenceScore="0.12135922330097088">bn:00112728a</annotation>
		<annotation source="MCS" anchor="permanece" bfScore="--" coherenceScore="--">bn:00092756v</annotation>
		<annotation source="MCS" anchor="fiel" bfScore="--" coherenceScore="--">bn:00102728a</annotation>
		<annotation source="BABELFY" anchor="puede" bfScore="1.0" coherenceScore="0.024271844660194174">bn:00089308v</annotation>
		<annotation source="MCS" anchor="negar" bfScore="--" coherenceScore="--">bn:00086591v</annotation>
		<annotation source="MCS" anchor="mismo" bfScore="--" coherenceScore="--">bn:00110076a</annotation>
		<annotation source="BABELFY" anchor="Recuerda" bfScore="0.8" coherenceScore="0.009708737864077669">bn:00513093n</annotation>
		<annotation source="MCS" anchor="requiriendo" bfScore="--" coherenceScore="--">bn:00082822v</annotation>
		<annotation source="BABELFY" anchor="delante" bfScore="1.0" coherenceScore="0.0048543689320388345">bn:00114182r</annotation>
		<annotation source="BABELFY" anchor="palabras" bfScore="0.9231958762886598" coherenceScore="0.5242718446601942">bn:00081546n</annotation>
		<annotation source="MCS" anchor="aprovecha" bfScore="--" coherenceScore="--">bn:00084494v</annotation>
		<annotation source="MCS" anchor="lleva" bfScore="--" coherenceScore="--">bn:00084554v</annotation>
		<annotation source="MCS" anchor="oyen" bfScore="--" coherenceScore="--">bn:00089277v</annotation>
		<annotation source="MCS" anchor="presentar" bfScore="--" coherenceScore="--">bn:00090234v</annotation>
		<annotation source="MCS" anchor="aprobado" bfScore="--" coherenceScore="--">bn:00090590v</annotation>
		<annotation source="MCS" anchor="obrero" bfScore="--" coherenceScore="--">bn:00081605n</annotation>
		<annotation source="MCS" anchor="tiene" bfScore="--" coherenceScore="--">bn:00089385v</annotation>
		<annotation source="MCS" anchor="avergonzar" bfScore="--" coherenceScore="--">bn:00082124v</annotation>
		<annotation source="BABELFY" anchor="traza" bfScore="0.9680851063829787" coherenceScore="0.06310679611650485">bn:00090645v</annotation>
		<annotation source="BABELFY" anchor="verdad" bfScore="0.9640206095537508" coherenceScore="0.4029126213592233">bn:00072816n</annotation>
		<annotation source="MCS" anchor="evita" bfScore="--" coherenceScore="--">bn:00082954v</annotation>
		<annotation source="MCS" anchor="vanas" bfScore="--" coherenceScore="--">bn:00103448a</annotation>
		<annotation source="MCS" anchor="conducirán" bfScore="--" coherenceScore="--">bn:00087327v</annotation>
		<annotation source="MCS" anchor="impiedad" bfScore="--" coherenceScore="--">bn:00046120n</annotation>
		<annotation source="BABELFY" anchor="gangrena" bfScore="1.0" coherenceScore="0.03398058252427184">bn:00037253n</annotation>
		<annotation source="MCS" anchor="cuentan" bfScore="--" coherenceScore="--">bn:00085859v</annotation>
		<annotation source="BABELFY" anchor="respecto" bfScore="1.0" coherenceScore="0.024271844660194174">bn:00066865n</annotation>
		<annotation source="MCS" anchor="sosteniendo" bfScore="--" coherenceScore="--">bn:00090070v</annotation>
		<annotation source="BABELFY" anchor="resurrección" bfScore="0.8784653465346535" coherenceScore="0.18932038834951456">bn:00018809n</annotation>
		<annotation source="BABELFY" anchor="ha" bfScore="0.9369369369369369" coherenceScore="0.1262135922330097">bn:00083184v</annotation>
		<annotation source="MCS" anchor="ocurrido" bfScore="--" coherenceScore="--">bn:00085332v</annotation>
		<annotation source="BABELFY" anchor="fe" bfScore="0.9409757432356303" coherenceScore="0.7184466019417476">bn:00032768n</annotation>
		<annotation source="MCS" anchor="sólido" bfScore="--" coherenceScore="--">bn:00110888a</annotation>
		<annotation source="MCS" anchor="fundamento" bfScore="--" coherenceScore="--">bn:00032592n</annotation>
		<annotation source="MCS" anchor="queda" bfScore="--" coherenceScore="--">bn:00092757v</annotation>
		<annotation source="MCS" anchor="firme" bfScore="--" coherenceScore="--">bn:00102999a</annotation>
		<annotation source="MCS" anchor="teniendo" bfScore="--" coherenceScore="--">bn:00089385v</annotation>
		<annotation source="MCS" anchor="sello" bfScore="--" coherenceScore="--">bn:00063768n</annotation>
		<annotation source="MCS" anchor="Conoce" bfScore="--" coherenceScore="--">bn:00090725v</annotation>
		<annotation source="MCS" anchor="son" bfScore="--" coherenceScore="--">bn:00083187v</annotation>
		<annotation source="BABELFY" anchor="Aparte" bfScore="0.875" coherenceScore="0.06796116504854369">bn:00114309r</annotation>
		<annotation source="MCS" anchor="iniquidad" bfScore="--" coherenceScore="--">bn:00025234n</annotation>
		<annotation source="MCS" anchor="invoca" bfScore="--" coherenceScore="--">bn:00082770v</annotation>
		<annotation source="MCS" anchor="nombre" bfScore="--" coherenceScore="--">bn:00056758n</annotation>
		<annotation source="MCS" anchor="casa" bfScore="--" coherenceScore="--">bn:00044994n</annotation>
		<annotation source="BABELFY" anchor="casa grande" bfScore="1.0" coherenceScore="0.009708737864077669">bn:15851903n</annotation>
		<annotation source="MCS" anchor="grande" bfScore="--" coherenceScore="--">bn:00098342a</annotation>
		<annotation source="BABELFY" anchor="solamente" bfScore="0.816504854368932" coherenceScore="0.1407766990291262">bn:00114626r</annotation>
		<annotation source="BABELFY" anchor="hay" bfScore="0.9369369369369369" coherenceScore="0.1262135922330097">bn:00083184v</annotation>
		<annotation source="MCS" anchor="vasos" bfScore="--" coherenceScore="--">bn:00028756n</annotation>
		<annotation source="MCS" anchor="oro" bfScore="--" coherenceScore="--">bn:00040921n</annotation>
		<annotation source="MCS" anchor="plata" bfScore="--" coherenceScore="--">bn:00001887n</annotation>
		<annotation source="BABELFY" anchor="madera" bfScore="0.8887614678899083" coherenceScore="0.15048543689320387">bn:00081492n</annotation>
		<annotation source="MCS" anchor="barro" bfScore="--" coherenceScore="--">bn:00019625n</annotation>
		<annotation source="MCS" anchor="uso" bfScore="--" coherenceScore="--">bn:00030627n</annotation>
		<annotation source="BABELFY" anchor="uso común" bfScore="1.0" coherenceScore="0.009708737864077669">bn:08442661n</annotation>
		<annotation source="MCS" anchor="común" bfScore="--" coherenceScore="--">bn:00100091a</annotation>
		<annotation source="MCS" anchor="Así" bfScore="--" coherenceScore="--">bn:00036261n</annotation>
		<annotation source="BABELFY" anchor="limpia" bfScore="0.7291666666666666" coherenceScore="0.06796116504854369">bn:00085059v</annotation>
		<annotation source="MCS" anchor="cosas" bfScore="--" coherenceScore="--">bn:00076925n</annotation>
		<annotation source="MCS" anchor="será" bfScore="--" coherenceScore="--">bn:00083187v</annotation>
		<annotation source="MCS" anchor="vaso" bfScore="--" coherenceScore="--">bn:00028756n</annotation>
		<annotation source="BABELFY" anchor="honra" bfScore="1.0" coherenceScore="0.14563106796116504">bn:00044654n</annotation>
		<annotation source="MCS" anchor="consagrado" bfScore="--" coherenceScore="--">bn:00083602v</annotation>
		<annotation source="MCS" anchor="útil" bfScore="--" coherenceScore="--">bn:00104094a</annotation>
		<annotation source="MCS" anchor="preparado" bfScore="--" coherenceScore="--">bn:00088250v</annotation>
		<annotation source="MCS" anchor="buena" bfScore="--" coherenceScore="--">bn:00103672a</annotation>
		<annotation source="MCS" anchor="obra" bfScore="--" coherenceScore="--">bn:00011767n</annotation>
		<annotation source="MCS" anchor="pasiones" bfScore="--" coherenceScore="--">bn:00060907n</annotation>
		<annotation source="MCS" anchor="juveniles" bfScore="--" coherenceScore="--">bn:00113562a</annotation>
		<annotation source="MCS" anchor="sigue" bfScore="--" coherenceScore="--">bn:00088421v</annotation>
		<annotation source="MCS" anchor="justicia" bfScore="--" coherenceScore="--">bn:00048668n</annotation>
		<annotation source="BABELFY" anchor="amor" bfScore="0.8827814961795889" coherenceScore="0.44660194174757284">bn:00052121n</annotation>
		<annotation source="MCS" anchor="paz" bfScore="--" coherenceScore="--">bn:00061149n</annotation>
		<annotation source="MCS" anchor="corazón" bfScore="--" coherenceScore="--">bn:00043383n</annotation>
		<annotation source="MCS" anchor="puro" bfScore="--" coherenceScore="--">bn:00109244a</annotation>
		<annotation source="MCS" anchor="invocan" bfScore="--" coherenceScore="--">bn:00082770v</annotation>
		<annotation source="MCS" anchor="discusiones" bfScore="--" coherenceScore="--">bn:00027544n</annotation>
		<annotation source="MCS" anchor="ignorantes" bfScore="--" coherenceScore="--">bn:00104534a</annotation>
		<annotation source="MCS" anchor="sabiendo" bfScore="--" coherenceScore="--">bn:00085261v</annotation>
		<annotation source="BABELFY" anchor="engendran" bfScore="0.7727272727272727" coherenceScore="0.0825242718446602">bn:00083336v</annotation>
		<annotation source="MCS" anchor="contiendas" bfScore="--" coherenceScore="--">bn:00021338n</annotation>
		<annotation source="BABELFY" anchor="Pues" bfScore="1.0" coherenceScore="0.09223300970873786">bn:00025800n</annotation>
		<annotation source="MCS" anchor="siervo" bfScore="--" coherenceScore="--">bn:00011982n</annotation>
		<annotation source="MCS" anchor="ser" bfScore="--" coherenceScore="--">bn:00083187v</annotation>
		<annotation source="BABELFY" anchor="contencioso" bfScore="0.984375" coherenceScore="0.03398058252427184">bn:00100054a</annotation>
		<annotation source="MCS" anchor="amable" bfScore="--" coherenceScore="--">bn:00105617a</annotation>
		<annotation source="BABELFY" anchor="apto" bfScore="1.0" coherenceScore="0.05825242718446602">bn:00097382a</annotation>
		<annotation source="MCS" anchor="sufrido" bfScore="--" coherenceScore="--">bn:00082262v</annotation>
		<annotation source="MCS" anchor="corrigiendo" bfScore="--" coherenceScore="--">bn:00085831v</annotation>
		<annotation source="BABELFY" anchor="mansedumbre" bfScore="1.0" coherenceScore="0.08737864077669903">bn:08477462n</annotation>
		<annotation source="MCS" anchor="oponen" bfScore="--" coherenceScore="--">bn:00091882v</annotation>
		<annotation source="MCS" anchor="quizás" bfScore="--" coherenceScore="--">bn:00116211r</annotation>
		<annotation source="MCS" anchor="conceda" bfScore="--" coherenceScore="--">bn:00082538v</annotation>
		<annotation source="BABELFY" anchor="arrepientan" bfScore="1.0" coherenceScore="0.03398058252427184">bn:00092684v</annotation>
		<annotation source="MCS" anchor="comprender" bfScore="--" coherenceScore="--">bn:00082723v</annotation>
		<annotation source="MCS" anchor="escapen" bfScore="--" coherenceScore="--">bn:00083978v</annotation>
		<annotation source="MCS" anchor="trampa" bfScore="--" coherenceScore="--">bn:00017978n</annotation>
		<annotation source="BABELFY" anchor="cautivos" bfScore="1.0" coherenceScore="0.0048543689320388345">bn:00015768n</annotation>
		<annotation source="BABELFY" anchor="voluntad" bfScore="0.7493961352657005" coherenceScore="0.24757281553398058">bn:16772028n</annotation>
	</annotations>
</paragraph>
<paragraph id="p.3">
	<text>
		También debes saber esto : que en los últimos días se presentarán tiempos difíciles
		Porque habrá hombres amantes de sí mismos y del dinero . Serán vanagloriosos , soberbios , blasfemos , desobedientes a los padres , ingratos , impíos
		sin afecto natural , implacables , calumniadores , intemperantes , crueles , aborrecedores de lo bueno
		traidores , impetuosos , envanecidos y amantes de los placeres más que de Dios
		Tendrán apariencia de piedad , pero negarán su eficacia . A éstos evita
		Pues entre éstos están los que se meten en las casas y se llevan cautivas a las mujercillas cargadas de pecados , arrastradas por diversas pasiones
		que siempre están aprendiendo y nunca logran llegar al conocimiento de la verdad
		De la manera que Janes y Jambres se opusieron a Moisés , así también éstos se oponen a la verdad . Son hombres de mente corrompida , réprobos en cuanto a la fe
		Pero no irán muy lejos , porque su insensatez será evidente a todos , como también lo fue la de aquéllos
		Pero tú has seguido de cerca mi enseñanza , conducta , propósito , fe , paciencia , amor , perseverancia
		persecuciones y aflicciones , como las que me sobrevinieron en Antioquía , Iconio y Listra . Todas estas persecuciones he sufrido , y de todas me libró el Señor
		También todos los que quieran vivir piadosamente en Cristo Jesús serán perseguidos
		Pero los malos hombres y los engañadores irán de mal en peor , engañando y siendo engañados
		Pero persiste tú en lo que has aprendido y te has persuadido , sabiendo de quienes lo has aprendid
		y que desde tu niñez has conocido las Sagradas Escrituras , las cuales te pueden hacer sabio para la salvación por medio de la fe que es en Cristo Jesús
		Toda la Escritura es inspirada por Dios y es útil para la enseñanza , para la reprensión , para la corrección , para la instrucción en justicia
		a fin de que el hombre de Dios sea perfecto , enteramente capacitado para toda buena obra
	</text>
	<annotations>
		<annotation source="BABELFY" anchor="debes" bfScore="0.9891304347826086" coherenceScore="0.1044776119402985">bn:00091362v</annotation>
		<annotation source="MCS" anchor="saber" bfScore="--" coherenceScore="--">bn:00085261v</annotation>
		<annotation source="MCS" anchor="últimos" bfScore="--" coherenceScore="--">bn:00105740a</annotation>
		<annotation source="MCS" anchor="días" bfScore="--" coherenceScore="--">bn:00000086n</annotation>
		<annotation source="MCS" anchor="presentarán" bfScore="--" coherenceScore="--">bn:00090234v</annotation>
		<annotation source="MCS" anchor="tiempos" bfScore="--" coherenceScore="--">bn:00077270n</annotation>
		<annotation source="BABELFY" anchor="tiempos difíciles" bfScore="0.979381443298969" coherenceScore="0.1417910447761194">bn:03724442n</annotation>
		<annotation source="MCS" anchor="difíciles" bfScore="--" coherenceScore="--">bn:00101358a</annotation>
		<annotation source="BABELFY" anchor="habrá" bfScore="0.7781954887218046" coherenceScore="0.13432835820895522">bn:00083184v</annotation>
		<annotation source="MCS" anchor="hombres" bfScore="--" coherenceScore="--">bn:00001533n</annotation>
		<annotation source="MCS" anchor="mismos" bfScore="--" coherenceScore="--">bn:00110076a</annotation>
		<annotation source="BABELFY" anchor="dinero" bfScore="0.9266016122189223" coherenceScore="0.291044776119403">bn:00055644n</annotation>
		<annotation source="MCS" anchor="Serán" bfScore="--" coherenceScore="--">bn:00083187v</annotation>
		<annotation source="BABELFY" anchor="soberbios" bfScore="0.9454545454545454" coherenceScore="0.08955223880597014">bn:00097526a</annotation>
		<annotation source="MCS" anchor="padres" bfScore="--" coherenceScore="--">bn:00009616n</annotation>
		<annotation source="MCS" anchor="afecto" bfScore="--" coherenceScore="--">bn:00001744n</annotation>
		<annotation source="MCS" anchor="natural" bfScore="--" coherenceScore="--">bn:00107151a</annotation>
		<annotation source="MCS" anchor="implacables" bfScore="--" coherenceScore="--">bn:00104669a</annotation>
		<annotation source="MCS" anchor="crueles" bfScore="--" coherenceScore="--">bn:00108635a</annotation>
		<annotation source="MCS" anchor="bueno" bfScore="--" coherenceScore="--">bn:00103672a</annotation>
		<annotation source="MCS" anchor="traidores" bfScore="--" coherenceScore="--">bn:00010151n</annotation>
		<annotation source="BABELFY" anchor="placeres" bfScore="0.7282229965156795" coherenceScore="0.2835820895522388">bn:00062972n</annotation>
		<annotation source="MCS" anchor="Tendrán" bfScore="--" coherenceScore="--">bn:00089385v</annotation>
		<annotation source="MCS" anchor="apariencia" bfScore="--" coherenceScore="--">bn:00005023n</annotation>
		<annotation source="MCS" anchor="piedad" bfScore="--" coherenceScore="--">bn:00062335n</annotation>
		<annotation source="MCS" anchor="negarán" bfScore="--" coherenceScore="--">bn:00086591v</annotation>
		<annotation source="BABELFY" anchor="eficacia" bfScore="0.7075812274368231" coherenceScore="0.1044776119402985">bn:00029888n</annotation>
		<annotation source="MCS" anchor="evita" bfScore="--" coherenceScore="--">bn:00082954v</annotation>
		<annotation source="BABELFY" anchor="Pues" bfScore="1.0" coherenceScore="0.007462686567164179">bn:00116345r</annotation>
		<annotation source="MCS" anchor="meten" bfScore="--" coherenceScore="--">bn:00093680v</annotation>
		<annotation source="MCS" anchor="casas" bfScore="--" coherenceScore="--">bn:00044994n</annotation>
		<annotation source="MCS" anchor="llevan" bfScore="--" coherenceScore="--">bn:00084554v</annotation>
		<annotation source="BABELFY" anchor="cargadas" bfScore="1.0" coherenceScore="0.03731343283582089">bn:00096722a</annotation>
		<annotation source="BABELFY" anchor="pecados" bfScore="0.9003476245654692" coherenceScore="0.31343283582089554">bn:00071707n</annotation>
		<annotation source="MCS" anchor="arrastradas" bfScore="--" coherenceScore="--">bn:00087234v</annotation>
		<annotation source="MCS" anchor="pasiones" bfScore="--" coherenceScore="--">bn:00060907n</annotation>
		<annotation source="BABELFY" anchor="siempre" bfScore="0.8571428571428571" coherenceScore="0.022388059701492536">bn:00114250r</annotation>
		<annotation source="BABELFY" anchor="aprendiendo" bfScore="0.8080568720379147" coherenceScore="0.16417910447761194">bn:00082281v</annotation>
		<annotation source="BABELFY" anchor="nunca" bfScore="0.8511904761904762" coherenceScore="0.08208955223880597">bn:00116326r</annotation>
		<annotation source="MCS" anchor="logran" bfScore="--" coherenceScore="--">bn:00082226v</annotation>
		<annotation source="MCS" anchor="llegar" bfScore="--" coherenceScore="--">bn:00082788v</annotation>
		<annotation source="BABELFY" anchor="llegar a" bfScore="1.0" coherenceScore="0.04477611940298507">bn:00085384v</annotation>
		<annotation source="MCS" anchor="conocimiento" bfScore="--" coherenceScore="--">bn:00020452n</annotation>
		<annotation source="BABELFY" anchor="verdad" bfScore="0.9572424680963031" coherenceScore="0.5074626865671642">bn:00072816n</annotation>
		<annotation source="BABELFY" anchor="manera" bfScore="0.7832326283987915" coherenceScore="0.4552238805970149">bn:00033729n</annotation>
		<annotation source="BABELFY" anchor="Janes y Jambres" bfScore="1.0" coherenceScore="0.11194029850746269">bn:01258276n</annotation>
		<annotation source="MCS" anchor="opusieron" bfScore="--" coherenceScore="--">bn:00091882v</annotation>
		<annotation source="BABELFY" anchor="Moisés" bfScore="0.7676113360323886" coherenceScore="0.26865671641791045">bn:00055973n</annotation>
		<annotation source="MCS" anchor="oponen" bfScore="--" coherenceScore="--">bn:00091882v</annotation>
		<annotation source="MCS" anchor="Son" bfScore="--" coherenceScore="--">bn:00083187v</annotation>
		<annotation source="MCS" anchor="mente" bfScore="--" coherenceScore="--">bn:00012681n</annotation>
		<annotation source="BABELFY" anchor="corrompida" bfScore="1.0" coherenceScore="0.07462686567164178">bn:00085844v</annotation>
		<annotation source="BABELFY" anchor="fe" bfScore="0.9302755040926333" coherenceScore="0.8507462686567164">bn:00032768n</annotation>
		<annotation source="MCS" anchor="irán" bfScore="--" coherenceScore="--">bn:00088912v</annotation>
		<annotation source="BABELFY" anchor="lejos" bfScore="0.8115942028985508" coherenceScore="0.05223880597014925">bn:00114455r</annotation>
		<annotation source="MCS" anchor="insensatez" bfScore="--" coherenceScore="--">bn:00046266n</annotation>
		<annotation source="MCS" anchor="será" bfScore="--" coherenceScore="--">bn:00083187v</annotation>
		<annotation source="BABELFY" anchor="evidente" bfScore="0.8721227621483376" coherenceScore="0.16417910447761194">bn:00097350a</annotation>
		<annotation source="BABELFY" anchor="has" bfScore="0.7781954887218046" coherenceScore="0.13432835820895522">bn:00083184v</annotation>
		<annotation source="MCS" anchor="seguido" bfScore="--" coherenceScore="--">bn:00088421v</annotation>
		<annotation source="BABELFY" anchor="cerca" bfScore="0.875" coherenceScore="0.08955223880597014">bn:00114747r</annotation>
		<annotation source="MCS" anchor="enseñanza" bfScore="--" coherenceScore="--">bn:13844284n</annotation>
		<annotation source="BABELFY" anchor="conducta" bfScore="0.7313247673903411" coherenceScore="0.4701492537313433">bn:00009657n</annotation>
		<annotation source="MCS" anchor="propósito" bfScore="--" coherenceScore="--">bn:00036822n</annotation>
		<annotation source="BABELFY" anchor="paciencia" bfScore="0.8093645484949833" coherenceScore="0.2462686567164179">bn:14629457n</annotation>
		<annotation source="BABELFY" anchor="amor" bfScore="0.8338750184665387" coherenceScore="0.5298507462686567">bn:00052121n</annotation>
		<annotation source="BABELFY" anchor="perseverancia" bfScore="1.0" coherenceScore="0.03731343283582089">bn:00028079n</annotation>
		<annotation source="MCS" anchor="persecuciones" bfScore="--" coherenceScore="--">bn:00061697n</annotation>
		<annotation source="BABELFY" anchor="Antioquía" bfScore="1.0" coherenceScore="0.15671641791044777">bn:00004474n</annotation>
		<annotation source="BABELFY" anchor="Iconio" bfScore="1.0" coherenceScore="0.09701492537313433">bn:01164725n</annotation>
		<annotation source="BABELFY" anchor="he" bfScore="0.7781954887218046" coherenceScore="0.13432835820895522">bn:00083184v</annotation>
		<annotation source="MCS" anchor="sufrido" bfScore="--" coherenceScore="--">bn:00082262v</annotation>
		<annotation source="MCS" anchor="libró" bfScore="--" coherenceScore="--">bn:00087631v</annotation>
		<annotation source="MCS" anchor="Señor" bfScore="--" coherenceScore="--">bn:00055346n</annotation>
		<annotation source="MCS" anchor="quieran" bfScore="--" coherenceScore="--">bn:00086682v</annotation>
		<annotation source="MCS" anchor="vivir" bfScore="--" coherenceScore="--">bn:00087617v</annotation>
		<annotation source="BABELFY" anchor="piadosamente" bfScore="1.0" coherenceScore="0.03731343283582089">bn:00115008r</annotation>
		<annotation source="BABELFY" anchor="Cristo" bfScore="0.9996078943928898" coherenceScore="0.7164179104477612">bn:00018805n</annotation>
		<annotation source="BABELFY" anchor="Cristo Jesús" bfScore="1.0" coherenceScore="0.7164179104477612">bn:00018805n</annotation>
		<annotation source="MCS" anchor="serán" bfScore="--" coherenceScore="--">bn:00083187v</annotation>
		<annotation source="MCS" anchor="perseguidos" bfScore="--" coherenceScore="--">bn:00084831v</annotation>
		<annotation source="MCS" anchor="malos" bfScore="--" coherenceScore="--">bn:00097966a</annotation>
		<annotation source="BABELFY" anchor="mal" bfScore="0.7245444801714899" coherenceScore="0.19402985074626866">bn:00114490r</annotation>
		<annotation source="MCS" anchor="peor" bfScore="--" coherenceScore="--">bn:00007894n</annotation>
		<annotation source="MCS" anchor="engañando" bfScore="--" coherenceScore="--">bn:00083458v</annotation>
		<annotation source="MCS" anchor="siendo" bfScore="--" coherenceScore="--">bn:00083187v</annotation>
		<annotation source="MCS" anchor="engañados" bfScore="--" coherenceScore="--">bn:00083458v</annotation>
		<annotation source="MCS" anchor="persiste" bfScore="--" coherenceScore="--">bn:00086793v</annotation>
		<annotation source="BABELFY" anchor="aprendido" bfScore="0.8080568720379147" coherenceScore="0.16417910447761194">bn:00082281v</annotation>
		<annotation source="MCS" anchor="persuadido" bfScore="--" coherenceScore="--">bn:00091565v</annotation>
		<annotation source="MCS" anchor="sabiendo" bfScore="--" coherenceScore="--">bn:00085261v</annotation>
		<annotation source="MCS" anchor="niñez" bfScore="--" coherenceScore="--">bn:00012580n</annotation>
		<annotation source="MCS" anchor="conocido" bfScore="--" coherenceScore="--">bn:00090725v</annotation>
		<annotation source="BABELFY" anchor="Sagradas Escrituras" bfScore="0.8918482647296206" coherenceScore="0.48507462686567165">bn:00010217n</annotation>
		<annotation source="BABELFY" anchor="Escrituras" bfScore="0.8186153960801849" coherenceScore="0.48507462686567165">bn:00010217n</annotation>
		<annotation source="BABELFY" anchor="pueden" bfScore="1.0" coherenceScore="0.007462686567164179">bn:00084451v</annotation>
		<annotation source="MCS" anchor="hacer" bfScore="--" coherenceScore="--">bn:00087107v</annotation>
		<annotation source="MCS" anchor="sabio" bfScore="--" coherenceScore="--">bn:00046782n</annotation>
		<annotation source="MCS" anchor="salvación" bfScore="--" coherenceScore="--">bn:00066712n</annotation>
		<annotation source="MCS" anchor="medio" bfScore="--" coherenceScore="--">bn:00054149n</annotation>
		<annotation source="MCS" anchor="es" bfScore="--" coherenceScore="--">bn:00083187v</annotation>
		<annotation source="MCS" anchor="Toda" bfScore="--" coherenceScore="--">bn:01772897n</annotation>
		<annotation source="MCS" anchor="Escritura" bfScore="--" coherenceScore="--">bn:00007306n</annotation>
		<annotation source="MCS" anchor="inspirada" bfScore="--" coherenceScore="--">bn:00082627v</annotation>
		<annotation source="MCS" anchor="útil" bfScore="--" coherenceScore="--">bn:00104094a</annotation>
		<annotation source="MCS" anchor="reprensión" bfScore="--" coherenceScore="--">bn:00066467n</annotation>
		<annotation source="MCS" anchor="corrección" bfScore="--" coherenceScore="--">bn:00067275n</annotation>
		<annotation source="MCS" anchor="instrucción" bfScore="--" coherenceScore="--">bn:00054988n</annotation>
		<annotation source="MCS" anchor="justicia" bfScore="--" coherenceScore="--">bn:00048668n</annotation>
		<annotation source="MCS" anchor="fin" bfScore="--" coherenceScore="--">bn:00025588n</annotation>
		<annotation source="MCS" anchor="hombre" bfScore="--" coherenceScore="--">bn:00001533n</annotation>
		<annotation source="MCS" anchor="sea" bfScore="--" coherenceScore="--">bn:00083187v</annotation>
		<annotation source="MCS" anchor="perfecto" bfScore="--" coherenceScore="--">bn:00108442a</annotation>
		<annotation source="BABELFY" anchor="enteramente" bfScore="0.972972972972973" coherenceScore="0.13432835820895522">bn:00114203r</annotation>
		<annotation source="MCS" anchor="capacitado" bfScore="--" coherenceScore="--">bn:00087587v</annotation>
		<annotation source="MCS" anchor="buena" bfScore="--" coherenceScore="--">bn:00103672a</annotation>
		<annotation source="MCS" anchor="obra" bfScore="--" coherenceScore="--">bn:00011767n</annotation>
	</annotations>
</paragraph>
<paragraph id="p.4">
	<text>
		Te requiero delante de Dios y de Cristo Jesús , quien ha de juzgar a los vivos y a los muertos , tanto por su manifestación como por su reino
		Predica la palabra ; mantente dispuesto a tiempo y fuera de tiempo ; convence , reprende y exhorta con toda paciencia y enseñanza
		Porque vendrá el tiempo cuando no soportarán la sana doctrina ; más bien , teniendo comezón de oír , amontonarán para sí maestros conforme a sus propias pasiones
		y a la vez que apartarán sus oídos de la verdad , se volverán a las fábulas
		Pero tú , sé sobrio en todo ; soporta las aflicciones ; haz obra de evangelista ; cumple tu ministerio
		Porque yo ya estoy a punto de ser ofrecido en sacrificio , y el tiempo de mi partida ha llegado
		He peleado la buena batalla ; he acabado la carrera ; he guardado la fe
		Por lo demás , me está reservada la corona de justicia , la cual me dará el Señor , el Juez justo , en aquel día . Y no sólo a mí , sino también a todos los que han amado su venida
		Procura venir pronto a verme
		porque Demas me ha desamparado , habiendo amado el mundo presente , y se fue a Tesalónica . Crescente fue a Galacia , y Tito a Dalmacia
		Sólo Lucas está conmigo . Toma a Marcos y tráele contigo , porque me es útil para el ministerio
		A Tíquico envié a Éfeso
		Trae , cuando vengas , el manto que dejé en Troas en casa de Carpo , y los rollos , especialmente los pergaminos
		Alejandro el herrero me ha causado muchos males . El Señor le pagará conforme a sus hechos
		Guárdate tú también de él , porque en gran manera ha resistido a nuestras palabras
		En mi primera defensa nadie estuvo de mi parte . Más bien , todos me desampararon . No se les tome en cuenta
		Pero el Señor sí estuvo conmigo y me dio fuerzas para que por medio de mí fuese cumplida la predicación , y que todos los gentiles escucharan . Y fui librado de la boca del león
		El Señor me librará de toda obra mala y me preservará para su reino celestial . A él sea la gloria por los siglos de los siglos . Amén
		Saluda a Priscila y a Aquilas , y a la casa de Onesíforo
		Erasto se quedó en Corinto , y a Trófimo lo dejé enfermo en Mileto
		Procura venir antes del invierno . Te saludan Eubulo , Pudente , Lino , Claudia y todos los hermanos
		El Señor Jesucristo sea con tu espíritu . La gracia sea con vosotros
	</text>
	<annotations>
		<annotation source="MCS" anchor="requiero" bfScore="--" coherenceScore="--">bn:00082822v</annotation>
		<annotation source="MCS" anchor="delante" bfScore="--" coherenceScore="--">bn:00114182r</annotation>
		<annotation source="BABELFY" anchor="Cristo" bfScore="0.9995148574893875" coherenceScore="0.7365269461077845">bn:00018805n</annotation>
		<annotation source="BABELFY" anchor="Cristo Jesús" bfScore="1.0" coherenceScore="0.7365269461077845">bn:00018805n</annotation>
		<annotation source="MCS" anchor="ha" bfScore="--" coherenceScore="--">bn:00083184v</annotation>
		<annotation source="MCS" anchor="juzgar" bfScore="--" coherenceScore="--">bn:00090000v</annotation>
		<annotation source="MCS" anchor="muertos" bfScore="--" coherenceScore="--">bn:00100948a</annotation>
		<annotation source="MCS" anchor="manifestación" bfScore="--" coherenceScore="--">bn:00064864n</annotation>
		<annotation source="MCS" anchor="reino" bfScore="--" coherenceScore="--">bn:00049171n</annotation>
		<annotation source="MCS" anchor="Predica" bfScore="--" coherenceScore="--">bn:00091922v</annotation>
		<annotation source="BABELFY" anchor="palabra" bfScore="0.9723490283031172" coherenceScore="0.4251497005988024">bn:00081546n</annotation>
		<annotation source="MCS" anchor="dispuesto" bfScore="--" coherenceScore="--">bn:00082784v</annotation>
		<annotation source="BABELFY" anchor="tiempo" bfScore="0.7493248219985269" coherenceScore="0.33532934131736525">bn:00077270n</annotation>
		<annotation source="MCS" anchor="convence" bfScore="--" coherenceScore="--">bn:00084573v</annotation>
		<annotation source="BABELFY" anchor="reprende" bfScore="0.8333333333333334" coherenceScore="0.023952095808383235">bn:00083177v</annotation>
		<annotation source="BABELFY" anchor="exhorta" bfScore="1.0" coherenceScore="0.017964071856287425">bn:00083132v</annotation>
		<annotation source="BABELFY" anchor="paciencia" bfScore="0.7096774193548387" coherenceScore="0.10179640718562874">bn:14629457n</annotation>
		<annotation source="MCS" anchor="enseñanza" bfScore="--" coherenceScore="--">bn:13844284n</annotation>
		<annotation source="MCS" anchor="vendrá" bfScore="--" coherenceScore="--">bn:00082788v</annotation>
		<annotation source="MCS" anchor="soportarán" bfScore="--" coherenceScore="--">bn:00082138v</annotation>
		<annotation source="MCS" anchor="sana" bfScore="--" coherenceScore="--">bn:00104025a</annotation>
		<annotation source="MCS" anchor="doctrina" bfScore="--" coherenceScore="--">bn:00028013n</annotation>
		<annotation source="MCS" anchor="bien" bfScore="--" coherenceScore="--">bn:00115530r</annotation>
		<annotation source="MCS" anchor="teniendo" bfScore="--" coherenceScore="--">bn:00089385v</annotation>
		<annotation source="BABELFY" anchor="comezón" bfScore="1.0" coherenceScore="0.017964071856287425">bn:00047727n</annotation>
		<annotation source="MCS" anchor="oír" bfScore="--" coherenceScore="--">bn:00089277v</annotation>
		<annotation source="MCS" anchor="propias" bfScore="--" coherenceScore="--">bn:00096707a</annotation>
		<annotation source="MCS" anchor="pasiones" bfScore="--" coherenceScore="--">bn:00060907n</annotation>
		<annotation source="BABELFY" anchor="vez" bfScore="0.9878048780487805" coherenceScore="0.05389221556886228">bn:00019848n</annotation>
		<annotation source="MCS" anchor="oídos" bfScore="--" coherenceScore="--">bn:00029372n</annotation>
		<annotation source="BABELFY" anchor="verdad" bfScore="0.9680365296803652" coherenceScore="0.31736526946107785">bn:00072816n</annotation>
		<annotation source="BABELFY" anchor="volverán" bfScore="0.9827586206896551" coherenceScore="0.11377245508982035">bn:00088736v</annotation>
		<annotation source="BABELFY" anchor="fábulas" bfScore="0.8870967741935484" coherenceScore="0.11976047904191617">bn:00002822n</annotation>
		<annotation source="BABELFY" anchor="sobrio" bfScore="1.0" coherenceScore="0.011976047904191617">bn:00110837a</annotation>
		<annotation source="MCS" anchor="soporta" bfScore="--" coherenceScore="--">bn:00082138v</annotation>
		<annotation source="MCS" anchor="haz" bfScore="--" coherenceScore="--">bn:00009313n</annotation>
		<annotation source="MCS" anchor="obra" bfScore="--" coherenceScore="--">bn:00011767n</annotation>
		<annotation source="MCS" anchor="evangelista" bfScore="--" coherenceScore="--">bn:03873806n</annotation>
		<annotation source="MCS" anchor="cumple" bfScore="--" coherenceScore="--">bn:00082225v</annotation>
		<annotation source="MCS" anchor="ministerio" bfScore="--" coherenceScore="--">bn:00055180n</annotation>
		<annotation source="MCS" anchor="punto" bfScore="--" coherenceScore="--">bn:00036777n</annotation>
		<annotation source="BABELFY" anchor="ser" bfScore="0.7184604419101924" coherenceScore="0.1437125748502994">bn:00083181v</annotation>
		<annotation source="MCS" anchor="ofrecido" bfScore="--" coherenceScore="--">bn:00091136v</annotation>
		<annotation source="BABELFY" anchor="sacrificio" bfScore="0.8466101694915255" coherenceScore="0.16167664670658682">bn:00067941n</annotation>
		<annotation source="MCS" anchor="partida" bfScore="--" coherenceScore="--">bn:00026343n</annotation>
		<annotation source="MCS" anchor="llegado" bfScore="--" coherenceScore="--">bn:00082788v</annotation>
		<annotation source="MCS" anchor="peleado" bfScore="--" coherenceScore="--">bn:13738733v</annotation>
		<annotation source="MCS" anchor="buena" bfScore="--" coherenceScore="--">bn:00103672a</annotation>
		<annotation source="MCS" anchor="batalla" bfScore="--" coherenceScore="--">bn:00009078n</annotation>
		<annotation source="MCS" anchor="he" bfScore="--" coherenceScore="--">bn:00083184v</annotation>
		<annotation source="MCS" anchor="acabado" bfScore="--" coherenceScore="--">bn:00088222v</annotation>
		<annotation source="MCS" anchor="carrera" bfScore="--" coherenceScore="--">bn:00016019n</annotation>
		<annotation source="MCS" anchor="guardado" bfScore="--" coherenceScore="--">bn:00089407v</annotation>
		<annotation source="BABELFY" anchor="fe" bfScore="0.9802950168485417" coherenceScore="0.8143712574850299">bn:00032768n</annotation>
		<annotation source="MCS" anchor="reservada" bfScore="--" coherenceScore="--">bn:00083774v</annotation>
		<annotation source="MCS" anchor="corona" bfScore="--" coherenceScore="--">bn:00049469n</annotation>
		<annotation source="MCS" anchor="justicia" bfScore="--" coherenceScore="--">bn:00048668n</annotation>
		<annotation source="MCS" anchor="dará" bfScore="--" coherenceScore="--">bn:00088815v</annotation>
		<annotation source="MCS" anchor="Señor" bfScore="--" coherenceScore="--">bn:00055346n</annotation>
		<annotation source="BABELFY" anchor="Juez" bfScore="0.8266331658291457" coherenceScore="0.16766467065868262">bn:00048488n</annotation>
		<annotation source="MCS" anchor="justo" bfScore="--" coherenceScore="--">bn:00102719a</annotation>
		<annotation source="MCS" anchor="día" bfScore="--" coherenceScore="--">bn:00000086n</annotation>
		<annotation source="BABELFY" anchor="sólo" bfScore="0.9934296977660972" coherenceScore="0.16167664670658682">bn:00114626r</annotation>
		<annotation source="MCS" anchor="han" bfScore="--" coherenceScore="--">bn:00083184v</annotation>
		<annotation source="MCS" anchor="amado" bfScore="--" coherenceScore="--">bn:00090505v</annotation>
		<annotation source="MCS" anchor="venida" bfScore="--" coherenceScore="--">bn:00082788v</annotation>
		<annotation source="BABELFY" anchor="Procura" bfScore="0.8615384615384616" coherenceScore="0.041916167664670656">bn:00087615v</annotation>
		<annotation source="MCS" anchor="venir" bfScore="--" coherenceScore="--">bn:00082788v</annotation>
		<annotation source="BABELFY" anchor="pronto" bfScore="0.7777777777777778" coherenceScore="0.041916167664670656">bn:00114513r</annotation>
		<annotation source="MCS" anchor="ver" bfScore="--" coherenceScore="--">bn:00093430v</annotation>
		<annotation source="BABELFY" anchor="Demas" bfScore="1.0" coherenceScore="0.08383233532934131">bn:02769353n</annotation>
		<annotation source="BABELFY" anchor="desamparado" bfScore="1.0" coherenceScore="0.041916167664670656">bn:00082122v</annotation>
		<annotation source="MCS" anchor="habiendo" bfScore="--" coherenceScore="--">bn:00083184v</annotation>
		<annotation source="MCS" anchor="mundo" bfScore="--" coherenceScore="--">bn:00029428n</annotation>
		<annotation source="MCS" anchor="presente" bfScore="--" coherenceScore="--">bn:00108978a</annotation>
		<annotation source="MCS" anchor="Tesalónica" bfScore="--" coherenceScore="--">bn:00076894n</annotation>
		<annotation source="BABELFY" anchor="Galacia" bfScore="1.0" coherenceScore="0.07784431137724551">bn:00037053n</annotation>
		<annotation source="BABELFY" anchor="Lucas" bfScore="0.9438202247191011" coherenceScore="0.16766467065868262">bn:00052281n</annotation>
		<annotation source="BABELFY" anchor="Toma" bfScore="0.9256198347107438" coherenceScore="0.08383233532934131">bn:00062249n</annotation>
		<annotation source="BABELFY" anchor="Marcos" bfScore="0.9615384615384616" coherenceScore="0.029940119760479042">bn:00314140n</annotation>
		<annotation source="MCS" anchor="trae" bfScore="--" coherenceScore="--">bn:00084060v</annotation>
		<annotation source="BABELFY" anchor="es" bfScore="0.7184604419101924" coherenceScore="0.1437125748502994">bn:00083181v</annotation>
		<annotation source="MCS" anchor="útil" bfScore="--" coherenceScore="--">bn:00104094a</annotation>
		<annotation source="MCS" anchor="envié" bfScore="--" coherenceScore="--">bn:00090548v</annotation>
		<annotation source="BABELFY" anchor="Éfeso" bfScore="1.0" coherenceScore="0.1437125748502994">bn:00031129n</annotation>
		<annotation source="MCS" anchor="Trae" bfScore="--" coherenceScore="--">bn:00084060v</annotation>
		<annotation source="MCS" anchor="manto" bfScore="--" coherenceScore="--">bn:00053271n</annotation>
		<annotation source="MCS" anchor="dejé" bfScore="--" coherenceScore="--">bn:00084710v</annotation>
		<annotation source="BABELFY" anchor="Troas" bfScore="1.0" coherenceScore="0.0718562874251497">bn:02778502n</annotation>
		<annotation source="MCS" anchor="casa" bfScore="--" coherenceScore="--">bn:00044994n</annotation>
		<annotation source="BABELFY" anchor="Carpo" bfScore="0.7538461538461538" coherenceScore="0.041916167664670656">bn:01414429n</annotation>
		<annotation source="MCS" anchor="rollos" bfScore="--" coherenceScore="--">bn:00068135n</annotation>
		<annotation source="BABELFY" anchor="especialmente" bfScore="0.9851851851851852" coherenceScore="0.08383233532934131">bn:00115235r</annotation>
		<annotation source="MCS" anchor="herrero" bfScore="--" coherenceScore="--">bn:00011046n</annotation>
		<annotation source="MCS" anchor="causado" bfScore="--" coherenceScore="--">bn:00087491v</annotation>
		<annotation source="MCS" anchor="males" bfScore="--" coherenceScore="--">bn:00032048n</annotation>
		<annotation source="MCS" anchor="pagará" bfScore="--" coherenceScore="--">bn:00091493v</annotation>
		<annotation source="MCS" anchor="hechos" bfScore="--" coherenceScore="--">bn:00032655n</annotation>
		<annotation source="MCS" anchor="gran" bfScore="--" coherenceScore="--">bn:00098342a</annotation>
		<annotation source="BABELFY" anchor="manera" bfScore="0.9321877876649279" coherenceScore="0.3712574850299401">bn:00033729n</annotation>
		<annotation source="BABELFY" anchor="resistido" bfScore="0.7672530446549392" coherenceScore="0.12574850299401197">bn:00089411v</annotation>
		<annotation source="BABELFY" anchor="palabras" bfScore="0.9302843016069221" coherenceScore="0.4251497005988024">bn:00081546n</annotation>
		<annotation source="MCS" anchor="defensa" bfScore="--" coherenceScore="--">bn:00025878n</annotation>
		<annotation source="MCS" anchor="parte" bfScore="--" coherenceScore="--">bn:00060765n</annotation>
		<annotation source="MCS" anchor="tome" bfScore="--" coherenceScore="--">bn:00088762v</annotation>
		<annotation source="MCS" anchor="cuenta" bfScore="--" coherenceScore="--">bn:00000744n</annotation>
		<annotation source="MCS" anchor="dio" bfScore="--" coherenceScore="--">bn:00088815v</annotation>
		<annotation source="MCS" anchor="fuerzas" bfScore="--" coherenceScore="--">bn:00035768n</annotation>
		<annotation source="BABELFY" anchor="fuese" bfScore="0.7184604419101924" coherenceScore="0.1437125748502994">bn:00083181v</annotation>
		<annotation source="MCS" anchor="cumplida" bfScore="--" coherenceScore="--">bn:00082225v</annotation>
		<annotation source="MCS" anchor="predicación" bfScore="--" coherenceScore="--">bn:00063814n</annotation>
		<annotation source="BABELFY" anchor="gentiles" bfScore="1.0" coherenceScore="0.10778443113772455">bn:00037765n</annotation>
		<annotation source="MCS" anchor="escucharan" bfScore="--" coherenceScore="--">bn:00090400v</annotation>
		<annotation source="MCS" anchor="librado" bfScore="--" coherenceScore="--">bn:00087631v</annotation>
		<annotation source="MCS" anchor="boca" bfScore="--" coherenceScore="--">bn:00056135n</annotation>
		<annotation source="BABELFY" anchor="león" bfScore="0.7860798362333674" coherenceScore="0.1437125748502994">bn:00049156n</annotation>
		<annotation source="MCS" anchor="mala" bfScore="--" coherenceScore="--">bn:00097966a</annotation>
		<annotation source="MCS" anchor="preservará" bfScore="--" coherenceScore="--">bn:00083242v</annotation>
		<annotation source="BABELFY" anchor="reino celestial" bfScore="1.0" coherenceScore="0.059880239520958084">bn:03213627n</annotation>
		<annotation source="MCS" anchor="celestial" bfScore="--" coherenceScore="--">bn:00099415a</annotation>
		<annotation source="BABELFY" anchor="sea" bfScore="0.7184604419101924" coherenceScore="0.1437125748502994">bn:00083181v</annotation>
		<annotation source="MCS" anchor="gloria" bfScore="--" coherenceScore="--">bn:00040711n</annotation>
		<annotation source="BABELFY" anchor="siglos" bfScore="0.8450704225352113" coherenceScore="0.10778443113772455">bn:00017234n</annotation>
		<annotation source="BABELFY" anchor="siglos de los siglos" bfScore="1.0" coherenceScore="0.0718562874251497">bn:01931590n</annotation>
		<annotation source="BABELFY" anchor="Priscila" bfScore="1.0" coherenceScore="0.0718562874251497">bn:01586510n</annotation>
		<annotation source="MCS" anchor="Onesíforo" bfScore="--" coherenceScore="--">bn:08360986n</annotation>
		<annotation source="MCS" anchor="quedó" bfScore="--" coherenceScore="--">bn:00092757v</annotation>
		<annotation source="BABELFY" anchor="Corinto" bfScore="0.908541846419327" coherenceScore="0.16167664670658682">bn:00022652n</annotation>
		<annotation source="MCS" anchor="enfermo" bfScore="--" coherenceScore="--">bn:00027549n</annotation>
		<annotation source="BABELFY" anchor="Mileto" bfScore="0.8163265306122449" coherenceScore="0.09580838323353294">bn:03573391n</annotation>
		<annotation source="BABELFY" anchor="antes de" bfScore="1.0" coherenceScore="0.011976047904191617">bn:00114297r</annotation>
		<annotation source="BABELFY" anchor="invierno" bfScore="1.0" coherenceScore="0.07784431137724551">bn:00081370n</annotation>
		<annotation source="BABELFY" anchor="saludan" bfScore="0.759493670886076" coherenceScore="0.08982035928143713">bn:00089039v</annotation>
		<annotation source="BABELFY" anchor="Eubulo" bfScore="0.826530612244898" coherenceScore="0.05389221556886228">bn:00777236n</annotation>
		<annotation source="MCS" anchor="Lino" bfScore="--" coherenceScore="--">bn:00051414n</annotation>
		<annotation source="MCS" anchor="hermanos" bfScore="--" coherenceScore="--">bn:00071400n</annotation>
		<annotation source="BABELFY" anchor="Señor Jesucristo" bfScore="1.0" coherenceScore="0.7365269461077845">bn:00018805n</annotation>
		<annotation source="BABELFY" anchor="Jesucristo" bfScore="1.0" coherenceScore="0.7365269461077845">bn:00018805n</annotation>
		<annotation source="MCS" anchor="espíritu" bfScore="--" coherenceScore="--">bn:00033960n</annotation>
		<annotation source="MCS" anchor="gracia" bfScore="--" coherenceScore="--">bn:00041227n</annotation>
	</annotations>
</paragraph>
</dataset>
