<?xml version="1.0" encoding="utf-8"?>
<dataset language="ES" title="3JO">
<paragraph id="p.1">
	<text>
		El anciano al muy amado Gayo , a quien amo en verdad
		Amado , mi oración es que seas prosperado en todas las cosas y que tengas salud , así como prospera tu alma
		Pues me gocé mucho cuando venían hermanos y daban testimonio de tu verdad , es decir , de cómo andas en la verdad
		No tengo mayor gozo que el de oír que mis hijos andan en la verdad
		Amado , fielmente procedes en todo lo que haces a favor de los hermanos , y más aún cuando son forasteros
		En presencia de la iglesia , ellos han dado testimonio de tu amor . Si los encaminas como es digno de Dios , harás bien
		porque partieron por amor del Nombre , sin tomar nada de los gentiles
		Por lo tanto , nosotros debemos sostener a los tales , para que seamos colaboradores en la verdad
		He escrito a la iglesia ; pero Diótrefes , quien ambiciona ser el primero entre ellos , no nos admite
		Por esta causa , si voy allá , haré recordar las obras que hace y cómo nos denigra con palabras maliciosas . No satisfecho con esto , él mismo no admite a los hermanos ; además , impide a los que los quieren recibir y los expulsa de la iglesia
		Amado , no imites lo que es malo , sino lo que es bueno . El que hace lo bueno procede de Dios , pero el que hace lo malo no ha visto a Dios
		Se ha dado buen testimonio acerca de Demetrio de parte de todos y aun por la misma verdad . También nosotros damos testimonio , y sabéis que nuestro testimonio es veraz
		Tenía muchas cosas que escribirte , pero no quiero hacerlo por medio de tinta y pluma
		Más bien , espero verte dentro de poco , y hablaremos cara a cara . La paz sea contigo . Los amigos te saludan . Saluda tú a los amigos , a cada uno por nombre
	</text>
	<annotations>
		<annotation source="MCS" anchor="anciano" bfScore="--" coherenceScore="--">bn:00001952n</annotation>
		<annotation source="MCS" anchor="amado" bfScore="--" coherenceScore="--">bn:00090505v</annotation>
		<annotation source="BABELFY" anchor="Gayo" bfScore="0.8888888888888888" coherenceScore="0.014492753623188406">bn:03508661n</annotation>
		<annotation source="BABELFY" anchor="verdad" bfScore="0.9448818897637795" coherenceScore="0.463768115942029">bn:00072816n</annotation>
		<annotation source="BABELFY" anchor="Amado" bfScore="0.7478005865102639" coherenceScore="0.10869565217391304">bn:00009819n</annotation>
		<annotation source="MCS" anchor="oración" bfScore="--" coherenceScore="--">bn:00059529n</annotation>
		<annotation source="MCS" anchor="es" bfScore="--" coherenceScore="--">bn:00083187v</annotation>
		<annotation source="MCS" anchor="seas" bfScore="--" coherenceScore="--">bn:00083187v</annotation>
		<annotation source="BABELFY" anchor="prosperado" bfScore="0.8888888888888888" coherenceScore="0.014492753623188406">bn:00083781v</annotation>
		<annotation source="MCS" anchor="cosas" bfScore="--" coherenceScore="--">bn:00076925n</annotation>
		<annotation source="MCS" anchor="tengas" bfScore="--" coherenceScore="--">bn:00089385v</annotation>
		<annotation source="BABELFY" anchor="salud" bfScore="0.9546061415220294" coherenceScore="0.18840579710144928">bn:00043358n</annotation>
		<annotation source="BABELFY" anchor="así" bfScore="1.0" coherenceScore="0.014492753623188406">bn:00115635r</annotation>
		<annotation source="BABELFY" anchor="prospera" bfScore="0.8888888888888888" coherenceScore="0.014492753623188406">bn:00083781v</annotation>
		<annotation source="MCS" anchor="alma" bfScore="--" coherenceScore="--">bn:00065006n</annotation>
		<annotation source="MCS" anchor="Pues" bfScore="--" coherenceScore="--">bn:00116345r</annotation>
		<annotation source="MCS" anchor="venían" bfScore="--" coherenceScore="--">bn:00082788v</annotation>
		<annotation source="MCS" anchor="hermanos" bfScore="--" coherenceScore="--">bn:00071400n</annotation>
		<annotation source="MCS" anchor="daban" bfScore="--" coherenceScore="--">bn:00088815v</annotation>
		<annotation source="MCS" anchor="testimonio" bfScore="--" coherenceScore="--">bn:00076677n</annotation>
		<annotation source="MCS" anchor="decir" bfScore="--" coherenceScore="--">bn:00093287v</annotation>
		<annotation source="MCS" anchor="andas" bfScore="--" coherenceScore="--">bn:00094337v</annotation>
		<annotation source="MCS" anchor="tengo" bfScore="--" coherenceScore="--">bn:00089385v</annotation>
		<annotation source="MCS" anchor="mayor" bfScore="--" coherenceScore="--">bn:00098342a</annotation>
		<annotation source="MCS" anchor="oír" bfScore="--" coherenceScore="--">bn:00089277v</annotation>
		<annotation source="MCS" anchor="hijos" bfScore="--" coherenceScore="--">bn:00024244n</annotation>
		<annotation source="MCS" anchor="andan" bfScore="--" coherenceScore="--">bn:00094337v</annotation>
		<annotation source="BABELFY" anchor="fielmente" bfScore="1.0" coherenceScore="0.007246376811594203">bn:00114987r</annotation>
		<annotation source="MCS" anchor="haces" bfScore="--" coherenceScore="--">bn:00009313n</annotation>
		<annotation source="MCS" anchor="favor" bfScore="--" coherenceScore="--">bn:00033832n</annotation>
		<annotation source="BABELFY" anchor="más aún" bfScore="1.0" coherenceScore="0.021739130434782608">bn:00115484r</annotation>
		<annotation source="MCS" anchor="aún" bfScore="--" coherenceScore="--">bn:00115246r</annotation>
		<annotation source="MCS" anchor="son" bfScore="--" coherenceScore="--">bn:00083187v</annotation>
		<annotation source="MCS" anchor="forasteros" bfScore="--" coherenceScore="--">bn:08349158n</annotation>
		<annotation source="MCS" anchor="presencia" bfScore="--" coherenceScore="--">bn:00064201n</annotation>
		<annotation source="MCS" anchor="iglesia" bfScore="--" coherenceScore="--">bn:00018995n</annotation>
		<annotation source="BABELFY" anchor="han" bfScore="0.7428571428571429" coherenceScore="0.07246376811594203">bn:00083183v</annotation>
		<annotation source="MCS" anchor="dado" bfScore="--" coherenceScore="--">bn:00088815v</annotation>
		<annotation source="BABELFY" anchor="amor" bfScore="0.9076735873450452" coherenceScore="0.5579710144927537">bn:00052121n</annotation>
		<annotation source="MCS" anchor="digno" bfScore="--" coherenceScore="--">bn:00113948a</annotation>
		<annotation source="MCS" anchor="harás" bfScore="--" coherenceScore="--">bn:00087107v</annotation>
		<annotation source="MCS" anchor="bien" bfScore="--" coherenceScore="--">bn:00115530r</annotation>
		<annotation source="MCS" anchor="partieron" bfScore="--" coherenceScore="--">bn:00086603v</annotation>
		<annotation source="MCS" anchor="Nombre" bfScore="--" coherenceScore="--">bn:00056758n</annotation>
		<annotation source="MCS" anchor="tomar" bfScore="--" coherenceScore="--">bn:00088762v</annotation>
		<annotation source="BABELFY" anchor="gentiles" bfScore="1.0" coherenceScore="0.057971014492753624">bn:00037765n</annotation>
		<annotation source="MCS" anchor="Por lo tanto" bfScore="--" coherenceScore="--">bn:00115635r</annotation>
		<annotation source="BABELFY" anchor="debemos" bfScore="0.995850622406639" coherenceScore="0.11594202898550725">bn:00091362v</annotation>
		<annotation source="MCS" anchor="sostener" bfScore="--" coherenceScore="--">bn:00090070v</annotation>
		<annotation source="MCS" anchor="seamos" bfScore="--" coherenceScore="--">bn:00083187v</annotation>
		<annotation source="MCS" anchor="colaboradores" bfScore="--" coherenceScore="--">bn:00043641n</annotation>
		<annotation source="MCS" anchor="escrito" bfScore="--" coherenceScore="--">bn:00092123v</annotation>
		<annotation source="BABELFY" anchor="ambiciona" bfScore="1.0" coherenceScore="0.043478260869565216">bn:00085989v</annotation>
		<annotation source="MCS" anchor="ser" bfScore="--" coherenceScore="--">bn:00083187v</annotation>
		<annotation source="MCS" anchor="admite" bfScore="--" coherenceScore="--">bn:00082267v</annotation>
		<annotation source="MCS" anchor="causa" bfScore="--" coherenceScore="--">bn:00015051n</annotation>
		<annotation source="MCS" anchor="voy" bfScore="--" coherenceScore="--">bn:00088912v</annotation>
		<annotation source="MCS" anchor="allá" bfScore="--" coherenceScore="--">bn:00114546r</annotation>
		<annotation source="MCS" anchor="haré" bfScore="--" coherenceScore="--">bn:00087107v</annotation>
		<annotation source="MCS" anchor="recordar" bfScore="--" coherenceScore="--">bn:00084413v</annotation>
		<annotation source="MCS" anchor="obras" bfScore="--" coherenceScore="--">bn:00011767n</annotation>
		<annotation source="MCS" anchor="hace" bfScore="--" coherenceScore="--">bn:00087107v</annotation>
		<annotation source="MCS" anchor="cómo" bfScore="--" coherenceScore="--">bn:13703918r</annotation>
		<annotation source="BABELFY" anchor="palabras" bfScore="0.9194237230226069" coherenceScore="0.5652173913043478">bn:00081546n</annotation>
		<annotation source="BABELFY" anchor="maliciosas" bfScore="1.0" coherenceScore="0.007246376811594203">bn:00103997a</annotation>
		<annotation source="MCS" anchor="satisfecho" bfScore="--" coherenceScore="--">bn:00088614v</annotation>
		<annotation source="MCS" anchor="mismo" bfScore="--" coherenceScore="--">bn:00110076a</annotation>
		<annotation source="MCS" anchor="además" bfScore="--" coherenceScore="--">bn:00115484r</annotation>
		<annotation source="MCS" anchor="impide" bfScore="--" coherenceScore="--">bn:00088454v</annotation>
		<annotation source="MCS" anchor="quieren" bfScore="--" coherenceScore="--">bn:00086682v</annotation>
		<annotation source="MCS" anchor="recibir" bfScore="--" coherenceScore="--">bn:00089246v</annotation>
		<annotation source="MCS" anchor="malo" bfScore="--" coherenceScore="--">bn:00097966a</annotation>
		<annotation source="MCS" anchor="bueno" bfScore="--" coherenceScore="--">bn:00103672a</annotation>
		<annotation source="MCS" anchor="procede" bfScore="--" coherenceScore="--">bn:00085715v</annotation>
		<annotation source="BABELFY" anchor="ha" bfScore="0.7428571428571429" coherenceScore="0.07246376811594203">bn:00083183v</annotation>
		<annotation source="MCS" anchor="visto" bfScore="--" coherenceScore="--">bn:00093430v</annotation>
		<annotation source="MCS" anchor="Se" bfScore="--" coherenceScore="--">bn:00085261v</annotation>
		<annotation source="MCS" anchor="buen" bfScore="--" coherenceScore="--">bn:00103672a</annotation>
		<annotation source="MCS" anchor="testimonio" bfScore="--" coherenceScore="--">bn:00083245v</annotation>
		<annotation source="BABELFY" anchor="acerca" bfScore="1.0" coherenceScore="0.014492753623188406">bn:00114076r</annotation>
		<annotation source="MCS" anchor="parte" bfScore="--" coherenceScore="--">bn:00060765n</annotation>
		<annotation source="MCS" anchor="misma" bfScore="--" coherenceScore="--">bn:00110076a</annotation>
		<annotation source="MCS" anchor="damos" bfScore="--" coherenceScore="--">bn:00088815v</annotation>
		<annotation source="MCS" anchor="sabéis" bfScore="--" coherenceScore="--">bn:00085261v</annotation>
		<annotation source="BABELFY" anchor="veraz" bfScore="0.8524590163934426" coherenceScore="0.13043478260869565">bn:00112163a</annotation>
		<annotation source="MCS" anchor="Tenía" bfScore="--" coherenceScore="--">bn:00089385v</annotation>
		<annotation source="MCS" anchor="escribir" bfScore="--" coherenceScore="--">bn:00092123v</annotation>
		<annotation source="MCS" anchor="quiero" bfScore="--" coherenceScore="--">bn:00086682v</annotation>
		<annotation source="MCS" anchor="hacer" bfScore="--" coherenceScore="--">bn:00087107v</annotation>
		<annotation source="MCS" anchor="medio" bfScore="--" coherenceScore="--">bn:00054149n</annotation>
		<annotation source="BABELFY" anchor="tinta" bfScore="0.9448818897637795" coherenceScore="0.057971014492753624">bn:00046794n</annotation>
		<annotation source="MCS" anchor="pluma" bfScore="--" coherenceScore="--">bn:00061314n</annotation>
		<annotation source="MCS" anchor="espero" bfScore="--" coherenceScore="--">bn:00089401v</annotation>
		<annotation source="MCS" anchor="ver" bfScore="--" coherenceScore="--">bn:00093430v</annotation>
		<annotation source="BABELFY" anchor="dentro" bfScore="0.9" coherenceScore="0.021739130434782608">bn:00115906r</annotation>
		<annotation source="MCS" anchor="hablaremos" bfScore="--" coherenceScore="--">bn:00094090v</annotation>
		<annotation source="MCS" anchor="cara" bfScore="--" coherenceScore="--">bn:00032600n</annotation>
		<annotation source="BABELFY" anchor="cara a" bfScore="1.0" coherenceScore="0.021739130434782608">bn:00789882n</annotation>
		<annotation source="BABELFY" anchor="cara a cara" bfScore="0.9090909090909091" coherenceScore="0.06521739130434782">bn:03205847n</annotation>
		<annotation source="MCS" anchor="paz" bfScore="--" coherenceScore="--">bn:00061149n</annotation>
		<annotation source="MCS" anchor="sea" bfScore="--" coherenceScore="--">bn:00083187v</annotation>
		<annotation source="MCS" anchor="amigos" bfScore="--" coherenceScore="--">bn:00036538n</annotation>
		<annotation source="MCS" anchor="saludan" bfScore="--" coherenceScore="--">bn:00089039v</annotation>
		<annotation source="MCS" anchor="Saluda" bfScore="--" coherenceScore="--">bn:00089039v</annotation>
		<annotation source="MCS" anchor="nombre" bfScore="--" coherenceScore="--">bn:00056758n</annotation>
	</annotations>
</paragraph>
