<?xml version="1.0" encoding="utf-8"?>
<dataset language="ES" title="COL">
<paragraph id="p.1">
	<text>
		Pablo , apóstol de Cristo Jesús por la voluntad de Dios , y el hermano Timoteo
		a los hermanos santos y fieles en Cristo que están en Colosas : Gracia a vosotros y paz , de parte de Dios nuestro Padre
		Damos gracias a Dios , el Padre de nuestro Señor Jesucristo , orando siempre por vosotros
		porque hemos oído de vuestra fe en Cristo Jesús y del amor que tenéis por todos los santos
		a causa de la esperanza reservada para vosotros en los cielos , de la cual habéis oído en la palabra de verdad del evangeli
		que ha llegado a vosotros . Y así como está llevando fruto y creciendo en todo el mundo , lo mismo sucede también entre vosotros desde el día en que oísteis y comprendisteis de veras la gracia de Dios
		tal como aprendisteis de Epafras , nuestro consiervo amado , quien es fiel ministro de Cristo a vuestro favor
		Él también nos ha informado de vuestro amor en el Espíritu
		Por esta razón también nosotros , desde el día en que lo oímos , no cesamos de orar por vosotros y de rogar que seáis llenos del conocimiento de su voluntad en toda sabiduría y plena comprensión espiritual
		para que andéis como es digno del Señor , a fin de agradarle en todo ; de manera que produzcáis fruto en toda buena obra y que crezcáis en el conocimiento de Dios
		y que seáis fortalecidos con todo poder , conforme a su gloriosa potencia , para toda perseverancia y paciencia
		Con gozo damos gracias al Padre que os hizo aptos para participar de la herencia de los santos en luz
		Él nos ha librado de la autoridad de las tinieblas y nos ha trasladado al reino de su Hijo amado
		en quien tenemos redención , el perdón de los pecados
		Él es la imagen del Dios invisible , el primogénito de toda la creación
		porque en él fueron creadas todas las cosas que están en los cielos y en la tierra , visibles e invisibles , sean tronos , dominios , principados o autoridades . Todo fue creado por medio de él y para él
		Él antecede a todas las cosas , y en él todas las cosas subsisten
		Y además , él es la cabeza del cuerpo , que es la iglesia . Él es el principio , el primogénito de entre los muertos , para que en todo él sea preeminente
		por cuanto agradó al Padre que en él habitase toda plenitud
		y por medio de él reconciliar consigo mismo todas las cosas , tanto sobre la tierra como en los cielos , habiendo hecho la paz mediante la sangre de su cruz
		A vosotros también , aunque en otro tiempo estabais apartados y erais enemigos por tener la mente ocupada en las malas obras , ahora os ha reconciliad
		en su cuerpo físico por medio de la muerte , para presentaros santos , sin mancha e irreprensibles delante de él
		por cuanto permanecéis fundados y firmes en la fe , sin ser removidos de la esperanza del evangelio que habéis oído , el cual ha sido predicado en toda la creación debajo del cielo . De este evangelio yo , Pablo , llegué a ser ministro
		Ahora me gozo en lo que padezco por vosotros , y completo en mi propia carne lo que falta de las tribulaciones de Cristo a favor de su cuerpo , que es la iglesia
		De ella llegué a ser ministro según el oficio divino que Dios me dio a vuestro favor , para dar pleno cumplimiento a la palabra de Dios
		el misterio de Dios que había estado oculto desde los siglos y generaciones , pero que ahora ha sido revelado a sus santos
		A éstos , Dios ha querido dar a conocer cuáles son las riquezas de la gloria de este misterio entre las naciones , el cual es : Cristo en vosotros , la esperanza de gloria
		A él anunciamos nosotros , amonestando a todo hombre y enseñando a todo hombre con toda sabiduría , a fin de que presentemos a todo hombre , perfecto en Cristo Jesús
		Por esto mismo yo trabajo , esforzándome según su potencia que obra poderosamente en mí
	</text>
	<annotations>
		<annotation source="BABELFY" anchor="Pablo" bfScore="0.9901233768336518" coherenceScore="0.4148148148148148">bn:00004984n</annotation>
		<annotation source="BABELFY" anchor="apóstol" bfScore="0.8881350896305833" coherenceScore="0.3148148148148148">bn:00004982n</annotation>
		<annotation source="BABELFY" anchor="Cristo" bfScore="0.9999254997723604" coherenceScore="0.7481481481481481">bn:00018805n</annotation>
		<annotation source="BABELFY" anchor="Cristo Jesús" bfScore="1.0" coherenceScore="0.7481481481481481">bn:00018805n</annotation>
		<annotation source="BABELFY" anchor="voluntad" bfScore="0.7542868373212794" coherenceScore="0.37407407407407406">bn:16772028n</annotation>
		<annotation source="MCS" anchor="hermano" bfScore="--" coherenceScore="--">bn:00071400n</annotation>
		<annotation source="MCS" anchor="hermanos" bfScore="--" coherenceScore="--">bn:00071400n</annotation>
		<annotation source="MCS" anchor="santos" bfScore="--" coherenceScore="--">bn:00097090a</annotation>
		<annotation source="MCS" anchor="fieles" bfScore="--" coherenceScore="--">bn:00102728a</annotation>
		<annotation source="BABELFY" anchor="Colosas" bfScore="1.0" coherenceScore="0.1111111111111111">bn:00020778n</annotation>
		<annotation source="MCS" anchor="Gracia" bfScore="--" coherenceScore="--">bn:00041227n</annotation>
		<annotation source="MCS" anchor="paz" bfScore="--" coherenceScore="--">bn:00061149n</annotation>
		<annotation source="MCS" anchor="parte" bfScore="--" coherenceScore="--">bn:00060765n</annotation>
		<annotation source="MCS" anchor="Padre" bfScore="--" coherenceScore="--">bn:00009616n</annotation>
		<annotation source="MCS" anchor="Damos" bfScore="--" coherenceScore="--">bn:00088815v</annotation>
		<annotation source="MCS" anchor="gracias" bfScore="--" coherenceScore="--">bn:00041227n</annotation>
		<annotation source="BABELFY" anchor="nuestro Señor Jesucristo" bfScore="1.0" coherenceScore="0.7481481481481481">bn:00018805n</annotation>
		<annotation source="MCS" anchor="Señor" bfScore="--" coherenceScore="--">bn:00055346n</annotation>
		<annotation source="BABELFY" anchor="Señor Jesucristo" bfScore="1.0" coherenceScore="0.7481481481481481">bn:00018805n</annotation>
		<annotation source="BABELFY" anchor="Jesucristo" bfScore="1.0" coherenceScore="0.7481481481481481">bn:00018805n</annotation>
		<annotation source="BABELFY" anchor="orando" bfScore="1.0" coherenceScore="0.15555555555555556">bn:00091921v</annotation>
		<annotation source="BABELFY" anchor="siempre" bfScore="0.7901234567901234" coherenceScore="0.02962962962962963">bn:00114250r</annotation>
		<annotation source="BABELFY" anchor="hemos" bfScore="0.8641618497109826" coherenceScore="0.14444444444444443">bn:00083184v</annotation>
		<annotation source="MCS" anchor="oído" bfScore="--" coherenceScore="--">bn:00089277v</annotation>
		<annotation source="BABELFY" anchor="fe" bfScore="0.9401459854014599" coherenceScore="0.8518518518518519">bn:00032768n</annotation>
		<annotation source="BABELFY" anchor="amor" bfScore="0.8877332422614798" coherenceScore="0.6">bn:00052121n</annotation>
		<annotation source="MCS" anchor="tenéis" bfScore="--" coherenceScore="--">bn:00089385v</annotation>
		<annotation source="MCS" anchor="santos" bfScore="--" coherenceScore="--">bn:00053896n</annotation>
		<annotation source="MCS" anchor="causa" bfScore="--" coherenceScore="--">bn:00015051n</annotation>
		<annotation source="MCS" anchor="esperanza" bfScore="--" coherenceScore="--">bn:00044737n</annotation>
		<annotation source="MCS" anchor="reservada" bfScore="--" coherenceScore="--">bn:00083774v</annotation>
		<annotation source="MCS" anchor="cielos" bfScore="--" coherenceScore="--">bn:00072016n</annotation>
		<annotation source="BABELFY" anchor="habéis" bfScore="0.8641618497109826" coherenceScore="0.14444444444444443">bn:00083184v</annotation>
		<annotation source="BABELFY" anchor="palabra" bfScore="0.9633933000861641" coherenceScore="0.5444444444444444">bn:00081546n</annotation>
		<annotation source="BABELFY" anchor="verdad" bfScore="0.9884527303809308" coherenceScore="0.5">bn:00072816n</annotation>
		<annotation source="BABELFY" anchor="ha" bfScore="0.8641618497109826" coherenceScore="0.14444444444444443">bn:00083184v</annotation>
		<annotation source="MCS" anchor="llegado" bfScore="--" coherenceScore="--">bn:00082788v</annotation>
		<annotation source="MCS" anchor="así" bfScore="--" coherenceScore="--">bn:00117048r</annotation>
		<annotation source="MCS" anchor="llevando" bfScore="--" coherenceScore="--">bn:00084554v</annotation>
		<annotation source="MCS" anchor="fruto" bfScore="--" coherenceScore="--">bn:00036686n</annotation>
		<annotation source="MCS" anchor="creciendo" bfScore="--" coherenceScore="--">bn:00089084v</annotation>
		<annotation source="MCS" anchor="mundo" bfScore="--" coherenceScore="--">bn:00029428n</annotation>
		<annotation source="MCS" anchor="mismo" bfScore="--" coherenceScore="--">bn:00110076a</annotation>
		<annotation source="MCS" anchor="sucede" bfScore="--" coherenceScore="--">bn:00085337v</annotation>
		<annotation source="MCS" anchor="día" bfScore="--" coherenceScore="--">bn:00000086n</annotation>
		<annotation source="BABELFY" anchor="veras" bfScore="0.8200934579439252" coherenceScore="0.0962962962962963">bn:01813354n</annotation>
		<annotation source="MCS" anchor="gracia" bfScore="--" coherenceScore="--">bn:00041227n</annotation>
		<annotation source="MCS" anchor="amado" bfScore="--" coherenceScore="--">bn:00090505v</annotation>
		<annotation source="MCS" anchor="es" bfScore="--" coherenceScore="--">bn:00083187v</annotation>
		<annotation source="MCS" anchor="fiel" bfScore="--" coherenceScore="--">bn:00102728a</annotation>
		<annotation source="MCS" anchor="ministro" bfScore="--" coherenceScore="--">bn:00041200n</annotation>
		<annotation source="MCS" anchor="favor" bfScore="--" coherenceScore="--">bn:00033832n</annotation>
		<annotation source="MCS" anchor="informado" bfScore="--" coherenceScore="--">bn:00082416v</annotation>
		<annotation source="MCS" anchor="Espíritu" bfScore="--" coherenceScore="--">bn:00033960n</annotation>
		<annotation source="BABELFY" anchor="razón" bfScore="0.7595657478960047" coherenceScore="0.45185185185185184">bn:00047021n</annotation>
		<annotation source="MCS" anchor="oímos" bfScore="--" coherenceScore="--">bn:00089277v</annotation>
		<annotation source="BABELFY" anchor="cesamos" bfScore="0.9792746113989638" coherenceScore="0.07777777777777778">bn:00084711v</annotation>
		<annotation source="BABELFY" anchor="orar" bfScore="1.0" coherenceScore="0.15555555555555556">bn:00091921v</annotation>
		<annotation source="BABELFY" anchor="rogar" bfScore="0.7070707070707071" coherenceScore="0.025925925925925925">bn:00083332v</annotation>
		<annotation source="MCS" anchor="seáis" bfScore="--" coherenceScore="--">bn:00083187v</annotation>
		<annotation source="BABELFY" anchor="llenos" bfScore="0.8232445520581114" coherenceScore="0.06296296296296296">bn:00102961a</annotation>
		<annotation source="MCS" anchor="conocimiento" bfScore="--" coherenceScore="--">bn:00020452n</annotation>
		<annotation source="BABELFY" anchor="sabiduría" bfScore="0.7983193277310925" coherenceScore="0.2037037037037037">bn:00069220n</annotation>
		<annotation source="MCS" anchor="plena" bfScore="--" coherenceScore="--">bn:00098890a</annotation>
		<annotation source="MCS" anchor="comprensión" bfScore="--" coherenceScore="--">bn:00005134n</annotation>
		<annotation source="MCS" anchor="espiritual" bfScore="--" coherenceScore="--">bn:00111042a</annotation>
		<annotation source="MCS" anchor="digno" bfScore="--" coherenceScore="--">bn:00113948a</annotation>
		<annotation source="MCS" anchor="fin" bfScore="--" coherenceScore="--">bn:00025588n</annotation>
		<annotation source="MCS" anchor="agradar" bfScore="--" coherenceScore="--">bn:00086519v</annotation>
		<annotation source="BABELFY" anchor="manera" bfScore="0.8369208318132069" coherenceScore="0.34444444444444444">bn:00033729n</annotation>
		<annotation source="MCS" anchor="buena" bfScore="--" coherenceScore="--">bn:00103672a</annotation>
		<annotation source="MCS" anchor="obra" bfScore="--" coherenceScore="--">bn:00011767n</annotation>
		<annotation source="MCS" anchor="fortalecidos" bfScore="--" coherenceScore="--">bn:00083317v</annotation>
		<annotation source="MCS" anchor="poder" bfScore="--" coherenceScore="--">bn:00063940n</annotation>
		<annotation source="BABELFY" anchor="gloriosa" bfScore="0.9824797843665768" coherenceScore="0.1">bn:00103627a</annotation>
		<annotation source="MCS" anchor="potencia" bfScore="--" coherenceScore="--">bn:00063941n</annotation>
		<annotation source="BABELFY" anchor="perseverancia" bfScore="0.8888888888888888" coherenceScore="0.014814814814814815">bn:00028079n</annotation>
		<annotation source="BABELFY" anchor="paciencia" bfScore="0.8567839195979899" coherenceScore="0.22962962962962963">bn:14629457n</annotation>
		<annotation source="MCS" anchor="damos" bfScore="--" coherenceScore="--">bn:00088815v</annotation>
		<annotation source="MCS" anchor="hizo" bfScore="--" coherenceScore="--">bn:00087107v</annotation>
		<annotation source="BABELFY" anchor="aptos" bfScore="1.0" coherenceScore="0.040740740740740744">bn:00097382a</annotation>
		<annotation source="MCS" anchor="participar" bfScore="--" coherenceScore="--">bn:00091451v</annotation>
		<annotation source="MCS" anchor="herencia" bfScore="--" coherenceScore="--">bn:00043821n</annotation>
		<annotation source="BABELFY" anchor="luz" bfScore="0.7424362606232294" coherenceScore="0.3111111111111111">bn:00051108n</annotation>
		<annotation source="MCS" anchor="librado" bfScore="--" coherenceScore="--">bn:00087631v</annotation>
		<annotation source="MCS" anchor="autoridad" bfScore="--" coherenceScore="--">bn:00007302n</annotation>
		<annotation source="MCS" anchor="trasladado" bfScore="--" coherenceScore="--">bn:00090947v</annotation>
		<annotation source="MCS" anchor="reino" bfScore="--" coherenceScore="--">bn:00049171n</annotation>
		<annotation source="MCS" anchor="Hijo" bfScore="--" coherenceScore="--">bn:00024244n</annotation>
		<annotation source="MCS" anchor="tenemos" bfScore="--" coherenceScore="--">bn:00089385v</annotation>
		<annotation source="MCS" anchor="redención" bfScore="--" coherenceScore="--">bn:01613458n</annotation>
		<annotation source="MCS" anchor="perdón" bfScore="--" coherenceScore="--">bn:00035897n</annotation>
		<annotation source="BABELFY" anchor="pecados" bfScore="0.9512495299306006" coherenceScore="0.3888888888888889">bn:00071707n</annotation>
		<annotation source="MCS" anchor="imagen" bfScore="--" coherenceScore="--">bn:00045772n</annotation>
		<annotation source="BABELFY" anchor="invisible" bfScore="0.89086859688196" coherenceScore="0.05925925925925926">bn:00105385a</annotation>
		<annotation source="MCS" anchor="creación" bfScore="--" coherenceScore="--">bn:00023652n</annotation>
		<annotation source="MCS" anchor="fueron" bfScore="--" coherenceScore="--">bn:00083187v</annotation>
		<annotation source="MCS" anchor="creadas" bfScore="--" coherenceScore="--">bn:00086009v</annotation>
		<annotation source="MCS" anchor="cosas" bfScore="--" coherenceScore="--">bn:00076925n</annotation>
		<annotation source="BABELFY" anchor="visibles" bfScore="0.75" coherenceScore="0.06296296296296296">bn:00110277a</annotation>
		<annotation source="BABELFY" anchor="invisibles" bfScore="0.89086859688196" coherenceScore="0.05925925925925926">bn:00105385a</annotation>
		<annotation source="MCS" anchor="sean" bfScore="--" coherenceScore="--">bn:00083187v</annotation>
		<annotation source="MCS" anchor="dominios" bfScore="--" coherenceScore="--">bn:03467637n</annotation>
		<annotation source="BABELFY" anchor="principados" bfScore="0.9600798403193613" coherenceScore="0.13703703703703704">bn:15507913n</annotation>
		<annotation source="MCS" anchor="autoridades" bfScore="--" coherenceScore="--">bn:00007302n</annotation>
		<annotation source="MCS" anchor="fue" bfScore="--" coherenceScore="--">bn:00083187v</annotation>
		<annotation source="MCS" anchor="creado" bfScore="--" coherenceScore="--">bn:00086009v</annotation>
		<annotation source="BABELFY" anchor="antecede" bfScore="0.7913669064748201" coherenceScore="0.037037037037037035">bn:00089863v</annotation>
		<annotation source="BABELFY" anchor="subsisten" bfScore="1.0" coherenceScore="0.02962962962962963">bn:00087844v</annotation>
		<annotation source="BABELFY" anchor="además" bfScore="0.7058823529411765" coherenceScore="0.044444444444444446">bn:00114548r</annotation>
		<annotation source="MCS" anchor="cabeza" bfScore="--" coherenceScore="--">bn:00015784n</annotation>
		<annotation source="MCS" anchor="cuerpo" bfScore="--" coherenceScore="--">bn:00011744n</annotation>
		<annotation source="MCS" anchor="iglesia" bfScore="--" coherenceScore="--">bn:00018995n</annotation>
		<annotation source="MCS" anchor="principio" bfScore="--" coherenceScore="--">bn:00009633n</annotation>
		<annotation source="BABELFY" anchor="muertos" bfScore="0.7485380116959064" coherenceScore="0.11851851851851852">bn:00100948a</annotation>
		<annotation source="MCS" anchor="sea" bfScore="--" coherenceScore="--">bn:00083187v</annotation>
		<annotation source="MCS" anchor="agradó" bfScore="--" coherenceScore="--">bn:00086519v</annotation>
		<annotation source="MCS" anchor="habita" bfScore="--" coherenceScore="--">bn:00083391v</annotation>
		<annotation source="BABELFY" anchor="plenitud" bfScore="0.8957470831765149" coherenceScore="0.1259259259259259">bn:00021366n</annotation>
		<annotation source="MCS" anchor="reconciliar" bfScore="--" coherenceScore="--">bn:13635016v</annotation>
		<annotation source="BABELFY" anchor="habiendo" bfScore="0.8641618497109826" coherenceScore="0.14444444444444443">bn:00083184v</annotation>
		<annotation source="MCS" anchor="hecho" bfScore="--" coherenceScore="--">bn:00087107v</annotation>
		<annotation source="BABELFY" anchor="sangre" bfScore="0.7124588966021191" coherenceScore="0.2777777777777778">bn:00011346n</annotation>
		<annotation source="MCS" anchor="cruz" bfScore="--" coherenceScore="--">bn:00081446n</annotation>
		<annotation source="BABELFY" anchor="tiempo" bfScore="0.7760329405083061" coherenceScore="0.4148148148148148">bn:00077270n</annotation>
		<annotation source="MCS" anchor="apartados" bfScore="--" coherenceScore="--">bn:00014809n</annotation>
		<annotation source="MCS" anchor="erais" bfScore="--" coherenceScore="--">bn:00083187v</annotation>
		<annotation source="MCS" anchor="enemigos" bfScore="--" coherenceScore="--">bn:00030814n</annotation>
		<annotation source="MCS" anchor="tener" bfScore="--" coherenceScore="--">bn:00089385v</annotation>
		<annotation source="BABELFY" anchor="mente" bfScore="0.7211895111436036" coherenceScore="0.6370370370370371">bn:00012681n</annotation>
		<annotation source="MCS" anchor="ocupada" bfScore="--" coherenceScore="--">bn:00090321v</annotation>
		<annotation source="MCS" anchor="malas" bfScore="--" coherenceScore="--">bn:00097966a</annotation>
		<annotation source="MCS" anchor="obras" bfScore="--" coherenceScore="--">bn:00011767n</annotation>
		<annotation source="MCS" anchor="ahora" bfScore="--" coherenceScore="--">bn:00114424r</annotation>
		<annotation source="MCS" anchor="cuerpo físico" bfScore="--" coherenceScore="--">bn:00003882n</annotation>
		<annotation source="MCS" anchor="físico" bfScore="--" coherenceScore="--">bn:00108566a</annotation>
		<annotation source="MCS" anchor="medio" bfScore="--" coherenceScore="--">bn:00054149n</annotation>
		<annotation source="BABELFY" anchor="muerte" bfScore="0.8506369503734681" coherenceScore="0.6666666666666666">bn:00025582n</annotation>
		<annotation source="MCS" anchor="presentaros" bfScore="--" coherenceScore="--">bn:00090234v</annotation>
		<annotation source="MCS" anchor="mancha" bfScore="--" coherenceScore="--">bn:00011197n</annotation>
		<annotation source="BABELFY" anchor="delante" bfScore="1.0" coherenceScore="0.040740740740740744">bn:00114182r</annotation>
		<annotation source="MCS" anchor="fundados" bfScore="--" coherenceScore="--">bn:00085671v</annotation>
		<annotation source="MCS" anchor="firmes" bfScore="--" coherenceScore="--">bn:00102999a</annotation>
		<annotation source="MCS" anchor="ser" bfScore="--" coherenceScore="--">bn:00083187v</annotation>
		<annotation source="MCS" anchor="removidos" bfScore="--" coherenceScore="--">bn:00082471v</annotation>
		<annotation source="BABELFY" anchor="evangelio" bfScore="0.793949247190217" coherenceScore="0.35555555555555557">bn:00031976n</annotation>
		<annotation source="MCS" anchor="sido" bfScore="--" coherenceScore="--">bn:00083187v</annotation>
		<annotation source="BABELFY" anchor="predicado" bfScore="0.98" coherenceScore="0.1037037037037037">bn:00091922v</annotation>
		<annotation source="MCS" anchor="debajo" bfScore="--" coherenceScore="--">bn:00117269r</annotation>
		<annotation source="MCS" anchor="cielo" bfScore="--" coherenceScore="--">bn:00072016n</annotation>
		<annotation source="MCS" anchor="llegué" bfScore="--" coherenceScore="--">bn:00082788v</annotation>
		<annotation source="MCS" anchor="Ahora" bfScore="--" coherenceScore="--">bn:00114424r</annotation>
		<annotation source="BABELFY" anchor="gozo" bfScore="0.7094155844155844" coherenceScore="0.08518518518518518">bn:00087646v</annotation>
		<annotation source="MCS" anchor="padezco" bfScore="--" coherenceScore="--">bn:00089245v</annotation>
		<annotation source="MCS" anchor="completo" bfScore="--" coherenceScore="--">bn:00096195a</annotation>
		<annotation source="BABELFY" anchor="propia" bfScore="0.7301248857752056" coherenceScore="0.17407407407407408">bn:00096707a</annotation>
		<annotation source="MCS" anchor="carne" bfScore="--" coherenceScore="--">bn:00035182n</annotation>
		<annotation source="BABELFY" anchor="falta" bfScore="1.0" coherenceScore="0.07037037037037037">bn:00090161v</annotation>
		<annotation source="MCS" anchor="tribulaciones" bfScore="--" coherenceScore="--">bn:00078200n</annotation>
		<annotation source="MCS" anchor="oficio" bfScore="--" coherenceScore="--">bn:00023496n</annotation>
		<annotation source="MCS" anchor="oficio divino" bfScore="--" coherenceScore="--">bn:00027895n</annotation>
		<annotation source="MCS" anchor="divino" bfScore="--" coherenceScore="--">bn:00101641a</annotation>
		<annotation source="MCS" anchor="dio" bfScore="--" coherenceScore="--">bn:00088815v</annotation>
		<annotation source="MCS" anchor="dar" bfScore="--" coherenceScore="--">bn:00088815v</annotation>
		<annotation source="MCS" anchor="pleno" bfScore="--" coherenceScore="--">bn:00098890a</annotation>
		<annotation source="MCS" anchor="cumplimiento" bfScore="--" coherenceScore="--">bn:03145071n</annotation>
		<annotation source="MCS" anchor="misterio" bfScore="--" coherenceScore="--">bn:00019934n</annotation>
		<annotation source="BABELFY" anchor="había" bfScore="0.8641618497109826" coherenceScore="0.14444444444444443">bn:00083184v</annotation>
		<annotation source="MCS" anchor="oculto" bfScore="--" coherenceScore="--">bn:00099743a</annotation>
		<annotation source="BABELFY" anchor="siglos" bfScore="0.9370409233997902" coherenceScore="0.14074074074074075">bn:00017234n</annotation>
		<annotation source="MCS" anchor="generaciones" bfScore="--" coherenceScore="--">bn:00020407n</annotation>
		<annotation source="MCS" anchor="revelado" bfScore="--" coherenceScore="--">bn:00083912v</annotation>
		<annotation source="MCS" anchor="querido" bfScore="--" coherenceScore="--">bn:00086682v</annotation>
		<annotation source="BABELFY" anchor="dar a conocer" bfScore="0.7272727272727273" coherenceScore="0.02962962962962963">bn:00082637v</annotation>
		<annotation source="MCS" anchor="conocer" bfScore="--" coherenceScore="--">bn:00090725v</annotation>
		<annotation source="MCS" anchor="son" bfScore="--" coherenceScore="--">bn:00083187v</annotation>
		<annotation source="MCS" anchor="riquezas" bfScore="--" coherenceScore="--">bn:00080746n</annotation>
		<annotation source="MCS" anchor="gloria" bfScore="--" coherenceScore="--">bn:00040711n</annotation>
		<annotation source="BABELFY" anchor="naciones" bfScore="0.9053017265308388" coherenceScore="0.674074074074074">bn:00023236n</annotation>
		<annotation source="BABELFY" anchor="anunciamos" bfScore="0.7374897456931911" coherenceScore="0.10740740740740741">bn:00082639v</annotation>
		<annotation source="MCS" anchor="hombre" bfScore="--" coherenceScore="--">bn:00001533n</annotation>
		<annotation source="MCS" anchor="enseñando" bfScore="--" coherenceScore="--">bn:00089791v</annotation>
		<annotation source="MCS" anchor="presentemos" bfScore="--" coherenceScore="--">bn:00090234v</annotation>
		<annotation source="MCS" anchor="perfecto" bfScore="--" coherenceScore="--">bn:00108442a</annotation>
		<annotation source="MCS" anchor="trabajo" bfScore="--" coherenceScore="--">bn:00014138n</annotation>
		<annotation source="BABELFY" anchor="esforzando" bfScore="0.868421052631579" coherenceScore="0.040740740740740744">bn:00092416v</annotation>
		<annotation source="BABELFY" anchor="obra" bfScore="1.0" coherenceScore="0.03333333333333333">bn:00082286v</annotation>
		<annotation source="BABELFY" anchor="poderosamente" bfScore="1.0" coherenceScore="0.025925925925925925">bn:00116666r</annotation>
	</annotations>
</paragraph>
<paragraph id="p.2">
	<text>
		Quiero , pues , que sepáis cuán grande conflicto tengo por vosotros , por los de Laodicea y por todos los que nunca me han visto personalmente
		para que unidos en amor , sus corazones sean reanimados hasta lograr toda la riqueza de la plena certidumbre de entendimiento , para conocer el misterio de Dios , es decir , Cristo mismo
		En él están escondidos todos los tesoros de la sabiduría y del conocimiento
		Digo esto para que nadie os engañe con falsos argumentos persuasivos
		Pues aunque estoy ausente en el cuerpo , no obstante , en espíritu estoy con vosotros , gozándome y mirando vuestro buen orden y la firmeza de vuestra fe en Cristo
		Por tanto , de la manera que habéis recibido a Cristo Jesús el Señor , así andad en él
		firmemente arraigados y sobreedificados en él , y confirmados por la fe , así como habéis sido enseñados , abundando en acciones de gracias
		Mirad que nadie os lleve cautivos por medio de filosofías y vanas sutilezas , conforme a la tradición de hombres , conforme a los principios elementales del mundo , y no conforme a Cristo
		Porque en él habita corporalmente toda la plenitud de la Deidad
		y vosotros estáis completos en él , quien es la cabeza de todo principado y autoridad
		En él también fuisteis circuncidados con una circuncisión no hecha con manos , al despojaros del cuerpo pecaminoso carnal mediante la circuncisión que viene de Cristo
		Fuisteis sepultados juntamente con él en el bautismo , en el cual también fuisteis resucitados juntamente con él , por medio de la fe en el poder de Dios que lo levantó de entre los muertos
		Mientras vosotros estabais muertos en los delitos y en la incircuncisión de vuestra carne , Dios os dio vida juntamente con él , perdonándonos todos los delitos
		Él anuló el acta que había contra nosotros , que por sus decretos nos era contraria , y la ha quitado de en medio al clavarla en su cruz
		También despojó a los principados y autoridades , y los exhibió como espectáculo público , habiendo triunfado sobre ellos en la cruz
		Por tanto , nadie os juzgue en asuntos de comida o de bebida , o respecto a días de fiesta , lunas nuevas o sábados
		Todo ello es sólo una sombra de lo porvenir , pero la realidad pertenece a Cristo
		Nadie os prive de vuestro premio , fingiendo humildad y culto a los ángeles , haciendo alarde de lo que ha visto , vanamente hinchado por su mente carnal
		y no aferrándose a la cabeza , de la cual todo el cuerpo , nutrido y unido por coyunturas y ligamentos , crece con el crecimiento que da Dios
		Siendo que vuestra muerte con Cristo os separó de los principios elementales del mundo , ¿ por qué , como si aún vivieseis en el mundo , os sometéis a ordenanzas como
		&amp;quot; No uses , ni gustes , ni toques &amp;quot;
		Tales cosas son destinadas a perecer con el uso , pues son según los mandamientos y las doctrinas de hombres
		De hecho , semejantes prácticas tienen reputación de ser sabias en una cierta religiosidad , en la humillación y en el duro trato del cuerpo ; pero no tienen ningún valor contra la sensualidad
	</text>
	<annotations>
		<annotation source="MCS" anchor="Quiero" bfScore="--" coherenceScore="--">bn:00086682v</annotation>
		<annotation source="MCS" anchor="sepáis" bfScore="--" coherenceScore="--">bn:00085261v</annotation>
		<annotation source="MCS" anchor="grande" bfScore="--" coherenceScore="--">bn:00098342a</annotation>
		<annotation source="MCS" anchor="conflicto" bfScore="--" coherenceScore="--">bn:00021769n</annotation>
		<annotation source="MCS" anchor="tengo" bfScore="--" coherenceScore="--">bn:00089385v</annotation>
		<annotation source="BABELFY" anchor="Laodicea" bfScore="0.8181818181818182" coherenceScore="0.07317073170731707">bn:01950957n</annotation>
		<annotation source="BABELFY" anchor="nunca" bfScore="0.7159763313609467" coherenceScore="0.05365853658536585">bn:00116326r</annotation>
		<annotation source="BABELFY" anchor="han" bfScore="0.9292101341281669" coherenceScore="0.14146341463414633">bn:00083184v</annotation>
		<annotation source="MCS" anchor="visto" bfScore="--" coherenceScore="--">bn:00093430v</annotation>
		<annotation source="MCS" anchor="personalmente" bfScore="--" coherenceScore="--">bn:00116575r</annotation>
		<annotation source="MCS" anchor="unidos" bfScore="--" coherenceScore="--">bn:00090745v</annotation>
		<annotation source="BABELFY" anchor="amor" bfScore="0.8215915856320699" coherenceScore="0.43902439024390244">bn:00052121n</annotation>
		<annotation source="MCS" anchor="corazones" bfScore="--" coherenceScore="--">bn:00043383n</annotation>
		<annotation source="MCS" anchor="sean" bfScore="--" coherenceScore="--">bn:00083187v</annotation>
		<annotation source="MCS" anchor="lograr" bfScore="--" coherenceScore="--">bn:00082226v</annotation>
		<annotation source="MCS" anchor="riqueza" bfScore="--" coherenceScore="--">bn:00080746n</annotation>
		<annotation source="MCS" anchor="plena" bfScore="--" coherenceScore="--">bn:00098890a</annotation>
		<annotation source="MCS" anchor="certidumbre" bfScore="--" coherenceScore="--">bn:00017377n</annotation>
		<annotation source="MCS" anchor="entendimiento" bfScore="--" coherenceScore="--">bn:17168157n</annotation>
		<annotation source="MCS" anchor="conocer" bfScore="--" coherenceScore="--">bn:00090725v</annotation>
		<annotation source="MCS" anchor="misterio" bfScore="--" coherenceScore="--">bn:00019934n</annotation>
		<annotation source="MCS" anchor="es" bfScore="--" coherenceScore="--">bn:00083187v</annotation>
		<annotation source="MCS" anchor="decir" bfScore="--" coherenceScore="--">bn:00093287v</annotation>
		<annotation source="BABELFY" anchor="Cristo" bfScore="0.9997161187759042" coherenceScore="0.6926829268292682">bn:00018805n</annotation>
		<annotation source="MCS" anchor="mismo" bfScore="--" coherenceScore="--">bn:00110076a</annotation>
		<annotation source="MCS" anchor="escondidos" bfScore="--" coherenceScore="--">bn:00085509v</annotation>
		<annotation source="MCS" anchor="tesoros" bfScore="--" coherenceScore="--">bn:00078117n</annotation>
		<annotation source="MCS" anchor="sabiduría" bfScore="--" coherenceScore="--">bn:00069220n</annotation>
		<annotation source="MCS" anchor="conocimiento" bfScore="--" coherenceScore="--">bn:00020452n</annotation>
		<annotation source="MCS" anchor="engañe" bfScore="--" coherenceScore="--">bn:00083458v</annotation>
		<annotation source="MCS" anchor="falsos" bfScore="--" coherenceScore="--">bn:00098117a</annotation>
		<annotation source="MCS" anchor="argumentos" bfScore="--" coherenceScore="--">bn:00005600n</annotation>
		<annotation source="BABELFY" anchor="Pues" bfScore="1.0" coherenceScore="0.08292682926829269">bn:00025800n</annotation>
		<annotation source="MCS" anchor="ausente" bfScore="--" coherenceScore="--">bn:00096192a</annotation>
		<annotation source="MCS" anchor="cuerpo" bfScore="--" coherenceScore="--">bn:00011744n</annotation>
		<annotation source="MCS" anchor="espíritu" bfScore="--" coherenceScore="--">bn:00033960n</annotation>
		<annotation source="MCS" anchor="gozando" bfScore="--" coherenceScore="--">bn:00087646v</annotation>
		<annotation source="MCS" anchor="mirando" bfScore="--" coherenceScore="--">bn:00090448v</annotation>
		<annotation source="MCS" anchor="buen" bfScore="--" coherenceScore="--">bn:00103672a</annotation>
		<annotation source="BABELFY" anchor="buen orden" bfScore="1.0" coherenceScore="0.004878048780487805">bn:02705271n</annotation>
		<annotation source="MCS" anchor="orden" bfScore="--" coherenceScore="--">bn:00059303n</annotation>
		<annotation source="MCS" anchor="firmeza" bfScore="--" coherenceScore="--">bn:00025927n</annotation>
		<annotation source="BABELFY" anchor="fe" bfScore="0.9304998575592225" coherenceScore="0.7951219512195122">bn:00032768n</annotation>
		<annotation source="BABELFY" anchor="manera" bfScore="0.8079896907216495" coherenceScore="0.375609756097561">bn:00033729n</annotation>
		<annotation source="BABELFY" anchor="habéis" bfScore="0.9292101341281669" coherenceScore="0.14146341463414633">bn:00083184v</annotation>
		<annotation source="MCS" anchor="recibido" bfScore="--" coherenceScore="--">bn:00089246v</annotation>
		<annotation source="BABELFY" anchor="Cristo Jesús" bfScore="1.0" coherenceScore="0.6926829268292682">bn:00018805n</annotation>
		<annotation source="MCS" anchor="Señor" bfScore="--" coherenceScore="--">bn:00055346n</annotation>
		<annotation source="BABELFY" anchor="firmemente" bfScore="1.0" coherenceScore="0.00975609756097561">bn:00115373r</annotation>
		<annotation source="BABELFY" anchor="arraigados" bfScore="1.0" coherenceScore="0.024390243902439025">bn:00089009v</annotation>
		<annotation source="MCS" anchor="confirmados" bfScore="--" coherenceScore="--">bn:00082434v</annotation>
		<annotation source="MCS" anchor="así" bfScore="--" coherenceScore="--">bn:00117048r</annotation>
		<annotation source="MCS" anchor="sido" bfScore="--" coherenceScore="--">bn:00083187v</annotation>
		<annotation source="MCS" anchor="enseñados" bfScore="--" coherenceScore="--">bn:00089791v</annotation>
		<annotation source="BABELFY" anchor="abundando" bfScore="0.9850746268656716" coherenceScore="0.05853658536585366">bn:00082152v</annotation>
		<annotation source="MCS" anchor="acciones" bfScore="--" coherenceScore="--">bn:00001129n</annotation>
		<annotation source="MCS" anchor="gracias" bfScore="--" coherenceScore="--">bn:00041227n</annotation>
		<annotation source="MCS" anchor="lleve" bfScore="--" coherenceScore="--">bn:00084554v</annotation>
		<annotation source="BABELFY" anchor="cautivos" bfScore="0.9824561403508771" coherenceScore="0.03414634146341464">bn:00015768n</annotation>
		<annotation source="MCS" anchor="medio" bfScore="--" coherenceScore="--">bn:00054149n</annotation>
		<annotation source="BABELFY" anchor="filosofías" bfScore="0.9836779107725789" coherenceScore="0.7609756097560976">bn:00061984n</annotation>
		<annotation source="MCS" anchor="vanas" bfScore="--" coherenceScore="--">bn:00103448a</annotation>
		<annotation source="BABELFY" anchor="sutilezas" bfScore="1.0" coherenceScore="0.01951219512195122">bn:00016894n</annotation>
		<annotation source="BABELFY" anchor="tradición" bfScore="0.7663224781572677" coherenceScore="0.35121951219512193">bn:00077884n</annotation>
		<annotation source="MCS" anchor="hombres" bfScore="--" coherenceScore="--">bn:00001533n</annotation>
		<annotation source="MCS" anchor="principios" bfScore="--" coherenceScore="--">bn:00009633n</annotation>
		<annotation source="MCS" anchor="mundo" bfScore="--" coherenceScore="--">bn:00029428n</annotation>
		<annotation source="BABELFY" anchor="conforme" bfScore="1.0" coherenceScore="0.02926829268292683">bn:00099205a</annotation>
		<annotation source="MCS" anchor="habita" bfScore="--" coherenceScore="--">bn:00083391v</annotation>
		<annotation source="BABELFY" anchor="plenitud" bfScore="0.8359456635318704" coherenceScore="0.0975609756097561">bn:00021366n</annotation>
		<annotation source="BABELFY" anchor="Deidad" bfScore="0.8771646271069037" coherenceScore="0.28292682926829266">bn:00025995n</annotation>
		<annotation source="MCS" anchor="completos" bfScore="--" coherenceScore="--">bn:00096195a</annotation>
		<annotation source="MCS" anchor="cabeza" bfScore="--" coherenceScore="--">bn:00015784n</annotation>
		<annotation source="BABELFY" anchor="principado" bfScore="0.9302325581395349" coherenceScore="0.07317073170731707">bn:00649432n</annotation>
		<annotation source="MCS" anchor="autoridad" bfScore="--" coherenceScore="--">bn:00007302n</annotation>
		<annotation source="BABELFY" anchor="circuncisión" bfScore="0.8431277319086935" coherenceScore="0.15121951219512195">bn:00019205n</annotation>
		<annotation source="MCS" anchor="hecha" bfScore="--" coherenceScore="--">bn:00087107v</annotation>
		<annotation source="MCS" anchor="manos" bfScore="--" coherenceScore="--">bn:00042759n</annotation>
		<annotation source="BABELFY" anchor="pecaminoso" bfScore="1.0" coherenceScore="0.00975609756097561">bn:00103048a</annotation>
		<annotation source="MCS" anchor="carnal" bfScore="--" coherenceScore="--">bn:00099283a</annotation>
		<annotation source="MCS" anchor="viene" bfScore="--" coherenceScore="--">bn:00082788v</annotation>
		<annotation source="BABELFY" anchor="juntamente" bfScore="0.7070707070707071" coherenceScore="0.03414634146341464">bn:00117318r</annotation>
		<annotation source="BABELFY" anchor="bautismo" bfScore="0.8310191249672517" coherenceScore="0.25365853658536586">bn:00008455n</annotation>
		<annotation source="BABELFY" anchor="resucitados" bfScore="0.84375" coherenceScore="0.04390243902439024">bn:00092922v</annotation>
		<annotation source="MCS" anchor="poder" bfScore="--" coherenceScore="--">bn:00063940n</annotation>
		<annotation source="MCS" anchor="levantó" bfScore="--" coherenceScore="--">bn:00084110v</annotation>
		<annotation source="MCS" anchor="muertos" bfScore="--" coherenceScore="--">bn:00100948a</annotation>
		<annotation source="BABELFY" anchor="delitos" bfScore="0.8273011207054933" coherenceScore="0.2780487804878049">bn:00023807n</annotation>
		<annotation source="MCS" anchor="carne" bfScore="--" coherenceScore="--">bn:00035182n</annotation>
		<annotation source="MCS" anchor="dio" bfScore="--" coherenceScore="--">bn:00088815v</annotation>
		<annotation source="BABELFY" anchor="vida" bfScore="0.7875420532164339" coherenceScore="0.36585365853658536">bn:00051054n</annotation>
		<annotation source="MCS" anchor="anuló" bfScore="--" coherenceScore="--">bn:00082642v</annotation>
		<annotation source="MCS" anchor="acta" bfScore="--" coherenceScore="--">bn:00055243n</annotation>
		<annotation source="BABELFY" anchor="había" bfScore="0.9292101341281669" coherenceScore="0.14146341463414633">bn:00083184v</annotation>
		<annotation source="BABELFY" anchor="decretos" bfScore="0.9917355371900827" coherenceScore="0.11707317073170732">bn:00025781n</annotation>
		<annotation source="MCS" anchor="era" bfScore="--" coherenceScore="--">bn:00083187v</annotation>
		<annotation source="MCS" anchor="contraria" bfScore="--" coherenceScore="--">bn:00097174a</annotation>
		<annotation source="BABELFY" anchor="ha" bfScore="0.9292101341281669" coherenceScore="0.14146341463414633">bn:00083184v</annotation>
		<annotation source="MCS" anchor="quitado" bfScore="--" coherenceScore="--">bn:00092783v</annotation>
		<annotation source="MCS" anchor="clavar" bfScore="--" coherenceScore="--">bn:00091002v</annotation>
		<annotation source="MCS" anchor="cruz" bfScore="--" coherenceScore="--">bn:00081446n</annotation>
		<annotation source="MCS" anchor="despojó" bfScore="--" coherenceScore="--">bn:00086690v</annotation>
		<annotation source="BABELFY" anchor="principados" bfScore="0.9483870967741935" coherenceScore="0.1024390243902439">bn:15507913n</annotation>
		<annotation source="MCS" anchor="autoridades" bfScore="--" coherenceScore="--">bn:00007302n</annotation>
		<annotation source="MCS" anchor="exhibió" bfScore="--" coherenceScore="--">bn:00087013v</annotation>
		<annotation source="MCS" anchor="espectáculo" bfScore="--" coherenceScore="--">bn:00031015n</annotation>
		<annotation source="MCS" anchor="público" bfScore="--" coherenceScore="--">bn:00109211a</annotation>
		<annotation source="BABELFY" anchor="habiendo" bfScore="0.9292101341281669" coherenceScore="0.14146341463414633">bn:00083184v</annotation>
		<annotation source="MCS" anchor="triunfado" bfScore="--" coherenceScore="--">bn:00082789v</annotation>
		<annotation source="BABELFY" anchor="juzgue" bfScore="0.856962822936358" coherenceScore="0.16585365853658537">bn:00086435v</annotation>
		<annotation source="MCS" anchor="asuntos" bfScore="--" coherenceScore="--">bn:00001734n</annotation>
		<annotation source="MCS" anchor="comida" bfScore="--" coherenceScore="--">bn:00053993n</annotation>
		<annotation source="MCS" anchor="bebida" bfScore="--" coherenceScore="--">bn:00010183n</annotation>
		<annotation source="BABELFY" anchor="respecto" bfScore="1.0" coherenceScore="0.00975609756097561">bn:00066865n</annotation>
		<annotation source="MCS" anchor="días" bfScore="--" coherenceScore="--">bn:00000086n</annotation>
		<annotation source="MCS" anchor="fiesta" bfScore="--" coherenceScore="--">bn:00060836n</annotation>
		<annotation source="MCS" anchor="nuevas" bfScore="--" coherenceScore="--">bn:00107267a</annotation>
		<annotation source="MCS" anchor="sábados" bfScore="--" coherenceScore="--">bn:00068696n</annotation>
		<annotation source="BABELFY" anchor="sólo" bfScore="0.9979818365287588" coherenceScore="0.2097560975609756">bn:00114626r</annotation>
		<annotation source="MCS" anchor="sombra" bfScore="--" coherenceScore="--">bn:00070830n</annotation>
		<annotation source="MCS" anchor="porvenir" bfScore="--" coherenceScore="--">bn:00017625n</annotation>
		<annotation source="MCS" anchor="realidad" bfScore="--" coherenceScore="--">bn:00066414n</annotation>
		<annotation source="MCS" anchor="pertenece" bfScore="--" coherenceScore="--">bn:00082702v</annotation>
		<annotation source="BABELFY" anchor="prive" bfScore="0.8537549407114624" coherenceScore="0.11707317073170732">bn:00086636v</annotation>
		<annotation source="MCS" anchor="premio" bfScore="--" coherenceScore="--">bn:00007497n</annotation>
		<annotation source="MCS" anchor="fingiendo" bfScore="--" coherenceScore="--">bn:00082429v</annotation>
		<annotation source="BABELFY" anchor="humildad" bfScore="0.7249120908845009" coherenceScore="0.1951219512195122">bn:00045179n</annotation>
		<annotation source="MCS" anchor="culto" bfScore="--" coherenceScore="--">bn:00108755a</annotation>
		<annotation source="MCS" anchor="haciendo" bfScore="--" coherenceScore="--">bn:00087107v</annotation>
		<annotation source="BABELFY" anchor="alarde" bfScore="0.9174311926605505" coherenceScore="0.04878048780487805">bn:08285568n</annotation>
		<annotation source="BABELFY" anchor="vanamente" bfScore="1.0" coherenceScore="0.06829268292682927">bn:00115850r</annotation>
		<annotation source="MCS" anchor="hinchado" bfScore="--" coherenceScore="--">bn:00082457v</annotation>
		<annotation source="BABELFY" anchor="mente" bfScore="0.7013351342926906" coherenceScore="0.6097560975609756">bn:00012681n</annotation>
		<annotation source="MCS" anchor="nutrido" bfScore="--" coherenceScore="--">bn:00088511v</annotation>
		<annotation source="MCS" anchor="unido" bfScore="--" coherenceScore="--">bn:00090745v</annotation>
		<annotation source="MCS" anchor="coyunturas" bfScore="--" coherenceScore="--">bn:00021890n</annotation>
		<annotation source="BABELFY" anchor="ligamentos" bfScore="0.946843853820598" coherenceScore="0.07317073170731707">bn:00051097n</annotation>
		<annotation source="MCS" anchor="crece" bfScore="--" coherenceScore="--">bn:00089084v</annotation>
		<annotation source="BABELFY" anchor="crecimiento" bfScore="0.9295112781954887" coherenceScore="0.11219512195121951">bn:00026697n</annotation>
		<annotation source="MCS" anchor="da" bfScore="--" coherenceScore="--">bn:00088815v</annotation>
		<annotation source="BABELFY" anchor="muerte" bfScore="0.8701266756856475" coherenceScore="0.6097560975609756">bn:00025582n</annotation>
		<annotation source="MCS" anchor="separó" bfScore="--" coherenceScore="--">bn:00087099v</annotation>
		<annotation source="MCS" anchor="aún" bfScore="--" coherenceScore="--">bn:00115246r</annotation>
		<annotation source="MCS" anchor="vivieseis" bfScore="--" coherenceScore="--">bn:00087617v</annotation>
		<annotation source="MCS" anchor="ordenanzas" bfScore="--" coherenceScore="--">bn:00009037n</annotation>
		<annotation source="MCS" anchor="No uses" bfScore="--" coherenceScore="--">bn:00082705v</annotation>
		<annotation source="MCS" anchor="toques" bfScore="--" coherenceScore="--">bn:00095040v</annotation>
		<annotation source="BABELFY" anchor="Tales" bfScore="0.9704918032786886" coherenceScore="0.18048780487804877">bn:00076749n</annotation>
		<annotation source="MCS" anchor="cosas" bfScore="--" coherenceScore="--">bn:00076925n</annotation>
		<annotation source="MCS" anchor="son" bfScore="--" coherenceScore="--">bn:00083187v</annotation>
		<annotation source="MCS" anchor="destinadas" bfScore="--" coherenceScore="--">bn:00086681v</annotation>
		<annotation source="BABELFY" anchor="perecer" bfScore="1.0" coherenceScore="0.14146341463414633">bn:00084343v</annotation>
		<annotation source="MCS" anchor="uso" bfScore="--" coherenceScore="--">bn:00030627n</annotation>
		<annotation source="BABELFY" anchor="mandamientos" bfScore="1.0" coherenceScore="0.2146341463414634">bn:00025657n</annotation>
		<annotation source="MCS" anchor="doctrinas" bfScore="--" coherenceScore="--">bn:00028013n</annotation>
		<annotation source="MCS" anchor="hecho" bfScore="--" coherenceScore="--">bn:00087107v</annotation>
		<annotation source="MCS" anchor="semejantes" bfScore="--" coherenceScore="--">bn:00111411a</annotation>
		<annotation source="BABELFY" anchor="prácticas" bfScore="0.7511737089201878" coherenceScore="0.0975609756097561">bn:00108880a</annotation>
		<annotation source="MCS" anchor="tienen" bfScore="--" coherenceScore="--">bn:00089385v</annotation>
		<annotation source="MCS" anchor="reputación" bfScore="--" coherenceScore="--">bn:00067253n</annotation>
		<annotation source="MCS" anchor="ser" bfScore="--" coherenceScore="--">bn:00083187v</annotation>
		<annotation source="MCS" anchor="sabias" bfScore="--" coherenceScore="--">bn:00113905a</annotation>
		<annotation source="BABELFY" anchor="religiosidad" bfScore="1.0" coherenceScore="0.13170731707317074">bn:00062338n</annotation>
		<annotation source="MCS" anchor="humillación" bfScore="--" coherenceScore="--">bn:01328667n</annotation>
		<annotation source="MCS" anchor="duro" bfScore="--" coherenceScore="--">bn:00112025a</annotation>
		<annotation source="MCS" anchor="trato" bfScore="--" coherenceScore="--">bn:00025556n</annotation>
		<annotation source="MCS" anchor="valor" bfScore="--" coherenceScore="--">bn:00029680n</annotation>
		<annotation source="MCS" anchor="sensualidad" bfScore="--" coherenceScore="--">bn:00070523n</annotation>
	</annotations>
</paragraph>
<paragraph id="p.3">
	<text>
		Siendo , pues , que habéis resucitado con Cristo , buscad las cosas de arriba , donde Cristo está sentado a la diestra de Dios
		Ocupad la mente en las cosas de arriba , no en las de la tierra
		porque habéis muerto , y vuestra vida está escondida con Cristo en Dios
		Y cuando se manifieste Cristo , vuestra vida , entonces también vosotros seréis manifestados con él en gloria
		Por lo tanto , haced morir lo terrenal en vuestros miembros : fornicación , impureza , bajas pasiones , malos deseos y la avaricia , que es idolatría
		A causa de estas cosas viene la ira de Dios sobre los rebeldes
		En ellas anduvisteis también vosotros en otro tiempo cuando vivíais entre ellos
		Pero ahora , dejad también vosotros todas estas cosas : ira , enojo , malicia , blasfemia y palabras groseras de vuestra boca
		No mintáis los unos a los otros ; porque os habéis despojado del viejo hombre con sus prácticas
		y os habéis vestido del nuevo , el cual se renueva para un pleno conocimiento , conforme a la imagen de aquel que lo creó
		Aquí no hay griego ni judío , circuncisión ni incircuncisión , bárbaro ni escita , esclavo ni libre ; sino que Cristo es todo y en todos
		Por tanto , como escogidos de Dios , santos y amados , vestíos de profunda compasión , de benignidad , de humildad , de mansedumbre y de paciencia
		soportándoos los unos a los otros y perdonándoos los unos a los otros , cuando alguien tenga queja del otro . De la manera que el Señor os perdonó , así también hacedlo vosotros
		Pero sobre todas estas cosas , vestíos de amor , que es el vínculo perfecto
		Y la paz de Cristo gobierne en vuestros corazones , pues a ella fuisteis llamados en un solo cuerpo ; y sed agradecidos
		La palabra de Cristo habite abundantemente en vosotros , enseñándoos y amonestándoos los unos a los otros en toda sabiduría con salmos , himnos y canciones espirituales , cantando con gracia a Dios en vuestros corazones
		Y todo lo que hagáis , sea de palabra o de hecho , hacedlo todo en el nombre del Señor Jesús , dando gracias a Dios Padre por medio de él
		Esposas , estad sujetas a vuestros esposos , como conviene en el Señor
		Esposos , amad a vuestras esposas y no os amarguéis contra ellas
		Hijos , obedeced a vuestros padres en todo , porque esto es agradable en el Señor
		Padres , no irritéis a vuestros hijos , para que no se desanimen
		Siervos , obedeced en todo a vuestros amos humanos ; no sirviendo sólo cuando se os está mirando , como los que agradan a los hombres , sino con sencillez de corazón , temiendo a Dios
		Y todo lo que hagáis , hacedlo de buen ánimo como para el Señor y no para los hombres
		sabiendo que del Señor recibiréis la recompensa de la herencia . ­ A Cristo el Señor servís
		Pero el que comete injusticia recibirá la injusticia que haga , porque no hay distinción de personas
	</text>
	<annotations>
		<annotation source="MCS" anchor="Siendo" bfScore="--" coherenceScore="--">bn:00083187v</annotation>
		<annotation source="BABELFY" anchor="habéis" bfScore="0.9495412844036697" coherenceScore="0.13218390804597702">bn:00083184v</annotation>
		<annotation source="BABELFY" anchor="resucitado" bfScore="0.7658227848101266" coherenceScore="0.06321839080459771">bn:00092922v</annotation>
		<annotation source="BABELFY" anchor="Cristo" bfScore="0.9994655264564404" coherenceScore="0.7183908045977011">bn:00018805n</annotation>
		<annotation source="MCS" anchor="buscad" bfScore="--" coherenceScore="--">bn:00090460v</annotation>
		<annotation source="MCS" anchor="cosas" bfScore="--" coherenceScore="--">bn:00076925n</annotation>
		<annotation source="MCS" anchor="arriba" bfScore="--" coherenceScore="--">bn:00116423r</annotation>
		<annotation source="BABELFY" anchor="sentado" bfScore="0.8" coherenceScore="0.022988505747126436">bn:00093776v</annotation>
		<annotation source="BABELFY" anchor="diestra" bfScore="1.0" coherenceScore="0.04597701149425287">bn:14666941n</annotation>
		<annotation source="BABELFY" anchor="mente" bfScore="0.7448175629159336" coherenceScore="0.6149425287356322">bn:00012681n</annotation>
		<annotation source="BABELFY" anchor="vida" bfScore="0.7318538695721839" coherenceScore="0.3620689655172414">bn:00051054n</annotation>
		<annotation source="MCS" anchor="escondida" bfScore="--" coherenceScore="--">bn:00085509v</annotation>
		<annotation source="MCS" anchor="manifieste" bfScore="--" coherenceScore="--">bn:00082913v</annotation>
		<annotation source="MCS" anchor="entonces" bfScore="--" coherenceScore="--">bn:00117250r</annotation>
		<annotation source="MCS" anchor="seréis" bfScore="--" coherenceScore="--">bn:00083187v</annotation>
		<annotation source="MCS" anchor="manifestados" bfScore="--" coherenceScore="--">bn:00082913v</annotation>
		<annotation source="MCS" anchor="gloria" bfScore="--" coherenceScore="--">bn:00040711n</annotation>
		<annotation source="MCS" anchor="Por lo tanto" bfScore="--" coherenceScore="--">bn:00115635r</annotation>
		<annotation source="MCS" anchor="haced" bfScore="--" coherenceScore="--">bn:00087107v</annotation>
		<annotation source="MCS" anchor="morir" bfScore="--" coherenceScore="--">bn:00084343v</annotation>
		<annotation source="BABELFY" anchor="terrenal" bfScore="1.0" coherenceScore="0.05747126436781609">bn:00110267a</annotation>
		<annotation source="MCS" anchor="miembros" bfScore="--" coherenceScore="--">bn:00034004n</annotation>
		<annotation source="BABELFY" anchor="fornicación" bfScore="1.0" coherenceScore="0.22413793103448276">bn:00001543n</annotation>
		<annotation source="MCS" anchor="impureza" bfScore="--" coherenceScore="--">bn:00028861n</annotation>
		<annotation source="MCS" anchor="bajas" bfScore="--" coherenceScore="--">bn:00106206a</annotation>
		<annotation source="MCS" anchor="pasiones" bfScore="--" coherenceScore="--">bn:00060907n</annotation>
		<annotation source="MCS" anchor="malos" bfScore="--" coherenceScore="--">bn:00097966a</annotation>
		<annotation source="MCS" anchor="deseos" bfScore="--" coherenceScore="--">bn:00026550n</annotation>
		<annotation source="MCS" anchor="avaricia" bfScore="--" coherenceScore="--">bn:00055293n</annotation>
		<annotation source="MCS" anchor="es" bfScore="--" coherenceScore="--">bn:00083187v</annotation>
		<annotation source="BABELFY" anchor="idolatría" bfScore="0.8697863682604272" coherenceScore="0.21839080459770116">bn:00045856n</annotation>
		<annotation source="MCS" anchor="causa" bfScore="--" coherenceScore="--">bn:00087491v</annotation>
		<annotation source="MCS" anchor="viene" bfScore="--" coherenceScore="--">bn:00082788v</annotation>
		<annotation source="MCS" anchor="ira" bfScore="--" coherenceScore="--">bn:00004085n</annotation>
		<annotation source="BABELFY" anchor="tiempo" bfScore="0.8513119533527697" coherenceScore="0.41954022988505746">bn:00077270n</annotation>
		<annotation source="MCS" anchor="ahora" bfScore="--" coherenceScore="--">bn:00114424r</annotation>
		<annotation source="MCS" anchor="dejad" bfScore="--" coherenceScore="--">bn:00084710v</annotation>
		<annotation source="MCS" anchor="enojo" bfScore="--" coherenceScore="--">bn:00029043n</annotation>
		<annotation source="MCS" anchor="malicia" bfScore="--" coherenceScore="--">bn:00053001n</annotation>
		<annotation source="MCS" anchor="blasfemia" bfScore="--" coherenceScore="--">bn:00011133n</annotation>
		<annotation source="BABELFY" anchor="palabras" bfScore="0.9205702647657841" coherenceScore="0.6436781609195402">bn:00081546n</annotation>
		<annotation source="MCS" anchor="groseras" bfScore="--" coherenceScore="--">bn:00109977a</annotation>
		<annotation source="BABELFY" anchor="boca" bfScore="0.7529411764705882" coherenceScore="0.1839080459770115">bn:00056135n</annotation>
		<annotation source="BABELFY" anchor="No mintáis" bfScore="0.8399080811949444" coherenceScore="0.2471264367816092">bn:00051016n</annotation>
		<annotation source="MCS" anchor="despojado" bfScore="--" coherenceScore="--">bn:00086690v</annotation>
		<annotation source="MCS" anchor="viejo" bfScore="--" coherenceScore="--">bn:00107787a</annotation>
		<annotation source="MCS" anchor="hombre" bfScore="--" coherenceScore="--">bn:00001533n</annotation>
		<annotation source="MCS" anchor="prácticas" bfScore="--" coherenceScore="--">bn:00108880a</annotation>
		<annotation source="MCS" anchor="vestido" bfScore="--" coherenceScore="--">bn:00087291v</annotation>
		<annotation source="MCS" anchor="nuevo" bfScore="--" coherenceScore="--">bn:00107267a</annotation>
		<annotation source="BABELFY" anchor="renueva" bfScore="0.9336099585062241" coherenceScore="0.08620689655172414">bn:00092663v</annotation>
		<annotation source="MCS" anchor="pleno" bfScore="--" coherenceScore="--">bn:00098890a</annotation>
		<annotation source="MCS" anchor="conocimiento" bfScore="--" coherenceScore="--">bn:00020452n</annotation>
		<annotation source="MCS" anchor="imagen" bfScore="--" coherenceScore="--">bn:00045772n</annotation>
		<annotation source="MCS" anchor="creó" bfScore="--" coherenceScore="--">bn:00086009v</annotation>
		<annotation source="BABELFY" anchor="Aquí" bfScore="0.8571428571428571" coherenceScore="0.011494252873563218">bn:00043806n</annotation>
		<annotation source="BABELFY" anchor="hay" bfScore="0.9495412844036697" coherenceScore="0.13218390804597702">bn:00083184v</annotation>
		<annotation source="BABELFY" anchor="griego" bfScore="0.915836730481449" coherenceScore="0.5">bn:00041634n</annotation>
		<annotation source="BABELFY" anchor="judío" bfScore="0.991325325941895" coherenceScore="0.5114942528735632">bn:00043492n</annotation>
		<annotation source="BABELFY" anchor="circuncisión" bfScore="0.9128416709644146" coherenceScore="0.1724137931034483">bn:00019205n</annotation>
		<annotation source="MCS" anchor="bárbaro" bfScore="--" coherenceScore="--">bn:00098250a</annotation>
		<annotation source="MCS" anchor="escita" bfScore="--" coherenceScore="--">bn:00069944n</annotation>
		<annotation source="MCS" anchor="libre" bfScore="--" coherenceScore="--">bn:00103299a</annotation>
		<annotation source="MCS" anchor="escogidos" bfScore="--" coherenceScore="--">bn:00091590v</annotation>
		<annotation source="MCS" anchor="santos" bfScore="--" coherenceScore="--">bn:00097090a</annotation>
		<annotation source="MCS" anchor="profunda" bfScore="--" coherenceScore="--">bn:00101043a</annotation>
		<annotation source="MCS" anchor="compasión" bfScore="--" coherenceScore="--">bn:00021318n</annotation>
		<annotation source="MCS" anchor="benignidad" bfScore="--" coherenceScore="--">bn:00009927n</annotation>
		<annotation source="BABELFY" anchor="humildad" bfScore="0.7894736842105263" coherenceScore="0.20114942528735633">bn:00045179n</annotation>
		<annotation source="BABELFY" anchor="mansedumbre" bfScore="1.0" coherenceScore="0.09195402298850575">bn:08477462n</annotation>
		<annotation source="BABELFY" anchor="paciencia" bfScore="0.8334142787761049" coherenceScore="0.1896551724137931">bn:14629457n</annotation>
		<annotation source="MCS" anchor="tenga" bfScore="--" coherenceScore="--">bn:00089385v</annotation>
		<annotation source="BABELFY" anchor="manera" bfScore="0.8206569991121634" coherenceScore="0.3390804597701149">bn:00033729n</annotation>
		<annotation source="MCS" anchor="Señor" bfScore="--" coherenceScore="--">bn:00055346n</annotation>
		<annotation source="MCS" anchor="perdonó" bfScore="--" coherenceScore="--">bn:00088483v</annotation>
		<annotation source="BABELFY" anchor="amor" bfScore="0.8429926238145417" coherenceScore="0.5747126436781609">bn:00052121n</annotation>
		<annotation source="BABELFY" anchor="vínculo" bfScore="0.7073107724102299" coherenceScore="0.21264367816091953">bn:00045161n</annotation>
		<annotation source="MCS" anchor="perfecto" bfScore="--" coherenceScore="--">bn:00108442a</annotation>
		<annotation source="MCS" anchor="paz" bfScore="--" coherenceScore="--">bn:00061149n</annotation>
		<annotation source="MCS" anchor="gobierne" bfScore="--" coherenceScore="--">bn:00088992v</annotation>
		<annotation source="MCS" anchor="corazones" bfScore="--" coherenceScore="--">bn:00043383n</annotation>
		<annotation source="MCS" anchor="llamados" bfScore="--" coherenceScore="--">bn:00084386v</annotation>
		<annotation source="BABELFY" anchor="solo" bfScore="0.7959183673469388" coherenceScore="0.07471264367816093">bn:00106122a</annotation>
		<annotation source="MCS" anchor="cuerpo" bfScore="--" coherenceScore="--">bn:00011744n</annotation>
		<annotation source="MCS" anchor="sed" bfScore="--" coherenceScore="--">bn:00076968n</annotation>
		<annotation source="MCS" anchor="agradecidos" bfScore="--" coherenceScore="--">bn:00088854v</annotation>
		<annotation source="BABELFY" anchor="La palabra" bfScore="1.0" coherenceScore="0.5632183908045977">bn:00010217n</annotation>
		<annotation source="BABELFY" anchor="palabra" bfScore="0.9712105445716268" coherenceScore="0.6436781609195402">bn:00081546n</annotation>
		<annotation source="MCS" anchor="habite" bfScore="--" coherenceScore="--">bn:00083391v</annotation>
		<annotation source="BABELFY" anchor="abundantemente" bfScore="1.0" coherenceScore="0.08045977011494253">bn:00114097r</annotation>
		<annotation source="BABELFY" anchor="sabiduría" bfScore="0.8725967700589592" coherenceScore="0.26436781609195403">bn:00069220n</annotation>
		<annotation source="BABELFY" anchor="salmos" bfScore="1.0" coherenceScore="0.28160919540229884">bn:00012106n</annotation>
		<annotation source="MCS" anchor="himnos" bfScore="--" coherenceScore="--">bn:00004527n</annotation>
		<annotation source="BABELFY" anchor="canciones" bfScore="0.8605969021533811" coherenceScore="0.19540229885057472">bn:00072794n</annotation>
		<annotation source="MCS" anchor="espirituales" bfScore="--" coherenceScore="--">bn:00111042a</annotation>
		<annotation source="MCS" anchor="cantando" bfScore="--" coherenceScore="--">bn:00093758v</annotation>
		<annotation source="MCS" anchor="gracia" bfScore="--" coherenceScore="--">bn:00041227n</annotation>
		<annotation source="MCS" anchor="hagáis" bfScore="--" coherenceScore="--">bn:00087107v</annotation>
		<annotation source="MCS" anchor="sea" bfScore="--" coherenceScore="--">bn:00083187v</annotation>
		<annotation source="MCS" anchor="hecho" bfScore="--" coherenceScore="--">bn:00032655n</annotation>
		<annotation source="MCS" anchor="nombre" bfScore="--" coherenceScore="--">bn:00056758n</annotation>
		<annotation source="BABELFY" anchor="Señor Jesús" bfScore="1.0" coherenceScore="0.7183908045977011">bn:00018805n</annotation>
		<annotation source="MCS" anchor="dando" bfScore="--" coherenceScore="--">bn:00088815v</annotation>
		<annotation source="MCS" anchor="gracias" bfScore="--" coherenceScore="--">bn:00041227n</annotation>
		<annotation source="MCS" anchor="Padre" bfScore="--" coherenceScore="--">bn:00009616n</annotation>
		<annotation source="BABELFY" anchor="sujetas" bfScore="0.9411764705882353" coherenceScore="0.04597701149425287">bn:00105908a</annotation>
		<annotation source="MCS" anchor="esposos" bfScore="--" coherenceScore="--">bn:00045106n</annotation>
		<annotation source="MCS" anchor="conviene" bfScore="--" coherenceScore="--">bn:00083325v</annotation>
		<annotation source="MCS" anchor="esposas" bfScore="--" coherenceScore="--">bn:00053531n</annotation>
		<annotation source="MCS" anchor="Hijos" bfScore="--" coherenceScore="--">bn:00024244n</annotation>
		<annotation source="MCS" anchor="padres" bfScore="--" coherenceScore="--">bn:00009616n</annotation>
		<annotation source="MCS" anchor="agradable" bfScore="--" coherenceScore="--">bn:00108680a</annotation>
		<annotation source="BABELFY" anchor="Padres" bfScore="1.0" coherenceScore="0.21264367816091953">bn:00060643n</annotation>
		<annotation source="MCS" anchor="hijos" bfScore="--" coherenceScore="--">bn:00024244n</annotation>
		<annotation source="BABELFY" anchor="desanimen" bfScore="1.0" coherenceScore="0.06321839080459771">bn:00086930v</annotation>
		<annotation source="MCS" anchor="Siervos" bfScore="--" coherenceScore="--">bn:00043632n</annotation>
		<annotation source="MCS" anchor="humanos" bfScore="--" coherenceScore="--">bn:00104384a</annotation>
		<annotation source="MCS" anchor="sirviendo" bfScore="--" coherenceScore="--">bn:00089309v</annotation>
		<annotation source="BABELFY" anchor="sólo" bfScore="0.9900990099009901" coherenceScore="0.22988505747126436">bn:00114626r</annotation>
		<annotation source="BABELFY" anchor="mirando" bfScore="1.0" coherenceScore="0.034482758620689655">bn:00088428v</annotation>
		<annotation source="MCS" anchor="agradan" bfScore="--" coherenceScore="--">bn:00086519v</annotation>
		<annotation source="MCS" anchor="hombres" bfScore="--" coherenceScore="--">bn:00001533n</annotation>
		<annotation source="BABELFY" anchor="sencillez" bfScore="1.0" coherenceScore="0.05747126436781609">bn:00071673n</annotation>
		<annotation source="MCS" anchor="corazón" bfScore="--" coherenceScore="--">bn:00043383n</annotation>
		<annotation source="MCS" anchor="temiendo" bfScore="--" coherenceScore="--">bn:00088065v</annotation>
		<annotation source="MCS" anchor="buen" bfScore="--" coherenceScore="--">bn:00103672a</annotation>
		<annotation source="MCS" anchor="ánimo" bfScore="--" coherenceScore="--">bn:00004273n</annotation>
		<annotation source="MCS" anchor="sabiendo" bfScore="--" coherenceScore="--">bn:00085261v</annotation>
		<annotation source="MCS" anchor="recompensa" bfScore="--" coherenceScore="--">bn:00066977n</annotation>
		<annotation source="MCS" anchor="herencia" bfScore="--" coherenceScore="--">bn:00043821n</annotation>
		<annotation source="MCS" anchor="come" bfScore="--" coherenceScore="--">bn:00087461v</annotation>
		<annotation source="MCS" anchor="injusticia" bfScore="--" coherenceScore="--">bn:00046793n</annotation>
		<annotation source="MCS" anchor="recibirá" bfScore="--" coherenceScore="--">bn:00089246v</annotation>
		<annotation source="MCS" anchor="haga" bfScore="--" coherenceScore="--">bn:00087107v</annotation>
		<annotation source="MCS" anchor="distinción" bfScore="--" coherenceScore="--">bn:00027534n</annotation>
		<annotation source="BABELFY" anchor="personas" bfScore="0.8804481531965823" coherenceScore="0.8160919540229885">bn:00046516n</annotation>
	</annotations>
</paragraph>
<paragraph id="p.4">
	<text>
		Amos , haced lo que es justo y equitativo con vuestros siervos , sabiendo que también vosotros tenéis un amo en los cielos
		Perseverad siempre en la oración , vigilando en ella con acción de gracias
		A la vez , orad también por nosotros , a fin de que el Señor nos abra una puerta para la palabra , para comunicar el misterio de Cristo , por lo cual estoy aún preso
		Orad para que yo lo presente con claridad , como me es preciso hablar
		Andad sabiamente para con los de afuera , redimiendo el tiempo
		Vuestra palabra sea siempre agradable , sazonada con sal , para que sepáis cómo os conviene responder a cada uno
		Todos mis asuntos os los hará saber Tíquico , hermano amado , fiel ministro y consiervo en el Señor
		Le envío a vosotros con este fin : para que conozcáis nuestros asuntos y para que él anime vuestros corazones
		Le envío con Onésimo , el fiel y amado hermano , quien es uno de vosotros . Ellos os informarán de todo lo que pasa aquí
		Os saludan Aristarco , prisionero conmigo ; Marcos , el primo de Bernabé ( ya habéis recibido instrucciones acerca de él ; si va a vosotros , recibidle
		y Jesús , llamado Justo . Ellos son los únicos de la circuncisión que son colaboradores conmigo en el reino de Dios y que me han servido de consuelo
		Os saluda Epafras , quien es uno de vosotros , siervo de Cristo siempre solícito por vosotros en oración , para que estéis firmes como hombres maduros y completamente entregados a toda la voluntad de Dios
		Porque doy testimonio de él , de que tiene gran celo por vosotros , por los de Laodicea y por los de Hierápolis
		Os saludan Lucas , el médico amado , y Demas
		Saludad a los hermanos que están en Laodicea : a Ninfa y a la iglesia que está en su casa
		Cuando esta carta haya sido leída entre vosotros , haced que se lea también en la iglesia de los laodicenses ; y la de Laodicea leedla también vosotros
		Decid a Arquipo : &amp;quot; Cuida el ministerio que has recibido del Señor , para que lo cumplas .
		Ahora , la salutación de mi propia mano , de Pablo . Acordaos de mis prisiones . La gracia sea con vosotros
	</text>
	<annotations>
		<annotation source="MCS" anchor="haced" bfScore="--" coherenceScore="--">bn:00087107v</annotation>
		<annotation source="MCS" anchor="es" bfScore="--" coherenceScore="--">bn:00083187v</annotation>
		<annotation source="MCS" anchor="justo" bfScore="--" coherenceScore="--">bn:00102719a</annotation>
		<annotation source="MCS" anchor="siervos" bfScore="--" coherenceScore="--">bn:00011982n</annotation>
		<annotation source="MCS" anchor="sabiendo" bfScore="--" coherenceScore="--">bn:00085261v</annotation>
		<annotation source="MCS" anchor="tenéis" bfScore="--" coherenceScore="--">bn:00089385v</annotation>
		<annotation source="MCS" anchor="cielos" bfScore="--" coherenceScore="--">bn:00072016n</annotation>
		<annotation source="BABELFY" anchor="siempre" bfScore="0.8305084745762712" coherenceScore="0.051470588235294115">bn:00114250r</annotation>
		<annotation source="MCS" anchor="oración" bfScore="--" coherenceScore="--">bn:00059529n</annotation>
		<annotation source="MCS" anchor="vigilando" bfScore="--" coherenceScore="--">bn:00090464v</annotation>
		<annotation source="MCS" anchor="acción" bfScore="--" coherenceScore="--">bn:00001129n</annotation>
		<annotation source="MCS" anchor="acción de gracias" bfScore="--" coherenceScore="--">bn:00076770n</annotation>
		<annotation source="MCS" anchor="gracias" bfScore="--" coherenceScore="--">bn:00041227n</annotation>
		<annotation source="BABELFY" anchor="vez" bfScore="1.0" coherenceScore="0.10294117647058823">bn:00019848n</annotation>
		<annotation source="MCS" anchor="fin" bfScore="--" coherenceScore="--">bn:00025588n</annotation>
		<annotation source="MCS" anchor="Señor" bfScore="--" coherenceScore="--">bn:00055346n</annotation>
		<annotation source="MCS" anchor="abra" bfScore="--" coherenceScore="--">bn:00091165v</annotation>
		<annotation source="MCS" anchor="puerta" bfScore="--" coherenceScore="--">bn:00028248n</annotation>
		<annotation source="BABELFY" anchor="palabra" bfScore="0.9734314149718737" coherenceScore="0.5588235294117647">bn:00081546n</annotation>
		<annotation source="MCS" anchor="comunicar" bfScore="--" coherenceScore="--">bn:00085435v</annotation>
		<annotation source="MCS" anchor="misterio" bfScore="--" coherenceScore="--">bn:00019934n</annotation>
		<annotation source="BABELFY" anchor="Cristo" bfScore="0.9998426621563151" coherenceScore="0.8161764705882353">bn:00018805n</annotation>
		<annotation source="MCS" anchor="aún" bfScore="--" coherenceScore="--">bn:00115246r</annotation>
		<annotation source="MCS" anchor="presente" bfScore="--" coherenceScore="--">bn:00090234v</annotation>
		<annotation source="MCS" anchor="claridad" bfScore="--" coherenceScore="--">bn:00019459n</annotation>
		<annotation source="MCS" anchor="preciso" bfScore="--" coherenceScore="--">bn:00096292a</annotation>
		<annotation source="BABELFY" anchor="hablar" bfScore="0.71617497456765" coherenceScore="0.16176470588235295">bn:00090943v</annotation>
		<annotation source="MCS" anchor="sabiamente" bfScore="--" coherenceScore="--">bn:00116895r</annotation>
		<annotation source="BABELFY" anchor="afuera" bfScore="1.0" coherenceScore="0.03676470588235294">bn:00114199r</annotation>
		<annotation source="MCS" anchor="tiempo" bfScore="--" coherenceScore="--">bn:00077270n</annotation>
		<annotation source="MCS" anchor="sea" bfScore="--" coherenceScore="--">bn:00083187v</annotation>
		<annotation source="MCS" anchor="agradable" bfScore="--" coherenceScore="--">bn:00108680a</annotation>
		<annotation source="BABELFY" anchor="sal" bfScore="0.8540145985401459" coherenceScore="0.0661764705882353">bn:00021160n</annotation>
		<annotation source="MCS" anchor="sepáis" bfScore="--" coherenceScore="--">bn:00085261v</annotation>
		<annotation source="BABELFY" anchor="conviene" bfScore="0.789873417721519" coherenceScore="0.09558823529411764">bn:00094581v</annotation>
		<annotation source="MCS" anchor="responder" bfScore="--" coherenceScore="--">bn:00092421v</annotation>
		<annotation source="MCS" anchor="responder a" bfScore="--" coherenceScore="--">bn:13634533v</annotation>
		<annotation source="MCS" anchor="asuntos" bfScore="--" coherenceScore="--">bn:00001734n</annotation>
		<annotation source="MCS" anchor="hará" bfScore="--" coherenceScore="--">bn:00087107v</annotation>
		<annotation source="MCS" anchor="saber" bfScore="--" coherenceScore="--">bn:00085261v</annotation>
		<annotation source="MCS" anchor="hermano" bfScore="--" coherenceScore="--">bn:00071400n</annotation>
		<annotation source="MCS" anchor="amado" bfScore="--" coherenceScore="--">bn:00090505v</annotation>
		<annotation source="MCS" anchor="fiel" bfScore="--" coherenceScore="--">bn:00102728a</annotation>
		<annotation source="MCS" anchor="ministro" bfScore="--" coherenceScore="--">bn:00041200n</annotation>
		<annotation source="MCS" anchor="envío" bfScore="--" coherenceScore="--">bn:00070467n</annotation>
		<annotation source="MCS" anchor="conozcáis" bfScore="--" coherenceScore="--">bn:00090725v</annotation>
		<annotation source="MCS" anchor="anime" bfScore="--" coherenceScore="--">bn:00082629v</annotation>
		<annotation source="MCS" anchor="corazones" bfScore="--" coherenceScore="--">bn:00043383n</annotation>
		<annotation source="BABELFY" anchor="Onésimo" bfScore="0.9795918367346939" coherenceScore="0.04411764705882353">bn:03557017n</annotation>
		<annotation source="MCS" anchor="informarán" bfScore="--" coherenceScore="--">bn:00082416v</annotation>
		<annotation source="MCS" anchor="pasa" bfScore="--" coherenceScore="--">bn:00091458v</annotation>
		<annotation source="MCS" anchor="aquí" bfScore="--" coherenceScore="--">bn:00115641r</annotation>
		<annotation source="MCS" anchor="saludan" bfScore="--" coherenceScore="--">bn:00089039v</annotation>
		<annotation source="BABELFY" anchor="Aristarco" bfScore="0.9878048780487805" coherenceScore="0.0661764705882353">bn:15464317n</annotation>
		<annotation source="BABELFY" anchor="prisionero" bfScore="0.8370044052863436" coherenceScore="0.07352941176470588">bn:00064468n</annotation>
		<annotation source="BABELFY" anchor="Marcos" bfScore="1.0" coherenceScore="0.029411764705882353">bn:00314140n</annotation>
		<annotation source="BABELFY" anchor="primo" bfScore="0.7058823529411765" coherenceScore="0.0661764705882353">bn:00023333n</annotation>
		<annotation source="MCS" anchor="habéis" bfScore="--" coherenceScore="--">bn:00083184v</annotation>
		<annotation source="MCS" anchor="recibido" bfScore="--" coherenceScore="--">bn:00089246v</annotation>
		<annotation source="BABELFY" anchor="instrucciones" bfScore="0.8760761805374381" coherenceScore="0.3382352941176471">bn:00026980n</annotation>
		<annotation source="BABELFY" anchor="acerca" bfScore="1.0" coherenceScore="0.007352941176470588">bn:00114076r</annotation>
		<annotation source="MCS" anchor="va" bfScore="--" coherenceScore="--">bn:00088912v</annotation>
		<annotation source="MCS" anchor="llamado" bfScore="--" coherenceScore="--">bn:00084386v</annotation>
		<annotation source="MCS" anchor="son" bfScore="--" coherenceScore="--">bn:00083187v</annotation>
		<annotation source="BABELFY" anchor="únicos" bfScore="1.0" coherenceScore="0.051470588235294115">bn:00100811a</annotation>
		<annotation source="BABELFY" anchor="circuncisión" bfScore="0.8076923076923077" coherenceScore="0.08823529411764706">bn:00019205n</annotation>
		<annotation source="MCS" anchor="colaboradores" bfScore="--" coherenceScore="--">bn:00043641n</annotation>
		<annotation source="MCS" anchor="reino" bfScore="--" coherenceScore="--">bn:00049171n</annotation>
		<annotation source="MCS" anchor="han" bfScore="--" coherenceScore="--">bn:00083184v</annotation>
		<annotation source="MCS" anchor="servido" bfScore="--" coherenceScore="--">bn:00089309v</annotation>
		<annotation source="MCS" anchor="consuelo" bfScore="--" coherenceScore="--">bn:00020542n</annotation>
		<annotation source="MCS" anchor="saluda" bfScore="--" coherenceScore="--">bn:00089039v</annotation>
		<annotation source="MCS" anchor="siervo" bfScore="--" coherenceScore="--">bn:00011982n</annotation>
		<annotation source="MCS" anchor="firmes" bfScore="--" coherenceScore="--">bn:00102999a</annotation>
		<annotation source="MCS" anchor="hombres" bfScore="--" coherenceScore="--">bn:00001533n</annotation>
		<annotation source="MCS" anchor="maduros" bfScore="--" coherenceScore="--">bn:00106506a</annotation>
		<annotation source="MCS" anchor="completamente" bfScore="--" coherenceScore="--">bn:00114790r</annotation>
		<annotation source="MCS" anchor="entregados" bfScore="--" coherenceScore="--">bn:00086531v</annotation>
		<annotation source="BABELFY" anchor="voluntad" bfScore="0.7953216374269005" coherenceScore="0.25">bn:16772028n</annotation>
		<annotation source="MCS" anchor="doy" bfScore="--" coherenceScore="--">bn:00088815v</annotation>
		<annotation source="MCS" anchor="testimonio" bfScore="--" coherenceScore="--">bn:00076677n</annotation>
		<annotation source="MCS" anchor="tiene" bfScore="--" coherenceScore="--">bn:00089385v</annotation>
		<annotation source="MCS" anchor="gran" bfScore="--" coherenceScore="--">bn:00098342a</annotation>
		<annotation source="BABELFY" anchor="celo" bfScore="0.8827586206896552" coherenceScore="0.08823529411764706">bn:00041654n</annotation>
		<annotation source="BABELFY" anchor="Laodicea" bfScore="0.9361702127659575" coherenceScore="0.058823529411764705">bn:01950957n</annotation>
		<annotation source="BABELFY" anchor="Hierápolis" bfScore="1.0" coherenceScore="0.08823529411764706">bn:03204330n</annotation>
		<annotation source="BABELFY" anchor="Lucas" bfScore="0.9545454545454546" coherenceScore="0.15441176470588236">bn:00052281n</annotation>
		<annotation source="BABELFY" anchor="médico" bfScore="0.8" coherenceScore="0.1323529411764706">bn:00027976n</annotation>
		<annotation source="MCS" anchor="hermanos" bfScore="--" coherenceScore="--">bn:00071400n</annotation>
		<annotation source="MCS" anchor="Ninfa" bfScore="--" coherenceScore="--">bn:00058378n</annotation>
		<annotation source="MCS" anchor="iglesia" bfScore="--" coherenceScore="--">bn:00018995n</annotation>
		<annotation source="MCS" anchor="casa" bfScore="--" coherenceScore="--">bn:00044994n</annotation>
		<annotation source="BABELFY" anchor="carta" bfScore="0.7461430575035063" coherenceScore="0.20588235294117646">bn:00050802n</annotation>
		<annotation source="MCS" anchor="haya" bfScore="--" coherenceScore="--">bn:00083184v</annotation>
		<annotation source="MCS" anchor="sido" bfScore="--" coherenceScore="--">bn:00083187v</annotation>
		<annotation source="MCS" anchor="leída" bfScore="--" coherenceScore="--">bn:00092426v</annotation>
		<annotation source="MCS" anchor="lea" bfScore="--" coherenceScore="--">bn:00092426v</annotation>
		<annotation source="MCS" anchor="Decid" bfScore="--" coherenceScore="--">bn:00093287v</annotation>
		<annotation source="BABELFY" anchor="Arquipo" bfScore="1.0" coherenceScore="0.022058823529411766">bn:02312078n</annotation>
		<annotation source="MCS" anchor="Cuida" bfScore="--" coherenceScore="--">bn:00084525v</annotation>
		<annotation source="MCS" anchor="ministerio" bfScore="--" coherenceScore="--">bn:00055180n</annotation>
		<annotation source="MCS" anchor="has" bfScore="--" coherenceScore="--">bn:00083184v</annotation>
		<annotation source="BABELFY" anchor="cumplas" bfScore="0.830820770519263" coherenceScore="0.11764705882352941">bn:00082225v</annotation>
		<annotation source="MCS" anchor="Ahora" bfScore="--" coherenceScore="--">bn:00114424r</annotation>
		<annotation source="BABELFY" anchor="salutación" bfScore="0.875" coherenceScore="0.15441176470588236">bn:00041739n</annotation>
		<annotation source="BABELFY" anchor="propia" bfScore="0.7711864406779662" coherenceScore="0.09558823529411764">bn:00096707a</annotation>
		<annotation source="BABELFY" anchor="mano" bfScore="0.9385665529010239" coherenceScore="0.16176470588235295">bn:00042759n</annotation>
		<annotation source="BABELFY" anchor="Pablo" bfScore="0.9974241556954779" coherenceScore="0.3014705882352941">bn:00004984n</annotation>
		<annotation source="MCS" anchor="prisiones" bfScore="--" coherenceScore="--">bn:00064468n</annotation>
		<annotation source="MCS" anchor="gracia" bfScore="--" coherenceScore="--">bn:00041227n</annotation>
	</annotations>
</paragraph>
</dataset>
