<?xml version="1.0" encoding="utf-8"?>
<dataset language="ES" title="HAB">
<paragraph id="p.1">
	<text>
		La profecía que vio el profeta Habacuc
		- - ¿ Hasta cuándo , oh Jehovah , clamaré , y no oirás ? ¿ Hasta cuándo daré voces a ti diciendo : &amp;quot; ¡ Violencia ! &amp;quot; , sin que tú libres
		¿ Por qué me muestras la iniquidad y me haces ver la aflicción ? He aquí que surgen pleitos y contiendas ; la destrucción y la violencia están delante de mí
		La ley pierde su poder , y el derecho no prevalece ; porque el impío cerca al justo . Por eso sale torcida la justicia
		- - Observad entre las naciones y mirad . Quedaos asombrados y atónitos , porque yo haré en vuestros días algo que aun si se os contase , no lo creeríais
		He aquí que levanto a los caldeos , pueblo furioso e impetuoso que marcha por la anchura de la tierra , para tomar posesión de los lugares habitados que no le pertenecen
		Será temible y terrible . De sí mismo derivará su derecho y su dignidad
		Sus caballos serán más veloces que leopardos y más ágiles que lobos vespertinos . Sus jinetes se dispersarán haciendo cabriolas . Vendrán de lejos , volarán como águilas que se apresuran a devorar
		Todo este pueblo vendrá para hacer violencia . Todos sus rostros se dirigen hacia adelante , y reunirán cautivos como arena
		Se mofará de los reyes y hará burla de los príncipes . Se burlará de toda fortificación ; levantará terraplenes y la tomará
		Entonces su espíritu pasará y se acabará ; devolverá a su dios esta su fuerza
		- - ¿ Acaso no eres tú desde el principio , oh Jehovah , Dios mío y Santo mío ? ¡ No moriremos ! Oh Jehovah , para juicio pusiste a los caldeos ; tú , oh Roca , los has establecido para castigar
		Eres demasiado limpio como para mirar el mal ; tú no puedes ver el agravio . ¿ Por qué , pues , contemplas a los traidores y callas cuando el impío destruye al más justo que él
		Permites que los hombres sean como los peces del mar , como reptiles que no tienen quien los gobierne
		A todos saca con anzuelo ; los atrapa en su red y los junta en su malla , por lo cual se alegra y se regocija
		Por eso rinde sacrificios a su red y ofrece incienso a su malla ; porque gracias a ellas incrementa su porción y hace suculenta su comida
		Por eso sigue vaciando su red para volver a matar continuamente y sin piedad a las naciones
	</text>
	<annotations>
		<annotation source="MCS" anchor="profecía" bfScore="--" coherenceScore="--">bn:00064645n</annotation>
		<annotation source="MCS" anchor="vio" bfScore="--" coherenceScore="--">bn:00093430v</annotation>
		<annotation source="BABELFY" anchor="profeta" bfScore="0.9893617021276596" coherenceScore="0.11042944785276074">bn:00064759n</annotation>
		<annotation source="BABELFY" anchor="profeta Habacuc" bfScore="1.0" coherenceScore="0.03067484662576687">bn:02894518n</annotation>
		<annotation source="BABELFY" anchor="Habacuc" bfScore="0.9035433070866141" coherenceScore="0.10429447852760736">bn:00012085n</annotation>
		<annotation source="BABELFY" anchor="Jehovah" bfScore="1.0" coherenceScore="0.147239263803681">bn:00047890n</annotation>
		<annotation source="MCS" anchor="daré" bfScore="--" coherenceScore="--">bn:00088815v</annotation>
		<annotation source="MCS" anchor="voces" bfScore="--" coherenceScore="--">bn:00080185n</annotation>
		<annotation source="MCS" anchor="diciendo" bfScore="--" coherenceScore="--">bn:00093287v</annotation>
		<annotation source="BABELFY" anchor="Violencia" bfScore="0.99" coherenceScore="0.20245398773006135">bn:00035772n</annotation>
		<annotation source="MCS" anchor="libres" bfScore="--" coherenceScore="--">bn:00103299a</annotation>
		<annotation source="MCS" anchor="muestras" bfScore="--" coherenceScore="--">bn:00069079n</annotation>
		<annotation source="BABELFY" anchor="iniquidad" bfScore="0.8651685393258427" coherenceScore="0.04294478527607362">bn:00046778n</annotation>
		<annotation source="MCS" anchor="haces" bfScore="--" coherenceScore="--">bn:00009313n</annotation>
		<annotation source="MCS" anchor="ver" bfScore="--" coherenceScore="--">bn:00093430v</annotation>
		<annotation source="BABELFY" anchor="aflicción" bfScore="0.9" coherenceScore="0.018404907975460124">bn:00001782n</annotation>
		<annotation source="BABELFY" anchor="He" bfScore="0.784" coherenceScore="0.04294478527607362">bn:00083183v</annotation>
		<annotation source="MCS" anchor="aquí" bfScore="--" coherenceScore="--">bn:00115641r</annotation>
		<annotation source="MCS" anchor="surgen" bfScore="--" coherenceScore="--">bn:00082758v</annotation>
		<annotation source="MCS" anchor="pleitos" bfScore="--" coherenceScore="--">bn:00016403n</annotation>
		<annotation source="MCS" anchor="contiendas" bfScore="--" coherenceScore="--">bn:00021338n</annotation>
		<annotation source="MCS" anchor="destrucción" bfScore="--" coherenceScore="--">bn:00026163n</annotation>
		<annotation source="BABELFY" anchor="violencia" bfScore="0.99" coherenceScore="0.20245398773006135">bn:00035772n</annotation>
		<annotation source="BABELFY" anchor="delante" bfScore="1.0" coherenceScore="0.012269938650306749">bn:00114182r</annotation>
		<annotation source="MCS" anchor="ley" bfScore="--" coherenceScore="--">bn:00048655n</annotation>
		<annotation source="MCS" anchor="pierde" bfScore="--" coherenceScore="--">bn:00090485v</annotation>
		<annotation source="MCS" anchor="poder" bfScore="--" coherenceScore="--">bn:00063940n</annotation>
		<annotation source="MCS" anchor="derecho" bfScore="--" coherenceScore="--">bn:00067807n</annotation>
		<annotation source="MCS" anchor="prevalece" bfScore="--" coherenceScore="--">bn:00087151v</annotation>
		<annotation source="BABELFY" anchor="cerca" bfScore="0.9939759036144579" coherenceScore="0.06748466257668712">bn:00114747r</annotation>
		<annotation source="MCS" anchor="justo" bfScore="--" coherenceScore="--">bn:00102719a</annotation>
		<annotation source="MCS" anchor="sale" bfScore="--" coherenceScore="--">bn:00093238v</annotation>
		<annotation source="MCS" anchor="torcida" bfScore="--" coherenceScore="--">bn:00083404v</annotation>
		<annotation source="MCS" anchor="justicia" bfScore="--" coherenceScore="--">bn:00048668n</annotation>
		<annotation source="BABELFY" anchor="naciones" bfScore="0.8171382286400581" coherenceScore="0.6503067484662577">bn:00023236n</annotation>
		<annotation source="MCS" anchor="mirad" bfScore="--" coherenceScore="--">bn:00090448v</annotation>
		<annotation source="MCS" anchor="Queda" bfScore="--" coherenceScore="--">bn:00092757v</annotation>
		<annotation source="MCS" anchor="asombrados" bfScore="--" coherenceScore="--">bn:00082566v</annotation>
		<annotation source="MCS" anchor="atónitos" bfScore="--" coherenceScore="--">bn:00101888a</annotation>
		<annotation source="MCS" anchor="haré" bfScore="--" coherenceScore="--">bn:00087107v</annotation>
		<annotation source="MCS" anchor="días" bfScore="--" coherenceScore="--">bn:00000086n</annotation>
		<annotation source="MCS" anchor="contase" bfScore="--" coherenceScore="--">bn:00085859v</annotation>
		<annotation source="MCS" anchor="levanto" bfScore="--" coherenceScore="--">bn:00084110v</annotation>
		<annotation source="BABELFY" anchor="caldeos" bfScore="1.0" coherenceScore="0.1656441717791411">bn:00007678n</annotation>
		<annotation source="MCS" anchor="pueblo" bfScore="--" coherenceScore="--">bn:00021149n</annotation>
		<annotation source="MCS" anchor="furioso" bfScore="--" coherenceScore="--">bn:00097093a</annotation>
		<annotation source="MCS" anchor="impetuoso" bfScore="--" coherenceScore="--">bn:00104666a</annotation>
		<annotation source="MCS" anchor="marcha" bfScore="--" coherenceScore="--">bn:00053355n</annotation>
		<annotation source="MCS" anchor="anchura" bfScore="--" coherenceScore="--">bn:00013251n</annotation>
		<annotation source="MCS" anchor="tomar" bfScore="--" coherenceScore="--">bn:00088762v</annotation>
		<annotation source="BABELFY" anchor="posesión" bfScore="0.8502994011976048" coherenceScore="0.2331288343558282">bn:00059958n</annotation>
		<annotation source="MCS" anchor="lugares" bfScore="--" coherenceScore="--">bn:00062699n</annotation>
		<annotation source="MCS" anchor="habitados" bfScore="--" coherenceScore="--">bn:00083391v</annotation>
		<annotation source="MCS" anchor="pertenecen" bfScore="--" coherenceScore="--">bn:00082702v</annotation>
		<annotation source="MCS" anchor="temible" bfScore="--" coherenceScore="--">bn:00103237a</annotation>
		<annotation source="MCS" anchor="terrible" bfScore="--" coherenceScore="--">bn:00097890a</annotation>
		<annotation source="MCS" anchor="mismo" bfScore="--" coherenceScore="--">bn:00110076a</annotation>
		<annotation source="MCS" anchor="derivará" bfScore="--" coherenceScore="--">bn:00086654v</annotation>
		<annotation source="BABELFY" anchor="dignidad" bfScore="0.8393665158371041" coherenceScore="0.17177914110429449">bn:00027103n</annotation>
		<annotation source="BABELFY" anchor="caballos" bfScore="0.8353335193971533" coherenceScore="0.25153374233128833">bn:00031345n</annotation>
		<annotation source="MCS" anchor="serán" bfScore="--" coherenceScore="--">bn:00083187v</annotation>
		<annotation source="BABELFY" anchor="veloces" bfScore="0.8276699029126213" coherenceScore="0.13496932515337423">bn:00109438a</annotation>
		<annotation source="BABELFY" anchor="leopardos" bfScore="1.0" coherenceScore="0.07975460122699386">bn:00050713n</annotation>
		<annotation source="MCS" anchor="ágiles" bfScore="--" coherenceScore="--">bn:00096664a</annotation>
		<annotation source="MCS" anchor="lobos" bfScore="--" coherenceScore="--">bn:00015268n</annotation>
		<annotation source="MCS" anchor="jinetes" bfScore="--" coherenceScore="--">bn:00067757n</annotation>
		<annotation source="MCS" anchor="haciendo" bfScore="--" coherenceScore="--">bn:00087107v</annotation>
		<annotation source="MCS" anchor="Vendrán" bfScore="--" coherenceScore="--">bn:00082788v</annotation>
		<annotation source="BABELFY" anchor="lejos" bfScore="0.8235294117647058" coherenceScore="0.04294478527607362">bn:00114455r</annotation>
		<annotation source="MCS" anchor="volarán" bfScore="--" coherenceScore="--">bn:00088378v</annotation>
		<annotation source="BABELFY" anchor="águilas" bfScore="0.7118226600985221" coherenceScore="0.10429447852760736">bn:00010631n</annotation>
		<annotation source="MCS" anchor="apresuran" bfScore="--" coherenceScore="--">bn:00089532v</annotation>
		<annotation source="MCS" anchor="devorar" bfScore="--" coherenceScore="--">bn:00085688v</annotation>
		<annotation source="MCS" anchor="vendrá" bfScore="--" coherenceScore="--">bn:00082788v</annotation>
		<annotation source="MCS" anchor="hacer" bfScore="--" coherenceScore="--">bn:00087107v</annotation>
		<annotation source="MCS" anchor="rostros" bfScore="--" coherenceScore="--">bn:00032620n</annotation>
		<annotation source="MCS" anchor="dirigen" bfScore="--" coherenceScore="--">bn:00084792v</annotation>
		<annotation source="BABELFY" anchor="adelante" bfScore="1.0" coherenceScore="0.049079754601226995">bn:00115431r</annotation>
		<annotation source="MCS" anchor="reunirán" bfScore="--" coherenceScore="--">bn:00085289v</annotation>
		<annotation source="BABELFY" anchor="arena" bfScore="0.7378640776699029" coherenceScore="0.147239263803681">bn:00069126n</annotation>
		<annotation source="MCS" anchor="reyes" bfScore="--" coherenceScore="--">bn:00049141n</annotation>
		<annotation source="MCS" anchor="hará" bfScore="--" coherenceScore="--">bn:00087107v</annotation>
		<annotation source="MCS" anchor="burla" bfScore="--" coherenceScore="--">bn:00008494n</annotation>
		<annotation source="BABELFY" anchor="príncipes" bfScore="0.7407407407407407" coherenceScore="0.06134969325153374">bn:00064405n</annotation>
		<annotation source="BABELFY" anchor="fortificación" bfScore="0.7796610169491526" coherenceScore="0.0736196319018405">bn:00035991n</annotation>
		<annotation source="MCS" anchor="levantará" bfScore="--" coherenceScore="--">bn:00084110v</annotation>
		<annotation source="BABELFY" anchor="terraplenes" bfScore="1.0" coherenceScore="0.024539877300613498">bn:00030464n</annotation>
		<annotation source="MCS" anchor="tomará" bfScore="--" coherenceScore="--">bn:00088762v</annotation>
		<annotation source="MCS" anchor="Entonces" bfScore="--" coherenceScore="--">bn:00117250r</annotation>
		<annotation source="MCS" anchor="espíritu" bfScore="--" coherenceScore="--">bn:00033960n</annotation>
		<annotation source="MCS" anchor="pasará" bfScore="--" coherenceScore="--">bn:00091458v</annotation>
		<annotation source="MCS" anchor="acabará" bfScore="--" coherenceScore="--">bn:00088222v</annotation>
		<annotation source="MCS" anchor="devolverá" bfScore="--" coherenceScore="--">bn:00092791v</annotation>
		<annotation source="MCS" anchor="fuerza" bfScore="--" coherenceScore="--">bn:00035768n</annotation>
		<annotation source="MCS" anchor="Acaso" bfScore="--" coherenceScore="--">bn:00116211r</annotation>
		<annotation source="MCS" anchor="eres" bfScore="--" coherenceScore="--">bn:00083187v</annotation>
		<annotation source="MCS" anchor="principio" bfScore="--" coherenceScore="--">bn:00009633n</annotation>
		<annotation source="MCS" anchor="moriremos" bfScore="--" coherenceScore="--">bn:00084343v</annotation>
		<annotation source="MCS" anchor="juicio" bfScore="--" coherenceScore="--">bn:00048493n</annotation>
		<annotation source="MCS" anchor="pusiste" bfScore="--" coherenceScore="--">bn:00090224v</annotation>
		<annotation source="BABELFY" anchor="Roca" bfScore="0.7727272727272727" coherenceScore="0.1165644171779141">bn:00068046n</annotation>
		<annotation source="BABELFY" anchor="has" bfScore="0.784" coherenceScore="0.04294478527607362">bn:00083183v</annotation>
		<annotation source="MCS" anchor="establecido" bfScore="--" coherenceScore="--">bn:00085671v</annotation>
		<annotation source="MCS" anchor="castigar" bfScore="--" coherenceScore="--">bn:00084638v</annotation>
		<annotation source="BABELFY" anchor="demasiado" bfScore="1.0" coherenceScore="0.05521472392638037">bn:00115274r</annotation>
		<annotation source="MCS" anchor="limpio" bfScore="--" coherenceScore="--">bn:00099776a</annotation>
		<annotation source="MCS" anchor="mirar" bfScore="--" coherenceScore="--">bn:00090448v</annotation>
		<annotation source="MCS" anchor="mal" bfScore="--" coherenceScore="--">bn:00032048n</annotation>
		<annotation source="BABELFY" anchor="puedes" bfScore="1.0" coherenceScore="0.03680981595092025">bn:00084451v</annotation>
		<annotation source="BABELFY" anchor="agravio" bfScore="1.0" coherenceScore="0.13496932515337423">bn:00019379n</annotation>
		<annotation source="MCS" anchor="contemplas" bfScore="--" coherenceScore="--">bn:00088705v</annotation>
		<annotation source="MCS" anchor="traidores" bfScore="--" coherenceScore="--">bn:00010151n</annotation>
		<annotation source="MCS" anchor="callas" bfScore="--" coherenceScore="--">bn:00083206v</annotation>
		<annotation source="MCS" anchor="destruye" bfScore="--" coherenceScore="--">bn:00086699v</annotation>
		<annotation source="MCS" anchor="Permites" bfScore="--" coherenceScore="--">bn:00082537v</annotation>
		<annotation source="MCS" anchor="hombres" bfScore="--" coherenceScore="--">bn:00001533n</annotation>
		<annotation source="MCS" anchor="sean" bfScore="--" coherenceScore="--">bn:00083187v</annotation>
		<annotation source="BABELFY" anchor="peces" bfScore="0.8607551091098026" coherenceScore="0.2147239263803681">bn:00062612n</annotation>
		<annotation source="BABELFY" anchor="mar" bfScore="0.9791965566714491" coherenceScore="0.31901840490797545">bn:00069946n</annotation>
		<annotation source="BABELFY" anchor="reptiles" bfScore="0.9694085656016316" coherenceScore="0.1901840490797546">bn:00067220n</annotation>
		<annotation source="MCS" anchor="tienen" bfScore="--" coherenceScore="--">bn:00089385v</annotation>
		<annotation source="MCS" anchor="gobierne" bfScore="--" coherenceScore="--">bn:00088992v</annotation>
		<annotation source="MCS" anchor="saca" bfScore="--" coherenceScore="--">bn:00087237v</annotation>
		<annotation source="MCS" anchor="anzuelo" bfScore="--" coherenceScore="--">bn:00034860n</annotation>
		<annotation source="MCS" anchor="atrapa" bfScore="--" coherenceScore="--">bn:00087670v</annotation>
		<annotation source="MCS" anchor="red" bfScore="--" coherenceScore="--">bn:00057379n</annotation>
		<annotation source="MCS" anchor="junta" bfScore="--" coherenceScore="--">bn:00048644n</annotation>
		<annotation source="MCS" anchor="malla" bfScore="--" coherenceScore="--">bn:00017498n</annotation>
		<annotation source="MCS" anchor="alegra" bfScore="--" coherenceScore="--">bn:00084881v</annotation>
		<annotation source="MCS" anchor="regocija" bfScore="--" coherenceScore="--">bn:00088865v</annotation>
		<annotation source="MCS" anchor="rinde" bfScore="--" coherenceScore="--">bn:00088859v</annotation>
		<annotation source="MCS" anchor="sacrificios" bfScore="--" coherenceScore="--">bn:00067941n</annotation>
		<annotation source="BABELFY" anchor="ofrece" bfScore="0.7621247113163973" coherenceScore="0.09202453987730061">bn:00091136v</annotation>
		<annotation source="BABELFY" anchor="incienso" bfScore="0.7763401109057301" coherenceScore="0.12269938650306748">bn:00046267n</annotation>
		<annotation source="MCS" anchor="gracias" bfScore="--" coherenceScore="--">bn:00041227n</annotation>
		<annotation source="MCS" anchor="incrementa" bfScore="--" coherenceScore="--">bn:00089667v</annotation>
		<annotation source="MCS" anchor="porción" bfScore="--" coherenceScore="--">bn:00062302n</annotation>
		<annotation source="MCS" anchor="hace" bfScore="--" coherenceScore="--">bn:00087107v</annotation>
		<annotation source="MCS" anchor="suculenta" bfScore="--" coherenceScore="--">bn:00101116a</annotation>
		<annotation source="MCS" anchor="comida" bfScore="--" coherenceScore="--">bn:00053993n</annotation>
		<annotation source="MCS" anchor="sigue" bfScore="--" coherenceScore="--">bn:00088421v</annotation>
		<annotation source="MCS" anchor="vaciando" bfScore="--" coherenceScore="--">bn:00087579v</annotation>
		<annotation source="BABELFY" anchor="volver" bfScore="0.9181871689228959" coherenceScore="0.18404907975460122">bn:00088736v</annotation>
		<annotation source="MCS" anchor="matar" bfScore="--" coherenceScore="--">bn:00090098v</annotation>
		<annotation source="BABELFY" anchor="continuamente" bfScore="1.0" coherenceScore="0.006134969325153374">bn:00114838r</annotation>
		<annotation source="MCS" anchor="piedad" bfScore="--" coherenceScore="--">bn:00062335n</annotation>
	</annotations>
</paragraph>
<paragraph id="p.2">
	<text>
		En mi guardia estaré de pie y sobre la fortaleza estaré firme . Vigilaré para ver qué dirá y qué tiene que responder a mi queja
		Entonces Jehovah me respondió diciendo : - - Escribe la visión y grábala claramente en tablas , para que corra el que las lea
		Aunque por un tiempo la visión tarde en cumplirse , al fin ella hablará y no defraudará . Aunque tarde , espéralo ; pues sin duda vendrá y no tardará
		He aquí , aquel cuya alma no es recta dentro de sí está envanecido , pero el justo por su fe vivirá
		Y aunque el traidor se enriquezca , no prosperará el hombre arrogante . Ensanchará su garganta como el Seol ; será como la muerte y no se saciará . Reúne hacia él todas las naciones ; congrega hacia él todos los pueblos
		Pero , ¿ no han de levantar todos éstos la voz contra él con refranes y sarcasmos ? Le dirán : &amp;quot; ¡ Ay del que multiplica lo que no es suyo ! ¿ Hasta cuándo ha de amontonar sobre sí las prendas empeñadas ?
		¿ No se habrán de levantar súbitamente tus acreedores , y se despertarán los que te opriman , y serás para ellos objeto de rapiña
		Porque has despojado a muchas naciones , todos los demás pueblos te despojarán a ti , a causa de la sangre humana y de la violencia hecha a la tierra , a las ciudades y a todos los que habitaban en ellas
		¡ Ay del que codicia injusta ganancia para su casa , poniendo en alto su nido para escaparse de mano de la calamidad
		Has tomado consejo vergonzoso para tu casa ; has arruinado a muchos pueblos y has corrompido tu vida
		Por eso la piedra clamará desde el muro , y la viga del enmaderado le responderá
		¡ Ay del que edifica la ciudad con sangre , y del que establece la aldea con iniquidad
		¿ Acaso esto no proviene de Jehovah de los Ejércitos ? Los pueblos habrán trabajado para el fuego , y las naciones se habrán fatigado para nada
		Porque la tierra estará llena del conocimiento de la gloria de Jehovah , como las aguas cubren el mar
		¡ Ay del que da de beber a su compañero del cáliz de su ira , y lo embriaga para mirar su desnudez
		Te has llenado de deshonra más que de honra ; bebe tú también y atúrdete . La copa que está en la mano derecha de Jehovah se volverá contra ti , y la desgracia caerá sobre tu gloria
		Porque sobre ti caerá la violencia hecha al Líbano , y el despojo de las fieras te abatirá , a causa de la sangre humana y de la violencia hecha a la tierra , a las ciudades y a todos los que habitaban en ellas
		¿ De qué sirve la escultura que talla el escultor ? ¿ De qué sirve la imagen de fundición , si es maestra de engaño para que el escultor confíe en su obra , haciendo ídolos mudos
		Ay del que dice al palo : &amp;quot; ¡ Despiértate ! &amp;quot; , y a la piedra muda : &amp;quot; ¡ Levántate ! &amp;quot; ¿ Podrá él enseñar ? He aquí que está cubierto de oro y de plata ; no hay espíritu dentro de él
		Pero Jehovah está en su santo templo : ¡ Calle delante de él toda la tierra
	</text>
	<annotations>
		<annotation source="MCS" anchor="guardia" bfScore="--" coherenceScore="--">bn:00042065n</annotation>
		<annotation source="MCS" anchor="pie" bfScore="--" coherenceScore="--">bn:00035680n</annotation>
		<annotation source="MCS" anchor="fortaleza" bfScore="--" coherenceScore="--">bn:00035975n</annotation>
		<annotation source="MCS" anchor="firme" bfScore="--" coherenceScore="--">bn:00102999a</annotation>
		<annotation source="MCS" anchor="Vigilaré" bfScore="--" coherenceScore="--">bn:00090464v</annotation>
		<annotation source="MCS" anchor="ver" bfScore="--" coherenceScore="--">bn:00093430v</annotation>
		<annotation source="MCS" anchor="dirá" bfScore="--" coherenceScore="--">bn:00093287v</annotation>
		<annotation source="MCS" anchor="tiene" bfScore="--" coherenceScore="--">bn:00089385v</annotation>
		<annotation source="MCS" anchor="responder" bfScore="--" coherenceScore="--">bn:00092421v</annotation>
		<annotation source="MCS" anchor="responder a" bfScore="--" coherenceScore="--">bn:13634533v</annotation>
		<annotation source="BABELFY" anchor="Entonces" bfScore="1.0" coherenceScore="0.004784688995215311">bn:00114281r</annotation>
		<annotation source="BABELFY" anchor="Jehovah" bfScore="1.0" coherenceScore="0.1291866028708134">bn:00047890n</annotation>
		<annotation source="MCS" anchor="respondió" bfScore="--" coherenceScore="--">bn:00092421v</annotation>
		<annotation source="MCS" anchor="diciendo" bfScore="--" coherenceScore="--">bn:00093287v</annotation>
		<annotation source="MCS" anchor="Escribe" bfScore="--" coherenceScore="--">bn:00092123v</annotation>
		<annotation source="MCS" anchor="visión" bfScore="--" coherenceScore="--">bn:00080106n</annotation>
		<annotation source="MCS" anchor="graba" bfScore="--" coherenceScore="--">bn:00084833v</annotation>
		<annotation source="MCS" anchor="claramente" bfScore="--" coherenceScore="--">bn:00114742r</annotation>
		<annotation source="MCS" anchor="tablas" bfScore="--" coherenceScore="--">bn:00075812n</annotation>
		<annotation source="MCS" anchor="corra" bfScore="--" coherenceScore="--">bn:00093170v</annotation>
		<annotation source="MCS" anchor="lea" bfScore="--" coherenceScore="--">bn:00092426v</annotation>
		<annotation source="BABELFY" anchor="tiempo" bfScore="0.7325238629983155" coherenceScore="0.3397129186602871">bn:00077270n</annotation>
		<annotation source="MCS" anchor="tarde" bfScore="--" coherenceScore="--">bn:00114519r</annotation>
		<annotation source="MCS" anchor="cumplir" bfScore="--" coherenceScore="--">bn:00082225v</annotation>
		<annotation source="MCS" anchor="fin" bfScore="--" coherenceScore="--">bn:00025588n</annotation>
		<annotation source="MCS" anchor="hablará" bfScore="--" coherenceScore="--">bn:00094090v</annotation>
		<annotation source="MCS" anchor="defraudará" bfScore="--" coherenceScore="--">bn:00084240v</annotation>
		<annotation source="MCS" anchor="espera" bfScore="--" coherenceScore="--">bn:00089401v</annotation>
		<annotation source="BABELFY" anchor="duda" bfScore="0.8197633959638135" coherenceScore="0.14832535885167464">bn:00028425n</annotation>
		<annotation source="MCS" anchor="vendrá" bfScore="--" coherenceScore="--">bn:00082788v</annotation>
		<annotation source="MCS" anchor="tardará" bfScore="--" coherenceScore="--">bn:00090383v</annotation>
		<annotation source="MCS" anchor="aquí" bfScore="--" coherenceScore="--">bn:00115641r</annotation>
		<annotation source="MCS" anchor="alma" bfScore="--" coherenceScore="--">bn:00065006n</annotation>
		<annotation source="MCS" anchor="es" bfScore="--" coherenceScore="--">bn:00083187v</annotation>
		<annotation source="MCS" anchor="recta" bfScore="--" coherenceScore="--">bn:00111262a</annotation>
		<annotation source="BABELFY" anchor="dentro" bfScore="1.0" coherenceScore="0.07655502392344497">bn:00115906r</annotation>
		<annotation source="MCS" anchor="justo" bfScore="--" coherenceScore="--">bn:00102719a</annotation>
		<annotation source="BABELFY" anchor="fe" bfScore="0.8327257742416078" coherenceScore="0.7081339712918661">bn:00032768n</annotation>
		<annotation source="MCS" anchor="vivirá" bfScore="--" coherenceScore="--">bn:00087617v</annotation>
		<annotation source="MCS" anchor="traidor" bfScore="--" coherenceScore="--">bn:00010151n</annotation>
		<annotation source="MCS" anchor="enriquezca" bfScore="--" coherenceScore="--">bn:00087658v</annotation>
		<annotation source="BABELFY" anchor="prosperará" bfScore="0.9" coherenceScore="0.014354066985645933">bn:00088347v</annotation>
		<annotation source="MCS" anchor="hombre" bfScore="--" coherenceScore="--">bn:00001533n</annotation>
		<annotation source="MCS" anchor="arrogante" bfScore="--" coherenceScore="--">bn:00101507a</annotation>
		<annotation source="MCS" anchor="garganta" bfScore="--" coherenceScore="--">bn:00061897n</annotation>
		<annotation source="MCS" anchor="será" bfScore="--" coherenceScore="--">bn:00083187v</annotation>
		<annotation source="BABELFY" anchor="muerte" bfScore="0.8895005898545025" coherenceScore="0.4354066985645933">bn:00025582n</annotation>
		<annotation source="MCS" anchor="Reúne" bfScore="--" coherenceScore="--">bn:00085289v</annotation>
		<annotation source="BABELFY" anchor="naciones" bfScore="0.7847168538956233" coherenceScore="0.6220095693779905">bn:00023236n</annotation>
		<annotation source="MCS" anchor="pueblos" bfScore="--" coherenceScore="--">bn:00021149n</annotation>
		<annotation source="MCS" anchor="han" bfScore="--" coherenceScore="--">bn:00083184v</annotation>
		<annotation source="MCS" anchor="levantar" bfScore="--" coherenceScore="--">bn:00084110v</annotation>
		<annotation source="MCS" anchor="voz" bfScore="--" coherenceScore="--">bn:00080185n</annotation>
		<annotation source="BABELFY" anchor="refranes" bfScore="1.0" coherenceScore="0.215311004784689">bn:00001236n</annotation>
		<annotation source="MCS" anchor="dirán" bfScore="--" coherenceScore="--">bn:00093287v</annotation>
		<annotation source="BABELFY" anchor="Ay" bfScore="0.7194244604316546" coherenceScore="0.04784688995215311">bn:01159857n</annotation>
		<annotation source="BABELFY" anchor="multiplica" bfScore="1.0" coherenceScore="0.019138755980861243">bn:00090631v</annotation>
		<annotation source="MCS" anchor="ha" bfScore="--" coherenceScore="--">bn:00083184v</annotation>
		<annotation source="MCS" anchor="amontonar" bfScore="--" coherenceScore="--">bn:00087069v</annotation>
		<annotation source="MCS" anchor="prendas" bfScore="--" coherenceScore="--">bn:00037352n</annotation>
		<annotation source="BABELFY" anchor="empeñadas" bfScore="1.0" coherenceScore="0.0861244019138756">bn:00089376v</annotation>
		<annotation source="MCS" anchor="habrán" bfScore="--" coherenceScore="--">bn:00083184v</annotation>
		<annotation source="MCS" anchor="súbitamente" bfScore="--" coherenceScore="--">bn:00114089r</annotation>
		<annotation source="MCS" anchor="acreedores" bfScore="--" coherenceScore="--">bn:00023682n</annotation>
		<annotation source="MCS" anchor="despertarán" bfScore="--" coherenceScore="--">bn:00082769v</annotation>
		<annotation source="MCS" anchor="serás" bfScore="--" coherenceScore="--">bn:00083187v</annotation>
		<annotation source="BABELFY" anchor="objeto" bfScore="0.7346030175612169" coherenceScore="0.215311004784689">bn:00058442n</annotation>
		<annotation source="MCS" anchor="rapiña" bfScore="--" coherenceScore="--">bn:00066177n</annotation>
		<annotation source="MCS" anchor="has" bfScore="--" coherenceScore="--">bn:00083184v</annotation>
		<annotation source="MCS" anchor="despojado" bfScore="--" coherenceScore="--">bn:00086690v</annotation>
		<annotation source="MCS" anchor="causa" bfScore="--" coherenceScore="--">bn:00015051n</annotation>
		<annotation source="BABELFY" anchor="sangre" bfScore="0.7001587989028439" coherenceScore="0.23923444976076555">bn:00011346n</annotation>
		<annotation source="BABELFY" anchor="sangre humana" bfScore="1.0" coherenceScore="0.24401913875598086">bn:00011346n</annotation>
		<annotation source="MCS" anchor="humana" bfScore="--" coherenceScore="--">bn:00104384a</annotation>
		<annotation source="BABELFY" anchor="violencia" bfScore="0.9922247303737146" coherenceScore="0.22009569377990432">bn:00035772n</annotation>
		<annotation source="MCS" anchor="hecha" bfScore="--" coherenceScore="--">bn:00087107v</annotation>
		<annotation source="BABELFY" anchor="ciudades" bfScore="0.8151046297942972" coherenceScore="0.4784688995215311">bn:03335997n</annotation>
		<annotation source="MCS" anchor="habitaban" bfScore="--" coherenceScore="--">bn:00083391v</annotation>
		<annotation source="MCS" anchor="injusta" bfScore="--" coherenceScore="--">bn:00113959a</annotation>
		<annotation source="MCS" anchor="ganancia" bfScore="--" coherenceScore="--">bn:00003664n</annotation>
		<annotation source="MCS" anchor="casa" bfScore="--" coherenceScore="--">bn:00044994n</annotation>
		<annotation source="MCS" anchor="poniendo" bfScore="--" coherenceScore="--">bn:00090224v</annotation>
		<annotation source="MCS" anchor="alto" bfScore="--" coherenceScore="--">bn:00111630a</annotation>
		<annotation source="BABELFY" anchor="nido" bfScore="0.8510405257393209" coherenceScore="0.10047846889952153">bn:00057353n</annotation>
		<annotation source="MCS" anchor="escapar" bfScore="--" coherenceScore="--">bn:00083978v</annotation>
		<annotation source="BABELFY" anchor="mano" bfScore="0.8502415458937198" coherenceScore="0.2631578947368421">bn:00042759n</annotation>
		<annotation source="BABELFY" anchor="calamidad" bfScore="1.0" coherenceScore="0.17703349282296652">bn:00014640n</annotation>
		<annotation source="MCS" anchor="tomado" bfScore="--" coherenceScore="--">bn:00088762v</annotation>
		<annotation source="MCS" anchor="consejo" bfScore="--" coherenceScore="--">bn:00001592n</annotation>
		<annotation source="BABELFY" anchor="vergonzoso" bfScore="0.8018867924528302" coherenceScore="0.07177033492822966">bn:00098491a</annotation>
		<annotation source="MCS" anchor="arruinado" bfScore="--" coherenceScore="--">bn:00083055v</annotation>
		<annotation source="BABELFY" anchor="corrompido" bfScore="1.0" coherenceScore="0.03827751196172249">bn:00085844v</annotation>
		<annotation source="BABELFY" anchor="vida" bfScore="0.8579706975727094" coherenceScore="0.2822966507177033">bn:00051054n</annotation>
		<annotation source="MCS" anchor="piedra" bfScore="--" coherenceScore="--">bn:00074410n</annotation>
		<annotation source="MCS" anchor="viga" bfScore="--" coherenceScore="--">bn:00040533n</annotation>
		<annotation source="BABELFY" anchor="enmaderado" bfScore="1.0" coherenceScore="0.06220095693779904">bn:00024992n</annotation>
		<annotation source="MCS" anchor="responderá" bfScore="--" coherenceScore="--">bn:00092421v</annotation>
		<annotation source="BABELFY" anchor="edifica" bfScore="1.0" coherenceScore="0.1722488038277512">bn:00084198v</annotation>
		<annotation source="BABELFY" anchor="ciudad" bfScore="0.8151046297942972" coherenceScore="0.4784688995215311">bn:03335997n</annotation>
		<annotation source="MCS" anchor="establece" bfScore="--" coherenceScore="--">bn:00085671v</annotation>
		<annotation source="MCS" anchor="aldea" bfScore="--" coherenceScore="--">bn:00024016n</annotation>
		<annotation source="MCS" anchor="iniquidad" bfScore="--" coherenceScore="--">bn:00025234n</annotation>
		<annotation source="BABELFY" anchor="Acaso" bfScore="1.0" coherenceScore="0.004784688995215311">bn:00116211r</annotation>
		<annotation source="BABELFY" anchor="proviene" bfScore="0.9972602739726028" coherenceScore="0.06698564593301436">bn:00085333v</annotation>
		<annotation source="MCS" anchor="Ejércitos" bfScore="--" coherenceScore="--">bn:00005803n</annotation>
		<annotation source="MCS" anchor="trabajado" bfScore="--" coherenceScore="--">bn:00095812v</annotation>
		<annotation source="MCS" anchor="fuego" bfScore="--" coherenceScore="--">bn:00034623n</annotation>
		<annotation source="MCS" anchor="fatigado" bfScore="--" coherenceScore="--">bn:00083801v</annotation>
		<annotation source="MCS" anchor="llena" bfScore="--" coherenceScore="--">bn:00103391a</annotation>
		<annotation source="MCS" anchor="conocimiento" bfScore="--" coherenceScore="--">bn:00020452n</annotation>
		<annotation source="MCS" anchor="gloria" bfScore="--" coherenceScore="--">bn:00040711n</annotation>
		<annotation source="BABELFY" anchor="aguas" bfScore="0.8887402766534089" coherenceScore="0.48325358851674644">bn:00042379n</annotation>
		<annotation source="MCS" anchor="cubren" bfScore="--" coherenceScore="--">bn:00085904v</annotation>
		<annotation source="BABELFY" anchor="mar" bfScore="0.926119961509676" coherenceScore="0.291866028708134">bn:00069946n</annotation>
		<annotation source="MCS" anchor="da" bfScore="--" coherenceScore="--">bn:00088815v</annotation>
		<annotation source="MCS" anchor="beber" bfScore="--" coherenceScore="--">bn:00087321v</annotation>
		<annotation source="MCS" anchor="compañero" bfScore="--" coherenceScore="--">bn:00006532n</annotation>
		<annotation source="MCS" anchor="cáliz" bfScore="--" coherenceScore="--">bn:00017545n</annotation>
		<annotation source="MCS" anchor="ira" bfScore="--" coherenceScore="--">bn:00004085n</annotation>
		<annotation source="MCS" anchor="mirar" bfScore="--" coherenceScore="--">bn:00090448v</annotation>
		<annotation source="BABELFY" anchor="desnudez" bfScore="0.9054910242872228" coherenceScore="0.1674641148325359">bn:00056748n</annotation>
		<annotation source="BABELFY" anchor="llenado" bfScore="0.7807339449541284" coherenceScore="0.11004784688995216">bn:00088177v</annotation>
		<annotation source="MCS" anchor="deshonra" bfScore="--" coherenceScore="--">bn:00009615n</annotation>
		<annotation source="BABELFY" anchor="honra" bfScore="1.0" coherenceScore="0.1722488038277512">bn:00044654n</annotation>
		<annotation source="MCS" anchor="bebe" bfScore="--" coherenceScore="--">bn:00087321v</annotation>
		<annotation source="MCS" anchor="copa" bfScore="--" coherenceScore="--">bn:00012771n</annotation>
		<annotation source="BABELFY" anchor="mano derecha" bfScore="0.9363694403064482" coherenceScore="0.2631578947368421">bn:00042759n</annotation>
		<annotation source="MCS" anchor="derecha" bfScore="--" coherenceScore="--">bn:00109848a</annotation>
		<annotation source="BABELFY" anchor="volverá" bfScore="0.9682539682539683" coherenceScore="0.18181818181818182">bn:00088736v</annotation>
		<annotation source="MCS" anchor="desgracia" bfScore="--" coherenceScore="--">bn:00007884n</annotation>
		<annotation source="MCS" anchor="caerá" bfScore="--" coherenceScore="--">bn:00087976v</annotation>
		<annotation source="BABELFY" anchor="Líbano" bfScore="0.8015717092337917" coherenceScore="0.14354066985645933">bn:00050469n</annotation>
		<annotation source="BABELFY" anchor="despojo" bfScore="1.0" coherenceScore="0.03827751196172249">bn:00026589n</annotation>
		<annotation source="BABELFY" anchor="fieras" bfScore="1.0" coherenceScore="0.023923444976076555">bn:02354612n</annotation>
		<annotation source="MCS" anchor="sirve" bfScore="--" coherenceScore="--">bn:00089309v</annotation>
		<annotation source="BABELFY" anchor="escultura" bfScore="0.9303380049464138" coherenceScore="0.291866028708134">bn:00069924n</annotation>
		<annotation source="MCS" anchor="talla" bfScore="--" coherenceScore="--">bn:00084607v</annotation>
		<annotation source="MCS" anchor="escultor" bfScore="--" coherenceScore="--">bn:00016356n</annotation>
		<annotation source="MCS" anchor="imagen" bfScore="--" coherenceScore="--">bn:00045772n</annotation>
		<annotation source="MCS" anchor="fundición" bfScore="--" coherenceScore="--">bn:00036073n</annotation>
		<annotation source="MCS" anchor="engaño" bfScore="--" coherenceScore="--">bn:00023504n</annotation>
		<annotation source="MCS" anchor="confíe" bfScore="--" coherenceScore="--">bn:00083095v</annotation>
		<annotation source="MCS" anchor="obra" bfScore="--" coherenceScore="--">bn:00011767n</annotation>
		<annotation source="MCS" anchor="haciendo" bfScore="--" coherenceScore="--">bn:00087107v</annotation>
		<annotation source="MCS" anchor="ídolos" bfScore="--" coherenceScore="--">bn:03084163n</annotation>
		<annotation source="MCS" anchor="mudos" bfScore="--" coherenceScore="--">bn:00101886a</annotation>
		<annotation source="MCS" anchor="dice" bfScore="--" coherenceScore="--">bn:00093287v</annotation>
		<annotation source="MCS" anchor="palo" bfScore="--" coherenceScore="--">bn:00075106n</annotation>
		<annotation source="MCS" anchor="Despierta" bfScore="--" coherenceScore="--">bn:00082769v</annotation>
		<annotation source="MCS" anchor="muda" bfScore="--" coherenceScore="--">bn:00084631v</annotation>
		<annotation source="MCS" anchor="Levanta" bfScore="--" coherenceScore="--">bn:00084110v</annotation>
		<annotation source="BABELFY" anchor="Podrá" bfScore="1.0" coherenceScore="0.028708133971291867">bn:00084451v</annotation>
		<annotation source="MCS" anchor="enseñar" bfScore="--" coherenceScore="--">bn:00089791v</annotation>
		<annotation source="MCS" anchor="He" bfScore="--" coherenceScore="--">bn:00083184v</annotation>
		<annotation source="MCS" anchor="cubierto" bfScore="--" coherenceScore="--">bn:00085904v</annotation>
		<annotation source="MCS" anchor="oro" bfScore="--" coherenceScore="--">bn:00040921n</annotation>
		<annotation source="MCS" anchor="plata" bfScore="--" coherenceScore="--">bn:00001887n</annotation>
		<annotation source="MCS" anchor="hay" bfScore="--" coherenceScore="--">bn:00083184v</annotation>
		<annotation source="MCS" anchor="espíritu" bfScore="--" coherenceScore="--">bn:00033960n</annotation>
		<annotation source="MCS" anchor="santo" bfScore="--" coherenceScore="--">bn:00097090a</annotation>
		<annotation source="MCS" anchor="templo" bfScore="--" coherenceScore="--">bn:00076465n</annotation>
		<annotation source="MCS" anchor="Calle" bfScore="--" coherenceScore="--">bn:00074595n</annotation>
		<annotation source="BABELFY" anchor="delante" bfScore="1.0" coherenceScore="0.014354066985645933">bn:00114182r</annotation>
	</annotations>
</paragraph>
<paragraph id="p.3">
	<text>
		Oración del profeta Habacuc . Sobre Sigionot
		Oh Jehovah , he oído tu fama ; he considerado tu obra , oh Jehovah . ¡ Avívala en medio de los tiempos ; en medio de los tiempos hazla conocer ! En medio de la ira acuérdate de tener misericordia
		Dios viene desde Temán ; y el Santo , de los montes de Parán . ( Selah ) Su esplendor cubre los cielos , y la tierra se llena de su alabanza
		Tiene un resplandor como de luz ; rayos brillantes salen de sus manos , y allí se oculta su poderío
		La mortandad va delante de él , y de sus pies salen llamaradas
		Se detiene y hace temblar la tierra ; mira y estremece a las naciones . Se desmoronan los montes sempiternos ; las antiguas colinas se postran ante él . ¡ Sus caminos son eternos
		He visto en aflicción las tiendas de Cusán ; temblaban las moradas de la tierra de Madián
		¿ Es que te has airado , oh Jehovah , contra los ríos ? ¿ Se ha encendido contra los ríos tu enojo ? ¿ Fue dirigida tu ira contra el mar , cuando subiste sobre tus caballos y sobre tus carros de victoria
		Has desnudado completamente tu arco ; has provisto en abundancia las flechas de tu palabra . ( Selah ) Hendiste la tierra con ríos
		Te vieron las montañas y temblaron ; pasó la inundación de las aguas . El abismo dio su voz ; levantó en alto sus manos
		El sol y la luna se detuvieron en su cenit . Anduvieron a la luz de tus flechas y al resplandor del brillo de tu lanza
		Con ira pisoteaste la tierra ; con furor trillaste las naciones
		Saliste para librar a tu pueblo , para salvar a tu ungido . Destrozaste el techo de la casa del impío ; desnudaste el cimiento hasta la roca . ( Selah
		Horadaste con tus flechas la cabeza de los que me dispersaron , de los que acometieron para dispersarme , de los que se regocijan en devorar encubiertamente al pobre
		Marchaste en el mar con tus caballos , en medio de la espuma de muchas aguas
		Oí , y se estremecieron mis entrañas . Ante esa voz titubearon mis labios ; penetró podredumbre en mis huesos , y se estremecieron mis piernas . Gimo por el día de la angustia , cuando suba contra el pueblo el que nos invadirá con sus tropas
		Aunque la higuera no florezca ni en las vides haya fruto , aunque falle el producto del olivo y los campos no produzcan alimento , aunque se acaben las ovejas del redil y no haya vacas en los establos
		con todo , yo me alegraré en Jehovah y me gozaré en el Dios de mi salvación
		¡ Jehovah , el Señor , es mi fortaleza ! Él hará mis pies como de venados y me hará andar sobre las alturas . Al director del coro , con mis instrumentos de cuerda
	</text>
	<annotations>
		<annotation source="BABELFY" anchor="Oración" bfScore="0.7423693740300051" coherenceScore="0.21578947368421053">bn:00059529n</annotation>
		<annotation source="BABELFY" anchor="profeta" bfScore="0.9985013113525665" coherenceScore="0.21578947368421053">bn:00064759n</annotation>
		<annotation source="BABELFY" anchor="profeta Habacuc" bfScore="1.0" coherenceScore="0.03684210526315789">bn:02894518n</annotation>
		<annotation source="BABELFY" anchor="Habacuc" bfScore="0.935064935064935" coherenceScore="0.15789473684210525">bn:00012085n</annotation>
		<annotation source="BABELFY" anchor="Jehovah" bfScore="1.0" coherenceScore="0.2">bn:00047890n</annotation>
		<annotation source="MCS" anchor="he" bfScore="--" coherenceScore="--">bn:00083184v</annotation>
		<annotation source="BABELFY" anchor="oído" bfScore="0.8739495798319328" coherenceScore="0.042105263157894736">bn:00089277v</annotation>
		<annotation source="MCS" anchor="fama" bfScore="--" coherenceScore="--">bn:00016991n</annotation>
		<annotation source="MCS" anchor="considerado" bfScore="--" coherenceScore="--">bn:00085651v</annotation>
		<annotation source="MCS" anchor="obra" bfScore="--" coherenceScore="--">bn:00011767n</annotation>
		<annotation source="BABELFY" anchor="Aviva" bfScore="0.8" coherenceScore="0.010526315789473684">bn:00082627v</annotation>
		<annotation source="MCS" anchor="medio" bfScore="--" coherenceScore="--">bn:00054149n</annotation>
		<annotation source="MCS" anchor="tiempos" bfScore="--" coherenceScore="--">bn:00077270n</annotation>
		<annotation source="MCS" anchor="haz" bfScore="--" coherenceScore="--">bn:00009313n</annotation>
		<annotation source="MCS" anchor="conocer" bfScore="--" coherenceScore="--">bn:00090725v</annotation>
		<annotation source="MCS" anchor="ira" bfScore="--" coherenceScore="--">bn:00004085n</annotation>
		<annotation source="MCS" anchor="acuerda" bfScore="--" coherenceScore="--">bn:00086716v</annotation>
		<annotation source="MCS" anchor="tener" bfScore="--" coherenceScore="--">bn:00089385v</annotation>
		<annotation source="BABELFY" anchor="misericordia" bfScore="0.9633507853403142" coherenceScore="0.12105263157894737">bn:00019708n</annotation>
		<annotation source="MCS" anchor="viene" bfScore="--" coherenceScore="--">bn:00082788v</annotation>
		<annotation source="MCS" anchor="Santo" bfScore="--" coherenceScore="--">bn:00053896n</annotation>
		<annotation source="MCS" anchor="montes" bfScore="--" coherenceScore="--">bn:00036086n</annotation>
		<annotation source="MCS" anchor="esplendor" bfScore="--" coherenceScore="--">bn:13765695n</annotation>
		<annotation source="MCS" anchor="cubre" bfScore="--" coherenceScore="--">bn:00085904v</annotation>
		<annotation source="MCS" anchor="cielos" bfScore="--" coherenceScore="--">bn:00072016n</annotation>
		<annotation source="BABELFY" anchor="llena" bfScore="0.73828125" coherenceScore="0.07368421052631578">bn:00088177v</annotation>
		<annotation source="BABELFY" anchor="alabanza" bfScore="0.7247956403269755" coherenceScore="0.1">bn:01193643n</annotation>
		<annotation source="MCS" anchor="Tiene" bfScore="--" coherenceScore="--">bn:00089385v</annotation>
		<annotation source="MCS" anchor="resplandor" bfScore="--" coherenceScore="--">bn:00040714n</annotation>
		<annotation source="BABELFY" anchor="luz" bfScore="0.9167226326393553" coherenceScore="0.4105263157894737">bn:00051108n</annotation>
		<annotation source="MCS" anchor="rayos" bfScore="--" coherenceScore="--">bn:00011897n</annotation>
		<annotation source="MCS" anchor="brillantes" bfScore="--" coherenceScore="--">bn:00098870a</annotation>
		<annotation source="BABELFY" anchor="manos" bfScore="0.7360108917631042" coherenceScore="0.2789473684210526">bn:00042759n</annotation>
		<annotation source="BABELFY" anchor="allí" bfScore="1.0" coherenceScore="0.08421052631578947">bn:00114427r</annotation>
		<annotation source="MCS" anchor="oculta" bfScore="--" coherenceScore="--">bn:00083292v</annotation>
		<annotation source="MCS" anchor="va" bfScore="--" coherenceScore="--">bn:00088912v</annotation>
		<annotation source="MCS" anchor="delante" bfScore="--" coherenceScore="--">bn:00114182r</annotation>
		<annotation source="MCS" anchor="pies" bfScore="--" coherenceScore="--">bn:00035680n</annotation>
		<annotation source="MCS" anchor="llamaradas" bfScore="--" coherenceScore="--">bn:02694110n</annotation>
		<annotation source="MCS" anchor="detiene" bfScore="--" coherenceScore="--">bn:00083623v</annotation>
		<annotation source="BABELFY" anchor="hace" bfScore="0.7246879334257975" coherenceScore="0.2">bn:00086008v</annotation>
		<annotation source="MCS" anchor="temblar" bfScore="--" coherenceScore="--">bn:00093639v</annotation>
		<annotation source="MCS" anchor="mira" bfScore="--" coherenceScore="--">bn:00090448v</annotation>
		<annotation source="MCS" anchor="estremece" bfScore="--" coherenceScore="--">bn:00094929v</annotation>
		<annotation source="BABELFY" anchor="naciones" bfScore="0.8165361832567002" coherenceScore="0.6736842105263158">bn:00023236n</annotation>
		<annotation source="MCS" anchor="antiguas" bfScore="--" coherenceScore="--">bn:00097066a</annotation>
		<annotation source="MCS" anchor="colinas" bfScore="--" coherenceScore="--">bn:00044141n</annotation>
		<annotation source="MCS" anchor="caminos" bfScore="--" coherenceScore="--">bn:00080721n</annotation>
		<annotation source="MCS" anchor="son" bfScore="--" coherenceScore="--">bn:00083187v</annotation>
		<annotation source="BABELFY" anchor="eternos" bfScore="0.9615384615384616" coherenceScore="0.02631578947368421">bn:00096136a</annotation>
		<annotation source="MCS" anchor="visto" bfScore="--" coherenceScore="--">bn:00093430v</annotation>
		<annotation source="BABELFY" anchor="aflicción" bfScore="0.9863013698630136" coherenceScore="0.042105263157894736">bn:00001782n</annotation>
		<annotation source="MCS" anchor="tiendas" bfScore="--" coherenceScore="--">bn:00071215n</annotation>
		<annotation source="MCS" anchor="temblaban" bfScore="--" coherenceScore="--">bn:00093639v</annotation>
		<annotation source="BABELFY" anchor="Madián" bfScore="0.8252427184466019" coherenceScore="0.05263157894736842">bn:02517397n</annotation>
		<annotation source="MCS" anchor="Es" bfScore="--" coherenceScore="--">bn:00083187v</annotation>
		<annotation source="MCS" anchor="has" bfScore="--" coherenceScore="--">bn:00083184v</annotation>
		<annotation source="BABELFY" anchor="ríos" bfScore="0.9158973613433161" coherenceScore="0.37894736842105264">bn:00067948n</annotation>
		<annotation source="MCS" anchor="ha" bfScore="--" coherenceScore="--">bn:00083184v</annotation>
		<annotation source="BABELFY" anchor="encendido" bfScore="0.7326007326007326" coherenceScore="0.10526315789473684">bn:00045883n</annotation>
		<annotation source="MCS" anchor="enojo" bfScore="--" coherenceScore="--">bn:00029043n</annotation>
		<annotation source="MCS" anchor="Fue" bfScore="--" coherenceScore="--">bn:00083187v</annotation>
		<annotation source="MCS" anchor="dirigida" bfScore="--" coherenceScore="--">bn:00084792v</annotation>
		<annotation source="BABELFY" anchor="mar" bfScore="0.9490048960386597" coherenceScore="0.39473684210526316">bn:00069946n</annotation>
		<annotation source="BABELFY" anchor="caballos" bfScore="0.8879762073360714" coherenceScore="0.4">bn:00031345n</annotation>
		<annotation source="MCS" anchor="carros" bfScore="--" coherenceScore="--">bn:00080322n</annotation>
		<annotation source="MCS" anchor="victoria" bfScore="--" coherenceScore="--">bn:00078365n</annotation>
		<annotation source="MCS" anchor="desnudado" bfScore="--" coherenceScore="--">bn:00086903v</annotation>
		<annotation source="MCS" anchor="completamente" bfScore="--" coherenceScore="--">bn:00114790r</annotation>
		<annotation source="MCS" anchor="arco" bfScore="--" coherenceScore="--">bn:00005361n</annotation>
		<annotation source="MCS" anchor="provisto" bfScore="--" coherenceScore="--">bn:00084338v</annotation>
		<annotation source="MCS" anchor="abundancia" bfScore="--" coherenceScore="--">bn:00000517n</annotation>
		<annotation source="MCS" anchor="flechas" bfScore="--" coherenceScore="--">bn:00005896n</annotation>
		<annotation source="BABELFY" anchor="palabra" bfScore="0.98181143281366" coherenceScore="0.3631578947368421">bn:00081546n</annotation>
		<annotation source="MCS" anchor="vieron" bfScore="--" coherenceScore="--">bn:00093430v</annotation>
		<annotation source="BABELFY" anchor="montañas" bfScore="0.8827637582642704" coherenceScore="0.3157894736842105">bn:00056068n</annotation>
		<annotation source="MCS" anchor="temblaron" bfScore="--" coherenceScore="--">bn:00093639v</annotation>
		<annotation source="MCS" anchor="pasó" bfScore="--" coherenceScore="--">bn:00091458v</annotation>
		<annotation source="BABELFY" anchor="inundación" bfScore="0.950653983353151" coherenceScore="0.20526315789473684">bn:00002954n</annotation>
		<annotation source="BABELFY" anchor="aguas" bfScore="0.9481281182160948" coherenceScore="0.6842105263157895">bn:00042379n</annotation>
		<annotation source="MCS" anchor="abismo" bfScore="--" coherenceScore="--">bn:00017929n</annotation>
		<annotation source="MCS" anchor="dio" bfScore="--" coherenceScore="--">bn:00088815v</annotation>
		<annotation source="MCS" anchor="voz" bfScore="--" coherenceScore="--">bn:00080185n</annotation>
		<annotation source="MCS" anchor="levantó" bfScore="--" coherenceScore="--">bn:00084110v</annotation>
		<annotation source="MCS" anchor="alto" bfScore="--" coherenceScore="--">bn:00111630a</annotation>
		<annotation source="BABELFY" anchor="El sol" bfScore="0.8203125" coherenceScore="0.07368421052631578">bn:00999073n</annotation>
		<annotation source="BABELFY" anchor="sol" bfScore="0.8247855026740025" coherenceScore="0.5105263157894737">bn:00075170n</annotation>
		<annotation source="BABELFY" anchor="luna" bfScore="0.9262135922330097" coherenceScore="0.33157894736842103">bn:00055809n</annotation>
		<annotation source="MCS" anchor="detuvieron" bfScore="--" coherenceScore="--">bn:00083623v</annotation>
		<annotation source="MCS" anchor="cenit" bfScore="--" coherenceScore="--">bn:00082021n</annotation>
		<annotation source="MCS" anchor="Anduvieron" bfScore="--" coherenceScore="--">bn:00094337v</annotation>
		<annotation source="MCS" anchor="brillo" bfScore="--" coherenceScore="--">bn:00013132n</annotation>
		<annotation source="MCS" anchor="lanza" bfScore="--" coherenceScore="--">bn:00049823n</annotation>
		<annotation source="MCS" anchor="furor" bfScore="--" coherenceScore="--">bn:00036903n</annotation>
		<annotation source="MCS" anchor="librar" bfScore="--" coherenceScore="--">bn:00087631v</annotation>
		<annotation source="MCS" anchor="pueblo" bfScore="--" coherenceScore="--">bn:00021149n</annotation>
		<annotation source="MCS" anchor="salvar" bfScore="--" coherenceScore="--">bn:00092745v</annotation>
		<annotation source="BABELFY" anchor="ungido" bfScore="1.0" coherenceScore="0.02631578947368421">bn:00082609v</annotation>
		<annotation source="MCS" anchor="techo" bfScore="--" coherenceScore="--">bn:00016974n</annotation>
		<annotation source="MCS" anchor="casa" bfScore="--" coherenceScore="--">bn:00044994n</annotation>
		<annotation source="BABELFY" anchor="cimiento" bfScore="0.9701492537313433" coherenceScore="0.1368421052631579">bn:00008782n</annotation>
		<annotation source="BABELFY" anchor="roca" bfScore="0.8221772272510719" coherenceScore="0.3105263157894737">bn:00068046n</annotation>
		<annotation source="MCS" anchor="cabeza" bfScore="--" coherenceScore="--">bn:00015784n</annotation>
		<annotation source="MCS" anchor="dispersaron" bfScore="--" coherenceScore="--">bn:00083993v</annotation>
		<annotation source="BABELFY" anchor="acometieron" bfScore="1.0" coherenceScore="0.010526315789473684">bn:00095546v</annotation>
		<annotation source="MCS" anchor="dispersar" bfScore="--" coherenceScore="--">bn:00083993v</annotation>
		<annotation source="MCS" anchor="devorar" bfScore="--" coherenceScore="--">bn:00085688v</annotation>
		<annotation source="MCS" anchor="pobre" bfScore="--" coherenceScore="--">bn:00108798a</annotation>
		<annotation source="MCS" anchor="espuma" bfScore="--" coherenceScore="--">bn:00035548n</annotation>
		<annotation source="MCS" anchor="estremecieron" bfScore="--" coherenceScore="--">bn:00094929v</annotation>
		<annotation source="MCS" anchor="entrañas" bfScore="--" coherenceScore="--">bn:00031043n</annotation>
		<annotation source="MCS" anchor="labios" bfScore="--" coherenceScore="--">bn:00051440n</annotation>
		<annotation source="BABELFY" anchor="penetró" bfScore="0.8108108108108109" coherenceScore="0.031578947368421054">bn:00091529v</annotation>
		<annotation source="BABELFY" anchor="huesos" bfScore="0.7139899438036084" coherenceScore="0.17894736842105263">bn:00011999n</annotation>
		<annotation source="BABELFY" anchor="piernas" bfScore="0.7065989847715736" coherenceScore="0.15263157894736842">bn:00050541n</annotation>
		<annotation source="MCS" anchor="día" bfScore="--" coherenceScore="--">bn:00000086n</annotation>
		<annotation source="MCS" anchor="angustia" bfScore="--" coherenceScore="--">bn:00004175n</annotation>
		<annotation source="MCS" anchor="suba" bfScore="--" coherenceScore="--">bn:00089381v</annotation>
		<annotation source="MCS" anchor="invadirá" bfScore="--" coherenceScore="--">bn:00089874v</annotation>
		<annotation source="MCS" anchor="tropas" bfScore="--" coherenceScore="--">bn:00078393n</annotation>
		<annotation source="MCS" anchor="higuera" bfScore="--" coherenceScore="--">bn:00034375n</annotation>
		<annotation source="BABELFY" anchor="florezca" bfScore="0.8032786885245902" coherenceScore="0.03684210526315789">bn:00083646v</annotation>
		<annotation source="MCS" anchor="vides" bfScore="--" coherenceScore="--">bn:01958028n</annotation>
		<annotation source="MCS" anchor="haya" bfScore="--" coherenceScore="--">bn:00083184v</annotation>
		<annotation source="BABELFY" anchor="fruto" bfScore="0.9536204448651207" coherenceScore="0.1631578947368421">bn:00036686n</annotation>
		<annotation source="MCS" anchor="producto" bfScore="--" coherenceScore="--">bn:00054416n</annotation>
		<annotation source="MCS" anchor="olivo" bfScore="--" coherenceScore="--">bn:00058899n</annotation>
		<annotation source="MCS" anchor="campos" bfScore="--" coherenceScore="--">bn:00007985n</annotation>
		<annotation source="MCS" anchor="produzcan" bfScore="--" coherenceScore="--">bn:00086013v</annotation>
		<annotation source="MCS" anchor="alimento" bfScore="--" coherenceScore="--">bn:00035650n</annotation>
		<annotation source="MCS" anchor="acaben" bfScore="--" coherenceScore="--">bn:00088222v</annotation>
		<annotation source="BABELFY" anchor="ovejas" bfScore="0.7182258665672754" coherenceScore="0.21578947368421053">bn:00070967n</annotation>
		<annotation source="MCS" anchor="redil" bfScore="--" coherenceScore="--">bn:00023041n</annotation>
		<annotation source="MCS" anchor="vacas" bfScore="--" coherenceScore="--">bn:00023381n</annotation>
		<annotation source="MCS" anchor="establos" bfScore="--" coherenceScore="--">bn:00051636n</annotation>
		<annotation source="MCS" anchor="alegraré" bfScore="--" coherenceScore="--">bn:00084881v</annotation>
		<annotation source="MCS" anchor="salvación" bfScore="--" coherenceScore="--">bn:00066712n</annotation>
		<annotation source="MCS" anchor="Señor" bfScore="--" coherenceScore="--">bn:00055346n</annotation>
		<annotation source="MCS" anchor="es" bfScore="--" coherenceScore="--">bn:00083187v</annotation>
		<annotation source="MCS" anchor="fortaleza" bfScore="--" coherenceScore="--">bn:00035975n</annotation>
		<annotation source="MCS" anchor="hará" bfScore="--" coherenceScore="--">bn:00087107v</annotation>
		<annotation source="MCS" anchor="venados" bfScore="--" coherenceScore="--">bn:00079740n</annotation>
		<annotation source="MCS" anchor="andar" bfScore="--" coherenceScore="--">bn:00094337v</annotation>
		<annotation source="MCS" anchor="alturas" bfScore="--" coherenceScore="--">bn:00043544n</annotation>
		<annotation source="MCS" anchor="director" bfScore="--" coherenceScore="--">bn:00027368n</annotation>
		<annotation source="MCS" anchor="coro" bfScore="--" coherenceScore="--">bn:00018665n</annotation>
		<annotation source="MCS" anchor="instrumentos" bfScore="--" coherenceScore="--">bn:00046961n</annotation>
		<annotation source="BABELFY" anchor="instrumentos de cuerda" bfScore="1.0" coherenceScore="0.05263157894736842">bn:00074695n</annotation>
		<annotation source="MCS" anchor="cuerda" bfScore="--" coherenceScore="--">bn:00068266n</annotation>
	</annotations>
</paragraph>
</dataset>
