<?xml version="1.0" encoding="utf-8"?>
<dataset language="ES" title="HAG">
<paragraph id="p.1">
	<text>
		En el primer día del mes sexto del segundo año del rey Darío , vino por medio del profeta Hageo la palabra de Jehovah para Zorobabel hijo de Salatiel , gobernador de Judá , y para Josué hijo de Josadac , sumo sacerdote , diciendo
		&amp;quot; Así ha dicho Jehovah de los Ejércitos : &amp;apos; Este pueblo dice que aún no ha llegado el tiempo en que sea reedificada la casa de Jehovah . &amp;apos;
		Vino , pues , la palabra de Jehovah por medio del profeta Hageo , diciendo
		&amp;quot; ¿ Acaso es tiempo de que vosotros habitéis en vuestras casas enmaderadas mientras que esta casa está en ruinas
		Así ha dicho Jehovah de los Ejércitos : &amp;apos; Reflexionad acerca de vuestros caminos
		Habéis sembrado mucho , pero habéis recogido poco ; coméis , pero no os saciáis ; bebéis , pero no quedáis satisfechos ; os vestís , pero no os abrigáis ; y el jornalero recibe su jornal en bolsa rota . &amp;apos;
		Así ha dicho Jehovah de los Ejércitos : &amp;quot; Reflexionad acerca de vuestros caminos
		Subid al monte , traed madera y reedificad el templo . Yo tendré satisfacción en ello y seré honrado , ha dicho Jehovah
		Pero vosotros buscáis mucho y halláis poco ; y lo que lleváis a casa , de un soplo yo lo hago desaparecer . ¿ Por qué ? , dice Jehovah de los Ejércitos . Porque mi casa está en ruinas , mientras que cada uno de vosotros se ocupa de su propia casa
		Por eso , por causa vuestra , los cielos retuvieron la lluvia , y la tierra retuvo su fruto
		Además , llamé la sequía sobre la tierra y sobre los montes ; sobre el trigo , sobre el vino nuevo , sobre el aceite y sobre todo lo que la tierra produce ; sobre los hombres , sobre el ganado y sobre todo trabajo de las manos .
		Zorobabel hijo de Salatiel , el sumo sacerdote Josué hijo de Josadac , y todo el remanente del pueblo escucharon la voz de Jehovah su Dios y las palabras del profeta Hageo , como lo había enviado Jehovah su Dios . Y el pueblo temió ante la presencia de Jehovah
		Entonces Hageo , mensajero de Jehovah , habló al pueblo con el mensaje de Jehovah , diciendo : &amp;quot; Yo estoy con vosotros &amp;quot; , dice Jehovah
		Y Jehovah despertó el espíritu de Zorobabel hijo de Salatiel , gobernador de Judá , el espíritu de Josué hijo de Josadac , sumo sacerdote , y el espíritu de todo el remanente del pueblo , y ellos acudieron y emprendieron la obra de la casa de Jehovah de los Ejércitos , su Dios
		en el día 24 del mes sexto del segundo año del rey Darío
	</text>
	<annotations>
		<annotation source="BABELFY" anchor="día" bfScore="0.7428369296073576" coherenceScore="0.17857142857142858">bn:00000086n</annotation>
		<annotation source="MCS" anchor="mes" bfScore="--" coherenceScore="--">bn:00014710n</annotation>
		<annotation source="MCS" anchor="año" bfScore="--" coherenceScore="--">bn:00078738n</annotation>
		<annotation source="MCS" anchor="rey" bfScore="--" coherenceScore="--">bn:00049141n</annotation>
		<annotation source="BABELFY" anchor="vino" bfScore="0.9878479027832223" coherenceScore="0.35714285714285715">bn:00080022n</annotation>
		<annotation source="MCS" anchor="medio" bfScore="--" coherenceScore="--">bn:00054149n</annotation>
		<annotation source="BABELFY" anchor="profeta" bfScore="0.9989258861439313" coherenceScore="0.36904761904761907">bn:00064759n</annotation>
		<annotation source="BABELFY" anchor="palabra" bfScore="0.9589490968801314" coherenceScore="0.43452380952380953">bn:00081546n</annotation>
		<annotation source="BABELFY" anchor="Jehovah" bfScore="1.0" coherenceScore="0.2976190476190476">bn:00047890n</annotation>
		<annotation source="BABELFY" anchor="Zorobabel" bfScore="1.0" coherenceScore="0.24404761904761904">bn:03546304n</annotation>
		<annotation source="MCS" anchor="hijo" bfScore="--" coherenceScore="--">bn:00024244n</annotation>
		<annotation source="MCS" anchor="gobernador" bfScore="--" coherenceScore="--">bn:00041204n</annotation>
		<annotation source="BABELFY" anchor="sumo" bfScore="0.8238482384823849" coherenceScore="0.09523809523809523">bn:00075163n</annotation>
		<annotation source="BABELFY" anchor="sumo sacerdote" bfScore="0.8405466970387244" coherenceScore="0.24404761904761904">bn:14237347n</annotation>
		<annotation source="BABELFY" anchor="sacerdote" bfScore="0.7716157205240175" coherenceScore="0.3392857142857143">bn:00064346n</annotation>
		<annotation source="MCS" anchor="diciendo" bfScore="--" coherenceScore="--">bn:00093287v</annotation>
		<annotation source="BABELFY" anchor="Así" bfScore="0.7352941176470589" coherenceScore="0.05952380952380952">bn:00036261n</annotation>
		<annotation source="MCS" anchor="ha" bfScore="--" coherenceScore="--">bn:00083184v</annotation>
		<annotation source="BABELFY" anchor="Ejércitos" bfScore="1.0" coherenceScore="0.14285714285714285">bn:00005803n</annotation>
		<annotation source="MCS" anchor="pueblo" bfScore="--" coherenceScore="--">bn:00021149n</annotation>
		<annotation source="MCS" anchor="dice" bfScore="--" coherenceScore="--">bn:00093287v</annotation>
		<annotation source="MCS" anchor="aún" bfScore="--" coherenceScore="--">bn:00115246r</annotation>
		<annotation source="MCS" anchor="llegado" bfScore="--" coherenceScore="--">bn:00082788v</annotation>
		<annotation source="BABELFY" anchor="tiempo" bfScore="0.7448733413751508" coherenceScore="0.4523809523809524">bn:00077270n</annotation>
		<annotation source="MCS" anchor="sea" bfScore="--" coherenceScore="--">bn:00083187v</annotation>
		<annotation source="MCS" anchor="casa" bfScore="--" coherenceScore="--">bn:00044994n</annotation>
		<annotation source="BABELFY" anchor="Vino" bfScore="0.9878479027832223" coherenceScore="0.35714285714285715">bn:00080022n</annotation>
		<annotation source="BABELFY" anchor="Hageo" bfScore="1.0" coherenceScore="0.19642857142857142">bn:00001990n</annotation>
		<annotation source="BABELFY" anchor="Acaso" bfScore="1.0" coherenceScore="0.005952380952380952">bn:00116211r</annotation>
		<annotation source="MCS" anchor="es" bfScore="--" coherenceScore="--">bn:00083187v</annotation>
		<annotation source="MCS" anchor="casas" bfScore="--" coherenceScore="--">bn:00044994n</annotation>
		<annotation source="BABELFY" anchor="acerca" bfScore="1.0" coherenceScore="0.1130952380952381">bn:00114076r</annotation>
		<annotation source="MCS" anchor="caminos" bfScore="--" coherenceScore="--">bn:00080721n</annotation>
		<annotation source="BABELFY" anchor="sembrado" bfScore="1.0" coherenceScore="0.07738095238095238">bn:00093447v</annotation>
		<annotation source="MCS" anchor="habéis" bfScore="--" coherenceScore="--">bn:00083184v</annotation>
		<annotation source="BABELFY" anchor="recogido" bfScore="0.8181818181818182" coherenceScore="0.03571428571428571">bn:00088041v</annotation>
		<annotation source="MCS" anchor="coméis" bfScore="--" coherenceScore="--">bn:00087461v</annotation>
		<annotation source="MCS" anchor="bebéis" bfScore="--" coherenceScore="--">bn:00087321v</annotation>
		<annotation source="MCS" anchor="quedáis" bfScore="--" coherenceScore="--">bn:00092757v</annotation>
		<annotation source="MCS" anchor="satisfechos" bfScore="--" coherenceScore="--">bn:00088614v</annotation>
		<annotation source="MCS" anchor="jornalero" bfScore="--" coherenceScore="--">bn:00025432n</annotation>
		<annotation source="BABELFY" anchor="recibe" bfScore="0.7285714285714285" coherenceScore="0.16071428571428573">bn:00089891v</annotation>
		<annotation source="BABELFY" anchor="jornal" bfScore="1.0" coherenceScore="0.19642857142857142">bn:15928884n</annotation>
		<annotation source="MCS" anchor="bolsa" bfScore="--" coherenceScore="--">bn:00007922n</annotation>
		<annotation source="MCS" anchor="rota" bfScore="--" coherenceScore="--">bn:00083998v</annotation>
		<annotation source="MCS" anchor="monte" bfScore="--" coherenceScore="--">bn:00036086n</annotation>
		<annotation source="BABELFY" anchor="madera" bfScore="0.825" coherenceScore="0.22023809523809523">bn:00081492n</annotation>
		<annotation source="MCS" anchor="templo" bfScore="--" coherenceScore="--">bn:00076465n</annotation>
		<annotation source="MCS" anchor="tendré" bfScore="--" coherenceScore="--">bn:00089385v</annotation>
		<annotation source="MCS" anchor="satisfacción" bfScore="--" coherenceScore="--">bn:00069327n</annotation>
		<annotation source="MCS" anchor="seré" bfScore="--" coherenceScore="--">bn:00083187v</annotation>
		<annotation source="MCS" anchor="lleváis" bfScore="--" coherenceScore="--">bn:00084554v</annotation>
		<annotation source="BABELFY" anchor="soplo" bfScore="0.8" coherenceScore="0.07738095238095238">bn:00065138n</annotation>
		<annotation source="MCS" anchor="hago" bfScore="--" coherenceScore="--">bn:00087107v</annotation>
		<annotation source="MCS" anchor="desaparecer" bfScore="--" coherenceScore="--">bn:00085082v</annotation>
		<annotation source="MCS" anchor="ocupa" bfScore="--" coherenceScore="--">bn:00090321v</annotation>
		<annotation source="BABELFY" anchor="propia" bfScore="0.974025974025974" coherenceScore="0.1488095238095238">bn:00096707a</annotation>
		<annotation source="MCS" anchor="causa" bfScore="--" coherenceScore="--">bn:00015051n</annotation>
		<annotation source="MCS" anchor="cielos" bfScore="--" coherenceScore="--">bn:00072016n</annotation>
		<annotation source="MCS" anchor="retuvieron" bfScore="--" coherenceScore="--">bn:00089386v</annotation>
		<annotation source="BABELFY" anchor="lluvia" bfScore="0.7845216008481315" coherenceScore="0.23809523809523808">bn:00066032n</annotation>
		<annotation source="MCS" anchor="retuvo" bfScore="--" coherenceScore="--">bn:00089386v</annotation>
		<annotation source="BABELFY" anchor="fruto" bfScore="0.7853042479908151" coherenceScore="0.1130952380952381">bn:00036686n</annotation>
		<annotation source="MCS" anchor="llamé" bfScore="--" coherenceScore="--">bn:00084386v</annotation>
		<annotation source="BABELFY" anchor="sequía" bfScore="1.0" coherenceScore="0.125">bn:00028863n</annotation>
		<annotation source="MCS" anchor="montes" bfScore="--" coherenceScore="--">bn:00036086n</annotation>
		<annotation source="BABELFY" anchor="trigo" bfScore="0.9730621220450797" coherenceScore="0.17857142857142858">bn:00080959n</annotation>
		<annotation source="MCS" anchor="nuevo" bfScore="--" coherenceScore="--">bn:00107267a</annotation>
		<annotation source="BABELFY" anchor="aceite" bfScore="0.9549071618037135" coherenceScore="0.14285714285714285">bn:00058732n</annotation>
		<annotation source="MCS" anchor="produce" bfScore="--" coherenceScore="--">bn:00086013v</annotation>
		<annotation source="MCS" anchor="hombres" bfScore="--" coherenceScore="--">bn:00001533n</annotation>
		<annotation source="BABELFY" anchor="ganado" bfScore="0.8802986512524085" coherenceScore="0.25595238095238093">bn:00012273n</annotation>
		<annotation source="MCS" anchor="trabajo" bfScore="--" coherenceScore="--">bn:00014138n</annotation>
		<annotation source="MCS" anchor="manos" bfScore="--" coherenceScore="--">bn:00042759n</annotation>
		<annotation source="BABELFY" anchor="remanente" bfScore="0.9759036144578314" coherenceScore="0.16071428571428573">bn:03556302n</annotation>
		<annotation source="BABELFY" anchor="escucharon" bfScore="0.8421052631578947" coherenceScore="0.023809523809523808">bn:00090401v</annotation>
		<annotation source="MCS" anchor="voz" bfScore="--" coherenceScore="--">bn:00080185n</annotation>
		<annotation source="BABELFY" anchor="palabras" bfScore="0.8719267654751526" coherenceScore="0.43452380952380953">bn:00081546n</annotation>
		<annotation source="MCS" anchor="había" bfScore="--" coherenceScore="--">bn:00083184v</annotation>
		<annotation source="MCS" anchor="enviado" bfScore="--" coherenceScore="--">bn:00090548v</annotation>
		<annotation source="BABELFY" anchor="temió" bfScore="0.7093596059113301" coherenceScore="0.07142857142857142">bn:00087284v</annotation>
		<annotation source="MCS" anchor="presencia" bfScore="--" coherenceScore="--">bn:00064201n</annotation>
		<annotation source="MCS" anchor="Entonces" bfScore="--" coherenceScore="--">bn:00076816n</annotation>
		<annotation source="MCS" anchor="mensajero" bfScore="--" coherenceScore="--">bn:00023284n</annotation>
		<annotation source="MCS" anchor="habló" bfScore="--" coherenceScore="--">bn:00094090v</annotation>
		<annotation source="MCS" anchor="mensaje" bfScore="--" coherenceScore="--">bn:00054523n</annotation>
		<annotation source="MCS" anchor="despertó" bfScore="--" coherenceScore="--">bn:00082769v</annotation>
		<annotation source="MCS" anchor="espíritu" bfScore="--" coherenceScore="--">bn:00033960n</annotation>
		<annotation source="BABELFY" anchor="acudieron" bfScore="0.7610062893081762" coherenceScore="0.06547619047619048">bn:00082907v</annotation>
		<annotation source="BABELFY" anchor="emprendieron" bfScore="0.9846153846153847" coherenceScore="0.047619047619047616">bn:00082906v</annotation>
		<annotation source="MCS" anchor="obra" bfScore="--" coherenceScore="--">bn:00011767n</annotation>
	</annotations>
</paragraph>
<paragraph id="p.2">
	<text>
		En el día 21 del mes séptimo , vino la palabra de Jehovah por medio del profeta Hageo , diciendo
		&amp;quot; Habla , pues , a Zorobabel hijo de Salatiel , gobernador de Judá ; a Josué hijo de Josadac , sumo sacerdote ; y al resto del pueblo , diciendo
		&amp;apos; ¿ Quién de los que han quedado entre vosotros vio este templo en su primera gloria ? ¿ Y cómo lo veis ahora ? ¿ No es éste como nada delante de vuestros ojos
		Ahora pues , esfuérzate , oh Zorobabel , dice Jehovah ; esfuérzate también tú , oh Josué hijo de Josadac , sumo sacerdote . Esfuércese todo el pueblo de la tierra , dice Jehovah , y actuad ; porque yo estoy con vosotros , dice Jehovah de los Ejércitos
		Según el pacto que hice con vosotros cuando salisteis de Egipto , mi Espíritu estará en medio de vosotros . No temáis
		porque así ha dicho Jehovah de los Ejércitos : Dentro de poco yo estremeceré los cielos y la tierra , el mar y la parte seca
		Estremeceré todas las naciones , y vendrán los tesoros deseados de las naciones . Y llenaré este templo de gloria , ha dicho Jehovah de los Ejércitos
		Mía es la plata y mío es el oro , dice Jehovah de los Ejércitos
		La gloria de este último templo será mayor que la del primero , ha dicho Jehovah de los Ejércitos . Y daré la paz en este lugar &amp;apos; &amp;quot; , dice Jehovah de los Ejércitos
		En el día 24 del mes noveno del segundo año de Darío , vino la palabra de Jehovah por medio del profeta Hageo , diciendo
		&amp;quot; Así ha dicho Jehovah de los Ejércitos : &amp;apos; Pregunta , pues , a los sacerdotes acerca de la ley , diciendo
		Si alguien lleva carne sagrada en el extremo de su vestidura y con el extremo de la misma toca pan , guiso , vino , aceite o cualquier otra comida , ¿ llegarán estas cosas a ser sagradas ? &amp;apos; &amp;quot; Los sacerdotes respondieron diciendo : - - No
		Hageo dijo : - - Si alguna persona impura a causa de contacto con un cadáver toca alguna de estas cosas , ¿ llegará ésta a ser impura ? Le respondieron : - - Sí , será impura
		Y Hageo respondió : - - &amp;quot; Lo mismo sucede delante de mí con este pueblo y con esta nación &amp;quot; , dice Jehovah , &amp;quot; de manera que toda la obra de sus manos y todo lo que ofrecen aquí es impuro
		Ahora pues , reflexionad desde este día en adelante , antes de poner piedra sobre piedra en el templo de Jehovah
		¿ Qué os pasa ? Venís a un montón de veinte medidas , y hay sólo diez ; y venís al lagar para sacar cincuenta medidas , y hay sólo veinte
		Os he golpeado en toda la obra de vuestras manos con tizón , añublo y granizo , pero no os habéis vuelto a mí , dice Jehovah
		Reflexionad desde este día en adelante , desde el día 24 del mes noveno , el día en que son puestos los cimientos del templo de Jehovah . Reflexionad
		¿ Todavía hay semilla en el granero ? Si bien ni la vid , ni la higuera , ni el granado , ni el árbol de olivo han producido todavía , desde este día os daré bendición .
		En el día 24 del mismo mes , vino por segunda vez la palabra de Jehovah a Hageo , diciendo
		&amp;quot; Habla a Zorobabel , gobernador de Judá , diciendo : &amp;apos; Yo estremeceré los cielos y la tierra
		Trastornaré el trono de los reinos y destruiré la fuerza del reino de las naciones . Trastornaré el carro y a los que suben en él . Caerán los caballos y los que montan en ellos , cada cual por la espada de su hermano
		En aquel día , dice Jehovah de los Ejércitos , te tomaré a ti , oh Zorobabel hijo de Salatiel , siervo mío , y te pondré como anillo de sellar , porque yo te he escogido , &amp;apos; &amp;quot; dice Jehovah de los Ejércitos
	</text>
	<annotations>
		<annotation source="MCS" anchor="día" bfScore="--" coherenceScore="--">bn:00000086n</annotation>
		<annotation source="MCS" anchor="mes" bfScore="--" coherenceScore="--">bn:00014710n</annotation>
		<annotation source="BABELFY" anchor="séptimo" bfScore="1.0" coherenceScore="0.014545454545454545">bn:00096074a</annotation>
		<annotation source="MCS" anchor="vino" bfScore="--" coherenceScore="--">bn:00082788v</annotation>
		<annotation source="BABELFY" anchor="palabra" bfScore="0.9504085535465925" coherenceScore="0.4036363636363636">bn:00081546n</annotation>
		<annotation source="BABELFY" anchor="Jehovah" bfScore="1.0" coherenceScore="0.21818181818181817">bn:00047890n</annotation>
		<annotation source="MCS" anchor="medio" bfScore="--" coherenceScore="--">bn:00054149n</annotation>
		<annotation source="BABELFY" anchor="profeta" bfScore="0.9991658170358698" coherenceScore="0.2545454545454545">bn:00064759n</annotation>
		<annotation source="BABELFY" anchor="Hageo" bfScore="1.0" coherenceScore="0.14181818181818182">bn:00001990n</annotation>
		<annotation source="MCS" anchor="diciendo" bfScore="--" coherenceScore="--">bn:00093287v</annotation>
		<annotation source="MCS" anchor="Habla" bfScore="--" coherenceScore="--">bn:00094090v</annotation>
		<annotation source="BABELFY" anchor="Zorobabel" bfScore="1.0" coherenceScore="0.15636363636363637">bn:03546304n</annotation>
		<annotation source="MCS" anchor="hijo" bfScore="--" coherenceScore="--">bn:00024244n</annotation>
		<annotation source="MCS" anchor="gobernador" bfScore="--" coherenceScore="--">bn:00041204n</annotation>
		<annotation source="BABELFY" anchor="sumo" bfScore="0.8296488946684005" coherenceScore="0.08">bn:00075163n</annotation>
		<annotation source="BABELFY" anchor="sumo sacerdote" bfScore="0.7330316742081447" coherenceScore="0.16363636363636364">bn:14237347n</annotation>
		<annotation source="BABELFY" anchor="sacerdote" bfScore="0.7476437892701788" coherenceScore="0.2727272727272727">bn:00064346n</annotation>
		<annotation source="MCS" anchor="resto" bfScore="--" coherenceScore="--">bn:00008047n</annotation>
		<annotation source="MCS" anchor="pueblo" bfScore="--" coherenceScore="--">bn:00021149n</annotation>
		<annotation source="MCS" anchor="han" bfScore="--" coherenceScore="--">bn:00083184v</annotation>
		<annotation source="MCS" anchor="quedado" bfScore="--" coherenceScore="--">bn:00092757v</annotation>
		<annotation source="MCS" anchor="vio" bfScore="--" coherenceScore="--">bn:00093430v</annotation>
		<annotation source="MCS" anchor="templo" bfScore="--" coherenceScore="--">bn:00076465n</annotation>
		<annotation source="MCS" anchor="gloria" bfScore="--" coherenceScore="--">bn:00040711n</annotation>
		<annotation source="MCS" anchor="veis" bfScore="--" coherenceScore="--">bn:00093430v</annotation>
		<annotation source="MCS" anchor="ahora" bfScore="--" coherenceScore="--">bn:00114424r</annotation>
		<annotation source="MCS" anchor="es" bfScore="--" coherenceScore="--">bn:00083187v</annotation>
		<annotation source="BABELFY" anchor="delante" bfScore="1.0" coherenceScore="0.007272727272727273">bn:00114182r</annotation>
		<annotation source="BABELFY" anchor="ojos" bfScore="0.7564422277639236" coherenceScore="0.18181818181818182">bn:00032512n</annotation>
		<annotation source="MCS" anchor="Ahora" bfScore="--" coherenceScore="--">bn:00114424r</annotation>
		<annotation source="MCS" anchor="esfuerza" bfScore="--" coherenceScore="--">bn:00087615v</annotation>
		<annotation source="BABELFY" anchor="oh" bfScore="0.9636424282855237" coherenceScore="0.19636363636363635">bn:00006912n</annotation>
		<annotation source="MCS" anchor="dice" bfScore="--" coherenceScore="--">bn:00093287v</annotation>
		<annotation source="MCS" anchor="Esfuerce" bfScore="--" coherenceScore="--">bn:00087615v</annotation>
		<annotation source="MCS" anchor="actuad" bfScore="--" coherenceScore="--">bn:00082285v</annotation>
		<annotation source="BABELFY" anchor="Ejércitos" bfScore="1.0" coherenceScore="0.13090909090909092">bn:00005803n</annotation>
		<annotation source="BABELFY" anchor="Según" bfScore="1.0" coherenceScore="0.01818181818181818">bn:13959262n</annotation>
		<annotation source="MCS" anchor="pacto" bfScore="--" coherenceScore="--">bn:15440073n</annotation>
		<annotation source="MCS" anchor="hice" bfScore="--" coherenceScore="--">bn:00087107v</annotation>
		<annotation source="BABELFY" anchor="Egipto" bfScore="0.9936926876071536" coherenceScore="0.5418181818181819">bn:00005255n</annotation>
		<annotation source="MCS" anchor="Espíritu" bfScore="--" coherenceScore="--">bn:00033960n</annotation>
		<annotation source="MCS" anchor="así" bfScore="--" coherenceScore="--">bn:00117048r</annotation>
		<annotation source="MCS" anchor="ha" bfScore="--" coherenceScore="--">bn:00083184v</annotation>
		<annotation source="BABELFY" anchor="Dentro" bfScore="1.0" coherenceScore="0.04">bn:00115906r</annotation>
		<annotation source="MCS" anchor="cielos" bfScore="--" coherenceScore="--">bn:00072016n</annotation>
		<annotation source="BABELFY" anchor="mar" bfScore="0.7216961130742049" coherenceScore="0.2509090909090909">bn:00069946n</annotation>
		<annotation source="MCS" anchor="parte" bfScore="--" coherenceScore="--">bn:00060765n</annotation>
		<annotation source="MCS" anchor="seca" bfScore="--" coherenceScore="--">bn:00101839a</annotation>
		<annotation source="BABELFY" anchor="naciones" bfScore="0.8291972308525313" coherenceScore="0.5818181818181818">bn:00023236n</annotation>
		<annotation source="MCS" anchor="vendrán" bfScore="--" coherenceScore="--">bn:00082788v</annotation>
		<annotation source="MCS" anchor="tesoros" bfScore="--" coherenceScore="--">bn:00078117n</annotation>
		<annotation source="MCS" anchor="deseados" bfScore="--" coherenceScore="--">bn:00095803v</annotation>
		<annotation source="MCS" anchor="plata" bfScore="--" coherenceScore="--">bn:00001887n</annotation>
		<annotation source="MCS" anchor="oro" bfScore="--" coherenceScore="--">bn:00040921n</annotation>
		<annotation source="MCS" anchor="último" bfScore="--" coherenceScore="--">bn:00105740a</annotation>
		<annotation source="MCS" anchor="será" bfScore="--" coherenceScore="--">bn:00083187v</annotation>
		<annotation source="MCS" anchor="mayor" bfScore="--" coherenceScore="--">bn:00098342a</annotation>
		<annotation source="MCS" anchor="daré" bfScore="--" coherenceScore="--">bn:00088815v</annotation>
		<annotation source="MCS" anchor="paz" bfScore="--" coherenceScore="--">bn:00061149n</annotation>
		<annotation source="MCS" anchor="lugar" bfScore="--" coherenceScore="--">bn:00062699n</annotation>
		<annotation source="BABELFY" anchor="noveno" bfScore="1.0" coherenceScore="0.0036363636363636364">bn:00096104a</annotation>
		<annotation source="MCS" anchor="año" bfScore="--" coherenceScore="--">bn:00078738n</annotation>
		<annotation source="BABELFY" anchor="Así" bfScore="0.968" coherenceScore="0.08">bn:00036261n</annotation>
		<annotation source="MCS" anchor="Pregunta" bfScore="--" coherenceScore="--">bn:00047208n</annotation>
		<annotation source="BABELFY" anchor="sacerdotes" bfScore="0.7476437892701788" coherenceScore="0.2727272727272727">bn:00064346n</annotation>
		<annotation source="BABELFY" anchor="acerca" bfScore="1.0" coherenceScore="0.06181818181818182">bn:00114076r</annotation>
		<annotation source="BABELFY" anchor="ley" bfScore="0.736293731899737" coherenceScore="0.36727272727272725">bn:00048655n</annotation>
		<annotation source="BABELFY" anchor="Si" bfScore="0.8320296418279127" coherenceScore="0.15636363636363637">bn:00047162n</annotation>
		<annotation source="MCS" anchor="lleva" bfScore="--" coherenceScore="--">bn:00084554v</annotation>
		<annotation source="MCS" anchor="carne" bfScore="--" coherenceScore="--">bn:00035182n</annotation>
		<annotation source="BABELFY" anchor="sagrada" bfScore="0.888243831640058" coherenceScore="0.17454545454545456">bn:00100305a</annotation>
		<annotation source="MCS" anchor="extremo" bfScore="--" coherenceScore="--">bn:00081352n</annotation>
		<annotation source="BABELFY" anchor="vestidura" bfScore="1.0" coherenceScore="0.19272727272727272">bn:00006125n</annotation>
		<annotation source="BABELFY" anchor="misma" bfScore="0.7383966244725738" coherenceScore="0.12727272727272726">bn:00110075a</annotation>
		<annotation source="MCS" anchor="toca" bfScore="--" coherenceScore="--">bn:00020484n</annotation>
		<annotation source="MCS" anchor="pan" bfScore="--" coherenceScore="--">bn:00012873n</annotation>
		<annotation source="BABELFY" anchor="guiso" bfScore="1.0" coherenceScore="0.04727272727272727">bn:00085784v</annotation>
		<annotation source="BABELFY" anchor="aceite" bfScore="0.9878048780487805" coherenceScore="0.10909090909090909">bn:00058732n</annotation>
		<annotation source="MCS" anchor="comida" bfScore="--" coherenceScore="--">bn:00053993n</annotation>
		<annotation source="MCS" anchor="llegarán" bfScore="--" coherenceScore="--">bn:00082788v</annotation>
		<annotation source="MCS" anchor="cosas" bfScore="--" coherenceScore="--">bn:00076925n</annotation>
		<annotation source="MCS" anchor="ser" bfScore="--" coherenceScore="--">bn:00083187v</annotation>
		<annotation source="BABELFY" anchor="sagradas" bfScore="0.888243831640058" coherenceScore="0.17454545454545456">bn:00100305a</annotation>
		<annotation source="MCS" anchor="respondieron" bfScore="--" coherenceScore="--">bn:00092421v</annotation>
		<annotation source="MCS" anchor="dijo" bfScore="--" coherenceScore="--">bn:00093287v</annotation>
		<annotation source="BABELFY" anchor="persona" bfScore="0.9811544678848397" coherenceScore="0.49818181818181817">bn:00046516n</annotation>
		<annotation source="MCS" anchor="impura" bfScore="--" coherenceScore="--">bn:00104722a</annotation>
		<annotation source="MCS" anchor="causa" bfScore="--" coherenceScore="--">bn:00015051n</annotation>
		<annotation source="MCS" anchor="contacto" bfScore="--" coherenceScore="--">bn:00022112n</annotation>
		<annotation source="MCS" anchor="cadáver" bfScore="--" coherenceScore="--">bn:00014512n</annotation>
		<annotation source="MCS" anchor="toca" bfScore="--" coherenceScore="--">bn:00095040v</annotation>
		<annotation source="MCS" anchor="llegará" bfScore="--" coherenceScore="--">bn:00082788v</annotation>
		<annotation source="MCS" anchor="respondió" bfScore="--" coherenceScore="--">bn:00092421v</annotation>
		<annotation source="BABELFY" anchor="mismo" bfScore="0.7446808510638298" coherenceScore="0.12727272727272726">bn:00110075a</annotation>
		<annotation source="MCS" anchor="sucede" bfScore="--" coherenceScore="--">bn:00085337v</annotation>
		<annotation source="BABELFY" anchor="nación" bfScore="0.8291972308525313" coherenceScore="0.5818181818181818">bn:00023236n</annotation>
		<annotation source="BABELFY" anchor="manera" bfScore="0.9364836426248326" coherenceScore="0.3236363636363636">bn:00033729n</annotation>
		<annotation source="MCS" anchor="obra" bfScore="--" coherenceScore="--">bn:00011767n</annotation>
		<annotation source="BABELFY" anchor="manos" bfScore="0.7502487562189055" coherenceScore="0.14181818181818182">bn:00042759n</annotation>
		<annotation source="BABELFY" anchor="ofrecen" bfScore="0.8340888485947416" coherenceScore="0.08363636363636363">bn:00095569v</annotation>
		<annotation source="MCS" anchor="aquí" bfScore="--" coherenceScore="--">bn:00115641r</annotation>
		<annotation source="BABELFY" anchor="adelante" bfScore="1.0" coherenceScore="0.03636363636363636">bn:00115431r</annotation>
		<annotation source="BABELFY" anchor="antes de" bfScore="1.0" coherenceScore="0.08363636363636363">bn:00114297r</annotation>
		<annotation source="MCS" anchor="poner" bfScore="--" coherenceScore="--">bn:00090224v</annotation>
		<annotation source="MCS" anchor="piedra" bfScore="--" coherenceScore="--">bn:00074410n</annotation>
		<annotation source="MCS" anchor="piedra sobre piedra" bfScore="--" coherenceScore="--">bn:08260926n</annotation>
		<annotation source="MCS" anchor="pasa" bfScore="--" coherenceScore="--">bn:00091458v</annotation>
		<annotation source="MCS" anchor="Venís" bfScore="--" coherenceScore="--">bn:00082788v</annotation>
		<annotation source="MCS" anchor="montón" bfScore="--" coherenceScore="--">bn:00008985n</annotation>
		<annotation source="MCS" anchor="medidas" bfScore="--" coherenceScore="--">bn:01258038n</annotation>
		<annotation source="MCS" anchor="hay" bfScore="--" coherenceScore="--">bn:00083184v</annotation>
		<annotation source="BABELFY" anchor="sólo" bfScore="0.969097651421508" coherenceScore="0.10181818181818182">bn:00114626r</annotation>
		<annotation source="MCS" anchor="venís" bfScore="--" coherenceScore="--">bn:00082788v</annotation>
		<annotation source="MCS" anchor="lagar" bfScore="--" coherenceScore="--">bn:00081325n</annotation>
		<annotation source="MCS" anchor="sacar" bfScore="--" coherenceScore="--">bn:00087237v</annotation>
		<annotation source="MCS" anchor="he" bfScore="--" coherenceScore="--">bn:00083184v</annotation>
		<annotation source="MCS" anchor="golpeado" bfScore="--" coherenceScore="--">bn:00089347v</annotation>
		<annotation source="BABELFY" anchor="añublo" bfScore="1.0" coherenceScore="0.03272727272727273">bn:00207015n</annotation>
		<annotation source="MCS" anchor="granizo" bfScore="--" coherenceScore="--">bn:00042523n</annotation>
		<annotation source="MCS" anchor="habéis" bfScore="--" coherenceScore="--">bn:00083184v</annotation>
		<annotation source="BABELFY" anchor="vuelto" bfScore="0.9826589595375722" coherenceScore="0.14545454545454545">bn:00088736v</annotation>
		<annotation source="MCS" anchor="son" bfScore="--" coherenceScore="--">bn:00083187v</annotation>
		<annotation source="MCS" anchor="puestos" bfScore="--" coherenceScore="--">bn:00090224v</annotation>
		<annotation source="BABELFY" anchor="cimientos" bfScore="0.864" coherenceScore="0.09818181818181818">bn:00008782n</annotation>
		<annotation source="MCS" anchor="Todavía" bfScore="--" coherenceScore="--">bn:00114369r</annotation>
		<annotation source="BABELFY" anchor="semilla" bfScore="0.8478613968597726" coherenceScore="0.10545454545454545">bn:00070253n</annotation>
		<annotation source="MCS" anchor="granero" bfScore="--" coherenceScore="--">bn:00037356n</annotation>
		<annotation source="MCS" anchor="bien" bfScore="--" coherenceScore="--">bn:00115530r</annotation>
		<annotation source="MCS" anchor="vid" bfScore="--" coherenceScore="--">bn:01958028n</annotation>
		<annotation source="MCS" anchor="higuera" bfScore="--" coherenceScore="--">bn:00034375n</annotation>
		<annotation source="BABELFY" anchor="granado" bfScore="1.0" coherenceScore="0.23636363636363636">bn:00063486n</annotation>
		<annotation source="BABELFY" anchor="árbol" bfScore="0.9876961282311774" coherenceScore="0.2545454545454545">bn:00078131n</annotation>
		<annotation source="MCS" anchor="olivo" bfScore="--" coherenceScore="--">bn:00058899n</annotation>
		<annotation source="MCS" anchor="producido" bfScore="--" coherenceScore="--">bn:00086013v</annotation>
		<annotation source="MCS" anchor="todavía" bfScore="--" coherenceScore="--">bn:00114369r</annotation>
		<annotation source="BABELFY" anchor="bendición" bfScore="0.8523867436910915" coherenceScore="0.2290909090909091">bn:02733866n</annotation>
		<annotation source="MCS" anchor="vez" bfScore="--" coherenceScore="--">bn:00019848n</annotation>
		<annotation source="BABELFY" anchor="trono" bfScore="0.8353510895883777" coherenceScore="0.16363636363636364">bn:00077086n</annotation>
		<annotation source="MCS" anchor="reinos" bfScore="--" coherenceScore="--">bn:00049171n</annotation>
		<annotation source="MCS" anchor="fuerza" bfScore="--" coherenceScore="--">bn:00035768n</annotation>
		<annotation source="MCS" anchor="reino" bfScore="--" coherenceScore="--">bn:00049171n</annotation>
		<annotation source="MCS" anchor="carro" bfScore="--" coherenceScore="--">bn:00080322n</annotation>
		<annotation source="MCS" anchor="suben" bfScore="--" coherenceScore="--">bn:00089381v</annotation>
		<annotation source="BABELFY" anchor="Caerán" bfScore="0.7001337196344997" coherenceScore="0.22181818181818183">bn:00087982v</annotation>
		<annotation source="BABELFY" anchor="caballos" bfScore="0.721030042918455" coherenceScore="0.20363636363636364">bn:00031345n</annotation>
		<annotation source="MCS" anchor="montan" bfScore="--" coherenceScore="--">bn:00093013v</annotation>
		<annotation source="BABELFY" anchor="espada" bfScore="0.7364123500893085" coherenceScore="0.14181818181818182">bn:00011081n</annotation>
		<annotation source="MCS" anchor="hermano" bfScore="--" coherenceScore="--">bn:00071400n</annotation>
		<annotation source="MCS" anchor="tomaré" bfScore="--" coherenceScore="--">bn:00088762v</annotation>
		<annotation source="MCS" anchor="siervo" bfScore="--" coherenceScore="--">bn:00011982n</annotation>
		<annotation source="MCS" anchor="pondré" bfScore="--" coherenceScore="--">bn:00090224v</annotation>
		<annotation source="MCS" anchor="anillo" bfScore="--" coherenceScore="--">bn:00008287n</annotation>
		<annotation source="BABELFY" anchor="sellar" bfScore="0.9607843137254902" coherenceScore="0.05090909090909091">bn:00093408v</annotation>
		<annotation source="MCS" anchor="escogido" bfScore="--" coherenceScore="--">bn:00091590v</annotation>
	</annotations>
</paragraph>
</dataset>
