<?xml version="1.0" encoding="utf-8"?>
<dataset language="ES" title="JAM">
<paragraph id="p.1">
	<text>
		Santiago , siervo de Dios y del Señor Jesucristo , a las doce tribus de la dispersión : Saludos
		Hermanos míos , tenedlo por sumo gozo cuando os encontréis en diversas pruebas
		sabiendo que la prueba de vuestra fe produce paciencia
		Pero que la paciencia tenga su obra completa para que seáis completos y cabales , no quedando atrás en nada
		Y si a alguno de vosotros le falta sabiduría , pídala a Dios , quien da a todos con liberalidad y sin reprochar ; y le será dada
		Pero pida con fe , no dudando nada . Porque el que duda es semejante a una ola del mar movida por el viento y echada de un lado a otro
		No piense tal hombre que recibirá cosa alguna del Señor
		El hombre de doble ánimo es inestable en todos sus caminos
		El hermano de humilde condición , gloríese en su exaltación
		pero el rico , en su humillación , porque él pasará como la flor de la hierba
		Pues se levanta el sol con su calor y seca la hierba , cuya flor se cae , y su bella apariencia se desvanece . De igual manera también se marchitará el rico en todos sus negocios
		Bienaventurado el hombre que persevera bajo la prueba ; porque , cuando haya sido probado , recibirá la corona de vida que Dios ha prometido a los que le aman
		Nadie diga cuando sea tentado : &amp;quot; Soy tentado por Dios &amp;quot; ; porque Dios no es tentado por el mal , y él no tienta a nadie
		Pero cada uno es tentado cuando es arrastrado y seducido por su propia pasión
		Luego la baja pasión , después de haber concebido , da a luz el pecado ; y el pecado , una vez llevado a cabo , engendra la muerte
		Mis amados hermanos , no os engañéis
		Toda buena dádiva y todo don perfecto proviene de lo alto y desciende del Padre de las luces , en quien no hay cambio ni sombra de variación
		Por su propia voluntad , él nos hizo nacer por la palabra de verdad , para que fuéramos como primicias de sus criaturas
		Sabed , mis amados hermanos : Todo hombre sea pronto para oír , lento para hablar y lento para la ira
		porque la ira del hombre no lleva a cabo la justicia de Dios
		Por lo tanto , desechando toda suciedad y la maldad que sobreabunda , recibid con mansedumbre la palabra implantada , la cual puede salvar vuestras almas
		Pero sed hacedores de la palabra , y no solamente oidores , engañándoos a vosotros mismos
		Porque cuando alguno es oidor de la palabra y no hacedor de ella , éste es semejante al hombre que mira su cara natural en un espejo
		Se mira a sí mismo y se marcha , y en seguida olvida cómo era
		Pero el que presta atención a la perfecta ley de la libertad y que persevera en ella , sin ser oidor olvidadizo sino hacedor de la obra , éste será bienaventurado en lo que hace
		Si alguien parece ser religioso y no refrena su lengua , sino que engaña a su corazón , la religión del tal es vana
		La religión pura e incontaminada delante de Dios y Padre es ésta : visitar a los huérfanos y a las viudas en su aflicción , y guardarse sin mancha del mundo
	</text>
	<annotations>
		<annotation source="MCS" anchor="siervo" bfScore="--" coherenceScore="--">bn:00011982n</annotation>
		<annotation source="MCS" anchor="Señor" bfScore="--" coherenceScore="--">bn:00055346n</annotation>
		<annotation source="BABELFY" anchor="Señor Jesucristo" bfScore="1.0" coherenceScore="0.6504424778761062">bn:00018805n</annotation>
		<annotation source="BABELFY" anchor="Jesucristo" bfScore="1.0" coherenceScore="0.6504424778761062">bn:00018805n</annotation>
		<annotation source="MCS" anchor="tribus" bfScore="--" coherenceScore="--">bn:00078226n</annotation>
		<annotation source="MCS" anchor="dispersión" bfScore="--" coherenceScore="--">bn:00027056n</annotation>
		<annotation source="MCS" anchor="Saludos" bfScore="--" coherenceScore="--">bn:00041739n</annotation>
		<annotation source="MCS" anchor="tened" bfScore="--" coherenceScore="--">bn:00089385v</annotation>
		<annotation source="MCS" anchor="sumo" bfScore="--" coherenceScore="--">bn:00075163n</annotation>
		<annotation source="BABELFY" anchor="gozo" bfScore="0.7539893617021277" coherenceScore="0.09292035398230089">bn:00087646v</annotation>
		<annotation source="MCS" anchor="pruebas" bfScore="--" coherenceScore="--">bn:00076647n</annotation>
		<annotation source="MCS" anchor="sabiendo" bfScore="--" coherenceScore="--">bn:00085261v</annotation>
		<annotation source="MCS" anchor="prueba" bfScore="--" coherenceScore="--">bn:00076647n</annotation>
		<annotation source="BABELFY" anchor="fe" bfScore="0.939269641114946" coherenceScore="0.7876106194690266">bn:00032768n</annotation>
		<annotation source="MCS" anchor="produce" bfScore="--" coherenceScore="--">bn:00086013v</annotation>
		<annotation source="BABELFY" anchor="paciencia" bfScore="0.8026888098062476" coherenceScore="0.15486725663716813">bn:14629457n</annotation>
		<annotation source="MCS" anchor="tenga" bfScore="--" coherenceScore="--">bn:00089385v</annotation>
		<annotation source="MCS" anchor="obra" bfScore="--" coherenceScore="--">bn:00011767n</annotation>
		<annotation source="BABELFY" anchor="obra completa" bfScore="0.8767123287671232" coherenceScore="0.035398230088495575">bn:00011767n</annotation>
		<annotation source="MCS" anchor="completa" bfScore="--" coherenceScore="--">bn:00096195a</annotation>
		<annotation source="MCS" anchor="seáis" bfScore="--" coherenceScore="--">bn:00083187v</annotation>
		<annotation source="MCS" anchor="completos" bfScore="--" coherenceScore="--">bn:00096195a</annotation>
		<annotation source="BABELFY" anchor="cabales" bfScore="1.0" coherenceScore="0.022123893805309734">bn:00103675a</annotation>
		<annotation source="MCS" anchor="quedando" bfScore="--" coherenceScore="--">bn:00092757v</annotation>
		<annotation source="BABELFY" anchor="atrás" bfScore="0.9" coherenceScore="0.02654867256637168">bn:00114475r</annotation>
		<annotation source="BABELFY" anchor="falta" bfScore="1.0" coherenceScore="0.13716814159292035">bn:00090161v</annotation>
		<annotation source="BABELFY" anchor="sabiduría" bfScore="0.7673432968993977" coherenceScore="0.1902654867256637">bn:00069220n</annotation>
		<annotation source="MCS" anchor="pida" bfScore="--" coherenceScore="--">bn:00082818v</annotation>
		<annotation source="MCS" anchor="da" bfScore="--" coherenceScore="--">bn:00088815v</annotation>
		<annotation source="MCS" anchor="liberalidad" bfScore="--" coherenceScore="--">bn:00003668n</annotation>
		<annotation source="MCS" anchor="reprochar" bfScore="--" coherenceScore="--">bn:00092847v</annotation>
		<annotation source="MCS" anchor="será" bfScore="--" coherenceScore="--">bn:00083187v</annotation>
		<annotation source="MCS" anchor="dada" bfScore="--" coherenceScore="--">bn:00088815v</annotation>
		<annotation source="MCS" anchor="dudando" bfScore="--" coherenceScore="--">bn:00087190v</annotation>
		<annotation source="MCS" anchor="duda" bfScore="--" coherenceScore="--">bn:00028425n</annotation>
		<annotation source="MCS" anchor="es" bfScore="--" coherenceScore="--">bn:00083187v</annotation>
		<annotation source="MCS" anchor="semejante" bfScore="--" coherenceScore="--">bn:00111411a</annotation>
		<annotation source="MCS" anchor="ola" bfScore="--" coherenceScore="--">bn:00056171n</annotation>
		<annotation source="BABELFY" anchor="mar" bfScore="0.9241101410342512" coherenceScore="0.1902654867256637">bn:00069946n</annotation>
		<annotation source="MCS" anchor="movida" bfScore="--" coherenceScore="--">bn:00087012v</annotation>
		<annotation source="MCS" anchor="viento" bfScore="--" coherenceScore="--">bn:00002216n</annotation>
		<annotation source="MCS" anchor="echada" bfScore="--" coherenceScore="--">bn:00084634v</annotation>
		<annotation source="MCS" anchor="lado" bfScore="--" coherenceScore="--">bn:00032604n</annotation>
		<annotation source="BABELFY" anchor="No piense" bfScore="0.8328444139821796" coherenceScore="0.5398230088495575">bn:00017339n</annotation>
		<annotation source="MCS" anchor="piense" bfScore="--" coherenceScore="--">bn:00084733v</annotation>
		<annotation source="MCS" anchor="hombre" bfScore="--" coherenceScore="--">bn:00001533n</annotation>
		<annotation source="MCS" anchor="recibirá" bfScore="--" coherenceScore="--">bn:00089246v</annotation>
		<annotation source="MCS" anchor="cosa" bfScore="--" coherenceScore="--">bn:00076925n</annotation>
		<annotation source="BABELFY" anchor="El hombre" bfScore="0.8" coherenceScore="0.008849557522123894">bn:14756943n</annotation>
		<annotation source="MCS" anchor="ánimo" bfScore="--" coherenceScore="--">bn:00004273n</annotation>
		<annotation source="MCS" anchor="inestable" bfScore="--" coherenceScore="--">bn:00113268a</annotation>
		<annotation source="MCS" anchor="caminos" bfScore="--" coherenceScore="--">bn:00080721n</annotation>
		<annotation source="MCS" anchor="hermano" bfScore="--" coherenceScore="--">bn:00071400n</annotation>
		<annotation source="MCS" anchor="humilde" bfScore="--" coherenceScore="--">bn:00104397a</annotation>
		<annotation source="MCS" anchor="condición" bfScore="--" coherenceScore="--">bn:00021644n</annotation>
		<annotation source="MCS" anchor="exaltación" bfScore="--" coherenceScore="--">bn:16217991n</annotation>
		<annotation source="MCS" anchor="rico" bfScore="--" coherenceScore="--">bn:00096612a</annotation>
		<annotation source="MCS" anchor="humillación" bfScore="--" coherenceScore="--">bn:01328667n</annotation>
		<annotation source="MCS" anchor="pasará" bfScore="--" coherenceScore="--">bn:00091458v</annotation>
		<annotation source="BABELFY" anchor="flor" bfScore="0.764349376114082" coherenceScore="0.1415929203539823">bn:00035378n</annotation>
		<annotation source="MCS" anchor="hierba" bfScore="--" coherenceScore="--">bn:00041433n</annotation>
		<annotation source="BABELFY" anchor="Pues" bfScore="1.0" coherenceScore="0.11061946902654868">bn:00025800n</annotation>
		<annotation source="MCS" anchor="levanta" bfScore="--" coherenceScore="--">bn:00084110v</annotation>
		<annotation source="BABELFY" anchor="sol" bfScore="0.8326023391812866" coherenceScore="0.29646017699115046">bn:00075170n</annotation>
		<annotation source="MCS" anchor="calor" bfScore="--" coherenceScore="--">bn:00043415n</annotation>
		<annotation source="MCS" anchor="seca" bfScore="--" coherenceScore="--">bn:00087402v</annotation>
		<annotation source="MCS" anchor="cae" bfScore="--" coherenceScore="--">bn:00087976v</annotation>
		<annotation source="MCS" anchor="bella" bfScore="--" coherenceScore="--">bn:00098171a</annotation>
		<annotation source="MCS" anchor="apariencia" bfScore="--" coherenceScore="--">bn:00005023n</annotation>
		<annotation source="MCS" anchor="desvanece" bfScore="--" coherenceScore="--">bn:00087489v</annotation>
		<annotation source="MCS" anchor="igual" bfScore="--" coherenceScore="--">bn:00102336a</annotation>
		<annotation source="BABELFY" anchor="manera" bfScore="0.9374489629266699" coherenceScore="0.4646017699115044">bn:00033729n</annotation>
		<annotation source="BABELFY" anchor="marchitará" bfScore="1.0" coherenceScore="0.004424778761061947">bn:00095776v</annotation>
		<annotation source="MCS" anchor="negocios" bfScore="--" coherenceScore="--">bn:00014142n</annotation>
		<annotation source="BABELFY" anchor="haya" bfScore="0.9570469798657718" coherenceScore="0.10176991150442478">bn:00083184v</annotation>
		<annotation source="MCS" anchor="sido" bfScore="--" coherenceScore="--">bn:00083187v</annotation>
		<annotation source="MCS" anchor="probado" bfScore="--" coherenceScore="--">bn:00087731v</annotation>
		<annotation source="MCS" anchor="corona" bfScore="--" coherenceScore="--">bn:00049469n</annotation>
		<annotation source="BABELFY" anchor="vida" bfScore="0.7840369874680618" coherenceScore="0.3185840707964602">bn:00051054n</annotation>
		<annotation source="BABELFY" anchor="ha" bfScore="0.9570469798657718" coherenceScore="0.10176991150442478">bn:00083184v</annotation>
		<annotation source="MCS" anchor="prometido" bfScore="--" coherenceScore="--">bn:00091749v</annotation>
		<annotation source="MCS" anchor="aman" bfScore="--" coherenceScore="--">bn:00090505v</annotation>
		<annotation source="MCS" anchor="diga" bfScore="--" coherenceScore="--">bn:00093287v</annotation>
		<annotation source="MCS" anchor="sea" bfScore="--" coherenceScore="--">bn:00083187v</annotation>
		<annotation source="MCS" anchor="tentado" bfScore="--" coherenceScore="--">bn:00082548v</annotation>
		<annotation source="MCS" anchor="Soy" bfScore="--" coherenceScore="--">bn:00083187v</annotation>
		<annotation source="MCS" anchor="mal" bfScore="--" coherenceScore="--">bn:00032048n</annotation>
		<annotation source="MCS" anchor="tienta" bfScore="--" coherenceScore="--">bn:00082548v</annotation>
		<annotation source="MCS" anchor="arrastrado" bfScore="--" coherenceScore="--">bn:00087234v</annotation>
		<annotation source="BABELFY" anchor="seducido" bfScore="0.9218500797448166" coherenceScore="0.0752212389380531">bn:00090574v</annotation>
		<annotation source="BABELFY" anchor="propia" bfScore="0.7343283582089553" coherenceScore="0.13274336283185842">bn:00096707a</annotation>
		<annotation source="MCS" anchor="pasión" bfScore="--" coherenceScore="--">bn:00060907n</annotation>
		<annotation source="BABELFY" anchor="Luego" bfScore="1.0" coherenceScore="0.11061946902654868">bn:00025800n</annotation>
		<annotation source="MCS" anchor="baja" bfScore="--" coherenceScore="--">bn:00106206a</annotation>
		<annotation source="BABELFY" anchor="después" bfScore="1.0" coherenceScore="0.061946902654867256">bn:00114165r</annotation>
		<annotation source="BABELFY" anchor="haber" bfScore="0.9570469798657718" coherenceScore="0.10176991150442478">bn:00083184v</annotation>
		<annotation source="MCS" anchor="concebido" bfScore="--" coherenceScore="--">bn:00085514v</annotation>
		<annotation source="BABELFY" anchor="luz" bfScore="0.8574369071057812" coherenceScore="0.29646017699115046">bn:00051108n</annotation>
		<annotation source="BABELFY" anchor="pecado" bfScore="0.90408128121233" coherenceScore="0.30973451327433627">bn:00071707n</annotation>
		<annotation source="BABELFY" anchor="vez" bfScore="0.975" coherenceScore="0.05309734513274336">bn:00019848n</annotation>
		<annotation source="MCS" anchor="llevado" bfScore="--" coherenceScore="--">bn:00084554v</annotation>
		<annotation source="MCS" anchor="cabo" bfScore="--" coherenceScore="--">bn:00015427n</annotation>
		<annotation source="MCS" anchor="engendra" bfScore="--" coherenceScore="--">bn:00083336v</annotation>
		<annotation source="BABELFY" anchor="muerte" bfScore="0.8497797229980708" coherenceScore="0.5265486725663717">bn:00025582n</annotation>
		<annotation source="MCS" anchor="hermanos" bfScore="--" coherenceScore="--">bn:00071400n</annotation>
		<annotation source="MCS" anchor="Toda" bfScore="--" coherenceScore="--">bn:01772897n</annotation>
		<annotation source="MCS" anchor="buena" bfScore="--" coherenceScore="--">bn:00103672a</annotation>
		<annotation source="BABELFY" anchor="dádiva" bfScore="0.871222076215506" coherenceScore="0.1504424778761062">bn:00040436n</annotation>
		<annotation source="MCS" anchor="perfecto" bfScore="--" coherenceScore="--">bn:00108442a</annotation>
		<annotation source="BABELFY" anchor="proviene" bfScore="0.9932088285229203" coherenceScore="0.1592920353982301">bn:00085333v</annotation>
		<annotation source="MCS" anchor="alto" bfScore="--" coherenceScore="--">bn:00075973n</annotation>
		<annotation source="MCS" anchor="desciende" bfScore="--" coherenceScore="--">bn:00085356v</annotation>
		<annotation source="MCS" anchor="Padre" bfScore="--" coherenceScore="--">bn:00009616n</annotation>
		<annotation source="BABELFY" anchor="luces" bfScore="0.8574369071057812" coherenceScore="0.29646017699115046">bn:00051108n</annotation>
		<annotation source="BABELFY" anchor="hay" bfScore="0.9570469798657718" coherenceScore="0.10176991150442478">bn:00083184v</annotation>
		<annotation source="MCS" anchor="cambio" bfScore="--" coherenceScore="--">bn:00003125n</annotation>
		<annotation source="MCS" anchor="sombra" bfScore="--" coherenceScore="--">bn:00070830n</annotation>
		<annotation source="MCS" anchor="variación" bfScore="--" coherenceScore="--">bn:00035414n</annotation>
		<annotation source="BABELFY" anchor="voluntad" bfScore="0.7473089818245986" coherenceScore="0.30973451327433627">bn:16772028n</annotation>
		<annotation source="MCS" anchor="hizo" bfScore="--" coherenceScore="--">bn:00087107v</annotation>
		<annotation source="MCS" anchor="nacer" bfScore="--" coherenceScore="--">bn:00083836v</annotation>
		<annotation source="BABELFY" anchor="palabra" bfScore="0.9685497558103286" coherenceScore="0.5176991150442478">bn:00081546n</annotation>
		<annotation source="BABELFY" anchor="verdad" bfScore="0.9475298499287983" coherenceScore="0.4424778761061947">bn:00072816n</annotation>
		<annotation source="BABELFY" anchor="primicias" bfScore="0.995575221238938" coherenceScore="0.06637168141592921">bn:02948889n</annotation>
		<annotation source="MCS" anchor="criaturas" bfScore="--" coherenceScore="--">bn:00072172n</annotation>
		<annotation source="BABELFY" anchor="pronto" bfScore="0.9979338842975206" coherenceScore="0.09292035398230089">bn:00114513r</annotation>
		<annotation source="MCS" anchor="oír" bfScore="--" coherenceScore="--">bn:00089277v</annotation>
		<annotation source="MCS" anchor="lento" bfScore="--" coherenceScore="--">bn:00110767a</annotation>
		<annotation source="MCS" anchor="hablar" bfScore="--" coherenceScore="--">bn:00094090v</annotation>
		<annotation source="MCS" anchor="ira" bfScore="--" coherenceScore="--">bn:00004085n</annotation>
		<annotation source="MCS" anchor="lleva" bfScore="--" coherenceScore="--">bn:00084554v</annotation>
		<annotation source="BABELFY" anchor="justicia" bfScore="0.7151779667394086" coherenceScore="0.3185840707964602">bn:00048668n</annotation>
		<annotation source="MCS" anchor="Por lo tanto" bfScore="--" coherenceScore="--">bn:00115635r</annotation>
		<annotation source="BABELFY" anchor="desechando" bfScore="0.8767123287671232" coherenceScore="0.035398230088495575">bn:00084634v</annotation>
		<annotation source="MCS" anchor="suciedad" bfScore="--" coherenceScore="--">bn:00078956n</annotation>
		<annotation source="MCS" anchor="maldad" bfScore="--" coherenceScore="--">bn:00007875n</annotation>
		<annotation source="BABELFY" anchor="mansedumbre" bfScore="1.0" coherenceScore="0.05309734513274336">bn:08477462n</annotation>
		<annotation source="BABELFY" anchor="implantada" bfScore="1.0" coherenceScore="0.017699115044247787">bn:00085026v</annotation>
		<annotation source="BABELFY" anchor="puede" bfScore="0.8" coherenceScore="0.02654867256637168">bn:00089308v</annotation>
		<annotation source="MCS" anchor="salvar" bfScore="--" coherenceScore="--">bn:00092745v</annotation>
		<annotation source="MCS" anchor="almas" bfScore="--" coherenceScore="--">bn:00065006n</annotation>
		<annotation source="MCS" anchor="sed" bfScore="--" coherenceScore="--">bn:00083187v</annotation>
		<annotation source="BABELFY" anchor="solamente" bfScore="0.952433628318584" coherenceScore="0.18141592920353983">bn:00114626r</annotation>
		<annotation source="MCS" anchor="mismos" bfScore="--" coherenceScore="--">bn:00110076a</annotation>
		<annotation source="MCS" anchor="mira" bfScore="--" coherenceScore="--">bn:00090448v</annotation>
		<annotation source="MCS" anchor="cara" bfScore="--" coherenceScore="--">bn:00032600n</annotation>
		<annotation source="MCS" anchor="natural" bfScore="--" coherenceScore="--">bn:00107151a</annotation>
		<annotation source="BABELFY" anchor="espejo" bfScore="0.8783638320775027" coherenceScore="0.1415929203539823">bn:00055261n</annotation>
		<annotation source="MCS" anchor="mismo" bfScore="--" coherenceScore="--">bn:00110076a</annotation>
		<annotation source="MCS" anchor="marcha" bfScore="--" coherenceScore="--">bn:00053355n</annotation>
		<annotation source="MCS" anchor="seguida" bfScore="--" coherenceScore="--">bn:00088421v</annotation>
		<annotation source="MCS" anchor="olvida" bfScore="--" coherenceScore="--">bn:00084302v</annotation>
		<annotation source="MCS" anchor="cómo" bfScore="--" coherenceScore="--">bn:13703918r</annotation>
		<annotation source="MCS" anchor="era" bfScore="--" coherenceScore="--">bn:00083187v</annotation>
		<annotation source="MCS" anchor="presta" bfScore="--" coherenceScore="--">bn:00090289v</annotation>
		<annotation source="MCS" anchor="atención" bfScore="--" coherenceScore="--">bn:00007020n</annotation>
		<annotation source="MCS" anchor="perfecta" bfScore="--" coherenceScore="--">bn:00108442a</annotation>
		<annotation source="BABELFY" anchor="ley" bfScore="0.7659701048561017" coherenceScore="0.4557522123893805">bn:00048655n</annotation>
		<annotation source="MCS" anchor="libertad" bfScore="--" coherenceScore="--">bn:00036376n</annotation>
		<annotation source="MCS" anchor="ser" bfScore="--" coherenceScore="--">bn:00083187v</annotation>
		<annotation source="BABELFY" anchor="olvidadizo" bfScore="0.7752293577981652" coherenceScore="0.05752212389380531">bn:00103218a</annotation>
		<annotation source="MCS" anchor="hace" bfScore="--" coherenceScore="--">bn:00087107v</annotation>
		<annotation source="BABELFY" anchor="Si" bfScore="0.8629441624365483" coherenceScore="0.13274336283185842">bn:00047162n</annotation>
		<annotation source="MCS" anchor="parece" bfScore="--" coherenceScore="--">bn:00082690v</annotation>
		<annotation source="MCS" anchor="religioso" bfScore="--" coherenceScore="--">bn:00109662a</annotation>
		<annotation source="BABELFY" anchor="lengua" bfScore="0.7087789329440853" coherenceScore="0.4557522123893805">bn:00049910n</annotation>
		<annotation source="MCS" anchor="engaña" bfScore="--" coherenceScore="--">bn:00083458v</annotation>
		<annotation source="MCS" anchor="corazón" bfScore="--" coherenceScore="--">bn:00043383n</annotation>
		<annotation source="BABELFY" anchor="religión" bfScore="0.9948206024923084" coherenceScore="0.7876106194690266">bn:00032768n</annotation>
		<annotation source="MCS" anchor="vana" bfScore="--" coherenceScore="--">bn:00103448a</annotation>
		<annotation source="MCS" anchor="pura" bfScore="--" coherenceScore="--">bn:00109244a</annotation>
		<annotation source="BABELFY" anchor="delante" bfScore="1.0" coherenceScore="0.004424778761061947">bn:00114182r</annotation>
		<annotation source="MCS" anchor="visitar" bfScore="--" coherenceScore="--">bn:00093433v</annotation>
		<annotation source="MCS" anchor="viudas" bfScore="--" coherenceScore="--">bn:00081167n</annotation>
		<annotation source="BABELFY" anchor="aflicción" bfScore="0.8470588235294118" coherenceScore="0.035398230088495575">bn:00001782n</annotation>
		<annotation source="MCS" anchor="guardar" bfScore="--" coherenceScore="--">bn:00089407v</annotation>
		<annotation source="MCS" anchor="mancha" bfScore="--" coherenceScore="--">bn:00011197n</annotation>
		<annotation source="MCS" anchor="mundo" bfScore="--" coherenceScore="--">bn:00029428n</annotation>
	</annotations>
</paragraph>
<paragraph id="p.2">
	<text>
		Hermanos míos , tened la fe de nuestro glorioso Señor Jesucristo , sin hacer distinción de personas
		Porque si en vuestra congregación entra un hombre con anillo de oro y ropa lujosa , y también entra un pobre con vestido sucio
		y sólo atendéis con respeto al que lleva ropa lujosa y le decís : &amp;quot; Siéntate tú aquí en buen lugar &amp;quot; ; y al pobre le decís : &amp;quot; Quédate allí de pie &amp;quot; o &amp;quot; Siéntate aquí a mis pies &amp;quot;
		¿ no hacéis distinción entre vosotros , y no venís a ser jueces con malos criterios
		Amados hermanos míos , oíd : ¿ No ha elegido Dios a los pobres de este mundo , ricos en fe y herederos del reino que ha prometido a los que le aman
		Pero vosotros habéis afrentado al pobre . ¿ No os oprimen los ricos , y no son ellos los que os arrastran a los tribunales
		¿ No blasfeman ellos el buen nombre que ha sido invocado sobre vosotros
		Si de veras cumplís la ley real conforme a las Escrituras : Amarás a tu prójimo como a ti mismo , hacéis bien
		Pero si hacéis distinción de personas , cometéis pecado y sois reprobados por la ley como transgresores
		Porque cualquiera que guarda toda la ley pero ofende en un solo punto se ha hecho culpable de todo
		Porque el que dijo : No cometas adulterio , también dijo : No cometas homicidio . Y si no cometes adulterio , pero cometes homicidio , te has hecho transgresor de la ley
		Así hablad y así actuad , como quienes están a punto de ser juzgados por la ley de la libertad
		Porque habrá juicio sin misericordia contra aquel que no hace misericordia . ¡ La misericordia se gloría triunfante sobre el juicio
		Hermanos míos , si alguno dice que tiene fe y no tiene obras , ¿ de qué sirve ? ¿ Puede acaso su fe salvarle
		Si un hermano o una hermana están desnudos y les falta la comida diaria
		y alguno de vosotros les dice : &amp;quot; Id en paz , calentaos y saciaos &amp;quot; , pero no les da lo necesario para el cuerpo , ¿ de qué sirve
		Así también la fe , si no tiene obras , está muerta en sí misma
		Sin embargo , alguno dirá : &amp;quot; Tú tienes fe , y yo tengo obras . &amp;quot; ¡ Muéstrame tu fe sin tus obras , y yo te mostraré mi fe por mis obras
		Tú crees que Dios es uno . Bien haces . También los demonios creen y tiemblan
		Pero , ¿ quieres saber , hombre vano , que la fe sin obras es muerta
		¿ No fue justificado por las obras nuestro padre Abraham , cuando ofreció a su hijo Isaac sobre el altar
		Ves que la fe actuaba juntamente con sus obras y que la fe fue completada por las obras
		Y se cumplió la Escritura que dice : Abraham creyó a Dios , y le fue contado por justicia ; y fue llamado amigo de Dios
		Veis , pues , que el hombre es justificado por las obras y no solamente por la fe
		De igual manera , ¿ no fue justificada también la prostituta Rajab por las obras , cuando recibió a los mensajeros y los envió por otro camino
		Porque tal como el cuerpo sin el espíritu está muerto , así también la fe sin obras está muerta
	</text>
	<annotations>
		<annotation source="MCS" anchor="Hermanos" bfScore="--" coherenceScore="--">bn:00071400n</annotation>
		<annotation source="MCS" anchor="tened" bfScore="--" coherenceScore="--">bn:00089385v</annotation>
		<annotation source="BABELFY" anchor="fe" bfScore="0.9593557686498243" coherenceScore="0.8189655172413793">bn:00032768n</annotation>
		<annotation source="BABELFY" anchor="glorioso" bfScore="0.8756476683937824" coherenceScore="0.05603448275862069">bn:00103627a</annotation>
		<annotation source="MCS" anchor="Señor" bfScore="--" coherenceScore="--">bn:00055346n</annotation>
		<annotation source="BABELFY" anchor="Señor Jesucristo" bfScore="1.0" coherenceScore="0.6982758620689655">bn:00018805n</annotation>
		<annotation source="BABELFY" anchor="Jesucristo" bfScore="1.0" coherenceScore="0.6982758620689655">bn:00018805n</annotation>
		<annotation source="MCS" anchor="hacer" bfScore="--" coherenceScore="--">bn:00087107v</annotation>
		<annotation source="MCS" anchor="distinción" bfScore="--" coherenceScore="--">bn:00027534n</annotation>
		<annotation source="BABELFY" anchor="personas" bfScore="0.8278762645767789" coherenceScore="0.771551724137931">bn:00046516n</annotation>
		<annotation source="MCS" anchor="congregación" bfScore="--" coherenceScore="--">bn:00021837n</annotation>
		<annotation source="MCS" anchor="entra" bfScore="--" coherenceScore="--">bn:00085363v</annotation>
		<annotation source="MCS" anchor="hombre" bfScore="--" coherenceScore="--">bn:00001533n</annotation>
		<annotation source="MCS" anchor="anillo" bfScore="--" coherenceScore="--">bn:00008287n</annotation>
		<annotation source="MCS" anchor="oro" bfScore="--" coherenceScore="--">bn:00040921n</annotation>
		<annotation source="BABELFY" anchor="ropa" bfScore="0.8330281948004394" coherenceScore="0.2801724137931034">bn:00006125n</annotation>
		<annotation source="MCS" anchor="lujosa" bfScore="--" coherenceScore="--">bn:00101144a</annotation>
		<annotation source="MCS" anchor="pobre" bfScore="--" coherenceScore="--">bn:00108798a</annotation>
		<annotation source="MCS" anchor="vestido" bfScore="--" coherenceScore="--">bn:00028682n</annotation>
		<annotation source="MCS" anchor="sucio" bfScore="--" coherenceScore="--">bn:00101429a</annotation>
		<annotation source="BABELFY" anchor="sólo" bfScore="0.9936305732484076" coherenceScore="0.16810344827586207">bn:00114626r</annotation>
		<annotation source="MCS" anchor="respeto" bfScore="--" coherenceScore="--">bn:00031654n</annotation>
		<annotation source="MCS" anchor="lleva" bfScore="--" coherenceScore="--">bn:00084554v</annotation>
		<annotation source="MCS" anchor="decís" bfScore="--" coherenceScore="--">bn:00093287v</annotation>
		<annotation source="MCS" anchor="aquí" bfScore="--" coherenceScore="--">bn:00115641r</annotation>
		<annotation source="MCS" anchor="buen" bfScore="--" coherenceScore="--">bn:00103672a</annotation>
		<annotation source="MCS" anchor="lugar" bfScore="--" coherenceScore="--">bn:00062699n</annotation>
		<annotation source="MCS" anchor="Queda" bfScore="--" coherenceScore="--">bn:00092757v</annotation>
		<annotation source="BABELFY" anchor="allí" bfScore="1.0" coherenceScore="0.02586206896551724">bn:00114427r</annotation>
		<annotation source="MCS" anchor="pie" bfScore="--" coherenceScore="--">bn:00035680n</annotation>
		<annotation source="MCS" anchor="pies" bfScore="--" coherenceScore="--">bn:00035680n</annotation>
		<annotation source="MCS" anchor="hacéis" bfScore="--" coherenceScore="--">bn:00087107v</annotation>
		<annotation source="MCS" anchor="venís" bfScore="--" coherenceScore="--">bn:00082788v</annotation>
		<annotation source="MCS" anchor="ser" bfScore="--" coherenceScore="--">bn:00083187v</annotation>
		<annotation source="MCS" anchor="jueces" bfScore="--" coherenceScore="--">bn:00001401n</annotation>
		<annotation source="MCS" anchor="malos" bfScore="--" coherenceScore="--">bn:00097966a</annotation>
		<annotation source="MCS" anchor="criterios" bfScore="--" coherenceScore="--">bn:00048495n</annotation>
		<annotation source="MCS" anchor="hermanos" bfScore="--" coherenceScore="--">bn:00071400n</annotation>
		<annotation source="BABELFY" anchor="ha" bfScore="0.9417040358744395" coherenceScore="0.10344827586206896">bn:00083184v</annotation>
		<annotation source="MCS" anchor="elegido" bfScore="--" coherenceScore="--">bn:00084933v</annotation>
		<annotation source="MCS" anchor="pobres" bfScore="--" coherenceScore="--">bn:00108798a</annotation>
		<annotation source="MCS" anchor="mundo" bfScore="--" coherenceScore="--">bn:00029428n</annotation>
		<annotation source="MCS" anchor="ricos" bfScore="--" coherenceScore="--">bn:00096612a</annotation>
		<annotation source="MCS" anchor="herederos" bfScore="--" coherenceScore="--">bn:00043555n</annotation>
		<annotation source="MCS" anchor="reino" bfScore="--" coherenceScore="--">bn:00049171n</annotation>
		<annotation source="MCS" anchor="prometido" bfScore="--" coherenceScore="--">bn:00091749v</annotation>
		<annotation source="MCS" anchor="aman" bfScore="--" coherenceScore="--">bn:00090505v</annotation>
		<annotation source="BABELFY" anchor="habéis" bfScore="0.9417040358744395" coherenceScore="0.10344827586206896">bn:00083184v</annotation>
		<annotation source="BABELFY" anchor="oprimen" bfScore="1.0" coherenceScore="0.017241379310344827">bn:00086114v</annotation>
		<annotation source="MCS" anchor="son" bfScore="--" coherenceScore="--">bn:00083187v</annotation>
		<annotation source="MCS" anchor="arrastran" bfScore="--" coherenceScore="--">bn:00087234v</annotation>
		<annotation source="BABELFY" anchor="tribunales" bfScore="0.9098960338852522" coherenceScore="0.29310344827586204">bn:00023308n</annotation>
		<annotation source="MCS" anchor="nombre" bfScore="--" coherenceScore="--">bn:00056758n</annotation>
		<annotation source="MCS" anchor="sido" bfScore="--" coherenceScore="--">bn:00083187v</annotation>
		<annotation source="MCS" anchor="invocado" bfScore="--" coherenceScore="--">bn:00082770v</annotation>
		<annotation source="MCS" anchor="Si" bfScore="--" coherenceScore="--">bn:00047162n</annotation>
		<annotation source="MCS" anchor="cumplís" bfScore="--" coherenceScore="--">bn:00082225v</annotation>
		<annotation source="MCS" anchor="ley" bfScore="--" coherenceScore="--">bn:00048655n</annotation>
		<annotation source="MCS" anchor="real" bfScore="--" coherenceScore="--">bn:00096397a</annotation>
		<annotation source="MCS" anchor="conforme" bfScore="--" coherenceScore="--">bn:13602588a</annotation>
		<annotation source="BABELFY" anchor="Escrituras" bfScore="0.8715105746775215" coherenceScore="0.521551724137931">bn:00010217n</annotation>
		<annotation source="MCS" anchor="Amarás" bfScore="--" coherenceScore="--">bn:00090505v</annotation>
		<annotation source="MCS" anchor="Amarás a tu prójimo" bfScore="--" coherenceScore="--">bn:16370685n</annotation>
		<annotation source="MCS" anchor="prójimo" bfScore="--" coherenceScore="--">bn:08383690n</annotation>
		<annotation source="MCS" anchor="mismo" bfScore="--" coherenceScore="--">bn:00110076a</annotation>
		<annotation source="MCS" anchor="bien" bfScore="--" coherenceScore="--">bn:00115530r</annotation>
		<annotation source="BABELFY" anchor="pecado" bfScore="0.9076517150395779" coherenceScore="0.1853448275862069">bn:00093756v</annotation>
		<annotation source="MCS" anchor="sois" bfScore="--" coherenceScore="--">bn:00083187v</annotation>
		<annotation source="MCS" anchor="guarda" bfScore="--" coherenceScore="--">bn:00089407v</annotation>
		<annotation source="BABELFY" anchor="ley" bfScore="0.76372771862663" coherenceScore="0.24568965517241378">bn:00050588n</annotation>
		<annotation source="MCS" anchor="ofende" bfScore="--" coherenceScore="--">bn:00087015v</annotation>
		<annotation source="BABELFY" anchor="solo" bfScore="0.8076335877862595" coherenceScore="0.09913793103448276">bn:00106122a</annotation>
		<annotation source="MCS" anchor="punto" bfScore="--" coherenceScore="--">bn:00036777n</annotation>
		<annotation source="MCS" anchor="hecho" bfScore="--" coherenceScore="--">bn:00087107v</annotation>
		<annotation source="MCS" anchor="culpable" bfScore="--" coherenceScore="--">bn:00103831a</annotation>
		<annotation source="MCS" anchor="dijo" bfScore="--" coherenceScore="--">bn:00093287v</annotation>
		<annotation source="MCS" anchor="cometas" bfScore="--" coherenceScore="--">bn:00085426v</annotation>
		<annotation source="BABELFY" anchor="adulterio" bfScore="0.9193954659949622" coherenceScore="0.1724137931034483">bn:00001543n</annotation>
		<annotation source="MCS" anchor="homicidio" bfScore="--" coherenceScore="--">bn:00044565n</annotation>
		<annotation source="MCS" anchor="cometes" bfScore="--" coherenceScore="--">bn:00085426v</annotation>
		<annotation source="BABELFY" anchor="has" bfScore="0.9417040358744395" coherenceScore="0.10344827586206896">bn:00083184v</annotation>
		<annotation source="MCS" anchor="transgresor" bfScore="--" coherenceScore="--">bn:00050275n</annotation>
		<annotation source="MCS" anchor="Así" bfScore="--" coherenceScore="--">bn:00036261n</annotation>
		<annotation source="MCS" anchor="actuad" bfScore="--" coherenceScore="--">bn:00082285v</annotation>
		<annotation source="MCS" anchor="juzgados" bfScore="--" coherenceScore="--">bn:00090000v</annotation>
		<annotation source="MCS" anchor="libertad" bfScore="--" coherenceScore="--">bn:00036376n</annotation>
		<annotation source="BABELFY" anchor="habrá" bfScore="0.9417040358744395" coherenceScore="0.10344827586206896">bn:00083184v</annotation>
		<annotation source="MCS" anchor="juicio" bfScore="--" coherenceScore="--">bn:00048493n</annotation>
		<annotation source="BABELFY" anchor="misericordia" bfScore="0.7212296374146085" coherenceScore="0.1939655172413793">bn:00019708n</annotation>
		<annotation source="MCS" anchor="hace" bfScore="--" coherenceScore="--">bn:00087107v</annotation>
		<annotation source="BABELFY" anchor="triunfante" bfScore="0.9615384615384616" coherenceScore="0.021551724137931036">bn:00112128a</annotation>
		<annotation source="MCS" anchor="dice" bfScore="--" coherenceScore="--">bn:00093287v</annotation>
		<annotation source="MCS" anchor="tiene" bfScore="--" coherenceScore="--">bn:00089385v</annotation>
		<annotation source="MCS" anchor="obras" bfScore="--" coherenceScore="--">bn:00011767n</annotation>
		<annotation source="MCS" anchor="sirve" bfScore="--" coherenceScore="--">bn:00089309v</annotation>
		<annotation source="MCS" anchor="Puede" bfScore="--" coherenceScore="--">bn:13601970v</annotation>
		<annotation source="MCS" anchor="acaso" bfScore="--" coherenceScore="--">bn:00116211r</annotation>
		<annotation source="MCS" anchor="salvar" bfScore="--" coherenceScore="--">bn:00092745v</annotation>
		<annotation source="MCS" anchor="hermano" bfScore="--" coherenceScore="--">bn:00071400n</annotation>
		<annotation source="MCS" anchor="hermana" bfScore="--" coherenceScore="--">bn:00071400n</annotation>
		<annotation source="BABELFY" anchor="desnudos" bfScore="0.700086430423509" coherenceScore="0.11637931034482758">bn:00097745a</annotation>
		<annotation source="BABELFY" anchor="falta" bfScore="1.0" coherenceScore="0.1853448275862069">bn:00090161v</annotation>
		<annotation source="MCS" anchor="comida" bfScore="--" coherenceScore="--">bn:00053993n</annotation>
		<annotation source="BABELFY" anchor="comida diaria" bfScore="1.0" coherenceScore="0.11206896551724138">bn:00053993n</annotation>
		<annotation source="BABELFY" anchor="diaria" bfScore="0.995575221238938" coherenceScore="0.06465517241379311">bn:00102469a</annotation>
		<annotation source="BABELFY" anchor="Id" bfScore="1.0" coherenceScore="0.15948275862068967">bn:03415425n</annotation>
		<annotation source="MCS" anchor="paz" bfScore="--" coherenceScore="--">bn:00061149n</annotation>
		<annotation source="MCS" anchor="da" bfScore="--" coherenceScore="--">bn:00088815v</annotation>
		<annotation source="MCS" anchor="necesario" bfScore="--" coherenceScore="--">bn:00107182a</annotation>
		<annotation source="MCS" anchor="cuerpo" bfScore="--" coherenceScore="--">bn:00011744n</annotation>
		<annotation source="MCS" anchor="muerta" bfScore="--" coherenceScore="--">bn:00100948a</annotation>
		<annotation source="MCS" anchor="misma" bfScore="--" coherenceScore="--">bn:00110076a</annotation>
		<annotation source="BABELFY" anchor="Sin embargo" bfScore="1.0" coherenceScore="0.0603448275862069">bn:00021883n</annotation>
		<annotation source="MCS" anchor="embargo" bfScore="--" coherenceScore="--">bn:00030465n</annotation>
		<annotation source="MCS" anchor="dirá" bfScore="--" coherenceScore="--">bn:00093287v</annotation>
		<annotation source="MCS" anchor="tienes" bfScore="--" coherenceScore="--">bn:00089385v</annotation>
		<annotation source="MCS" anchor="tengo" bfScore="--" coherenceScore="--">bn:00089385v</annotation>
		<annotation source="MCS" anchor="Muestra" bfScore="--" coherenceScore="--">bn:00086567v</annotation>
		<annotation source="MCS" anchor="mostraré" bfScore="--" coherenceScore="--">bn:00086567v</annotation>
		<annotation source="MCS" anchor="es" bfScore="--" coherenceScore="--">bn:00083187v</annotation>
		<annotation source="MCS" anchor="Bien" bfScore="--" coherenceScore="--">bn:00115530r</annotation>
		<annotation source="MCS" anchor="haces" bfScore="--" coherenceScore="--">bn:00009313n</annotation>
		<annotation source="MCS" anchor="creen" bfScore="--" coherenceScore="--">bn:00086009v</annotation>
		<annotation source="MCS" anchor="quieres" bfScore="--" coherenceScore="--">bn:00086682v</annotation>
		<annotation source="MCS" anchor="saber" bfScore="--" coherenceScore="--">bn:00085261v</annotation>
		<annotation source="MCS" anchor="vano" bfScore="--" coherenceScore="--">bn:00103448a</annotation>
		<annotation source="MCS" anchor="fue" bfScore="--" coherenceScore="--">bn:00083187v</annotation>
		<annotation source="MCS" anchor="justificado" bfScore="--" coherenceScore="--">bn:00090024v</annotation>
		<annotation source="MCS" anchor="padre" bfScore="--" coherenceScore="--">bn:00009616n</annotation>
		<annotation source="BABELFY" anchor="Abraham" bfScore="0.8015251006142766" coherenceScore="0.1853448275862069">bn:00000386n</annotation>
		<annotation source="MCS" anchor="ofreció" bfScore="--" coherenceScore="--">bn:00091136v</annotation>
		<annotation source="MCS" anchor="hijo" bfScore="--" coherenceScore="--">bn:00024244n</annotation>
		<annotation source="MCS" anchor="altar" bfScore="--" coherenceScore="--">bn:00003117n</annotation>
		<annotation source="MCS" anchor="Ves" bfScore="--" coherenceScore="--">bn:00093430v</annotation>
		<annotation source="MCS" anchor="actuaba" bfScore="--" coherenceScore="--">bn:00082285v</annotation>
		<annotation source="BABELFY" anchor="juntamente" bfScore="0.9376623376623376" coherenceScore="0.08189655172413793">bn:00116044r</annotation>
		<annotation source="MCS" anchor="completada" bfScore="--" coherenceScore="--">bn:00084164v</annotation>
		<annotation source="MCS" anchor="cumplió" bfScore="--" coherenceScore="--">bn:00082225v</annotation>
		<annotation source="MCS" anchor="Escritura" bfScore="--" coherenceScore="--">bn:00007306n</annotation>
		<annotation source="MCS" anchor="creyó" bfScore="--" coherenceScore="--">bn:00083369v</annotation>
		<annotation source="MCS" anchor="contado" bfScore="--" coherenceScore="--">bn:00085859v</annotation>
		<annotation source="MCS" anchor="justicia" bfScore="--" coherenceScore="--">bn:00048668n</annotation>
		<annotation source="MCS" anchor="llamado" bfScore="--" coherenceScore="--">bn:00084386v</annotation>
		<annotation source="MCS" anchor="amigo" bfScore="--" coherenceScore="--">bn:00036538n</annotation>
		<annotation source="MCS" anchor="Veis" bfScore="--" coherenceScore="--">bn:00093430v</annotation>
		<annotation source="BABELFY" anchor="solamente" bfScore="0.9635577516985794" coherenceScore="0.16810344827586207">bn:00114626r</annotation>
		<annotation source="MCS" anchor="igual" bfScore="--" coherenceScore="--">bn:00102336a</annotation>
		<annotation source="BABELFY" anchor="manera" bfScore="0.8754587427489049" coherenceScore="0.4396551724137931">bn:00033729n</annotation>
		<annotation source="MCS" anchor="justificada" bfScore="--" coherenceScore="--">bn:00090024v</annotation>
		<annotation source="MCS" anchor="prostituta" bfScore="--" coherenceScore="--">bn:00009205n</annotation>
		<annotation source="BABELFY" anchor="Rajab" bfScore="1.0" coherenceScore="0.08620689655172414">bn:00066074n</annotation>
		<annotation source="MCS" anchor="recibió" bfScore="--" coherenceScore="--">bn:00089246v</annotation>
		<annotation source="MCS" anchor="mensajeros" bfScore="--" coherenceScore="--">bn:00023284n</annotation>
		<annotation source="MCS" anchor="envió" bfScore="--" coherenceScore="--">bn:00090548v</annotation>
		<annotation source="MCS" anchor="camino" bfScore="--" coherenceScore="--">bn:00080721n</annotation>
		<annotation source="MCS" anchor="espíritu" bfScore="--" coherenceScore="--">bn:00033960n</annotation>
		<annotation source="MCS" anchor="muerto" bfScore="--" coherenceScore="--">bn:00100948a</annotation>
	</annotations>
</paragraph>
<paragraph id="p.3">
	<text>
		Hermanos míos , no os hagáis muchos maestros , sabiendo que recibiremos juicio más riguroso
		porque todos ofendemos en muchas cosas . Si alguno no ofende en palabra , éste es hombre cabal , capaz también de frenar al cuerpo entero
		He aquí , ponemos freno en la boca de los caballos para que nos obedezcan y dirigimos también su cuerpo entero
		Considerad también los barcos : Aunque son tan grandes y son llevados por impetuosos vientos , son dirigidos con un timón muy pequeño a dondequiera , según el antojo del que los conduce
		Así también la lengua es un miembro pequeño , pero se jacta de grandes cosas . ¡ Mirad cómo un fuego tan pequeño incendia un bosque tan grande
		Y la lengua es un fuego ; es un mundo de maldad . La lengua está puesta entre nuestros miembros , y es la que contamina el cuerpo entero . Prende fuego al curso de nuestra vida , y es inflamada por el infierno
		Pues fieras y aves , reptiles y criaturas marinas de toda clase pueden ser domadas , y han sido domadas por el ser humano
		Pero ningún hombre puede domar su lengua ; porque es un mal incontrolable , llena de veneno mortal
		Con ella bendecimos al Señor y Padre , y con ella maldecimos a los hombres , que han sido creados a la semejanza de Dios
		De la misma boca sale bendición y maldición . No puede ser , hermanos míos , que estas cosas sean así
		¿ Será posible que de un manantial brote agua dulce y amarga por la misma abertura
		Hermanos míos , ¿ puede la higuera producir olivas , o la vid higos ? Tampoco de una fuente de agua salada brota agua dulce
		¿ Quién es sabio y entendido entre vosotros ? ¡ Que demuestre por su buena conducta sus obras en la mansedumbre de la sabiduría
		Pero si en vuestros corazones tenéis amargos celos y contiendas , no os jactéis ni mintáis contra la verdad
		Esta no es la sabiduría que desciende de lo alto , sino que es terrenal , animal y diabólica
		Porque donde hay celos y contiendas , allí hay desorden y toda práctica perversa
		En cambio , la sabiduría que procede de lo alto es primeramente pura ; luego es pacífica , tolerante , complaciente , llena de misericordia y de buenos frutos , imparcial y no hipócrita
		Y el fruto de justicia se siembra en paz para aquellos que hacen la paz
	</text>
	<annotations>
		<annotation source="MCS" anchor="Hermanos" bfScore="--" coherenceScore="--">bn:00071400n</annotation>
		<annotation source="MCS" anchor="hagáis" bfScore="--" coherenceScore="--">bn:00087107v</annotation>
		<annotation source="MCS" anchor="maestros" bfScore="--" coherenceScore="--">bn:00046958n</annotation>
		<annotation source="MCS" anchor="sabiendo" bfScore="--" coherenceScore="--">bn:00085261v</annotation>
		<annotation source="MCS" anchor="recibiremos" bfScore="--" coherenceScore="--">bn:00089246v</annotation>
		<annotation source="MCS" anchor="juicio" bfScore="--" coherenceScore="--">bn:00048493n</annotation>
		<annotation source="MCS" anchor="riguroso" bfScore="--" coherenceScore="--">bn:00097471a</annotation>
		<annotation source="MCS" anchor="cosas" bfScore="--" coherenceScore="--">bn:00076925n</annotation>
		<annotation source="MCS" anchor="ofende" bfScore="--" coherenceScore="--">bn:00087015v</annotation>
		<annotation source="BABELFY" anchor="palabra" bfScore="0.9800373134328358" coherenceScore="0.5392670157068062">bn:00081546n</annotation>
		<annotation source="MCS" anchor="es" bfScore="--" coherenceScore="--">bn:00083187v</annotation>
		<annotation source="MCS" anchor="hombre" bfScore="--" coherenceScore="--">bn:00001533n</annotation>
		<annotation source="BABELFY" anchor="cabal" bfScore="1.0" coherenceScore="0.03664921465968586">bn:00103675a</annotation>
		<annotation source="MCS" anchor="capaz" bfScore="--" coherenceScore="--">bn:00096151a</annotation>
		<annotation source="MCS" anchor="frenar" bfScore="--" coherenceScore="--">bn:00083876v</annotation>
		<annotation source="MCS" anchor="cuerpo" bfScore="--" coherenceScore="--">bn:00011744n</annotation>
		<annotation source="MCS" anchor="entero" bfScore="--" coherenceScore="--">bn:00102277a</annotation>
		<annotation source="MCS" anchor="aquí" bfScore="--" coherenceScore="--">bn:00115641r</annotation>
		<annotation source="MCS" anchor="ponemos" bfScore="--" coherenceScore="--">bn:00090224v</annotation>
		<annotation source="MCS" anchor="freno" bfScore="--" coherenceScore="--">bn:00012710n</annotation>
		<annotation source="BABELFY" anchor="boca" bfScore="0.7990609326646035" coherenceScore="0.27225130890052357">bn:00056135n</annotation>
		<annotation source="BABELFY" anchor="caballos" bfScore="0.8942632170978627" coherenceScore="0.31413612565445026">bn:00031345n</annotation>
		<annotation source="MCS" anchor="obedezcan" bfScore="--" coherenceScore="--">bn:00091112v</annotation>
		<annotation source="MCS" anchor="dirigimos" bfScore="--" coherenceScore="--">bn:00084792v</annotation>
		<annotation source="MCS" anchor="barcos" bfScore="--" coherenceScore="--">bn:00011674n</annotation>
		<annotation source="MCS" anchor="son" bfScore="--" coherenceScore="--">bn:00083187v</annotation>
		<annotation source="MCS" anchor="tan" bfScore="--" coherenceScore="--">bn:00117043r</annotation>
		<annotation source="MCS" anchor="grandes" bfScore="--" coherenceScore="--">bn:00098342a</annotation>
		<annotation source="MCS" anchor="llevados" bfScore="--" coherenceScore="--">bn:00084554v</annotation>
		<annotation source="MCS" anchor="vientos" bfScore="--" coherenceScore="--">bn:00002216n</annotation>
		<annotation source="MCS" anchor="dirigidos" bfScore="--" coherenceScore="--">bn:00084792v</annotation>
		<annotation source="MCS" anchor="timón" bfScore="--" coherenceScore="--">bn:00068495n</annotation>
		<annotation source="MCS" anchor="pequeño" bfScore="--" coherenceScore="--">bn:00106058a</annotation>
		<annotation source="MCS" anchor="antojo" bfScore="--" coherenceScore="--">bn:16449362n</annotation>
		<annotation source="MCS" anchor="conduce" bfScore="--" coherenceScore="--">bn:00087327v</annotation>
		<annotation source="BABELFY" anchor="Así" bfScore="0.775623268698061" coherenceScore="0.07329842931937172">bn:00025800n</annotation>
		<annotation source="MCS" anchor="lengua" bfScore="--" coherenceScore="--">bn:00019439n</annotation>
		<annotation source="MCS" anchor="miembro" bfScore="--" coherenceScore="--">bn:00034004n</annotation>
		<annotation source="MCS" anchor="Mirad" bfScore="--" coherenceScore="--">bn:00090448v</annotation>
		<annotation source="MCS" anchor="cómo" bfScore="--" coherenceScore="--">bn:13703918r</annotation>
		<annotation source="MCS" anchor="fuego" bfScore="--" coherenceScore="--">bn:00034623n</annotation>
		<annotation source="MCS" anchor="incendia" bfScore="--" coherenceScore="--">bn:00089581v</annotation>
		<annotation source="BABELFY" anchor="bosque" bfScore="0.8910891089108911" coherenceScore="0.2356020942408377">bn:00035868n</annotation>
		<annotation source="MCS" anchor="grande" bfScore="--" coherenceScore="--">bn:00098342a</annotation>
		<annotation source="MCS" anchor="mundo" bfScore="--" coherenceScore="--">bn:00029428n</annotation>
		<annotation source="MCS" anchor="maldad" bfScore="--" coherenceScore="--">bn:00007875n</annotation>
		<annotation source="MCS" anchor="puesta" bfScore="--" coherenceScore="--">bn:00090224v</annotation>
		<annotation source="MCS" anchor="miembros" bfScore="--" coherenceScore="--">bn:00034004n</annotation>
		<annotation source="MCS" anchor="contamina" bfScore="--" coherenceScore="--">bn:00089704v</annotation>
		<annotation source="MCS" anchor="curso" bfScore="--" coherenceScore="--">bn:00023288n</annotation>
		<annotation source="BABELFY" anchor="vida" bfScore="0.8544082803342062" coherenceScore="0.3717277486910995">bn:00051054n</annotation>
		<annotation source="BABELFY" anchor="infierno" bfScore="0.796242774566474" coherenceScore="0.1518324607329843">bn:00043604n</annotation>
		<annotation source="BABELFY" anchor="Pues" bfScore="1.0" coherenceScore="0.07329842931937172">bn:00025800n</annotation>
		<annotation source="MCS" anchor="fieras" bfScore="--" coherenceScore="--">bn:00102901a</annotation>
		<annotation source="BABELFY" anchor="aves" bfScore="0.9078771695594126" coherenceScore="0.44502617801047123">bn:00010605n</annotation>
		<annotation source="BABELFY" anchor="reptiles" bfScore="0.9522392501115905" coherenceScore="0.2617801047120419">bn:00067220n</annotation>
		<annotation source="MCS" anchor="criaturas" bfScore="--" coherenceScore="--">bn:00072172n</annotation>
		<annotation source="BABELFY" anchor="criaturas marinas" bfScore="1.0" coherenceScore="0.09947643979057591">bn:00053426n</annotation>
		<annotation source="BABELFY" anchor="marinas" bfScore="1.0" coherenceScore="0.04712041884816754">bn:00090658v</annotation>
		<annotation source="MCS" anchor="clase" bfScore="--" coherenceScore="--">bn:00019477n</annotation>
		<annotation source="BABELFY" anchor="pueden" bfScore="1.0" coherenceScore="0.010471204188481676">bn:00084451v</annotation>
		<annotation source="MCS" anchor="ser" bfScore="--" coherenceScore="--">bn:00083187v</annotation>
		<annotation source="BABELFY" anchor="han" bfScore="0.9122807017543859" coherenceScore="0.06806282722513089">bn:00083184v</annotation>
		<annotation source="MCS" anchor="sido" bfScore="--" coherenceScore="--">bn:00083187v</annotation>
		<annotation source="MCS" anchor="ser" bfScore="--" coherenceScore="--">bn:00009677n</annotation>
		<annotation source="MCS" anchor="ser humano" bfScore="--" coherenceScore="--">bn:00044576n</annotation>
		<annotation source="MCS" anchor="humano" bfScore="--" coherenceScore="--">bn:00104384a</annotation>
		<annotation source="MCS" anchor="puede" bfScore="--" coherenceScore="--">bn:13601970v</annotation>
		<annotation source="MCS" anchor="domar" bfScore="--" coherenceScore="--">bn:00084837v</annotation>
		<annotation source="MCS" anchor="mal" bfScore="--" coherenceScore="--">bn:00032048n</annotation>
		<annotation source="BABELFY" anchor="incontrolable" bfScore="1.0" coherenceScore="0.010471204188481676">bn:00112512a</annotation>
		<annotation source="MCS" anchor="llena" bfScore="--" coherenceScore="--">bn:00103391a</annotation>
		<annotation source="BABELFY" anchor="veneno" bfScore="0.8138695540087652" coherenceScore="0.21465968586387435">bn:00063256n</annotation>
		<annotation source="MCS" anchor="mortal" bfScore="--" coherenceScore="--">bn:00100970a</annotation>
		<annotation source="MCS" anchor="Señor" bfScore="--" coherenceScore="--">bn:00055346n</annotation>
		<annotation source="MCS" anchor="Padre" bfScore="--" coherenceScore="--">bn:00009616n</annotation>
		<annotation source="MCS" anchor="hombres" bfScore="--" coherenceScore="--">bn:00001533n</annotation>
		<annotation source="MCS" anchor="creados" bfScore="--" coherenceScore="--">bn:00086009v</annotation>
		<annotation source="MCS" anchor="semejanza" bfScore="--" coherenceScore="--">bn:00002744n</annotation>
		<annotation source="MCS" anchor="misma" bfScore="--" coherenceScore="--">bn:00110076a</annotation>
		<annotation source="MCS" anchor="sale" bfScore="--" coherenceScore="--">bn:00093238v</annotation>
		<annotation source="BABELFY" anchor="bendición" bfScore="0.8556149732620321" coherenceScore="0.08376963350785341">bn:02733866n</annotation>
		<annotation source="MCS" anchor="maldición" bfScore="--" coherenceScore="--">bn:00046161n</annotation>
		<annotation source="MCS" anchor="hermanos" bfScore="--" coherenceScore="--">bn:00071400n</annotation>
		<annotation source="MCS" anchor="sean" bfScore="--" coherenceScore="--">bn:00083187v</annotation>
		<annotation source="BABELFY" anchor="así" bfScore="1.0" coherenceScore="0.015706806282722512">bn:00115635r</annotation>
		<annotation source="MCS" anchor="Será" bfScore="--" coherenceScore="--">bn:00083187v</annotation>
		<annotation source="MCS" anchor="posible" bfScore="--" coherenceScore="--">bn:00108829a</annotation>
		<annotation source="MCS" anchor="manantial" bfScore="--" coherenceScore="--">bn:00036077n</annotation>
		<annotation source="MCS" anchor="brote" bfScore="--" coherenceScore="--">bn:00094669v</annotation>
		<annotation source="BABELFY" anchor="agua" bfScore="0.9183185759367628" coherenceScore="0.5392670157068062">bn:00042379n</annotation>
		<annotation source="BABELFY" anchor="agua dulce" bfScore="0.9641434262948207" coherenceScore="0.11518324607329843">bn:00036485n</annotation>
		<annotation source="MCS" anchor="dulce" bfScore="--" coherenceScore="--">bn:00111540a</annotation>
		<annotation source="MCS" anchor="amarga" bfScore="--" coherenceScore="--">bn:00098464a</annotation>
		<annotation source="MCS" anchor="abertura" bfScore="--" coherenceScore="--">bn:00062735n</annotation>
		<annotation source="MCS" anchor="higuera" bfScore="--" coherenceScore="--">bn:00034375n</annotation>
		<annotation source="MCS" anchor="producir" bfScore="--" coherenceScore="--">bn:00086013v</annotation>
		<annotation source="MCS" anchor="olivas" bfScore="--" coherenceScore="--">bn:00058893n</annotation>
		<annotation source="MCS" anchor="vid" bfScore="--" coherenceScore="--">bn:01958028n</annotation>
		<annotation source="MCS" anchor="Tampoco" bfScore="--" coherenceScore="--">bn:13664534r</annotation>
		<annotation source="MCS" anchor="fuente" bfScore="--" coherenceScore="--">bn:00009635n</annotation>
		<annotation source="BABELFY" anchor="fuente de" bfScore="1.0" coherenceScore="0.005235602094240838">bn:15789502n</annotation>
		<annotation source="MCS" anchor="fuente de agua" bfScore="--" coherenceScore="--">bn:00013548n</annotation>
		<annotation source="MCS" anchor="agua salada" bfScore="--" coherenceScore="--">bn:00013139n</annotation>
		<annotation source="MCS" anchor="salada" bfScore="--" coherenceScore="--">bn:00093238v</annotation>
		<annotation source="MCS" anchor="brota" bfScore="--" coherenceScore="--">bn:00094669v</annotation>
		<annotation source="MCS" anchor="sabio" bfScore="--" coherenceScore="--">bn:00113905a</annotation>
		<annotation source="MCS" anchor="entendido" bfScore="--" coherenceScore="--">bn:00092443v</annotation>
		<annotation source="MCS" anchor="demuestre" bfScore="--" coherenceScore="--">bn:00086567v</annotation>
		<annotation source="MCS" anchor="buena" bfScore="--" coherenceScore="--">bn:00103672a</annotation>
		<annotation source="BABELFY" anchor="conducta" bfScore="0.7015771569941243" coherenceScore="0.43455497382198954">bn:00009657n</annotation>
		<annotation source="MCS" anchor="obras" bfScore="--" coherenceScore="--">bn:00011767n</annotation>
		<annotation source="BABELFY" anchor="mansedumbre" bfScore="1.0" coherenceScore="0.005235602094240838">bn:08477462n</annotation>
		<annotation source="MCS" anchor="sabiduría" bfScore="--" coherenceScore="--">bn:00069220n</annotation>
		<annotation source="MCS" anchor="corazones" bfScore="--" coherenceScore="--">bn:00043383n</annotation>
		<annotation source="MCS" anchor="tenéis" bfScore="--" coherenceScore="--">bn:00089385v</annotation>
		<annotation source="MCS" anchor="amargos" bfScore="--" coherenceScore="--">bn:00098464a</annotation>
		<annotation source="MCS" anchor="celos" bfScore="--" coherenceScore="--">bn:00041654n</annotation>
		<annotation source="MCS" anchor="contiendas" bfScore="--" coherenceScore="--">bn:00021338n</annotation>
		<annotation source="BABELFY" anchor="verdad" bfScore="0.9697381534837365" coherenceScore="0.4031413612565445">bn:00072816n</annotation>
		<annotation source="MCS" anchor="desciende" bfScore="--" coherenceScore="--">bn:00085356v</annotation>
		<annotation source="MCS" anchor="alto" bfScore="--" coherenceScore="--">bn:00111630a</annotation>
		<annotation source="BABELFY" anchor="terrenal" bfScore="1.0" coherenceScore="0.02617801047120419">bn:00110267a</annotation>
		<annotation source="MCS" anchor="animal" bfScore="--" coherenceScore="--">bn:00028554n</annotation>
		<annotation source="BABELFY" anchor="hay" bfScore="0.9122807017543859" coherenceScore="0.06806282722513089">bn:00083184v</annotation>
		<annotation source="BABELFY" anchor="allí" bfScore="1.0" coherenceScore="0.020942408376963352">bn:00114427r</annotation>
		<annotation source="MCS" anchor="desorden" bfScore="--" coherenceScore="--">bn:00054516n</annotation>
		<annotation source="MCS" anchor="práctica" bfScore="--" coherenceScore="--">bn:00028736n</annotation>
		<annotation source="MCS" anchor="perversa" bfScore="--" coherenceScore="--">bn:00107197a</annotation>
		<annotation source="MCS" anchor="En cambio" bfScore="--" coherenceScore="--">bn:13604855a</annotation>
		<annotation source="MCS" anchor="cambio" bfScore="--" coherenceScore="--">bn:00003125n</annotation>
		<annotation source="MCS" anchor="procede" bfScore="--" coherenceScore="--">bn:00085715v</annotation>
		<annotation source="MCS" anchor="alto" bfScore="--" coherenceScore="--">bn:00075973n</annotation>
		<annotation source="BABELFY" anchor="primeramente" bfScore="1.0" coherenceScore="0.04712041884816754">bn:00114298r</annotation>
		<annotation source="MCS" anchor="pura" bfScore="--" coherenceScore="--">bn:00109244a</annotation>
		<annotation source="MCS" anchor="luego" bfScore="--" coherenceScore="--">bn:00114281r</annotation>
		<annotation source="MCS" anchor="pacífica" bfScore="--" coherenceScore="--">bn:00108363a</annotation>
		<annotation source="BABELFY" anchor="misericordia" bfScore="0.7333333333333333" coherenceScore="0.11518324607329843">bn:00019708n</annotation>
		<annotation source="MCS" anchor="buenos" bfScore="--" coherenceScore="--">bn:00103672a</annotation>
		<annotation source="BABELFY" anchor="frutos" bfScore="0.8858307849133538" coherenceScore="0.17277486910994763">bn:00036686n</annotation>
		<annotation source="BABELFY" anchor="imparcial" bfScore="1.0" coherenceScore="0.02617801047120419">bn:00112374a</annotation>
		<annotation source="MCS" anchor="hipócrita" bfScore="--" coherenceScore="--">bn:00104237a</annotation>
		<annotation source="BABELFY" anchor="fruto" bfScore="0.8858307849133538" coherenceScore="0.17277486910994763">bn:00036686n</annotation>
		<annotation source="BABELFY" anchor="justicia" bfScore="0.8794367006753844" coherenceScore="0.31413612565445026">bn:00048668n</annotation>
		<annotation source="BABELFY" anchor="siembra" bfScore="0.7524752475247525" coherenceScore="0.08376963350785341">bn:00093447v</annotation>
		<annotation source="MCS" anchor="paz" bfScore="--" coherenceScore="--">bn:00061149n</annotation>
		<annotation source="MCS" anchor="hacen" bfScore="--" coherenceScore="--">bn:00087107v</annotation>
	</annotations>
</paragraph>
<paragraph id="p.4">
	<text>
		¿ De dónde vienen las guerras y de dónde los pleitos entre vosotros ? ¿ No surgen de vuestras mismas pasiones que combaten en vuestros miembros
		Codiciáis y no tenéis ; matáis y ardéis de envidia , pero no podéis obtener . Combatís y hacéis guerra . No tenéis , porque no pedís
		Pedís , y no recibís ; porque pedís mal , para gastarlo en vuestros placeres
		¡ Gente adúltera ! ¿ No sabéis que la amistad con el mundo es enemistad con Dios ? Por tanto , cualquiera que quiere ser amigo del mundo se constituye enemigo de Dios
		¿ O suponéis que en vano dice la Escritura : El Espíritu que él hizo morar en nosotros nos anhela celosamente
		Pero él da mayor gracia . Por eso dice : Dios resiste a los soberbios , pero da gracia a los humildes
		Someteos , pues , a Dios . Resistid al diablo , y él huirá de vosotros
		Acercaos a Dios , y él se acercará a vosotros . Limpiad vuestras manos , pecadores ; y purificad vuestros corazones , vosotros de doble ánimo
		Afligíos , lamentad y llorad . Vuestra risa se convierta en llanto , y vuestro gozo en tristeza
		Humillaos delante del Señor , y él os exaltará
		Hermanos , no habléis mal los unos de los otros . El que habla mal de su hermano o juzga a su hermano habla mal de la ley y juzga a la ley . Y si tú juzgas a la ley , entonces no eres hacedor de la ley , sino juez
		Hay un solo Dador de la ley y Juez , quien es poderoso para salvar y destruir . Pero ¿ quién eres tú que juzgas a tu prójimo
		¡ Vamos pues ahora los que decís : &amp;quot; Hoy o mañana iremos a tal ciudad , estaremos allá un año y haremos negocios y ganaremos &amp;quot;
		Vosotros , los que no sabéis lo que será mañana , ¿ qué es vuestra vida ? Porque sois un vapor que aparece por un poco de tiempo y luego se desvanece
		Más bien , deberíais decir : &amp;quot; Si el Señor quiere , viviremos y haremos esto o aquello .
		Pero ahora os jactáis en vuestra soberbia . Toda jactancia de esta clase es mala
		Por tanto , al que sabe hacer lo bueno y no lo hace , eso le es pecado
	</text>
	<annotations>
		<annotation source="MCS" anchor="vienen" bfScore="--" coherenceScore="--">bn:00082788v</annotation>
		<annotation source="BABELFY" anchor="guerras" bfScore="0.9088256746900073" coherenceScore="0.3111111111111111">bn:00080439n</annotation>
		<annotation source="MCS" anchor="dónde" bfScore="--" coherenceScore="--">bn:13653875r</annotation>
		<annotation source="MCS" anchor="pleitos" bfScore="--" coherenceScore="--">bn:00016403n</annotation>
		<annotation source="MCS" anchor="surgen" bfScore="--" coherenceScore="--">bn:00082758v</annotation>
		<annotation source="MCS" anchor="mismas" bfScore="--" coherenceScore="--">bn:00110076a</annotation>
		<annotation source="BABELFY" anchor="pasiones" bfScore="0.7387529597474349" coherenceScore="0.17777777777777778">bn:00060907n</annotation>
		<annotation source="MCS" anchor="combaten" bfScore="--" coherenceScore="--">bn:00083173v</annotation>
		<annotation source="MCS" anchor="miembros" bfScore="--" coherenceScore="--">bn:00034004n</annotation>
		<annotation source="MCS" anchor="tenéis" bfScore="--" coherenceScore="--">bn:00089385v</annotation>
		<annotation source="MCS" anchor="envidia" bfScore="--" coherenceScore="--">bn:00031073n</annotation>
		<annotation source="MCS" anchor="obtener" bfScore="--" coherenceScore="--">bn:00091124v</annotation>
		<annotation source="MCS" anchor="hacéis" bfScore="--" coherenceScore="--">bn:00087107v</annotation>
		<annotation source="BABELFY" anchor="guerra" bfScore="0.9088256746900073" coherenceScore="0.3111111111111111">bn:00080439n</annotation>
		<annotation source="MCS" anchor="pedís" bfScore="--" coherenceScore="--">bn:00082818v</annotation>
		<annotation source="MCS" anchor="recibís" bfScore="--" coherenceScore="--">bn:00089246v</annotation>
		<annotation source="MCS" anchor="mal" bfScore="--" coherenceScore="--">bn:00114486r</annotation>
		<annotation source="MCS" anchor="gastar" bfScore="--" coherenceScore="--">bn:00087372v</annotation>
		<annotation source="BABELFY" anchor="placeres" bfScore="0.8088907353552139" coherenceScore="0.24444444444444444">bn:00062972n</annotation>
		<annotation source="MCS" anchor="Gente" bfScore="--" coherenceScore="--">bn:01541322n</annotation>
		<annotation source="MCS" anchor="sabéis" bfScore="--" coherenceScore="--">bn:00085261v</annotation>
		<annotation source="BABELFY" anchor="amistad" bfScore="0.8831672203765227" coherenceScore="0.21481481481481482">bn:00036545n</annotation>
		<annotation source="MCS" anchor="mundo" bfScore="--" coherenceScore="--">bn:00029428n</annotation>
		<annotation source="BABELFY" anchor="es" bfScore="0.733983286908078" coherenceScore="0.2518518518518518">bn:00083181v</annotation>
		<annotation source="MCS" anchor="enemistad" bfScore="--" coherenceScore="--">bn:00034188n</annotation>
		<annotation source="MCS" anchor="quiere" bfScore="--" coherenceScore="--">bn:00086682v</annotation>
		<annotation source="BABELFY" anchor="ser" bfScore="0.733983286908078" coherenceScore="0.2518518518518518">bn:00083181v</annotation>
		<annotation source="MCS" anchor="amigo" bfScore="--" coherenceScore="--">bn:00036538n</annotation>
		<annotation source="BABELFY" anchor="constituye" bfScore="0.7483296213808464" coherenceScore="0.17777777777777778">bn:00085670v</annotation>
		<annotation source="MCS" anchor="vano" bfScore="--" coherenceScore="--">bn:00103448a</annotation>
		<annotation source="MCS" anchor="dice" bfScore="--" coherenceScore="--">bn:00093287v</annotation>
		<annotation source="MCS" anchor="Escritura" bfScore="--" coherenceScore="--">bn:00007306n</annotation>
		<annotation source="MCS" anchor="Espíritu" bfScore="--" coherenceScore="--">bn:00033960n</annotation>
		<annotation source="MCS" anchor="hizo" bfScore="--" coherenceScore="--">bn:00087107v</annotation>
		<annotation source="BABELFY" anchor="morar" bfScore="0.7118997912317327" coherenceScore="0.16296296296296298">bn:00087441v</annotation>
		<annotation source="BABELFY" anchor="anhela" bfScore="1.0" coherenceScore="0.02962962962962963">bn:00089198v</annotation>
		<annotation source="BABELFY" anchor="celosamente" bfScore="1.0" coherenceScore="0.022222222222222223">bn:00116039r</annotation>
		<annotation source="MCS" anchor="da" bfScore="--" coherenceScore="--">bn:00088815v</annotation>
		<annotation source="MCS" anchor="mayor" bfScore="--" coherenceScore="--">bn:00098342a</annotation>
		<annotation source="MCS" anchor="gracia" bfScore="--" coherenceScore="--">bn:00041227n</annotation>
		<annotation source="BABELFY" anchor="resiste" bfScore="0.875" coherenceScore="0.1037037037037037">bn:00089411v</annotation>
		<annotation source="BABELFY" anchor="soberbios" bfScore="0.8478260869565217" coherenceScore="0.0962962962962963">bn:00097526a</annotation>
		<annotation source="MCS" anchor="humildes" bfScore="--" coherenceScore="--">bn:00104397a</annotation>
		<annotation source="MCS" anchor="Somete" bfScore="--" coherenceScore="--">bn:00094523v</annotation>
		<annotation source="BABELFY" anchor="diablo" bfScore="0.8154440154440155" coherenceScore="0.24444444444444444">bn:00009586n</annotation>
		<annotation source="MCS" anchor="huirá" bfScore="--" coherenceScore="--">bn:00083961v</annotation>
		<annotation source="BABELFY" anchor="Acerca" bfScore="1.0" coherenceScore="0.037037037037037035">bn:00114076r</annotation>
		<annotation source="MCS" anchor="acercará" bfScore="--" coherenceScore="--">bn:00082735v</annotation>
		<annotation source="BABELFY" anchor="manos" bfScore="0.7085285848172446" coherenceScore="0.15555555555555556">bn:00042759n</annotation>
		<annotation source="BABELFY" anchor="pecadores" bfScore="0.9840546697038725" coherenceScore="0.26666666666666666">bn:00071707n</annotation>
		<annotation source="MCS" anchor="corazones" bfScore="--" coherenceScore="--">bn:00043383n</annotation>
		<annotation source="MCS" anchor="ánimo" bfScore="--" coherenceScore="--">bn:00004273n</annotation>
		<annotation source="BABELFY" anchor="risa" bfScore="0.9640449438202248" coherenceScore="0.16296296296296298">bn:00050198n</annotation>
		<annotation source="MCS" anchor="convierta" bfScore="--" coherenceScore="--">bn:00084785v</annotation>
		<annotation source="BABELFY" anchor="llanto" bfScore="0.712468193384224" coherenceScore="0.1037037037037037">bn:00024162n</annotation>
		<annotation source="BABELFY" anchor="tristeza" bfScore="0.7736063708759955" coherenceScore="0.2518518518518518">bn:00068782n</annotation>
		<annotation source="MCS" anchor="Humilla" bfScore="--" coherenceScore="--">bn:00082123v</annotation>
		<annotation source="MCS" anchor="delante" bfScore="--" coherenceScore="--">bn:00114182r</annotation>
		<annotation source="MCS" anchor="Señor" bfScore="--" coherenceScore="--">bn:00055346n</annotation>
		<annotation source="MCS" anchor="Hermanos" bfScore="--" coherenceScore="--">bn:00071400n</annotation>
		<annotation source="MCS" anchor="habléis" bfScore="--" coherenceScore="--">bn:00094090v</annotation>
		<annotation source="MCS" anchor="habla" bfScore="--" coherenceScore="--">bn:00094090v</annotation>
		<annotation source="MCS" anchor="hermano" bfScore="--" coherenceScore="--">bn:00071400n</annotation>
		<annotation source="MCS" anchor="juzga" bfScore="--" coherenceScore="--">bn:00090000v</annotation>
		<annotation source="BABELFY" anchor="ley" bfScore="0.7273663055732562" coherenceScore="0.5259259259259259">bn:00048655n</annotation>
		<annotation source="BABELFY" anchor="entonces" bfScore="1.0" coherenceScore="0.014814814814814815">bn:00117250r</annotation>
		<annotation source="BABELFY" anchor="eres" bfScore="0.733983286908078" coherenceScore="0.2518518518518518">bn:00083181v</annotation>
		<annotation source="BABELFY" anchor="juez" bfScore="0.7214324767632586" coherenceScore="0.21481481481481482">bn:00048488n</annotation>
		<annotation source="MCS" anchor="solo" bfScore="--" coherenceScore="--">bn:00106122a</annotation>
		<annotation source="BABELFY" anchor="Dador" bfScore="1.0" coherenceScore="0.1259259259259259">bn:00010110n</annotation>
		<annotation source="BABELFY" anchor="Juez" bfScore="0.7214324767632586" coherenceScore="0.21481481481481482">bn:00048488n</annotation>
		<annotation source="MCS" anchor="poderoso" bfScore="--" coherenceScore="--">bn:00108878a</annotation>
		<annotation source="MCS" anchor="salvar" bfScore="--" coherenceScore="--">bn:00092745v</annotation>
		<annotation source="MCS" anchor="destruir" bfScore="--" coherenceScore="--">bn:00086699v</annotation>
		<annotation source="MCS" anchor="prójimo" bfScore="--" coherenceScore="--">bn:08383690n</annotation>
		<annotation source="MCS" anchor="Vamos" bfScore="--" coherenceScore="--">bn:00088912v</annotation>
		<annotation source="MCS" anchor="ahora" bfScore="--" coherenceScore="--">bn:00114424r</annotation>
		<annotation source="MCS" anchor="decís" bfScore="--" coherenceScore="--">bn:00093287v</annotation>
		<annotation source="MCS" anchor="Hoy" bfScore="--" coherenceScore="--">bn:00117315r</annotation>
		<annotation source="BABELFY" anchor="mañana" bfScore="1.0" coherenceScore="0.022222222222222223">bn:00117323r</annotation>
		<annotation source="MCS" anchor="iremos" bfScore="--" coherenceScore="--">bn:00088912v</annotation>
		<annotation source="BABELFY" anchor="ciudad" bfScore="0.9330143540669856" coherenceScore="0.4444444444444444">bn:03335997n</annotation>
		<annotation source="MCS" anchor="allá" bfScore="--" coherenceScore="--">bn:00114546r</annotation>
		<annotation source="MCS" anchor="año" bfScore="--" coherenceScore="--">bn:00078738n</annotation>
		<annotation source="MCS" anchor="haremos" bfScore="--" coherenceScore="--">bn:00087107v</annotation>
		<annotation source="MCS" anchor="negocios" bfScore="--" coherenceScore="--">bn:00014142n</annotation>
		<annotation source="MCS" anchor="ganaremos" bfScore="--" coherenceScore="--">bn:00084089v</annotation>
		<annotation source="BABELFY" anchor="Vosotros" bfScore="1.0" coherenceScore="0.022222222222222223">bn:03231238n</annotation>
		<annotation source="BABELFY" anchor="será" bfScore="0.733983286908078" coherenceScore="0.2518518518518518">bn:00083181v</annotation>
		<annotation source="BABELFY" anchor="vida" bfScore="0.7364421416234888" coherenceScore="0.3037037037037037">bn:00051054n</annotation>
		<annotation source="BABELFY" anchor="sois" bfScore="0.733983286908078" coherenceScore="0.2518518518518518">bn:00083181v</annotation>
		<annotation source="MCS" anchor="vapor" bfScore="--" coherenceScore="--">bn:00074099n</annotation>
		<annotation source="MCS" anchor="aparece" bfScore="--" coherenceScore="--">bn:00082691v</annotation>
		<annotation source="MCS" anchor="tiempo" bfScore="--" coherenceScore="--">bn:00077270n</annotation>
		<annotation source="MCS" anchor="desvanece" bfScore="--" coherenceScore="--">bn:00087489v</annotation>
		<annotation source="MCS" anchor="bien" bfScore="--" coherenceScore="--">bn:00115530r</annotation>
		<annotation source="BABELFY" anchor="deberíais" bfScore="0.9607535321821036" coherenceScore="0.13333333333333333">bn:00091362v</annotation>
		<annotation source="MCS" anchor="decir" bfScore="--" coherenceScore="--">bn:00093287v</annotation>
		<annotation source="MCS" anchor="viviremos" bfScore="--" coherenceScore="--">bn:00087617v</annotation>
		<annotation source="BABELFY" anchor="soberbia" bfScore="0.8478260869565217" coherenceScore="0.0962962962962963">bn:00097526a</annotation>
		<annotation source="MCS" anchor="jactancia" bfScore="--" coherenceScore="--">bn:00047872n</annotation>
		<annotation source="MCS" anchor="clase" bfScore="--" coherenceScore="--">bn:00019477n</annotation>
		<annotation source="MCS" anchor="mala" bfScore="--" coherenceScore="--">bn:00097966a</annotation>
		<annotation source="MCS" anchor="sabe" bfScore="--" coherenceScore="--">bn:00085261v</annotation>
		<annotation source="MCS" anchor="hacer" bfScore="--" coherenceScore="--">bn:00087107v</annotation>
		<annotation source="MCS" anchor="bueno" bfScore="--" coherenceScore="--">bn:00103672a</annotation>
		<annotation source="MCS" anchor="hace" bfScore="--" coherenceScore="--">bn:00087107v</annotation>
		<annotation source="BABELFY" anchor="pecado" bfScore="0.8552036199095022" coherenceScore="0.1037037037037037">bn:00093756v</annotation>
	</annotations>
</paragraph>
<paragraph id="p.5">
	<text>
		¡ Vamos pues ahora , oh ricos ! Llorad y aullad por las miserias que vienen sobre vosotros
		Vuestras riquezas se han podrido , y vuestras ropas están comidas de polilla
		Vuestro oro y plata están enmohecidos ; su moho servirá de testimonio contra vosotros y devorará vuestra carne como fuego . ¡ Habéis amontonado tesoros en los últimos días
		He aquí clama el jornal de los obreros que segaron vuestros campos , el que fraudulentamente ha sido retenido por vosotros . Y los clamores de los que segaron han llegado a los oídos del Señor de los Ejércitos
		Habéis vivido en placeres sobre la tierra y habéis sido disolutos . Habéis engordado vuestro corazón en el día de matanza
		Habéis condenado y habéis dado muerte al justo . Él no os ofrece resistencia
		Por lo tanto , hermanos , tened paciencia hasta la venida del Señor . He aquí , el labrador espera el precioso fruto de la tierra , aguardándolo con paciencia hasta que reciba las lluvias tempranas y tardías
		Tened también vosotros paciencia ; afirmad vuestros corazones , porque la venida del Señor está cerca
		Hermanos , no murmuréis unos contra otros , para que no seáis condenados . ¡ He aquí , el Juez ya está a las puertas
		Hermanos , tomad por ejemplo de aflicción y de paciencia a los profetas que hablaron en el nombre del Señor
		He aquí , tenemos por bienaventurados a los que perseveraron . Habéis oído de la perseverancia de Job y habéis visto el propósito final del Señor , que el Señor es muy compasivo y misericordioso
		Pero sobre todo , hermanos míos , no juréis , ni por el cielo , ni por la tierra , ni por ningún otro juramento . Más bien , sea vuestro sí , sí ; y vuestro no , no ; para que no caigáis bajo condenación
		¿ Está afligido alguno entre vosotros ? ¡ Que ore ! ¿ Está alguno alegre ? ¡ Que cante salmos
		¿ Está enfermo alguno de vosotros ? Que llame a los ancianos de la iglesia y que oren por él , ungiéndole con aceite en el nombre del Señor
		Y la oración de fe dará salud al enfermo , y el Señor lo levantará . Y si ha cometido pecados , le serán perdonados
		Por tanto , confesaos unos a otros vuestros pecados , y orad unos por otros de manera que seáis sanados . La ferviente oración del justo , obrando eficazmente , puede mucho
		Elías era un hombre sujeto a pasiones , igual que nosotros , pero oró con insistencia para que no lloviera , y no llovió sobre la tierra durante tres años y seis meses
		Y oró de nuevo , y el cielo dio lluvia , y la tierra produjo su fruto
		Hermanos míos , si alguno entre vosotros es engañado , desviándose de la verdad , y otro le hace volver
		sabed que el que haga volver al pecador del error de su camino salvará su vida de la muerte , y cubrirá una multitud de pecados
	</text>
	<annotations>
		<annotation source="MCS" anchor="Vamos" bfScore="--" coherenceScore="--">bn:00088912v</annotation>
		<annotation source="MCS" anchor="ahora" bfScore="--" coherenceScore="--">bn:00114424r</annotation>
		<annotation source="BABELFY" anchor="oh" bfScore="0.9303568021369968" coherenceScore="0.25">bn:00006912n</annotation>
		<annotation source="MCS" anchor="ricos" bfScore="--" coherenceScore="--">bn:00096612a</annotation>
		<annotation source="MCS" anchor="miserias" bfScore="--" coherenceScore="--">bn:00062677n</annotation>
		<annotation source="MCS" anchor="vienen" bfScore="--" coherenceScore="--">bn:00082788v</annotation>
		<annotation source="MCS" anchor="riquezas" bfScore="--" coherenceScore="--">bn:00080746n</annotation>
		<annotation source="MCS" anchor="han" bfScore="--" coherenceScore="--">bn:00083184v</annotation>
		<annotation source="MCS" anchor="podrido" bfScore="--" coherenceScore="--">bn:00097969a</annotation>
		<annotation source="BABELFY" anchor="ropas" bfScore="0.789815817984832" coherenceScore="0.14673913043478262">bn:00006125n</annotation>
		<annotation source="MCS" anchor="comidas" bfScore="--" coherenceScore="--">bn:00087461v</annotation>
		<annotation source="MCS" anchor="polilla" bfScore="--" coherenceScore="--">bn:00055998n</annotation>
		<annotation source="BABELFY" anchor="oro" bfScore="0.7756410256410257" coherenceScore="0.1793478260869565">bn:00006911n</annotation>
		<annotation source="MCS" anchor="oro y plata" bfScore="--" coherenceScore="--">bn:08261606n</annotation>
		<annotation source="MCS" anchor="plata" bfScore="--" coherenceScore="--">bn:00001887n</annotation>
		<annotation source="MCS" anchor="servirá" bfScore="--" coherenceScore="--">bn:00089309v</annotation>
		<annotation source="MCS" anchor="testimonio" bfScore="--" coherenceScore="--">bn:00076677n</annotation>
		<annotation source="MCS" anchor="devorará" bfScore="--" coherenceScore="--">bn:00085688v</annotation>
		<annotation source="MCS" anchor="carne" bfScore="--" coherenceScore="--">bn:00035182n</annotation>
		<annotation source="MCS" anchor="fuego" bfScore="--" coherenceScore="--">bn:00034623n</annotation>
		<annotation source="MCS" anchor="Habéis" bfScore="--" coherenceScore="--">bn:00083184v</annotation>
		<annotation source="MCS" anchor="amontonado" bfScore="--" coherenceScore="--">bn:00087069v</annotation>
		<annotation source="MCS" anchor="tesoros" bfScore="--" coherenceScore="--">bn:00078117n</annotation>
		<annotation source="MCS" anchor="últimos" bfScore="--" coherenceScore="--">bn:00105740a</annotation>
		<annotation source="MCS" anchor="días" bfScore="--" coherenceScore="--">bn:00000086n</annotation>
		<annotation source="MCS" anchor="aquí" bfScore="--" coherenceScore="--">bn:00115641r</annotation>
		<annotation source="BABELFY" anchor="jornal" bfScore="1.0" coherenceScore="0.10326086956521739">bn:15928884n</annotation>
		<annotation source="MCS" anchor="obreros" bfScore="--" coherenceScore="--">bn:00081605n</annotation>
		<annotation source="MCS" anchor="campos" bfScore="--" coherenceScore="--">bn:00007985n</annotation>
		<annotation source="BABELFY" anchor="fraudulentamente" bfScore="1.0" coherenceScore="0.010869565217391304">bn:00115448r</annotation>
		<annotation source="MCS" anchor="ha" bfScore="--" coherenceScore="--">bn:00083184v</annotation>
		<annotation source="MCS" anchor="sido" bfScore="--" coherenceScore="--">bn:00083187v</annotation>
		<annotation source="MCS" anchor="retenido" bfScore="--" coherenceScore="--">bn:00089386v</annotation>
		<annotation source="MCS" anchor="clamores" bfScore="--" coherenceScore="--">bn:14755754n</annotation>
		<annotation source="MCS" anchor="llegado" bfScore="--" coherenceScore="--">bn:00082788v</annotation>
		<annotation source="MCS" anchor="oídos" bfScore="--" coherenceScore="--">bn:00029372n</annotation>
		<annotation source="MCS" anchor="Señor" bfScore="--" coherenceScore="--">bn:00055346n</annotation>
		<annotation source="MCS" anchor="Ejércitos" bfScore="--" coherenceScore="--">bn:00005803n</annotation>
		<annotation source="MCS" anchor="vivido" bfScore="--" coherenceScore="--">bn:00087617v</annotation>
		<annotation source="MCS" anchor="placeres" bfScore="--" coherenceScore="--">bn:00062972n</annotation>
		<annotation source="MCS" anchor="habéis" bfScore="--" coherenceScore="--">bn:00083184v</annotation>
		<annotation source="BABELFY" anchor="engordado" bfScore="1.0" coherenceScore="0.005434782608695652">bn:00091381v</annotation>
		<annotation source="MCS" anchor="corazón" bfScore="--" coherenceScore="--">bn:00043383n</annotation>
		<annotation source="MCS" anchor="día" bfScore="--" coherenceScore="--">bn:00000086n</annotation>
		<annotation source="MCS" anchor="matanza" bfScore="--" coherenceScore="--">bn:00049107n</annotation>
		<annotation source="MCS" anchor="condenado" bfScore="--" coherenceScore="--">bn:00085548v</annotation>
		<annotation source="MCS" anchor="dado" bfScore="--" coherenceScore="--">bn:00088815v</annotation>
		<annotation source="BABELFY" anchor="muerte" bfScore="0.9013423371489747" coherenceScore="0.5978260869565217">bn:00025582n</annotation>
		<annotation source="BABELFY" anchor="muerte a" bfScore="1.0" coherenceScore="0.010869565217391304">bn:08385014n</annotation>
		<annotation source="MCS" anchor="justo" bfScore="--" coherenceScore="--">bn:00102719a</annotation>
		<annotation source="MCS" anchor="ofrece" bfScore="--" coherenceScore="--">bn:00091136v</annotation>
		<annotation source="MCS" anchor="resistencia" bfScore="--" coherenceScore="--">bn:00059192n</annotation>
		<annotation source="BABELFY" anchor="Por lo tanto" bfScore="0.8" coherenceScore="0.021739130434782608">bn:00114822r</annotation>
		<annotation source="MCS" anchor="hermanos" bfScore="--" coherenceScore="--">bn:00071400n</annotation>
		<annotation source="MCS" anchor="tened" bfScore="--" coherenceScore="--">bn:00089385v</annotation>
		<annotation source="BABELFY" anchor="paciencia" bfScore="0.8112033195020747" coherenceScore="0.125">bn:14629457n</annotation>
		<annotation source="MCS" anchor="venida" bfScore="--" coherenceScore="--">bn:00082788v</annotation>
		<annotation source="MCS" anchor="He" bfScore="--" coherenceScore="--">bn:00083184v</annotation>
		<annotation source="BABELFY" anchor="espera" bfScore="0.7471264367816092" coherenceScore="0.05434782608695652">bn:00095593v</annotation>
		<annotation source="BABELFY" anchor="precioso" bfScore="0.7216494845360825" coherenceScore="0.07608695652173914">bn:00098172a</annotation>
		<annotation source="BABELFY" anchor="fruto" bfScore="0.9501187648456056" coherenceScore="0.1358695652173913">bn:00036686n</annotation>
		<annotation source="MCS" anchor="aguardando" bfScore="--" coherenceScore="--">bn:00089401v</annotation>
		<annotation source="MCS" anchor="reciba" bfScore="--" coherenceScore="--">bn:00089246v</annotation>
		<annotation source="BABELFY" anchor="lluvias" bfScore="0.7642112344433233" coherenceScore="0.17391304347826086">bn:00066032n</annotation>
		<annotation source="MCS" anchor="tempranas" bfScore="--" coherenceScore="--">bn:00101935a</annotation>
		<annotation source="MCS" anchor="tardías" bfScore="--" coherenceScore="--">bn:00105755a</annotation>
		<annotation source="MCS" anchor="corazones" bfScore="--" coherenceScore="--">bn:00043383n</annotation>
		<annotation source="BABELFY" anchor="cerca" bfScore="0.9961685823754789" coherenceScore="0.07065217391304347">bn:00114747r</annotation>
		<annotation source="MCS" anchor="seáis" bfScore="--" coherenceScore="--">bn:00083187v</annotation>
		<annotation source="MCS" anchor="condenados" bfScore="--" coherenceScore="--">bn:00085548v</annotation>
		<annotation source="BABELFY" anchor="Juez" bfScore="0.8558951965065502" coherenceScore="0.15217391304347827">bn:00048488n</annotation>
		<annotation source="MCS" anchor="puertas" bfScore="--" coherenceScore="--">bn:00028248n</annotation>
		<annotation source="MCS" anchor="ejemplo" bfScore="--" coherenceScore="--">bn:00032100n</annotation>
		<annotation source="BABELFY" anchor="aflicción" bfScore="0.8" coherenceScore="0.02717391304347826">bn:00001782n</annotation>
		<annotation source="BABELFY" anchor="profetas" bfScore="0.9247110278038113" coherenceScore="0.21739130434782608">bn:00064759n</annotation>
		<annotation source="MCS" anchor="hablaron" bfScore="--" coherenceScore="--">bn:00094090v</annotation>
		<annotation source="MCS" anchor="nombre" bfScore="--" coherenceScore="--">bn:00056758n</annotation>
		<annotation source="MCS" anchor="tenemos" bfScore="--" coherenceScore="--">bn:00089385v</annotation>
		<annotation source="BABELFY" anchor="oído" bfScore="0.7941176470588235" coherenceScore="0.03260869565217391">bn:00089277v</annotation>
		<annotation source="BABELFY" anchor="perseverancia" bfScore="1.0" coherenceScore="0.010869565217391304">bn:00028079n</annotation>
		<annotation source="BABELFY" anchor="Job" bfScore="0.8717568569310601" coherenceScore="0.15217391304347827">bn:00012090n</annotation>
		<annotation source="MCS" anchor="visto" bfScore="--" coherenceScore="--">bn:00093430v</annotation>
		<annotation source="MCS" anchor="propósito" bfScore="--" coherenceScore="--">bn:00036822n</annotation>
		<annotation source="MCS" anchor="final" bfScore="--" coherenceScore="--">bn:00102969a</annotation>
		<annotation source="MCS" anchor="es" bfScore="--" coherenceScore="--">bn:00083187v</annotation>
		<annotation source="MCS" anchor="compasivo" bfScore="--" coherenceScore="--">bn:00100125a</annotation>
		<annotation source="BABELFY" anchor="misericordioso" bfScore="1.0" coherenceScore="0.043478260869565216">bn:00106612a</annotation>
		<annotation source="MCS" anchor="cielo" bfScore="--" coherenceScore="--">bn:00072016n</annotation>
		<annotation source="BABELFY" anchor="juramento" bfScore="0.9438202247191011" coherenceScore="0.13043478260869565">bn:00058421n</annotation>
		<annotation source="MCS" anchor="bien" bfScore="--" coherenceScore="--">bn:00115530r</annotation>
		<annotation source="MCS" anchor="sea" bfScore="--" coherenceScore="--">bn:00083187v</annotation>
		<annotation source="BABELFY" anchor="condenación" bfScore="0.9201277955271565" coherenceScore="0.13043478260869565">bn:00025114n</annotation>
		<annotation source="MCS" anchor="afligido" bfScore="--" coherenceScore="--">bn:00082464v</annotation>
		<annotation source="BABELFY" anchor="ore" bfScore="1.0" coherenceScore="0.07608695652173914">bn:00091921v</annotation>
		<annotation source="MCS" anchor="alegre" bfScore="--" coherenceScore="--">bn:00099564a</annotation>
		<annotation source="MCS" anchor="cante" bfScore="--" coherenceScore="--">bn:00093758v</annotation>
		<annotation source="BABELFY" anchor="salmos" bfScore="1.0" coherenceScore="0.21195652173913043">bn:00012106n</annotation>
		<annotation source="BABELFY" anchor="enfermo" bfScore="0.7272727272727273" coherenceScore="0.08695652173913043">bn:00096705a</annotation>
		<annotation source="MCS" anchor="llame" bfScore="--" coherenceScore="--">bn:00084386v</annotation>
		<annotation source="MCS" anchor="ancianos" bfScore="--" coherenceScore="--">bn:00001952n</annotation>
		<annotation source="MCS" anchor="iglesia" bfScore="--" coherenceScore="--">bn:00018995n</annotation>
		<annotation source="BABELFY" anchor="aceite" bfScore="0.9486166007905138" coherenceScore="0.08152173913043478">bn:00058732n</annotation>
		<annotation source="BABELFY" anchor="oración" bfScore="0.7888585897935333" coherenceScore="0.2717391304347826">bn:00059529n</annotation>
		<annotation source="BABELFY" anchor="fe" bfScore="0.8717525153927016" coherenceScore="0.7010869565217391">bn:00032768n</annotation>
		<annotation source="MCS" anchor="dará" bfScore="--" coherenceScore="--">bn:00088815v</annotation>
		<annotation source="BABELFY" anchor="salud" bfScore="0.8024422154382904" coherenceScore="0.21739130434782608">bn:00043358n</annotation>
		<annotation source="MCS" anchor="enfermo" bfScore="--" coherenceScore="--">bn:00027549n</annotation>
		<annotation source="MCS" anchor="levantará" bfScore="--" coherenceScore="--">bn:00084110v</annotation>
		<annotation source="BABELFY" anchor="cometido" bfScore="0.821917808219178" coherenceScore="0.08152173913043478">bn:00015051n</annotation>
		<annotation source="BABELFY" anchor="pecados" bfScore="0.8235294117647058" coherenceScore="0.043478260869565216">bn:00093756v</annotation>
		<annotation source="MCS" anchor="serán" bfScore="--" coherenceScore="--">bn:00083187v</annotation>
		<annotation source="MCS" anchor="perdonados" bfScore="--" coherenceScore="--">bn:00088483v</annotation>
		<annotation source="BABELFY" anchor="pecados" bfScore="0.949585635359116" coherenceScore="0.29891304347826086">bn:00071707n</annotation>
		<annotation source="BABELFY" anchor="manera" bfScore="0.9656108597285068" coherenceScore="0.358695652173913">bn:00033729n</annotation>
		<annotation source="BABELFY" anchor="obrando" bfScore="1.0" coherenceScore="0.03804347826086957">bn:00082286v</annotation>
		<annotation source="BABELFY" anchor="eficazmente" bfScore="1.0" coherenceScore="0.03260869565217391">bn:00115177r</annotation>
		<annotation source="BABELFY" anchor="puede" bfScore="0.8" coherenceScore="0.010869565217391304">bn:00089308v</annotation>
		<annotation source="BABELFY" anchor="Elías" bfScore="0.9796582587469488" coherenceScore="0.15217391304347827">bn:00030356n</annotation>
		<annotation source="MCS" anchor="era" bfScore="--" coherenceScore="--">bn:00083187v</annotation>
		<annotation source="MCS" anchor="hombre" bfScore="--" coherenceScore="--">bn:00001533n</annotation>
		<annotation source="BABELFY" anchor="sujeto" bfScore="1.0" coherenceScore="0.05434782608695652">bn:00105908a</annotation>
		<annotation source="MCS" anchor="pasiones" bfScore="--" coherenceScore="--">bn:00060907n</annotation>
		<annotation source="MCS" anchor="igual" bfScore="--" coherenceScore="--">bn:00102336a</annotation>
		<annotation source="BABELFY" anchor="oró" bfScore="1.0" coherenceScore="0.07608695652173914">bn:00091921v</annotation>
		<annotation source="MCS" anchor="insistencia" bfScore="--" coherenceScore="--">bn:00046910n</annotation>
		<annotation source="BABELFY" anchor="lloviera" bfScore="1.0" coherenceScore="0.03804347826086957">bn:00092330v</annotation>
		<annotation source="BABELFY" anchor="llovió" bfScore="1.0" coherenceScore="0.03804347826086957">bn:00092330v</annotation>
		<annotation source="MCS" anchor="años" bfScore="--" coherenceScore="--">bn:00078738n</annotation>
		<annotation source="MCS" anchor="meses" bfScore="--" coherenceScore="--">bn:00014710n</annotation>
		<annotation source="MCS" anchor="nuevo" bfScore="--" coherenceScore="--">bn:00107267a</annotation>
		<annotation source="MCS" anchor="dio" bfScore="--" coherenceScore="--">bn:00088815v</annotation>
		<annotation source="BABELFY" anchor="lluvia" bfScore="0.7642112344433233" coherenceScore="0.17391304347826086">bn:00066032n</annotation>
		<annotation source="MCS" anchor="produjo" bfScore="--" coherenceScore="--">bn:00086013v</annotation>
		<annotation source="MCS" anchor="engañado" bfScore="--" coherenceScore="--">bn:00083458v</annotation>
		<annotation source="MCS" anchor="desviando" bfScore="--" coherenceScore="--">bn:00082955v</annotation>
		<annotation source="BABELFY" anchor="verdad" bfScore="0.9773400732089943" coherenceScore="0.3423913043478261">bn:00072816n</annotation>
		<annotation source="MCS" anchor="hace" bfScore="--" coherenceScore="--">bn:00087107v</annotation>
		<annotation source="BABELFY" anchor="volver" bfScore="0.9955156950672646" coherenceScore="0.13043478260869565">bn:00088736v</annotation>
		<annotation source="MCS" anchor="haga" bfScore="--" coherenceScore="--">bn:00087107v</annotation>
		<annotation source="BABELFY" anchor="pecador" bfScore="0.9882583170254403" coherenceScore="0.29891304347826086">bn:00071707n</annotation>
		<annotation source="MCS" anchor="error" bfScore="--" coherenceScore="--">bn:00031485n</annotation>
		<annotation source="MCS" anchor="camino" bfScore="--" coherenceScore="--">bn:00080721n</annotation>
		<annotation source="MCS" anchor="salvará" bfScore="--" coherenceScore="--">bn:00092745v</annotation>
		<annotation source="BABELFY" anchor="vida" bfScore="0.8338099050669107" coherenceScore="0.29347826086956524">bn:00051054n</annotation>
		<annotation source="MCS" anchor="cubrirá" bfScore="--" coherenceScore="--">bn:00085904v</annotation>
		<annotation source="MCS" anchor="multitud" bfScore="--" coherenceScore="--">bn:00021604n</annotation>
	</annotations>
</paragraph>
</dataset>
