<?xml version="1.0" encoding="utf-8"?>
<dataset language="ES" title="JOE">
<paragraph id="p.1">
	<text>
		La palabra de Jehovah que vino a Joel hijo de Petuel
		Escuchad esto , ancianos ; y prestad atención , todos los habitantes de la tierra . ¿ Ha sucedido algo semejante en vuestros días , o en los de vuestros padres
		Contaréis de esto a vuestros hijos , y vuestros hijos a sus hijos , y sus hijos a la otra generación
		Lo que dejó la oruga lo comió la langosta , y lo que dejó la langosta lo comió el pulgón , y lo que dejó el pulgón lo comió el saltón
		¡ Despertad , borrachos , y llorad ! ¡ Gemid , todos los que bebéis vino , porque el mosto es quitado de vuestra boca
		Porque un pueblo ha subido a mi tierra , fuerte y sin número . Sus dientes son como dientes de león , y sus muelas son de leona
		Ha convertido mi vid en desolación y mi higuera en tronco . La ha desnudado por completo y la ha derribado ; sus ramas han quedado blancas
		¡ Suspira tú , como una joven ceñida de cilicio a causa del marido de su juventud
		Han sido eliminadas de la casa de Jehovah la ofrenda vegetal y la libación . Los sacerdotes que sirven a Jehovah están de duelo
		El campo es devastado , y la tierra se enluta ; porque el trigo es destruido , se seca el mosto y se agota el aceite
		Consternaos , oh labradores ; gemid , oh viñadores , por el trigo y la cebada ; porque se ha perdido la cosecha del campo
		Se seca la vid , se echa a perder la higuera ; también el granado , la palmera y el manzano . Se han secado todos los árboles del campo , por lo cual se ha desvanecido la alegría de los hijos del hombre
		¡ Ceñíos y haced duelo , oh sacerdotes ! ¡ Gemid , oh servidores del altar ! Venid , dormid sobre cilicio , oh servidores de mi Dios ; porque la ofrenda vegetal y la libación han sido quitadas de la casa de vuestro Dios
		Pregonad ayuno , convocad a una asamblea , reunid a los ancianos y a todos los habitantes del país en la casa de Jehovah vuestro Dios , e invocad a Jehovah
		¡ Ay por aquel día ! Porque cercano está el día de Jehovah ; vendrá como destrucción de parte del Todopoderoso
		¿ No ha sido arrancado el sustento de delante de nuestros ojos , la alegría y el júbilo de la casa de nuestro Dios
		Del todo se han secado los higos . Sus eras están arruinadas . Han sido desolados los depósitos y destruidos los graneros , por haberse acabado el grano
		¡ Cómo gimen los animales ! ¡ Cuán aturdidos andan los hatos de bueyes , porque no hay pastos para ellos ! También están sufriendo los rebaños de ovejas
		A ti , oh Jehovah , clamaré , porque el fuego ha consumido los pastizales , y la llama ha abrasado a todos los árboles del campo
		También los animales del campo jadean detrás de ti , porque se han secado los arroyos de agua , y el fuego ha devorado los pastizales
	</text>
	<annotations>
		<annotation source="BABELFY" anchor="palabra" bfScore="0.9931368591037545" coherenceScore="0.40594059405940597">bn:00081546n</annotation>
		<annotation source="BABELFY" anchor="Jehovah" bfScore="1.0" coherenceScore="0.1188118811881188">bn:00047890n</annotation>
		<annotation source="MCS" anchor="vino" bfScore="--" coherenceScore="--">bn:00082788v</annotation>
		<annotation source="MCS" anchor="hijo" bfScore="--" coherenceScore="--">bn:00024244n</annotation>
		<annotation source="MCS" anchor="ancianos" bfScore="--" coherenceScore="--">bn:00001952n</annotation>
		<annotation source="MCS" anchor="atención" bfScore="--" coherenceScore="--">bn:00007020n</annotation>
		<annotation source="MCS" anchor="habitantes" bfScore="--" coherenceScore="--">bn:00026239n</annotation>
		<annotation source="MCS" anchor="Ha" bfScore="--" coherenceScore="--">bn:00083184v</annotation>
		<annotation source="MCS" anchor="sucedido" bfScore="--" coherenceScore="--">bn:00085337v</annotation>
		<annotation source="BABELFY" anchor="semejante" bfScore="0.8739884393063584" coherenceScore="0.13366336633663367">bn:00105977a</annotation>
		<annotation source="MCS" anchor="días" bfScore="--" coherenceScore="--">bn:00000086n</annotation>
		<annotation source="MCS" anchor="padres" bfScore="--" coherenceScore="--">bn:00009616n</annotation>
		<annotation source="MCS" anchor="hijos" bfScore="--" coherenceScore="--">bn:00024244n</annotation>
		<annotation source="MCS" anchor="generación" bfScore="--" coherenceScore="--">bn:00020407n</annotation>
		<annotation source="MCS" anchor="dejó" bfScore="--" coherenceScore="--">bn:00084710v</annotation>
		<annotation source="BABELFY" anchor="oruga" bfScore="0.7656" coherenceScore="0.14356435643564355">bn:00016739n</annotation>
		<annotation source="MCS" anchor="comió" bfScore="--" coherenceScore="--">bn:00087461v</annotation>
		<annotation source="MCS" anchor="langosta" bfScore="--" coherenceScore="--">bn:00051731n</annotation>
		<annotation source="MCS" anchor="pulgón" bfScore="--" coherenceScore="--">bn:00041705n</annotation>
		<annotation source="MCS" anchor="borrachos" bfScore="--" coherenceScore="--">bn:00101836a</annotation>
		<annotation source="MCS" anchor="bebéis" bfScore="--" coherenceScore="--">bn:00087321v</annotation>
		<annotation source="BABELFY" anchor="vino" bfScore="0.9797605171134894" coherenceScore="0.3415841584158416">bn:00080022n</annotation>
		<annotation source="BABELFY" anchor="mosto" bfScore="0.7097118463180363" coherenceScore="0.09405940594059406">bn:00056509n</annotation>
		<annotation source="MCS" anchor="es" bfScore="--" coherenceScore="--">bn:00083187v</annotation>
		<annotation source="MCS" anchor="quitado" bfScore="--" coherenceScore="--">bn:00092783v</annotation>
		<annotation source="BABELFY" anchor="boca" bfScore="0.8949499254208395" coherenceScore="0.24752475247524752">bn:00056135n</annotation>
		<annotation source="MCS" anchor="pueblo" bfScore="--" coherenceScore="--">bn:00021149n</annotation>
		<annotation source="MCS" anchor="ha" bfScore="--" coherenceScore="--">bn:00083184v</annotation>
		<annotation source="MCS" anchor="subido" bfScore="--" coherenceScore="--">bn:00089381v</annotation>
		<annotation source="MCS" anchor="fuerte" bfScore="--" coherenceScore="--">bn:00111312a</annotation>
		<annotation source="MCS" anchor="número" bfScore="--" coherenceScore="--">bn:00058285n</annotation>
		<annotation source="BABELFY" anchor="dientes" bfScore="0.8035747189976046" coherenceScore="0.24257425742574257">bn:00077593n</annotation>
		<annotation source="MCS" anchor="son" bfScore="--" coherenceScore="--">bn:00083187v</annotation>
		<annotation source="MCS" anchor="dientes de león" bfScore="--" coherenceScore="--">bn:00011453n</annotation>
		<annotation source="BABELFY" anchor="león" bfScore="0.9521640091116174" coherenceScore="0.21782178217821782">bn:00049156n</annotation>
		<annotation source="MCS" anchor="muelas" bfScore="--" coherenceScore="--">bn:00030540n</annotation>
		<annotation source="BABELFY" anchor="leona" bfScore="0.9198606271777003" coherenceScore="0.21782178217821782">bn:00049156n</annotation>
		<annotation source="MCS" anchor="convertido" bfScore="--" coherenceScore="--">bn:00084785v</annotation>
		<annotation source="MCS" anchor="vid" bfScore="--" coherenceScore="--">bn:01958028n</annotation>
		<annotation source="MCS" anchor="desolación" bfScore="--" coherenceScore="--">bn:00008563n</annotation>
		<annotation source="MCS" anchor="higuera" bfScore="--" coherenceScore="--">bn:00034375n</annotation>
		<annotation source="MCS" anchor="tronco" bfScore="--" coherenceScore="--">bn:00036713n</annotation>
		<annotation source="MCS" anchor="desnudado" bfScore="--" coherenceScore="--">bn:00086903v</annotation>
		<annotation source="MCS" anchor="completo" bfScore="--" coherenceScore="--">bn:00096195a</annotation>
		<annotation source="MCS" anchor="derribado" bfScore="--" coherenceScore="--">bn:00089349v</annotation>
		<annotation source="MCS" anchor="ramas" bfScore="--" coherenceScore="--">bn:00012738n</annotation>
		<annotation source="MCS" anchor="han" bfScore="--" coherenceScore="--">bn:00083184v</annotation>
		<annotation source="MCS" anchor="quedado" bfScore="--" coherenceScore="--">bn:00092757v</annotation>
		<annotation source="MCS" anchor="blancas" bfScore="--" coherenceScore="--">bn:00113830a</annotation>
		<annotation source="MCS" anchor="joven" bfScore="--" coherenceScore="--">bn:00018345n</annotation>
		<annotation source="BABELFY" anchor="cilicio" bfScore="0.9032258064516129" coherenceScore="0.034653465346534656">bn:00042541n</annotation>
		<annotation source="MCS" anchor="causa" bfScore="--" coherenceScore="--">bn:00015051n</annotation>
		<annotation source="MCS" anchor="marido" bfScore="--" coherenceScore="--">bn:00045106n</annotation>
		<annotation source="BABELFY" anchor="juventud" bfScore="0.7250796540737369" coherenceScore="0.13366336633663367">bn:00073643n</annotation>
		<annotation source="MCS" anchor="sido" bfScore="--" coherenceScore="--">bn:00083187v</annotation>
		<annotation source="MCS" anchor="eliminadas" bfScore="--" coherenceScore="--">bn:00087115v</annotation>
		<annotation source="MCS" anchor="casa" bfScore="--" coherenceScore="--">bn:00044994n</annotation>
		<annotation source="BABELFY" anchor="vegetal" bfScore="1.0" coherenceScore="0.04950495049504951">bn:00113519a</annotation>
		<annotation source="BABELFY" anchor="libación" bfScore="0.8470588235294118" coherenceScore="0.07920792079207921">bn:00050930n</annotation>
		<annotation source="BABELFY" anchor="sacerdotes" bfScore="0.9068788020589612" coherenceScore="0.16831683168316833">bn:00064346n</annotation>
		<annotation source="MCS" anchor="sirven" bfScore="--" coherenceScore="--">bn:00089309v</annotation>
		<annotation source="MCS" anchor="duelo" bfScore="--" coherenceScore="--">bn:00010002n</annotation>
		<annotation source="MCS" anchor="campo" bfScore="--" coherenceScore="--">bn:00007985n</annotation>
		<annotation source="BABELFY" anchor="devastado" bfScore="0.9946524064171123" coherenceScore="0.0297029702970297">bn:00086685v</annotation>
		<annotation source="BABELFY" anchor="trigo" bfScore="0.9684824902723735" coherenceScore="0.28217821782178215">bn:00080959n</annotation>
		<annotation source="MCS" anchor="destruido" bfScore="--" coherenceScore="--">bn:00086699v</annotation>
		<annotation source="MCS" anchor="seca" bfScore="--" coherenceScore="--">bn:00087402v</annotation>
		<annotation source="MCS" anchor="agota" bfScore="--" coherenceScore="--">bn:00087962v</annotation>
		<annotation source="BABELFY" anchor="aceite" bfScore="0.9915476537452638" coherenceScore="0.2079207920792079">bn:00058732n</annotation>
		<annotation source="MCS" anchor="Consterna" bfScore="--" coherenceScore="--">bn:00082683v</annotation>
		<annotation source="BABELFY" anchor="oh" bfScore="0.9202825428859738" coherenceScore="0.27722772277227725">bn:00006912n</annotation>
		<annotation source="BABELFY" anchor="cebada" bfScore="0.9608262108262108" coherenceScore="0.18811881188118812">bn:00008606n</annotation>
		<annotation source="MCS" anchor="perdido" bfScore="--" coherenceScore="--">bn:00090485v</annotation>
		<annotation source="MCS" anchor="cosecha" bfScore="--" coherenceScore="--">bn:00043090n</annotation>
		<annotation source="MCS" anchor="Se" bfScore="--" coherenceScore="--">bn:00085261v</annotation>
		<annotation source="BABELFY" anchor="Se seca" bfScore="1.0" coherenceScore="0.0594059405940594">bn:00087409v</annotation>
		<annotation source="MCS" anchor="seca" bfScore="--" coherenceScore="--">bn:00101839a</annotation>
		<annotation source="MCS" anchor="echa" bfScore="--" coherenceScore="--">bn:00084634v</annotation>
		<annotation source="MCS" anchor="perder" bfScore="--" coherenceScore="--">bn:00090485v</annotation>
		<annotation source="BABELFY" anchor="granado" bfScore="1.0" coherenceScore="0.16831683168316833">bn:00063486n</annotation>
		<annotation source="MCS" anchor="palmera" bfScore="--" coherenceScore="--">bn:00060306n</annotation>
		<annotation source="MCS" anchor="manzano" bfScore="--" coherenceScore="--">bn:00005076n</annotation>
		<annotation source="MCS" anchor="secado" bfScore="--" coherenceScore="--">bn:00087402v</annotation>
		<annotation source="BABELFY" anchor="árboles" bfScore="0.9935181850918257" coherenceScore="0.4405940594059406">bn:00078131n</annotation>
		<annotation source="MCS" anchor="desvanecido" bfScore="--" coherenceScore="--">bn:00087489v</annotation>
		<annotation source="MCS" anchor="alegría" bfScore="--" coherenceScore="--">bn:00048468n</annotation>
		<annotation source="MCS" anchor="hombre" bfScore="--" coherenceScore="--">bn:00001533n</annotation>
		<annotation source="MCS" anchor="haced" bfScore="--" coherenceScore="--">bn:00087107v</annotation>
		<annotation source="MCS" anchor="servidores" bfScore="--" coherenceScore="--">bn:00044916n</annotation>
		<annotation source="MCS" anchor="altar" bfScore="--" coherenceScore="--">bn:00003117n</annotation>
		<annotation source="MCS" anchor="Venid" bfScore="--" coherenceScore="--">bn:00082788v</annotation>
		<annotation source="BABELFY" anchor="ayuno" bfScore="1.0" coherenceScore="0.01485148514851485">bn:00088049v</annotation>
		<annotation source="MCS" anchor="asamblea" bfScore="--" coherenceScore="--">bn:14881360n</annotation>
		<annotation source="MCS" anchor="país" bfScore="--" coherenceScore="--">bn:00023235n</annotation>
		<annotation source="BABELFY" anchor="Ay" bfScore="0.9545454545454546" coherenceScore="0.034653465346534656">bn:01638134n</annotation>
		<annotation source="MCS" anchor="día" bfScore="--" coherenceScore="--">bn:00000086n</annotation>
		<annotation source="MCS" anchor="cercano" bfScore="--" coherenceScore="--">bn:00099859a</annotation>
		<annotation source="MCS" anchor="vendrá" bfScore="--" coherenceScore="--">bn:00082788v</annotation>
		<annotation source="MCS" anchor="destrucción" bfScore="--" coherenceScore="--">bn:00026163n</annotation>
		<annotation source="MCS" anchor="parte" bfScore="--" coherenceScore="--">bn:00060765n</annotation>
		<annotation source="BABELFY" anchor="Todopoderoso" bfScore="1.0" coherenceScore="0.07425742574257425">bn:00002966n</annotation>
		<annotation source="MCS" anchor="arrancado" bfScore="--" coherenceScore="--">bn:00094300v</annotation>
		<annotation source="MCS" anchor="sustento" bfScore="--" coherenceScore="--">bn:00088089v</annotation>
		<annotation source="BABELFY" anchor="delante" bfScore="1.0" coherenceScore="0.0049504950495049506">bn:00114182r</annotation>
		<annotation source="BABELFY" anchor="ojos" bfScore="0.8600682593856656" coherenceScore="0.27722772277227725">bn:00032512n</annotation>
		<annotation source="MCS" anchor="júbilo" bfScore="--" coherenceScore="--">bn:00032506n</annotation>
		<annotation source="MCS" anchor="arruinadas" bfScore="--" coherenceScore="--">bn:00083055v</annotation>
		<annotation source="MCS" anchor="Han" bfScore="--" coherenceScore="--">bn:00083184v</annotation>
		<annotation source="MCS" anchor="depósitos" bfScore="--" coherenceScore="--">bn:00031575n</annotation>
		<annotation source="MCS" anchor="destruidos" bfScore="--" coherenceScore="--">bn:00086699v</annotation>
		<annotation source="MCS" anchor="graneros" bfScore="--" coherenceScore="--">bn:00037356n</annotation>
		<annotation source="MCS" anchor="haber" bfScore="--" coherenceScore="--">bn:00083184v</annotation>
		<annotation source="MCS" anchor="acabado" bfScore="--" coherenceScore="--">bn:00088222v</annotation>
		<annotation source="MCS" anchor="grano" bfScore="--" coherenceScore="--">bn:00024228n</annotation>
		<annotation source="MCS" anchor="anima" bfScore="--" coherenceScore="--">bn:00082629v</annotation>
		<annotation source="MCS" anchor="andan" bfScore="--" coherenceScore="--">bn:00094337v</annotation>
		<annotation source="MCS" anchor="bueyes" bfScore="--" coherenceScore="--">bn:00059960n</annotation>
		<annotation source="MCS" anchor="hay" bfScore="--" coherenceScore="--">bn:00083184v</annotation>
		<annotation source="MCS" anchor="pastos" bfScore="--" coherenceScore="--">bn:00035566n</annotation>
		<annotation source="MCS" anchor="sufriendo" bfScore="--" coherenceScore="--">bn:00082262v</annotation>
		<annotation source="MCS" anchor="rebaños" bfScore="--" coherenceScore="--">bn:00035289n</annotation>
		<annotation source="BABELFY" anchor="ovejas" bfScore="0.8357859531772576" coherenceScore="0.24257425742574257">bn:00070967n</annotation>
		<annotation source="MCS" anchor="fuego" bfScore="--" coherenceScore="--">bn:00034623n</annotation>
		<annotation source="MCS" anchor="consumido" bfScore="--" coherenceScore="--">bn:00087463v</annotation>
		<annotation source="MCS" anchor="pastizales" bfScore="--" coherenceScore="--">bn:00066145n</annotation>
		<annotation source="BABELFY" anchor="llama" bfScore="0.8815025611838361" coherenceScore="0.31683168316831684">bn:00034625n</annotation>
		<annotation source="BABELFY" anchor="detrás" bfScore="1.0" coherenceScore="0.0049504950495049506">bn:00114514r</annotation>
		<annotation source="MCS" anchor="arroyos" bfScore="--" coherenceScore="--">bn:00013340n</annotation>
		<annotation source="BABELFY" anchor="agua" bfScore="0.9498468124396693" coherenceScore="0.6089108910891089">bn:00042379n</annotation>
		<annotation source="MCS" anchor="devorado" bfScore="--" coherenceScore="--">bn:00085688v</annotation>
	</annotations>
</paragraph>
<paragraph id="p.2">
	<text>
		¡ Tocad la corneta en Sion y gritad en mi santo monte ! ¡ Tiemblen todos los habitantes de la tierra , porque viene el día de Jehovah
		¡ Día de tinieblas y de oscuridad , día de nublado y de densa neblina ! Como negrura que se despliega sobre las montañas , es un ejército grande y fuerte . ¡ Nunca antes ha subido algo semejante , ni después de ello ocurrirá por años , de generación en generación
		Delante consume el fuego , y detrás abrasa la llama . La tierra que antes era como el jardín de Edén será después como desierto desolado . ¡ No habrá quien escape
		Su aspecto es como el aspecto de caballos , y corren como gente de a caballo
		Con estruendo de carros saltan sobre las cumbres de los montes , con crepitar de llama de fuego que consume la hojarasca , como pueblo fuerte listo para la batalla
		Delante de él tiemblan los pueblos , y palidecen todos los semblantes
		Corren como valientes ; como hombres de guerra escalan la muralla . Cada uno sigue su camino , y no abandonan sus sendas
		Ninguno tropieza con su compañero ; cada uno va por su calzada . Aun cayendo a causa de la espada , no rompen su formació
		en la ciudad . Van saltando por el muro , corren por las casas , suben por las ventanas y entran como ladrones
		Delante de ellos tiembla la tierra , y se estremecen los cielos . El sol y la luna se oscurecen , y las estrellas retiran su fulgor
		Jehovah da la voz delante de su ejército . Enorme es su campamento , y poderoso es el que ejecuta su palabra . Grande y temible es el día de Jehovah . ¿ Quién lo podrá resistir
		&amp;quot; Pero aun ahora , &amp;quot; dice Jehovah , &amp;quot; volveos a mí con todo vuestro corazón , con ayuno , llanto y lamento
		Desgarrad vuestro corazón y no vuestros vestidos . &amp;quot; Volved a Jehovah , vuestro Dios , porque él es clemente y compasivo , lento para la ira , grande en misericordia , y desiste del castigo
		¿ Quién sabe si desiste , cambia de parecer y deja tras sí bendición , es decir , ofrenda vegetal y libación para Jehovah vuestro Dios
		¡ Tocad la corneta en Sion ; pregonad ayuno ! ¡ Convocad a la asamblea
		¡ Reunid al pueblo ; santificad la congregación ; agrupad a los ancianos ; reunid a los pequeños y a los niños de pecho ! ¡ Salga el novio de su cámara nupcial y la novia de su dosel
		Los sacerdotes que sirven a Jehovah lloren entre el vestíbulo y el altar . Digan : &amp;quot; Perdona , oh Jehovah , a mi pueblo . No entregues tu heredad a la afrenta , para que las naciones se enseñoreen de ella . ¿ Por qué han de decir entre los pueblos : &amp;apos; ¿ Dónde está su Dios ? &amp;apos;
		Entonces Jehovah tuvo celo por su tierra y se apiadó de su pueblo
		Jehovah respondió a su pueblo diciendo : &amp;quot; He aquí , yo os envío granos , vino nuevo y aceite ; y seréis saciados . Nunca más os entregaré como afrenta en medio de las naciones
		Yo haré que se aleje de vosotros lo que viene del norte . Lo arrojaré a tierra seca y desierta ; su vanguardia hacia el mar oriental , y su retaguardia hacia el mar occidental . Se levantará su hedor , y subirá su putrefacción . &amp;quot; ¡ Porque ha hecho grandes cosas
		&amp;quot; ¡ Oh tierra , no temas ! ¡ Alégrate y regocíjate , porque Jehovah ha hecho grandes cosas
		No temáis , animales del campo , porque los pastizales reverdecerán ; porque los árboles llevarán su fruto ; la higuera y la vid darán su riqueza
		Vosotros también , oh hijos de Sion , alegraos y regocijaos en Jehovah vuestro Dios , porque os ha dado la lluvia primera en su justa medida . También hará descender sobre vosotros la lluvia temprana y la tardía , como antes
		Las eras se llenarán de trigo , y los lagares rebosarán de vino nuevo y de aceite
		Yo os restituiré los años que comieron la oruga , el pulgón , el saltón y la langosta ; mi gran ejército que envié contra vosotros
		Comeréis hasta saciaros y alabaréis el nombre de Jehovah vuestro Dios , quien ha hecho maravillas con vosotros . Y nunca más será avergonzado mi pueblo
		Así sabréis que estoy en medio de Israel , que yo soy Jehovah vuestro Dios y que no hay otro . Y nunca más será avergonzado mi pueblo
		&amp;quot; Sucederá después de esto que derramaré mi Espíritu sobre todo mortal . Vuestros hijos y vuestras hijas profetizarán . Vuestros ancianos tendrán sueños ; y vuestros jóvenes , visiones
		En aquellos días también derramaré mi Espíritu sobre los siervos y las siervas
		Realizaré prodigios en los cielos y en la tierra : sangre , fuego y columnas de humo
		El sol se convertirá en tinieblas , y la luna en sangre , antes que venga el día de Jehovah , grande y temible
		Y sucederá que cualquiera que invoque el nombre de Jehovah será salvo , porque en el monte Sion y en Jerusalén estarán los libertados , como ha dicho Jehovah ; y entre los sobrevivientes estarán aquellos que Jehovah ha llamado
	</text>
	<annotations>
		<annotation source="BABELFY" anchor="corneta" bfScore="0.8074534161490683" coherenceScore="0.04285714285714286">bn:00022750n</annotation>
		<annotation source="MCS" anchor="santo" bfScore="--" coherenceScore="--">bn:00097090a</annotation>
		<annotation source="MCS" anchor="monte" bfScore="--" coherenceScore="--">bn:00036086n</annotation>
		<annotation source="MCS" anchor="habitantes" bfScore="--" coherenceScore="--">bn:00026239n</annotation>
		<annotation source="MCS" anchor="viene" bfScore="--" coherenceScore="--">bn:00082788v</annotation>
		<annotation source="MCS" anchor="día" bfScore="--" coherenceScore="--">bn:00000086n</annotation>
		<annotation source="BABELFY" anchor="Jehovah" bfScore="1.0" coherenceScore="0.1742857142857143">bn:00047890n</annotation>
		<annotation source="MCS" anchor="Día" bfScore="--" coherenceScore="--">bn:00000086n</annotation>
		<annotation source="BABELFY" anchor="tinieblas" bfScore="1.0" coherenceScore="0.002857142857142857">bn:00757086n</annotation>
		<annotation source="MCS" anchor="oscuridad" bfScore="--" coherenceScore="--">bn:00025233n</annotation>
		<annotation source="BABELFY" anchor="nublado" bfScore="1.0" coherenceScore="0.09428571428571429">bn:00020010n</annotation>
		<annotation source="MCS" anchor="densa" bfScore="--" coherenceScore="--">bn:00101177a</annotation>
		<annotation source="MCS" anchor="neblina" bfScore="--" coherenceScore="--">bn:00055345n</annotation>
		<annotation source="BABELFY" anchor="negrura" bfScore="1.0" coherenceScore="0.15142857142857144">bn:00010816n</annotation>
		<annotation source="MCS" anchor="despliega" bfScore="--" coherenceScore="--">bn:00091169v</annotation>
		<annotation source="BABELFY" anchor="montañas" bfScore="0.8756399669694468" coherenceScore="0.3142857142857143">bn:00056068n</annotation>
		<annotation source="MCS" anchor="es" bfScore="--" coherenceScore="--">bn:00083187v</annotation>
		<annotation source="MCS" anchor="ejército" bfScore="--" coherenceScore="--">bn:00005803n</annotation>
		<annotation source="BABELFY" anchor="ejército grande" bfScore="1.0" coherenceScore="0.03142857142857143">bn:02212854n</annotation>
		<annotation source="MCS" anchor="grande" bfScore="--" coherenceScore="--">bn:00098342a</annotation>
		<annotation source="MCS" anchor="fuerte" bfScore="--" coherenceScore="--">bn:00111312a</annotation>
		<annotation source="BABELFY" anchor="Nunca" bfScore="0.9" coherenceScore="0.008571428571428572">bn:00116326r</annotation>
		<annotation source="MCS" anchor="ha" bfScore="--" coherenceScore="--">bn:00083184v</annotation>
		<annotation source="MCS" anchor="subido" bfScore="--" coherenceScore="--">bn:00089381v</annotation>
		<annotation source="MCS" anchor="semejante" bfScore="--" coherenceScore="--">bn:00111411a</annotation>
		<annotation source="BABELFY" anchor="después" bfScore="1.0" coherenceScore="0.037142857142857144">bn:00114165r</annotation>
		<annotation source="MCS" anchor="ocurrirá" bfScore="--" coherenceScore="--">bn:00085332v</annotation>
		<annotation source="MCS" anchor="años" bfScore="--" coherenceScore="--">bn:00078738n</annotation>
		<annotation source="MCS" anchor="generación" bfScore="--" coherenceScore="--">bn:00020407n</annotation>
		<annotation source="MCS" anchor="fuego" bfScore="--" coherenceScore="--">bn:00034623n</annotation>
		<annotation source="MCS" anchor="detrás" bfScore="--" coherenceScore="--">bn:00114514r</annotation>
		<annotation source="BABELFY" anchor="abrasa" bfScore="1.0" coherenceScore="0.014285714285714285">bn:00084273v</annotation>
		<annotation source="BABELFY" anchor="llama" bfScore="0.8736673971992125" coherenceScore="0.32">bn:00034625n</annotation>
		<annotation source="MCS" anchor="era" bfScore="--" coherenceScore="--">bn:00083187v</annotation>
		<annotation source="MCS" anchor="jardín" bfScore="--" coherenceScore="--">bn:00037300n</annotation>
		<annotation source="BABELFY" anchor="jardín de Edén" bfScore="1.0" coherenceScore="0.18285714285714286">bn:00029735n</annotation>
		<annotation source="MCS" anchor="Edén" bfScore="--" coherenceScore="--">bn:00029735n</annotation>
		<annotation source="MCS" anchor="será" bfScore="--" coherenceScore="--">bn:00083187v</annotation>
		<annotation source="BABELFY" anchor="desierto" bfScore="0.9503239740820735" coherenceScore="0.05714285714285714">bn:00112870a</annotation>
		<annotation source="MCS" anchor="habrá" bfScore="--" coherenceScore="--">bn:00083184v</annotation>
		<annotation source="MCS" anchor="escape" bfScore="--" coherenceScore="--">bn:00031558n</annotation>
		<annotation source="MCS" anchor="aspecto" bfScore="--" coherenceScore="--">bn:00006385n</annotation>
		<annotation source="BABELFY" anchor="caballos" bfScore="0.8487075186983336" coherenceScore="0.28285714285714286">bn:00031345n</annotation>
		<annotation source="MCS" anchor="corren" bfScore="--" coherenceScore="--">bn:00093170v</annotation>
		<annotation source="MCS" anchor="gente" bfScore="--" coherenceScore="--">bn:01541322n</annotation>
		<annotation source="BABELFY" anchor="caballo" bfScore="0.8487075186983336" coherenceScore="0.28285714285714286">bn:00031345n</annotation>
		<annotation source="MCS" anchor="estruendo" bfScore="--" coherenceScore="--">bn:00011127n</annotation>
		<annotation source="MCS" anchor="carros" bfScore="--" coherenceScore="--">bn:00080322n</annotation>
		<annotation source="MCS" anchor="saltan" bfScore="--" coherenceScore="--">bn:00083833v</annotation>
		<annotation source="MCS" anchor="cumbres" bfScore="--" coherenceScore="--">bn:00075159n</annotation>
		<annotation source="MCS" anchor="montes" bfScore="--" coherenceScore="--">bn:00036086n</annotation>
		<annotation source="BABELFY" anchor="hojarasca" bfScore="0.9990850869167429" coherenceScore="0.07428571428571429">bn:14322987n</annotation>
		<annotation source="MCS" anchor="pueblo" bfScore="--" coherenceScore="--">bn:00021149n</annotation>
		<annotation source="MCS" anchor="listo" bfScore="--" coherenceScore="--">bn:00109485a</annotation>
		<annotation source="MCS" anchor="batalla" bfScore="--" coherenceScore="--">bn:00009078n</annotation>
		<annotation source="MCS" anchor="pueblos" bfScore="--" coherenceScore="--">bn:00021149n</annotation>
		<annotation source="BABELFY" anchor="Corren" bfScore="1.0" coherenceScore="0.002857142857142857">bn:08544558n</annotation>
		<annotation source="MCS" anchor="valientes" bfScore="--" coherenceScore="--">bn:00098827a</annotation>
		<annotation source="MCS" anchor="hombres" bfScore="--" coherenceScore="--">bn:00001533n</annotation>
		<annotation source="BABELFY" anchor="hombres de guerra" bfScore="1.0" coherenceScore="0.05142857142857143">bn:00053105n</annotation>
		<annotation source="BABELFY" anchor="guerra" bfScore="0.8980953334000467" coherenceScore="0.3028571428571429">bn:00080439n</annotation>
		<annotation source="MCS" anchor="muralla" bfScore="--" coherenceScore="--">bn:00013848n</annotation>
		<annotation source="MCS" anchor="sigue" bfScore="--" coherenceScore="--">bn:00088421v</annotation>
		<annotation source="MCS" anchor="camino" bfScore="--" coherenceScore="--">bn:00080721n</annotation>
		<annotation source="MCS" anchor="abandonan" bfScore="--" coherenceScore="--">bn:00082118v</annotation>
		<annotation source="MCS" anchor="sendas" bfScore="--" coherenceScore="--">bn:00148289n</annotation>
		<annotation source="BABELFY" anchor="Ninguno" bfScore="1.0" coherenceScore="0.12857142857142856">bn:00007146n</annotation>
		<annotation source="BABELFY" anchor="tropieza" bfScore="0.8700696055684455" coherenceScore="0.07142857142857142">bn:00087597v</annotation>
		<annotation source="MCS" anchor="compañero" bfScore="--" coherenceScore="--">bn:00006532n</annotation>
		<annotation source="MCS" anchor="va" bfScore="--" coherenceScore="--">bn:00088912v</annotation>
		<annotation source="BABELFY" anchor="cayendo" bfScore="0.7258762440501947" coherenceScore="0.1742857142857143">bn:00087982v</annotation>
		<annotation source="MCS" anchor="causa" bfScore="--" coherenceScore="--">bn:00015051n</annotation>
		<annotation source="BABELFY" anchor="espada" bfScore="0.7882037533512064" coherenceScore="0.12">bn:00011081n</annotation>
		<annotation source="MCS" anchor="rompen" bfScore="--" coherenceScore="--">bn:00083998v</annotation>
		<annotation source="BABELFY" anchor="ciudad" bfScore="0.7750916137196489" coherenceScore="0.42">bn:03335997n</annotation>
		<annotation source="MCS" anchor="Van" bfScore="--" coherenceScore="--">bn:00088912v</annotation>
		<annotation source="MCS" anchor="saltando" bfScore="--" coherenceScore="--">bn:00083833v</annotation>
		<annotation source="MCS" anchor="casas" bfScore="--" coherenceScore="--">bn:00044994n</annotation>
		<annotation source="MCS" anchor="suben" bfScore="--" coherenceScore="--">bn:00089381v</annotation>
		<annotation source="MCS" anchor="ventanas" bfScore="--" coherenceScore="--">bn:00081285n</annotation>
		<annotation source="MCS" anchor="entran" bfScore="--" coherenceScore="--">bn:00085363v</annotation>
		<annotation source="MCS" anchor="ladrones" bfScore="--" coherenceScore="--">bn:00074094n</annotation>
		<annotation source="MCS" anchor="tiembla" bfScore="--" coherenceScore="--">bn:00093639v</annotation>
		<annotation source="MCS" anchor="estremecen" bfScore="--" coherenceScore="--">bn:00094929v</annotation>
		<annotation source="MCS" anchor="cielos" bfScore="--" coherenceScore="--">bn:00072016n</annotation>
		<annotation source="BABELFY" anchor="sol" bfScore="0.8854545155615474" coherenceScore="0.43714285714285717">bn:00075170n</annotation>
		<annotation source="BABELFY" anchor="luna" bfScore="0.8848832445718967" coherenceScore="0.30857142857142855">bn:00055809n</annotation>
		<annotation source="MCS" anchor="oscurecen" bfScore="--" coherenceScore="--">bn:00086282v</annotation>
		<annotation source="BABELFY" anchor="estrellas" bfScore="0.8317885656602735" coherenceScore="0.25142857142857145">bn:00073964n</annotation>
		<annotation source="MCS" anchor="retiran" bfScore="--" coherenceScore="--">bn:00087267v</annotation>
		<annotation source="BABELFY" anchor="fulgor" bfScore="1.0" coherenceScore="0.04285714285714286">bn:00011174n</annotation>
		<annotation source="MCS" anchor="da" bfScore="--" coherenceScore="--">bn:00088815v</annotation>
		<annotation source="MCS" anchor="voz" bfScore="--" coherenceScore="--">bn:00080185n</annotation>
		<annotation source="BABELFY" anchor="delante" bfScore="1.0" coherenceScore="0.005714285714285714">bn:00114182r</annotation>
		<annotation source="MCS" anchor="Enorme" bfScore="--" coherenceScore="--">bn:00103812a</annotation>
		<annotation source="MCS" anchor="campamento" bfScore="--" coherenceScore="--">bn:00010807n</annotation>
		<annotation source="MCS" anchor="poderoso" bfScore="--" coherenceScore="--">bn:00108878a</annotation>
		<annotation source="MCS" anchor="ejecuta" bfScore="--" coherenceScore="--">bn:00087823v</annotation>
		<annotation source="BABELFY" anchor="palabra" bfScore="0.9752831323725577" coherenceScore="0.4514285714285714">bn:00081546n</annotation>
		<annotation source="MCS" anchor="Grande" bfScore="--" coherenceScore="--">bn:00098342a</annotation>
		<annotation source="MCS" anchor="temible" bfScore="--" coherenceScore="--">bn:00103237a</annotation>
		<annotation source="BABELFY" anchor="podrá" bfScore="1.0" coherenceScore="0.03428571428571429">bn:00084451v</annotation>
		<annotation source="BABELFY" anchor="resistir" bfScore="0.7468879668049793" coherenceScore="0.06857142857142857">bn:00089411v</annotation>
		<annotation source="MCS" anchor="ahora" bfScore="--" coherenceScore="--">bn:00114424r</annotation>
		<annotation source="MCS" anchor="dice" bfScore="--" coherenceScore="--">bn:00093287v</annotation>
		<annotation source="MCS" anchor="corazón" bfScore="--" coherenceScore="--">bn:00043383n</annotation>
		<annotation source="BABELFY" anchor="ayuno" bfScore="1.0" coherenceScore="0.014285714285714285">bn:00088049v</annotation>
		<annotation source="BABELFY" anchor="llanto" bfScore="0.8043478260869565" coherenceScore="0.10571428571428572">bn:00024162n</annotation>
		<annotation source="MCS" anchor="lamento" bfScore="--" coherenceScore="--">bn:00009210n</annotation>
		<annotation source="BABELFY" anchor="clemente" bfScore="1.0" coherenceScore="0.03428571428571429">bn:00099824a</annotation>
		<annotation source="MCS" anchor="compasivo" bfScore="--" coherenceScore="--">bn:00100125a</annotation>
		<annotation source="MCS" anchor="lento" bfScore="--" coherenceScore="--">bn:00110767a</annotation>
		<annotation source="MCS" anchor="ira" bfScore="--" coherenceScore="--">bn:00004085n</annotation>
		<annotation source="BABELFY" anchor="misericordia" bfScore="0.9418604651162791" coherenceScore="0.15428571428571428">bn:00019708n</annotation>
		<annotation source="BABELFY" anchor="desiste" bfScore="0.8308270676691729" coherenceScore="0.04857142857142857">bn:00088859v</annotation>
		<annotation source="BABELFY" anchor="castigo" bfScore="0.7319236016371078" coherenceScore="0.10571428571428572">bn:00061325n</annotation>
		<annotation source="MCS" anchor="sabe" bfScore="--" coherenceScore="--">bn:00085261v</annotation>
		<annotation source="MCS" anchor="cambia" bfScore="--" coherenceScore="--">bn:00082553v</annotation>
		<annotation source="MCS" anchor="parecer" bfScore="--" coherenceScore="--">bn:00082690v</annotation>
		<annotation source="MCS" anchor="deja" bfScore="--" coherenceScore="--">bn:00084710v</annotation>
		<annotation source="BABELFY" anchor="bendición" bfScore="0.8139950017850768" coherenceScore="0.16285714285714287">bn:02733866n</annotation>
		<annotation source="MCS" anchor="decir" bfScore="--" coherenceScore="--">bn:00093287v</annotation>
		<annotation source="MCS" anchor="vegetal" bfScore="--" coherenceScore="--">bn:03328519n</annotation>
		<annotation source="BABELFY" anchor="libación" bfScore="0.9403884795713329" coherenceScore="0.10285714285714286">bn:00050930n</annotation>
		<annotation source="MCS" anchor="asamblea" bfScore="--" coherenceScore="--">bn:14881360n</annotation>
		<annotation source="BABELFY" anchor="congregación" bfScore="0.9322033898305084" coherenceScore="0.13142857142857142">bn:00021837n</annotation>
		<annotation source="MCS" anchor="ancianos" bfScore="--" coherenceScore="--">bn:00001952n</annotation>
		<annotation source="MCS" anchor="pequeños" bfScore="--" coherenceScore="--">bn:00106058a</annotation>
		<annotation source="MCS" anchor="niños" bfScore="--" coherenceScore="--">bn:00018345n</annotation>
		<annotation source="MCS" anchor="pecho" bfScore="--" coherenceScore="--">bn:00012950n</annotation>
		<annotation source="MCS" anchor="Salga" bfScore="--" coherenceScore="--">bn:00087845v</annotation>
		<annotation source="MCS" anchor="novio" bfScore="--" coherenceScore="--">bn:00034201n</annotation>
		<annotation source="MCS" anchor="cámara" bfScore="--" coherenceScore="--">bn:00015008n</annotation>
		<annotation source="BABELFY" anchor="nupcial" bfScore="0.9845094664371773" coherenceScore="0.06285714285714286">bn:00098851a</annotation>
		<annotation source="MCS" anchor="novia" bfScore="--" coherenceScore="--">bn:00034201n</annotation>
		<annotation source="BABELFY" anchor="dosel" bfScore="0.7105263157894737" coherenceScore="0.07714285714285714">bn:02315791n</annotation>
		<annotation source="BABELFY" anchor="sacerdotes" bfScore="0.8091466815393196" coherenceScore="0.17714285714285713">bn:00064346n</annotation>
		<annotation source="MCS" anchor="sirven" bfScore="--" coherenceScore="--">bn:00089309v</annotation>
		<annotation source="MCS" anchor="lloren" bfScore="--" coherenceScore="--">bn:00086122v</annotation>
		<annotation source="MCS" anchor="vestíbulo" bfScore="--" coherenceScore="--">bn:00004493n</annotation>
		<annotation source="MCS" anchor="altar" bfScore="--" coherenceScore="--">bn:00003117n</annotation>
		<annotation source="MCS" anchor="Digan" bfScore="--" coherenceScore="--">bn:00093287v</annotation>
		<annotation source="MCS" anchor="Perdona" bfScore="--" coherenceScore="--">bn:00088483v</annotation>
		<annotation source="MCS" anchor="entregues" bfScore="--" coherenceScore="--">bn:00086531v</annotation>
		<annotation source="BABELFY" anchor="heredad" bfScore="0.7794173287930383" coherenceScore="0.17142857142857143">bn:00009992n</annotation>
		<annotation source="BABELFY" anchor="afrenta" bfScore="0.8701438848920864" coherenceScore="0.11714285714285715">bn:00001794n</annotation>
		<annotation source="BABELFY" anchor="naciones" bfScore="0.8248653900651796" coherenceScore="0.7142857142857143">bn:00023236n</annotation>
		<annotation source="MCS" anchor="han" bfScore="--" coherenceScore="--">bn:00083184v</annotation>
		<annotation source="MCS" anchor="Dónde" bfScore="--" coherenceScore="--">bn:13653875r</annotation>
		<annotation source="MCS" anchor="Entonces" bfScore="--" coherenceScore="--">bn:00076816n</annotation>
		<annotation source="MCS" anchor="tuvo" bfScore="--" coherenceScore="--">bn:00089385v</annotation>
		<annotation source="MCS" anchor="celo" bfScore="--" coherenceScore="--">bn:00041654n</annotation>
		<annotation source="MCS" anchor="respondió" bfScore="--" coherenceScore="--">bn:00092421v</annotation>
		<annotation source="MCS" anchor="diciendo" bfScore="--" coherenceScore="--">bn:00093287v</annotation>
		<annotation source="MCS" anchor="He" bfScore="--" coherenceScore="--">bn:00083184v</annotation>
		<annotation source="MCS" anchor="aquí" bfScore="--" coherenceScore="--">bn:00115641r</annotation>
		<annotation source="MCS" anchor="envío" bfScore="--" coherenceScore="--">bn:00070467n</annotation>
		<annotation source="MCS" anchor="granos" bfScore="--" coherenceScore="--">bn:00024228n</annotation>
		<annotation source="BABELFY" anchor="vino" bfScore="0.979304271246147" coherenceScore="0.2742857142857143">bn:00080022n</annotation>
		<annotation source="MCS" anchor="nuevo" bfScore="--" coherenceScore="--">bn:00107267a</annotation>
		<annotation source="BABELFY" anchor="aceite" bfScore="0.9168539325842696" coherenceScore="0.13714285714285715">bn:00058732n</annotation>
		<annotation source="MCS" anchor="seréis" bfScore="--" coherenceScore="--">bn:00083187v</annotation>
		<annotation source="MCS" anchor="entregaré" bfScore="--" coherenceScore="--">bn:00086531v</annotation>
		<annotation source="MCS" anchor="medio" bfScore="--" coherenceScore="--">bn:00054149n</annotation>
		<annotation source="MCS" anchor="haré" bfScore="--" coherenceScore="--">bn:00087107v</annotation>
		<annotation source="MCS" anchor="aleje" bfScore="--" coherenceScore="--">bn:00084834v</annotation>
		<annotation source="BABELFY" anchor="tierra seca" bfScore="1.0" coherenceScore="0.13142857142857142">bn:00028934n</annotation>
		<annotation source="MCS" anchor="seca" bfScore="--" coherenceScore="--">bn:00101839a</annotation>
		<annotation source="BABELFY" anchor="desierta" bfScore="0.9503239740820735" coherenceScore="0.05714285714285714">bn:00112870a</annotation>
		<annotation source="MCS" anchor="vanguardia" bfScore="--" coherenceScore="--">bn:00007432n</annotation>
		<annotation source="BABELFY" anchor="mar" bfScore="0.8742548963951178" coherenceScore="0.3457142857142857">bn:00069946n</annotation>
		<annotation source="BABELFY" anchor="mar oriental" bfScore="1.0" coherenceScore="0.06285714285714286">bn:01281830n</annotation>
		<annotation source="MCS" anchor="oriental" bfScore="--" coherenceScore="--">bn:00101959a</annotation>
		<annotation source="BABELFY" anchor="retaguardia" bfScore="1.0" coherenceScore="0.06">bn:00066438n</annotation>
		<annotation source="MCS" anchor="occidental" bfScore="--" coherenceScore="--">bn:00113813a</annotation>
		<annotation source="MCS" anchor="levantará" bfScore="--" coherenceScore="--">bn:00084110v</annotation>
		<annotation source="BABELFY" anchor="hedor" bfScore="0.7207977207977208" coherenceScore="0.06285714285714286">bn:00034177n</annotation>
		<annotation source="MCS" anchor="subirá" bfScore="--" coherenceScore="--">bn:00089381v</annotation>
		<annotation source="BABELFY" anchor="putrefacción" bfScore="0.9434482758620689" coherenceScore="0.10285714285714286">bn:00025756n</annotation>
		<annotation source="MCS" anchor="hecho" bfScore="--" coherenceScore="--">bn:00087107v</annotation>
		<annotation source="MCS" anchor="grandes" bfScore="--" coherenceScore="--">bn:00098342a</annotation>
		<annotation source="MCS" anchor="cosas" bfScore="--" coherenceScore="--">bn:00076925n</annotation>
		<annotation source="MCS" anchor="temas" bfScore="--" coherenceScore="--">bn:00074900n</annotation>
		<annotation source="MCS" anchor="Alegra" bfScore="--" coherenceScore="--">bn:00084881v</annotation>
		<annotation source="MCS" anchor="regocija" bfScore="--" coherenceScore="--">bn:00088865v</annotation>
		<annotation source="BABELFY" anchor="No temáis" bfScore="0.8357030015797788" coherenceScore="0.06571428571428571">bn:00087284v</annotation>
		<annotation source="MCS" anchor="anima" bfScore="--" coherenceScore="--">bn:00082629v</annotation>
		<annotation source="MCS" anchor="campo" bfScore="--" coherenceScore="--">bn:00007985n</annotation>
		<annotation source="MCS" anchor="pastizales" bfScore="--" coherenceScore="--">bn:00066145n</annotation>
		<annotation source="BABELFY" anchor="árboles" bfScore="0.956604384049179" coherenceScore="0.31142857142857144">bn:00078131n</annotation>
		<annotation source="MCS" anchor="llevarán" bfScore="--" coherenceScore="--">bn:00084554v</annotation>
		<annotation source="BABELFY" anchor="fruto" bfScore="0.9820111530850872" coherenceScore="0.15142857142857144">bn:00036686n</annotation>
		<annotation source="MCS" anchor="higuera" bfScore="--" coherenceScore="--">bn:00034375n</annotation>
		<annotation source="MCS" anchor="vid" bfScore="--" coherenceScore="--">bn:01958028n</annotation>
		<annotation source="MCS" anchor="darán" bfScore="--" coherenceScore="--">bn:00088815v</annotation>
		<annotation source="MCS" anchor="riqueza" bfScore="--" coherenceScore="--">bn:00080746n</annotation>
		<annotation source="BABELFY" anchor="Vosotros" bfScore="1.0" coherenceScore="0.05142857142857143">bn:03231238n</annotation>
		<annotation source="MCS" anchor="hijos" bfScore="--" coherenceScore="--">bn:00024244n</annotation>
		<annotation source="MCS" anchor="alegra" bfScore="--" coherenceScore="--">bn:00084881v</annotation>
		<annotation source="MCS" anchor="dado" bfScore="--" coherenceScore="--">bn:00088815v</annotation>
		<annotation source="BABELFY" anchor="lluvia" bfScore="0.7903346121057119" coherenceScore="0.26">bn:00066032n</annotation>
		<annotation source="BABELFY" anchor="justa" bfScore="0.96" coherenceScore="0.06857142857142857">bn:00048465n</annotation>
		<annotation source="BABELFY" anchor="medida" bfScore="0.7650310988251555" coherenceScore="0.07714285714285714">bn:00090716v</annotation>
		<annotation source="MCS" anchor="hará" bfScore="--" coherenceScore="--">bn:00087107v</annotation>
		<annotation source="MCS" anchor="descender" bfScore="--" coherenceScore="--">bn:00085356v</annotation>
		<annotation source="MCS" anchor="temprana" bfScore="--" coherenceScore="--">bn:00101935a</annotation>
		<annotation source="MCS" anchor="tardía" bfScore="--" coherenceScore="--">bn:00105755a</annotation>
		<annotation source="MCS" anchor="llenarán" bfScore="--" coherenceScore="--">bn:00088175v</annotation>
		<annotation source="BABELFY" anchor="trigo" bfScore="0.9300189677548168" coherenceScore="0.19428571428571428">bn:00080959n</annotation>
		<annotation source="MCS" anchor="lagares" bfScore="--" coherenceScore="--">bn:03634891n</annotation>
		<annotation source="MCS" anchor="comieron" bfScore="--" coherenceScore="--">bn:00087461v</annotation>
		<annotation source="MCS" anchor="oruga" bfScore="--" coherenceScore="--">bn:00016740n</annotation>
		<annotation source="MCS" anchor="pulgón" bfScore="--" coherenceScore="--">bn:00041705n</annotation>
		<annotation source="MCS" anchor="langosta" bfScore="--" coherenceScore="--">bn:00051731n</annotation>
		<annotation source="BABELFY" anchor="gran" bfScore="0.926028193576515" coherenceScore="0.16857142857142857">bn:00098342a</annotation>
		<annotation source="MCS" anchor="envié" bfScore="--" coherenceScore="--">bn:00090548v</annotation>
		<annotation source="MCS" anchor="nombre" bfScore="--" coherenceScore="--">bn:00056758n</annotation>
		<annotation source="MCS" anchor="maravillas" bfScore="--" coherenceScore="--">bn:00001438n</annotation>
		<annotation source="BABELFY" anchor="nunca" bfScore="0.9" coherenceScore="0.008571428571428572">bn:00116326r</annotation>
		<annotation source="MCS" anchor="avergonzado" bfScore="--" coherenceScore="--">bn:00082124v</annotation>
		<annotation source="BABELFY" anchor="Así" bfScore="0.9598715890850722" coherenceScore="0.06571428571428571">bn:00036261n</annotation>
		<annotation source="MCS" anchor="sabréis" bfScore="--" coherenceScore="--">bn:00085261v</annotation>
		<annotation source="BABELFY" anchor="Israel" bfScore="0.9350035452611676" coherenceScore="0.5257142857142857">bn:00047679n</annotation>
		<annotation source="MCS" anchor="soy" bfScore="--" coherenceScore="--">bn:00083187v</annotation>
		<annotation source="MCS" anchor="hay" bfScore="--" coherenceScore="--">bn:00083184v</annotation>
		<annotation source="MCS" anchor="Sucederá" bfScore="--" coherenceScore="--">bn:00085337v</annotation>
		<annotation source="MCS" anchor="Espíritu" bfScore="--" coherenceScore="--">bn:00033960n</annotation>
		<annotation source="MCS" anchor="mortal" bfScore="--" coherenceScore="--">bn:00100970a</annotation>
		<annotation source="MCS" anchor="hijas" bfScore="--" coherenceScore="--">bn:00024244n</annotation>
		<annotation source="MCS" anchor="tendrán" bfScore="--" coherenceScore="--">bn:00089385v</annotation>
		<annotation source="MCS" anchor="sueños" bfScore="--" coherenceScore="--">bn:00072101n</annotation>
		<annotation source="MCS" anchor="jóvenes" bfScore="--" coherenceScore="--">bn:00018345n</annotation>
		<annotation source="MCS" anchor="visiones" bfScore="--" coherenceScore="--">bn:00080106n</annotation>
		<annotation source="MCS" anchor="días" bfScore="--" coherenceScore="--">bn:00000086n</annotation>
		<annotation source="MCS" anchor="siervos" bfScore="--" coherenceScore="--">bn:00011982n</annotation>
		<annotation source="BABELFY" anchor="sangre" bfScore="0.7613578356304237" coherenceScore="0.21714285714285714">bn:00011346n</annotation>
		<annotation source="MCS" anchor="columnas" bfScore="--" coherenceScore="--">bn:00020822n</annotation>
		<annotation source="MCS" anchor="humo" bfScore="--" coherenceScore="--">bn:00036806n</annotation>
		<annotation source="MCS" anchor="convertirá" bfScore="--" coherenceScore="--">bn:00084785v</annotation>
		<annotation source="MCS" anchor="sucederá" bfScore="--" coherenceScore="--">bn:00085337v</annotation>
		<annotation source="MCS" anchor="invoque" bfScore="--" coherenceScore="--">bn:00082770v</annotation>
		<annotation source="BABELFY" anchor="monte Sion" bfScore="1.0" coherenceScore="0.11714285714285715">bn:03613899n</annotation>
		<annotation source="BABELFY" anchor="Jerusalén" bfScore="0.9740351538570284" coherenceScore="0.3028571428571429">bn:00015555n</annotation>
		<annotation source="MCS" anchor="sobrevivientes" bfScore="--" coherenceScore="--">bn:16473383n</annotation>
		<annotation source="MCS" anchor="llamado" bfScore="--" coherenceScore="--">bn:00084386v</annotation>
	</annotations>
</paragraph>
<paragraph id="p.3">
	<text>
		&amp;quot; He aquí que en aquellos días y en aquel tiempo , cuando yo restaure de la cautividad a Judá y a Jerusalén
		reuniré a todas las naciones y las haré descender al valle de Josafat . Allí entraré en juicio contra ellas a causa de mi pueblo , de Israel mi heredad , al cual esparcieron entre las naciones , y luego se repartieron mi tierra
		Sobre mi pueblo echaron suertes ; por el niño pagaron como por prostituta , y vendieron a la niña por vino para beber
		&amp;quot; Vosotras también , oh Tiro , oh Sidón y todas las comarcas de Filistea , ¿ qué sois para mí ? ¿ Queréis vengaros de mí ? Si de mí os vengáis , bien pronto haré que recaiga la paga sobre vuestras cabezas
		porque habéis llevado mi plata y mi oro . Mis cosas preciosas y hermosas habéis introducido en vuestros templos
		Vendisteis los hijos de Judá y los hijos de Jerusalén a los hijos de los griegos , para alejarlos de sus territorios
		He aquí , yo los despertaré en el lugar a donde los vendisteis , y volveré vuestra paga sobre vuestra cabeza
		Yo venderé a vuestros hijos y a vuestras hijas en mano de los hijos de Judá , y éstos los venderán a los sabeos , a una nación distante , porque Jehovah ha hablado .
		¡ Proclamad esto entre las naciones , declarad guerra santa , convocad a los valientes ! Acérquense y acudan todos los hombres de guerra
		Haced espadas de vuestras rejas de arado y lanzas de vuestras podaderas . Diga el débil : &amp;quot; Soy valiente .
		Apresuraos y acudid , todas las naciones de alrededor ; congregaos allá . ¡ Haz que desciendan allá tus valientes , oh Jehovah
		&amp;quot; Despierten las naciones y vayan al valle de Josafat , porque allí me sentaré para juzgar a todas las naciones de alrededor
		Meted la hoz , porque el grano ya está maduro . Venid , pisotead , porque el lagar está lleno y rebosan las cubas ; pues mucha es la maldad de ellos
		&amp;quot; Multitudes , multitudes están en el valle de la decisión , porque está cercano el día de Jehovah en el valle de la decisión
		El sol y la luna se oscurecen , y las estrellas retiran su fulgor
		Jehovah ruge desde Sion y da su voz desde Jerusalén . Tiemblan los cielos y la tierra , pero Jehovah es refugio para su pueblo y fortaleza para los hijos de Israel
		Y conoceréis que yo soy Jehovah vuestro Dios que habito en Sion , mi santo monte . Santa será Jerusalén , y los extraños no pasarán más por ella
		&amp;quot; En aquel día sucederá que los montes gotearán jugo de uvas , las colinas fluirán leche y correrán aguas por todos los arroyos de Judá . Un manantial saldrá de la casa de Jehovah y regará el valle de Sitim
		Egipto será convertido en desolación , y Edom en desierto desolado , por la violencia hecha a los hijos de Judá ; porque en su tierra derramaron la sangre inocente
		Pero Judá será habitada para siempre , y Jerusalén de generación en generación
		Yo tomaré venganza de la sangre y a nadie daré por inocente . &amp;quot; ¡ Jehovah habita en Sion
	</text>
	<annotations>
		<annotation source="BABELFY" anchor="He" bfScore="0.7938931297709924" coherenceScore="0.05555555555555555">bn:00083183v</annotation>
		<annotation source="MCS" anchor="aquí" bfScore="--" coherenceScore="--">bn:00115641r</annotation>
		<annotation source="MCS" anchor="días" bfScore="--" coherenceScore="--">bn:00000086n</annotation>
		<annotation source="BABELFY" anchor="tiempo" bfScore="0.7452339688041595" coherenceScore="0.39351851851851855">bn:00077270n</annotation>
		<annotation source="BABELFY" anchor="restaure" bfScore="1.0" coherenceScore="0.004629629629629629">bn:00088573v</annotation>
		<annotation source="BABELFY" anchor="cautividad" bfScore="0.949290060851927" coherenceScore="0.16666666666666666">bn:00015771n</annotation>
		<annotation source="BABELFY" anchor="Jerusalén" bfScore="0.9641019967918579" coherenceScore="0.38425925925925924">bn:00015555n</annotation>
		<annotation source="MCS" anchor="reuniré" bfScore="--" coherenceScore="--">bn:00085289v</annotation>
		<annotation source="BABELFY" anchor="naciones" bfScore="0.8212077118952347" coherenceScore="0.7962962962962963">bn:00023236n</annotation>
		<annotation source="MCS" anchor="haré" bfScore="--" coherenceScore="--">bn:00087107v</annotation>
		<annotation source="MCS" anchor="descender" bfScore="--" coherenceScore="--">bn:00085356v</annotation>
		<annotation source="MCS" anchor="valle" bfScore="--" coherenceScore="--">bn:00079476n</annotation>
		<annotation source="BABELFY" anchor="valle de Josafat" bfScore="1.0" coherenceScore="0.14351851851851852">bn:03576729n</annotation>
		<annotation source="BABELFY" anchor="Allí" bfScore="1.0" coherenceScore="0.08333333333333333">bn:00114427r</annotation>
		<annotation source="MCS" anchor="entraré" bfScore="--" coherenceScore="--">bn:00085363v</annotation>
		<annotation source="MCS" anchor="juicio" bfScore="--" coherenceScore="--">bn:00048493n</annotation>
		<annotation source="MCS" anchor="causa" bfScore="--" coherenceScore="--">bn:00015051n</annotation>
		<annotation source="MCS" anchor="pueblo" bfScore="--" coherenceScore="--">bn:00021149n</annotation>
		<annotation source="BABELFY" anchor="Israel" bfScore="0.8114006083851343" coherenceScore="0.625">bn:00047679n</annotation>
		<annotation source="BABELFY" anchor="heredad" bfScore="0.921875" coherenceScore="0.27314814814814814">bn:00009992n</annotation>
		<annotation source="MCS" anchor="esparcieron" bfScore="--" coherenceScore="--">bn:00094189v</annotation>
		<annotation source="MCS" anchor="repartieron" bfScore="--" coherenceScore="--">bn:00082534v</annotation>
		<annotation source="MCS" anchor="echaron" bfScore="--" coherenceScore="--">bn:00084634v</annotation>
		<annotation source="MCS" anchor="suertes" bfScore="--" coherenceScore="--">bn:00017622n</annotation>
		<annotation source="MCS" anchor="niño" bfScore="--" coherenceScore="--">bn:00018345n</annotation>
		<annotation source="MCS" anchor="pagaron" bfScore="--" coherenceScore="--">bn:00091493v</annotation>
		<annotation source="MCS" anchor="prostituta" bfScore="--" coherenceScore="--">bn:00009205n</annotation>
		<annotation source="MCS" anchor="vendieron" bfScore="--" coherenceScore="--">bn:00093472v</annotation>
		<annotation source="MCS" anchor="niña" bfScore="--" coherenceScore="--">bn:00018345n</annotation>
		<annotation source="BABELFY" anchor="vino" bfScore="0.9719157472417251" coherenceScore="0.3148148148148148">bn:00080022n</annotation>
		<annotation source="MCS" anchor="beber" bfScore="--" coherenceScore="--">bn:00087321v</annotation>
		<annotation source="MCS" anchor="Tiro" bfScore="--" coherenceScore="--">bn:00009630n</annotation>
		<annotation source="BABELFY" anchor="Sidón" bfScore="1.0" coherenceScore="0.1574074074074074">bn:00068839n</annotation>
		<annotation source="BABELFY" anchor="comarcas" bfScore="1.0" coherenceScore="0.09722222222222222">bn:00777381n</annotation>
		<annotation source="MCS" anchor="sois" bfScore="--" coherenceScore="--">bn:00083187v</annotation>
		<annotation source="MCS" anchor="Queréis" bfScore="--" coherenceScore="--">bn:00086682v</annotation>
		<annotation source="MCS" anchor="bien" bfScore="--" coherenceScore="--">bn:00115530r</annotation>
		<annotation source="BABELFY" anchor="pronto" bfScore="0.9979381443298969" coherenceScore="0.10185185185185185">bn:00114513r</annotation>
		<annotation source="MCS" anchor="recaiga" bfScore="--" coherenceScore="--">bn:00086607v</annotation>
		<annotation source="MCS" anchor="paga" bfScore="--" coherenceScore="--">bn:00091493v</annotation>
		<annotation source="MCS" anchor="cabezas" bfScore="--" coherenceScore="--">bn:00015784n</annotation>
		<annotation source="BABELFY" anchor="habéis" bfScore="0.7938931297709924" coherenceScore="0.05555555555555555">bn:00083183v</annotation>
		<annotation source="MCS" anchor="llevado" bfScore="--" coherenceScore="--">bn:00084554v</annotation>
		<annotation source="MCS" anchor="plata" bfScore="--" coherenceScore="--">bn:00001887n</annotation>
		<annotation source="MCS" anchor="oro" bfScore="--" coherenceScore="--">bn:00040921n</annotation>
		<annotation source="MCS" anchor="cosas" bfScore="--" coherenceScore="--">bn:00076925n</annotation>
		<annotation source="MCS" anchor="preciosas" bfScore="--" coherenceScore="--">bn:00108910a</annotation>
		<annotation source="MCS" anchor="hermosas" bfScore="--" coherenceScore="--">bn:00098682a</annotation>
		<annotation source="MCS" anchor="introducido" bfScore="--" coherenceScore="--">bn:00089764v</annotation>
		<annotation source="MCS" anchor="templos" bfScore="--" coherenceScore="--">bn:00076465n</annotation>
		<annotation source="MCS" anchor="hijos" bfScore="--" coherenceScore="--">bn:00024244n</annotation>
		<annotation source="MCS" anchor="griegos" bfScore="--" coherenceScore="--">bn:00041634n</annotation>
		<annotation source="MCS" anchor="alejar" bfScore="--" coherenceScore="--">bn:00084834v</annotation>
		<annotation source="MCS" anchor="territorios" bfScore="--" coherenceScore="--">bn:00044516n</annotation>
		<annotation source="MCS" anchor="lugar" bfScore="--" coherenceScore="--">bn:00062699n</annotation>
		<annotation source="MCS" anchor="cabeza" bfScore="--" coherenceScore="--">bn:00015784n</annotation>
		<annotation source="MCS" anchor="hijas" bfScore="--" coherenceScore="--">bn:00024244n</annotation>
		<annotation source="MCS" anchor="mano" bfScore="--" coherenceScore="--">bn:00042759n</annotation>
		<annotation source="MCS" anchor="venderán" bfScore="--" coherenceScore="--">bn:00093472v</annotation>
		<annotation source="MCS" anchor="sabe" bfScore="--" coherenceScore="--">bn:00085261v</annotation>
		<annotation source="BABELFY" anchor="nación" bfScore="0.8212077118952347" coherenceScore="0.7962962962962963">bn:00023236n</annotation>
		<annotation source="MCS" anchor="distante" bfScore="--" coherenceScore="--">bn:00101595a</annotation>
		<annotation source="BABELFY" anchor="Jehovah" bfScore="1.0" coherenceScore="0.2638888888888889">bn:00047890n</annotation>
		<annotation source="BABELFY" anchor="ha" bfScore="0.7938931297709924" coherenceScore="0.05555555555555555">bn:00083183v</annotation>
		<annotation source="MCS" anchor="hablado" bfScore="--" coherenceScore="--">bn:00094090v</annotation>
		<annotation source="BABELFY" anchor="guerra" bfScore="0.9247962269954375" coherenceScore="0.4074074074074074">bn:00080439n</annotation>
		<annotation source="MCS" anchor="guerra santa" bfScore="--" coherenceScore="--">bn:03592071n</annotation>
		<annotation source="MCS" anchor="santa" bfScore="--" coherenceScore="--">bn:00097090a</annotation>
		<annotation source="MCS" anchor="valientes" bfScore="--" coherenceScore="--">bn:00098827a</annotation>
		<annotation source="MCS" anchor="Acerquen" bfScore="--" coherenceScore="--">bn:00082735v</annotation>
		<annotation source="MCS" anchor="acudan" bfScore="--" coherenceScore="--">bn:00086600v</annotation>
		<annotation source="MCS" anchor="hombres" bfScore="--" coherenceScore="--">bn:00001533n</annotation>
		<annotation source="BABELFY" anchor="hombres de guerra" bfScore="1.0" coherenceScore="0.06944444444444445">bn:00053105n</annotation>
		<annotation source="MCS" anchor="rejas" bfScore="--" coherenceScore="--">bn:00063063n</annotation>
		<annotation source="MCS" anchor="arado" bfScore="--" coherenceScore="--">bn:00063057n</annotation>
		<annotation source="MCS" anchor="lanzas" bfScore="--" coherenceScore="--">bn:00049823n</annotation>
		<annotation source="MCS" anchor="Diga" bfScore="--" coherenceScore="--">bn:00093287v</annotation>
		<annotation source="MCS" anchor="débil" bfScore="--" coherenceScore="--">bn:00113737a</annotation>
		<annotation source="MCS" anchor="Soy" bfScore="--" coherenceScore="--">bn:00083187v</annotation>
		<annotation source="MCS" anchor="valiente" bfScore="--" coherenceScore="--">bn:00098827a</annotation>
		<annotation source="MCS" anchor="Apresura" bfScore="--" coherenceScore="--">bn:00089532v</annotation>
		<annotation source="MCS" anchor="allá" bfScore="--" coherenceScore="--">bn:00114546r</annotation>
		<annotation source="MCS" anchor="Haz" bfScore="--" coherenceScore="--">bn:00009313n</annotation>
		<annotation source="MCS" anchor="desciendan" bfScore="--" coherenceScore="--">bn:00085356v</annotation>
		<annotation source="MCS" anchor="Despierten" bfScore="--" coherenceScore="--">bn:00082769v</annotation>
		<annotation source="MCS" anchor="vayan" bfScore="--" coherenceScore="--">bn:00088912v</annotation>
		<annotation source="BABELFY" anchor="allí" bfScore="1.0" coherenceScore="0.08333333333333333">bn:00114427r</annotation>
		<annotation source="MCS" anchor="juzgar" bfScore="--" coherenceScore="--">bn:00090000v</annotation>
		<annotation source="BABELFY" anchor="hoz" bfScore="0.8237623762376237" coherenceScore="0.14814814814814814">bn:00066430n</annotation>
		<annotation source="MCS" anchor="grano" bfScore="--" coherenceScore="--">bn:00024228n</annotation>
		<annotation source="BABELFY" anchor="maduro" bfScore="0.7330827067669173" coherenceScore="0.06018518518518518">bn:00106505a</annotation>
		<annotation source="MCS" anchor="Venid" bfScore="--" coherenceScore="--">bn:00082788v</annotation>
		<annotation source="MCS" anchor="lagar" bfScore="--" coherenceScore="--">bn:00081325n</annotation>
		<annotation source="MCS" anchor="lleno" bfScore="--" coherenceScore="--">bn:00103391a</annotation>
		<annotation source="BABELFY" anchor="cubas" bfScore="0.8655097613882863" coherenceScore="0.2777777777777778">bn:00024247n</annotation>
		<annotation source="MCS" anchor="es" bfScore="--" coherenceScore="--">bn:00083187v</annotation>
		<annotation source="MCS" anchor="maldad" bfScore="--" coherenceScore="--">bn:00007875n</annotation>
		<annotation source="BABELFY" anchor="Multitudes" bfScore="0.998019801980198" coherenceScore="0.09722222222222222">bn:02769295n</annotation>
		<annotation source="MCS" anchor="multitudes" bfScore="--" coherenceScore="--">bn:00021604n</annotation>
		<annotation source="MCS" anchor="decisión" bfScore="--" coherenceScore="--">bn:00021584n</annotation>
		<annotation source="MCS" anchor="cercano" bfScore="--" coherenceScore="--">bn:00099859a</annotation>
		<annotation source="MCS" anchor="día" bfScore="--" coherenceScore="--">bn:00000086n</annotation>
		<annotation source="BABELFY" anchor="El sol" bfScore="0.7350096711798839" coherenceScore="0.08796296296296297">bn:00999073n</annotation>
		<annotation source="BABELFY" anchor="sol" bfScore="0.8211497079618814" coherenceScore="0.3888888888888889">bn:00075170n</annotation>
		<annotation source="BABELFY" anchor="luna" bfScore="0.833710407239819" coherenceScore="0.3055555555555556">bn:00055809n</annotation>
		<annotation source="MCS" anchor="oscurecen" bfScore="--" coherenceScore="--">bn:00086282v</annotation>
		<annotation source="MCS" anchor="estrellas" bfScore="--" coherenceScore="--">bn:00073964n</annotation>
		<annotation source="MCS" anchor="retiran" bfScore="--" coherenceScore="--">bn:00087267v</annotation>
		<annotation source="BABELFY" anchor="fulgor" bfScore="1.0" coherenceScore="0.041666666666666664">bn:00011174n</annotation>
		<annotation source="MCS" anchor="da" bfScore="--" coherenceScore="--">bn:00088815v</annotation>
		<annotation source="MCS" anchor="voz" bfScore="--" coherenceScore="--">bn:00080185n</annotation>
		<annotation source="MCS" anchor="cielos" bfScore="--" coherenceScore="--">bn:00072016n</annotation>
		<annotation source="MCS" anchor="refugio" bfScore="--" coherenceScore="--">bn:00071019n</annotation>
		<annotation source="MCS" anchor="fortaleza" bfScore="--" coherenceScore="--">bn:00035975n</annotation>
		<annotation source="MCS" anchor="conoceréis" bfScore="--" coherenceScore="--">bn:00090725v</annotation>
		<annotation source="MCS" anchor="soy" bfScore="--" coherenceScore="--">bn:00083187v</annotation>
		<annotation source="BABELFY" anchor="habito" bfScore="0.9459211732355637" coherenceScore="0.19907407407407407">bn:00042404n</annotation>
		<annotation source="MCS" anchor="santo" bfScore="--" coherenceScore="--">bn:00097090a</annotation>
		<annotation source="MCS" anchor="monte" bfScore="--" coherenceScore="--">bn:00036086n</annotation>
		<annotation source="MCS" anchor="será" bfScore="--" coherenceScore="--">bn:00083187v</annotation>
		<annotation source="MCS" anchor="extraños" bfScore="--" coherenceScore="--">bn:00111281a</annotation>
		<annotation source="MCS" anchor="pasarán" bfScore="--" coherenceScore="--">bn:00091458v</annotation>
		<annotation source="MCS" anchor="sucederá" bfScore="--" coherenceScore="--">bn:00085337v</annotation>
		<annotation source="MCS" anchor="montes" bfScore="--" coherenceScore="--">bn:00036086n</annotation>
		<annotation source="MCS" anchor="jugo" bfScore="--" coherenceScore="--">bn:03542371n</annotation>
		<annotation source="BABELFY" anchor="jugo de uvas" bfScore="0.7647058823529411" coherenceScore="0.1388888888888889">bn:00041406n</annotation>
		<annotation source="BABELFY" anchor="uvas" bfScore="0.8135271807838179" coherenceScore="0.18055555555555555">bn:00041400n</annotation>
		<annotation source="BABELFY" anchor="colinas" bfScore="0.8026030368763557" coherenceScore="0.20833333333333334">bn:00044141n</annotation>
		<annotation source="MCS" anchor="fluirán" bfScore="--" coherenceScore="--">bn:00088349v</annotation>
		<annotation source="BABELFY" anchor="leche" bfScore="0.7680555555555556" coherenceScore="0.22685185185185186">bn:00054996n</annotation>
		<annotation source="MCS" anchor="correrán" bfScore="--" coherenceScore="--">bn:00093170v</annotation>
		<annotation source="BABELFY" anchor="aguas" bfScore="0.8820413540910436" coherenceScore="0.5462962962962963">bn:00042379n</annotation>
		<annotation source="MCS" anchor="arroyos" bfScore="--" coherenceScore="--">bn:00013340n</annotation>
		<annotation source="MCS" anchor="manantial" bfScore="--" coherenceScore="--">bn:00036077n</annotation>
		<annotation source="MCS" anchor="saldrá" bfScore="--" coherenceScore="--">bn:00087845v</annotation>
		<annotation source="MCS" anchor="casa" bfScore="--" coherenceScore="--">bn:00044994n</annotation>
		<annotation source="BABELFY" anchor="Egipto" bfScore="0.9714879780574665" coherenceScore="0.5648148148148148">bn:00005255n</annotation>
		<annotation source="MCS" anchor="convertido" bfScore="--" coherenceScore="--">bn:00084785v</annotation>
		<annotation source="MCS" anchor="desolación" bfScore="--" coherenceScore="--">bn:00008563n</annotation>
		<annotation source="BABELFY" anchor="desierto" bfScore="0.8545316070068545" coherenceScore="0.2361111111111111">bn:00026519n</annotation>
		<annotation source="BABELFY" anchor="violencia" bfScore="0.9998095600837935" coherenceScore="0.23148148148148148">bn:00035772n</annotation>
		<annotation source="MCS" anchor="hecha" bfScore="--" coherenceScore="--">bn:00087107v</annotation>
		<annotation source="MCS" anchor="derramaron" bfScore="--" coherenceScore="--">bn:00086958v</annotation>
		<annotation source="MCS" anchor="sangre" bfScore="--" coherenceScore="--">bn:00011346n</annotation>
		<annotation source="MCS" anchor="inocente" bfScore="--" coherenceScore="--">bn:00099796a</annotation>
		<annotation source="MCS" anchor="habitada" bfScore="--" coherenceScore="--">bn:00083391v</annotation>
		<annotation source="BABELFY" anchor="siempre" bfScore="0.8888888888888888" coherenceScore="0.018518518518518517">bn:00114250r</annotation>
		<annotation source="MCS" anchor="generación" bfScore="--" coherenceScore="--">bn:00020407n</annotation>
		<annotation source="MCS" anchor="tomaré" bfScore="--" coherenceScore="--">bn:00088762v</annotation>
		<annotation source="MCS" anchor="venganza" bfScore="--" coherenceScore="--">bn:00067427n</annotation>
		<annotation source="BABELFY" anchor="nadie" bfScore="0.9174311926605505" coherenceScore="0.046296296296296294">bn:13916669n</annotation>
		<annotation source="MCS" anchor="daré" bfScore="--" coherenceScore="--">bn:00088815v</annotation>
		<annotation source="MCS" anchor="inocente" bfScore="--" coherenceScore="--">bn:00046606n</annotation>
		<annotation source="MCS" anchor="habita" bfScore="--" coherenceScore="--">bn:00083391v</annotation>
	</annotations>
</paragraph>
</dataset>
