<?xml version="1.0" encoding="utf-8"?>
<dataset language="ES" title="MAL">
<paragraph id="p.1">
	<text>
		Profecía : La palabra de Jehovah a Israel por medio de Malaquías
		&amp;quot; Yo os he amado &amp;quot; , ha dicho Jehovah . &amp;quot; Pero vosotros decís : &amp;apos; ¿ En qué nos has amado ? &amp;apos; ¿ Acaso Esaú no era hermano de Jacob ? , dice Jehovah . Sin embargo , yo amé a Jaco
		y aborrecí a Esaú ; convertí sus montes en desolación y di su posesión a los chacales del desierto .
		Si Edom dice : &amp;quot; Hemos sido demolidos , pero volveremos a edificar las ruinas &amp;quot; , así ha dicho Jehovah de los Ejércitos : &amp;quot; Ellos edificarán , pero yo lo destruiré . Les llamarán &amp;apos; territorio de impiedad &amp;apos; y &amp;apos; pueblo contra el cual Jehovah se ha airado para siempre .
		Vuestros ojos lo verán y diréis : &amp;apos; ¡ Sea engrandecido Jehovah más allá de las fronteras de Israel !
		&amp;quot; El hijo honra al padre , y el siervo a su señor . Y si yo soy Padre , ¿ dónde está mi honra ? Y si yo soy Señor , ¿ dónde está mi reverencia , oh sacerdotes que menospreciáis mi nombre ? , os ha dicho Jehovah de los Ejércitos . Vosotros decís : &amp;apos; ¿ En qué hemos menospreciado tu nombre ?
		En que ofrecéis sobre mi altar pan indigno . Pero diréis : &amp;apos; ¿ Cómo es que lo hemos hecho indigno ? &amp;apos; Pensando que la mesa de Jehovah es despreciable
		Porque cuando ofrecéis un animal ciego para ser sacrificado , ¿ no es eso malo ? Lo mismo , cuando ofrecéis un animal cojo o enfermo . Preséntalo a tu gobernador . ¿ Acaso se agradará de ti ? ¿ Acaso se te mostrará favorable ? &amp;quot; , ha dicho Jehovah de los Ejércitos
		&amp;quot; Ahora pues , implorad el favor de Dios para que tenga compasión de vosotros , ha dicho Jehovah de los Ejércitos . Esto ha procedido de vuestra mano . ¿ Le habréis de ser aceptos
		¿ Quién de vosotros cerrará las puertas para que no enciendan en vano mi altar ? Yo no tengo agrado en vosotros ni aceptaré la ofrenda , ha dicho Jehovah de los Ejércitos
		Porque desde donde nace el sol hasta donde se pone , es grande mi nombre en medio de las naciones , y en todo santuario se ofrece a mi nombre incienso y ofrenda pura . Porque grande es mi nombre entre las naciones , ha dicho Jehovah de los Ejércitos
		Pero vosotros lo profanáis pensando que la mesa del Señor es indigna y que su alimento es despreciable
		&amp;quot; Además , habéis dicho : &amp;apos; ¡ Oh , qué fatigoso ! &amp;apos; , y me habéis provocado , ha dicho Jehovah de los Ejércitos , al traer lo hurtado , lo cojo o lo enfermo y al presentarlo como ofrenda . ¿ Lo aceptaré yo de vuestra mano ? , ha dicho Jehovah
		¡ Maldito sea el tramposo que teniendo macho robusto en su rebaño , y habiéndolo prometido , sacrifica a Jehovah lo dañado . Porque yo soy el Gran Rey , y mi nombre es temible entre las naciones &amp;quot; , ha dicho Jehovah de los Ejércitos
	</text>
	<annotations>
		<annotation source="MCS" anchor="Profecía" bfScore="--" coherenceScore="--">bn:00064645n</annotation>
		<annotation source="BABELFY" anchor="palabra" bfScore="0.9839378789490479" coherenceScore="0.5128205128205128">bn:00081546n</annotation>
		<annotation source="BABELFY" anchor="Jehovah" bfScore="1.0" coherenceScore="0.16923076923076924">bn:00047890n</annotation>
		<annotation source="BABELFY" anchor="Israel" bfScore="0.8264559457382472" coherenceScore="0.49743589743589745">bn:00047679n</annotation>
		<annotation source="MCS" anchor="medio" bfScore="--" coherenceScore="--">bn:00054149n</annotation>
		<annotation source="BABELFY" anchor="Malaquías" bfScore="1.0" coherenceScore="0.14871794871794872">bn:00012099n</annotation>
		<annotation source="BABELFY" anchor="he" bfScore="0.8780487804878049" coherenceScore="0.03076923076923077">bn:00083184v</annotation>
		<annotation source="MCS" anchor="amado" bfScore="--" coherenceScore="--">bn:00090505v</annotation>
		<annotation source="BABELFY" anchor="ha" bfScore="0.8780487804878049" coherenceScore="0.03076923076923077">bn:00083184v</annotation>
		<annotation source="MCS" anchor="decís" bfScore="--" coherenceScore="--">bn:00093287v</annotation>
		<annotation source="BABELFY" anchor="has" bfScore="0.8780487804878049" coherenceScore="0.03076923076923077">bn:00083184v</annotation>
		<annotation source="MCS" anchor="Acaso" bfScore="--" coherenceScore="--">bn:00116211r</annotation>
		<annotation source="BABELFY" anchor="era" bfScore="0.7619047619047619" coherenceScore="0.20512820512820512">bn:00083181v</annotation>
		<annotation source="MCS" anchor="hermano" bfScore="--" coherenceScore="--">bn:00071400n</annotation>
		<annotation source="MCS" anchor="Jacob" bfScore="--" coherenceScore="--">bn:00047849n</annotation>
		<annotation source="MCS" anchor="dice" bfScore="--" coherenceScore="--">bn:00093287v</annotation>
		<annotation source="MCS" anchor="embargo" bfScore="--" coherenceScore="--">bn:00030465n</annotation>
		<annotation source="BABELFY" anchor="Jaco" bfScore="1.0" coherenceScore="0.03076923076923077">bn:14482910n</annotation>
		<annotation source="MCS" anchor="convertí" bfScore="--" coherenceScore="--">bn:00084785v</annotation>
		<annotation source="MCS" anchor="montes" bfScore="--" coherenceScore="--">bn:00036086n</annotation>
		<annotation source="MCS" anchor="desolación" bfScore="--" coherenceScore="--">bn:00008563n</annotation>
		<annotation source="BABELFY" anchor="posesión" bfScore="0.7420998980632009" coherenceScore="0.2">bn:00059958n</annotation>
		<annotation source="BABELFY" anchor="chacales" bfScore="1.0" coherenceScore="0.07179487179487179">bn:00015265n</annotation>
		<annotation source="BABELFY" anchor="desierto" bfScore="0.78125" coherenceScore="0.1282051282051282">bn:00026519n</annotation>
		<annotation source="BABELFY" anchor="Edom" bfScore="0.7032173342087984" coherenceScore="0.17435897435897435">bn:01432049n</annotation>
		<annotation source="BABELFY" anchor="Hemos" bfScore="0.8780487804878049" coherenceScore="0.03076923076923077">bn:00083184v</annotation>
		<annotation source="BABELFY" anchor="sido" bfScore="0.7619047619047619" coherenceScore="0.20512820512820512">bn:00083181v</annotation>
		<annotation source="BABELFY" anchor="volveremos" bfScore="0.9854077253218884" coherenceScore="0.14358974358974358">bn:00088736v</annotation>
		<annotation source="BABELFY" anchor="edificar" bfScore="1.0" coherenceScore="0.05128205128205128">bn:00084198v</annotation>
		<annotation source="BABELFY" anchor="Ejércitos" bfScore="1.0" coherenceScore="0.13333333333333333">bn:00005803n</annotation>
		<annotation source="MCS" anchor="llamarán" bfScore="--" coherenceScore="--">bn:00084386v</annotation>
		<annotation source="MCS" anchor="territorio" bfScore="--" coherenceScore="--">bn:00044516n</annotation>
		<annotation source="MCS" anchor="impiedad" bfScore="--" coherenceScore="--">bn:00046120n</annotation>
		<annotation source="MCS" anchor="pueblo" bfScore="--" coherenceScore="--">bn:00021149n</annotation>
		<annotation source="BABELFY" anchor="siempre" bfScore="0.8571428571428571" coherenceScore="0.010256410256410256">bn:00114250r</annotation>
		<annotation source="MCS" anchor="ojos" bfScore="--" coherenceScore="--">bn:00032512n</annotation>
		<annotation source="MCS" anchor="verán" bfScore="--" coherenceScore="--">bn:00093430v</annotation>
		<annotation source="MCS" anchor="diréis" bfScore="--" coherenceScore="--">bn:00093287v</annotation>
		<annotation source="BABELFY" anchor="Sea" bfScore="0.7619047619047619" coherenceScore="0.20512820512820512">bn:00083181v</annotation>
		<annotation source="MCS" anchor="más allá" bfScore="--" coherenceScore="--">bn:00114546r</annotation>
		<annotation source="BABELFY" anchor="más allá de" bfScore="1.0" coherenceScore="0.010256410256410256">bn:00114546r</annotation>
		<annotation source="BABELFY" anchor="más allá de las fronteras" bfScore="1.0" coherenceScore="0.020512820512820513">bn:03481354n</annotation>
		<annotation source="MCS" anchor="allá" bfScore="--" coherenceScore="--">bn:00114546r</annotation>
		<annotation source="BABELFY" anchor="fronteras" bfScore="0.7931472081218274" coherenceScore="0.1282051282051282">bn:00012212n</annotation>
		<annotation source="MCS" anchor="hijo" bfScore="--" coherenceScore="--">bn:00024244n</annotation>
		<annotation source="BABELFY" anchor="honra" bfScore="1.0" coherenceScore="0.13333333333333333">bn:00044654n</annotation>
		<annotation source="MCS" anchor="padre" bfScore="--" coherenceScore="--">bn:00009616n</annotation>
		<annotation source="MCS" anchor="siervo" bfScore="--" coherenceScore="--">bn:00011982n</annotation>
		<annotation source="MCS" anchor="señor" bfScore="--" coherenceScore="--">bn:00055346n</annotation>
		<annotation source="BABELFY" anchor="soy" bfScore="0.7619047619047619" coherenceScore="0.20512820512820512">bn:00083181v</annotation>
		<annotation source="MCS" anchor="Padre" bfScore="--" coherenceScore="--">bn:00009616n</annotation>
		<annotation source="MCS" anchor="dónde" bfScore="--" coherenceScore="--">bn:13653875r</annotation>
		<annotation source="MCS" anchor="Señor" bfScore="--" coherenceScore="--">bn:00055346n</annotation>
		<annotation source="MCS" anchor="reverencia" bfScore="--" coherenceScore="--">bn:00024545n</annotation>
		<annotation source="BABELFY" anchor="oh" bfScore="0.7241379310344828" coherenceScore="0.1076923076923077">bn:00006912n</annotation>
		<annotation source="BABELFY" anchor="sacerdotes" bfScore="0.7219705549263873" coherenceScore="0.23076923076923078">bn:00064346n</annotation>
		<annotation source="MCS" anchor="nombre" bfScore="--" coherenceScore="--">bn:00056758n</annotation>
		<annotation source="BABELFY" anchor="hemos" bfScore="0.8780487804878049" coherenceScore="0.03076923076923077">bn:00083184v</annotation>
		<annotation source="BABELFY" anchor="menospreciado" bfScore="1.0" coherenceScore="0.03076923076923077">bn:00085702v</annotation>
		<annotation source="MCS" anchor="altar" bfScore="--" coherenceScore="--">bn:00003117n</annotation>
		<annotation source="MCS" anchor="pan" bfScore="--" coherenceScore="--">bn:00012873n</annotation>
		<annotation source="BABELFY" anchor="indigno" bfScore="1.0" coherenceScore="0.09230769230769231">bn:00112970a</annotation>
		<annotation source="BABELFY" anchor="es" bfScore="0.7619047619047619" coherenceScore="0.20512820512820512">bn:00083181v</annotation>
		<annotation source="MCS" anchor="hecho" bfScore="--" coherenceScore="--">bn:00087107v</annotation>
		<annotation source="MCS" anchor="mesa" bfScore="--" coherenceScore="--">bn:00075813n</annotation>
		<annotation source="MCS" anchor="despreciable" bfScore="--" coherenceScore="--">bn:00101247a</annotation>
		<annotation source="MCS" anchor="animal" bfScore="--" coherenceScore="--">bn:00028554n</annotation>
		<annotation source="MCS" anchor="ciego" bfScore="--" coherenceScore="--">bn:00098562a</annotation>
		<annotation source="BABELFY" anchor="ser" bfScore="0.7619047619047619" coherenceScore="0.20512820512820512">bn:00083181v</annotation>
		<annotation source="MCS" anchor="sacrificado" bfScore="--" coherenceScore="--">bn:00088824v</annotation>
		<annotation source="MCS" anchor="malo" bfScore="--" coherenceScore="--">bn:00097966a</annotation>
		<annotation source="MCS" anchor="mismo" bfScore="--" coherenceScore="--">bn:00110076a</annotation>
		<annotation source="MCS" anchor="cojo" bfScore="--" coherenceScore="--">bn:00082728v</annotation>
		<annotation source="BABELFY" anchor="enfermo" bfScore="0.9360374414976599" coherenceScore="0.12307692307692308">bn:00096705a</annotation>
		<annotation source="MCS" anchor="Presenta" bfScore="--" coherenceScore="--">bn:00090234v</annotation>
		<annotation source="MCS" anchor="gobernador" bfScore="--" coherenceScore="--">bn:00041204n</annotation>
		<annotation source="MCS" anchor="agradará" bfScore="--" coherenceScore="--">bn:00086519v</annotation>
		<annotation source="MCS" anchor="mostrará" bfScore="--" coherenceScore="--">bn:00086567v</annotation>
		<annotation source="MCS" anchor="favorable" bfScore="--" coherenceScore="--">bn:00102845a</annotation>
		<annotation source="BABELFY" anchor="Ahora" bfScore="0.9" coherenceScore="0.1076923076923077">bn:00114905r</annotation>
		<annotation source="MCS" anchor="favor" bfScore="--" coherenceScore="--">bn:00033832n</annotation>
		<annotation source="MCS" anchor="tenga" bfScore="--" coherenceScore="--">bn:00089385v</annotation>
		<annotation source="MCS" anchor="compasión" bfScore="--" coherenceScore="--">bn:00021318n</annotation>
		<annotation source="MCS" anchor="procedido" bfScore="--" coherenceScore="--">bn:00085715v</annotation>
		<annotation source="MCS" anchor="mano" bfScore="--" coherenceScore="--">bn:00042759n</annotation>
		<annotation source="BABELFY" anchor="habréis" bfScore="0.8780487804878049" coherenceScore="0.03076923076923077">bn:00083184v</annotation>
		<annotation source="MCS" anchor="cerrará" bfScore="--" coherenceScore="--">bn:00085162v</annotation>
		<annotation source="MCS" anchor="puertas" bfScore="--" coherenceScore="--">bn:00028248n</annotation>
		<annotation source="MCS" anchor="enciendan" bfScore="--" coherenceScore="--">bn:00089581v</annotation>
		<annotation source="BABELFY" anchor="vano" bfScore="1.0" coherenceScore="0.02564102564102564">bn:00108015a</annotation>
		<annotation source="MCS" anchor="tengo" bfScore="--" coherenceScore="--">bn:00089385v</annotation>
		<annotation source="BABELFY" anchor="agrado" bfScore="0.967741935483871" coherenceScore="0.03076923076923077">bn:00189686n</annotation>
		<annotation source="MCS" anchor="aceptaré" bfScore="--" coherenceScore="--">bn:00082198v</annotation>
		<annotation source="BABELFY" anchor="nace" bfScore="0.7479224376731302" coherenceScore="0.07692307692307693">bn:00083199v</annotation>
		<annotation source="BABELFY" anchor="sol" bfScore="0.8748559575939157" coherenceScore="0.26666666666666666">bn:00075170n</annotation>
		<annotation source="MCS" anchor="pone" bfScore="--" coherenceScore="--">bn:00090224v</annotation>
		<annotation source="MCS" anchor="grande" bfScore="--" coherenceScore="--">bn:00098342a</annotation>
		<annotation source="BABELFY" anchor="naciones" bfScore="0.8267572868676732" coherenceScore="0.6410256410256411">bn:00023236n</annotation>
		<annotation source="MCS" anchor="santuario" bfScore="--" coherenceScore="--">bn:00071355n</annotation>
		<annotation source="MCS" anchor="ofrece" bfScore="--" coherenceScore="--">bn:00091136v</annotation>
		<annotation source="BABELFY" anchor="incienso" bfScore="1.0" coherenceScore="0.03076923076923077">bn:00084721v</annotation>
		<annotation source="BABELFY" anchor="pura" bfScore="0.7313769751693002" coherenceScore="0.09230769230769231">bn:00112478a</annotation>
		<annotation source="MCS" anchor="es mi nombre" bfScore="--" coherenceScore="--">bn:00271974n</annotation>
		<annotation source="MCS" anchor="pensando" bfScore="--" coherenceScore="--">bn:00084733v</annotation>
		<annotation source="BABELFY" anchor="indigna" bfScore="1.0" coherenceScore="0.09230769230769231">bn:00112970a</annotation>
		<annotation source="BABELFY" anchor="alimento" bfScore="0.7842227378190255" coherenceScore="0.26666666666666666">bn:00035650n</annotation>
		<annotation source="BABELFY" anchor="habéis" bfScore="0.8780487804878049" coherenceScore="0.03076923076923077">bn:00083184v</annotation>
		<annotation source="MCS" anchor="dicho" bfScore="--" coherenceScore="--">bn:00093287v</annotation>
		<annotation source="BABELFY" anchor="Oh" bfScore="0.7241379310344828" coherenceScore="0.1076923076923077">bn:00006912n</annotation>
		<annotation source="MCS" anchor="provocado" bfScore="--" coherenceScore="--">bn:00083426v</annotation>
		<annotation source="MCS" anchor="traer" bfScore="--" coherenceScore="--">bn:00084060v</annotation>
		<annotation source="MCS" anchor="hurtado" bfScore="--" coherenceScore="--">bn:00094314v</annotation>
		<annotation source="BABELFY" anchor="enfermo" bfScore="1.0" coherenceScore="0.03076923076923077">bn:00091022v</annotation>
		<annotation source="MCS" anchor="presentar" bfScore="--" coherenceScore="--">bn:00090234v</annotation>
		<annotation source="BABELFY" anchor="Maldito" bfScore="0.7243107769423559" coherenceScore="0.08717948717948718">bn:00100794a</annotation>
		<annotation source="BABELFY" anchor="sea" bfScore="0.7619047619047619" coherenceScore="0.20512820512820512">bn:00083181v</annotation>
		<annotation source="MCS" anchor="tramposo" bfScore="--" coherenceScore="--">bn:00009646n</annotation>
		<annotation source="MCS" anchor="teniendo" bfScore="--" coherenceScore="--">bn:00089385v</annotation>
		<annotation source="MCS" anchor="macho" bfScore="--" coherenceScore="--">bn:00052577n</annotation>
		<annotation source="MCS" anchor="rebaño" bfScore="--" coherenceScore="--">bn:00035289n</annotation>
		<annotation source="BABELFY" anchor="habiendo" bfScore="0.8780487804878049" coherenceScore="0.03076923076923077">bn:00083184v</annotation>
		<annotation source="BABELFY" anchor="prometido" bfScore="1.0" coherenceScore="0.06153846153846154">bn:00034201n</annotation>
		<annotation source="MCS" anchor="sacrifica" bfScore="--" coherenceScore="--">bn:00088824v</annotation>
		<annotation source="MCS" anchor="dañado" bfScore="--" coherenceScore="--">bn:00089533v</annotation>
		<annotation source="MCS" anchor="Gran" bfScore="--" coherenceScore="--">bn:00041551n</annotation>
		<annotation source="BABELFY" anchor="Gran Rey" bfScore="1.0" coherenceScore="0.02564102564102564">bn:00534852n</annotation>
		<annotation source="MCS" anchor="Rey" bfScore="--" coherenceScore="--">bn:00049141n</annotation>
		<annotation source="MCS" anchor="temible" bfScore="--" coherenceScore="--">bn:00103237a</annotation>
	</annotations>
</paragraph>
<paragraph id="p.2">
	<text>
		&amp;quot; Ahora pues , oh sacerdotes , para vosotros es esta advertencia
		Si no escucháis y no tomáis a pecho el honrar mi nombre , enviaré la maldición sobre vosotros y maldeciré vuestras bendiciones , ha dicho Jehovah de los Ejércitos . Y las he maldecido ya , porque vosotros nada tomáis a pecho
		He aquí , yo reprenderé a vuestra descendencia y arrojaré estiércol sobre vuestras caras , el estiércol de las víctimas de vuestras festividades , y con él seréis arrojados vosotros mismos
		Así sabréis que yo os envié esta advertencia para que prevaleciese mi pacto con Leví &amp;quot; , ha dicho Jehovah de los Ejércitos
		&amp;quot; Mi pacto con él fue de vida y de paz . Estas cosas le di , y él me temía y guardaba reverencia ante mi nombre
		La ley de verdad estuvo en su boca , y en sus labios no se halló iniquidad . En paz y en justicia anduvo conmigo y a muchos apartó del pecado
		Porque los labios del sacerdote han de guardar el conocimiento , y de su boca han de buscar la instrucción , pues él es un mensajero de Jehovah de los Ejércitos
		Pero vosotros os habéis apartado del camino ; a muchos habéis hecho tropezar en la ley y habéis corrompido el pacto de Leví , ha dicho Jehovah de los Ejércitos
		Por eso , yo también os he hecho despreciables y viles entre todo el pueblo , puesto que no habéis guardado mis caminos y hacéis distinción de personas con respecto a la ley .
		¿ Acaso no tenemos todos un mismo Padre ? ¿ No nos ha creado el único Dios ? Entonces , ¿ por qué traicionamos cada uno a su hermano , y profanamos el pacto de nuestros padres
		Judá ha traicionado , y en Israel y en Jerusalén se ha cometido abominación . Porque Judá ha profanado el santuario de Jehovah que él ama , y se ha desposado con la hija de un dios extraño
		Jehovah eliminará de las moradas de Jacob al hombre que haga esto , al que da testimonio y al que responde , y al que presenta la ofrenda a Jehovah de los Ejércitos
		&amp;quot; Y esto habéis hecho de nuevo : Cubrís el altar de Jehovah con lágrimas , con llanto y con suspiros , porque ya no miro las ofrendas ni las acepto con gusto de vuestra mano
		Y decís : &amp;apos; ¿ Por qué ? &amp;apos; Porque Jehovah ha sido testigo entre ti y la mujer de tu juventud , a la cual has traicionado , a pesar de ser ella tu compañera y la mujer de tu pacto
		¿ Acaso el Único no hizo el cuerpo y el espíritu de ella ? ¿ Y qué es lo que demanda el Único ? ¡ Una descendencia consagrada a Dios ! &amp;quot; Guardad , pues , vuestro espíritu y no traicionéis a la mujer de vuestra juventud
		&amp;quot; Porque yo aborrezco el divorcio , &amp;quot; ha dicho Jehovah Dios de Israel , &amp;quot; y al que cubre su manto de violencia . &amp;quot; Jehovah de los Ejércitos ha dicho : &amp;quot; Guardad , pues , vuestro espíritu y no cometáis traición .
		Vosotros cansáis a Jehovah con vuestras palabras y decís : &amp;quot; ¿ En qué le cansamos ? &amp;quot; En que decís : &amp;quot; Cualquiera que hace lo malo es bueno ante los ojos de Jehovah , y de los tales se agrada &amp;quot; o &amp;quot; ¿ Dónde está el Dios de la justicia ?
	</text>
	<annotations>
		<annotation source="MCS" anchor="Ahora" bfScore="--" coherenceScore="--">bn:00114424r</annotation>
		<annotation source="BABELFY" anchor="oh" bfScore="0.8174077578051088" coherenceScore="0.11650485436893204">bn:00006912n</annotation>
		<annotation source="BABELFY" anchor="sacerdotes" bfScore="0.8040085898353615" coherenceScore="0.2524271844660194">bn:00064346n</annotation>
		<annotation source="MCS" anchor="es" bfScore="--" coherenceScore="--">bn:00083187v</annotation>
		<annotation source="MCS" anchor="advertencia" bfScore="--" coherenceScore="--">bn:00080495n</annotation>
		<annotation source="BABELFY" anchor="Si" bfScore="0.8795811518324608" coherenceScore="0.07766990291262135">bn:00047162n</annotation>
		<annotation source="MCS" anchor="escucháis" bfScore="--" coherenceScore="--">bn:00090400v</annotation>
		<annotation source="MCS" anchor="tomáis" bfScore="--" coherenceScore="--">bn:00088762v</annotation>
		<annotation source="MCS" anchor="pecho" bfScore="--" coherenceScore="--">bn:00012950n</annotation>
		<annotation source="MCS" anchor="honrar" bfScore="--" coherenceScore="--">bn:00089449v</annotation>
		<annotation source="MCS" anchor="nombre" bfScore="--" coherenceScore="--">bn:00056758n</annotation>
		<annotation source="MCS" anchor="enviaré" bfScore="--" coherenceScore="--">bn:00090548v</annotation>
		<annotation source="MCS" anchor="maldición" bfScore="--" coherenceScore="--">bn:00046161n</annotation>
		<annotation source="BABELFY" anchor="bendiciones" bfScore="0.8267716535433071" coherenceScore="0.18932038834951456">bn:02733866n</annotation>
		<annotation source="BABELFY" anchor="ha" bfScore="0.7857142857142857" coherenceScore="0.04854368932038835">bn:00083184v</annotation>
		<annotation source="BABELFY" anchor="Jehovah" bfScore="1.0" coherenceScore="0.18446601941747573">bn:00047890n</annotation>
		<annotation source="MCS" anchor="Ejércitos" bfScore="--" coherenceScore="--">bn:00005803n</annotation>
		<annotation source="BABELFY" anchor="he" bfScore="0.7857142857142857" coherenceScore="0.04854368932038835">bn:00083184v</annotation>
		<annotation source="MCS" anchor="aquí" bfScore="--" coherenceScore="--">bn:00115641r</annotation>
		<annotation source="MCS" anchor="descendencia" bfScore="--" coherenceScore="--">bn:00047692n</annotation>
		<annotation source="MCS" anchor="estiércol" bfScore="--" coherenceScore="--">bn:00053287n</annotation>
		<annotation source="BABELFY" anchor="caras" bfScore="0.7017543859649122" coherenceScore="0.14563106796116504">bn:00032600n</annotation>
		<annotation source="MCS" anchor="víctimas" bfScore="--" coherenceScore="--">bn:00079940n</annotation>
		<annotation source="MCS" anchor="festividades" bfScore="--" coherenceScore="--">bn:00022389n</annotation>
		<annotation source="MCS" anchor="seréis" bfScore="--" coherenceScore="--">bn:00083187v</annotation>
		<annotation source="MCS" anchor="arrojados" bfScore="--" coherenceScore="--">bn:00084627v</annotation>
		<annotation source="MCS" anchor="mismos" bfScore="--" coherenceScore="--">bn:00110076a</annotation>
		<annotation source="MCS" anchor="Así" bfScore="--" coherenceScore="--">bn:00036261n</annotation>
		<annotation source="MCS" anchor="sabréis" bfScore="--" coherenceScore="--">bn:00085261v</annotation>
		<annotation source="MCS" anchor="envié" bfScore="--" coherenceScore="--">bn:00090548v</annotation>
		<annotation source="MCS" anchor="pacto" bfScore="--" coherenceScore="--">bn:15440073n</annotation>
		<annotation source="BABELFY" anchor="pacto" bfScore="1.0" coherenceScore="0.06310679611650485">bn:00085500v</annotation>
		<annotation source="MCS" anchor="fue" bfScore="--" coherenceScore="--">bn:00083187v</annotation>
		<annotation source="BABELFY" anchor="vida" bfScore="0.8467313678813404" coherenceScore="0.3300970873786408">bn:00051054n</annotation>
		<annotation source="MCS" anchor="paz" bfScore="--" coherenceScore="--">bn:00061149n</annotation>
		<annotation source="MCS" anchor="cosas" bfScore="--" coherenceScore="--">bn:00076925n</annotation>
		<annotation source="MCS" anchor="temía" bfScore="--" coherenceScore="--">bn:00088065v</annotation>
		<annotation source="MCS" anchor="guardaba" bfScore="--" coherenceScore="--">bn:00089407v</annotation>
		<annotation source="MCS" anchor="reverencia" bfScore="--" coherenceScore="--">bn:00024545n</annotation>
		<annotation source="BABELFY" anchor="ley" bfScore="0.7051981336662942" coherenceScore="0.47572815533980584">bn:00048655n</annotation>
		<annotation source="BABELFY" anchor="verdad" bfScore="0.9532689532689532" coherenceScore="0.36893203883495146">bn:00072816n</annotation>
		<annotation source="BABELFY" anchor="boca" bfScore="0.8275862068965517" coherenceScore="0.1650485436893204">bn:00056135n</annotation>
		<annotation source="BABELFY" anchor="labios" bfScore="0.7373343725643025" coherenceScore="0.10679611650485436">bn:00051440n</annotation>
		<annotation source="BABELFY" anchor="halló" bfScore="0.8927038626609443" coherenceScore="0.06310679611650485">bn:00082902v</annotation>
		<annotation source="MCS" anchor="iniquidad" bfScore="--" coherenceScore="--">bn:00025234n</annotation>
		<annotation source="MCS" anchor="justicia" bfScore="--" coherenceScore="--">bn:00048668n</annotation>
		<annotation source="BABELFY" anchor="anduvo" bfScore="0.8305084745762712" coherenceScore="0.06796116504854369">bn:00095602v</annotation>
		<annotation source="MCS" anchor="apartó" bfScore="--" coherenceScore="--">bn:00084158v</annotation>
		<annotation source="BABELFY" anchor="pecado" bfScore="0.987246447224584" coherenceScore="0.3106796116504854">bn:00071707n</annotation>
		<annotation source="BABELFY" anchor="sacerdote" bfScore="0.8040085898353615" coherenceScore="0.2524271844660194">bn:00064346n</annotation>
		<annotation source="BABELFY" anchor="han" bfScore="0.7857142857142857" coherenceScore="0.04854368932038835">bn:00083184v</annotation>
		<annotation source="MCS" anchor="guardar" bfScore="--" coherenceScore="--">bn:00089407v</annotation>
		<annotation source="MCS" anchor="conocimiento" bfScore="--" coherenceScore="--">bn:00020452n</annotation>
		<annotation source="MCS" anchor="buscar" bfScore="--" coherenceScore="--">bn:00090460v</annotation>
		<annotation source="MCS" anchor="instrucción" bfScore="--" coherenceScore="--">bn:00054988n</annotation>
		<annotation source="MCS" anchor="mensajero" bfScore="--" coherenceScore="--">bn:00023284n</annotation>
		<annotation source="BABELFY" anchor="habéis" bfScore="0.7857142857142857" coherenceScore="0.04854368932038835">bn:00083184v</annotation>
		<annotation source="BABELFY" anchor="apartado" bfScore="0.9180327868852459" coherenceScore="0.03398058252427184">bn:00014809n</annotation>
		<annotation source="MCS" anchor="camino" bfScore="--" coherenceScore="--">bn:00080721n</annotation>
		<annotation source="MCS" anchor="hecho" bfScore="--" coherenceScore="--">bn:00087107v</annotation>
		<annotation source="BABELFY" anchor="tropezar" bfScore="0.788659793814433" coherenceScore="0.043689320388349516">bn:00087597v</annotation>
		<annotation source="BABELFY" anchor="corrompido" bfScore="1.0" coherenceScore="0.014563106796116505">bn:00085844v</annotation>
		<annotation source="MCS" anchor="despreciables" bfScore="--" coherenceScore="--">bn:00101247a</annotation>
		<annotation source="MCS" anchor="viles" bfScore="--" coherenceScore="--">bn:00103048a</annotation>
		<annotation source="MCS" anchor="pueblo" bfScore="--" coherenceScore="--">bn:00021149n</annotation>
		<annotation source="MCS" anchor="guardado" bfScore="--" coherenceScore="--">bn:00089407v</annotation>
		<annotation source="MCS" anchor="caminos" bfScore="--" coherenceScore="--">bn:00080721n</annotation>
		<annotation source="MCS" anchor="hacéis" bfScore="--" coherenceScore="--">bn:00087107v</annotation>
		<annotation source="MCS" anchor="distinción" bfScore="--" coherenceScore="--">bn:00027534n</annotation>
		<annotation source="BABELFY" anchor="personas" bfScore="0.872976803162527" coherenceScore="0.6456310679611651">bn:00046516n</annotation>
		<annotation source="BABELFY" anchor="respecto" bfScore="1.0" coherenceScore="0.0048543689320388345">bn:00066865n</annotation>
		<annotation source="MCS" anchor="Acaso" bfScore="--" coherenceScore="--">bn:00116211r</annotation>
		<annotation source="MCS" anchor="tenemos" bfScore="--" coherenceScore="--">bn:00089385v</annotation>
		<annotation source="MCS" anchor="mismo" bfScore="--" coherenceScore="--">bn:00110076a</annotation>
		<annotation source="MCS" anchor="Padre" bfScore="--" coherenceScore="--">bn:00009616n</annotation>
		<annotation source="MCS" anchor="creado" bfScore="--" coherenceScore="--">bn:00086009v</annotation>
		<annotation source="MCS" anchor="único" bfScore="--" coherenceScore="--">bn:00110682a</annotation>
		<annotation source="MCS" anchor="Entonces" bfScore="--" coherenceScore="--">bn:00117250r</annotation>
		<annotation source="MCS" anchor="traicionamos" bfScore="--" coherenceScore="--">bn:00083456v</annotation>
		<annotation source="MCS" anchor="hermano" bfScore="--" coherenceScore="--">bn:00071400n</annotation>
		<annotation source="MCS" anchor="padres" bfScore="--" coherenceScore="--">bn:00009616n</annotation>
		<annotation source="MCS" anchor="traicionado" bfScore="--" coherenceScore="--">bn:00083456v</annotation>
		<annotation source="BABELFY" anchor="Israel" bfScore="0.8565242734615705" coherenceScore="0.5388349514563107">bn:00047679n</annotation>
		<annotation source="BABELFY" anchor="Jerusalén" bfScore="0.9962288899819642" coherenceScore="0.23786407766990292">bn:00015555n</annotation>
		<annotation source="BABELFY" anchor="cometido" bfScore="0.760043431053203" coherenceScore="0.0970873786407767">bn:00015051n</annotation>
		<annotation source="BABELFY" anchor="profanado" bfScore="0.7597402597402597" coherenceScore="0.043689320388349516">bn:00086404v</annotation>
		<annotation source="MCS" anchor="santuario" bfScore="--" coherenceScore="--">bn:00071355n</annotation>
		<annotation source="MCS" anchor="ama" bfScore="--" coherenceScore="--">bn:00090505v</annotation>
		<annotation source="MCS" anchor="hija" bfScore="--" coherenceScore="--">bn:00024244n</annotation>
		<annotation source="MCS" anchor="extraño" bfScore="--" coherenceScore="--">bn:00111281a</annotation>
		<annotation source="MCS" anchor="eliminará" bfScore="--" coherenceScore="--">bn:00087115v</annotation>
		<annotation source="BABELFY" anchor="Jacob" bfScore="0.7711864406779662" coherenceScore="0.17475728155339806">bn:00047849n</annotation>
		<annotation source="MCS" anchor="hombre" bfScore="--" coherenceScore="--">bn:00001533n</annotation>
		<annotation source="MCS" anchor="haga" bfScore="--" coherenceScore="--">bn:00087107v</annotation>
		<annotation source="MCS" anchor="da" bfScore="--" coherenceScore="--">bn:00088815v</annotation>
		<annotation source="MCS" anchor="testimonio" bfScore="--" coherenceScore="--">bn:00076677n</annotation>
		<annotation source="MCS" anchor="responde" bfScore="--" coherenceScore="--">bn:00092421v</annotation>
		<annotation source="MCS" anchor="presenta" bfScore="--" coherenceScore="--">bn:00090234v</annotation>
		<annotation source="MCS" anchor="nuevo" bfScore="--" coherenceScore="--">bn:00107267a</annotation>
		<annotation source="MCS" anchor="altar" bfScore="--" coherenceScore="--">bn:00003117n</annotation>
		<annotation source="MCS" anchor="lágrimas" bfScore="--" coherenceScore="--">bn:00076312n</annotation>
		<annotation source="BABELFY" anchor="llanto" bfScore="0.8435374149659864" coherenceScore="0.11650485436893204">bn:00024162n</annotation>
		<annotation source="BABELFY" anchor="suspiros" bfScore="0.7385321100917431" coherenceScore="0.10194174757281553">bn:00071505n</annotation>
		<annotation source="BABELFY" anchor="ya no" bfScore="1.0" coherenceScore="0.009708737864077669">bn:00116353r</annotation>
		<annotation source="MCS" anchor="miro" bfScore="--" coherenceScore="--">bn:00090448v</annotation>
		<annotation source="MCS" anchor="acepto" bfScore="--" coherenceScore="--">bn:00082198v</annotation>
		<annotation source="MCS" anchor="gusto" bfScore="--" coherenceScore="--">bn:00051185n</annotation>
		<annotation source="BABELFY" anchor="mano" bfScore="0.9539748953974896" coherenceScore="0.17475728155339806">bn:00042759n</annotation>
		<annotation source="MCS" anchor="decís" bfScore="--" coherenceScore="--">bn:00093287v</annotation>
		<annotation source="MCS" anchor="sido" bfScore="--" coherenceScore="--">bn:00083187v</annotation>
		<annotation source="MCS" anchor="testigo" bfScore="--" coherenceScore="--">bn:00081454n</annotation>
		<annotation source="BABELFY" anchor="mujer" bfScore="0.8907585351813311" coherenceScore="0.4563106796116505">bn:00001530n</annotation>
		<annotation source="BABELFY" anchor="juventud" bfScore="0.875" coherenceScore="0.12135922330097088">bn:00073643n</annotation>
		<annotation source="BABELFY" anchor="has" bfScore="0.7857142857142857" coherenceScore="0.04854368932038835">bn:00083184v</annotation>
		<annotation source="BABELFY" anchor="pesar" bfScore="0.8076923076923077" coherenceScore="0.06310679611650485">bn:00089182v</annotation>
		<annotation source="MCS" anchor="ser" bfScore="--" coherenceScore="--">bn:00083187v</annotation>
		<annotation source="MCS" anchor="compañera" bfScore="--" coherenceScore="--">bn:00006532n</annotation>
		<annotation source="BABELFY" anchor="Único" bfScore="0.7619047619047619" coherenceScore="0.019417475728155338">bn:02129621n</annotation>
		<annotation source="MCS" anchor="hizo" bfScore="--" coherenceScore="--">bn:00087107v</annotation>
		<annotation source="MCS" anchor="cuerpo" bfScore="--" coherenceScore="--">bn:00011744n</annotation>
		<annotation source="MCS" anchor="espíritu" bfScore="--" coherenceScore="--">bn:00033960n</annotation>
		<annotation source="BABELFY" anchor="demanda" bfScore="0.76842450049132" coherenceScore="0.1650485436893204">bn:00016403n</annotation>
		<annotation source="MCS" anchor="Único" bfScore="--" coherenceScore="--">bn:00110682a</annotation>
		<annotation source="MCS" anchor="consagrada" bfScore="--" coherenceScore="--">bn:00083602v</annotation>
		<annotation source="BABELFY" anchor="divorcio" bfScore="0.9017341040462428" coherenceScore="0.18932038834951456">bn:00027937n</annotation>
		<annotation source="MCS" anchor="cubre" bfScore="--" coherenceScore="--">bn:00085904v</annotation>
		<annotation source="MCS" anchor="manto" bfScore="--" coherenceScore="--">bn:00053271n</annotation>
		<annotation source="BABELFY" anchor="violencia" bfScore="0.9974293059125964" coherenceScore="0.27184466019417475">bn:00035772n</annotation>
		<annotation source="MCS" anchor="dicho" bfScore="--" coherenceScore="--">bn:00093287v</annotation>
		<annotation source="MCS" anchor="traición" bfScore="--" coherenceScore="--">bn:00070394n</annotation>
		<annotation source="BABELFY" anchor="palabras" bfScore="0.9290322580645162" coherenceScore="0.4368932038834951">bn:00081546n</annotation>
		<annotation source="MCS" anchor="cansamos" bfScore="--" coherenceScore="--">bn:00095206v</annotation>
		<annotation source="MCS" anchor="hace" bfScore="--" coherenceScore="--">bn:00087107v</annotation>
		<annotation source="MCS" anchor="malo" bfScore="--" coherenceScore="--">bn:00097966a</annotation>
		<annotation source="MCS" anchor="bueno" bfScore="--" coherenceScore="--">bn:00103672a</annotation>
		<annotation source="BABELFY" anchor="ojos" bfScore="0.9394356503785272" coherenceScore="0.21844660194174756">bn:00032512n</annotation>
		<annotation source="BABELFY" anchor="ojos de" bfScore="1.0" coherenceScore="0.019417475728155338">bn:00055817n</annotation>
		<annotation source="MCS" anchor="agrada" bfScore="--" coherenceScore="--">bn:00086519v</annotation>
		<annotation source="MCS" anchor="Dónde" bfScore="--" coherenceScore="--">bn:13653875r</annotation>
	</annotations>
</paragraph>
<paragraph id="p.3">
	<text>
		&amp;quot; He aquí yo envío mi mensajero , el cual preparará el camino delante de mí . Y luego , repentinamente , vendrá a su templo el Señor a quien buscáis , el ángel del pacto a quien vosotros deseáis . ¡ He aquí que viene ! , ha dicho Jehovah de los Ejércitos
		¿ Quién podrá resistir el día de su venida ? o ¿ quién podrá mantenerse en pie cuando él se manifieste ? Porque él es como fuego purificador y como lejía de lavanderos
		Él se sentará para afinar y purificar la plata , porque purificará a los hijos de Leví . Los afinará como a oro y como a plata , y ofrecerán a Jehovah ofrenda en justicia
		Así será grata a Jehovah la ofrenda de Judá y de Jerusalén , como en los días de antaño y como en los tiempos antiguos
		&amp;quot; Entonces me acercaré a vosotros para juicio y seré veloz testigo contra los hechiceros y adúlteros , contra los que juran para engañar , contra los que oprimen al jornalero , a la viuda y al huérfano , y contra los que hacen agravio al forastero , sin ningún temor de mí &amp;quot; , ha dicho Jehovah de los Ejércitos
		&amp;quot; ¡ Porque yo , Jehovah , no cambio ; por eso vosotros , oh hijos de Jacob , no habéis sido consumidos
		Desde los días de vuestros padres os habéis apartado de mis leyes y no las habéis guardado . ¡ Volveos a mí , y yo me volveré a vosotros ! , ha dicho Jehovah de los Ejércitos . Pero vosotros dijisteis : &amp;apos; ¿ En qué hemos de volver ?
		¿ Robará el hombre a Dios ? ¡ Pues vosotros me habéis robado ! Pero decís : &amp;apos; ¿ En qué te hemos robado ? &amp;apos; ¡ En los diezmos y en las ofrendas
		Malditos sois con maldición ; porque vosotros , la nación entera , me habéis robado
		&amp;quot; Traed todo el diezmo al tesoro , y haya alimento en mi casa . Probadme en esto , ha dicho Jehovah de los Ejércitos , si no os abriré las ventanas de los cielos y vaciaré sobre vosotros bendición hasta que sobreabunde
		A causa de vosotros increparé también al devorador , para que no os consuma el fruto de la tierra , ni vuestra vid en el campo se quede estéril , ha dicho Jehovah de los Ejércitos
		Y así todas las naciones os dirán : &amp;apos; Bienaventurados &amp;apos; , porque seréis tierra deseable &amp;quot; , ha dicho Jehovah de los Ejércitos
		&amp;quot; Duras han sido vuestras palabras contra mí , ha dicho Jehovah . Pero decís : &amp;apos; ¿ Qué hemos hablado contra ti ?
		Habéis dicho : &amp;apos; Está demás servir a Dios &amp;apos; y &amp;apos; ¿ Qué provecho sacamos de guardar su ley y de andar tristes delante de Jehovah de los Ejércitos
		Ahora , nosotros consideramos que son felices los arrogantes y que los que hacen impiedad son prosperados . &amp;apos;
		Entonces los que temían a Jehovah hablaron cada uno con su compañero , y Jehovah prestó atención y escuchó . Y fue escrito un libro como memorial delante de él , para los que temen a Jehovah y para los que toman en cuenta su nombre
		&amp;quot; En el día que yo preparo , ha dicho Jehovah de los Ejércitos , ellos serán para mí un especial tesoro . Seré compasivo con ellos , como es compasivo el hombre con su hijo que le sirve
		Entonces os volveréis y podréis apreciar la diferencia entre el justo y el pecador , entre el que sirve a Dios y el que no le sirve
	</text>
	<annotations>
		<annotation source="MCS" anchor="He" bfScore="--" coherenceScore="--">bn:00083184v</annotation>
		<annotation source="MCS" anchor="aquí" bfScore="--" coherenceScore="--">bn:00115641r</annotation>
		<annotation source="MCS" anchor="envío" bfScore="--" coherenceScore="--">bn:00070467n</annotation>
		<annotation source="BABELFY" anchor="mensajero" bfScore="0.8379888268156425" coherenceScore="0.07389162561576355">bn:00031481n</annotation>
		<annotation source="MCS" anchor="preparará" bfScore="--" coherenceScore="--">bn:00088250v</annotation>
		<annotation source="MCS" anchor="camino" bfScore="--" coherenceScore="--">bn:00080721n</annotation>
		<annotation source="MCS" anchor="delante" bfScore="--" coherenceScore="--">bn:00114182r</annotation>
		<annotation source="MCS" anchor="luego" bfScore="--" coherenceScore="--">bn:00114281r</annotation>
		<annotation source="BABELFY" anchor="repentinamente" bfScore="0.8366336633663366" coherenceScore="0.06403940886699508">bn:00116440r</annotation>
		<annotation source="MCS" anchor="vendrá" bfScore="--" coherenceScore="--">bn:00082788v</annotation>
		<annotation source="MCS" anchor="templo" bfScore="--" coherenceScore="--">bn:00076465n</annotation>
		<annotation source="MCS" anchor="Señor" bfScore="--" coherenceScore="--">bn:00055346n</annotation>
		<annotation source="BABELFY" anchor="ángel" bfScore="0.9838709677419355" coherenceScore="0.30049261083743845">bn:00004063n</annotation>
		<annotation source="MCS" anchor="pacto" bfScore="--" coherenceScore="--">bn:15440073n</annotation>
		<annotation source="MCS" anchor="viene" bfScore="--" coherenceScore="--">bn:00082788v</annotation>
		<annotation source="MCS" anchor="ha" bfScore="--" coherenceScore="--">bn:00083184v</annotation>
		<annotation source="BABELFY" anchor="Jehovah" bfScore="1.0" coherenceScore="0.15763546798029557">bn:00047890n</annotation>
		<annotation source="MCS" anchor="Ejércitos" bfScore="--" coherenceScore="--">bn:00005803n</annotation>
		<annotation source="BABELFY" anchor="podrá" bfScore="1.0" coherenceScore="0.03940886699507389">bn:00084451v</annotation>
		<annotation source="BABELFY" anchor="resistir" bfScore="0.9670932358318098" coherenceScore="0.11330049261083744">bn:00089411v</annotation>
		<annotation source="MCS" anchor="día" bfScore="--" coherenceScore="--">bn:00000086n</annotation>
		<annotation source="MCS" anchor="venida" bfScore="--" coherenceScore="--">bn:00082788v</annotation>
		<annotation source="MCS" anchor="mantener" bfScore="--" coherenceScore="--">bn:00089384v</annotation>
		<annotation source="MCS" anchor="pie" bfScore="--" coherenceScore="--">bn:00035680n</annotation>
		<annotation source="MCS" anchor="manifieste" bfScore="--" coherenceScore="--">bn:00082913v</annotation>
		<annotation source="MCS" anchor="es" bfScore="--" coherenceScore="--">bn:00083187v</annotation>
		<annotation source="MCS" anchor="fuego" bfScore="--" coherenceScore="--">bn:00034623n</annotation>
		<annotation source="MCS" anchor="purificador" bfScore="--" coherenceScore="--">bn:00065291n</annotation>
		<annotation source="MCS" anchor="lejía" bfScore="--" coherenceScore="--">bn:00052422n</annotation>
		<annotation source="BABELFY" anchor="sentará" bfScore="1.0" coherenceScore="0.014778325123152709">bn:00093776v</annotation>
		<annotation source="MCS" anchor="afinar" bfScore="--" coherenceScore="--">bn:00095228v</annotation>
		<annotation source="BABELFY" anchor="purificar" bfScore="1.0" coherenceScore="0.07389162561576355">bn:00085059v</annotation>
		<annotation source="MCS" anchor="plata" bfScore="--" coherenceScore="--">bn:00001887n</annotation>
		<annotation source="MCS" anchor="hijos" bfScore="--" coherenceScore="--">bn:00024244n</annotation>
		<annotation source="MCS" anchor="oro" bfScore="--" coherenceScore="--">bn:00040921n</annotation>
		<annotation source="MCS" anchor="ofrecerán" bfScore="--" coherenceScore="--">bn:00091136v</annotation>
		<annotation source="MCS" anchor="justicia" bfScore="--" coherenceScore="--">bn:00048668n</annotation>
		<annotation source="BABELFY" anchor="Así" bfScore="0.8832116788321168" coherenceScore="0.054187192118226604">bn:00036261n</annotation>
		<annotation source="MCS" anchor="será" bfScore="--" coherenceScore="--">bn:00083187v</annotation>
		<annotation source="MCS" anchor="grata" bfScore="--" coherenceScore="--">bn:00096688a</annotation>
		<annotation source="BABELFY" anchor="Jerusalén" bfScore="0.9945867917719234" coherenceScore="0.2561576354679803">bn:00015555n</annotation>
		<annotation source="MCS" anchor="días" bfScore="--" coherenceScore="--">bn:00000086n</annotation>
		<annotation source="MCS" anchor="tiempos" bfScore="--" coherenceScore="--">bn:00077270n</annotation>
		<annotation source="MCS" anchor="antiguos" bfScore="--" coherenceScore="--">bn:00097066a</annotation>
		<annotation source="MCS" anchor="Entonces" bfScore="--" coherenceScore="--">bn:00117250r</annotation>
		<annotation source="MCS" anchor="juicio" bfScore="--" coherenceScore="--">bn:00048493n</annotation>
		<annotation source="MCS" anchor="seré" bfScore="--" coherenceScore="--">bn:00083187v</annotation>
		<annotation source="BABELFY" anchor="veloz" bfScore="0.7005988023952096" coherenceScore="0.04433497536945813">bn:00109438a</annotation>
		<annotation source="MCS" anchor="testigo" bfScore="--" coherenceScore="--">bn:00081454n</annotation>
		<annotation source="MCS" anchor="juran" bfScore="--" coherenceScore="--">bn:00094656v</annotation>
		<annotation source="MCS" anchor="engañar" bfScore="--" coherenceScore="--">bn:00083458v</annotation>
		<annotation source="BABELFY" anchor="oprimen" bfScore="1.0" coherenceScore="0.014778325123152709">bn:00086114v</annotation>
		<annotation source="BABELFY" anchor="jornalero" bfScore="0.7707006369426752" coherenceScore="0.054187192118226604">bn:00025432n</annotation>
		<annotation source="BABELFY" anchor="viuda" bfScore="0.7664233576642335" coherenceScore="0.07389162561576355">bn:00081167n</annotation>
		<annotation source="MCS" anchor="hacen" bfScore="--" coherenceScore="--">bn:00087107v</annotation>
		<annotation source="BABELFY" anchor="agravio" bfScore="1.0" coherenceScore="0.07389162561576355">bn:00019379n</annotation>
		<annotation source="MCS" anchor="temor" bfScore="--" coherenceScore="--">bn:00005133n</annotation>
		<annotation source="MCS" anchor="cambio" bfScore="--" coherenceScore="--">bn:00003125n</annotation>
		<annotation source="BABELFY" anchor="oh" bfScore="0.8486646884272997" coherenceScore="0.12807881773399016">bn:00006912n</annotation>
		<annotation source="MCS" anchor="Jacob" bfScore="--" coherenceScore="--">bn:00047849n</annotation>
		<annotation source="MCS" anchor="habéis" bfScore="--" coherenceScore="--">bn:00083184v</annotation>
		<annotation source="MCS" anchor="sido" bfScore="--" coherenceScore="--">bn:00083187v</annotation>
		<annotation source="MCS" anchor="consumidos" bfScore="--" coherenceScore="--">bn:00087463v</annotation>
		<annotation source="MCS" anchor="padres" bfScore="--" coherenceScore="--">bn:00009616n</annotation>
		<annotation source="BABELFY" anchor="apartado" bfScore="0.7317073170731707" coherenceScore="0.024630541871921183">bn:00014809n</annotation>
		<annotation source="MCS" anchor="leyes" bfScore="--" coherenceScore="--">bn:00048655n</annotation>
		<annotation source="MCS" anchor="guardado" bfScore="--" coherenceScore="--">bn:00089407v</annotation>
		<annotation source="MCS" anchor="dijisteis" bfScore="--" coherenceScore="--">bn:00093287v</annotation>
		<annotation source="MCS" anchor="hemos" bfScore="--" coherenceScore="--">bn:00083184v</annotation>
		<annotation source="BABELFY" anchor="volver" bfScore="0.9871794871794872" coherenceScore="0.10837438423645321">bn:00088736v</annotation>
		<annotation source="MCS" anchor="hombre" bfScore="--" coherenceScore="--">bn:00001533n</annotation>
		<annotation source="MCS" anchor="robado" bfScore="--" coherenceScore="--">bn:00094314v</annotation>
		<annotation source="MCS" anchor="decís" bfScore="--" coherenceScore="--">bn:00093287v</annotation>
		<annotation source="BABELFY" anchor="diezmos" bfScore="0.9596827495042961" coherenceScore="0.1625615763546798">bn:00077401n</annotation>
		<annotation source="MCS" anchor="sois" bfScore="--" coherenceScore="--">bn:00083187v</annotation>
		<annotation source="MCS" anchor="maldición" bfScore="--" coherenceScore="--">bn:00046161n</annotation>
		<annotation source="BABELFY" anchor="nación" bfScore="0.8390548043754957" coherenceScore="0.6551724137931034">bn:00023236n</annotation>
		<annotation source="MCS" anchor="entera" bfScore="--" coherenceScore="--">bn:00102277a</annotation>
		<annotation source="BABELFY" anchor="diezmo" bfScore="0.9596827495042961" coherenceScore="0.1625615763546798">bn:00077401n</annotation>
		<annotation source="MCS" anchor="tesoro" bfScore="--" coherenceScore="--">bn:00078117n</annotation>
		<annotation source="MCS" anchor="haya" bfScore="--" coherenceScore="--">bn:00083184v</annotation>
		<annotation source="MCS" anchor="alimento" bfScore="--" coherenceScore="--">bn:00035650n</annotation>
		<annotation source="MCS" anchor="casa" bfScore="--" coherenceScore="--">bn:00044994n</annotation>
		<annotation source="MCS" anchor="abriré" bfScore="--" coherenceScore="--">bn:00091165v</annotation>
		<annotation source="MCS" anchor="ventanas" bfScore="--" coherenceScore="--">bn:00081285n</annotation>
		<annotation source="MCS" anchor="cielos" bfScore="--" coherenceScore="--">bn:00072016n</annotation>
		<annotation source="BABELFY" anchor="bendición" bfScore="0.7731034482758621" coherenceScore="0.18719211822660098">bn:02733866n</annotation>
		<annotation source="MCS" anchor="causa" bfScore="--" coherenceScore="--">bn:00087491v</annotation>
		<annotation source="BABELFY" anchor="devorador" bfScore="1.0" coherenceScore="0.024630541871921183">bn:00026756n</annotation>
		<annotation source="BABELFY" anchor="fruto" bfScore="0.8396501457725948" coherenceScore="0.07881773399014778">bn:00036686n</annotation>
		<annotation source="MCS" anchor="vid" bfScore="--" coherenceScore="--">bn:01958028n</annotation>
		<annotation source="MCS" anchor="campo" bfScore="--" coherenceScore="--">bn:00007985n</annotation>
		<annotation source="MCS" anchor="quede" bfScore="--" coherenceScore="--">bn:00092757v</annotation>
		<annotation source="MCS" anchor="estéril" bfScore="--" coherenceScore="--">bn:00105063a</annotation>
		<annotation source="BABELFY" anchor="naciones" bfScore="0.8390548043754957" coherenceScore="0.6551724137931034">bn:00023236n</annotation>
		<annotation source="MCS" anchor="dirán" bfScore="--" coherenceScore="--">bn:00093287v</annotation>
		<annotation source="MCS" anchor="seréis" bfScore="--" coherenceScore="--">bn:00083187v</annotation>
		<annotation source="MCS" anchor="deseable" bfScore="--" coherenceScore="--">bn:00101236a</annotation>
		<annotation source="MCS" anchor="han" bfScore="--" coherenceScore="--">bn:00083184v</annotation>
		<annotation source="BABELFY" anchor="palabras" bfScore="0.917749525883262" coherenceScore="0.4630541871921182">bn:00081546n</annotation>
		<annotation source="MCS" anchor="hablado" bfScore="--" coherenceScore="--">bn:00094090v</annotation>
		<annotation source="MCS" anchor="Habéis" bfScore="--" coherenceScore="--">bn:00083184v</annotation>
		<annotation source="MCS" anchor="dicho" bfScore="--" coherenceScore="--">bn:00093287v</annotation>
		<annotation source="MCS" anchor="servir" bfScore="--" coherenceScore="--">bn:00089309v</annotation>
		<annotation source="MCS" anchor="provecho" bfScore="--" coherenceScore="--">bn:00001562n</annotation>
		<annotation source="MCS" anchor="sacamos" bfScore="--" coherenceScore="--">bn:00087237v</annotation>
		<annotation source="MCS" anchor="guardar" bfScore="--" coherenceScore="--">bn:00089407v</annotation>
		<annotation source="BABELFY" anchor="ley" bfScore="0.7510148849797023" coherenceScore="0.39901477832512317">bn:00048655n</annotation>
		<annotation source="MCS" anchor="andar" bfScore="--" coherenceScore="--">bn:00094337v</annotation>
		<annotation source="MCS" anchor="tristes" bfScore="--" coherenceScore="--">bn:00110036a</annotation>
		<annotation source="MCS" anchor="Ahora" bfScore="--" coherenceScore="--">bn:00114424r</annotation>
		<annotation source="MCS" anchor="consideramos" bfScore="--" coherenceScore="--">bn:00085651v</annotation>
		<annotation source="MCS" anchor="son" bfScore="--" coherenceScore="--">bn:00083187v</annotation>
		<annotation source="MCS" anchor="felices" bfScore="--" coherenceScore="--">bn:00103933a</annotation>
		<annotation source="MCS" anchor="arrogantes" bfScore="--" coherenceScore="--">bn:00101507a</annotation>
		<annotation source="MCS" anchor="impiedad" bfScore="--" coherenceScore="--">bn:00046120n</annotation>
		<annotation source="MCS" anchor="temían" bfScore="--" coherenceScore="--">bn:00088065v</annotation>
		<annotation source="MCS" anchor="hablaron" bfScore="--" coherenceScore="--">bn:00094090v</annotation>
		<annotation source="MCS" anchor="compañero" bfScore="--" coherenceScore="--">bn:00006532n</annotation>
		<annotation source="MCS" anchor="prestó" bfScore="--" coherenceScore="--">bn:00090289v</annotation>
		<annotation source="MCS" anchor="atención" bfScore="--" coherenceScore="--">bn:00007020n</annotation>
		<annotation source="MCS" anchor="escuchó" bfScore="--" coherenceScore="--">bn:00090400v</annotation>
		<annotation source="MCS" anchor="fue" bfScore="--" coherenceScore="--">bn:00083187v</annotation>
		<annotation source="BABELFY" anchor="escrito" bfScore="0.8205128205128205" coherenceScore="0.06896551724137931">bn:00113957a</annotation>
		<annotation source="MCS" anchor="libro" bfScore="--" coherenceScore="--">bn:00012059n</annotation>
		<annotation source="MCS" anchor="temen" bfScore="--" coherenceScore="--">bn:00088065v</annotation>
		<annotation source="MCS" anchor="toman" bfScore="--" coherenceScore="--">bn:00088762v</annotation>
		<annotation source="MCS" anchor="cuenta" bfScore="--" coherenceScore="--">bn:00000744n</annotation>
		<annotation source="MCS" anchor="nombre" bfScore="--" coherenceScore="--">bn:00056758n</annotation>
		<annotation source="MCS" anchor="preparo" bfScore="--" coherenceScore="--">bn:00088250v</annotation>
		<annotation source="MCS" anchor="serán" bfScore="--" coherenceScore="--">bn:00083187v</annotation>
		<annotation source="MCS" anchor="especial" bfScore="--" coherenceScore="--">bn:00108297a</annotation>
		<annotation source="MCS" anchor="Seré" bfScore="--" coherenceScore="--">bn:00083187v</annotation>
		<annotation source="BABELFY" anchor="compasivo" bfScore="0.7538461538461538" coherenceScore="0.034482758620689655">bn:00100125a</annotation>
		<annotation source="MCS" anchor="hijo" bfScore="--" coherenceScore="--">bn:00024244n</annotation>
		<annotation source="MCS" anchor="sirve" bfScore="--" coherenceScore="--">bn:00089309v</annotation>
		<annotation source="BABELFY" anchor="podréis" bfScore="1.0" coherenceScore="0.03940886699507389">bn:00084451v</annotation>
		<annotation source="BABELFY" anchor="apreciar" bfScore="0.875" coherenceScore="0.07881773399014778">bn:00087736v</annotation>
		<annotation source="MCS" anchor="diferencia" bfScore="--" coherenceScore="--">bn:00027022n</annotation>
		<annotation source="MCS" anchor="justo" bfScore="--" coherenceScore="--">bn:00102719a</annotation>
		<annotation source="BABELFY" anchor="pecador" bfScore="0.9938629389703375" coherenceScore="0.26108374384236455">bn:00071707n</annotation>
	</annotations>
</paragraph>
<paragraph id="p.4">
	<text>
		&amp;quot; Porque he aquí viene el día ardiente como un horno , y todos los arrogantes y todos los que hacen maldad serán como paja . Aquel día que vendrá los quemará y no les dejará ni raíz ni rama , ha dicho Jehovah de los Ejércitos
		Pero para vosotros , los que teméis mi nombre , nacerá el de justicia , y en sus alas traerá sanidad . Vosotros saldréis y saltaréis como terneros de engorde
		Pisotearéis a los impíos , los cuales , el día que yo preparo , serán como ceniza bajo las plantas de vuestros pies &amp;quot; , ha dicho Jehovah de los Ejércitos
		&amp;quot; Acordaos de la ley de mi siervo Moisés , a quien encargué en Horeb leyes y decretos para todo Israel
		&amp;quot; He aquí yo envío al profeta Elías antes de que venga el día de Jehovah , grande y temible
		Él hará volver el corazón de los padres a los hijos , y el corazón de los hijos a los padres ; no sea que venga yo y golpee la tierra con destrucción .
	</text>
	<annotations>
		<annotation source="MCS" anchor="he" bfScore="--" coherenceScore="--">bn:00083184v</annotation>
		<annotation source="MCS" anchor="aquí" bfScore="--" coherenceScore="--">bn:00115641r</annotation>
		<annotation source="MCS" anchor="viene" bfScore="--" coherenceScore="--">bn:00082788v</annotation>
		<annotation source="MCS" anchor="día" bfScore="--" coherenceScore="--">bn:00000086n</annotation>
		<annotation source="MCS" anchor="ardiente" bfScore="--" coherenceScore="--">bn:00096148a</annotation>
		<annotation source="BABELFY" anchor="horno" bfScore="0.7521367521367521" coherenceScore="0.1774193548387097">bn:00059829n</annotation>
		<annotation source="MCS" anchor="arrogantes" bfScore="--" coherenceScore="--">bn:00101507a</annotation>
		<annotation source="BABELFY" anchor="hacen" bfScore="0.9037433155080213" coherenceScore="0.20967741935483872">bn:00086008v</annotation>
		<annotation source="MCS" anchor="maldad" bfScore="--" coherenceScore="--">bn:00007875n</annotation>
		<annotation source="MCS" anchor="serán" bfScore="--" coherenceScore="--">bn:00083187v</annotation>
		<annotation source="MCS" anchor="paja" bfScore="--" coherenceScore="--">bn:00074572n</annotation>
		<annotation source="MCS" anchor="vendrá" bfScore="--" coherenceScore="--">bn:00082788v</annotation>
		<annotation source="MCS" anchor="quemará" bfScore="--" coherenceScore="--">bn:00084272v</annotation>
		<annotation source="MCS" anchor="dejará" bfScore="--" coherenceScore="--">bn:00084710v</annotation>
		<annotation source="MCS" anchor="raíz" bfScore="--" coherenceScore="--">bn:00068246n</annotation>
		<annotation source="BABELFY" anchor="rama" bfScore="1.0" coherenceScore="0.08064516129032258">bn:03338881n</annotation>
		<annotation source="MCS" anchor="ha" bfScore="--" coherenceScore="--">bn:00083184v</annotation>
		<annotation source="BABELFY" anchor="Jehovah" bfScore="1.0" coherenceScore="0.25806451612903225">bn:00047890n</annotation>
		<annotation source="MCS" anchor="Ejércitos" bfScore="--" coherenceScore="--">bn:00005803n</annotation>
		<annotation source="MCS" anchor="nombre" bfScore="--" coherenceScore="--">bn:00056758n</annotation>
		<annotation source="MCS" anchor="nacerá" bfScore="--" coherenceScore="--">bn:00083836v</annotation>
		<annotation source="MCS" anchor="justicia" bfScore="--" coherenceScore="--">bn:00048668n</annotation>
		<annotation source="BABELFY" anchor="alas" bfScore="0.8260188087774295" coherenceScore="0.27419354838709675">bn:00002807n</annotation>
		<annotation source="MCS" anchor="traerá" bfScore="--" coherenceScore="--">bn:00084060v</annotation>
		<annotation source="BABELFY" anchor="sanidad" bfScore="0.8333333333333334" coherenceScore="0.1935483870967742">bn:00043371n</annotation>
		<annotation source="BABELFY" anchor="terneros" bfScore="0.9191919191919192" coherenceScore="0.3387096774193548">bn:00012273n</annotation>
		<annotation source="MCS" anchor="engorde" bfScore="--" coherenceScore="--">bn:00091381v</annotation>
		<annotation source="MCS" anchor="preparo" bfScore="--" coherenceScore="--">bn:00088250v</annotation>
		<annotation source="MCS" anchor="ceniza" bfScore="--" coherenceScore="--">bn:00019121n</annotation>
		<annotation source="MCS" anchor="plantas" bfScore="--" coherenceScore="--">bn:00046568n</annotation>
		<annotation source="MCS" anchor="pies" bfScore="--" coherenceScore="--">bn:00035680n</annotation>
		<annotation source="MCS" anchor="ley" bfScore="--" coherenceScore="--">bn:00048655n</annotation>
		<annotation source="MCS" anchor="siervo" bfScore="--" coherenceScore="--">bn:00011982n</annotation>
		<annotation source="BABELFY" anchor="Moisés" bfScore="0.9272116461366181" coherenceScore="0.2903225806451613">bn:00055973n</annotation>
		<annotation source="MCS" anchor="encargué" bfScore="--" coherenceScore="--">bn:00084263v</annotation>
		<annotation source="BABELFY" anchor="Horeb" bfScore="1.0" coherenceScore="0.1774193548387097">bn:00056082n</annotation>
		<annotation source="MCS" anchor="leyes" bfScore="--" coherenceScore="--">bn:00048655n</annotation>
		<annotation source="BABELFY" anchor="decretos" bfScore="0.9" coherenceScore="0.12903225806451613">bn:00025781n</annotation>
		<annotation source="BABELFY" anchor="Israel" bfScore="0.9015817223198594" coherenceScore="0.6129032258064516">bn:00047679n</annotation>
		<annotation source="MCS" anchor="envío" bfScore="--" coherenceScore="--">bn:00070467n</annotation>
		<annotation source="BABELFY" anchor="profeta" bfScore="1.0" coherenceScore="0.24193548387096775">bn:00064759n</annotation>
		<annotation source="BABELFY" anchor="Elías" bfScore="0.7453416149068323" coherenceScore="0.1935483870967742">bn:00030356n</annotation>
		<annotation source="MCS" anchor="antes de" bfScore="--" coherenceScore="--">bn:00114297r</annotation>
		<annotation source="MCS" anchor="grande" bfScore="--" coherenceScore="--">bn:00098342a</annotation>
		<annotation source="MCS" anchor="temible" bfScore="--" coherenceScore="--">bn:00103237a</annotation>
		<annotation source="BABELFY" anchor="hará" bfScore="1.0" coherenceScore="0.20967741935483872">bn:00086008v</annotation>
		<annotation source="BABELFY" anchor="volver" bfScore="1.0" coherenceScore="0.11290322580645161">bn:00088736v</annotation>
		<annotation source="MCS" anchor="corazón" bfScore="--" coherenceScore="--">bn:00043383n</annotation>
		<annotation source="MCS" anchor="padres" bfScore="--" coherenceScore="--">bn:00009616n</annotation>
		<annotation source="MCS" anchor="hijos" bfScore="--" coherenceScore="--">bn:00024244n</annotation>
		<annotation source="MCS" anchor="sea" bfScore="--" coherenceScore="--">bn:00083187v</annotation>
		<annotation source="BABELFY" anchor="destrucción" bfScore="0.7142857142857143" coherenceScore="0.08064516129032258">bn:00026610n</annotation>
	</annotations>
</paragraph>
</dataset>
