<?xml version="1.0" encoding="utf-8"?>
<dataset language="ES" title="OBA">
<paragraph id="p.1">
	<text>
		La visión de Abdías : Así ha dicho el Señor Jehovah acerca de Edom ( hemos escuchado de parte de Jehovah la noticia de que ha sido enviado un mensajero a las naciones , diciendo : &amp;quot; ¡ Levantaos ! ¡ Levantémonos contra él en batalla ! &amp;quot; )
		&amp;quot; He aquí , te empequeñeceré entre las naciones ; serás muy menospreciado
		La soberbia de tu corazón te ha engañado a ti que habitas en las hendiduras de la peña , en tu morada elevada ; a ti que decías en tu corazón : &amp;apos; ¿ Quién me hará caer a tierra ?
		Aunque remontes vuelo como águila y entre las estrellas pongas tu nido , de allí te haré descender , dice Jehovah
		Si hubieran venido a ti ladrones o asaltantes de noche , ¿ no te habrían robado lo que les bastase ? Si hubiesen venido a ti vendimiadores , ¿ no habrían dejado siquiera rebuscos ? Pero , ¡ cómo has sido arrasado
		¡ Cómo fue saqueado Esaú ; sus tesoros escondidos fueron saqueados
		Hasta la frontera te arrojaron tus propios aliados . Te defraudaron y pudieron más que tus confidentes . Los que comían de tu pan te han puesto trampa . ¡ No hay en él discernimiento
		&amp;quot; ¿ No haré que perezcan en aquel día los sabios de Edom y el discernimiento de la región montañosa de Esaú ? , dice Jehovah
		Tus valientes , oh Temán , serán destrozados , para que todo hombre sea destruido por la masacre en los montes de Esaú
		&amp;quot; Por la violencia hecha a tu hermano Jacob , te cubrirá la vergüenza , y serás destruido para siempre
		En el día cuando te pusiste firme del lado contrario , en el día cuando su poderío fue llevado cautivo por los extraños , y los extranjeros llegaron hasta sus puertas y echaron suertes por Jerusalén , tú también te comportaste como uno de ellos
		No debiste haberte quedado mirando a tu hermano en su día trágico , en el día de su desgracia . No debiste alegrarte de los hijos de Judá en el día de su ruina . No debiste extralimitarte con tu boca en el día de la angustia
		No debiste entrar por la puerta de mi pueblo en el día de su ruina . Tampoco debiste mirar su miseria en el día de su ruina . No debiste echar mano de sus bienes en el día de su ruina
		Tampoco debiste ponerte en las encrucijadas de los caminos para aniquilar a sus fugitivos . No debiste haber entregado a sus sobrevivientes en el día de la desgracia
		&amp;quot; Cercano está el día de Jehovah sobre todas las naciones . Como tú hiciste , se hará contigo ; tu retribución volverá sobre tu cabeza
		Porque como bebisteis en mi santo monte , beberán todas las naciones de alrededor . Beberán ruidosamente , y quedarán como si nunca hubiesen existido
		&amp;quot; Pero en el monte Sion estarán los libertados , y será santo . La casa de Jacob poseerá las posesiones de ellos
		La casa de Jacob será fuego , y la casa de José será llama . La casa de Edom será estopa , y ellos los quemarán y los consumirán . Ni un solo sobreviviente quedará de la casa de Esaú &amp;quot; , porque Jehovah lo ha dicho
		Los del Néguev poseerán la región montañosa de Esaú ; y los de la Sefela , la tierra de los filisteos . También poseerán los campos de Efraín y de Samaria , y los de Benjamín poseerán Galaad
		Esta tropa de cautivos de los hijos de Israel poseerá lo que fuera de los cananeos hasta Sarepta , y los de Jerusalén que están cautivos en Sefarad poseerán las ciudades del Néguev
		Subirán victoriosos desde el monte Sion para juzgar la región montañosa de Esaú . ¡ Y el reino será de Jehovah
	</text>
	<annotations>
		<annotation source="MCS" anchor="visión" bfScore="--" coherenceScore="--">bn:00080106n</annotation>
		<annotation source="BABELFY" anchor="Abdías" bfScore="0.9000471475719001" coherenceScore="0.18699186991869918">bn:00000245n</annotation>
		<annotation source="BABELFY" anchor="ha" bfScore="0.8859060402684564" coherenceScore="0.04878048780487805">bn:00083183v</annotation>
		<annotation source="MCS" anchor="dicho" bfScore="--" coherenceScore="--">bn:00093287v</annotation>
		<annotation source="MCS" anchor="Señor" bfScore="--" coherenceScore="--">bn:00055346n</annotation>
		<annotation source="BABELFY" anchor="Jehovah" bfScore="1.0" coherenceScore="0.21138211382113822">bn:00047890n</annotation>
		<annotation source="BABELFY" anchor="acerca" bfScore="1.0" coherenceScore="0.07317073170731707">bn:00114076r</annotation>
		<annotation source="BABELFY" anchor="hemos" bfScore="0.8859060402684564" coherenceScore="0.04878048780487805">bn:00083183v</annotation>
		<annotation source="MCS" anchor="escuchado" bfScore="--" coherenceScore="--">bn:00090400v</annotation>
		<annotation source="MCS" anchor="parte" bfScore="--" coherenceScore="--">bn:00060765n</annotation>
		<annotation source="BABELFY" anchor="noticia" bfScore="0.75" coherenceScore="0.04878048780487805">bn:00057546n</annotation>
		<annotation source="BABELFY" anchor="sido" bfScore="0.7192402972749794" coherenceScore="0.15853658536585366">bn:00083181v</annotation>
		<annotation source="MCS" anchor="enviado" bfScore="--" coherenceScore="--">bn:00090548v</annotation>
		<annotation source="MCS" anchor="mensajero" bfScore="--" coherenceScore="--">bn:00023284n</annotation>
		<annotation source="BABELFY" anchor="naciones" bfScore="0.8269539614561028" coherenceScore="0.6788617886178862">bn:00023236n</annotation>
		<annotation source="MCS" anchor="diciendo" bfScore="--" coherenceScore="--">bn:00093287v</annotation>
		<annotation source="MCS" anchor="Levanta" bfScore="--" coherenceScore="--">bn:00084110v</annotation>
		<annotation source="MCS" anchor="Levantemos" bfScore="--" coherenceScore="--">bn:00084110v</annotation>
		<annotation source="MCS" anchor="batalla" bfScore="--" coherenceScore="--">bn:00009078n</annotation>
		<annotation source="MCS" anchor="aquí" bfScore="--" coherenceScore="--">bn:00115641r</annotation>
		<annotation source="BABELFY" anchor="serás" bfScore="0.7192402972749794" coherenceScore="0.15853658536585366">bn:00083181v</annotation>
		<annotation source="BABELFY" anchor="menospreciado" bfScore="0.7844827586206896" coherenceScore="0.028455284552845527">bn:00085558v</annotation>
		<annotation source="MCS" anchor="soberbia" bfScore="--" coherenceScore="--">bn:00101507a</annotation>
		<annotation source="MCS" anchor="corazón" bfScore="--" coherenceScore="--">bn:00043383n</annotation>
		<annotation source="MCS" anchor="engañado" bfScore="--" coherenceScore="--">bn:00083458v</annotation>
		<annotation source="MCS" anchor="habitas" bfScore="--" coherenceScore="--">bn:00083391v</annotation>
		<annotation source="MCS" anchor="hendiduras" bfScore="--" coherenceScore="--">bn:00019684n</annotation>
		<annotation source="MCS" anchor="peña" bfScore="--" coherenceScore="--">bn:02315488n</annotation>
		<annotation source="MCS" anchor="elevada" bfScore="--" coherenceScore="--">bn:00102115a</annotation>
		<annotation source="MCS" anchor="decías" bfScore="--" coherenceScore="--">bn:00093287v</annotation>
		<annotation source="MCS" anchor="hará" bfScore="--" coherenceScore="--">bn:00087107v</annotation>
		<annotation source="BABELFY" anchor="caer" bfScore="0.8205726405090138" coherenceScore="0.21544715447154472">bn:00087982v</annotation>
		<annotation source="MCS" anchor="remontes" bfScore="--" coherenceScore="--">bn:08294181n</annotation>
		<annotation source="MCS" anchor="vuelo" bfScore="--" coherenceScore="--">bn:00035207n</annotation>
		<annotation source="MCS" anchor="águila" bfScore="--" coherenceScore="--">bn:00010631n</annotation>
		<annotation source="BABELFY" anchor="estrellas" bfScore="0.8795487049102177" coherenceScore="0.18292682926829268">bn:00073964n</annotation>
		<annotation source="MCS" anchor="pongas" bfScore="--" coherenceScore="--">bn:00090224v</annotation>
		<annotation source="BABELFY" anchor="nido" bfScore="0.8362235067437379" coherenceScore="0.056910569105691054">bn:00057353n</annotation>
		<annotation source="BABELFY" anchor="allí" bfScore="1.0" coherenceScore="0.06504065040650407">bn:00114427r</annotation>
		<annotation source="MCS" anchor="haré" bfScore="--" coherenceScore="--">bn:00087107v</annotation>
		<annotation source="MCS" anchor="descender" bfScore="--" coherenceScore="--">bn:00085356v</annotation>
		<annotation source="MCS" anchor="dice" bfScore="--" coherenceScore="--">bn:00093287v</annotation>
		<annotation source="BABELFY" anchor="Si" bfScore="0.9" coherenceScore="0.16260162601626016">bn:00047162n</annotation>
		<annotation source="BABELFY" anchor="hubieran" bfScore="0.8859060402684564" coherenceScore="0.04878048780487805">bn:00083183v</annotation>
		<annotation source="MCS" anchor="venido" bfScore="--" coherenceScore="--">bn:00082788v</annotation>
		<annotation source="BABELFY" anchor="asaltantes" bfScore="1.0" coherenceScore="0.032520325203252036">bn:00002021n</annotation>
		<annotation source="MCS" anchor="noche" bfScore="--" coherenceScore="--">bn:00025236n</annotation>
		<annotation source="BABELFY" anchor="habrían" bfScore="0.8859060402684564" coherenceScore="0.04878048780487805">bn:00083183v</annotation>
		<annotation source="MCS" anchor="robado" bfScore="--" coherenceScore="--">bn:00094314v</annotation>
		<annotation source="BABELFY" anchor="basta" bfScore="1.0" coherenceScore="0.008130081300813009">bn:00082652v</annotation>
		<annotation source="BABELFY" anchor="hubiesen" bfScore="0.8859060402684564" coherenceScore="0.04878048780487805">bn:00083183v</annotation>
		<annotation source="MCS" anchor="dejado" bfScore="--" coherenceScore="--">bn:00084710v</annotation>
		<annotation source="MCS" anchor="cómo" bfScore="--" coherenceScore="--">bn:13703918r</annotation>
		<annotation source="BABELFY" anchor="has" bfScore="0.8859060402684564" coherenceScore="0.04878048780487805">bn:00083183v</annotation>
		<annotation source="MCS" anchor="arrasado" bfScore="--" coherenceScore="--">bn:00086988v</annotation>
		<annotation source="BABELFY" anchor="fue" bfScore="0.7192402972749794" coherenceScore="0.15853658536585366">bn:00083181v</annotation>
		<annotation source="BABELFY" anchor="saqueado" bfScore="1.0" coherenceScore="0.056910569105691054">bn:00086690v</annotation>
		<annotation source="MCS" anchor="tesoros" bfScore="--" coherenceScore="--">bn:00078117n</annotation>
		<annotation source="MCS" anchor="escondidos" bfScore="--" coherenceScore="--">bn:00085509v</annotation>
		<annotation source="BABELFY" anchor="fueron" bfScore="0.7192402972749794" coherenceScore="0.15853658536585366">bn:00083181v</annotation>
		<annotation source="BABELFY" anchor="saqueados" bfScore="1.0" coherenceScore="0.056910569105691054">bn:00086690v</annotation>
		<annotation source="MCS" anchor="frontera" bfScore="--" coherenceScore="--">bn:00012212n</annotation>
		<annotation source="MCS" anchor="arrojaron" bfScore="--" coherenceScore="--">bn:00084627v</annotation>
		<annotation source="BABELFY" anchor="propios" bfScore="0.998769987699877" coherenceScore="0.11382113821138211">bn:00096707a</annotation>
		<annotation source="MCS" anchor="aliados" bfScore="--" coherenceScore="--">bn:00002866n</annotation>
		<annotation source="BABELFY" anchor="pudieron" bfScore="1.0" coherenceScore="0.012195121951219513">bn:00084451v</annotation>
		<annotation source="MCS" anchor="confidentes" bfScore="--" coherenceScore="--">bn:00021740n</annotation>
		<annotation source="BABELFY" anchor="comían" bfScore="0.7648766328011611" coherenceScore="0.06910569105691057">bn:00090519v</annotation>
		<annotation source="MCS" anchor="pan" bfScore="--" coherenceScore="--">bn:00012873n</annotation>
		<annotation source="BABELFY" anchor="han" bfScore="0.8859060402684564" coherenceScore="0.04878048780487805">bn:00083183v</annotation>
		<annotation source="MCS" anchor="puesto" bfScore="--" coherenceScore="--">bn:00090224v</annotation>
		<annotation source="MCS" anchor="trampa" bfScore="--" coherenceScore="--">bn:00017978n</annotation>
		<annotation source="BABELFY" anchor="hay" bfScore="0.8859060402684564" coherenceScore="0.04878048780487805">bn:00083183v</annotation>
		<annotation source="BABELFY" anchor="perezcan" bfScore="1.0" coherenceScore="0.024390243902439025">bn:00084343v</annotation>
		<annotation source="MCS" anchor="día" bfScore="--" coherenceScore="--">bn:00000086n</annotation>
		<annotation source="MCS" anchor="sabios" bfScore="--" coherenceScore="--">bn:00046782n</annotation>
		<annotation source="MCS" anchor="discernimiento" bfScore="--" coherenceScore="--">bn:00027470n</annotation>
		<annotation source="MCS" anchor="región" bfScore="--" coherenceScore="--">bn:00060767n</annotation>
		<annotation source="MCS" anchor="montañosa" bfScore="--" coherenceScore="--">bn:00106976a</annotation>
		<annotation source="MCS" anchor="valientes" bfScore="--" coherenceScore="--">bn:00098827a</annotation>
		<annotation source="BABELFY" anchor="oh" bfScore="0.9420423183072677" coherenceScore="0.13008130081300814">bn:00006912n</annotation>
		<annotation source="BABELFY" anchor="serán" bfScore="0.7001607717041801" coherenceScore="0.15853658536585366">bn:00083181v</annotation>
		<annotation source="MCS" anchor="destrozados" bfScore="--" coherenceScore="--">bn:00086685v</annotation>
		<annotation source="MCS" anchor="hombre" bfScore="--" coherenceScore="--">bn:00001533n</annotation>
		<annotation source="BABELFY" anchor="sea" bfScore="0.7192402972749794" coherenceScore="0.15853658536585366">bn:00083181v</annotation>
		<annotation source="MCS" anchor="destruido" bfScore="--" coherenceScore="--">bn:00086699v</annotation>
		<annotation source="MCS" anchor="masacre" bfScore="--" coherenceScore="--">bn:00014221n</annotation>
		<annotation source="MCS" anchor="montes" bfScore="--" coherenceScore="--">bn:00036086n</annotation>
		<annotation source="BABELFY" anchor="violencia" bfScore="0.9978617248752673" coherenceScore="0.16260162601626016">bn:00035772n</annotation>
		<annotation source="MCS" anchor="hecha" bfScore="--" coherenceScore="--">bn:00087107v</annotation>
		<annotation source="MCS" anchor="hermano" bfScore="--" coherenceScore="--">bn:00071400n</annotation>
		<annotation source="BABELFY" anchor="Jacob" bfScore="0.7856115107913669" coherenceScore="0.15853658536585366">bn:00047849n</annotation>
		<annotation source="MCS" anchor="cubrirá" bfScore="--" coherenceScore="--">bn:00085904v</annotation>
		<annotation source="MCS" anchor="vergüenza" bfScore="--" coherenceScore="--">bn:00027566n</annotation>
		<annotation source="BABELFY" anchor="siempre" bfScore="1.0" coherenceScore="0.0040650406504065045">bn:00114250r</annotation>
		<annotation source="MCS" anchor="pusiste" bfScore="--" coherenceScore="--">bn:00090224v</annotation>
		<annotation source="BABELFY" anchor="firme" bfScore="0.8156565656565656" coherenceScore="0.06910569105691057">bn:00111927a</annotation>
		<annotation source="MCS" anchor="lado" bfScore="--" coherenceScore="--">bn:00032604n</annotation>
		<annotation source="MCS" anchor="contrario" bfScore="--" coherenceScore="--">bn:00097174a</annotation>
		<annotation source="MCS" anchor="llevado" bfScore="--" coherenceScore="--">bn:00084554v</annotation>
		<annotation source="MCS" anchor="cautivo" bfScore="--" coherenceScore="--">bn:00083288v</annotation>
		<annotation source="MCS" anchor="extraños" bfScore="--" coherenceScore="--">bn:00111281a</annotation>
		<annotation source="MCS" anchor="extranjeros" bfScore="--" coherenceScore="--">bn:00103205a</annotation>
		<annotation source="MCS" anchor="llegaron" bfScore="--" coherenceScore="--">bn:00082788v</annotation>
		<annotation source="MCS" anchor="puertas" bfScore="--" coherenceScore="--">bn:00028248n</annotation>
		<annotation source="MCS" anchor="echaron" bfScore="--" coherenceScore="--">bn:00084634v</annotation>
		<annotation source="MCS" anchor="suertes" bfScore="--" coherenceScore="--">bn:00017622n</annotation>
		<annotation source="BABELFY" anchor="Jerusalén" bfScore="0.981245166279969" coherenceScore="0.2845528455284553">bn:00015555n</annotation>
		<annotation source="BABELFY" anchor="haber" bfScore="0.8859060402684564" coherenceScore="0.04878048780487805">bn:00083183v</annotation>
		<annotation source="MCS" anchor="quedado" bfScore="--" coherenceScore="--">bn:00092757v</annotation>
		<annotation source="MCS" anchor="mirando" bfScore="--" coherenceScore="--">bn:00090448v</annotation>
		<annotation source="BABELFY" anchor="trágico" bfScore="1.0" coherenceScore="0.012195121951219513">bn:00112046a</annotation>
		<annotation source="MCS" anchor="desgracia" bfScore="--" coherenceScore="--">bn:00007884n</annotation>
		<annotation source="MCS" anchor="alegrar" bfScore="--" coherenceScore="--">bn:00084881v</annotation>
		<annotation source="MCS" anchor="hijos" bfScore="--" coherenceScore="--">bn:00024244n</annotation>
		<annotation source="MCS" anchor="boca" bfScore="--" coherenceScore="--">bn:00056135n</annotation>
		<annotation source="MCS" anchor="angustia" bfScore="--" coherenceScore="--">bn:00004175n</annotation>
		<annotation source="MCS" anchor="entrar" bfScore="--" coherenceScore="--">bn:00085363v</annotation>
		<annotation source="MCS" anchor="puerta" bfScore="--" coherenceScore="--">bn:00028248n</annotation>
		<annotation source="MCS" anchor="pueblo" bfScore="--" coherenceScore="--">bn:00021149n</annotation>
		<annotation source="MCS" anchor="Tampoco" bfScore="--" coherenceScore="--">bn:13664534r</annotation>
		<annotation source="MCS" anchor="mirar" bfScore="--" coherenceScore="--">bn:00090448v</annotation>
		<annotation source="MCS" anchor="miseria" bfScore="--" coherenceScore="--">bn:00062677n</annotation>
		<annotation source="MCS" anchor="echar" bfScore="--" coherenceScore="--">bn:00084634v</annotation>
		<annotation source="BABELFY" anchor="mano" bfScore="0.8689355539464156" coherenceScore="0.12195121951219512">bn:00042759n</annotation>
		<annotation source="MCS" anchor="bienes" bfScore="--" coherenceScore="--">bn:00041061n</annotation>
		<annotation source="MCS" anchor="poner" bfScore="--" coherenceScore="--">bn:00090224v</annotation>
		<annotation source="MCS" anchor="caminos" bfScore="--" coherenceScore="--">bn:00080721n</annotation>
		<annotation source="MCS" anchor="aniquilar" bfScore="--" coherenceScore="--">bn:00082889v</annotation>
		<annotation source="BABELFY" anchor="fugitivos" bfScore="0.7024390243902439" coherenceScore="0.07317073170731707">bn:00035168n</annotation>
		<annotation source="MCS" anchor="entregado" bfScore="--" coherenceScore="--">bn:00086531v</annotation>
		<annotation source="MCS" anchor="sobrevivientes" bfScore="--" coherenceScore="--">bn:16473383n</annotation>
		<annotation source="MCS" anchor="hiciste" bfScore="--" coherenceScore="--">bn:00087107v</annotation>
		<annotation source="MCS" anchor="retribución" bfScore="--" coherenceScore="--">bn:08468131n</annotation>
		<annotation source="BABELFY" anchor="volverá" bfScore="0.840523509452254" coherenceScore="0.13821138211382114">bn:00088736v</annotation>
		<annotation source="MCS" anchor="cabeza" bfScore="--" coherenceScore="--">bn:00015784n</annotation>
		<annotation source="BABELFY" anchor="santo" bfScore="1.0" coherenceScore="0.016260162601626018">bn:00104250a</annotation>
		<annotation source="MCS" anchor="monte" bfScore="--" coherenceScore="--">bn:00036086n</annotation>
		<annotation source="BABELFY" anchor="ruidosamente" bfScore="0.8" coherenceScore="0.016260162601626018">bn:00116358r</annotation>
		<annotation source="MCS" anchor="quedarán" bfScore="--" coherenceScore="--">bn:00092757v</annotation>
		<annotation source="BABELFY" anchor="nunca" bfScore="1.0" coherenceScore="0.012195121951219513">bn:00116326r</annotation>
		<annotation source="MCS" anchor="existido" bfScore="--" coherenceScore="--">bn:00083184v</annotation>
		<annotation source="BABELFY" anchor="monte Sion" bfScore="1.0" coherenceScore="0.11382113821138211">bn:03613899n</annotation>
		<annotation source="BABELFY" anchor="será" bfScore="0.7192402972749794" coherenceScore="0.15853658536585366">bn:00083181v</annotation>
		<annotation source="MCS" anchor="casa" bfScore="--" coherenceScore="--">bn:00044994n</annotation>
		<annotation source="MCS" anchor="poseerá" bfScore="--" coherenceScore="--">bn:00089241v</annotation>
		<annotation source="BABELFY" anchor="posesiones" bfScore="0.8498080614203455" coherenceScore="0.18699186991869918">bn:00059958n</annotation>
		<annotation source="BABELFY" anchor="La casa" bfScore="1.0" coherenceScore="0.032520325203252036">bn:08330079n</annotation>
		<annotation source="MCS" anchor="será" bfScore="--" coherenceScore="--">bn:00083187v</annotation>
		<annotation source="MCS" anchor="fuego" bfScore="--" coherenceScore="--">bn:00034623n</annotation>
		<annotation source="BABELFY" anchor="José" bfScore="0.7198673055657944" coherenceScore="0.17073170731707318">bn:00048425n</annotation>
		<annotation source="MCS" anchor="llama" bfScore="--" coherenceScore="--">bn:00084386v</annotation>
		<annotation source="MCS" anchor="consumirán" bfScore="--" coherenceScore="--">bn:00087463v</annotation>
		<annotation source="BABELFY" anchor="solo" bfScore="0.7352941176470589" coherenceScore="0.02032520325203252">bn:00106122a</annotation>
		<annotation source="BABELFY" anchor="sobreviviente" bfScore="1.0" coherenceScore="0.028455284552845527">bn:16473385n</annotation>
		<annotation source="MCS" anchor="quedará" bfScore="--" coherenceScore="--">bn:00092757v</annotation>
		<annotation source="BABELFY" anchor="Néguev" bfScore="1.0" coherenceScore="0.11382113821138211">bn:00057204n</annotation>
		<annotation source="BABELFY" anchor="filisteos" bfScore="1.0" coherenceScore="0.17073170731707318">bn:00061969n</annotation>
		<annotation source="MCS" anchor="campos" bfScore="--" coherenceScore="--">bn:00007985n</annotation>
		<annotation source="BABELFY" anchor="Efraín" bfScore="1.0" coherenceScore="0.08943089430894309">bn:03241091n</annotation>
		<annotation source="BABELFY" anchor="Benjamín" bfScore="0.7116564417177914" coherenceScore="0.11788617886178862">bn:00009934n</annotation>
		<annotation source="BABELFY" anchor="Galaad" bfScore="1.0" coherenceScore="0.12195121951219512">bn:03395772n</annotation>
		<annotation source="MCS" anchor="tropa" bfScore="--" coherenceScore="--">bn:00078393n</annotation>
		<annotation source="BABELFY" anchor="cautivos" bfScore="1.0" coherenceScore="0.016260162601626018">bn:00015768n</annotation>
		<annotation source="BABELFY" anchor="Israel" bfScore="0.8355117139334155" coherenceScore="0.491869918699187">bn:00047679n</annotation>
		<annotation source="BABELFY" anchor="fuera" bfScore="0.7001607717041801" coherenceScore="0.15853658536585366">bn:00083181v</annotation>
		<annotation source="BABELFY" anchor="cananeos" bfScore="1.0" coherenceScore="0.2926829268292683">bn:00015109n</annotation>
		<annotation source="BABELFY" anchor="Sarepta" bfScore="0.868421052631579" coherenceScore="0.08536585365853659">bn:03479356n</annotation>
		<annotation source="BABELFY" anchor="Sefarad" bfScore="0.9508840864440079" coherenceScore="0.08943089430894309">bn:03529327n</annotation>
		<annotation source="BABELFY" anchor="ciudades" bfScore="0.8550489048078248" coherenceScore="0.4796747967479675">bn:03335997n</annotation>
		<annotation source="MCS" anchor="Subirán" bfScore="--" coherenceScore="--">bn:00089381v</annotation>
		<annotation source="BABELFY" anchor="victoriosos" bfScore="1.0" coherenceScore="0.0040650406504065045">bn:00112128a</annotation>
		<annotation source="MCS" anchor="juzgar" bfScore="--" coherenceScore="--">bn:00090000v</annotation>
		<annotation source="MCS" anchor="reino" bfScore="--" coherenceScore="--">bn:00049171n</annotation>
	</annotations>
</paragraph>
