<?xml version="1.0" encoding="utf-8"?>
<dataset language="ES" title="PHM">
<paragraph id="p.1">
	<text>
		Pablo , prisionero de Cristo Jesús , y el hermano Timoteo ; a Filemón el amado y colaborador nuestro
		a la hermana Apia , a Arquipo nuestro compañero de milicia , y a la iglesia que está en tu casa
		Gracia a vosotros y paz de parte de Dios nuestro Padre y del Señor Jesucristo
		Doy gracias siempre a mi Dios , haciendo mención de ti en mis oraciones
		porque oigo del amor y de la fe que tienes para con el Señor Jesús y hacia todos los santos
		de manera que la comunión de tu fe ha venido a ser eficaz en el pleno conocimiento de todo lo bueno que hay en nosotros para la gloria de Cristo
		Porque tuve gran gozo y aliento por tu amor , pues los corazones de los santos , oh hermano , han sido confortados por medio tuyo
		Por lo tanto , aunque tengo mucha confianza en Cristo para ordenarte lo que conviene
		más bien intercedo en amor - - siendo como soy , Pablo anciano y ahora también prisionero de Cristo Jesús - -
		intercedo ante ti en cuanto a mi hijo Onésimo , a quien he engendrado en mis prisiones
		En otro tiempo él te fue inútil ; pero ahora es útil , tanto para ti como para mí
		Te lo vuelvo a enviar , a él que es mi propio corazón
		Yo deseaba retenerlo conmigo , para que en tu lugar me sirviera en mis prisiones por el evangelio
		Pero sin tu consentimiento no quise hacer nada , para que tu bondad no fuera como por obligación , sino de buena voluntad
		Pues quizás por esta razón se apartó por un tiempo , para que lo recibas ahora para siempre
		ya no como a un esclavo , sino más que esclavo , como a un hermano amado , especialmente para mí , pero con mayor razón para ti , tanto en la carne como en el Señor
		Así que , si me tienes por compañero , recíbele como a mí mismo
		Si en algo te hizo daño , o te debe , ponlo a mi cuenta
		Yo , Pablo , lo escribo con mi propia mano : Yo lo pagaré ; por no decirte que también tú mismo te me debes a mí
		Sí , hermano , yo quisiera tener este beneficio de ti en el Señor : ¡ Conforta mi corazón en el Señor
		Habiendo confiado en tu obediencia , te escribo sabiendo que harás aun más de lo que digo
		A la vez , prepárame también alojamiento , pues espero que mediante vuestras oraciones yo os sea concedido
		Te saludan Epafras , mi compañero de prisiones por Cristo Jesús
		y mis colaboradores Marcos , Aristarco , Demas y Lucas
		La gracia del Señor Jesucristo sea con vuestro espíritu
	</text>
	<annotations>
		<annotation source="BABELFY" anchor="Pablo" bfScore="0.9764506895654437" coherenceScore="0.441340782122905">bn:00004984n</annotation>
		<annotation source="MCS" anchor="prisionero" bfScore="--" coherenceScore="--">bn:00064468n</annotation>
		<annotation source="BABELFY" anchor="Cristo" bfScore="0.9999573242291689" coherenceScore="0.6871508379888268">bn:00018805n</annotation>
		<annotation source="BABELFY" anchor="Cristo Jesús" bfScore="1.0" coherenceScore="0.6871508379888268">bn:00018805n</annotation>
		<annotation source="MCS" anchor="hermano" bfScore="--" coherenceScore="--">bn:00071400n</annotation>
		<annotation source="BABELFY" anchor="Filemón" bfScore="0.978523489932886" coherenceScore="0.15083798882681565">bn:08445555n</annotation>
		<annotation source="MCS" anchor="amado" bfScore="--" coherenceScore="--">bn:00090505v</annotation>
		<annotation source="MCS" anchor="colaborador" bfScore="--" coherenceScore="--">bn:00043641n</annotation>
		<annotation source="MCS" anchor="hermana" bfScore="--" coherenceScore="--">bn:00071400n</annotation>
		<annotation source="BABELFY" anchor="Apia" bfScore="1.0" coherenceScore="0.00558659217877095">bn:08338082n</annotation>
		<annotation source="BABELFY" anchor="Arquipo" bfScore="1.0" coherenceScore="0.11731843575418995">bn:02312078n</annotation>
		<annotation source="MCS" anchor="compañero" bfScore="--" coherenceScore="--">bn:00006532n</annotation>
		<annotation source="BABELFY" anchor="milicia" bfScore="0.8" coherenceScore="0.0111731843575419">bn:03152067n</annotation>
		<annotation source="MCS" anchor="iglesia" bfScore="--" coherenceScore="--">bn:00018995n</annotation>
		<annotation source="MCS" anchor="casa" bfScore="--" coherenceScore="--">bn:00044994n</annotation>
		<annotation source="MCS" anchor="Gracia" bfScore="--" coherenceScore="--">bn:00041227n</annotation>
		<annotation source="MCS" anchor="paz" bfScore="--" coherenceScore="--">bn:00061149n</annotation>
		<annotation source="MCS" anchor="parte" bfScore="--" coherenceScore="--">bn:00060765n</annotation>
		<annotation source="MCS" anchor="Padre" bfScore="--" coherenceScore="--">bn:00009616n</annotation>
		<annotation source="MCS" anchor="Señor" bfScore="--" coherenceScore="--">bn:00055346n</annotation>
		<annotation source="BABELFY" anchor="Señor Jesucristo" bfScore="1.0" coherenceScore="0.6871508379888268">bn:00018805n</annotation>
		<annotation source="BABELFY" anchor="Jesucristo" bfScore="1.0" coherenceScore="0.6871508379888268">bn:00018805n</annotation>
		<annotation source="MCS" anchor="gracias" bfScore="--" coherenceScore="--">bn:00041227n</annotation>
		<annotation source="BABELFY" anchor="siempre" bfScore="0.8596491228070176" coherenceScore="0.03910614525139665">bn:00114250r</annotation>
		<annotation source="MCS" anchor="haciendo" bfScore="--" coherenceScore="--">bn:00087107v</annotation>
		<annotation source="MCS" anchor="mención" bfScore="--" coherenceScore="--">bn:00054390n</annotation>
		<annotation source="BABELFY" anchor="oraciones" bfScore="0.7611728343496784" coherenceScore="0.3743016759776536">bn:00059529n</annotation>
		<annotation source="BABELFY" anchor="oigo" bfScore="0.875" coherenceScore="0.03910614525139665">bn:00089277v</annotation>
		<annotation source="BABELFY" anchor="amor" bfScore="0.8168920949804629" coherenceScore="0.5977653631284916">bn:00052121n</annotation>
		<annotation source="BABELFY" anchor="fe" bfScore="0.9639425363904481" coherenceScore="0.8324022346368715">bn:00032768n</annotation>
		<annotation source="MCS" anchor="tienes" bfScore="--" coherenceScore="--">bn:00089385v</annotation>
		<annotation source="BABELFY" anchor="Señor Jesús" bfScore="1.0" coherenceScore="0.6871508379888268">bn:00018805n</annotation>
		<annotation source="MCS" anchor="santos" bfScore="--" coherenceScore="--">bn:00053896n</annotation>
		<annotation source="BABELFY" anchor="manera" bfScore="0.7357926221335992" coherenceScore="0.3016759776536313">bn:00033729n</annotation>
		<annotation source="MCS" anchor="comunión" bfScore="--" coherenceScore="--">bn:00021233n</annotation>
		<annotation source="BABELFY" anchor="ha" bfScore="0.8861538461538462" coherenceScore="0.1340782122905028">bn:00083184v</annotation>
		<annotation source="BABELFY" anchor="venido" bfScore="0.752442996742671" coherenceScore="0.11731843575418995">bn:00085319v</annotation>
		<annotation source="MCS" anchor="ser" bfScore="--" coherenceScore="--">bn:00083187v</annotation>
		<annotation source="MCS" anchor="eficaz" bfScore="--" coherenceScore="--">bn:00102038a</annotation>
		<annotation source="MCS" anchor="pleno" bfScore="--" coherenceScore="--">bn:00098890a</annotation>
		<annotation source="MCS" anchor="conocimiento" bfScore="--" coherenceScore="--">bn:00020452n</annotation>
		<annotation source="MCS" anchor="bueno" bfScore="--" coherenceScore="--">bn:00103672a</annotation>
		<annotation source="BABELFY" anchor="hay" bfScore="0.8861538461538462" coherenceScore="0.1340782122905028">bn:00083184v</annotation>
		<annotation source="MCS" anchor="gloria" bfScore="--" coherenceScore="--">bn:00040711n</annotation>
		<annotation source="MCS" anchor="tuve" bfScore="--" coherenceScore="--">bn:00089385v</annotation>
		<annotation source="BABELFY" anchor="gran" bfScore="0.9222873900293255" coherenceScore="0.18994413407821228">bn:00101605a</annotation>
		<annotation source="MCS" anchor="aliento" bfScore="--" coherenceScore="--">bn:00012966n</annotation>
		<annotation source="MCS" anchor="corazones" bfScore="--" coherenceScore="--">bn:00043383n</annotation>
		<annotation source="BABELFY" anchor="oh" bfScore="0.7914262159934048" coherenceScore="0.16759776536312848">bn:00030009n</annotation>
		<annotation source="BABELFY" anchor="han" bfScore="0.8861538461538462" coherenceScore="0.1340782122905028">bn:00083184v</annotation>
		<annotation source="MCS" anchor="sido" bfScore="--" coherenceScore="--">bn:00083187v</annotation>
		<annotation source="BABELFY" anchor="Por lo tanto" bfScore="0.9056603773584906" coherenceScore="0.0335195530726257">bn:00115635r</annotation>
		<annotation source="MCS" anchor="tengo" bfScore="--" coherenceScore="--">bn:00089385v</annotation>
		<annotation source="MCS" anchor="confianza" bfScore="--" coherenceScore="--">bn:00021742n</annotation>
		<annotation source="MCS" anchor="ordenar" bfScore="--" coherenceScore="--">bn:00085401v</annotation>
		<annotation source="BABELFY" anchor="conviene" bfScore="0.8902627511591963" coherenceScore="0.1005586592178771">bn:00094581v</annotation>
		<annotation source="MCS" anchor="bien" bfScore="--" coherenceScore="--">bn:00115530r</annotation>
		<annotation source="MCS" anchor="siendo" bfScore="--" coherenceScore="--">bn:00083187v</annotation>
		<annotation source="MCS" anchor="soy" bfScore="--" coherenceScore="--">bn:00083187v</annotation>
		<annotation source="BABELFY" anchor="anciano" bfScore="1.0" coherenceScore="0.027932960893854747">bn:00096644a</annotation>
		<annotation source="MCS" anchor="ahora" bfScore="--" coherenceScore="--">bn:00114424r</annotation>
		<annotation source="MCS" anchor="hijo" bfScore="--" coherenceScore="--">bn:00024244n</annotation>
		<annotation source="BABELFY" anchor="he" bfScore="0.8861538461538462" coherenceScore="0.1340782122905028">bn:00083184v</annotation>
		<annotation source="BABELFY" anchor="engendrado" bfScore="0.7997097242380261" coherenceScore="0.16201117318435754">bn:00083336v</annotation>
		<annotation source="MCS" anchor="prisiones" bfScore="--" coherenceScore="--">bn:00064468n</annotation>
		<annotation source="BABELFY" anchor="tiempo" bfScore="0.7460345909131643" coherenceScore="0.41899441340782123">bn:00077270n</annotation>
		<annotation source="MCS" anchor="fue" bfScore="--" coherenceScore="--">bn:00083187v</annotation>
		<annotation source="MCS" anchor="inútil" bfScore="--" coherenceScore="--">bn:00103448a</annotation>
		<annotation source="MCS" anchor="es" bfScore="--" coherenceScore="--">bn:00083187v</annotation>
		<annotation source="MCS" anchor="útil" bfScore="--" coherenceScore="--">bn:00104094a</annotation>
		<annotation source="BABELFY" anchor="vuelvo" bfScore="0.9637681159420289" coherenceScore="0.10614525139664804">bn:00088736v</annotation>
		<annotation source="BABELFY" anchor="enviar" bfScore="0.7874015748031497" coherenceScore="0.055865921787709494">bn:00090753v</annotation>
		<annotation source="MCS" anchor="propio" bfScore="--" coherenceScore="--">bn:00096707a</annotation>
		<annotation source="MCS" anchor="corazón" bfScore="--" coherenceScore="--">bn:00043383n</annotation>
		<annotation source="MCS" anchor="deseaba" bfScore="--" coherenceScore="--">bn:00095803v</annotation>
		<annotation source="MCS" anchor="retener" bfScore="--" coherenceScore="--">bn:00089386v</annotation>
		<annotation source="MCS" anchor="lugar" bfScore="--" coherenceScore="--">bn:00062699n</annotation>
		<annotation source="MCS" anchor="sirviera" bfScore="--" coherenceScore="--">bn:00089309v</annotation>
		<annotation source="BABELFY" anchor="evangelio" bfScore="0.8083854912902496" coherenceScore="0.3743016759776536">bn:00031976n</annotation>
		<annotation source="MCS" anchor="consentimiento" bfScore="--" coherenceScore="--">bn:00021959n</annotation>
		<annotation source="MCS" anchor="quise" bfScore="--" coherenceScore="--">bn:00086682v</annotation>
		<annotation source="MCS" anchor="hacer" bfScore="--" coherenceScore="--">bn:00087107v</annotation>
		<annotation source="MCS" anchor="bondad" bfScore="--" coherenceScore="--">bn:00052146n</annotation>
		<annotation source="MCS" anchor="fuera" bfScore="--" coherenceScore="--">bn:00083187v</annotation>
		<annotation source="MCS" anchor="obligación" bfScore="--" coherenceScore="--">bn:00029239n</annotation>
		<annotation source="MCS" anchor="buena" bfScore="--" coherenceScore="--">bn:00103672a</annotation>
		<annotation source="BABELFY" anchor="buena voluntad" bfScore="1.0" coherenceScore="0.055865921787709494">bn:00041085n</annotation>
		<annotation source="BABELFY" anchor="voluntad" bfScore="0.7319056654920032" coherenceScore="0.41899441340782123">bn:16772028n</annotation>
		<annotation source="BABELFY" anchor="Pues" bfScore="1.0" coherenceScore="0.03910614525139665">bn:00025800n</annotation>
		<annotation source="MCS" anchor="quizás" bfScore="--" coherenceScore="--">bn:00116211r</annotation>
		<annotation source="BABELFY" anchor="razón" bfScore="0.8188411448179054" coherenceScore="0.4692737430167598">bn:00047021n</annotation>
		<annotation source="MCS" anchor="apartó" bfScore="--" coherenceScore="--">bn:00084158v</annotation>
		<annotation source="MCS" anchor="ya no" bfScore="--" coherenceScore="--">bn:00116353r</annotation>
		<annotation source="MCS" anchor="esclavo" bfScore="--" coherenceScore="--">bn:00072080n</annotation>
		<annotation source="BABELFY" anchor="especialmente" bfScore="0.8953488372093024" coherenceScore="0.03910614525139665">bn:00115235r</annotation>
		<annotation source="MCS" anchor="mayor" bfScore="--" coherenceScore="--">bn:00098342a</annotation>
		<annotation source="MCS" anchor="carne" bfScore="--" coherenceScore="--">bn:00035182n</annotation>
		<annotation source="BABELFY" anchor="Así" bfScore="0.9391304347826087" coherenceScore="0.15083798882681565">bn:00036261n</annotation>
		<annotation source="BABELFY" anchor="recibe" bfScore="0.7958199356913184" coherenceScore="0.16759776536312848">bn:00092494v</annotation>
		<annotation source="MCS" anchor="mismo" bfScore="--" coherenceScore="--">bn:00110076a</annotation>
		<annotation source="BABELFY" anchor="Si" bfScore="0.9451476793248945" coherenceScore="0.0782122905027933">bn:00047162n</annotation>
		<annotation source="MCS" anchor="hizo" bfScore="--" coherenceScore="--">bn:00087107v</annotation>
		<annotation source="MCS" anchor="daño" bfScore="--" coherenceScore="--">bn:00025080n</annotation>
		<annotation source="BABELFY" anchor="debe" bfScore="0.9856262833675564" coherenceScore="0.0893854748603352">bn:00091362v</annotation>
		<annotation source="MCS" anchor="pon" bfScore="--" coherenceScore="--">bn:00090224v</annotation>
		<annotation source="MCS" anchor="cuenta" bfScore="--" coherenceScore="--">bn:00000744n</annotation>
		<annotation source="MCS" anchor="escribo" bfScore="--" coherenceScore="--">bn:00092123v</annotation>
		<annotation source="MCS" anchor="propia" bfScore="--" coherenceScore="--">bn:00096707a</annotation>
		<annotation source="MCS" anchor="mano" bfScore="--" coherenceScore="--">bn:00042759n</annotation>
		<annotation source="MCS" anchor="pagaré" bfScore="--" coherenceScore="--">bn:00091493v</annotation>
		<annotation source="MCS" anchor="decir" bfScore="--" coherenceScore="--">bn:00093287v</annotation>
		<annotation source="BABELFY" anchor="debes" bfScore="0.9856262833675564" coherenceScore="0.0893854748603352">bn:00091362v</annotation>
		<annotation source="MCS" anchor="quisiera" bfScore="--" coherenceScore="--">bn:00086682v</annotation>
		<annotation source="MCS" anchor="tener" bfScore="--" coherenceScore="--">bn:00089385v</annotation>
		<annotation source="BABELFY" anchor="beneficio" bfScore="0.7336037863421231" coherenceScore="0.17318435754189945">bn:00009899n</annotation>
		<annotation source="MCS" anchor="confiado" bfScore="--" coherenceScore="--">bn:00083095v</annotation>
		<annotation source="MCS" anchor="obediencia" bfScore="--" coherenceScore="--">bn:02933605n</annotation>
		<annotation source="MCS" anchor="sabiendo" bfScore="--" coherenceScore="--">bn:00085261v</annotation>
		<annotation source="MCS" anchor="harás" bfScore="--" coherenceScore="--">bn:00087107v</annotation>
		<annotation source="MCS" anchor="digo" bfScore="--" coherenceScore="--">bn:00093287v</annotation>
		<annotation source="BABELFY" anchor="vez" bfScore="0.9982668977469671" coherenceScore="0.1340782122905028">bn:00019848n</annotation>
		<annotation source="MCS" anchor="prepara" bfScore="--" coherenceScore="--">bn:00088250v</annotation>
		<annotation source="MCS" anchor="alojamiento" bfScore="--" coherenceScore="--">bn:00027077n</annotation>
		<annotation source="MCS" anchor="espero" bfScore="--" coherenceScore="--">bn:00089401v</annotation>
		<annotation source="MCS" anchor="sea" bfScore="--" coherenceScore="--">bn:00083187v</annotation>
		<annotation source="MCS" anchor="concedido" bfScore="--" coherenceScore="--">bn:00082538v</annotation>
		<annotation source="BABELFY" anchor="saludan" bfScore="0.8458333333333333" coherenceScore="0.1564245810055866">bn:00089039v</annotation>
		<annotation source="MCS" anchor="colaboradores" bfScore="--" coherenceScore="--">bn:00043641n</annotation>
		<annotation source="BABELFY" anchor="Marcos" bfScore="1.0" coherenceScore="0.11173184357541899">bn:00314140n</annotation>
		<annotation source="BABELFY" anchor="Aristarco" bfScore="0.9891304347826086" coherenceScore="0.1452513966480447">bn:15464317n</annotation>
		<annotation source="BABELFY" anchor="Demas" bfScore="1.0" coherenceScore="0.1564245810055866">bn:02769353n</annotation>
		<annotation source="BABELFY" anchor="Lucas" bfScore="0.8066184074457083" coherenceScore="0.21787709497206703">bn:00052281n</annotation>
		<annotation source="MCS" anchor="La gracia" bfScore="--" coherenceScore="--">bn:15608557n</annotation>
		<annotation source="MCS" anchor="gracia" bfScore="--" coherenceScore="--">bn:00041227n</annotation>
		<annotation source="MCS" anchor="espíritu" bfScore="--" coherenceScore="--">bn:00033960n</annotation>
	</annotations>
</paragraph>
