<?xml version="1.0" encoding="utf-8"?>
<dataset language="ES" title="RUT">
<paragraph id="p.1">
	<text>
		Aconteció en los días en que gobernaban los jueces , que hubo hambre en el país . Entonces un hombre de Belén de Judá fue a vivir en los campos de Moab , con su mujer y sus dos hijos
		El nombre de aquel hombre era Elimelec ; el nombre de su mujer era Noemí , y los nombres de sus dos hijos eran Majlón y Quelión . Ellos eran efrateos de Belén de Judá . Llegaron a los campos de Moab y se quedaron allí
		Pero Elimelec , marido de Noemí , murió ; y ella quedó con sus dos hijos
		los cuales tomaron para sí mujeres moabitas . El nombre de la una era Orfa ; y el de la otra , Rut . Habitaron allí unos diez años
		Y murieron también los dos , Majlón y Quelión , quedando la mujer sin sus dos hijos y sin su marido
		Entonces Noemí se levantó con sus nueras , para regresar de los campos de Moab , porque oyó allí que Jehovah había visitado a su pueblo para darles pan
		Salió con sus dos nueras del lugar donde estaba , y emprendieron el camino para regresar a la tierra de Judá
		Entonces Noemí dijo a sus dos nueras : - - Id y volveos , cada una a la casa de su madre . Que Jehovah haga misericordia con vosotras , como la habéis hecho vosotras con los difuntos y conmigo
		Jehovah os conceda hallar descanso , cada una en la casa de su marido . Luego las besó , y ellas alzaron su voz y lloraron
		Y le dijeron : - - Ciertamente nosotras volveremos contigo a tu pueblo
		Y Noemí respondió : - - Volveos , hijas mías . ¿ Para qué habéis de venir conmigo ? ¿ Acaso tengo más hijos en el vientre , que puedan ser vuestros maridos
		Volveos , hijas mías , idos ; porque yo ya soy demasiado vieja para tener marido . Aunque dijera que tengo esperanza , y si esta noche yo tuviera marido y aun diese a luz hijos
		¿ esperaríais vosotras hasta que crecieran ? ¿ Habríais de quedaros sin casar por causa de ellos ? No , hijas mías , mi amargura es mayor que la vuestra , porque la mano de Jehovah se ha levantado contra mí
		Entonces ellas , alzando su voz , lloraron otra vez . Luego Orfa besó a su suegra , pero Rut se quedó con ella
		Noemí le dijo : - - He aquí , tu cuñada se ha vuelto a su pueblo y a sus dioses . Vuélvete tú tras ella
		Pero Rut respondió : - - No me ruegues que te deje y que me aparte de ti ; porque a dondequiera que tú vayas , yo iré ; y dondequiera que tú vivas , yo viviré . Tu pueblo será mi pueblo , y tu Dios será mi Dios
		Donde tú mueras , yo moriré ; y allí seré sepultada . Así me haga Jehovah y aun me añada , que sólo la muerte hará separación entre tú y yo
		Viendo Noemí que Rut estaba tan resuelta a ir con ella , no le dijo nada más
		Caminaron ellas dos hasta que llegaron a Belén . Y aconteció que cuando entraron en Belén , toda la ciudad se conmovió a causa de ellas . Y decían : - - ¿ No es ésta Noemí
		Y ella les respondía : - - No me llaméis Noemí ; llamadme Mara , porque el Todopoderoso ha hecho muy amarga mi vida
		Yo me fui llena , pero Jehovah me ha hecho volver vacía . ¿ Por qué , pues , me llamáis Noemí , ya que Jehovah me ha afligido y el Todopoderoso me ha abatido
		Así volvió Noemí con su nuera , Rut la moabita . Volvieron de los campos de Moab y llegaron a Belén al comienzo de la siega de la cebada
	</text>
	<annotations>
		<annotation source="MCS" anchor="Aconteció" bfScore="--" coherenceScore="--">bn:00083286v</annotation>
		<annotation source="MCS" anchor="días" bfScore="--" coherenceScore="--">bn:00000086n</annotation>
		<annotation source="MCS" anchor="gobernaban" bfScore="--" coherenceScore="--">bn:00088992v</annotation>
		<annotation source="BABELFY" anchor="jueces" bfScore="0.7520136685379546" coherenceScore="0.1638655462184874">bn:00012094n</annotation>
		<annotation source="BABELFY" anchor="hubo" bfScore="0.7091412742382271" coherenceScore="0.06722689075630252">bn:00083183v</annotation>
		<annotation source="MCS" anchor="hambre" bfScore="--" coherenceScore="--">bn:00045229n</annotation>
		<annotation source="MCS" anchor="país" bfScore="--" coherenceScore="--">bn:00023235n</annotation>
		<annotation source="MCS" anchor="Entonces" bfScore="--" coherenceScore="--">bn:00117250r</annotation>
		<annotation source="MCS" anchor="hombre" bfScore="--" coherenceScore="--">bn:00001533n</annotation>
		<annotation source="BABELFY" anchor="Belén de Judá" bfScore="1.0" coherenceScore="0.16806722689075632">bn:00009253n</annotation>
		<annotation source="MCS" anchor="vivir" bfScore="--" coherenceScore="--">bn:00087617v</annotation>
		<annotation source="MCS" anchor="campos" bfScore="--" coherenceScore="--">bn:00007985n</annotation>
		<annotation source="BABELFY" anchor="Moab" bfScore="0.9707012487992315" coherenceScore="0.19747899159663865">bn:03579537n</annotation>
		<annotation source="BABELFY" anchor="mujer" bfScore="0.8000561797752809" coherenceScore="0.42436974789915966">bn:00001530n</annotation>
		<annotation source="MCS" anchor="hijos" bfScore="--" coherenceScore="--">bn:00024244n</annotation>
		<annotation source="MCS" anchor="nombre" bfScore="--" coherenceScore="--">bn:00056758n</annotation>
		<annotation source="BABELFY" anchor="era" bfScore="0.7325992104716393" coherenceScore="0.1722689075630252">bn:00083181v</annotation>
		<annotation source="BABELFY" anchor="Noemí" bfScore="1.0" coherenceScore="0.13025210084033614">bn:14239678n</annotation>
		<annotation source="MCS" anchor="nombres" bfScore="--" coherenceScore="--">bn:00056758n</annotation>
		<annotation source="BABELFY" anchor="eran" bfScore="0.7325992104716393" coherenceScore="0.1722689075630252">bn:00083181v</annotation>
		<annotation source="MCS" anchor="Llegaron" bfScore="--" coherenceScore="--">bn:00082788v</annotation>
		<annotation source="MCS" anchor="quedaron" bfScore="--" coherenceScore="--">bn:00092757v</annotation>
		<annotation source="BABELFY" anchor="allí" bfScore="1.0" coherenceScore="0.02100840336134454">bn:00114427r</annotation>
		<annotation source="MCS" anchor="marido" bfScore="--" coherenceScore="--">bn:00045106n</annotation>
		<annotation source="MCS" anchor="murió" bfScore="--" coherenceScore="--">bn:00084343v</annotation>
		<annotation source="MCS" anchor="quedó" bfScore="--" coherenceScore="--">bn:00092757v</annotation>
		<annotation source="MCS" anchor="tomaron" bfScore="--" coherenceScore="--">bn:00088762v</annotation>
		<annotation source="BABELFY" anchor="mujeres" bfScore="0.7989116714818658" coherenceScore="0.42436974789915966">bn:00001530n</annotation>
		<annotation source="BABELFY" anchor="moabitas" bfScore="1.0" coherenceScore="0.06722689075630252">bn:14762621n</annotation>
		<annotation source="MCS" anchor="años" bfScore="--" coherenceScore="--">bn:00078738n</annotation>
		<annotation source="MCS" anchor="murieron" bfScore="--" coherenceScore="--">bn:00084343v</annotation>
		<annotation source="MCS" anchor="quedando" bfScore="--" coherenceScore="--">bn:00092757v</annotation>
		<annotation source="MCS" anchor="Entonces" bfScore="--" coherenceScore="--">bn:00076816n</annotation>
		<annotation source="MCS" anchor="levantó" bfScore="--" coherenceScore="--">bn:00084110v</annotation>
		<annotation source="MCS" anchor="regresar" bfScore="--" coherenceScore="--">bn:00092681v</annotation>
		<annotation source="MCS" anchor="oyó" bfScore="--" coherenceScore="--">bn:00089277v</annotation>
		<annotation source="BABELFY" anchor="Jehovah" bfScore="1.0" coherenceScore="0.23949579831932774">bn:00047890n</annotation>
		<annotation source="BABELFY" anchor="había" bfScore="0.7091412742382271" coherenceScore="0.06722689075630252">bn:00083183v</annotation>
		<annotation source="MCS" anchor="visitado" bfScore="--" coherenceScore="--">bn:00093433v</annotation>
		<annotation source="MCS" anchor="pueblo" bfScore="--" coherenceScore="--">bn:00021149n</annotation>
		<annotation source="MCS" anchor="dar" bfScore="--" coherenceScore="--">bn:00088815v</annotation>
		<annotation source="BABELFY" anchor="pan" bfScore="0.7195289499509323" coherenceScore="0.19747899159663865">bn:00012873n</annotation>
		<annotation source="MCS" anchor="Salió" bfScore="--" coherenceScore="--">bn:00087845v</annotation>
		<annotation source="MCS" anchor="lugar" bfScore="--" coherenceScore="--">bn:00062699n</annotation>
		<annotation source="MCS" anchor="emprendieron" bfScore="--" coherenceScore="--">bn:00082906v</annotation>
		<annotation source="MCS" anchor="camino" bfScore="--" coherenceScore="--">bn:00080721n</annotation>
		<annotation source="MCS" anchor="dijo" bfScore="--" coherenceScore="--">bn:00093287v</annotation>
		<annotation source="BABELFY" anchor="Id" bfScore="1.0" coherenceScore="0.08403361344537816">bn:03415425n</annotation>
		<annotation source="MCS" anchor="casa" bfScore="--" coherenceScore="--">bn:00044994n</annotation>
		<annotation source="BABELFY" anchor="madre" bfScore="0.8346603701059799" coherenceScore="0.33613445378151263">bn:00034027n</annotation>
		<annotation source="MCS" anchor="haga" bfScore="--" coherenceScore="--">bn:00087107v</annotation>
		<annotation source="BABELFY" anchor="misericordia" bfScore="0.8524590163934426" coherenceScore="0.09243697478991597">bn:00019708n</annotation>
		<annotation source="BABELFY" anchor="habéis" bfScore="0.7091412742382271" coherenceScore="0.06722689075630252">bn:00083183v</annotation>
		<annotation source="MCS" anchor="hecho" bfScore="--" coherenceScore="--">bn:00087107v</annotation>
		<annotation source="BABELFY" anchor="difuntos" bfScore="0.968102734051367" coherenceScore="0.1722689075630252">bn:00025523n</annotation>
		<annotation source="MCS" anchor="conceda" bfScore="--" coherenceScore="--">bn:00082538v</annotation>
		<annotation source="BABELFY" anchor="hallar" bfScore="0.8185185185185185" coherenceScore="0.0546218487394958">bn:00082902v</annotation>
		<annotation source="MCS" anchor="descanso" bfScore="--" coherenceScore="--">bn:00049862n</annotation>
		<annotation source="MCS" anchor="Luego" bfScore="--" coherenceScore="--">bn:00114281r</annotation>
		<annotation source="BABELFY" anchor="besó" bfScore="0.9150326797385621" coherenceScore="0.04201680672268908">bn:00084312v</annotation>
		<annotation source="MCS" anchor="alzaron" bfScore="--" coherenceScore="--">bn:00084110v</annotation>
		<annotation source="MCS" anchor="voz" bfScore="--" coherenceScore="--">bn:00080185n</annotation>
		<annotation source="MCS" anchor="lloraron" bfScore="--" coherenceScore="--">bn:00086122v</annotation>
		<annotation source="MCS" anchor="dijeron" bfScore="--" coherenceScore="--">bn:00093287v</annotation>
		<annotation source="BABELFY" anchor="Ciertamente" bfScore="1.0" coherenceScore="0.008403361344537815">bn:00114389r</annotation>
		<annotation source="BABELFY" anchor="volveremos" bfScore="0.8053902695134757" coherenceScore="0.1638655462184874">bn:00088736v</annotation>
		<annotation source="MCS" anchor="respondió" bfScore="--" coherenceScore="--">bn:00092421v</annotation>
		<annotation source="MCS" anchor="hijas" bfScore="--" coherenceScore="--">bn:00024244n</annotation>
		<annotation source="MCS" anchor="venir" bfScore="--" coherenceScore="--">bn:00082788v</annotation>
		<annotation source="MCS" anchor="Acaso" bfScore="--" coherenceScore="--">bn:00116211r</annotation>
		<annotation source="MCS" anchor="tengo" bfScore="--" coherenceScore="--">bn:00089385v</annotation>
		<annotation source="MCS" anchor="vientre" bfScore="--" coherenceScore="--">bn:00000249n</annotation>
		<annotation source="BABELFY" anchor="puedan" bfScore="1.0" coherenceScore="0.025210084033613446">bn:00084451v</annotation>
		<annotation source="BABELFY" anchor="ser" bfScore="0.7325992104716393" coherenceScore="0.1722689075630252">bn:00083181v</annotation>
		<annotation source="MCS" anchor="maridos" bfScore="--" coherenceScore="--">bn:00045106n</annotation>
		<annotation source="MCS" anchor="idos" bfScore="--" coherenceScore="--">bn:00088912v</annotation>
		<annotation source="BABELFY" anchor="soy" bfScore="0.7325992104716393" coherenceScore="0.1722689075630252">bn:00083181v</annotation>
		<annotation source="BABELFY" anchor="demasiado" bfScore="1.0" coherenceScore="0.01680672268907563">bn:00115274r</annotation>
		<annotation source="MCS" anchor="vieja" bfScore="--" coherenceScore="--">bn:00107787a</annotation>
		<annotation source="MCS" anchor="tener" bfScore="--" coherenceScore="--">bn:00089385v</annotation>
		<annotation source="MCS" anchor="dijera" bfScore="--" coherenceScore="--">bn:00093287v</annotation>
		<annotation source="MCS" anchor="esperanza" bfScore="--" coherenceScore="--">bn:00044737n</annotation>
		<annotation source="MCS" anchor="noche" bfScore="--" coherenceScore="--">bn:00025236n</annotation>
		<annotation source="MCS" anchor="tuviera" bfScore="--" coherenceScore="--">bn:00089385v</annotation>
		<annotation source="MCS" anchor="diese" bfScore="--" coherenceScore="--">bn:00088815v</annotation>
		<annotation source="BABELFY" anchor="luz" bfScore="0.8161209068010076" coherenceScore="0.1134453781512605">bn:00051108n</annotation>
		<annotation source="MCS" anchor="crecieran" bfScore="--" coherenceScore="--">bn:00089084v</annotation>
		<annotation source="BABELFY" anchor="Habríais" bfScore="0.7091412742382271" coherenceScore="0.06722689075630252">bn:00083183v</annotation>
		<annotation source="MCS" anchor="casar" bfScore="--" coherenceScore="--">bn:00085614v</annotation>
		<annotation source="MCS" anchor="causa" bfScore="--" coherenceScore="--">bn:00015051n</annotation>
		<annotation source="MCS" anchor="amargura" bfScore="--" coherenceScore="--">bn:00030484n</annotation>
		<annotation source="BABELFY" anchor="es" bfScore="0.7325992104716393" coherenceScore="0.1722689075630252">bn:00083181v</annotation>
		<annotation source="MCS" anchor="mayor" bfScore="--" coherenceScore="--">bn:00098342a</annotation>
		<annotation source="BABELFY" anchor="mano" bfScore="0.7154811715481172" coherenceScore="0.1134453781512605">bn:00042759n</annotation>
		<annotation source="BABELFY" anchor="ha" bfScore="0.7091412742382271" coherenceScore="0.06722689075630252">bn:00083183v</annotation>
		<annotation source="MCS" anchor="levantado" bfScore="--" coherenceScore="--">bn:00084110v</annotation>
		<annotation source="MCS" anchor="vez" bfScore="--" coherenceScore="--">bn:00019848n</annotation>
		<annotation source="MCS" anchor="suegra" bfScore="--" coherenceScore="--">bn:00033782n</annotation>
		<annotation source="BABELFY" anchor="He" bfScore="0.7091412742382271" coherenceScore="0.06722689075630252">bn:00083183v</annotation>
		<annotation source="MCS" anchor="aquí" bfScore="--" coherenceScore="--">bn:00115641r</annotation>
		<annotation source="MCS" anchor="cuñada" bfScore="--" coherenceScore="--">bn:00013375n</annotation>
		<annotation source="BABELFY" anchor="vuelto" bfScore="0.8053902695134757" coherenceScore="0.1638655462184874">bn:00088736v</annotation>
		<annotation source="BABELFY" anchor="dioses" bfScore="0.8664284628249962" coherenceScore="0.7310924369747899">bn:00040878n</annotation>
		<annotation source="BABELFY" anchor="Vuelve" bfScore="0.8053902695134757" coherenceScore="0.1638655462184874">bn:00088736v</annotation>
		<annotation source="MCS" anchor="deje" bfScore="--" coherenceScore="--">bn:00084710v</annotation>
		<annotation source="MCS" anchor="aparte" bfScore="--" coherenceScore="--">bn:00114309r</annotation>
		<annotation source="BABELFY" anchor="aparte de" bfScore="1.0" coherenceScore="0.03361344537815126">bn:00114246r</annotation>
		<annotation source="MCS" anchor="vayas" bfScore="--" coherenceScore="--">bn:00088912v</annotation>
		<annotation source="MCS" anchor="iré" bfScore="--" coherenceScore="--">bn:00088912v</annotation>
		<annotation source="MCS" anchor="vivas" bfScore="--" coherenceScore="--">bn:00087617v</annotation>
		<annotation source="BABELFY" anchor="será" bfScore="0.7325992104716393" coherenceScore="0.1722689075630252">bn:00083181v</annotation>
		<annotation source="MCS" anchor="moriré" bfScore="--" coherenceScore="--">bn:00084343v</annotation>
		<annotation source="BABELFY" anchor="seré" bfScore="0.7325992104716393" coherenceScore="0.1722689075630252">bn:00083181v</annotation>
		<annotation source="MCS" anchor="añada" bfScore="--" coherenceScore="--">bn:00082317v</annotation>
		<annotation source="BABELFY" anchor="sólo" bfScore="0.9969230769230769" coherenceScore="0.07563025210084033">bn:00114626r</annotation>
		<annotation source="BABELFY" anchor="muerte" bfScore="0.8726826737110241" coherenceScore="0.42016806722689076">bn:00025582n</annotation>
		<annotation source="MCS" anchor="hará" bfScore="--" coherenceScore="--">bn:00087107v</annotation>
		<annotation source="MCS" anchor="separación" bfScore="--" coherenceScore="--">bn:00070544n</annotation>
		<annotation source="BABELFY" anchor="tan" bfScore="0.9174311926605505" coherenceScore="0.04201680672268908">bn:00117173r</annotation>
		<annotation source="MCS" anchor="resuelta" bfScore="--" coherenceScore="--">bn:00088162v</annotation>
		<annotation source="MCS" anchor="ir" bfScore="--" coherenceScore="--">bn:00088912v</annotation>
		<annotation source="BABELFY" anchor="ir con" bfScore="1.0" coherenceScore="0.07563025210084033">bn:00082221v</annotation>
		<annotation source="MCS" anchor="Caminaron" bfScore="--" coherenceScore="--">bn:00095597v</annotation>
		<annotation source="MCS" anchor="llegaron" bfScore="--" coherenceScore="--">bn:00082788v</annotation>
		<annotation source="MCS" anchor="aconteció" bfScore="--" coherenceScore="--">bn:00083286v</annotation>
		<annotation source="MCS" anchor="entraron" bfScore="--" coherenceScore="--">bn:00085363v</annotation>
		<annotation source="BABELFY" anchor="ciudad" bfScore="0.7279151943462897" coherenceScore="0.31512605042016806">bn:03335997n</annotation>
		<annotation source="MCS" anchor="conmovió" bfScore="--" coherenceScore="--">bn:00087809v</annotation>
		<annotation source="MCS" anchor="decían" bfScore="--" coherenceScore="--">bn:00093287v</annotation>
		<annotation source="MCS" anchor="respondía" bfScore="--" coherenceScore="--">bn:00092421v</annotation>
		<annotation source="MCS" anchor="llaméis" bfScore="--" coherenceScore="--">bn:00084386v</annotation>
		<annotation source="BABELFY" anchor="Todopoderoso" bfScore="1.0" coherenceScore="0.06722689075630252">bn:00002966n</annotation>
		<annotation source="MCS" anchor="amarga" bfScore="--" coherenceScore="--">bn:00088125v</annotation>
		<annotation source="BABELFY" anchor="vida" bfScore="0.7625397476664273" coherenceScore="0.2647058823529412">bn:00051054n</annotation>
		<annotation source="BABELFY" anchor="llena" bfScore="0.9384164222873901" coherenceScore="0.06722689075630252">bn:00102961a</annotation>
		<annotation source="BABELFY" anchor="volver" bfScore="0.8053902695134757" coherenceScore="0.1638655462184874">bn:00088736v</annotation>
		<annotation source="BABELFY" anchor="vacía" bfScore="1.0" coherenceScore="0.01680672268907563">bn:00102176a</annotation>
		<annotation source="MCS" anchor="llamáis" bfScore="--" coherenceScore="--">bn:00084386v</annotation>
		<annotation source="MCS" anchor="afligido" bfScore="--" coherenceScore="--">bn:00082464v</annotation>
		<annotation source="MCS" anchor="abatido" bfScore="--" coherenceScore="--">bn:00090098v</annotation>
		<annotation source="BABELFY" anchor="Así" bfScore="0.775623268698061" coherenceScore="0.058823529411764705">bn:00036261n</annotation>
		<annotation source="BABELFY" anchor="volvió" bfScore="0.8053902695134757" coherenceScore="0.1638655462184874">bn:00088736v</annotation>
		<annotation source="BABELFY" anchor="nuera" bfScore="1.0" coherenceScore="0.13445378151260504">bn:00025365n</annotation>
		<annotation source="MCS" anchor="moabita" bfScore="--" coherenceScore="--">bn:16851140n</annotation>
		<annotation source="BABELFY" anchor="Volvieron" bfScore="0.8053902695134757" coherenceScore="0.1638655462184874">bn:00088736v</annotation>
		<annotation source="MCS" anchor="comienzo" bfScore="--" coherenceScore="--">bn:00009632n</annotation>
		<annotation source="BABELFY" anchor="siega" bfScore="1.0" coherenceScore="0.025210084033613446">bn:00050286n</annotation>
		<annotation source="BABELFY" anchor="cebada" bfScore="0.9642857142857143" coherenceScore="0.07563025210084033">bn:00008606n</annotation>
	</annotations>
</paragraph>
<paragraph id="p.2">
	<text>
		Noemí tenía un pariente de su marido , un hombre de buena posición de la familia de Elimelec , el cual se llamaba Boaz
		Y Rut la moabita dijo a Noemí : - - Permíteme ir al campo para recoger espigas tras aquel ante cuyos ojos yo halle gracia . Y ella le respondió . - - Ve , hija mía
		Ella fue y al llegar espigó en el campo tras los segadores . Y dio la casualidad de que la parcela del campo pertenecía a Boaz , que era de la familia de Elimelec
		Y he aquí que Boaz llegó de Belén y dijo a los segadores : - - ¡ Jehovah sea con vosotros ! Ellos le respondieron : - - ¡ Jehovah te bendiga
		Y Boaz preguntó a su criado encargado de los segadores : - - ¿ De quién es esa joven
		El criado encargado de los segadores le respondió diciendo : - - Ella es la joven moabita que ha vuelto con Noemí de los campos de Moab
		Me ha dicho : &amp;quot; Permite que yo espigue y recoja entre las gavillas , detrás de los segadores . &amp;quot; Ella vino y ha estado desde la mañana hasta ahora . No ha vuelto a casa ni por un momento
		Entonces Boaz dijo a Rut : - - Escucha , hija mía : No vayas a espigar a otro campo , ni te alejes de aquí . Aquí estarás junto con mis criadas
		Mira bien el campo donde siegan , y síguelas ; porque yo he mandado a los criados que no te molesten . Cuando tengas sed , ve a los depósitos y bebe del agua que sacan los criados
		Ella se postró sobre su rostro , se inclinó a tierra y le dijo : - - ¿ Por qué he hallado gracia ante tus ojos , para que tú te hayas fijado en mí , siendo yo una extranjera
		Boaz le respondió diciendo : - - Ciertamente me han contado todo lo que has hecho por tu suegra después de la muerte de tu marido , y que has dejado a tu padre , a tu madre y la tierra donde has nacido , y has venido a un pueblo que no conociste previamente
		¡ Que Jehovah premie tu acción ! Que tu recompensa sea completa de parte de Jehovah Dios de Israel , ya que has venido a refugiarte bajo sus alas
		Ella dijo : - - Señor mío , halle yo gracia ante tus ojos , porque me has consolado , y porque has hablado al corazón de tu sierva , aunque yo no soy ni como una de tus criadas
		Boaz le dijo a la hora de la comida : - - Acércate aquí , come pan y moja tu bocado en el vinagre . Entonces ella se sentó junto a los segadores , y él le dio grano tostado . Ella comió hasta que se sació , y le sobró
		Cuando ella se levantó para espigar , Boaz mandó a sus criados , diciendo : - - Que recoja espigas también entre las gavillas , y no la avergoncéis
		Más bien , sacad para ella de los manojos y dejad que las recoja , y no la reprendáis
		Rut espigó en el campo hasta el atardecer y desgranó lo que había espigado , y he aquí que había como un efa de cebada
		Lo tomó y se fue a la ciudad , y su suegra vio lo que había espigado . También sacó lo que le había sobrado de la comida después de haberse saciado , y se lo dio
		Entonces su suegra le preguntó : - - ¿ Dónde has espigado hoy ? ¿ Dónde has trabajado ? ¡ Bendito sea el que se haya fijado en ti ! Ella contó a su suegra con quién había trabajado y dijo : - - El hombre con quien he trabajado hoy se llama Boaz
		Y Noemí dijo a su nuera : - - ¡ Sea él bendito de Jehovah , pues no ha rehusado su bondad ni a los vivos ni a los que han muerto ! - - Noemí le dijo después - - : Aquel hombre es nuestro familiar . Él es uno de los parientes que nos pueden redimir
		Rut la moabita dijo : - - Además de esto , me ha dicho : &amp;quot; Permanece con mis criados hasta que hayan acabado toda mi siega .
		Noemí respondió a Rut su nuera : - - Está bien , hija mía , que salgas con sus criadas , para que no te vayan a molestar en otro campo
		Estuvo , pues , junto con las criadas de Boaz espigando hasta que terminó la siega de la cebada y la siega del trigo . Y ella vivía con su suegra
	</text>
	<annotations>
		<annotation source="BABELFY" anchor="Noemí" bfScore="1.0" coherenceScore="0.07482993197278912">bn:14239678n</annotation>
		<annotation source="MCS" anchor="tenía" bfScore="--" coherenceScore="--">bn:00089385v</annotation>
		<annotation source="MCS" anchor="pariente" bfScore="--" coherenceScore="--">bn:00049205n</annotation>
		<annotation source="MCS" anchor="marido" bfScore="--" coherenceScore="--">bn:00045106n</annotation>
		<annotation source="MCS" anchor="hombre" bfScore="--" coherenceScore="--">bn:00001533n</annotation>
		<annotation source="MCS" anchor="buena" bfScore="--" coherenceScore="--">bn:00103672a</annotation>
		<annotation source="MCS" anchor="posición" bfScore="--" coherenceScore="--">bn:00063703n</annotation>
		<annotation source="MCS" anchor="familia" bfScore="--" coherenceScore="--">bn:00032893n</annotation>
		<annotation source="MCS" anchor="llamaba" bfScore="--" coherenceScore="--">bn:00084386v</annotation>
		<annotation source="MCS" anchor="moabita" bfScore="--" coherenceScore="--">bn:16851140n</annotation>
		<annotation source="MCS" anchor="dijo" bfScore="--" coherenceScore="--">bn:00093287v</annotation>
		<annotation source="MCS" anchor="Permite" bfScore="--" coherenceScore="--">bn:00082537v</annotation>
		<annotation source="MCS" anchor="ir" bfScore="--" coherenceScore="--">bn:00088912v</annotation>
		<annotation source="MCS" anchor="campo" bfScore="--" coherenceScore="--">bn:00007985n</annotation>
		<annotation source="MCS" anchor="recoger" bfScore="--" coherenceScore="--">bn:00091599v</annotation>
		<annotation source="MCS" anchor="espigas" bfScore="--" coherenceScore="--">bn:00076531n</annotation>
		<annotation source="BABELFY" anchor="ojos" bfScore="0.8324205914567361" coherenceScore="0.1360544217687075">bn:00032512n</annotation>
		<annotation source="MCS" anchor="halle" bfScore="--" coherenceScore="--">bn:00084231v</annotation>
		<annotation source="MCS" anchor="gracia" bfScore="--" coherenceScore="--">bn:00041227n</annotation>
		<annotation source="MCS" anchor="respondió" bfScore="--" coherenceScore="--">bn:00092421v</annotation>
		<annotation source="MCS" anchor="Ve" bfScore="--" coherenceScore="--">bn:00093430v</annotation>
		<annotation source="MCS" anchor="hija" bfScore="--" coherenceScore="--">bn:00024244n</annotation>
		<annotation source="MCS" anchor="llegar" bfScore="--" coherenceScore="--">bn:00082788v</annotation>
		<annotation source="BABELFY" anchor="segadores" bfScore="0.9107142857142857" coherenceScore="0.05102040816326531">bn:00024991n</annotation>
		<annotation source="MCS" anchor="dio" bfScore="--" coherenceScore="--">bn:00088815v</annotation>
		<annotation source="MCS" anchor="casualidad" bfScore="--" coherenceScore="--">bn:00000691n</annotation>
		<annotation source="BABELFY" anchor="parcela" bfScore="1.0" coherenceScore="0.02040816326530612">bn:00091429v</annotation>
		<annotation source="MCS" anchor="pertenecía" bfScore="--" coherenceScore="--">bn:00082702v</annotation>
		<annotation source="BABELFY" anchor="era" bfScore="0.9010291595197255" coherenceScore="0.17346938775510204">bn:00083181v</annotation>
		<annotation source="BABELFY" anchor="he" bfScore="0.7939481268011528" coherenceScore="0.06462585034013606">bn:00083183v</annotation>
		<annotation source="MCS" anchor="aquí" bfScore="--" coherenceScore="--">bn:00115641r</annotation>
		<annotation source="MCS" anchor="llegó" bfScore="--" coherenceScore="--">bn:00082788v</annotation>
		<annotation source="BABELFY" anchor="Jehovah" bfScore="1.0" coherenceScore="0.1564625850340136">bn:00047890n</annotation>
		<annotation source="BABELFY" anchor="sea" bfScore="0.9010291595197255" coherenceScore="0.17346938775510204">bn:00083181v</annotation>
		<annotation source="MCS" anchor="respondieron" bfScore="--" coherenceScore="--">bn:00092421v</annotation>
		<annotation source="BABELFY" anchor="bendiga" bfScore="0.8609865470852018" coherenceScore="0.04081632653061224">bn:00083599v</annotation>
		<annotation source="MCS" anchor="preguntó" bfScore="--" coherenceScore="--">bn:00082819v</annotation>
		<annotation source="MCS" anchor="criado" bfScore="--" coherenceScore="--">bn:00053251n</annotation>
		<annotation source="MCS" anchor="encargado" bfScore="--" coherenceScore="--">bn:00084263v</annotation>
		<annotation source="BABELFY" anchor="es" bfScore="0.9010291595197255" coherenceScore="0.17346938775510204">bn:00083181v</annotation>
		<annotation source="MCS" anchor="joven" bfScore="--" coherenceScore="--">bn:00018345n</annotation>
		<annotation source="MCS" anchor="criado" bfScore="--" coherenceScore="--">bn:00084108v</annotation>
		<annotation source="MCS" anchor="diciendo" bfScore="--" coherenceScore="--">bn:00093287v</annotation>
		<annotation source="BABELFY" anchor="joven" bfScore="0.9036144578313253" coherenceScore="0.034013605442176874">bn:00104589a</annotation>
		<annotation source="BABELFY" anchor="ha" bfScore="0.7939481268011528" coherenceScore="0.06462585034013606">bn:00083183v</annotation>
		<annotation source="BABELFY" anchor="vuelto" bfScore="0.9778680203045685" coherenceScore="0.19047619047619047">bn:00088736v</annotation>
		<annotation source="MCS" anchor="campos" bfScore="--" coherenceScore="--">bn:00007985n</annotation>
		<annotation source="BABELFY" anchor="Moab" bfScore="0.9744597249508841" coherenceScore="0.10884353741496598">bn:03579537n</annotation>
		<annotation source="MCS" anchor="dicho" bfScore="--" coherenceScore="--">bn:00093287v</annotation>
		<annotation source="MCS" anchor="recoja" bfScore="--" coherenceScore="--">bn:00091599v</annotation>
		<annotation source="BABELFY" anchor="detrás" bfScore="1.0" coherenceScore="0.003401360544217687">bn:00114514r</annotation>
		<annotation source="MCS" anchor="vino" bfScore="--" coherenceScore="--">bn:00082788v</annotation>
		<annotation source="MCS" anchor="mañana" bfScore="--" coherenceScore="--">bn:00035851n</annotation>
		<annotation source="MCS" anchor="ahora" bfScore="--" coherenceScore="--">bn:00114424r</annotation>
		<annotation source="MCS" anchor="casa" bfScore="--" coherenceScore="--">bn:00044994n</annotation>
		<annotation source="BABELFY" anchor="momento" bfScore="0.876972575455799" coherenceScore="0.1836734693877551">bn:00063216n</annotation>
		<annotation source="BABELFY" anchor="Entonces" bfScore="1.0" coherenceScore="0.03741496598639456">bn:00114281r</annotation>
		<annotation source="MCS" anchor="Escucha" bfScore="--" coherenceScore="--">bn:00090400v</annotation>
		<annotation source="MCS" anchor="vayas" bfScore="--" coherenceScore="--">bn:00088912v</annotation>
		<annotation source="MCS" anchor="Aquí" bfScore="--" coherenceScore="--">bn:00115641r</annotation>
		<annotation source="BABELFY" anchor="junto" bfScore="1.0" coherenceScore="0.01020408163265306">bn:00105539a</annotation>
		<annotation source="MCS" anchor="criadas" bfScore="--" coherenceScore="--">bn:00053251n</annotation>
		<annotation source="MCS" anchor="bien" bfScore="--" coherenceScore="--">bn:00115530r</annotation>
		<annotation source="MCS" anchor="sigue" bfScore="--" coherenceScore="--">bn:00088421v</annotation>
		<annotation source="MCS" anchor="mandado" bfScore="--" coherenceScore="--">bn:00085400v</annotation>
		<annotation source="MCS" anchor="criados" bfScore="--" coherenceScore="--">bn:00053251n</annotation>
		<annotation source="MCS" anchor="molesten" bfScore="--" coherenceScore="--">bn:00083021v</annotation>
		<annotation source="MCS" anchor="tengas" bfScore="--" coherenceScore="--">bn:00089385v</annotation>
		<annotation source="BABELFY" anchor="sed" bfScore="0.7755102040816326" coherenceScore="0.047619047619047616">bn:00076968n</annotation>
		<annotation source="MCS" anchor="ve" bfScore="--" coherenceScore="--">bn:00093430v</annotation>
		<annotation source="MCS" anchor="depósitos" bfScore="--" coherenceScore="--">bn:00031575n</annotation>
		<annotation source="MCS" anchor="bebe" bfScore="--" coherenceScore="--">bn:00087321v</annotation>
		<annotation source="BABELFY" anchor="agua" bfScore="0.957676490747087" coherenceScore="0.3129251700680272">bn:00042379n</annotation>
		<annotation source="MCS" anchor="sacan" bfScore="--" coherenceScore="--">bn:00087237v</annotation>
		<annotation source="MCS" anchor="rostro" bfScore="--" coherenceScore="--">bn:00032620n</annotation>
		<annotation source="MCS" anchor="inclinó" bfScore="--" coherenceScore="--">bn:00083405v</annotation>
		<annotation source="MCS" anchor="hallado" bfScore="--" coherenceScore="--">bn:00084231v</annotation>
		<annotation source="BABELFY" anchor="hayas" bfScore="0.7939481268011528" coherenceScore="0.06462585034013606">bn:00083183v</annotation>
		<annotation source="MCS" anchor="fijado" bfScore="--" coherenceScore="--">bn:00088246v</annotation>
		<annotation source="BABELFY" anchor="siendo" bfScore="0.9010291595197255" coherenceScore="0.17346938775510204">bn:00083181v</annotation>
		<annotation source="MCS" anchor="extranjera" bfScore="--" coherenceScore="--">bn:00103205a</annotation>
		<annotation source="MCS" anchor="Ciertamente" bfScore="--" coherenceScore="--">bn:00114694r</annotation>
		<annotation source="BABELFY" anchor="han" bfScore="0.7939481268011528" coherenceScore="0.06462585034013606">bn:00083183v</annotation>
		<annotation source="MCS" anchor="contado" bfScore="--" coherenceScore="--">bn:00085859v</annotation>
		<annotation source="BABELFY" anchor="has" bfScore="0.7939481268011528" coherenceScore="0.06462585034013606">bn:00083183v</annotation>
		<annotation source="MCS" anchor="hecho" bfScore="--" coherenceScore="--">bn:00087107v</annotation>
		<annotation source="MCS" anchor="suegra" bfScore="--" coherenceScore="--">bn:00033782n</annotation>
		<annotation source="BABELFY" anchor="después" bfScore="0.9884393063583815" coherenceScore="0.061224489795918366">bn:00114165r</annotation>
		<annotation source="BABELFY" anchor="muerte" bfScore="0.867699642431466" coherenceScore="0.3401360544217687">bn:00025582n</annotation>
		<annotation source="MCS" anchor="dejado" bfScore="--" coherenceScore="--">bn:00084710v</annotation>
		<annotation source="MCS" anchor="padre" bfScore="--" coherenceScore="--">bn:00009616n</annotation>
		<annotation source="BABELFY" anchor="madre" bfScore="0.8847216739044611" coherenceScore="0.1836734693877551">bn:00034027n</annotation>
		<annotation source="MCS" anchor="nacido" bfScore="--" coherenceScore="--">bn:00083836v</annotation>
		<annotation source="MCS" anchor="venido" bfScore="--" coherenceScore="--">bn:00082788v</annotation>
		<annotation source="MCS" anchor="pueblo" bfScore="--" coherenceScore="--">bn:00021149n</annotation>
		<annotation source="MCS" anchor="conociste" bfScore="--" coherenceScore="--">bn:00090725v</annotation>
		<annotation source="MCS" anchor="previamente" bfScore="--" coherenceScore="--">bn:00114297r</annotation>
		<annotation source="BABELFY" anchor="premie" bfScore="0.8787878787878788" coherenceScore="0.08843537414965986">bn:00091499v</annotation>
		<annotation source="MCS" anchor="acción" bfScore="--" coherenceScore="--">bn:00001129n</annotation>
		<annotation source="MCS" anchor="recompensa" bfScore="--" coherenceScore="--">bn:00066977n</annotation>
		<annotation source="MCS" anchor="completa" bfScore="--" coherenceScore="--">bn:00096195a</annotation>
		<annotation source="MCS" anchor="parte" bfScore="--" coherenceScore="--">bn:00060765n</annotation>
		<annotation source="BABELFY" anchor="Israel" bfScore="0.923719113983707" coherenceScore="0.40816326530612246">bn:00047679n</annotation>
		<annotation source="BABELFY" anchor="refugiar" bfScore="1.0" coherenceScore="0.034013605442176874">bn:00093378v</annotation>
		<annotation source="MCS" anchor="bajo" bfScore="--" coherenceScore="--">bn:00087203v</annotation>
		<annotation source="BABELFY" anchor="alas" bfScore="0.7366037735849057" coherenceScore="0.10884353741496598">bn:00002807n</annotation>
		<annotation source="MCS" anchor="Señor" bfScore="--" coherenceScore="--">bn:00055346n</annotation>
		<annotation source="MCS" anchor="hablado" bfScore="--" coherenceScore="--">bn:00094090v</annotation>
		<annotation source="MCS" anchor="corazón" bfScore="--" coherenceScore="--">bn:00043383n</annotation>
		<annotation source="MCS" anchor="sierva" bfScore="--" coherenceScore="--">bn:01418422n</annotation>
		<annotation source="BABELFY" anchor="soy" bfScore="0.9010291595197255" coherenceScore="0.17346938775510204">bn:00083181v</annotation>
		<annotation source="MCS" anchor="hora" bfScore="--" coherenceScore="--">bn:00000127n</annotation>
		<annotation source="BABELFY" anchor="hora de" bfScore="1.0" coherenceScore="0.003401360544217687">bn:00044094n</annotation>
		<annotation source="MCS" anchor="Acerca" bfScore="--" coherenceScore="--">bn:00082735v</annotation>
		<annotation source="MCS" anchor="come" bfScore="--" coherenceScore="--">bn:00087461v</annotation>
		<annotation source="BABELFY" anchor="pan" bfScore="0.8348599842973043" coherenceScore="0.19727891156462585">bn:00012873n</annotation>
		<annotation source="MCS" anchor="moja" bfScore="--" coherenceScore="--">bn:00086857v</annotation>
		<annotation source="BABELFY" anchor="bocado" bfScore="0.72" coherenceScore="0.061224489795918366">bn:00056144n</annotation>
		<annotation source="BABELFY" anchor="vinagre" bfScore="0.9921259842519685" coherenceScore="0.061224489795918366">bn:00000849n</annotation>
		<annotation source="MCS" anchor="sentó" bfScore="--" coherenceScore="--">bn:00093776v</annotation>
		<annotation source="MCS" anchor="grano" bfScore="--" coherenceScore="--">bn:00024228n</annotation>
		<annotation source="BABELFY" anchor="grano tostado" bfScore="1.0" coherenceScore="0.09863945578231292">bn:03175538n</annotation>
		<annotation source="BABELFY" anchor="tostado" bfScore="1.0" coherenceScore="0.02040816326530612">bn:00093069v</annotation>
		<annotation source="MCS" anchor="comió" bfScore="--" coherenceScore="--">bn:00087461v</annotation>
		<annotation source="MCS" anchor="sació" bfScore="--" coherenceScore="--">bn:00082526v</annotation>
		<annotation source="BABELFY" anchor="sobró" bfScore="1.0" coherenceScore="0.10884353741496598">bn:00092757v</annotation>
		<annotation source="MCS" anchor="levantó" bfScore="--" coherenceScore="--">bn:00084110v</annotation>
		<annotation source="MCS" anchor="mandó" bfScore="--" coherenceScore="--">bn:00085400v</annotation>
		<annotation source="MCS" anchor="manojos" bfScore="--" coherenceScore="--">bn:00075483n</annotation>
		<annotation source="MCS" anchor="dejad" bfScore="--" coherenceScore="--">bn:00084710v</annotation>
		<annotation source="BABELFY" anchor="había" bfScore="0.7939481268011528" coherenceScore="0.06462585034013606">bn:00083183v</annotation>
		<annotation source="BABELFY" anchor="efa" bfScore="1.0" coherenceScore="0.08163265306122448">bn:00031113n</annotation>
		<annotation source="BABELFY" anchor="cebada" bfScore="0.8908913784705309" coherenceScore="0.1054421768707483">bn:00008606n</annotation>
		<annotation source="MCS" anchor="tomó" bfScore="--" coherenceScore="--">bn:00088762v</annotation>
		<annotation source="BABELFY" anchor="ciudad" bfScore="0.802198281502159" coherenceScore="0.29931972789115646">bn:03335997n</annotation>
		<annotation source="MCS" anchor="vio" bfScore="--" coherenceScore="--">bn:00093430v</annotation>
		<annotation source="MCS" anchor="sacó" bfScore="--" coherenceScore="--">bn:00087237v</annotation>
		<annotation source="BABELFY" anchor="sobrado" bfScore="1.0" coherenceScore="0.10884353741496598">bn:00092757v</annotation>
		<annotation source="MCS" anchor="comida" bfScore="--" coherenceScore="--">bn:00053993n</annotation>
		<annotation source="BABELFY" anchor="haber" bfScore="0.7939481268011528" coherenceScore="0.06462585034013606">bn:00083183v</annotation>
		<annotation source="MCS" anchor="hoy" bfScore="--" coherenceScore="--">bn:00117315r</annotation>
		<annotation source="MCS" anchor="trabajado" bfScore="--" coherenceScore="--">bn:00095812v</annotation>
		<annotation source="BABELFY" anchor="haya" bfScore="0.7939481268011528" coherenceScore="0.06462585034013606">bn:00083183v</annotation>
		<annotation source="MCS" anchor="contó" bfScore="--" coherenceScore="--">bn:00085859v</annotation>
		<annotation source="MCS" anchor="llama" bfScore="--" coherenceScore="--">bn:00084386v</annotation>
		<annotation source="BABELFY" anchor="nuera" bfScore="1.0" coherenceScore="0.07482993197278912">bn:00025365n</annotation>
		<annotation source="BABELFY" anchor="Sea" bfScore="0.9010291595197255" coherenceScore="0.17346938775510204">bn:00083181v</annotation>
		<annotation source="MCS" anchor="rehusado" bfScore="--" coherenceScore="--">bn:00086391v</annotation>
		<annotation source="MCS" anchor="bondad" bfScore="--" coherenceScore="--">bn:00052146n</annotation>
		<annotation source="MCS" anchor="familiar" bfScore="--" coherenceScore="--">bn:00102758a</annotation>
		<annotation source="MCS" anchor="parientes" bfScore="--" coherenceScore="--">bn:00049205n</annotation>
		<annotation source="BABELFY" anchor="pueden" bfScore="1.0" coherenceScore="0.013605442176870748">bn:00084451v</annotation>
		<annotation source="BABELFY" anchor="redimir" bfScore="0.7191011235955056" coherenceScore="0.027210884353741496">bn:00086537v</annotation>
		<annotation source="MCS" anchor="Además" bfScore="--" coherenceScore="--">bn:00115484r</annotation>
		<annotation source="MCS" anchor="Permanece" bfScore="--" coherenceScore="--">bn:00092756v</annotation>
		<annotation source="BABELFY" anchor="hayan" bfScore="0.7939481268011528" coherenceScore="0.06462585034013606">bn:00083183v</annotation>
		<annotation source="MCS" anchor="acabado" bfScore="--" coherenceScore="--">bn:00088222v</annotation>
		<annotation source="BABELFY" anchor="siega" bfScore="1.0" coherenceScore="0.03741496598639456">bn:00050286n</annotation>
		<annotation source="BABELFY" anchor="Está bien" bfScore="1.0" coherenceScore="0.003401360544217687">bn:00114213r</annotation>
		<annotation source="MCS" anchor="vayan" bfScore="--" coherenceScore="--">bn:00088912v</annotation>
		<annotation source="MCS" anchor="molestar" bfScore="--" coherenceScore="--">bn:00083021v</annotation>
		<annotation source="MCS" anchor="terminó" bfScore="--" coherenceScore="--">bn:00085475v</annotation>
		<annotation source="BABELFY" anchor="trigo" bfScore="0.8914220575662581" coherenceScore="0.11564625850340136">bn:00080959n</annotation>
		<annotation source="MCS" anchor="vivía" bfScore="--" coherenceScore="--">bn:00087617v</annotation>
	</annotations>
</paragraph>
<paragraph id="p.3">
	<text>
		Entonces le dijo Noemí su suegra : - - Hija mía , ¿ no habré de buscar para ti un hogar para que te vaya bien
		Y ahora , ¿ acaso Boaz , con cuyas criadas has estado , no es nuestro pariente ? He aquí que esta noche él aventará la cebada en la era
		Lávate , perfúmate , ponte tu vestido y baja a la era . Pero no te des a conocer al hombre , hasta que él haya acabado de comer y de beber
		Cuando él se acueste , observa el lugar donde se acuesta y anda , destapa un sitio a sus pies y acuéstate allí . Y él te dirá lo que debes hacer
		Y ella le respondió : - - Haré todo lo que me dices
		Entonces Rut bajó a la era e hizo todo lo que su suegra le había mandado
		Cuando Boaz había comido y bebido , y su corazón estaba contento , se retiró a dormir a un lado del montón de grano . Entonces ella fue silenciosamente , destapó un sitio a sus pies y se acostó
		Y sucedió que a la media noche Boaz se estremeció y se dio vuelta . ­ Y he aquí que una mujer estaba acostada a sus pies
		Entonces él le preguntó : - - ¿ Quién eres tú ? Y ella respondió : - - Yo soy Rut , tu sierva . Extiende tus alas sobre tu sierva , porque tú eres pariente redentor
		Él dijo : - - Jehovah te bendiga , hija mía . Esta última acción tuya es mejor que la primera , porque no has ido tras los jóvenes , sean pobres o ricos
		Ahora pues , no temas , hija mía . Yo haré por ti todo lo que tú digas , pues todos en mi ciudad saben que tú eres una mujer virtuosa
		Ahora bien , aunque es cierto que yo soy pariente redentor , hay otro pariente redentor más cercano que yo
		Pasa la noche ; y cuando sea de día , si él te redime , está bien ; que te redima . Pero si él no te quiere redimir , ¡ vive Jehovah , que yo te redimiré ! Acuéstate hasta la mañana
		Así durmió a sus pies hasta la mañana , pero se levantó antes que nadie pudiese distinguir a su compañero . Porque él dijo : - - Que no se sepa que una mujer ha venido a la era
		- - También le dijo - - : Dame el manto que está sobre ti , y sostenlo . Ella lo sostuvo , y él midió seis medidas de cebada y las puso sobre ella . Entonces ella se fue a la ciudad
		Y cuando vino a su suegra , ésta le preguntó : - - ¿ Qué sucedió , hija mía ? Ella le declaró todo lo que el hombre había hecho por ella
		Y añadió : - - Me dio estas seis medidas de cebada , diciendo : &amp;quot; Para que no vayas a tu suegra con las manos vacías .
		Entonces Noemí dijo : - - Descansa , hija mía , hasta que sepas cómo resulta la cosa . Porque el hombre no tendrá sosiego hasta que concluya hoy mismo el asunto
	</text>
	<annotations>
		<annotation source="MCS" anchor="Entonces" bfScore="--" coherenceScore="--">bn:00117250r</annotation>
		<annotation source="MCS" anchor="dijo" bfScore="--" coherenceScore="--">bn:00093287v</annotation>
		<annotation source="BABELFY" anchor="Noemí" bfScore="1.0" coherenceScore="0.03015075376884422">bn:14239678n</annotation>
		<annotation source="MCS" anchor="suegra" bfScore="--" coherenceScore="--">bn:00033782n</annotation>
		<annotation source="MCS" anchor="Hija" bfScore="--" coherenceScore="--">bn:00024244n</annotation>
		<annotation source="BABELFY" anchor="habré" bfScore="0.7822085889570553" coherenceScore="0.08542713567839195">bn:00083183v</annotation>
		<annotation source="MCS" anchor="buscar" bfScore="--" coherenceScore="--">bn:00090460v</annotation>
		<annotation source="MCS" anchor="hogar" bfScore="--" coherenceScore="--">bn:00034702n</annotation>
		<annotation source="MCS" anchor="vaya" bfScore="--" coherenceScore="--">bn:00088912v</annotation>
		<annotation source="MCS" anchor="bien" bfScore="--" coherenceScore="--">bn:00115530r</annotation>
		<annotation source="MCS" anchor="ahora" bfScore="--" coherenceScore="--">bn:00114424r</annotation>
		<annotation source="MCS" anchor="acaso" bfScore="--" coherenceScore="--">bn:00116211r</annotation>
		<annotation source="MCS" anchor="criadas" bfScore="--" coherenceScore="--">bn:00053251n</annotation>
		<annotation source="BABELFY" anchor="has" bfScore="0.7822085889570553" coherenceScore="0.08542713567839195">bn:00083183v</annotation>
		<annotation source="BABELFY" anchor="es" bfScore="0.7514231499051234" coherenceScore="0.22110552763819097">bn:00083181v</annotation>
		<annotation source="MCS" anchor="pariente" bfScore="--" coherenceScore="--">bn:00049205n</annotation>
		<annotation source="BABELFY" anchor="He" bfScore="0.7822085889570553" coherenceScore="0.08542713567839195">bn:00083183v</annotation>
		<annotation source="MCS" anchor="aquí" bfScore="--" coherenceScore="--">bn:00115641r</annotation>
		<annotation source="MCS" anchor="noche" bfScore="--" coherenceScore="--">bn:00025236n</annotation>
		<annotation source="BABELFY" anchor="cebada" bfScore="0.825" coherenceScore="0.05527638190954774">bn:00008606n</annotation>
		<annotation source="BABELFY" anchor="era" bfScore="0.7514231499051234" coherenceScore="0.22110552763819097">bn:00083181v</annotation>
		<annotation source="MCS" anchor="Lava" bfScore="--" coherenceScore="--">bn:00095650v</annotation>
		<annotation source="MCS" anchor="pon" bfScore="--" coherenceScore="--">bn:00090224v</annotation>
		<annotation source="MCS" anchor="vestido" bfScore="--" coherenceScore="--">bn:00028682n</annotation>
		<annotation source="MCS" anchor="baja" bfScore="--" coherenceScore="--">bn:00106206a</annotation>
		<annotation source="MCS" anchor="conocer" bfScore="--" coherenceScore="--">bn:00090725v</annotation>
		<annotation source="MCS" anchor="hombre" bfScore="--" coherenceScore="--">bn:00001533n</annotation>
		<annotation source="BABELFY" anchor="haya" bfScore="0.7822085889570553" coherenceScore="0.08542713567839195">bn:00083183v</annotation>
		<annotation source="MCS" anchor="acabado" bfScore="--" coherenceScore="--">bn:00088222v</annotation>
		<annotation source="MCS" anchor="comer" bfScore="--" coherenceScore="--">bn:00087461v</annotation>
		<annotation source="MCS" anchor="beber" bfScore="--" coherenceScore="--">bn:00087321v</annotation>
		<annotation source="MCS" anchor="acueste" bfScore="--" coherenceScore="--">bn:00090326v</annotation>
		<annotation source="MCS" anchor="observa" bfScore="--" coherenceScore="--">bn:00088428v</annotation>
		<annotation source="MCS" anchor="lugar" bfScore="--" coherenceScore="--">bn:00062699n</annotation>
		<annotation source="MCS" anchor="acuesta" bfScore="--" coherenceScore="--">bn:00090326v</annotation>
		<annotation source="MCS" anchor="anda" bfScore="--" coherenceScore="--">bn:00094337v</annotation>
		<annotation source="BABELFY" anchor="destapa" bfScore="0.7272727272727273" coherenceScore="0.04020100502512563">bn:00086935v</annotation>
		<annotation source="MCS" anchor="sitio" bfScore="--" coherenceScore="--">bn:00049847n</annotation>
		<annotation source="MCS" anchor="pies" bfScore="--" coherenceScore="--">bn:00035680n</annotation>
		<annotation source="BABELFY" anchor="allí" bfScore="1.0" coherenceScore="0.035175879396984924">bn:00114427r</annotation>
		<annotation source="MCS" anchor="dirá" bfScore="--" coherenceScore="--">bn:00093287v</annotation>
		<annotation source="BABELFY" anchor="debes" bfScore="0.9501761449421238" coherenceScore="0.16080402010050251">bn:00091362v</annotation>
		<annotation source="MCS" anchor="hacer" bfScore="--" coherenceScore="--">bn:00087107v</annotation>
		<annotation source="MCS" anchor="respondió" bfScore="--" coherenceScore="--">bn:00092421v</annotation>
		<annotation source="MCS" anchor="Haré" bfScore="--" coherenceScore="--">bn:00087107v</annotation>
		<annotation source="MCS" anchor="dices" bfScore="--" coherenceScore="--">bn:00093287v</annotation>
		<annotation source="BABELFY" anchor="Rut" bfScore="0.8064516129032258" coherenceScore="0.10050251256281408">bn:00012108n</annotation>
		<annotation source="MCS" anchor="bajó" bfScore="--" coherenceScore="--">bn:00087203v</annotation>
		<annotation source="MCS" anchor="hizo" bfScore="--" coherenceScore="--">bn:00087107v</annotation>
		<annotation source="BABELFY" anchor="había" bfScore="0.7822085889570553" coherenceScore="0.08542713567839195">bn:00083183v</annotation>
		<annotation source="MCS" anchor="mandado" bfScore="--" coherenceScore="--">bn:00085400v</annotation>
		<annotation source="MCS" anchor="comido" bfScore="--" coherenceScore="--">bn:00087461v</annotation>
		<annotation source="MCS" anchor="bebido" bfScore="--" coherenceScore="--">bn:00087321v</annotation>
		<annotation source="MCS" anchor="corazón" bfScore="--" coherenceScore="--">bn:00043383n</annotation>
		<annotation source="MCS" anchor="contento" bfScore="--" coherenceScore="--">bn:00108683a</annotation>
		<annotation source="MCS" anchor="retiró" bfScore="--" coherenceScore="--">bn:00087267v</annotation>
		<annotation source="MCS" anchor="dormir" bfScore="--" coherenceScore="--">bn:00084684v</annotation>
		<annotation source="MCS" anchor="lado" bfScore="--" coherenceScore="--">bn:00032604n</annotation>
		<annotation source="MCS" anchor="montón" bfScore="--" coherenceScore="--">bn:00008985n</annotation>
		<annotation source="MCS" anchor="grano" bfScore="--" coherenceScore="--">bn:00024228n</annotation>
		<annotation source="BABELFY" anchor="destapó" bfScore="0.7272727272727273" coherenceScore="0.04020100502512563">bn:00086935v</annotation>
		<annotation source="MCS" anchor="acostó" bfScore="--" coherenceScore="--">bn:00090326v</annotation>
		<annotation source="MCS" anchor="sucedió" bfScore="--" coherenceScore="--">bn:00085337v</annotation>
		<annotation source="MCS" anchor="media" bfScore="--" coherenceScore="--">bn:00097857a</annotation>
		<annotation source="BABELFY" anchor="media noche" bfScore="1.0" coherenceScore="0.05527638190954774">bn:00054884n</annotation>
		<annotation source="MCS" anchor="estremeció" bfScore="--" coherenceScore="--">bn:00094929v</annotation>
		<annotation source="MCS" anchor="dio" bfScore="--" coherenceScore="--">bn:00088815v</annotation>
		<annotation source="MCS" anchor="vuelta" bfScore="--" coherenceScore="--">bn:00078768n</annotation>
		<annotation source="BABELFY" anchor="he" bfScore="0.7822085889570553" coherenceScore="0.08542713567839195">bn:00083183v</annotation>
		<annotation source="BABELFY" anchor="mujer" bfScore="0.8590403624382208" coherenceScore="0.40703517587939697">bn:00001530n</annotation>
		<annotation source="MCS" anchor="acostada" bfScore="--" coherenceScore="--">bn:00090326v</annotation>
		<annotation source="MCS" anchor="preguntó" bfScore="--" coherenceScore="--">bn:00082819v</annotation>
		<annotation source="BABELFY" anchor="eres" bfScore="0.7514231499051234" coherenceScore="0.22110552763819097">bn:00083181v</annotation>
		<annotation source="BABELFY" anchor="soy" bfScore="0.7514231499051234" coherenceScore="0.22110552763819097">bn:00083181v</annotation>
		<annotation source="MCS" anchor="Extiende" bfScore="--" coherenceScore="--">bn:00084121v</annotation>
		<annotation source="MCS" anchor="alas" bfScore="--" coherenceScore="--">bn:00081337n</annotation>
		<annotation source="BABELFY" anchor="sierva" bfScore="1.0" coherenceScore="0.03015075376884422">bn:00011992n</annotation>
		<annotation source="BABELFY" anchor="redentor" bfScore="1.0" coherenceScore="0.05025125628140704">bn:01613458n</annotation>
		<annotation source="BABELFY" anchor="Jehovah" bfScore="1.0" coherenceScore="0.10050251256281408">bn:00047890n</annotation>
		<annotation source="MCS" anchor="bendiga" bfScore="--" coherenceScore="--">bn:00083599v</annotation>
		<annotation source="MCS" anchor="hija" bfScore="--" coherenceScore="--">bn:00024244n</annotation>
		<annotation source="MCS" anchor="última" bfScore="--" coherenceScore="--">bn:00105740a</annotation>
		<annotation source="MCS" anchor="acción" bfScore="--" coherenceScore="--">bn:00001129n</annotation>
		<annotation source="BABELFY" anchor="mejor" bfScore="0.8" coherenceScore="0.010050251256281407">bn:00098274a</annotation>
		<annotation source="MCS" anchor="ido" bfScore="--" coherenceScore="--">bn:00088912v</annotation>
		<annotation source="MCS" anchor="jóvenes" bfScore="--" coherenceScore="--">bn:00018345n</annotation>
		<annotation source="BABELFY" anchor="sean" bfScore="0.7514231499051234" coherenceScore="0.22110552763819097">bn:00083181v</annotation>
		<annotation source="MCS" anchor="pobres" bfScore="--" coherenceScore="--">bn:00108798a</annotation>
		<annotation source="MCS" anchor="ricos" bfScore="--" coherenceScore="--">bn:00096612a</annotation>
		<annotation source="MCS" anchor="Ahora" bfScore="--" coherenceScore="--">bn:00114424r</annotation>
		<annotation source="MCS" anchor="temas" bfScore="--" coherenceScore="--">bn:00074900n</annotation>
		<annotation source="MCS" anchor="haré" bfScore="--" coherenceScore="--">bn:00087107v</annotation>
		<annotation source="MCS" anchor="digas" bfScore="--" coherenceScore="--">bn:00093287v</annotation>
		<annotation source="BABELFY" anchor="ciudad" bfScore="0.8928571428571429" coherenceScore="0.22613065326633167">bn:03335997n</annotation>
		<annotation source="MCS" anchor="saben" bfScore="--" coherenceScore="--">bn:00085261v</annotation>
		<annotation source="MCS" anchor="virtuosa" bfScore="--" coherenceScore="--">bn:00113633a</annotation>
		<annotation source="MCS" anchor="cierto" bfScore="--" coherenceScore="--">bn:00099474a</annotation>
		<annotation source="BABELFY" anchor="hay" bfScore="0.7822085889570553" coherenceScore="0.08542713567839195">bn:00083183v</annotation>
		<annotation source="MCS" anchor="cercano" bfScore="--" coherenceScore="--">bn:00099859a</annotation>
		<annotation source="MCS" anchor="Pasa" bfScore="--" coherenceScore="--">bn:00091458v</annotation>
		<annotation source="BABELFY" anchor="sea" bfScore="0.7514231499051234" coherenceScore="0.22110552763819097">bn:00083181v</annotation>
		<annotation source="MCS" anchor="día" bfScore="--" coherenceScore="--">bn:00000086n</annotation>
		<annotation source="BABELFY" anchor="redime" bfScore="0.8" coherenceScore="0.03015075376884422">bn:00088544v</annotation>
		<annotation source="BABELFY" anchor="está bien" bfScore="1.0" coherenceScore="0.005025125628140704">bn:00114213r</annotation>
		<annotation source="MCS" anchor="quiere" bfScore="--" coherenceScore="--">bn:00086682v</annotation>
		<annotation source="BABELFY" anchor="redimir" bfScore="0.8" coherenceScore="0.03015075376884422">bn:00088544v</annotation>
		<annotation source="MCS" anchor="vive" bfScore="--" coherenceScore="--">bn:00087617v</annotation>
		<annotation source="MCS" anchor="Acuesta" bfScore="--" coherenceScore="--">bn:00090326v</annotation>
		<annotation source="MCS" anchor="mañana" bfScore="--" coherenceScore="--">bn:00035851n</annotation>
		<annotation source="MCS" anchor="Así" bfScore="--" coherenceScore="--">bn:00036261n</annotation>
		<annotation source="MCS" anchor="durmió" bfScore="--" coherenceScore="--">bn:00084684v</annotation>
		<annotation source="MCS" anchor="levantó" bfScore="--" coherenceScore="--">bn:00084110v</annotation>
		<annotation source="BABELFY" anchor="pudiese" bfScore="1.0" coherenceScore="0.020100502512562814">bn:00084451v</annotation>
		<annotation source="MCS" anchor="distinguir" bfScore="--" coherenceScore="--">bn:00086799v</annotation>
		<annotation source="MCS" anchor="compañero" bfScore="--" coherenceScore="--">bn:00006532n</annotation>
		<annotation source="MCS" anchor="sepa" bfScore="--" coherenceScore="--">bn:00085261v</annotation>
		<annotation source="BABELFY" anchor="ha" bfScore="0.7822085889570553" coherenceScore="0.08542713567839195">bn:00083183v</annotation>
		<annotation source="MCS" anchor="venido" bfScore="--" coherenceScore="--">bn:00082788v</annotation>
		<annotation source="MCS" anchor="Da" bfScore="--" coherenceScore="--">bn:00088815v</annotation>
		<annotation source="MCS" anchor="manto" bfScore="--" coherenceScore="--">bn:00053271n</annotation>
		<annotation source="MCS" anchor="sostuvo" bfScore="--" coherenceScore="--">bn:00090070v</annotation>
		<annotation source="BABELFY" anchor="midió" bfScore="0.8686176836861769" coherenceScore="0.15577889447236182">bn:00090716v</annotation>
		<annotation source="MCS" anchor="medidas" bfScore="--" coherenceScore="--">bn:01258038n</annotation>
		<annotation source="MCS" anchor="puso" bfScore="--" coherenceScore="--">bn:00090224v</annotation>
		<annotation source="MCS" anchor="vino" bfScore="--" coherenceScore="--">bn:00082788v</annotation>
		<annotation source="MCS" anchor="declaró" bfScore="--" coherenceScore="--">bn:00082527v</annotation>
		<annotation source="MCS" anchor="hecho" bfScore="--" coherenceScore="--">bn:00087107v</annotation>
		<annotation source="MCS" anchor="añadió" bfScore="--" coherenceScore="--">bn:00082317v</annotation>
		<annotation source="MCS" anchor="diciendo" bfScore="--" coherenceScore="--">bn:00093287v</annotation>
		<annotation source="MCS" anchor="vayas" bfScore="--" coherenceScore="--">bn:00088912v</annotation>
		<annotation source="BABELFY" anchor="manos" bfScore="0.7291666666666666" coherenceScore="0.12562814070351758">bn:00042759n</annotation>
		<annotation source="MCS" anchor="manos vacías" bfScore="--" coherenceScore="--">bn:15478239n</annotation>
		<annotation source="MCS" anchor="vacías" bfScore="--" coherenceScore="--">bn:00102176a</annotation>
		<annotation source="MCS" anchor="Descansa" bfScore="--" coherenceScore="--">bn:00092903v</annotation>
		<annotation source="MCS" anchor="sepas" bfScore="--" coherenceScore="--">bn:00085261v</annotation>
		<annotation source="MCS" anchor="cómo" bfScore="--" coherenceScore="--">bn:13703918r</annotation>
		<annotation source="MCS" anchor="resulta" bfScore="--" coherenceScore="--">bn:00085322v</annotation>
		<annotation source="MCS" anchor="cosa" bfScore="--" coherenceScore="--">bn:00076925n</annotation>
		<annotation source="MCS" anchor="tendrá" bfScore="--" coherenceScore="--">bn:00089385v</annotation>
		<annotation source="BABELFY" anchor="sosiego" bfScore="1.0" coherenceScore="0.03015075376884422">bn:00085490v</annotation>
		<annotation source="MCS" anchor="concluya" bfScore="--" coherenceScore="--">bn:00085528v</annotation>
		<annotation source="MCS" anchor="hoy" bfScore="--" coherenceScore="--">bn:00117315r</annotation>
		<annotation source="MCS" anchor="mismo" bfScore="--" coherenceScore="--">bn:00110076a</annotation>
		<annotation source="MCS" anchor="asunto" bfScore="--" coherenceScore="--">bn:00001734n</annotation>
	</annotations>
</paragraph>
<paragraph id="p.4">
	<text>
		Boaz subió a la puerta de la ciudad y se sentó allí . Y he aquí que pasaba por allí aquel pariente redentor del cual había hablado Boaz , y éste le dijo : - - ¡ Eh , Fulano ! ¡ Ven acá , y siéntate ! Él fue y se sentó
		Entonces Boaz tomó a diez hombres de los ancianos de la ciudad y les dijo : - - Sentaos aquí . Y ellos se sentaron
		Entonces dijo al pariente redentor : - - Noemí , que ha vuelto de los campos de Moab , vende la parte del campo que tuvo nuestro hermano Elimelec
		Yo pensé hacértelo saber y decirte que la adquieras , en presencia de los que están sentados aquí y en presencia de los ancianos de mi pueblo . Si quieres redimir , redime . Si no quieres redimir , decláramelo para que yo lo sepa ; porque no hay otro que pueda redimir excepto tú , y yo , después de ti . Él le respondió : - - Yo redimiré
		Entonces Boaz dijo : - - El mismo día que adquieras el campo de manos de Noemí , deberás también adquirir a Rut la moabita , mujer del difunto , para restaurar el nombre del difunto a su heredad
		Entonces el pariente redentor respondió : - - No puedo redimir para mí , no sea que perjudique mi propia heredad . Redime tú para ti lo que yo debería redimir , porque yo no puedo redimirlo
		Había desde antaño la costumbre en Israel , tocante a la redención y las transacciones , que para dar vigencia a cualquier asunto uno se quitaba la sandalia y la daba al otro . Y esto servía de testimonio en Israel
		Y el pariente redentor dijo a Boaz : - - Adquiérelo tú . Luego se quitó la sandalia
		Entonces Boaz dijo a los ancianos y a todo el pueblo : - - Vosotros sois testigos hoy de que adquiero de mano de Noemí todas las cosas que pertenecieron a Elimelec y todo lo de Quelión y de Majlón
		y de que también adquiero , para que sea mi mujer , a Rut la moabita , que fuera mujer de Majlón , para restaurar el nombre del difunto a su heredad , a fin de que el nombre del difunto no se borre de entre sus hermanos ni de la puerta de su ciudad . Vosotros sois testigos hoy
		Todos los del pueblo que estaban presentes en la puerta con los ancianos dijeron : - - Somos testigos . Jehovah haga a la mujer que entra en tu casa , como a Raquel y a Lea , quienes juntas edificaron la casa de Israel . ¡ Que te hagas poderoso en Efrata , y tengas renombre en Belén
		Con los descendientes que Jehovah te dé por medio de esta joven , sea tu casa como la casa de Fares , el cual Tamar dio a Judá
		Boaz tomó a Rut , y ella fue su mujer . Él se unió a ella , y Jehovah le concedió que concibiera y diera a luz un hijo
		Entonces las mujeres decían a Noemí : - - ¡ Alabado sea Jehovah , que hizo que no te faltase hoy un pariente redentor ! ¡ Que su nombre sea celebrado en Israel
		Él restaurará tu vida y sustentará tu vejez , porque tu nuera , que te ama y te es mejor que siete hijos , lo ha dado a luz
		Noemí tomó al niño , lo puso en su seno y fue su ama
		Y las vecinas le dieron nombre , diciendo : - - ¡ Un hijo le ha nacido a Noemí ! Y le pusieron por nombre Obed . Él fue el padre de Isaí , padre de David
		Ésta es la historia de los descendientes de Fares : Fares engendró a Hesrón
		Hesrón engendró a Ram . Ram engendró a Aminadab
		Aminadab engendró a Najsón . Najsón engendró a Salmón
		¿ Acaso no serán arrancadas las cuerdas de sus tiendas ? En ellas mueren , pero sin sabiduría .
		¡ Clama , pues ! ¿ Habrá quien te responda ? ¿ A cuál de los santos acudirás
	</text>
	<annotations>
		<annotation source="MCS" anchor="subió" bfScore="--" coherenceScore="--">bn:00089381v</annotation>
		<annotation source="MCS" anchor="puerta" bfScore="--" coherenceScore="--">bn:00028248n</annotation>
		<annotation source="BABELFY" anchor="puerta de la ciudad" bfScore="1.0" coherenceScore="0.06415094339622641">bn:02818928n</annotation>
		<annotation source="MCS" anchor="ciudad" bfScore="--" coherenceScore="--">bn:00077774n</annotation>
		<annotation source="MCS" anchor="sentó" bfScore="--" coherenceScore="--">bn:00093776v</annotation>
		<annotation source="BABELFY" anchor="allí" bfScore="1.0" coherenceScore="0.022641509433962263">bn:00114427r</annotation>
		<annotation source="MCS" anchor="he" bfScore="--" coherenceScore="--">bn:00083184v</annotation>
		<annotation source="MCS" anchor="aquí" bfScore="--" coherenceScore="--">bn:00115641r</annotation>
		<annotation source="MCS" anchor="pasaba" bfScore="--" coherenceScore="--">bn:00091458v</annotation>
		<annotation source="MCS" anchor="pariente" bfScore="--" coherenceScore="--">bn:00049205n</annotation>
		<annotation source="BABELFY" anchor="redentor" bfScore="1.0" coherenceScore="0.08679245283018867">bn:01613458n</annotation>
		<annotation source="MCS" anchor="había" bfScore="--" coherenceScore="--">bn:00083184v</annotation>
		<annotation source="MCS" anchor="hablado" bfScore="--" coherenceScore="--">bn:00094090v</annotation>
		<annotation source="MCS" anchor="dijo" bfScore="--" coherenceScore="--">bn:00093287v</annotation>
		<annotation source="MCS" anchor="Ven" bfScore="--" coherenceScore="--">bn:00093430v</annotation>
		<annotation source="BABELFY" anchor="acá" bfScore="1.0" coherenceScore="0.10566037735849057">bn:00115641r</annotation>
		<annotation source="BABELFY" anchor="Entonces" bfScore="1.0" coherenceScore="0.03773584905660377">bn:00114281r</annotation>
		<annotation source="MCS" anchor="tomó" bfScore="--" coherenceScore="--">bn:00088762v</annotation>
		<annotation source="MCS" anchor="hombres" bfScore="--" coherenceScore="--">bn:00001533n</annotation>
		<annotation source="MCS" anchor="ancianos" bfScore="--" coherenceScore="--">bn:00001952n</annotation>
		<annotation source="MCS" anchor="sentaron" bfScore="--" coherenceScore="--">bn:00093776v</annotation>
		<annotation source="BABELFY" anchor="Noemí" bfScore="1.0" coherenceScore="0.1018867924528302">bn:14239678n</annotation>
		<annotation source="MCS" anchor="ha" bfScore="--" coherenceScore="--">bn:00083184v</annotation>
		<annotation source="BABELFY" anchor="vuelto" bfScore="0.9730330831248263" coherenceScore="0.18867924528301888">bn:00088736v</annotation>
		<annotation source="MCS" anchor="campos" bfScore="--" coherenceScore="--">bn:00007985n</annotation>
		<annotation source="BABELFY" anchor="Moab" bfScore="0.9592410400562192" coherenceScore="0.1471698113207547">bn:03579537n</annotation>
		<annotation source="MCS" anchor="parte" bfScore="--" coherenceScore="--">bn:00060765n</annotation>
		<annotation source="MCS" anchor="campo" bfScore="--" coherenceScore="--">bn:00007985n</annotation>
		<annotation source="MCS" anchor="tuvo" bfScore="--" coherenceScore="--">bn:00089385v</annotation>
		<annotation source="MCS" anchor="hermano" bfScore="--" coherenceScore="--">bn:00071400n</annotation>
		<annotation source="MCS" anchor="pensé" bfScore="--" coherenceScore="--">bn:00084733v</annotation>
		<annotation source="MCS" anchor="hacer" bfScore="--" coherenceScore="--">bn:00087107v</annotation>
		<annotation source="MCS" anchor="saber" bfScore="--" coherenceScore="--">bn:00085261v</annotation>
		<annotation source="MCS" anchor="decir" bfScore="--" coherenceScore="--">bn:00093287v</annotation>
		<annotation source="MCS" anchor="presencia" bfScore="--" coherenceScore="--">bn:00064201n</annotation>
		<annotation source="MCS" anchor="sentados" bfScore="--" coherenceScore="--">bn:00093776v</annotation>
		<annotation source="MCS" anchor="pueblo" bfScore="--" coherenceScore="--">bn:00021149n</annotation>
		<annotation source="MCS" anchor="quieres" bfScore="--" coherenceScore="--">bn:00086682v</annotation>
		<annotation source="MCS" anchor="redimir" bfScore="--" coherenceScore="--">bn:00088544v</annotation>
		<annotation source="MCS" anchor="redime" bfScore="--" coherenceScore="--">bn:00088544v</annotation>
		<annotation source="MCS" anchor="declara" bfScore="--" coherenceScore="--">bn:00082527v</annotation>
		<annotation source="MCS" anchor="sepa" bfScore="--" coherenceScore="--">bn:00085261v</annotation>
		<annotation source="MCS" anchor="hay" bfScore="--" coherenceScore="--">bn:00083184v</annotation>
		<annotation source="BABELFY" anchor="pueda" bfScore="1.0" coherenceScore="0.01509433962264151">bn:00084451v</annotation>
		<annotation source="BABELFY" anchor="después" bfScore="0.9388753056234719" coherenceScore="0.06037735849056604">bn:00114165r</annotation>
		<annotation source="MCS" anchor="respondió" bfScore="--" coherenceScore="--">bn:00092421v</annotation>
		<annotation source="MCS" anchor="mismo" bfScore="--" coherenceScore="--">bn:00110076a</annotation>
		<annotation source="BABELFY" anchor="día" bfScore="0.9302575107296137" coherenceScore="0.12830188679245283">bn:00000086n</annotation>
		<annotation source="MCS" anchor="manos" bfScore="--" coherenceScore="--">bn:00042759n</annotation>
		<annotation source="MCS" anchor="adquirir" bfScore="--" coherenceScore="--">bn:00082276v</annotation>
		<annotation source="MCS" anchor="moabita" bfScore="--" coherenceScore="--">bn:16851140n</annotation>
		<annotation source="BABELFY" anchor="mujer" bfScore="0.8413897675877755" coherenceScore="0.4075471698113208">bn:00001530n</annotation>
		<annotation source="BABELFY" anchor="difunto" bfScore="0.9445951181712514" coherenceScore="0.17358490566037735">bn:00025523n</annotation>
		<annotation source="BABELFY" anchor="restaurar" bfScore="0.765625" coherenceScore="0.026415094339622643">bn:00088573v</annotation>
		<annotation source="MCS" anchor="nombre" bfScore="--" coherenceScore="--">bn:00056758n</annotation>
		<annotation source="BABELFY" anchor="heredad" bfScore="0.9312076872679624" coherenceScore="0.19622641509433963">bn:00009992n</annotation>
		<annotation source="BABELFY" anchor="puedo" bfScore="1.0" coherenceScore="0.01509433962264151">bn:00084451v</annotation>
		<annotation source="MCS" anchor="sea" bfScore="--" coherenceScore="--">bn:00083187v</annotation>
		<annotation source="MCS" anchor="perjudique" bfScore="--" coherenceScore="--">bn:00089534v</annotation>
		<annotation source="BABELFY" anchor="propia" bfScore="0.9783673469387755" coherenceScore="0.17735849056603772">bn:00096707a</annotation>
		<annotation source="MCS" anchor="Redime" bfScore="--" coherenceScore="--">bn:00088544v</annotation>
		<annotation source="BABELFY" anchor="debería" bfScore="0.967741935483871" coherenceScore="0.06037735849056604">bn:00091362v</annotation>
		<annotation source="MCS" anchor="costumbre" bfScore="--" coherenceScore="--">bn:00024591n</annotation>
		<annotation source="BABELFY" anchor="Israel" bfScore="0.8502631821959553" coherenceScore="0.5471698113207547">bn:00047679n</annotation>
		<annotation source="MCS" anchor="redención" bfScore="--" coherenceScore="--">bn:01613458n</annotation>
		<annotation source="MCS" anchor="transacciones" bfScore="--" coherenceScore="--">bn:00025567n</annotation>
		<annotation source="MCS" anchor="dar" bfScore="--" coherenceScore="--">bn:00088815v</annotation>
		<annotation source="MCS" anchor="vigencia" bfScore="--" coherenceScore="--">bn:00079497n</annotation>
		<annotation source="MCS" anchor="asunto" bfScore="--" coherenceScore="--">bn:00001734n</annotation>
		<annotation source="MCS" anchor="quitaba" bfScore="--" coherenceScore="--">bn:00092783v</annotation>
		<annotation source="BABELFY" anchor="sandalia" bfScore="1.0" coherenceScore="0.018867924528301886">bn:00069143n</annotation>
		<annotation source="MCS" anchor="daba" bfScore="--" coherenceScore="--">bn:00088815v</annotation>
		<annotation source="MCS" anchor="servía" bfScore="--" coherenceScore="--">bn:00089309v</annotation>
		<annotation source="MCS" anchor="testimonio" bfScore="--" coherenceScore="--">bn:00076677n</annotation>
		<annotation source="MCS" anchor="Adquiere" bfScore="--" coherenceScore="--">bn:00082276v</annotation>
		<annotation source="MCS" anchor="Luego" bfScore="--" coherenceScore="--">bn:00114281r</annotation>
		<annotation source="MCS" anchor="quitó" bfScore="--" coherenceScore="--">bn:00092783v</annotation>
		<annotation source="MCS" anchor="sois" bfScore="--" coherenceScore="--">bn:00083187v</annotation>
		<annotation source="MCS" anchor="testigos" bfScore="--" coherenceScore="--">bn:00081454n</annotation>
		<annotation source="MCS" anchor="hoy" bfScore="--" coherenceScore="--">bn:00117315r</annotation>
		<annotation source="BABELFY" anchor="mano" bfScore="0.7021276595744681" coherenceScore="0.12452830188679245">bn:00042759n</annotation>
		<annotation source="MCS" anchor="cosas" bfScore="--" coherenceScore="--">bn:00076925n</annotation>
		<annotation source="MCS" anchor="pertenecieron" bfScore="--" coherenceScore="--">bn:00082702v</annotation>
		<annotation source="MCS" anchor="fuera" bfScore="--" coherenceScore="--">bn:00083187v</annotation>
		<annotation source="MCS" anchor="fin" bfScore="--" coherenceScore="--">bn:00025588n</annotation>
		<annotation source="MCS" anchor="borre" bfScore="--" coherenceScore="--">bn:00086518v</annotation>
		<annotation source="MCS" anchor="hermanos" bfScore="--" coherenceScore="--">bn:00071400n</annotation>
		<annotation source="MCS" anchor="presentes" bfScore="--" coherenceScore="--">bn:00108978a</annotation>
		<annotation source="MCS" anchor="dijeron" bfScore="--" coherenceScore="--">bn:00093287v</annotation>
		<annotation source="MCS" anchor="Somos" bfScore="--" coherenceScore="--">bn:00083187v</annotation>
		<annotation source="BABELFY" anchor="Jehovah" bfScore="1.0" coherenceScore="0.2830188679245283">bn:00047890n</annotation>
		<annotation source="MCS" anchor="haga" bfScore="--" coherenceScore="--">bn:00087107v</annotation>
		<annotation source="MCS" anchor="entra" bfScore="--" coherenceScore="--">bn:00085363v</annotation>
		<annotation source="MCS" anchor="casa" bfScore="--" coherenceScore="--">bn:00044994n</annotation>
		<annotation source="BABELFY" anchor="Raquel" bfScore="0.9390146471371504" coherenceScore="0.16226415094339622">bn:00065815n</annotation>
		<annotation source="BABELFY" anchor="Lea" bfScore="0.7750939345142244" coherenceScore="0.14339622641509434">bn:02686445n</annotation>
		<annotation source="MCS" anchor="juntas" bfScore="--" coherenceScore="--">bn:00048644n</annotation>
		<annotation source="BABELFY" anchor="casa de Israel" bfScore="1.0" coherenceScore="0.2490566037735849">bn:00043496n</annotation>
		<annotation source="MCS" anchor="hagas" bfScore="--" coherenceScore="--">bn:00087107v</annotation>
		<annotation source="MCS" anchor="poderoso" bfScore="--" coherenceScore="--">bn:00108878a</annotation>
		<annotation source="BABELFY" anchor="Efrata" bfScore="1.0" coherenceScore="0.05660377358490566">bn:03665491n</annotation>
		<annotation source="MCS" anchor="tengas" bfScore="--" coherenceScore="--">bn:00089385v</annotation>
		<annotation source="BABELFY" anchor="renombre" bfScore="0.968" coherenceScore="0.04150943396226415">bn:00056759n</annotation>
		<annotation source="BABELFY" anchor="Belén" bfScore="0.7416173570019724" coherenceScore="0.1509433962264151">bn:00009253n</annotation>
		<annotation source="MCS" anchor="descendientes" bfScore="--" coherenceScore="--">bn:00026487n</annotation>
		<annotation source="MCS" anchor="dé" bfScore="--" coherenceScore="--">bn:00088815v</annotation>
		<annotation source="MCS" anchor="medio" bfScore="--" coherenceScore="--">bn:00054149n</annotation>
		<annotation source="MCS" anchor="joven" bfScore="--" coherenceScore="--">bn:00018345n</annotation>
		<annotation source="BABELFY" anchor="casa como" bfScore="1.0" coherenceScore="0.022641509433962263">bn:17276218n</annotation>
		<annotation source="BABELFY" anchor="Fares" bfScore="1.0" coherenceScore="0.0830188679245283">bn:03479635n</annotation>
		<annotation source="BABELFY" anchor="Tamar" bfScore="0.7603614833281396" coherenceScore="0.1509433962264151">bn:02040180n</annotation>
		<annotation source="MCS" anchor="dio" bfScore="--" coherenceScore="--">bn:00088815v</annotation>
		<annotation source="MCS" anchor="unió" bfScore="--" coherenceScore="--">bn:00090745v</annotation>
		<annotation source="MCS" anchor="concedió" bfScore="--" coherenceScore="--">bn:00082538v</annotation>
		<annotation source="MCS" anchor="concibiera" bfScore="--" coherenceScore="--">bn:00085514v</annotation>
		<annotation source="MCS" anchor="diera" bfScore="--" coherenceScore="--">bn:00088815v</annotation>
		<annotation source="MCS" anchor="luz" bfScore="--" coherenceScore="--">bn:00051108n</annotation>
		<annotation source="MCS" anchor="hijo" bfScore="--" coherenceScore="--">bn:00024244n</annotation>
		<annotation source="BABELFY" anchor="mujeres" bfScore="0.8356389214536929" coherenceScore="0.4075471698113208">bn:00001530n</annotation>
		<annotation source="MCS" anchor="decían" bfScore="--" coherenceScore="--">bn:00093287v</annotation>
		<annotation source="BABELFY" anchor="Alabado" bfScore="1.0" coherenceScore="0.03018867924528302">bn:00087785v</annotation>
		<annotation source="MCS" anchor="hizo" bfScore="--" coherenceScore="--">bn:00087107v</annotation>
		<annotation source="BABELFY" anchor="falta" bfScore="1.0" coherenceScore="0.03773584905660377">bn:00090161v</annotation>
		<annotation source="BABELFY" anchor="celebrado" bfScore="0.9150326797385621" coherenceScore="0.03773584905660377">bn:00084714v</annotation>
		<annotation source="BABELFY" anchor="vida" bfScore="0.835977021349567" coherenceScore="0.2830188679245283">bn:00051054n</annotation>
		<annotation source="MCS" anchor="sustentará" bfScore="--" coherenceScore="--">bn:00088089v</annotation>
		<annotation source="BABELFY" anchor="vejez" bfScore="0.8578811369509044" coherenceScore="0.1811320754716981">bn:00001940n</annotation>
		<annotation source="BABELFY" anchor="nuera" bfScore="1.0" coherenceScore="0.09433962264150944">bn:00025365n</annotation>
		<annotation source="MCS" anchor="ama" bfScore="--" coherenceScore="--">bn:00090505v</annotation>
		<annotation source="MCS" anchor="es" bfScore="--" coherenceScore="--">bn:00083187v</annotation>
		<annotation source="MCS" anchor="mejor" bfScore="--" coherenceScore="--">bn:00098282a</annotation>
		<annotation source="MCS" anchor="hijos" bfScore="--" coherenceScore="--">bn:00024244n</annotation>
		<annotation source="MCS" anchor="dado" bfScore="--" coherenceScore="--">bn:00088815v</annotation>
		<annotation source="MCS" anchor="niño" bfScore="--" coherenceScore="--">bn:00018345n</annotation>
		<annotation source="MCS" anchor="puso" bfScore="--" coherenceScore="--">bn:00090224v</annotation>
		<annotation source="MCS" anchor="seno" bfScore="--" coherenceScore="--">bn:00071709n</annotation>
		<annotation source="MCS" anchor="ama" bfScore="--" coherenceScore="--">bn:03566145n</annotation>
		<annotation source="BABELFY" anchor="vecinas" bfScore="1.0" coherenceScore="0.026415094339622643">bn:00096456a</annotation>
		<annotation source="MCS" anchor="dieron" bfScore="--" coherenceScore="--">bn:00088815v</annotation>
		<annotation source="MCS" anchor="diciendo" bfScore="--" coherenceScore="--">bn:00093287v</annotation>
		<annotation source="MCS" anchor="nacido" bfScore="--" coherenceScore="--">bn:00083836v</annotation>
		<annotation source="MCS" anchor="pusieron" bfScore="--" coherenceScore="--">bn:00090224v</annotation>
		<annotation source="BABELFY" anchor="Obed" bfScore="0.9547454431175362" coherenceScore="0.1169811320754717">bn:03892591n</annotation>
		<annotation source="MCS" anchor="fue" bfScore="--" coherenceScore="--">bn:00083187v</annotation>
		<annotation source="MCS" anchor="padre" bfScore="--" coherenceScore="--">bn:00009616n</annotation>
		<annotation source="BABELFY" anchor="Isaí" bfScore="1.0" coherenceScore="0.1169811320754717">bn:02016157n</annotation>
		<annotation source="BABELFY" anchor="David" bfScore="0.856670243204578" coherenceScore="0.2528301886792453">bn:00025377n</annotation>
		<annotation source="BABELFY" anchor="historia" bfScore="0.8976257133627652" coherenceScore="0.44150943396226416">bn:00044268n</annotation>
		<annotation source="BABELFY" anchor="engendró" bfScore="0.9090909090909091" coherenceScore="0.1509433962264151">bn:00083336v</annotation>
		<annotation source="BABELFY" anchor="Ram" bfScore="0.7083333333333334" coherenceScore="0.06415094339622641">bn:00066095n</annotation>
		<annotation source="BABELFY" anchor="Aminadab" bfScore="1.0" coherenceScore="0.0830188679245283">bn:00831922n</annotation>
		<annotation source="BABELFY" anchor="Salmón" bfScore="0.9559808612440192" coherenceScore="0.1018867924528302">bn:03190627n</annotation>
		<annotation source="MCS" anchor="Acaso" bfScore="--" coherenceScore="--">bn:00116211r</annotation>
		<annotation source="MCS" anchor="serán" bfScore="--" coherenceScore="--">bn:00083187v</annotation>
		<annotation source="MCS" anchor="arrancadas" bfScore="--" coherenceScore="--">bn:00094300v</annotation>
		<annotation source="MCS" anchor="cuerdas" bfScore="--" coherenceScore="--">bn:00074695n</annotation>
		<annotation source="MCS" anchor="tiendas" bfScore="--" coherenceScore="--">bn:00071215n</annotation>
		<annotation source="MCS" anchor="mueren" bfScore="--" coherenceScore="--">bn:00084343v</annotation>
		<annotation source="BABELFY" anchor="sabiduría" bfScore="0.9626068376068376" coherenceScore="0.12830188679245283">bn:00069220n</annotation>
		<annotation source="MCS" anchor="Habrá" bfScore="--" coherenceScore="--">bn:00083184v</annotation>
		<annotation source="MCS" anchor="responda" bfScore="--" coherenceScore="--">bn:00092421v</annotation>
		<annotation source="MCS" anchor="santos" bfScore="--" coherenceScore="--">bn:00053896n</annotation>
	</annotations>
</paragraph>
</dataset>
