<?xml version="1.0" encoding="utf-8"?>
<dataset language="ES" title="TIT">
<paragraph id="p.1">
	<text>
		Pablo , siervo de Dios y apóstol de Jesucristo según la fe de los elegidos de Dios y el pleno conocimiento de la verdad - - la cual es según la pieda
		basada en la esperanza de la vida eterna , que el Dios que no miente prometió desde antes del comienzo del tiempo
		y a su debido tiempo manifestó su palabra en la predicación que se me ha confiado por mandato de Dios nuestro Salvador - -
		a Tito , verdadero hijo según la fe que nos es común : Gracia y paz , de Dios Padre y de Cristo Jesús nuestro Salvador
		Por esta causa te dejé en Creta : para que pusieras en orden lo que faltase y establecieras ancianos en cada ciudad , como te mandé
		Sea el anciano irreprensible , marido de una sola mujer , que tenga hijos creyentes que no sean acusados como libertinos o rebeldes
		Porque es necesario que el obispo sea irreprensible como mayordomo de Dios ; que no sea arrogante , ni de mal genio , ni dado al vino , ni pendenciero , ni ávido de ganancias deshonestas
		Antes bien , debe ser hospitalario , amante de lo bueno , prudente , justo , santo y dueño de sí mismo
		que sepa retener la palabra fiel conforme a la doctrina , para que pueda exhortar con sana enseñanza y también refutar a los que se oponen
		Porque hay aún muchos rebeldes , habladores de vanidades y engañadores , especialmente de los de la circuncisión
		A ellos es preciso tapar la boca , pues por ganancias deshonestas trastornan casas enteras , enseñando lo que no es debido
		Uno de ellos , su propio profeta , ha dicho : &amp;quot; Los cretenses son siempre mentirosos , malas bestias , glotones perezosos .
		Este testimonio es cierto . Por tanto , repréndeles severamente para que sean sanos en la fe
		no atendiendo a fábulas judaicas ni a mandamientos de hombres que se apartan de la verdad
		Para los que son puros , todas las cosas son puras ; pero para los impuros e incrédulos nada es puro , pues hasta sus mentes y sus conciencias están corrompidas
		Profesan conocer a Dios , pero con sus hechos lo niegan ; son abominables , desobedientes y reprobados para toda buena obra
	</text>
	<annotations>
		<annotation source="BABELFY" anchor="Pablo" bfScore="0.9934362249423452" coherenceScore="0.3105590062111801">bn:00004984n</annotation>
		<annotation source="BABELFY" anchor="siervo" bfScore="0.8507462686567164" coherenceScore="0.11801242236024845">bn:00011982n</annotation>
		<annotation source="BABELFY" anchor="apóstol" bfScore="0.8408113091579594" coherenceScore="0.2236024844720497">bn:00004982n</annotation>
		<annotation source="BABELFY" anchor="Jesucristo" bfScore="1.0" coherenceScore="0.6335403726708074">bn:00018805n</annotation>
		<annotation source="BABELFY" anchor="fe" bfScore="0.9592477167467428" coherenceScore="0.7888198757763976">bn:00032768n</annotation>
		<annotation source="MCS" anchor="elegidos" bfScore="--" coherenceScore="--">bn:00084933v</annotation>
		<annotation source="MCS" anchor="pleno" bfScore="--" coherenceScore="--">bn:00098890a</annotation>
		<annotation source="MCS" anchor="conocimiento" bfScore="--" coherenceScore="--">bn:00020452n</annotation>
		<annotation source="BABELFY" anchor="verdad" bfScore="0.9281927710843374" coherenceScore="0.4472049689440994">bn:00072816n</annotation>
		<annotation source="MCS" anchor="es" bfScore="--" coherenceScore="--">bn:00083187v</annotation>
		<annotation source="MCS" anchor="basada" bfScore="--" coherenceScore="--">bn:00083141v</annotation>
		<annotation source="MCS" anchor="esperanza" bfScore="--" coherenceScore="--">bn:00044737n</annotation>
		<annotation source="BABELFY" anchor="vida" bfScore="0.7012875536480687" coherenceScore="0.2670807453416149">bn:00051054n</annotation>
		<annotation source="MCS" anchor="vida eterna" bfScore="--" coherenceScore="--">bn:00031685n</annotation>
		<annotation source="MCS" anchor="eterna" bfScore="--" coherenceScore="--">bn:00096562a</annotation>
		<annotation source="MCS" anchor="prometió" bfScore="--" coherenceScore="--">bn:00091749v</annotation>
		<annotation source="BABELFY" anchor="antes de" bfScore="1.0" coherenceScore="0.037267080745341616">bn:00114297r</annotation>
		<annotation source="MCS" anchor="comienzo" bfScore="--" coherenceScore="--">bn:00009632n</annotation>
		<annotation source="MCS" anchor="tiempo" bfScore="--" coherenceScore="--">bn:00077270n</annotation>
		<annotation source="BABELFY" anchor="debido" bfScore="0.9921259842519685" coherenceScore="0.11180124223602485">bn:00091362v</annotation>
		<annotation source="MCS" anchor="manifestó" bfScore="--" coherenceScore="--">bn:00082913v</annotation>
		<annotation source="BABELFY" anchor="palabra" bfScore="0.9754098360655737" coherenceScore="0.6086956521739131">bn:00081546n</annotation>
		<annotation source="MCS" anchor="predicación" bfScore="--" coherenceScore="--">bn:00063814n</annotation>
		<annotation source="BABELFY" anchor="ha" bfScore="0.9977827050997783" coherenceScore="0.11180124223602485">bn:00083184v</annotation>
		<annotation source="MCS" anchor="confiado" bfScore="--" coherenceScore="--">bn:00083095v</annotation>
		<annotation source="MCS" anchor="mandato" bfScore="--" coherenceScore="--">bn:00046366n</annotation>
		<annotation source="BABELFY" anchor="nuestro Salvador" bfScore="1.0" coherenceScore="0.6335403726708074">bn:00018805n</annotation>
		<annotation source="MCS" anchor="verdadero" bfScore="--" coherenceScore="--">bn:00112146a</annotation>
		<annotation source="MCS" anchor="hijo" bfScore="--" coherenceScore="--">bn:00024244n</annotation>
		<annotation source="MCS" anchor="común" bfScore="--" coherenceScore="--">bn:00100091a</annotation>
		<annotation source="MCS" anchor="Gracia" bfScore="--" coherenceScore="--">bn:00041227n</annotation>
		<annotation source="MCS" anchor="paz" bfScore="--" coherenceScore="--">bn:00061149n</annotation>
		<annotation source="MCS" anchor="Padre" bfScore="--" coherenceScore="--">bn:00009616n</annotation>
		<annotation source="BABELFY" anchor="Cristo" bfScore="0.9994106379843819" coherenceScore="0.6335403726708074">bn:00018805n</annotation>
		<annotation source="BABELFY" anchor="Cristo Jesús" bfScore="1.0" coherenceScore="0.6335403726708074">bn:00018805n</annotation>
		<annotation source="MCS" anchor="causa" bfScore="--" coherenceScore="--">bn:00015051n</annotation>
		<annotation source="MCS" anchor="dejé" bfScore="--" coherenceScore="--">bn:00084710v</annotation>
		<annotation source="BABELFY" anchor="Creta" bfScore="0.9392070484581497" coherenceScore="0.16149068322981366">bn:00023770n</annotation>
		<annotation source="MCS" anchor="pusieras" bfScore="--" coherenceScore="--">bn:00090224v</annotation>
		<annotation source="MCS" anchor="orden" bfScore="--" coherenceScore="--">bn:00059303n</annotation>
		<annotation source="BABELFY" anchor="falta" bfScore="1.0" coherenceScore="0.11180124223602485">bn:00090161v</annotation>
		<annotation source="MCS" anchor="establecieras" bfScore="--" coherenceScore="--">bn:00085671v</annotation>
		<annotation source="MCS" anchor="ancianos" bfScore="--" coherenceScore="--">bn:00001952n</annotation>
		<annotation source="BABELFY" anchor="ciudad" bfScore="0.8915525114155252" coherenceScore="0.2732919254658385">bn:03335997n</annotation>
		<annotation source="MCS" anchor="mandé" bfScore="--" coherenceScore="--">bn:00085400v</annotation>
		<annotation source="MCS" anchor="anciano" bfScore="--" coherenceScore="--">bn:00001952n</annotation>
		<annotation source="MCS" anchor="marido" bfScore="--" coherenceScore="--">bn:00045106n</annotation>
		<annotation source="MCS" anchor="sola" bfScore="--" coherenceScore="--">bn:00106122a</annotation>
		<annotation source="BABELFY" anchor="mujer" bfScore="0.9329491880565741" coherenceScore="0.484472049689441">bn:00001530n</annotation>
		<annotation source="MCS" anchor="tenga" bfScore="--" coherenceScore="--">bn:00089385v</annotation>
		<annotation source="MCS" anchor="hijos" bfScore="--" coherenceScore="--">bn:00024244n</annotation>
		<annotation source="MCS" anchor="sean" bfScore="--" coherenceScore="--">bn:00083187v</annotation>
		<annotation source="MCS" anchor="acusados" bfScore="--" coherenceScore="--">bn:00082249v</annotation>
		<annotation source="MCS" anchor="rebeldes" bfScore="--" coherenceScore="--">bn:00101444a</annotation>
		<annotation source="BABELFY" anchor="necesario" bfScore="0.8981132075471698" coherenceScore="0.08695652173913043">bn:00107182a</annotation>
		<annotation source="MCS" anchor="obispo" bfScore="--" coherenceScore="--">bn:00010715n</annotation>
		<annotation source="MCS" anchor="sea" bfScore="--" coherenceScore="--">bn:00083187v</annotation>
		<annotation source="MCS" anchor="mayordomo" bfScore="--" coherenceScore="--">bn:00052878n</annotation>
		<annotation source="MCS" anchor="arrogante" bfScore="--" coherenceScore="--">bn:00101507a</annotation>
		<annotation source="MCS" anchor="mal" bfScore="--" coherenceScore="--">bn:13624733a</annotation>
		<annotation source="MCS" anchor="mal genio" bfScore="--" coherenceScore="--">bn:00047454n</annotation>
		<annotation source="MCS" anchor="genio" bfScore="--" coherenceScore="--">bn:00027956n</annotation>
		<annotation source="MCS" anchor="dado" bfScore="--" coherenceScore="--">bn:00088815v</annotation>
		<annotation source="BABELFY" anchor="vino" bfScore="0.9438528557599225" coherenceScore="0.15527950310559005">bn:00080022n</annotation>
		<annotation source="BABELFY" anchor="ávido" bfScore="1.0" coherenceScore="0.012422360248447204">bn:00101930a</annotation>
		<annotation source="MCS" anchor="ganancias" bfScore="--" coherenceScore="--">bn:00003664n</annotation>
		<annotation source="BABELFY" anchor="ganancias deshonestas" bfScore="1.0" coherenceScore="0.012422360248447204">bn:00034499n</annotation>
		<annotation source="BABELFY" anchor="deshonestas" bfScore="1.0" coherenceScore="0.11180124223602485">bn:00101520a</annotation>
		<annotation source="MCS" anchor="bien" bfScore="--" coherenceScore="--">bn:00115530r</annotation>
		<annotation source="BABELFY" anchor="debe" bfScore="0.9921259842519685" coherenceScore="0.11180124223602485">bn:00091362v</annotation>
		<annotation source="MCS" anchor="ser" bfScore="--" coherenceScore="--">bn:00083187v</annotation>
		<annotation source="MCS" anchor="bueno" bfScore="--" coherenceScore="--">bn:00103672a</annotation>
		<annotation source="MCS" anchor="prudente" bfScore="--" coherenceScore="--">bn:00099402a</annotation>
		<annotation source="MCS" anchor="justo" bfScore="--" coherenceScore="--">bn:00102719a</annotation>
		<annotation source="MCS" anchor="santo" bfScore="--" coherenceScore="--">bn:00097090a</annotation>
		<annotation source="BABELFY" anchor="dueño" bfScore="0.8336192109777015" coherenceScore="0.16770186335403728">bn:00064755n</annotation>
		<annotation source="MCS" anchor="mismo" bfScore="--" coherenceScore="--">bn:00110076a</annotation>
		<annotation source="MCS" anchor="sepa" bfScore="--" coherenceScore="--">bn:00085261v</annotation>
		<annotation source="MCS" anchor="retener" bfScore="--" coherenceScore="--">bn:00089386v</annotation>
		<annotation source="MCS" anchor="fiel" bfScore="--" coherenceScore="--">bn:00102728a</annotation>
		<annotation source="MCS" anchor="conforme" bfScore="--" coherenceScore="--">bn:13602588a</annotation>
		<annotation source="MCS" anchor="doctrina" bfScore="--" coherenceScore="--">bn:00028013n</annotation>
		<annotation source="BABELFY" anchor="pueda" bfScore="1.0" coherenceScore="0.006211180124223602">bn:00084451v</annotation>
		<annotation source="BABELFY" anchor="exhortar" bfScore="1.0" coherenceScore="0.018633540372670808">bn:00083132v</annotation>
		<annotation source="MCS" anchor="sana" bfScore="--" coherenceScore="--">bn:00104025a</annotation>
		<annotation source="MCS" anchor="enseñanza" bfScore="--" coherenceScore="--">bn:13844284n</annotation>
		<annotation source="MCS" anchor="refutar" bfScore="--" coherenceScore="--">bn:00092473v</annotation>
		<annotation source="MCS" anchor="oponen" bfScore="--" coherenceScore="--">bn:00091882v</annotation>
		<annotation source="BABELFY" anchor="hay" bfScore="0.9977827050997783" coherenceScore="0.11180124223602485">bn:00083184v</annotation>
		<annotation source="BABELFY" anchor="aún" bfScore="0.8407643312101911" coherenceScore="0.06832298136645963">bn:00114369r</annotation>
		<annotation source="BABELFY" anchor="habladores" bfScore="0.9882352941176471" coherenceScore="0.07453416149068323">bn:00073170n</annotation>
		<annotation source="MCS" anchor="vanidades" bfScore="--" coherenceScore="--">bn:00021531n</annotation>
		<annotation source="BABELFY" anchor="especialmente" bfScore="0.9259259259259259" coherenceScore="0.12422360248447205">bn:00115235r</annotation>
		<annotation source="BABELFY" anchor="circuncisión" bfScore="0.8636995827538247" coherenceScore="0.16770186335403728">bn:00019205n</annotation>
		<annotation source="MCS" anchor="preciso" bfScore="--" coherenceScore="--">bn:00096292a</annotation>
		<annotation source="MCS" anchor="tapar" bfScore="--" coherenceScore="--">bn:00091760v</annotation>
		<annotation source="MCS" anchor="boca" bfScore="--" coherenceScore="--">bn:00056135n</annotation>
		<annotation source="MCS" anchor="trastornan" bfScore="--" coherenceScore="--">bn:00090751v</annotation>
		<annotation source="MCS" anchor="casas" bfScore="--" coherenceScore="--">bn:00044994n</annotation>
		<annotation source="MCS" anchor="enteras" bfScore="--" coherenceScore="--">bn:00102277a</annotation>
		<annotation source="MCS" anchor="enseñando" bfScore="--" coherenceScore="--">bn:00089791v</annotation>
		<annotation source="MCS" anchor="propio" bfScore="--" coherenceScore="--">bn:00096707a</annotation>
		<annotation source="BABELFY" anchor="profeta" bfScore="0.9396984924623115" coherenceScore="0.20496894409937888">bn:00064759n</annotation>
		<annotation source="MCS" anchor="dicho" bfScore="--" coherenceScore="--">bn:00093287v</annotation>
		<annotation source="BABELFY" anchor="cretenses" bfScore="1.0" coherenceScore="0.10559006211180125">bn:00055196n</annotation>
		<annotation source="MCS" anchor="son" bfScore="--" coherenceScore="--">bn:00083187v</annotation>
		<annotation source="MCS" anchor="siempre" bfScore="--" coherenceScore="--">bn:00114251r</annotation>
		<annotation source="BABELFY" anchor="mentirosos" bfScore="1.0" coherenceScore="0.037267080745341616">bn:00106593a</annotation>
		<annotation source="MCS" anchor="malas" bfScore="--" coherenceScore="--">bn:00097966a</annotation>
		<annotation source="MCS" anchor="bestias" bfScore="--" coherenceScore="--">bn:00009390n</annotation>
		<annotation source="MCS" anchor="perezosos" bfScore="--" coherenceScore="--">bn:00013853n</annotation>
		<annotation source="MCS" anchor="testimonio" bfScore="--" coherenceScore="--">bn:00076677n</annotation>
		<annotation source="MCS" anchor="cierto" bfScore="--" coherenceScore="--">bn:00099474a</annotation>
		<annotation source="MCS" anchor="reprende" bfScore="--" coherenceScore="--">bn:00083177v</annotation>
		<annotation source="BABELFY" anchor="severamente" bfScore="0.8181818181818182" coherenceScore="0.018633540372670808">bn:00114485r</annotation>
		<annotation source="MCS" anchor="sanos" bfScore="--" coherenceScore="--">bn:00104025a</annotation>
		<annotation source="MCS" anchor="atendiendo" bfScore="--" coherenceScore="--">bn:00082908v</annotation>
		<annotation source="MCS" anchor="fábulas" bfScore="--" coherenceScore="--">bn:00002822n</annotation>
		<annotation source="BABELFY" anchor="mandamientos" bfScore="1.0" coherenceScore="0.16149068322981366">bn:00025657n</annotation>
		<annotation source="MCS" anchor="hombres" bfScore="--" coherenceScore="--">bn:00001533n</annotation>
		<annotation source="MCS" anchor="apartan" bfScore="--" coherenceScore="--">bn:00084158v</annotation>
		<annotation source="MCS" anchor="puros" bfScore="--" coherenceScore="--">bn:00109244a</annotation>
		<annotation source="MCS" anchor="cosas" bfScore="--" coherenceScore="--">bn:00076925n</annotation>
		<annotation source="MCS" anchor="puras" bfScore="--" coherenceScore="--">bn:00109244a</annotation>
		<annotation source="BABELFY" anchor="incrédulos" bfScore="1.0" coherenceScore="0.043478260869565216">bn:00104892a</annotation>
		<annotation source="MCS" anchor="puro" bfScore="--" coherenceScore="--">bn:00109244a</annotation>
		<annotation source="MCS" anchor="mentes" bfScore="--" coherenceScore="--">bn:00012681n</annotation>
		<annotation source="BABELFY" anchor="conciencias" bfScore="0.8846219201359389" coherenceScore="0.4720496894409938">bn:00007498n</annotation>
		<annotation source="BABELFY" anchor="corrompidas" bfScore="1.0" coherenceScore="0.049689440993788817">bn:00085844v</annotation>
		<annotation source="MCS" anchor="Profesan" bfScore="--" coherenceScore="--">bn:00092044v</annotation>
		<annotation source="MCS" anchor="conocer" bfScore="--" coherenceScore="--">bn:00090725v</annotation>
		<annotation source="MCS" anchor="hechos" bfScore="--" coherenceScore="--">bn:00032655n</annotation>
		<annotation source="MCS" anchor="niegan" bfScore="--" coherenceScore="--">bn:00086591v</annotation>
		<annotation source="BABELFY" anchor="abominables" bfScore="1.0" coherenceScore="0.031055900621118012">bn:00096164a</annotation>
		<annotation source="MCS" anchor="buena" bfScore="--" coherenceScore="--">bn:00103672a</annotation>
		<annotation source="MCS" anchor="obra" bfScore="--" coherenceScore="--">bn:00011767n</annotation>
	</annotations>
</paragraph>
<paragraph id="p.2">
	<text>
		Pero habla tú lo que está de acuerdo con la sana doctrina
		que los hombres mayores sean sobrios , serios y prudentes , sanos en la fe , en el amor y en la perseverancia
		Asimismo , que las mujeres mayores sean reverentes en conducta , no calumniadoras ni esclavas del mucho vino , maestras de lo bueno
		de manera que encaminen en la prudencia a las mujeres jóvenes : a que amen a sus maridos y a sus hijos
		a que sean prudentes y castas , a que sean buenas amas de casa , a que estén sujetas a sus propios maridos , para que la palabra de Dios no sea desacreditada
		Exhorta asimismo a los jóvenes a que sean prudentes
		mostrándote en todo como ejemplo de buenas obras . Demuestra en tu enseñanza integridad , serieda
		y palabra sana e irreprensible , para que el que se nos oponga se avergüence , no teniendo nada malo que decir de ninguno de nosotros
		Exhorta a los siervos a que estén sujetos a sus propios amos en todo : que sean complacientes y no respondones
		que no defrauden , sino que demuestren toda buena fe para que en todo adornen la doctrina de Dios nuestro Salvador
		Porque la gracia salvadora de Dios se ha manifestado a todos los hombres
		enseñándonos a vivir de manera prudente , justa y piadosa en la edad presente , renunciando a la impiedad y a las pasiones mundanas
		aguardando la esperanza bienaventurada , la manifestación de la gloria del gran Dios y Salvador nuestro Jesucristo
		quien se dio a sí mismo por nosotros para redimirnos de toda iniquidad y purificar para sí mismo un pueblo propio , celoso de buenas obras
		Estas cosas habla , exhorta y reprende con toda autoridad . ¡ Que nadie te menosprecie
	</text>
	<annotations>
		<annotation source="MCS" anchor="habla" bfScore="--" coherenceScore="--">bn:00094090v</annotation>
		<annotation source="MCS" anchor="acuerdo" bfScore="--" coherenceScore="--">bn:00002086n</annotation>
		<annotation source="MCS" anchor="sana" bfScore="--" coherenceScore="--">bn:00104025a</annotation>
		<annotation source="MCS" anchor="doctrina" bfScore="--" coherenceScore="--">bn:00028013n</annotation>
		<annotation source="MCS" anchor="hombres" bfScore="--" coherenceScore="--">bn:00001533n</annotation>
		<annotation source="MCS" anchor="mayores" bfScore="--" coherenceScore="--">bn:00098342a</annotation>
		<annotation source="MCS" anchor="sean" bfScore="--" coherenceScore="--">bn:00083187v</annotation>
		<annotation source="MCS" anchor="serios" bfScore="--" coherenceScore="--">bn:00110444a</annotation>
		<annotation source="MCS" anchor="prudentes" bfScore="--" coherenceScore="--">bn:00099402a</annotation>
		<annotation source="MCS" anchor="sanos" bfScore="--" coherenceScore="--">bn:00104025a</annotation>
		<annotation source="BABELFY" anchor="fe" bfScore="0.9661517097726089" coherenceScore="0.8141592920353983">bn:00032768n</annotation>
		<annotation source="BABELFY" anchor="amor" bfScore="0.8366859441790294" coherenceScore="0.48672566371681414">bn:00052121n</annotation>
		<annotation source="MCS" anchor="perseverancia" bfScore="--" coherenceScore="--">bn:00071740n</annotation>
		<annotation source="BABELFY" anchor="mujeres" bfScore="0.8428635749662314" coherenceScore="0.4247787610619469">bn:00001530n</annotation>
		<annotation source="MCS" anchor="esclavas" bfScore="--" coherenceScore="--">bn:00072080n</annotation>
		<annotation source="BABELFY" anchor="vino" bfScore="0.8414239482200647" coherenceScore="0.11504424778761062">bn:00080022n</annotation>
		<annotation source="MCS" anchor="bueno" bfScore="--" coherenceScore="--">bn:00103672a</annotation>
		<annotation source="BABELFY" anchor="manera" bfScore="0.9453326456936565" coherenceScore="0.415929203539823">bn:00033729n</annotation>
		<annotation source="MCS" anchor="encaminen" bfScore="--" coherenceScore="--">bn:00093141v</annotation>
		<annotation source="MCS" anchor="prudencia" bfScore="--" coherenceScore="--">bn:00064940n</annotation>
		<annotation source="BABELFY" anchor="jóvenes" bfScore="0.8904109589041096" coherenceScore="0.08849557522123894">bn:00104589a</annotation>
		<annotation source="MCS" anchor="amen" bfScore="--" coherenceScore="--">bn:00090505v</annotation>
		<annotation source="MCS" anchor="maridos" bfScore="--" coherenceScore="--">bn:00045106n</annotation>
		<annotation source="MCS" anchor="hijos" bfScore="--" coherenceScore="--">bn:00024244n</annotation>
		<annotation source="BABELFY" anchor="castas" bfScore="0.8260869565217391" coherenceScore="0.168141592920354">bn:00099552a</annotation>
		<annotation source="MCS" anchor="buenas" bfScore="--" coherenceScore="--">bn:00103672a</annotation>
		<annotation source="MCS" anchor="amas" bfScore="--" coherenceScore="--">bn:03566145n</annotation>
		<annotation source="BABELFY" anchor="amas de casa" bfScore="1.0" coherenceScore="0.168141592920354">bn:00044539n</annotation>
		<annotation source="MCS" anchor="casa" bfScore="--" coherenceScore="--">bn:00044994n</annotation>
		<annotation source="BABELFY" anchor="sujetas" bfScore="1.0" coherenceScore="0.12389380530973451">bn:00105908a</annotation>
		<annotation source="BABELFY" anchor="propios" bfScore="0.8125" coherenceScore="0.20353982300884957">bn:00096707a</annotation>
		<annotation source="BABELFY" anchor="palabra" bfScore="0.9567960499245646" coherenceScore="0.5663716814159292">bn:00081546n</annotation>
		<annotation source="MCS" anchor="sea" bfScore="--" coherenceScore="--">bn:00083187v</annotation>
		<annotation source="BABELFY" anchor="desacreditada" bfScore="1.0" coherenceScore="0.07079646017699115">bn:00086938v</annotation>
		<annotation source="BABELFY" anchor="Exhorta" bfScore="1.0" coherenceScore="0.035398230088495575">bn:00083132v</annotation>
		<annotation source="BABELFY" anchor="asimismo" bfScore="0.9411764705882353" coherenceScore="0.035398230088495575">bn:00116128r</annotation>
		<annotation source="MCS" anchor="jóvenes" bfScore="--" coherenceScore="--">bn:00018345n</annotation>
		<annotation source="MCS" anchor="mostrando" bfScore="--" coherenceScore="--">bn:00086567v</annotation>
		<annotation source="MCS" anchor="ejemplo" bfScore="--" coherenceScore="--">bn:00032100n</annotation>
		<annotation source="MCS" anchor="buenas obras" bfScore="--" coherenceScore="--">bn:00702561n</annotation>
		<annotation source="MCS" anchor="obras" bfScore="--" coherenceScore="--">bn:00011767n</annotation>
		<annotation source="MCS" anchor="Demuestra" bfScore="--" coherenceScore="--">bn:00086567v</annotation>
		<annotation source="MCS" anchor="enseñanza" bfScore="--" coherenceScore="--">bn:13844284n</annotation>
		<annotation source="MCS" anchor="integridad" bfScore="--" coherenceScore="--">bn:00078496n</annotation>
		<annotation source="MCS" anchor="oponga" bfScore="--" coherenceScore="--">bn:00091882v</annotation>
		<annotation source="MCS" anchor="teniendo" bfScore="--" coherenceScore="--">bn:00089385v</annotation>
		<annotation source="MCS" anchor="malo" bfScore="--" coherenceScore="--">bn:00097966a</annotation>
		<annotation source="MCS" anchor="decir" bfScore="--" coherenceScore="--">bn:00093287v</annotation>
		<annotation source="BABELFY" anchor="siervos" bfScore="0.758364312267658" coherenceScore="0.10619469026548672">bn:00011982n</annotation>
		<annotation source="BABELFY" anchor="sujetos" bfScore="1.0" coherenceScore="0.12389380530973451">bn:00105908a</annotation>
		<annotation source="MCS" anchor="defrauden" bfScore="--" coherenceScore="--">bn:00084240v</annotation>
		<annotation source="MCS" anchor="demuestren" bfScore="--" coherenceScore="--">bn:00086567v</annotation>
		<annotation source="MCS" anchor="buena" bfScore="--" coherenceScore="--">bn:00103672a</annotation>
		<annotation source="BABELFY" anchor="buena fe" bfScore="0.9090909090909091" coherenceScore="0.08849557522123894">bn:00041066n</annotation>
		<annotation source="BABELFY" anchor="nuestro Salvador" bfScore="1.0" coherenceScore="0.6017699115044248">bn:00018805n</annotation>
		<annotation source="MCS" anchor="gracia" bfScore="--" coherenceScore="--">bn:00041227n</annotation>
		<annotation source="MCS" anchor="ha" bfScore="--" coherenceScore="--">bn:00083184v</annotation>
		<annotation source="MCS" anchor="manifestado" bfScore="--" coherenceScore="--">bn:00082913v</annotation>
		<annotation source="MCS" anchor="enseñando" bfScore="--" coherenceScore="--">bn:00089791v</annotation>
		<annotation source="MCS" anchor="vivir" bfScore="--" coherenceScore="--">bn:00087617v</annotation>
		<annotation source="MCS" anchor="prudente" bfScore="--" coherenceScore="--">bn:00099402a</annotation>
		<annotation source="MCS" anchor="justa" bfScore="--" coherenceScore="--">bn:00102719a</annotation>
		<annotation source="MCS" anchor="edad" bfScore="--" coherenceScore="--">bn:00001936n</annotation>
		<annotation source="MCS" anchor="presente" bfScore="--" coherenceScore="--">bn:00108978a</annotation>
		<annotation source="MCS" anchor="renunciando" bfScore="--" coherenceScore="--">bn:00088546v</annotation>
		<annotation source="MCS" anchor="impiedad" bfScore="--" coherenceScore="--">bn:00046120n</annotation>
		<annotation source="MCS" anchor="pasiones" bfScore="--" coherenceScore="--">bn:00060907n</annotation>
		<annotation source="MCS" anchor="aguardando" bfScore="--" coherenceScore="--">bn:00089401v</annotation>
		<annotation source="MCS" anchor="esperanza" bfScore="--" coherenceScore="--">bn:00044737n</annotation>
		<annotation source="MCS" anchor="manifestación" bfScore="--" coherenceScore="--">bn:00064864n</annotation>
		<annotation source="MCS" anchor="gloria" bfScore="--" coherenceScore="--">bn:00040711n</annotation>
		<annotation source="BABELFY" anchor="gran" bfScore="0.8076923076923077" coherenceScore="0.21238938053097345">bn:00101605a</annotation>
		<annotation source="BABELFY" anchor="Jesucristo" bfScore="1.0" coherenceScore="0.6017699115044248">bn:00018805n</annotation>
		<annotation source="MCS" anchor="dio" bfScore="--" coherenceScore="--">bn:00088815v</annotation>
		<annotation source="MCS" anchor="mismo" bfScore="--" coherenceScore="--">bn:00110076a</annotation>
		<annotation source="BABELFY" anchor="redimir" bfScore="0.937984496124031" coherenceScore="0.09734513274336283">bn:00086537v</annotation>
		<annotation source="BABELFY" anchor="iniquidad" bfScore="0.8571428571428571" coherenceScore="0.07964601769911504">bn:00025234n</annotation>
		<annotation source="BABELFY" anchor="purificar" bfScore="1.0" coherenceScore="0.07964601769911504">bn:00085059v</annotation>
		<annotation source="MCS" anchor="pueblo" bfScore="--" coherenceScore="--">bn:00021149n</annotation>
		<annotation source="BABELFY" anchor="propio" bfScore="0.8125" coherenceScore="0.20353982300884957">bn:00096707a</annotation>
		<annotation source="MCS" anchor="celoso" bfScore="--" coherenceScore="--">bn:00103790a</annotation>
		<annotation source="MCS" anchor="cosas" bfScore="--" coherenceScore="--">bn:00076925n</annotation>
		<annotation source="BABELFY" anchor="exhorta" bfScore="1.0" coherenceScore="0.035398230088495575">bn:00083132v</annotation>
		<annotation source="BABELFY" anchor="reprende" bfScore="0.75" coherenceScore="0.02654867256637168">bn:00083177v</annotation>
		<annotation source="MCS" anchor="autoridad" bfScore="--" coherenceScore="--">bn:00007302n</annotation>
		<annotation source="BABELFY" anchor="nadie" bfScore="1.0" coherenceScore="0.008849557522123894">bn:13916669n</annotation>
		<annotation source="MCS" anchor="menosprecie" bfScore="--" coherenceScore="--">bn:00085558v</annotation>
	</annotations>
</paragraph>
<paragraph id="p.3">
	<text>
		Recuérdales que se sujeten a los gobernantes y a las autoridades , que obedezcan , que estén dispuestos para toda buena obra
		que no hablen mal de nadie , que no sean contenciosos sino amables , demostrando toda consideración por todos los hombres
		Porque en otro tiempo nosotros también éramos insensatos , desobedientes , extraviados . Estábamos esclavizados por diversas pasiones y placeres , viviendo en malicia y en envidia . Éramos aborrecibles , odiándonos unos a otros
		Pero cuando se manifestó la bondad de Dios nuestro Salvador y su amor por los hombres
		él nos salvó , no por las obras de justicia que nosotros hubiésemos hecho , sino según su misericordia ; por medio del lavamiento de la regeneración y de la renovación del Espíritu Santo
		que él derramó sobre nosotros abundantemente por medio de Jesucristo nuestro Salvador
		Y esto , para que , justificados por su gracia , seamos hechos herederos conforme a la esperanza de la vida eterna
		Fiel es esta palabra . Acerca de estas cosas , quiero que hables con firmeza , para que los que han creído en Dios procuren ocuparse en buenas obras . Estas cosas son buenas y útiles a los hombres
		Pero evita las contiendas necias , las genealogías , las controversias y los debates acerca de la ley ; porque de nada aprovechan y son vanos
		Después de una y otra amonestación , rechaza al hombre que causa divisiones
		sabiendo que el tal se ha pervertido y peca , habiéndose condenado a sí mismo
		Cuando yo envíe a ti a Artemas o a Tíquico , procura venir a mí a Nicópolis , pues allí he decidido pasar el invierno
		Encamina a Zenas , maestro de la ley , y a Apolos , para que no les falte nada
		Y aprendan los nuestros a dedicarse a las buenas obras para los casos de necesidad , con el fin de que no sean sin fruto
		Te saludan todos los que están conmigo . Saluda a los que nos aman en la fe . La gracia sea con todos vosotros
	</text>
	<annotations>
		<annotation source="BABELFY" anchor="sujeten" bfScore="0.8031496062992126" coherenceScore="0.09302325581395349">bn:00094960v</annotation>
		<annotation source="MCS" anchor="gobernantes" bfScore="--" coherenceScore="--">bn:16112899n</annotation>
		<annotation source="MCS" anchor="autoridades" bfScore="--" coherenceScore="--">bn:00007302n</annotation>
		<annotation source="MCS" anchor="obedezcan" bfScore="--" coherenceScore="--">bn:00091112v</annotation>
		<annotation source="MCS" anchor="dispuestos" bfScore="--" coherenceScore="--">bn:00082784v</annotation>
		<annotation source="MCS" anchor="buena" bfScore="--" coherenceScore="--">bn:00103672a</annotation>
		<annotation source="BABELFY" anchor="obra" bfScore="1.0" coherenceScore="0.06201550387596899">bn:00082286v</annotation>
		<annotation source="MCS" anchor="hablen" bfScore="--" coherenceScore="--">bn:00094090v</annotation>
		<annotation source="MCS" anchor="mal" bfScore="--" coherenceScore="--">bn:00114486r</annotation>
		<annotation source="BABELFY" anchor="nadie" bfScore="1.0" coherenceScore="0.015503875968992248">bn:13916669n</annotation>
		<annotation source="MCS" anchor="sean" bfScore="--" coherenceScore="--">bn:00083187v</annotation>
		<annotation source="BABELFY" anchor="contenciosos" bfScore="0.9924812030075187" coherenceScore="0.08527131782945736">bn:00100054a</annotation>
		<annotation source="MCS" anchor="amables" bfScore="--" coherenceScore="--">bn:00105617a</annotation>
		<annotation source="MCS" anchor="demostrando" bfScore="--" coherenceScore="--">bn:00086567v</annotation>
		<annotation source="MCS" anchor="consideración" bfScore="--" coherenceScore="--">bn:00031654n</annotation>
		<annotation source="MCS" anchor="hombres" bfScore="--" coherenceScore="--">bn:00001533n</annotation>
		<annotation source="BABELFY" anchor="tiempo" bfScore="0.7780876494023904" coherenceScore="0.32558139534883723">bn:00077270n</annotation>
		<annotation source="MCS" anchor="éramos" bfScore="--" coherenceScore="--">bn:00083187v</annotation>
		<annotation source="MCS" anchor="insensatos" bfScore="--" coherenceScore="--">bn:00104716a</annotation>
		<annotation source="BABELFY" anchor="esclavizados" bfScore="1.0" coherenceScore="0.015503875968992248">bn:00087668v</annotation>
		<annotation source="MCS" anchor="pasiones" bfScore="--" coherenceScore="--">bn:00060907n</annotation>
		<annotation source="BABELFY" anchor="placeres" bfScore="0.8108360579168613" coherenceScore="0.24031007751937986">bn:00062972n</annotation>
		<annotation source="MCS" anchor="viviendo" bfScore="--" coherenceScore="--">bn:00087617v</annotation>
		<annotation source="MCS" anchor="malicia" bfScore="--" coherenceScore="--">bn:00053001n</annotation>
		<annotation source="MCS" anchor="envidia" bfScore="--" coherenceScore="--">bn:00031073n</annotation>
		<annotation source="MCS" anchor="Éramos" bfScore="--" coherenceScore="--">bn:00083187v</annotation>
		<annotation source="MCS" anchor="manifestó" bfScore="--" coherenceScore="--">bn:00082913v</annotation>
		<annotation source="MCS" anchor="bondad" bfScore="--" coherenceScore="--">bn:00052146n</annotation>
		<annotation source="BABELFY" anchor="nuestro Salvador" bfScore="1.0" coherenceScore="0.627906976744186">bn:00018805n</annotation>
		<annotation source="BABELFY" anchor="amor" bfScore="0.8831574413094981" coherenceScore="0.4573643410852713">bn:00052121n</annotation>
		<annotation source="MCS" anchor="salvó" bfScore="--" coherenceScore="--">bn:00092745v</annotation>
		<annotation source="MCS" anchor="obras" bfScore="--" coherenceScore="--">bn:00011767n</annotation>
		<annotation source="MCS" anchor="justicia" bfScore="--" coherenceScore="--">bn:00048668n</annotation>
		<annotation source="BABELFY" anchor="hubiésemos" bfScore="0.7208672086720868" coherenceScore="0.10852713178294573">bn:00083184v</annotation>
		<annotation source="MCS" anchor="hecho" bfScore="--" coherenceScore="--">bn:00087107v</annotation>
		<annotation source="MCS" anchor="misericordia" bfScore="--" coherenceScore="--">bn:00019708n</annotation>
		<annotation source="MCS" anchor="medio" bfScore="--" coherenceScore="--">bn:00054149n</annotation>
		<annotation source="BABELFY" anchor="regeneración" bfScore="0.8546712802768166" coherenceScore="0.10077519379844961">bn:00198047n</annotation>
		<annotation source="MCS" anchor="renovación" bfScore="--" coherenceScore="--">bn:00066860n</annotation>
		<annotation source="MCS" anchor="Espíritu" bfScore="--" coherenceScore="--">bn:00033960n</annotation>
		<annotation source="BABELFY" anchor="Espíritu Santo" bfScore="0.9667519181585678" coherenceScore="0.43410852713178294">bn:00645230n</annotation>
		<annotation source="MCS" anchor="Santo" bfScore="--" coherenceScore="--">bn:00053896n</annotation>
		<annotation source="MCS" anchor="derramó" bfScore="--" coherenceScore="--">bn:00086958v</annotation>
		<annotation source="BABELFY" anchor="abundantemente" bfScore="1.0" coherenceScore="0.11627906976744186">bn:00114097r</annotation>
		<annotation source="BABELFY" anchor="Jesucristo" bfScore="1.0" coherenceScore="0.627906976744186">bn:00018805n</annotation>
		<annotation source="MCS" anchor="justificados" bfScore="--" coherenceScore="--">bn:00090024v</annotation>
		<annotation source="MCS" anchor="gracia" bfScore="--" coherenceScore="--">bn:00041227n</annotation>
		<annotation source="MCS" anchor="seamos" bfScore="--" coherenceScore="--">bn:00083187v</annotation>
		<annotation source="MCS" anchor="hechos" bfScore="--" coherenceScore="--">bn:00032655n</annotation>
		<annotation source="MCS" anchor="conforme" bfScore="--" coherenceScore="--">bn:13602588a</annotation>
		<annotation source="MCS" anchor="esperanza" bfScore="--" coherenceScore="--">bn:00044737n</annotation>
		<annotation source="BABELFY" anchor="vida" bfScore="0.7092198581560284" coherenceScore="0.31007751937984496">bn:00051054n</annotation>
		<annotation source="MCS" anchor="vida eterna" bfScore="--" coherenceScore="--">bn:00031685n</annotation>
		<annotation source="MCS" anchor="eterna" bfScore="--" coherenceScore="--">bn:00096562a</annotation>
		<annotation source="MCS" anchor="Fiel" bfScore="--" coherenceScore="--">bn:00078497n</annotation>
		<annotation source="MCS" anchor="es" bfScore="--" coherenceScore="--">bn:00083187v</annotation>
		<annotation source="BABELFY" anchor="palabra" bfScore="0.9589562024652505" coherenceScore="0.5503875968992248">bn:00081546n</annotation>
		<annotation source="BABELFY" anchor="Acerca" bfScore="1.0" coherenceScore="0.023255813953488372">bn:00114076r</annotation>
		<annotation source="MCS" anchor="cosas" bfScore="--" coherenceScore="--">bn:00076925n</annotation>
		<annotation source="MCS" anchor="quiero" bfScore="--" coherenceScore="--">bn:00086682v</annotation>
		<annotation source="MCS" anchor="hables" bfScore="--" coherenceScore="--">bn:00094090v</annotation>
		<annotation source="MCS" anchor="firmeza" bfScore="--" coherenceScore="--">bn:00025927n</annotation>
		<annotation source="BABELFY" anchor="han" bfScore="0.7208672086720868" coherenceScore="0.10852713178294573">bn:00083184v</annotation>
		<annotation source="MCS" anchor="creído" bfScore="--" coherenceScore="--">bn:00083369v</annotation>
		<annotation source="BABELFY" anchor="procuren" bfScore="0.9285714285714286" coherenceScore="0.09302325581395349">bn:00090460v</annotation>
		<annotation source="MCS" anchor="ocupar" bfScore="--" coherenceScore="--">bn:00090321v</annotation>
		<annotation source="MCS" anchor="buenas" bfScore="--" coherenceScore="--">bn:00103672a</annotation>
		<annotation source="MCS" anchor="buenas obras" bfScore="--" coherenceScore="--">bn:00702561n</annotation>
		<annotation source="MCS" anchor="son" bfScore="--" coherenceScore="--">bn:00083187v</annotation>
		<annotation source="MCS" anchor="útiles" bfScore="--" coherenceScore="--">bn:00104094a</annotation>
		<annotation source="MCS" anchor="evita" bfScore="--" coherenceScore="--">bn:00082954v</annotation>
		<annotation source="MCS" anchor="contiendas" bfScore="--" coherenceScore="--">bn:00021338n</annotation>
		<annotation source="BABELFY" anchor="genealogías" bfScore="0.7808764940239044" coherenceScore="0.10852713178294573">bn:00033524n</annotation>
		<annotation source="BABELFY" anchor="controversias" bfScore="1.0" coherenceScore="0.23255813953488372">bn:00005599n</annotation>
		<annotation source="MCS" anchor="debates" bfScore="--" coherenceScore="--">bn:00086341v</annotation>
		<annotation source="BABELFY" anchor="acerca" bfScore="1.0" coherenceScore="0.023255813953488372">bn:00114076r</annotation>
		<annotation source="BABELFY" anchor="ley" bfScore="0.7120869171570846" coherenceScore="0.5116279069767442">bn:00048655n</annotation>
		<annotation source="MCS" anchor="aprovechan" bfScore="--" coherenceScore="--">bn:00084494v</annotation>
		<annotation source="MCS" anchor="vanos" bfScore="--" coherenceScore="--">bn:00103448a</annotation>
		<annotation source="BABELFY" anchor="Después" bfScore="1.0" coherenceScore="0.06201550387596899">bn:00114165r</annotation>
		<annotation source="MCS" anchor="amonestación" bfScore="--" coherenceScore="--">bn:00001468n</annotation>
		<annotation source="MCS" anchor="rechaza" bfScore="--" coherenceScore="--">bn:00086390v</annotation>
		<annotation source="MCS" anchor="hombre" bfScore="--" coherenceScore="--">bn:00001533n</annotation>
		<annotation source="MCS" anchor="causa" bfScore="--" coherenceScore="--">bn:00087491v</annotation>
		<annotation source="MCS" anchor="divisiones" bfScore="--" coherenceScore="--">bn:00073490n</annotation>
		<annotation source="MCS" anchor="sabiendo" bfScore="--" coherenceScore="--">bn:00085261v</annotation>
		<annotation source="BABELFY" anchor="ha" bfScore="0.7208672086720868" coherenceScore="0.10852713178294573">bn:00083184v</annotation>
		<annotation source="BABELFY" anchor="pervertido" bfScore="1.0" coherenceScore="0.046511627906976744">bn:00085844v</annotation>
		<annotation source="BABELFY" anchor="peca" bfScore="0.8407643312101911" coherenceScore="0.08527131782945736">bn:00093756v</annotation>
		<annotation source="BABELFY" anchor="habiendo" bfScore="0.7208672086720868" coherenceScore="0.10852713178294573">bn:00083184v</annotation>
		<annotation source="MCS" anchor="condenado" bfScore="--" coherenceScore="--">bn:00085548v</annotation>
		<annotation source="MCS" anchor="mismo" bfScore="--" coherenceScore="--">bn:00110076a</annotation>
		<annotation source="BABELFY" anchor="envíe" bfScore="0.8333333333333334" coherenceScore="0.07751937984496124">bn:00090753v</annotation>
		<annotation source="BABELFY" anchor="procura" bfScore="0.9285714285714286" coherenceScore="0.09302325581395349">bn:00090460v</annotation>
		<annotation source="MCS" anchor="venir" bfScore="--" coherenceScore="--">bn:00082788v</annotation>
		<annotation source="BABELFY" anchor="Nicópolis" bfScore="1.0" coherenceScore="0.023255813953488372">bn:03242164n</annotation>
		<annotation source="MCS" anchor="allí" bfScore="--" coherenceScore="--">bn:00114427r</annotation>
		<annotation source="BABELFY" anchor="he" bfScore="0.7208672086720868" coherenceScore="0.10852713178294573">bn:00083184v</annotation>
		<annotation source="MCS" anchor="decidido" bfScore="--" coherenceScore="--">bn:00086370v</annotation>
		<annotation source="MCS" anchor="pasar" bfScore="--" coherenceScore="--">bn:00091458v</annotation>
		<annotation source="BABELFY" anchor="pasar el invierno" bfScore="1.0" coherenceScore="0.007751937984496124">bn:00091356v</annotation>
		<annotation source="BABELFY" anchor="invierno" bfScore="1.0" coherenceScore="0.046511627906976744">bn:00081370n</annotation>
		<annotation source="BABELFY" anchor="Encamina" bfScore="1.0" coherenceScore="0.031007751937984496">bn:15530515n</annotation>
		<annotation source="BABELFY" anchor="falte" bfScore="1.0" coherenceScore="0.07751937984496124">bn:00090161v</annotation>
		<annotation source="BABELFY" anchor="aprendan" bfScore="0.9880239520958084" coherenceScore="0.08527131782945736">bn:00082281v</annotation>
		<annotation source="MCS" anchor="dedicar" bfScore="--" coherenceScore="--">bn:00085427v</annotation>
		<annotation source="MCS" anchor="casos" bfScore="--" coherenceScore="--">bn:00016401n</annotation>
		<annotation source="MCS" anchor="necesidad" bfScore="--" coherenceScore="--">bn:00026107n</annotation>
		<annotation source="MCS" anchor="fin" bfScore="--" coherenceScore="--">bn:00025588n</annotation>
		<annotation source="MCS" anchor="fruto" bfScore="--" coherenceScore="--">bn:00036686n</annotation>
		<annotation source="MCS" anchor="saludan" bfScore="--" coherenceScore="--">bn:00089039v</annotation>
		<annotation source="MCS" anchor="Saluda" bfScore="--" coherenceScore="--">bn:00089039v</annotation>
		<annotation source="MCS" anchor="aman" bfScore="--" coherenceScore="--">bn:00090505v</annotation>
		<annotation source="BABELFY" anchor="fe" bfScore="0.9648613994382709" coherenceScore="0.813953488372093">bn:00032768n</annotation>
		<annotation source="MCS" anchor="sea" bfScore="--" coherenceScore="--">bn:00083187v</annotation>
	</annotations>
</paragraph>
</dataset>
