<?xml version="1.0" encoding="utf-8"?>
<dataset language="ES" title="2JO">
<paragraph id="p.1">
	<text>
		El anciano a la señora elegida y a sus hijos , a quienes yo amo en verdad - - y no sólo yo , sino también todos los que han conocido la verdad -
		a causa de la verdad que permanece en nosotros y que estará con nosotros para siempre
		La gracia , la misericordia y la paz de parte de Dios Padre y de Jesucristo , el Hijo del Padre , estarán con nosotros en verdad y amor
		Me alegré mucho al hallar de entre tus hijos quienes andan en la verdad , conforme al mandamiento que hemos recibido del Padre
		Y ahora te ruego , señora , no como si te escribiera un nuevo mandamiento , sino el mismo que teníamos desde el principio : que nos amemos unos a otros
		Y éste es el amor : que andemos según sus mandamientos . Éste es el mandamiento en que habéis de andar , como habéis oído desde el principio
		Porque muchos engañadores han salido al mundo , quienes no confiesan que Jesucristo ha venido en la carne . Tal persona es el engañador y el anticristo
		Mirad por vosotros mismos para que no perdáis las cosas en que hemos trabajado , sino que recibáis abundante recompensa
		Todo el que se extravía y no permanece en la doctrina de Cristo no tiene a Dios . El que permanece en la doctrina , éste tiene al Padre y también al Hijo
		Si alguien va a vosotros y no lleva esta doctrina , no le recibáis en casa , ni le digáis : &amp;quot; ¡ Bienvenido !
		Porque el que le da la bienvenida participa de sus malas obras
		Aunque tengo muchas cosas que escribiros , no he querido comunicarlas por medio de papel y tinta . Más bien , espero estar con vosotros y hablar cara a cara , para que nuestro gozo sea completo
		Los hijos de tu hermana elegida te saludan
	</text>
	<annotations>
		<annotation source="MCS" anchor="anciano" bfScore="--" coherenceScore="--">bn:00001952n</annotation>
		<annotation source="MCS" anchor="señora" bfScore="--" coherenceScore="--">bn:00052638n</annotation>
		<annotation source="MCS" anchor="elegida" bfScore="--" coherenceScore="--">bn:00084933v</annotation>
		<annotation source="MCS" anchor="hijos" bfScore="--" coherenceScore="--">bn:00024244n</annotation>
		<annotation source="MCS" anchor="amo" bfScore="--" coherenceScore="--">bn:00090505v</annotation>
		<annotation source="BABELFY" anchor="verdad" bfScore="0.9794976934905176" coherenceScore="0.44144144144144143">bn:00072816n</annotation>
		<annotation source="BABELFY" anchor="sólo" bfScore="0.9973753280839895" coherenceScore="0.17117117117117117">bn:00114626r</annotation>
		<annotation source="BABELFY" anchor="han" bfScore="0.7142857142857143" coherenceScore="0.11711711711711711">bn:00083184v</annotation>
		<annotation source="MCS" anchor="conocido" bfScore="--" coherenceScore="--">bn:00090725v</annotation>
		<annotation source="MCS" anchor="causa" bfScore="--" coherenceScore="--">bn:00015051n</annotation>
		<annotation source="MCS" anchor="permanece" bfScore="--" coherenceScore="--">bn:00092756v</annotation>
		<annotation source="BABELFY" anchor="siempre" bfScore="1.0" coherenceScore="0.009009009009009009">bn:00114250r</annotation>
		<annotation source="MCS" anchor="La gracia" bfScore="--" coherenceScore="--">bn:15608557n</annotation>
		<annotation source="BABELFY" anchor="gracia" bfScore="0.795601552393273" coherenceScore="0.2702702702702703">bn:00041221n</annotation>
		<annotation source="BABELFY" anchor="misericordia" bfScore="0.7986348122866894" coherenceScore="0.11711711711711711">bn:00019708n</annotation>
		<annotation source="MCS" anchor="paz" bfScore="--" coherenceScore="--">bn:00061149n</annotation>
		<annotation source="MCS" anchor="parte" bfScore="--" coherenceScore="--">bn:00060765n</annotation>
		<annotation source="MCS" anchor="Padre" bfScore="--" coherenceScore="--">bn:00009616n</annotation>
		<annotation source="BABELFY" anchor="Jesucristo" bfScore="1.0" coherenceScore="0.7117117117117117">bn:00018805n</annotation>
		<annotation source="MCS" anchor="Hijo" bfScore="--" coherenceScore="--">bn:00024244n</annotation>
		<annotation source="BABELFY" anchor="amor" bfScore="0.8814399655098082" coherenceScore="0.5225225225225225">bn:00052121n</annotation>
		<annotation source="MCS" anchor="alegré" bfScore="--" coherenceScore="--">bn:00084881v</annotation>
		<annotation source="MCS" anchor="hallar" bfScore="--" coherenceScore="--">bn:00084231v</annotation>
		<annotation source="MCS" anchor="andan" bfScore="--" coherenceScore="--">bn:00094337v</annotation>
		<annotation source="BABELFY" anchor="mandamiento" bfScore="1.0" coherenceScore="0.15315315315315314">bn:00025657n</annotation>
		<annotation source="BABELFY" anchor="hemos" bfScore="0.7142857142857143" coherenceScore="0.11711711711711711">bn:00083184v</annotation>
		<annotation source="MCS" anchor="recibido" bfScore="--" coherenceScore="--">bn:00089246v</annotation>
		<annotation source="MCS" anchor="ahora" bfScore="--" coherenceScore="--">bn:00114424r</annotation>
		<annotation source="MCS" anchor="ruego" bfScore="--" coherenceScore="--">bn:00082355v</annotation>
		<annotation source="MCS" anchor="escribiera" bfScore="--" coherenceScore="--">bn:00092123v</annotation>
		<annotation source="MCS" anchor="nuevo" bfScore="--" coherenceScore="--">bn:00107267a</annotation>
		<annotation source="MCS" anchor="mismo" bfScore="--" coherenceScore="--">bn:00110076a</annotation>
		<annotation source="MCS" anchor="teníamos" bfScore="--" coherenceScore="--">bn:00089385v</annotation>
		<annotation source="MCS" anchor="principio" bfScore="--" coherenceScore="--">bn:00009633n</annotation>
		<annotation source="MCS" anchor="es" bfScore="--" coherenceScore="--">bn:00083187v</annotation>
		<annotation source="MCS" anchor="andemos" bfScore="--" coherenceScore="--">bn:00094337v</annotation>
		<annotation source="BABELFY" anchor="mandamientos" bfScore="1.0" coherenceScore="0.15315315315315314">bn:00025657n</annotation>
		<annotation source="BABELFY" anchor="habéis" bfScore="0.7142857142857143" coherenceScore="0.11711711711711711">bn:00083184v</annotation>
		<annotation source="MCS" anchor="andar" bfScore="--" coherenceScore="--">bn:00094337v</annotation>
		<annotation source="BABELFY" anchor="oído" bfScore="1.0" coherenceScore="0.009009009009009009">bn:00089280v</annotation>
		<annotation source="MCS" anchor="salido" bfScore="--" coherenceScore="--">bn:00087845v</annotation>
		<annotation source="MCS" anchor="mundo" bfScore="--" coherenceScore="--">bn:00029428n</annotation>
		<annotation source="BABELFY" anchor="ha" bfScore="0.7142857142857143" coherenceScore="0.11711711711711711">bn:00083184v</annotation>
		<annotation source="MCS" anchor="venido" bfScore="--" coherenceScore="--">bn:00082788v</annotation>
		<annotation source="MCS" anchor="carne" bfScore="--" coherenceScore="--">bn:00035182n</annotation>
		<annotation source="BABELFY" anchor="persona" bfScore="0.9534139081807522" coherenceScore="0.7837837837837838">bn:00046516n</annotation>
		<annotation source="BABELFY" anchor="engañador" bfScore="1.0" coherenceScore="0.10810810810810811">bn:00009646n</annotation>
		<annotation source="MCS" anchor="mismos" bfScore="--" coherenceScore="--">bn:00110076a</annotation>
		<annotation source="MCS" anchor="cosas" bfScore="--" coherenceScore="--">bn:00076925n</annotation>
		<annotation source="MCS" anchor="trabajado" bfScore="--" coherenceScore="--">bn:00095812v</annotation>
		<annotation source="BABELFY" anchor="abundante" bfScore="0.7432432432432432" coherenceScore="0.0990990990990991">bn:00096219a</annotation>
		<annotation source="BABELFY" anchor="recompensa" bfScore="0.771689497716895" coherenceScore="0.11711711711711711">bn:08257869n</annotation>
		<annotation source="MCS" anchor="doctrina" bfScore="--" coherenceScore="--">bn:00028013n</annotation>
		<annotation source="BABELFY" anchor="Cristo" bfScore="1.0" coherenceScore="0.7117117117117117">bn:00018805n</annotation>
		<annotation source="MCS" anchor="tiene" bfScore="--" coherenceScore="--">bn:00089385v</annotation>
		<annotation source="BABELFY" anchor="Si" bfScore="0.8603351955307262" coherenceScore="0.0990990990990991">bn:00047162n</annotation>
		<annotation source="MCS" anchor="va" bfScore="--" coherenceScore="--">bn:00088912v</annotation>
		<annotation source="MCS" anchor="lleva" bfScore="--" coherenceScore="--">bn:00084554v</annotation>
		<annotation source="MCS" anchor="casa" bfScore="--" coherenceScore="--">bn:00044994n</annotation>
		<annotation source="MCS" anchor="digáis" bfScore="--" coherenceScore="--">bn:00093287v</annotation>
		<annotation source="BABELFY" anchor="Bienvenido" bfScore="1.0" coherenceScore="0.05405405405405406">bn:00113770a</annotation>
		<annotation source="MCS" anchor="da" bfScore="--" coherenceScore="--">bn:00088815v</annotation>
		<annotation source="BABELFY" anchor="bienvenida" bfScore="1.0" coherenceScore="0.018018018018018018">bn:00080852n</annotation>
		<annotation source="MCS" anchor="participa" bfScore="--" coherenceScore="--">bn:00091451v</annotation>
		<annotation source="MCS" anchor="malas" bfScore="--" coherenceScore="--">bn:00097966a</annotation>
		<annotation source="MCS" anchor="obras" bfScore="--" coherenceScore="--">bn:00011767n</annotation>
		<annotation source="MCS" anchor="tengo" bfScore="--" coherenceScore="--">bn:00089385v</annotation>
		<annotation source="BABELFY" anchor="he" bfScore="0.7142857142857143" coherenceScore="0.11711711711711711">bn:00083184v</annotation>
		<annotation source="MCS" anchor="querido" bfScore="--" coherenceScore="--">bn:00086682v</annotation>
		<annotation source="BABELFY" anchor="comunicar" bfScore="0.7957894736842105" coherenceScore="0.12612612612612611">bn:00085436v</annotation>
		<annotation source="MCS" anchor="medio" bfScore="--" coherenceScore="--">bn:00054149n</annotation>
		<annotation source="MCS" anchor="papel" bfScore="--" coherenceScore="--">bn:00060464n</annotation>
		<annotation source="BABELFY" anchor="tinta" bfScore="0.9655172413793104" coherenceScore="0.06306306306306306">bn:00046794n</annotation>
		<annotation source="BABELFY" anchor="bien" bfScore="0.7272727272727273" coherenceScore="0.036036036036036036">bn:00117606r</annotation>
		<annotation source="MCS" anchor="espero" bfScore="--" coherenceScore="--">bn:00089401v</annotation>
		<annotation source="BABELFY" anchor="hablar" bfScore="0.7039106145251397" coherenceScore="0.16216216216216217">bn:00090943v</annotation>
		<annotation source="MCS" anchor="cara" bfScore="--" coherenceScore="--">bn:00032600n</annotation>
		<annotation source="BABELFY" anchor="cara a cara" bfScore="0.9603174603174603" coherenceScore="0.0990990990990991">bn:03205847n</annotation>
		<annotation source="MCS" anchor="sea" bfScore="--" coherenceScore="--">bn:00083187v</annotation>
		<annotation source="MCS" anchor="completo" bfScore="--" coherenceScore="--">bn:00096195a</annotation>
		<annotation source="MCS" anchor="hermana" bfScore="--" coherenceScore="--">bn:00071400n</annotation>
		<annotation source="MCS" anchor="saludan" bfScore="--" coherenceScore="--">bn:00089039v</annotation>
	</annotations>
</paragraph>
