<?xml version="1.0" encoding="utf-8"?>
<dataset language="ES" title="2TH">
<paragraph id="p.1">
	<text>
		Pablo , Silas y Timoteo ; a la iglesia de los tesalonicenses en Dios nuestro Padre y en el Señor Jesucristo
		Gracia a vosotros y paz , de parte de Dios nuestro Padre y del Señor Jesucristo
		Siempre debemos dar gracias a Dios por vosotros , hermanos , como es digno , por cuanto vuestra fe va creciendo sobremanera y abunda el amor de cada uno para con los demás
		tanto que nosotros mismos nos gloriamos de vosotros en las iglesias de Dios , a causa de vuestra perseverancia y fe en todas vuestras persecuciones y aflicciones que estáis soportando
		Esto da muestra evidente del justo juicio de Dios , para que seáis tenidos por dignos del reino de Dios , por el cual también estáis padeciendo
		De hecho es justo delante de Dios retribuir con aflicción a los que os afligen
		y retribuir con descanso , junto con nosotros , a vosotros que sois afligidos . Esto sucederá cuando el Señor Jesús con sus poderosos ángeles se manifieste desde el ciel
		en llama de fuego , para dar retribución a los que no han conocido a Dios y a los que no obedecen el evangelio de nuestro Señor Jesús
		Ellos serán castigados con eterna perdición , excluidos de la presencia del Señor y de la gloria de su poder
		cuando él venga en aquel día para ser glorificado en sus santos y ser admirado por todos los que creyeron ; porque nuestro testimonio ha sido creído entre vosotros
		Con este fin oramos siempre por vosotros : para que nuestro Dios os haga dignos de su llamamiento y que él cumpla todo buen propósito y toda obra de fe con poder
		de manera que el nombre de nuestro Señor Jesús sea glorificado en vosotros , y vosotros en él , según la gracia de nuestro Dios y del Señor Jesucristo
	</text>
	<annotations>
		<annotation source="BABELFY" anchor="Pablo" bfScore="0.9673694779116466" coherenceScore="0.415929203539823">bn:00004984n</annotation>
		<annotation source="BABELFY" anchor="Silas" bfScore="1.0" coherenceScore="0.19469026548672566">bn:00850383n</annotation>
		<annotation source="MCS" anchor="iglesia" bfScore="--" coherenceScore="--">bn:00018995n</annotation>
		<annotation source="MCS" anchor="Padre" bfScore="--" coherenceScore="--">bn:00009616n</annotation>
		<annotation source="MCS" anchor="Señor" bfScore="--" coherenceScore="--">bn:00055346n</annotation>
		<annotation source="BABELFY" anchor="Señor Jesucristo" bfScore="1.0" coherenceScore="0.6991150442477876">bn:00018805n</annotation>
		<annotation source="BABELFY" anchor="Jesucristo" bfScore="1.0" coherenceScore="0.6991150442477876">bn:00018805n</annotation>
		<annotation source="MCS" anchor="Gracia" bfScore="--" coherenceScore="--">bn:00041227n</annotation>
		<annotation source="MCS" anchor="paz" bfScore="--" coherenceScore="--">bn:00061149n</annotation>
		<annotation source="MCS" anchor="parte" bfScore="--" coherenceScore="--">bn:00060765n</annotation>
		<annotation source="BABELFY" anchor="debemos" bfScore="0.9848484848484849" coherenceScore="0.11504424778761062">bn:00091362v</annotation>
		<annotation source="MCS" anchor="dar" bfScore="--" coherenceScore="--">bn:00088815v</annotation>
		<annotation source="MCS" anchor="dar gracias" bfScore="--" coherenceScore="--">bn:13764643v</annotation>
		<annotation source="MCS" anchor="gracias" bfScore="--" coherenceScore="--">bn:00041227n</annotation>
		<annotation source="MCS" anchor="hermanos" bfScore="--" coherenceScore="--">bn:00071400n</annotation>
		<annotation source="MCS" anchor="es" bfScore="--" coherenceScore="--">bn:00083187v</annotation>
		<annotation source="MCS" anchor="digno" bfScore="--" coherenceScore="--">bn:00113948a</annotation>
		<annotation source="BABELFY" anchor="fe" bfScore="0.9379958459600258" coherenceScore="0.8584070796460177">bn:00032768n</annotation>
		<annotation source="MCS" anchor="va" bfScore="--" coherenceScore="--">bn:00088912v</annotation>
		<annotation source="MCS" anchor="creciendo" bfScore="--" coherenceScore="--">bn:00089084v</annotation>
		<annotation source="BABELFY" anchor="abunda" bfScore="0.9960474308300395" coherenceScore="0.10619469026548672">bn:00082152v</annotation>
		<annotation source="BABELFY" anchor="amor" bfScore="0.8045977011494253" coherenceScore="0.5752212389380531">bn:00052121n</annotation>
		<annotation source="MCS" anchor="mismos" bfScore="--" coherenceScore="--">bn:00110076a</annotation>
		<annotation source="MCS" anchor="iglesias" bfScore="--" coherenceScore="--">bn:00018995n</annotation>
		<annotation source="MCS" anchor="causa" bfScore="--" coherenceScore="--">bn:00015051n</annotation>
		<annotation source="MCS" anchor="perseverancia" bfScore="--" coherenceScore="--">bn:00071740n</annotation>
		<annotation source="BABELFY" anchor="persecuciones" bfScore="0.8421052631578947" coherenceScore="0.1415929203539823">bn:00061697n</annotation>
		<annotation source="MCS" anchor="soportando" bfScore="--" coherenceScore="--">bn:00082138v</annotation>
		<annotation source="MCS" anchor="da" bfScore="--" coherenceScore="--">bn:00088815v</annotation>
		<annotation source="MCS" anchor="muestra" bfScore="--" coherenceScore="--">bn:00069079n</annotation>
		<annotation source="BABELFY" anchor="evidente" bfScore="0.9" coherenceScore="0.1592920353982301">bn:00097350a</annotation>
		<annotation source="MCS" anchor="justo" bfScore="--" coherenceScore="--">bn:00102719a</annotation>
		<annotation source="MCS" anchor="juicio" bfScore="--" coherenceScore="--">bn:00048493n</annotation>
		<annotation source="MCS" anchor="seáis" bfScore="--" coherenceScore="--">bn:00083187v</annotation>
		<annotation source="MCS" anchor="tenidos" bfScore="--" coherenceScore="--">bn:00089385v</annotation>
		<annotation source="MCS" anchor="dignos" bfScore="--" coherenceScore="--">bn:00113948a</annotation>
		<annotation source="MCS" anchor="reino" bfScore="--" coherenceScore="--">bn:00049171n</annotation>
		<annotation source="MCS" anchor="padeciendo" bfScore="--" coherenceScore="--">bn:00089245v</annotation>
		<annotation source="BABELFY" anchor="De hecho" bfScore="1.0" coherenceScore="0.04424778761061947">bn:03185143n</annotation>
		<annotation source="MCS" anchor="hecho" bfScore="--" coherenceScore="--">bn:00087107v</annotation>
		<annotation source="BABELFY" anchor="justo delante" bfScore="1.0" coherenceScore="0.008849557522123894">bn:00114937r</annotation>
		<annotation source="BABELFY" anchor="delante" bfScore="1.0" coherenceScore="0.008849557522123894">bn:00114182r</annotation>
		<annotation source="BABELFY" anchor="aflicción" bfScore="0.9322033898305084" coherenceScore="0.04424778761061947">bn:00001782n</annotation>
		<annotation source="MCS" anchor="afligen" bfScore="--" coherenceScore="--">bn:00082464v</annotation>
		<annotation source="MCS" anchor="descanso" bfScore="--" coherenceScore="--">bn:00049862n</annotation>
		<annotation source="MCS" anchor="junto" bfScore="--" coherenceScore="--">bn:00105539a</annotation>
		<annotation source="MCS" anchor="sois" bfScore="--" coherenceScore="--">bn:00083187v</annotation>
		<annotation source="MCS" anchor="afligidos" bfScore="--" coherenceScore="--">bn:00082464v</annotation>
		<annotation source="MCS" anchor="sucederá" bfScore="--" coherenceScore="--">bn:00085337v</annotation>
		<annotation source="BABELFY" anchor="Señor Jesús" bfScore="1.0" coherenceScore="0.6991150442477876">bn:00018805n</annotation>
		<annotation source="MCS" anchor="poderosos" bfScore="--" coherenceScore="--">bn:00108878a</annotation>
		<annotation source="BABELFY" anchor="ángeles" bfScore="0.8448996092170866" coherenceScore="0.48672566371681414">bn:00004063n</annotation>
		<annotation source="MCS" anchor="manifieste" bfScore="--" coherenceScore="--">bn:00082913v</annotation>
		<annotation source="BABELFY" anchor="llama" bfScore="0.9814814814814815" coherenceScore="0.3274336283185841">bn:00034625n</annotation>
		<annotation source="MCS" anchor="fuego" bfScore="--" coherenceScore="--">bn:00034623n</annotation>
		<annotation source="MCS" anchor="retribución" bfScore="--" coherenceScore="--">bn:08468131n</annotation>
		<annotation source="BABELFY" anchor="han" bfScore="0.8064516129032258" coherenceScore="0.13274336283185842">bn:00083184v</annotation>
		<annotation source="BABELFY" anchor="conocido" bfScore="0.9036144578313253" coherenceScore="0.13274336283185842">bn:00090143v</annotation>
		<annotation source="MCS" anchor="obedecen" bfScore="--" coherenceScore="--">bn:00091112v</annotation>
		<annotation source="BABELFY" anchor="evangelio" bfScore="0.7781954887218046" coherenceScore="0.40707964601769914">bn:00031976n</annotation>
		<annotation source="MCS" anchor="serán" bfScore="--" coherenceScore="--">bn:00083187v</annotation>
		<annotation source="BABELFY" anchor="castigados" bfScore="0.782608695652174" coherenceScore="0.05309734513274336">bn:00084639v</annotation>
		<annotation source="MCS" anchor="eterna" bfScore="--" coherenceScore="--">bn:00096562a</annotation>
		<annotation source="BABELFY" anchor="perdición" bfScore="0.8942675159235669" coherenceScore="0.34513274336283184">bn:00043604n</annotation>
		<annotation source="MCS" anchor="excluidos" bfScore="--" coherenceScore="--">bn:00084160v</annotation>
		<annotation source="MCS" anchor="presencia" bfScore="--" coherenceScore="--">bn:00064201n</annotation>
		<annotation source="MCS" anchor="gloria" bfScore="--" coherenceScore="--">bn:00040711n</annotation>
		<annotation source="MCS" anchor="poder" bfScore="--" coherenceScore="--">bn:00063940n</annotation>
		<annotation source="MCS" anchor="día" bfScore="--" coherenceScore="--">bn:00000086n</annotation>
		<annotation source="MCS" anchor="ser" bfScore="--" coherenceScore="--">bn:00083187v</annotation>
		<annotation source="MCS" anchor="santos" bfScore="--" coherenceScore="--">bn:00053896n</annotation>
		<annotation source="MCS" anchor="admirado" bfScore="--" coherenceScore="--">bn:00082367v</annotation>
		<annotation source="MCS" anchor="creyeron" bfScore="--" coherenceScore="--">bn:00083369v</annotation>
		<annotation source="MCS" anchor="testimonio" bfScore="--" coherenceScore="--">bn:00076677n</annotation>
		<annotation source="BABELFY" anchor="ha" bfScore="0.8064516129032258" coherenceScore="0.13274336283185842">bn:00083184v</annotation>
		<annotation source="MCS" anchor="sido" bfScore="--" coherenceScore="--">bn:00083187v</annotation>
		<annotation source="MCS" anchor="creído" bfScore="--" coherenceScore="--">bn:00083369v</annotation>
		<annotation source="MCS" anchor="fin" bfScore="--" coherenceScore="--">bn:00025588n</annotation>
		<annotation source="BABELFY" anchor="siempre" bfScore="1.0" coherenceScore="0.02654867256637168">bn:00114250r</annotation>
		<annotation source="MCS" anchor="haga" bfScore="--" coherenceScore="--">bn:00087107v</annotation>
		<annotation source="MCS" anchor="llamamiento" bfScore="--" coherenceScore="--">bn:00014817n</annotation>
		<annotation source="BABELFY" anchor="cumpla" bfScore="0.8247978436657682" coherenceScore="0.1504424778761062">bn:00082139v</annotation>
		<annotation source="MCS" anchor="buen" bfScore="--" coherenceScore="--">bn:00103672a</annotation>
		<annotation source="MCS" anchor="propósito" bfScore="--" coherenceScore="--">bn:00036822n</annotation>
		<annotation source="MCS" anchor="obra" bfScore="--" coherenceScore="--">bn:00011767n</annotation>
		<annotation source="BABELFY" anchor="manera" bfScore="0.787100300628587" coherenceScore="0.35398230088495575">bn:00033729n</annotation>
		<annotation source="MCS" anchor="nombre" bfScore="--" coherenceScore="--">bn:00056758n</annotation>
		<annotation source="MCS" anchor="sea" bfScore="--" coherenceScore="--">bn:00083187v</annotation>
		<annotation source="MCS" anchor="gracia" bfScore="--" coherenceScore="--">bn:00041227n</annotation>
	</annotations>
</paragraph>
<paragraph id="p.2">
	<text>
		Ahora , con respecto a la venida de nuestro Señor Jesucristo y nuestra reunión con él , os rogamos , hermanos
		que no seáis movidos fácilmente de vuestro modo de pensar ni seáis alarmados , ni por espíritu , ni por palabra , ni por carta como si fuera nuestra , como que ya hubiera llegado el día del Señor
		Nadie os engañe de ninguna manera ; porque esto no sucederá sin que venga primero la apostasía y se manifieste el hombre de iniquidad , el hijo de perdición
		Éste se opondrá y se alzará contra todo lo que se llama Dios o que se adora , tanto que se sentará en el templo de Dios haciéndose pasar por Dios
		¿ No os acordáis que mientras yo estaba todavía con vosotros , os decía esto
		Ahora sabéis qué lo detiene , a fin de que a su debido tiempo él sea revelado
		Porque ya está obrando el misterio de la iniquidad ; solamente espera hasta que sea quitado de en medio el que ahora lo detiene
		Y entonces será manifestado aquel inicuo , a quien el Señor Jesús matará con el soplo de su boca y destruirá con el resplandor de su venida
		El advenimiento del inicuo es por operación de Satanás , con todo poder , señales y prodigios falsos
		y con todo engaño de injusticia entre los que perecen , por cuanto no recibieron el amor de la verdad para ser salvos
		Por esto , Dios les enviará una fuerza de engaño para que crean la mentira
		a fin de que sean condenados todos los que no creyeron a la verdad , sino que se complacieron en la injusticia
		Pero nosotros debemos dar gracias a Dios siempre por vosotros , hermanos amados del Señor , de que Dios os haya escogido desde el principio para salvación , por la santificación del Espíritu y fe en la verdad
		Con este fin os llamó Dios por medio de nuestro evangelio para alcanzar la gloria de nuestro Señor Jesucristo
		Así que , hermanos , estad firmes y retened las doctrinas en que habéis sido enseñados , sea por palabra o por carta nuestra
		Y el mismo Señor nuestro Jesucristo , y nuestro Padre Dios quien nos amó y por gracia nos dio eterno consuelo y buena esperanza
		anime vuestros corazones y os confirme en toda obra y palabra buena
	</text>
	<annotations>
		<annotation source="MCS" anchor="Ahora" bfScore="--" coherenceScore="--">bn:00114424r</annotation>
		<annotation source="BABELFY" anchor="respecto" bfScore="1.0" coherenceScore="0.03896103896103896">bn:00066865n</annotation>
		<annotation source="MCS" anchor="venida" bfScore="--" coherenceScore="--">bn:00082788v</annotation>
		<annotation source="BABELFY" anchor="nuestro Señor Jesucristo" bfScore="1.0" coherenceScore="0.6948051948051948">bn:00018805n</annotation>
		<annotation source="MCS" anchor="Señor" bfScore="--" coherenceScore="--">bn:00055346n</annotation>
		<annotation source="BABELFY" anchor="Señor Jesucristo" bfScore="1.0" coherenceScore="0.6948051948051948">bn:00018805n</annotation>
		<annotation source="BABELFY" anchor="Jesucristo" bfScore="1.0" coherenceScore="0.6948051948051948">bn:00018805n</annotation>
		<annotation source="MCS" anchor="reunión" bfScore="--" coherenceScore="--">bn:00041948n</annotation>
		<annotation source="BABELFY" anchor="rogamos" bfScore="0.7346938775510204" coherenceScore="0.03896103896103896">bn:00082355v</annotation>
		<annotation source="MCS" anchor="hermanos" bfScore="--" coherenceScore="--">bn:00071400n</annotation>
		<annotation source="MCS" anchor="seáis" bfScore="--" coherenceScore="--">bn:00083187v</annotation>
		<annotation source="MCS" anchor="movidos" bfScore="--" coherenceScore="--">bn:00087012v</annotation>
		<annotation source="BABELFY" anchor="fácilmente" bfScore="0.7563025210084033" coherenceScore="0.05844155844155844">bn:00115155r</annotation>
		<annotation source="MCS" anchor="modo" bfScore="--" coherenceScore="--">bn:00055441n</annotation>
		<annotation source="MCS" anchor="pensar" bfScore="--" coherenceScore="--">bn:00084733v</annotation>
		<annotation source="BABELFY" anchor="alarmados" bfScore="1.0" coherenceScore="0.006493506493506494">bn:00082507v</annotation>
		<annotation source="MCS" anchor="espíritu" bfScore="--" coherenceScore="--">bn:00033960n</annotation>
		<annotation source="BABELFY" anchor="palabra" bfScore="0.9573170731707317" coherenceScore="0.5844155844155844">bn:00081546n</annotation>
		<annotation source="MCS" anchor="carta" bfScore="--" coherenceScore="--">bn:00050802n</annotation>
		<annotation source="MCS" anchor="fuera" bfScore="--" coherenceScore="--">bn:00083187v</annotation>
		<annotation source="BABELFY" anchor="hubiera" bfScore="0.7301587301587301" coherenceScore="0.14285714285714285">bn:00083184v</annotation>
		<annotation source="MCS" anchor="llegado" bfScore="--" coherenceScore="--">bn:00082788v</annotation>
		<annotation source="MCS" anchor="día" bfScore="--" coherenceScore="--">bn:00000086n</annotation>
		<annotation source="MCS" anchor="engañe" bfScore="--" coherenceScore="--">bn:00083458v</annotation>
		<annotation source="BABELFY" anchor="manera" bfScore="0.8599512343797623" coherenceScore="0.37012987012987014">bn:00033729n</annotation>
		<annotation source="MCS" anchor="sucederá" bfScore="--" coherenceScore="--">bn:00085337v</annotation>
		<annotation source="BABELFY" anchor="primero" bfScore="1.0" coherenceScore="0.006493506493506494">bn:00114298r</annotation>
		<annotation source="BABELFY" anchor="apostasía" bfScore="1.0" coherenceScore="0.09090909090909091">bn:00004977n</annotation>
		<annotation source="MCS" anchor="manifieste" bfScore="--" coherenceScore="--">bn:00082913v</annotation>
		<annotation source="MCS" anchor="hombre" bfScore="--" coherenceScore="--">bn:00001533n</annotation>
		<annotation source="MCS" anchor="iniquidad" bfScore="--" coherenceScore="--">bn:00025234n</annotation>
		<annotation source="MCS" anchor="hijo" bfScore="--" coherenceScore="--">bn:00024244n</annotation>
		<annotation source="BABELFY" anchor="opondrá" bfScore="1.0" coherenceScore="0.06493506493506493">bn:00091181v</annotation>
		<annotation source="MCS" anchor="alzará" bfScore="--" coherenceScore="--">bn:00084110v</annotation>
		<annotation source="MCS" anchor="llama" bfScore="--" coherenceScore="--">bn:00084386v</annotation>
		<annotation source="MCS" anchor="adora" bfScore="--" coherenceScore="--">bn:00095832v</annotation>
		<annotation source="BABELFY" anchor="sentará" bfScore="0.8823529411764706" coherenceScore="0.032467532467532464">bn:00093776v</annotation>
		<annotation source="MCS" anchor="templo" bfScore="--" coherenceScore="--">bn:00076465n</annotation>
		<annotation source="MCS" anchor="haciendo" bfScore="--" coherenceScore="--">bn:00087107v</annotation>
		<annotation source="MCS" anchor="pasar" bfScore="--" coherenceScore="--">bn:00091458v</annotation>
		<annotation source="MCS" anchor="acordáis" bfScore="--" coherenceScore="--">bn:00086716v</annotation>
		<annotation source="MCS" anchor="todavía" bfScore="--" coherenceScore="--">bn:00114369r</annotation>
		<annotation source="MCS" anchor="decía" bfScore="--" coherenceScore="--">bn:00093287v</annotation>
		<annotation source="MCS" anchor="sabéis" bfScore="--" coherenceScore="--">bn:00085261v</annotation>
		<annotation source="MCS" anchor="detiene" bfScore="--" coherenceScore="--">bn:00083623v</annotation>
		<annotation source="MCS" anchor="fin" bfScore="--" coherenceScore="--">bn:00025588n</annotation>
		<annotation source="BABELFY" anchor="debido" bfScore="0.9878419452887538" coherenceScore="0.08441558441558442">bn:00091362v</annotation>
		<annotation source="BABELFY" anchor="tiempo" bfScore="0.712401055408971" coherenceScore="0.37012987012987014">bn:00077270n</annotation>
		<annotation source="MCS" anchor="sea" bfScore="--" coherenceScore="--">bn:00083187v</annotation>
		<annotation source="MCS" anchor="revelado" bfScore="--" coherenceScore="--">bn:00083912v</annotation>
		<annotation source="BABELFY" anchor="obrando" bfScore="1.0" coherenceScore="0.045454545454545456">bn:00082286v</annotation>
		<annotation source="MCS" anchor="misterio" bfScore="--" coherenceScore="--">bn:00019934n</annotation>
		<annotation source="BABELFY" anchor="solamente" bfScore="0.9388888888888889" coherenceScore="0.16883116883116883">bn:00114626r</annotation>
		<annotation source="MCS" anchor="espera" bfScore="--" coherenceScore="--">bn:00080340n</annotation>
		<annotation source="MCS" anchor="quitado" bfScore="--" coherenceScore="--">bn:00092783v</annotation>
		<annotation source="MCS" anchor="ahora" bfScore="--" coherenceScore="--">bn:00114424r</annotation>
		<annotation source="MCS" anchor="entonces" bfScore="--" coherenceScore="--">bn:00117250r</annotation>
		<annotation source="MCS" anchor="será" bfScore="--" coherenceScore="--">bn:00083187v</annotation>
		<annotation source="MCS" anchor="manifestado" bfScore="--" coherenceScore="--">bn:00082913v</annotation>
		<annotation source="BABELFY" anchor="inicuo" bfScore="0.8957654723127035" coherenceScore="0.07142857142857142">bn:00113178a</annotation>
		<annotation source="BABELFY" anchor="Señor Jesús" bfScore="1.0" coherenceScore="0.6948051948051948">bn:00018805n</annotation>
		<annotation source="BABELFY" anchor="matará" bfScore="0.7687165775401069" coherenceScore="0.16233766233766234">bn:00090099v</annotation>
		<annotation source="MCS" anchor="soplo" bfScore="--" coherenceScore="--">bn:00011462n</annotation>
		<annotation source="MCS" anchor="boca" bfScore="--" coherenceScore="--">bn:00056135n</annotation>
		<annotation source="MCS" anchor="destruirá" bfScore="--" coherenceScore="--">bn:00086699v</annotation>
		<annotation source="MCS" anchor="resplandor" bfScore="--" coherenceScore="--">bn:00040714n</annotation>
		<annotation source="BABELFY" anchor="advenimiento" bfScore="0.84375" coherenceScore="0.11688311688311688">bn:00001566n</annotation>
		<annotation source="MCS" anchor="es" bfScore="--" coherenceScore="--">bn:00083187v</annotation>
		<annotation source="MCS" anchor="operación" bfScore="--" coherenceScore="--">bn:00059127n</annotation>
		<annotation source="MCS" anchor="poder" bfScore="--" coherenceScore="--">bn:00063940n</annotation>
		<annotation source="MCS" anchor="señales" bfScore="--" coherenceScore="--">bn:00071525n</annotation>
		<annotation source="MCS" anchor="falsos" bfScore="--" coherenceScore="--">bn:00098117a</annotation>
		<annotation source="MCS" anchor="engaño" bfScore="--" coherenceScore="--">bn:00023504n</annotation>
		<annotation source="MCS" anchor="injusticia" bfScore="--" coherenceScore="--">bn:00046793n</annotation>
		<annotation source="BABELFY" anchor="perecen" bfScore="1.0" coherenceScore="0.13636363636363635">bn:00084343v</annotation>
		<annotation source="MCS" anchor="recibieron" bfScore="--" coherenceScore="--">bn:00089246v</annotation>
		<annotation source="BABELFY" anchor="amor" bfScore="0.9132825386850993" coherenceScore="0.5">bn:00052121n</annotation>
		<annotation source="BABELFY" anchor="verdad" bfScore="0.9385026737967914" coherenceScore="0.487012987012987">bn:00072816n</annotation>
		<annotation source="MCS" anchor="ser" bfScore="--" coherenceScore="--">bn:00083187v</annotation>
		<annotation source="BABELFY" anchor="enviará" bfScore="0.7480916030534351" coherenceScore="0.09090909090909091">bn:00090753v</annotation>
		<annotation source="MCS" anchor="fuerza" bfScore="--" coherenceScore="--">bn:00035768n</annotation>
		<annotation source="MCS" anchor="mentira" bfScore="--" coherenceScore="--">bn:00032874n</annotation>
		<annotation source="MCS" anchor="sean" bfScore="--" coherenceScore="--">bn:00083187v</annotation>
		<annotation source="MCS" anchor="condenados" bfScore="--" coherenceScore="--">bn:00085548v</annotation>
		<annotation source="MCS" anchor="creyeron" bfScore="--" coherenceScore="--">bn:00083369v</annotation>
		<annotation source="BABELFY" anchor="debemos" bfScore="0.9878419452887538" coherenceScore="0.08441558441558442">bn:00091362v</annotation>
		<annotation source="MCS" anchor="dar" bfScore="--" coherenceScore="--">bn:00088815v</annotation>
		<annotation source="MCS" anchor="dar gracias" bfScore="--" coherenceScore="--">bn:13764643v</annotation>
		<annotation source="MCS" anchor="gracias" bfScore="--" coherenceScore="--">bn:00041227n</annotation>
		<annotation source="MCS" anchor="siempre" bfScore="--" coherenceScore="--">bn:00114251r</annotation>
		<annotation source="BABELFY" anchor="haya" bfScore="0.7301587301587301" coherenceScore="0.14285714285714285">bn:00083184v</annotation>
		<annotation source="MCS" anchor="escogido" bfScore="--" coherenceScore="--">bn:00091590v</annotation>
		<annotation source="MCS" anchor="principio" bfScore="--" coherenceScore="--">bn:00009633n</annotation>
		<annotation source="BABELFY" anchor="salvación" bfScore="0.7617859123682751" coherenceScore="0.2662337662337662">bn:00069034n</annotation>
		<annotation source="BABELFY" anchor="santificación" bfScore="0.7808219178082192" coherenceScore="0.12337662337662338">bn:17234447n</annotation>
		<annotation source="MCS" anchor="Espíritu" bfScore="--" coherenceScore="--">bn:00033960n</annotation>
		<annotation source="BABELFY" anchor="fe" bfScore="0.9742098552799338" coherenceScore="0.7922077922077922">bn:00032768n</annotation>
		<annotation source="MCS" anchor="llamó" bfScore="--" coherenceScore="--">bn:00084386v</annotation>
		<annotation source="MCS" anchor="medio" bfScore="--" coherenceScore="--">bn:00054149n</annotation>
		<annotation source="BABELFY" anchor="evangelio" bfScore="0.8744744744744745" coherenceScore="0.36363636363636365">bn:00031976n</annotation>
		<annotation source="MCS" anchor="alcanzar" bfScore="--" coherenceScore="--">bn:00082790v</annotation>
		<annotation source="MCS" anchor="gloria" bfScore="--" coherenceScore="--">bn:00040711n</annotation>
		<annotation source="MCS" anchor="Así" bfScore="--" coherenceScore="--">bn:00036261n</annotation>
		<annotation source="MCS" anchor="firmes" bfScore="--" coherenceScore="--">bn:00102999a</annotation>
		<annotation source="MCS" anchor="doctrinas" bfScore="--" coherenceScore="--">bn:00028013n</annotation>
		<annotation source="BABELFY" anchor="habéis" bfScore="0.7301587301587301" coherenceScore="0.14285714285714285">bn:00083184v</annotation>
		<annotation source="MCS" anchor="sido" bfScore="--" coherenceScore="--">bn:00083187v</annotation>
		<annotation source="MCS" anchor="enseñados" bfScore="--" coherenceScore="--">bn:00089791v</annotation>
		<annotation source="MCS" anchor="mismo" bfScore="--" coherenceScore="--">bn:00110076a</annotation>
		<annotation source="MCS" anchor="Padre" bfScore="--" coherenceScore="--">bn:00009616n</annotation>
		<annotation source="MCS" anchor="amó" bfScore="--" coherenceScore="--">bn:00090505v</annotation>
		<annotation source="MCS" anchor="gracia" bfScore="--" coherenceScore="--">bn:00041227n</annotation>
		<annotation source="MCS" anchor="dio" bfScore="--" coherenceScore="--">bn:00088815v</annotation>
		<annotation source="MCS" anchor="eterno" bfScore="--" coherenceScore="--">bn:00096562a</annotation>
		<annotation source="MCS" anchor="consuelo" bfScore="--" coherenceScore="--">bn:00020542n</annotation>
		<annotation source="MCS" anchor="buena" bfScore="--" coherenceScore="--">bn:00103672a</annotation>
		<annotation source="MCS" anchor="esperanza" bfScore="--" coherenceScore="--">bn:00044737n</annotation>
		<annotation source="MCS" anchor="anime" bfScore="--" coherenceScore="--">bn:00082629v</annotation>
		<annotation source="MCS" anchor="corazones" bfScore="--" coherenceScore="--">bn:00043383n</annotation>
		<annotation source="MCS" anchor="confirme" bfScore="--" coherenceScore="--">bn:00082434v</annotation>
		<annotation source="MCS" anchor="obra" bfScore="--" coherenceScore="--">bn:00011767n</annotation>
	</annotations>
</paragraph>
<paragraph id="p.3">
	<text>
		Por lo demás , hermanos , orad por nosotros para que la palabra del Señor se difunda rápidamente y sea glorificada , así como sucedió también entre vosotros
		y que seamos librados de hombres perversos y malos ; porque no es de todos la fe
		Pero fiel es el Señor , que os establecerá y os guardará del mal
		Tenemos confianza en el Señor en cuanto a vosotros , que hacéis y haréis lo que os mandamos
		¡ El Señor dirija vuestros corazones hacia el amor de Dios y la paciencia de Cristo
		Sin embargo , os mandamos , hermanos , en el nombre de nuestro Señor Jesucristo , que os apartéis de todo hermano que ande desordenadamente y no conforme a la doctrina que recibieron de parte nuestra
		Vosotros mismos sabéis de qué manera debéis imitarnos , porque no hemos vivido desordenadamente entre vosotros
		ni hemos comido de balde el pan de nadie . Más bien , trabajamos arduamente hasta la fatiga , de noche y de día , para no ser gravosos a ninguno de vosotros
		no porque no tuviésemos autoridad , sino para daros en nuestras personas un ejemplo a imitar
		Aún estando con vosotros os amonestábamos así : que si alguno no quiere trabajar , tampoco coma
		Porque hemos oído que algunos andan desordenadamente entre vosotros , sin trabajar en nada , sino entrometiéndose en lo ajeno
		A los tales les ordenamos y les exhortamos en el Señor Jesucristo que trabajando sosegadamente coman su propio pan
		Y vosotros , hermanos , no os canséis de hacer el bien
		Si alguno no obedece nuestra palabra por carta , a ése señaladlo y no tengáis trato con él , para que le dé vergüenza
		Pero no lo tengáis por enemigo , sino amonestadle como a hermano
		Y el mismo Señor de paz os dé siempre paz en toda manera . El Señor sea con todos vosotros
		Este saludo es de mi mano , Pablo . Así es mi firma en todas mis cartas , tal como escribo
		La gracia de nuestro Señor Jesucristo sea con todos vosotros
	</text>
	<annotations>
		<annotation source="MCS" anchor="hermanos" bfScore="--" coherenceScore="--">bn:00071400n</annotation>
		<annotation source="BABELFY" anchor="palabra" bfScore="0.9687860161352286" coherenceScore="0.5923076923076923">bn:00081546n</annotation>
		<annotation source="MCS" anchor="Señor" bfScore="--" coherenceScore="--">bn:00055346n</annotation>
		<annotation source="MCS" anchor="difunda" bfScore="--" coherenceScore="--">bn:00084119v</annotation>
		<annotation source="BABELFY" anchor="rápidamente" bfScore="0.7636363636363637" coherenceScore="0.046153846153846156">bn:00114307r</annotation>
		<annotation source="MCS" anchor="sea" bfScore="--" coherenceScore="--">bn:00083187v</annotation>
		<annotation source="MCS" anchor="así" bfScore="--" coherenceScore="--">bn:00117048r</annotation>
		<annotation source="MCS" anchor="sucedió" bfScore="--" coherenceScore="--">bn:00085337v</annotation>
		<annotation source="MCS" anchor="seamos" bfScore="--" coherenceScore="--">bn:00083187v</annotation>
		<annotation source="MCS" anchor="librados" bfScore="--" coherenceScore="--">bn:00087631v</annotation>
		<annotation source="MCS" anchor="hombres" bfScore="--" coherenceScore="--">bn:00001533n</annotation>
		<annotation source="MCS" anchor="perversos" bfScore="--" coherenceScore="--">bn:00107197a</annotation>
		<annotation source="MCS" anchor="malos" bfScore="--" coherenceScore="--">bn:00097966a</annotation>
		<annotation source="MCS" anchor="es" bfScore="--" coherenceScore="--">bn:00083187v</annotation>
		<annotation source="BABELFY" anchor="fe" bfScore="0.946776350212197" coherenceScore="0.7615384615384615">bn:00032768n</annotation>
		<annotation source="MCS" anchor="fiel" bfScore="--" coherenceScore="--">bn:00102728a</annotation>
		<annotation source="MCS" anchor="establecerá" bfScore="--" coherenceScore="--">bn:00085671v</annotation>
		<annotation source="MCS" anchor="guardará" bfScore="--" coherenceScore="--">bn:00089407v</annotation>
		<annotation source="MCS" anchor="mal" bfScore="--" coherenceScore="--">bn:00032048n</annotation>
		<annotation source="MCS" anchor="Tenemos" bfScore="--" coherenceScore="--">bn:00089385v</annotation>
		<annotation source="MCS" anchor="confianza" bfScore="--" coherenceScore="--">bn:00021742n</annotation>
		<annotation source="MCS" anchor="hacéis" bfScore="--" coherenceScore="--">bn:00087107v</annotation>
		<annotation source="MCS" anchor="mandamos" bfScore="--" coherenceScore="--">bn:00085400v</annotation>
		<annotation source="MCS" anchor="dirija" bfScore="--" coherenceScore="--">bn:00084792v</annotation>
		<annotation source="MCS" anchor="corazones" bfScore="--" coherenceScore="--">bn:00043383n</annotation>
		<annotation source="BABELFY" anchor="amor" bfScore="0.8501435014350144" coherenceScore="0.4461538461538462">bn:00052121n</annotation>
		<annotation source="MCS" anchor="paciencia" bfScore="--" coherenceScore="--">bn:00035762n</annotation>
		<annotation source="BABELFY" anchor="Cristo" bfScore="0.999825601674224" coherenceScore="0.6461538461538462">bn:00018805n</annotation>
		<annotation source="BABELFY" anchor="Sin embargo" bfScore="1.0" coherenceScore="0.046153846153846156">bn:00021883n</annotation>
		<annotation source="MCS" anchor="embargo" bfScore="--" coherenceScore="--">bn:00030465n</annotation>
		<annotation source="MCS" anchor="nombre" bfScore="--" coherenceScore="--">bn:00056758n</annotation>
		<annotation source="BABELFY" anchor="nuestro Señor Jesucristo" bfScore="1.0" coherenceScore="0.6461538461538462">bn:00018805n</annotation>
		<annotation source="BABELFY" anchor="Señor Jesucristo" bfScore="1.0" coherenceScore="0.6461538461538462">bn:00018805n</annotation>
		<annotation source="BABELFY" anchor="Jesucristo" bfScore="1.0" coherenceScore="0.6461538461538462">bn:00018805n</annotation>
		<annotation source="MCS" anchor="hermano" bfScore="--" coherenceScore="--">bn:00071400n</annotation>
		<annotation source="MCS" anchor="ande" bfScore="--" coherenceScore="--">bn:00094337v</annotation>
		<annotation source="BABELFY" anchor="desordenadamente" bfScore="1.0" coherenceScore="0.023076923076923078">bn:00115614r</annotation>
		<annotation source="MCS" anchor="conforme" bfScore="--" coherenceScore="--">bn:13602588a</annotation>
		<annotation source="MCS" anchor="doctrina" bfScore="--" coherenceScore="--">bn:00028013n</annotation>
		<annotation source="BABELFY" anchor="recibieron" bfScore="0.7977839335180056" coherenceScore="0.12307692307692308">bn:00092494v</annotation>
		<annotation source="MCS" anchor="parte" bfScore="--" coherenceScore="--">bn:00060765n</annotation>
		<annotation source="BABELFY" anchor="Vosotros" bfScore="1.0" coherenceScore="0.03076923076923077">bn:03231238n</annotation>
		<annotation source="MCS" anchor="mismos" bfScore="--" coherenceScore="--">bn:00110076a</annotation>
		<annotation source="MCS" anchor="sabéis" bfScore="--" coherenceScore="--">bn:00085261v</annotation>
		<annotation source="BABELFY" anchor="manera" bfScore="0.911144578313253" coherenceScore="0.4230769230769231">bn:00033729n</annotation>
		<annotation source="BABELFY" anchor="debéis" bfScore="0.95" coherenceScore="0.07692307692307693">bn:00091362v</annotation>
		<annotation source="BABELFY" anchor="imitar" bfScore="0.7907949790794979" coherenceScore="0.16153846153846155">bn:00085805v</annotation>
		<annotation source="BABELFY" anchor="hemos" bfScore="0.8715953307392996" coherenceScore="0.1076923076923077">bn:00083184v</annotation>
		<annotation source="MCS" anchor="vivido" bfScore="--" coherenceScore="--">bn:00087617v</annotation>
		<annotation source="MCS" anchor="comido" bfScore="--" coherenceScore="--">bn:00087461v</annotation>
		<annotation source="MCS" anchor="balde" bfScore="--" coherenceScore="--">bn:00060179n</annotation>
		<annotation source="BABELFY" anchor="pan" bfScore="0.7077151335311572" coherenceScore="0.2076923076923077">bn:00012873n</annotation>
		<annotation source="BABELFY" anchor="nadie" bfScore="1.0" coherenceScore="0.007692307692307693">bn:00019154n</annotation>
		<annotation source="MCS" anchor="bien" bfScore="--" coherenceScore="--">bn:00115530r</annotation>
		<annotation source="MCS" anchor="trabajamos" bfScore="--" coherenceScore="--">bn:00095812v</annotation>
		<annotation source="BABELFY" anchor="arduamente" bfScore="1.0" coherenceScore="0.023076923076923078">bn:00114332r</annotation>
		<annotation source="MCS" anchor="fatiga" bfScore="--" coherenceScore="--">bn:00033801n</annotation>
		<annotation source="MCS" anchor="noche" bfScore="--" coherenceScore="--">bn:00025236n</annotation>
		<annotation source="MCS" anchor="día" bfScore="--" coherenceScore="--">bn:00000086n</annotation>
		<annotation source="MCS" anchor="ser" bfScore="--" coherenceScore="--">bn:00083187v</annotation>
		<annotation source="MCS" anchor="tuviésemos" bfScore="--" coherenceScore="--">bn:00089385v</annotation>
		<annotation source="MCS" anchor="autoridad" bfScore="--" coherenceScore="--">bn:00007302n</annotation>
		<annotation source="MCS" anchor="daros" bfScore="--" coherenceScore="--">bn:00088815v</annotation>
		<annotation source="BABELFY" anchor="personas" bfScore="0.882436596349846" coherenceScore="0.7846153846153846">bn:00046516n</annotation>
		<annotation source="MCS" anchor="ejemplo" bfScore="--" coherenceScore="--">bn:00032100n</annotation>
		<annotation source="MCS" anchor="quiere" bfScore="--" coherenceScore="--">bn:00086682v</annotation>
		<annotation source="MCS" anchor="trabajar" bfScore="--" coherenceScore="--">bn:00095812v</annotation>
		<annotation source="MCS" anchor="tampoco" bfScore="--" coherenceScore="--">bn:13664534r</annotation>
		<annotation source="MCS" anchor="coma" bfScore="--" coherenceScore="--">bn:00020937n</annotation>
		<annotation source="MCS" anchor="oído" bfScore="--" coherenceScore="--">bn:00089277v</annotation>
		<annotation source="MCS" anchor="andan" bfScore="--" coherenceScore="--">bn:00094337v</annotation>
		<annotation source="MCS" anchor="ajeno" bfScore="--" coherenceScore="--">bn:00096773a</annotation>
		<annotation source="MCS" anchor="exhortamos" bfScore="--" coherenceScore="--">bn:00083132v</annotation>
		<annotation source="MCS" anchor="trabajando" bfScore="--" coherenceScore="--">bn:00095812v</annotation>
		<annotation source="MCS" anchor="coman" bfScore="--" coherenceScore="--">bn:00087461v</annotation>
		<annotation source="BABELFY" anchor="propio" bfScore="0.7395498392282959" coherenceScore="0.15384615384615385">bn:00096707a</annotation>
		<annotation source="MCS" anchor="hacer" bfScore="--" coherenceScore="--">bn:00087107v</annotation>
		<annotation source="MCS" anchor="bien" bfScore="--" coherenceScore="--">bn:00041061n</annotation>
		<annotation source="BABELFY" anchor="Si" bfScore="0.9811320754716981" coherenceScore="0.06153846153846154">bn:00047162n</annotation>
		<annotation source="MCS" anchor="obedece" bfScore="--" coherenceScore="--">bn:00091112v</annotation>
		<annotation source="MCS" anchor="carta" bfScore="--" coherenceScore="--">bn:00050802n</annotation>
		<annotation source="MCS" anchor="tengáis" bfScore="--" coherenceScore="--">bn:00089385v</annotation>
		<annotation source="MCS" anchor="trato" bfScore="--" coherenceScore="--">bn:00025556n</annotation>
		<annotation source="MCS" anchor="dé" bfScore="--" coherenceScore="--">bn:00088815v</annotation>
		<annotation source="MCS" anchor="vergüenza" bfScore="--" coherenceScore="--">bn:00027566n</annotation>
		<annotation source="MCS" anchor="mismo" bfScore="--" coherenceScore="--">bn:00110076a</annotation>
		<annotation source="MCS" anchor="paz" bfScore="--" coherenceScore="--">bn:00061149n</annotation>
		<annotation source="BABELFY" anchor="siempre" bfScore="0.9402985074626866" coherenceScore="0.05384615384615385">bn:00114250r</annotation>
		<annotation source="BABELFY" anchor="saludo" bfScore="0.7643312101910829" coherenceScore="0.18461538461538463">bn:00041739n</annotation>
		<annotation source="BABELFY" anchor="mano" bfScore="0.7651579846285226" coherenceScore="0.24615384615384617">bn:00042759n</annotation>
		<annotation source="BABELFY" anchor="Pablo" bfScore="0.9632107023411371" coherenceScore="0.3384615384615385">bn:00004984n</annotation>
		<annotation source="MCS" anchor="firma" bfScore="--" coherenceScore="--">bn:00071547n</annotation>
		<annotation source="MCS" anchor="cartas" bfScore="--" coherenceScore="--">bn:00050802n</annotation>
		<annotation source="MCS" anchor="escribo" bfScore="--" coherenceScore="--">bn:00092123v</annotation>
		<annotation source="MCS" anchor="La gracia" bfScore="--" coherenceScore="--">bn:15608557n</annotation>
		<annotation source="MCS" anchor="gracia" bfScore="--" coherenceScore="--">bn:00041227n</annotation>
	</annotations>
</paragraph>
</dataset>
