<?xml version="1.0" encoding="utf-8"?>
<dataset language="ES" title="JON">
<paragraph id="p.1">
	<text>
		La palabra de Jehovah vino a Jonás hijo de Amitai , diciendo
		&amp;quot; Levántate y ve a Nínive , la gran ciudad , y predica contra ella ; porque su maldad ha subido a mi presencia .
		Entonces Jonás se levantó para huir de la presencia de Jehovah a Tarsis . Descendió a Jope y halló un barco que iba a Tarsis ; y pagando su pasaje , entró en él para irse con ellos a Tarsis , huyendo de la presencia de Jehovah
		Pero Jehovah lanzó un gran viento sobre el mar , y se produjo una enorme tempestad , de manera que el barco estaba a punto de romperse
		Los marineros tuvieron miedo , y cada uno invocaba a su dios . Y echaron al mar el cargamento que había en el barco , para aligerarlo . Pero Jonás había bajado al fondo del barco , se había acostado y se había quedado profundamente dormido
		El capitán del barco se acercó a Jonás y le dijo : - - ¿ Qué te pasa , dormilón ? ¡ Levántate e invoca a tu dios ! Quizás él se fije en nosotros , y no perezcamos
		Entonces se dijeron unos a otros : - - ¡ Venid y echemos suertes para saber por culpa de quién nos ha sobrevenido este mal ! Echaron suertes , y la suerte cayó sobre Jonás
		Entonces le dijeron : - - Decláranos por qué nos ha sobrevenido este mal . ¿ Qué oficio tienes y de dónde vienes ? ¿ Cuál es tu país , y de qué pueblo eres
		Él respondió : - - Soy hebreo y temo a Jehovah , Dios de los cielos , que hizo el mar y la tierra
		Aquellos hombres temieron muchísimo y le preguntaron : - - ¿ Por qué has hecho esto ? Pues entendieron que huía de la presencia de Jehovah , ya que él se lo había declarado
		Y le preguntaron : - - ¿ Qué haremos contigo para que el mar se nos calme ? Porque el mar se embravecía más y más
		Y él respondió : - - Levantadme y echadme al mar , y se os calmará ; pues yo sé que por mi causa os ha sobrevenido esta gran tempestad
		Aquellos hombres remaban para hacer volver el barco a tierra , pero no pudieron , porque el mar se embravecía cada vez más
		Entonces clamaron a Jehovah diciendo : - - ¡ Oh Jehovah , por favor , no perezcamos nosotros por la vida de este hombre ! No nos hagas responsables de sangre inocente , porque tú , oh Jehovah , has hecho como has querido
		Entonces levantaron a Jonás y lo echaron al mar , y el mar cesó de su furia
		Y aquellos hombres temieron grandemente a Jehovah ; le ofrecieron un sacrificio e hicieron votos
		Pero Jehovah dispuso un gran pez que se tragase a Jonás . Y éste estuvo en el vientre del pez tres días y tres noches
	</text>
	<annotations>
		<annotation source="BABELFY" anchor="palabra" bfScore="0.980174672489083" coherenceScore="0.4416243654822335">bn:00081546n</annotation>
		<annotation source="BABELFY" anchor="Jehovah" bfScore="1.0" coherenceScore="0.19796954314720813">bn:00047890n</annotation>
		<annotation source="MCS" anchor="vino" bfScore="--" coherenceScore="--">bn:00082788v</annotation>
		<annotation source="BABELFY" anchor="Jonás" bfScore="0.998849252013809" coherenceScore="0.14213197969543148">bn:00048401n</annotation>
		<annotation source="MCS" anchor="hijo" bfScore="--" coherenceScore="--">bn:00024244n</annotation>
		<annotation source="MCS" anchor="diciendo" bfScore="--" coherenceScore="--">bn:00093287v</annotation>
		<annotation source="MCS" anchor="Levanta" bfScore="--" coherenceScore="--">bn:00084110v</annotation>
		<annotation source="MCS" anchor="ve" bfScore="--" coherenceScore="--">bn:00093430v</annotation>
		<annotation source="BABELFY" anchor="gran" bfScore="0.7825552825552825" coherenceScore="0.19796954314720813">bn:00098342a</annotation>
		<annotation source="BABELFY" anchor="gran ciudad" bfScore="1.0" coherenceScore="0.025380710659898477">bn:16820949n</annotation>
		<annotation source="BABELFY" anchor="ciudad" bfScore="0.9152055622732769" coherenceScore="0.3553299492385787">bn:03335997n</annotation>
		<annotation source="MCS" anchor="predica" bfScore="--" coherenceScore="--">bn:00091922v</annotation>
		<annotation source="MCS" anchor="maldad" bfScore="--" coherenceScore="--">bn:00007875n</annotation>
		<annotation source="MCS" anchor="ha" bfScore="--" coherenceScore="--">bn:00083184v</annotation>
		<annotation source="MCS" anchor="subido" bfScore="--" coherenceScore="--">bn:00089381v</annotation>
		<annotation source="MCS" anchor="presencia" bfScore="--" coherenceScore="--">bn:00064201n</annotation>
		<annotation source="MCS" anchor="Entonces" bfScore="--" coherenceScore="--">bn:00117250r</annotation>
		<annotation source="MCS" anchor="levantó" bfScore="--" coherenceScore="--">bn:00084110v</annotation>
		<annotation source="MCS" anchor="huir" bfScore="--" coherenceScore="--">bn:00083961v</annotation>
		<annotation source="BABELFY" anchor="Tarsis" bfScore="1.0" coherenceScore="0.10152284263959391">bn:03550818n</annotation>
		<annotation source="MCS" anchor="Descendió" bfScore="--" coherenceScore="--">bn:00085356v</annotation>
		<annotation source="BABELFY" anchor="Jope" bfScore="1.0" coherenceScore="0.14720812182741116">bn:00047880n</annotation>
		<annotation source="BABELFY" anchor="halló" bfScore="0.92" coherenceScore="0.07614213197969544">bn:00082902v</annotation>
		<annotation source="MCS" anchor="barco" bfScore="--" coherenceScore="--">bn:00011674n</annotation>
		<annotation source="MCS" anchor="iba" bfScore="--" coherenceScore="--">bn:00088912v</annotation>
		<annotation source="MCS" anchor="pagando" bfScore="--" coherenceScore="--">bn:00091493v</annotation>
		<annotation source="MCS" anchor="pasaje" bfScore="--" coherenceScore="--">bn:00014087n</annotation>
		<annotation source="MCS" anchor="entró" bfScore="--" coherenceScore="--">bn:00085363v</annotation>
		<annotation source="MCS" anchor="irse" bfScore="--" coherenceScore="--">bn:00084196v</annotation>
		<annotation source="MCS" anchor="huyendo" bfScore="--" coherenceScore="--">bn:00083961v</annotation>
		<annotation source="MCS" anchor="lanzó" bfScore="--" coherenceScore="--">bn:00094934v</annotation>
		<annotation source="BABELFY" anchor="viento" bfScore="0.742958440023636" coherenceScore="0.20812182741116753">bn:00002216n</annotation>
		<annotation source="BABELFY" anchor="mar" bfScore="0.925974365681402" coherenceScore="0.30456852791878175">bn:00069946n</annotation>
		<annotation source="MCS" anchor="produjo" bfScore="--" coherenceScore="--">bn:00086013v</annotation>
		<annotation source="MCS" anchor="enorme" bfScore="--" coherenceScore="--">bn:00103812a</annotation>
		<annotation source="BABELFY" anchor="manera" bfScore="0.9312175288005421" coherenceScore="0.49238578680203043">bn:00033729n</annotation>
		<annotation source="MCS" anchor="punto" bfScore="--" coherenceScore="--">bn:00036777n</annotation>
		<annotation source="MCS" anchor="romper" bfScore="--" coherenceScore="--">bn:00083998v</annotation>
		<annotation source="MCS" anchor="marineros" bfScore="--" coherenceScore="--">bn:00040864n</annotation>
		<annotation source="MCS" anchor="tuvieron" bfScore="--" coherenceScore="--">bn:00089385v</annotation>
		<annotation source="BABELFY" anchor="miedo" bfScore="0.8216498206716661" coherenceScore="0.17766497461928935">bn:00033854n</annotation>
		<annotation source="MCS" anchor="invocaba" bfScore="--" coherenceScore="--">bn:00082770v</annotation>
		<annotation source="MCS" anchor="echaron" bfScore="--" coherenceScore="--">bn:00084634v</annotation>
		<annotation source="BABELFY" anchor="cargamento" bfScore="1.0" coherenceScore="0.1116751269035533">bn:00011691n</annotation>
		<annotation source="MCS" anchor="había" bfScore="--" coherenceScore="--">bn:00083184v</annotation>
		<annotation source="BABELFY" anchor="aligerar" bfScore="1.0" coherenceScore="0.005076142131979695">bn:00090358v</annotation>
		<annotation source="MCS" anchor="bajado" bfScore="--" coherenceScore="--">bn:00087203v</annotation>
		<annotation source="MCS" anchor="fondo" bfScore="--" coherenceScore="--">bn:00007771n</annotation>
		<annotation source="MCS" anchor="acostado" bfScore="--" coherenceScore="--">bn:00090326v</annotation>
		<annotation source="MCS" anchor="quedado" bfScore="--" coherenceScore="--">bn:00092757v</annotation>
		<annotation source="BABELFY" anchor="profundamente" bfScore="1.0" coherenceScore="0.025380710659898477">bn:00114957r</annotation>
		<annotation source="BABELFY" anchor="dormido" bfScore="1.0" coherenceScore="0.04568527918781726">bn:00097589a</annotation>
		<annotation source="BABELFY" anchor="El capitán" bfScore="0.7333333333333333" coherenceScore="0.05583756345177665">bn:00303628n</annotation>
		<annotation source="MCS" anchor="capitán" bfScore="--" coherenceScore="--">bn:00015752n</annotation>
		<annotation source="MCS" anchor="acercó" bfScore="--" coherenceScore="--">bn:00082735v</annotation>
		<annotation source="MCS" anchor="dijo" bfScore="--" coherenceScore="--">bn:00093287v</annotation>
		<annotation source="MCS" anchor="pasa" bfScore="--" coherenceScore="--">bn:00091458v</annotation>
		<annotation source="BABELFY" anchor="dormilón" bfScore="0.7272727272727273" coherenceScore="0.04060913705583756">bn:00072127n</annotation>
		<annotation source="MCS" anchor="invoca" bfScore="--" coherenceScore="--">bn:00082770v</annotation>
		<annotation source="BABELFY" anchor="Quizás" bfScore="1.0" coherenceScore="0.005076142131979695">bn:00116211r</annotation>
		<annotation source="MCS" anchor="fije" bfScore="--" coherenceScore="--">bn:00088246v</annotation>
		<annotation source="MCS" anchor="dijeron" bfScore="--" coherenceScore="--">bn:00093287v</annotation>
		<annotation source="MCS" anchor="Venid" bfScore="--" coherenceScore="--">bn:00082788v</annotation>
		<annotation source="MCS" anchor="echemos" bfScore="--" coherenceScore="--">bn:00084634v</annotation>
		<annotation source="MCS" anchor="suertes" bfScore="--" coherenceScore="--">bn:00017622n</annotation>
		<annotation source="MCS" anchor="saber" bfScore="--" coherenceScore="--">bn:00085261v</annotation>
		<annotation source="BABELFY" anchor="culpa" bfScore="0.968" coherenceScore="0.05583756345177665">bn:00082250v</annotation>
		<annotation source="BABELFY" anchor="sobrevenido" bfScore="1.0" coherenceScore="0.27411167512690354">bn:00085337v</annotation>
		<annotation source="MCS" anchor="mal" bfScore="--" coherenceScore="--">bn:00032048n</annotation>
		<annotation source="MCS" anchor="Echaron" bfScore="--" coherenceScore="--">bn:00084634v</annotation>
		<annotation source="MCS" anchor="suerte" bfScore="--" coherenceScore="--">bn:00017622n</annotation>
		<annotation source="MCS" anchor="cayó" bfScore="--" coherenceScore="--">bn:00087976v</annotation>
		<annotation source="MCS" anchor="Declara" bfScore="--" coherenceScore="--">bn:00082527v</annotation>
		<annotation source="MCS" anchor="oficio" bfScore="--" coherenceScore="--">bn:00023496n</annotation>
		<annotation source="MCS" anchor="tienes" bfScore="--" coherenceScore="--">bn:00089385v</annotation>
		<annotation source="MCS" anchor="vienes" bfScore="--" coherenceScore="--">bn:00082788v</annotation>
		<annotation source="BABELFY" anchor="es" bfScore="0.7171492204899778" coherenceScore="0.14213197969543148">bn:00083181v</annotation>
		<annotation source="MCS" anchor="país" bfScore="--" coherenceScore="--">bn:00023235n</annotation>
		<annotation source="MCS" anchor="pueblo" bfScore="--" coherenceScore="--">bn:00021149n</annotation>
		<annotation source="BABELFY" anchor="eres" bfScore="0.7171492204899778" coherenceScore="0.14213197969543148">bn:00083181v</annotation>
		<annotation source="MCS" anchor="respondió" bfScore="--" coherenceScore="--">bn:00092421v</annotation>
		<annotation source="MCS" anchor="Soy" bfScore="--" coherenceScore="--">bn:00083187v</annotation>
		<annotation source="MCS" anchor="hebreo" bfScore="--" coherenceScore="--">bn:00104078a</annotation>
		<annotation source="MCS" anchor="temo" bfScore="--" coherenceScore="--">bn:00088065v</annotation>
		<annotation source="MCS" anchor="cielos" bfScore="--" coherenceScore="--">bn:00072016n</annotation>
		<annotation source="MCS" anchor="hizo" bfScore="--" coherenceScore="--">bn:00087107v</annotation>
		<annotation source="BABELFY" anchor="Aquellos" bfScore="1.0" coherenceScore="0.06598984771573604">bn:00026653n</annotation>
		<annotation source="MCS" anchor="hombres" bfScore="--" coherenceScore="--">bn:00001533n</annotation>
		<annotation source="MCS" anchor="temieron" bfScore="--" coherenceScore="--">bn:00088065v</annotation>
		<annotation source="MCS" anchor="preguntaron" bfScore="--" coherenceScore="--">bn:00082819v</annotation>
		<annotation source="MCS" anchor="has" bfScore="--" coherenceScore="--">bn:00083184v</annotation>
		<annotation source="MCS" anchor="hecho" bfScore="--" coherenceScore="--">bn:00087107v</annotation>
		<annotation source="MCS" anchor="entendieron" bfScore="--" coherenceScore="--">bn:00092443v</annotation>
		<annotation source="MCS" anchor="huía" bfScore="--" coherenceScore="--">bn:00083961v</annotation>
		<annotation source="MCS" anchor="declarado" bfScore="--" coherenceScore="--">bn:00082527v</annotation>
		<annotation source="MCS" anchor="haremos" bfScore="--" coherenceScore="--">bn:00087107v</annotation>
		<annotation source="MCS" anchor="calme" bfScore="--" coherenceScore="--">bn:00082525v</annotation>
		<annotation source="MCS" anchor="Levantad" bfScore="--" coherenceScore="--">bn:00084110v</annotation>
		<annotation source="MCS" anchor="echad" bfScore="--" coherenceScore="--">bn:00084634v</annotation>
		<annotation source="MCS" anchor="causa" bfScore="--" coherenceScore="--">bn:00015051n</annotation>
		<annotation source="MCS" anchor="hacer" bfScore="--" coherenceScore="--">bn:00087107v</annotation>
		<annotation source="BABELFY" anchor="volver" bfScore="0.868421052631579" coherenceScore="0.16751269035532995">bn:00088736v</annotation>
		<annotation source="BABELFY" anchor="pudieron" bfScore="1.0" coherenceScore="0.06598984771573604">bn:00084451v</annotation>
		<annotation source="BABELFY" anchor="vez" bfScore="0.9565217391304348" coherenceScore="0.1116751269035533">bn:00019848n</annotation>
		<annotation source="BABELFY" anchor="vez más" bfScore="1.0" coherenceScore="0.10152284263959391">bn:00114171r</annotation>
		<annotation source="BABELFY" anchor="Oh" bfScore="0.890400604686319" coherenceScore="0.15736040609137056">bn:00006912n</annotation>
		<annotation source="MCS" anchor="favor" bfScore="--" coherenceScore="--">bn:00033832n</annotation>
		<annotation source="BABELFY" anchor="vida" bfScore="0.8350062735257214" coherenceScore="0.27918781725888325">bn:00051054n</annotation>
		<annotation source="MCS" anchor="hombre" bfScore="--" coherenceScore="--">bn:00001533n</annotation>
		<annotation source="MCS" anchor="hagas" bfScore="--" coherenceScore="--">bn:00087107v</annotation>
		<annotation source="BABELFY" anchor="responsables" bfScore="0.7916666666666666" coherenceScore="0.09644670050761421">bn:00096282a</annotation>
		<annotation source="BABELFY" anchor="sangre" bfScore="0.7624932831810854" coherenceScore="0.16751269035532995">bn:00011346n</annotation>
		<annotation source="MCS" anchor="inocente" bfScore="--" coherenceScore="--">bn:00099796a</annotation>
		<annotation source="BABELFY" anchor="oh" bfScore="0.890400604686319" coherenceScore="0.15736040609137056">bn:00006912n</annotation>
		<annotation source="MCS" anchor="querido" bfScore="--" coherenceScore="--">bn:00086682v</annotation>
		<annotation source="MCS" anchor="levantaron" bfScore="--" coherenceScore="--">bn:00084110v</annotation>
		<annotation source="BABELFY" anchor="cesó" bfScore="0.9905660377358491" coherenceScore="0.07614213197969544">bn:00084710v</annotation>
		<annotation source="MCS" anchor="furia" bfScore="--" coherenceScore="--">bn:00046864n</annotation>
		<annotation source="MCS" anchor="grandemente" bfScore="--" coherenceScore="--">bn:00114557r</annotation>
		<annotation source="MCS" anchor="ofrecieron" bfScore="--" coherenceScore="--">bn:00091136v</annotation>
		<annotation source="BABELFY" anchor="sacrificio" bfScore="0.7783882783882784" coherenceScore="0.17258883248730963">bn:00067941n</annotation>
		<annotation source="MCS" anchor="hicieron" bfScore="--" coherenceScore="--">bn:00087107v</annotation>
		<annotation source="MCS" anchor="votos" bfScore="--" coherenceScore="--">bn:00008198n</annotation>
		<annotation source="MCS" anchor="dispuso" bfScore="--" coherenceScore="--">bn:00082784v</annotation>
		<annotation source="MCS" anchor="traga" bfScore="--" coherenceScore="--">bn:00083503v</annotation>
		<annotation source="MCS" anchor="vientre" bfScore="--" coherenceScore="--">bn:00000249n</annotation>
		<annotation source="MCS" anchor="días" bfScore="--" coherenceScore="--">bn:00000086n</annotation>
		<annotation source="MCS" anchor="noches" bfScore="--" coherenceScore="--">bn:00025236n</annotation>
	</annotations>
</paragraph>
<paragraph id="p.2">
	<text>
		Y desde el vientre del pez oró Jonás a Jehovah su Dios
		Y dijo : &amp;quot; Desde mi angustia invoqué a Jehovah , y él me respondió . Clamé desde el vientre del Seol , y tú escuchaste mi voz
		Me arrojaste a lo profundo , en el corazón de los mares , y me rodeó la corriente : Todas tus ondas y tus olas han pasado sobre mí
		Yo dije : Expulsado soy de delante de tus ojos ; pero aún he de ver tu santo templo
		Las aguas me han envuelto hasta la garganta ; me rodeó el abismo . Las algas se enredaron en mi cabeza
		Descendí a la base de las montañas . La tierra echó sus cerrojos tras de mí para siempre . Pero tú hiciste subir mi vida de la fosa , ¡ oh Jehovah , Dios mío
		Cuando mi alma desfallecía dentro de mí , me acordé de Jehovah ; y mi oración llegó hasta ti , a tu santo templo
		Los que veneran las vanidades ilusorias abandonan su lealtad
		Pero yo te ofreceré sacrificio con voz de alabanza . Lo que prometí haciendo votos , lo cumpliré . ¡ La salvación pertenece a Jehovah !
		Entonces Jehovah habló al pez , y éste vomitó a Jonás en tierra
	</text>
	<annotations>
		<annotation source="BABELFY" anchor="vientre" bfScore="0.8871391076115486" coherenceScore="0.15853658536585366">bn:00000249n</annotation>
		<annotation source="BABELFY" anchor="pez" bfScore="0.9108545034642033" coherenceScore="0.35365853658536583">bn:00062612n</annotation>
		<annotation source="BABELFY" anchor="oró" bfScore="1.0" coherenceScore="0.12195121951219512">bn:00091921v</annotation>
		<annotation source="BABELFY" anchor="Jonás" bfScore="1.0" coherenceScore="0.10975609756097561">bn:00048401n</annotation>
		<annotation source="BABELFY" anchor="Jehovah" bfScore="1.0" coherenceScore="0.2073170731707317">bn:00047890n</annotation>
		<annotation source="MCS" anchor="dijo" bfScore="--" coherenceScore="--">bn:00093287v</annotation>
		<annotation source="MCS" anchor="angustia" bfScore="--" coherenceScore="--">bn:00004175n</annotation>
		<annotation source="MCS" anchor="invoqué" bfScore="--" coherenceScore="--">bn:00082770v</annotation>
		<annotation source="MCS" anchor="respondió" bfScore="--" coherenceScore="--">bn:00092421v</annotation>
		<annotation source="MCS" anchor="escuchaste" bfScore="--" coherenceScore="--">bn:00090400v</annotation>
		<annotation source="MCS" anchor="voz" bfScore="--" coherenceScore="--">bn:00080185n</annotation>
		<annotation source="MCS" anchor="profundo" bfScore="--" coherenceScore="--">bn:00101043a</annotation>
		<annotation source="BABELFY" anchor="corazón" bfScore="0.7285067873303167" coherenceScore="0.2804878048780488">bn:00043383n</annotation>
		<annotation source="BABELFY" anchor="mares" bfScore="0.9061063690085358" coherenceScore="0.24390243902439024">bn:00069946n</annotation>
		<annotation source="MCS" anchor="rodeó" bfScore="--" coherenceScore="--">bn:00084979v</annotation>
		<annotation source="MCS" anchor="corriente" bfScore="--" coherenceScore="--">bn:00024510n</annotation>
		<annotation source="MCS" anchor="ondas" bfScore="--" coherenceScore="--">bn:00079036n</annotation>
		<annotation source="MCS" anchor="olas" bfScore="--" coherenceScore="--">bn:00056171n</annotation>
		<annotation source="MCS" anchor="han" bfScore="--" coherenceScore="--">bn:00083184v</annotation>
		<annotation source="MCS" anchor="pasado" bfScore="--" coherenceScore="--">bn:00091458v</annotation>
		<annotation source="MCS" anchor="dije" bfScore="--" coherenceScore="--">bn:00093287v</annotation>
		<annotation source="MCS" anchor="Expulsado" bfScore="--" coherenceScore="--">bn:00083066v</annotation>
		<annotation source="MCS" anchor="soy" bfScore="--" coherenceScore="--">bn:00083187v</annotation>
		<annotation source="MCS" anchor="delante" bfScore="--" coherenceScore="--">bn:00114182r</annotation>
		<annotation source="BABELFY" anchor="ojos" bfScore="0.9244992295839753" coherenceScore="0.3048780487804878">bn:00032512n</annotation>
		<annotation source="MCS" anchor="aún" bfScore="--" coherenceScore="--">bn:00115246r</annotation>
		<annotation source="MCS" anchor="he" bfScore="--" coherenceScore="--">bn:00083184v</annotation>
		<annotation source="MCS" anchor="ver" bfScore="--" coherenceScore="--">bn:00093430v</annotation>
		<annotation source="MCS" anchor="santo" bfScore="--" coherenceScore="--">bn:00097090a</annotation>
		<annotation source="MCS" anchor="templo" bfScore="--" coherenceScore="--">bn:00076465n</annotation>
		<annotation source="BABELFY" anchor="Las aguas" bfScore="1.0" coherenceScore="0.012195121951219513">bn:16778609n</annotation>
		<annotation source="BABELFY" anchor="aguas" bfScore="0.7917856358444981" coherenceScore="0.4268292682926829">bn:00042379n</annotation>
		<annotation source="MCS" anchor="envuelto" bfScore="--" coherenceScore="--">bn:00087593v</annotation>
		<annotation source="MCS" anchor="garganta" bfScore="--" coherenceScore="--">bn:00061897n</annotation>
		<annotation source="MCS" anchor="abismo" bfScore="--" coherenceScore="--">bn:00017929n</annotation>
		<annotation source="BABELFY" anchor="algas" bfScore="0.8766233766233766" coherenceScore="0.18292682926829268">bn:00002671n</annotation>
		<annotation source="BABELFY" anchor="enredaron" bfScore="0.7559055118110236" coherenceScore="0.0975609756097561">bn:00090967v</annotation>
		<annotation source="MCS" anchor="cabeza" bfScore="--" coherenceScore="--">bn:00015784n</annotation>
		<annotation source="MCS" anchor="base" bfScore="--" coherenceScore="--">bn:00008786n</annotation>
		<annotation source="BABELFY" anchor="montañas" bfScore="0.8808290155440415" coherenceScore="0.18292682926829268">bn:00056068n</annotation>
		<annotation source="MCS" anchor="echó" bfScore="--" coherenceScore="--">bn:00084634v</annotation>
		<annotation source="BABELFY" anchor="siempre" bfScore="1.0" coherenceScore="0.024390243902439025">bn:00114250r</annotation>
		<annotation source="MCS" anchor="hiciste" bfScore="--" coherenceScore="--">bn:00087107v</annotation>
		<annotation source="MCS" anchor="subir" bfScore="--" coherenceScore="--">bn:00089381v</annotation>
		<annotation source="BABELFY" anchor="vida" bfScore="0.9334330590875094" coherenceScore="0.3902439024390244">bn:00051054n</annotation>
		<annotation source="MCS" anchor="fosa" bfScore="--" coherenceScore="--">bn:00016896n</annotation>
		<annotation source="MCS" anchor="alma" bfScore="--" coherenceScore="--">bn:00065006n</annotation>
		<annotation source="BABELFY" anchor="dentro" bfScore="1.0" coherenceScore="0.06097560975609756">bn:00115906r</annotation>
		<annotation source="MCS" anchor="acordé" bfScore="--" coherenceScore="--">bn:00086716v</annotation>
		<annotation source="BABELFY" anchor="oración" bfScore="0.8796622097114708" coherenceScore="0.3048780487804878">bn:00059529n</annotation>
		<annotation source="MCS" anchor="llegó" bfScore="--" coherenceScore="--">bn:00082788v</annotation>
		<annotation source="MCS" anchor="vanidades" bfScore="--" coherenceScore="--">bn:00021531n</annotation>
		<annotation source="MCS" anchor="ilusorias" bfScore="--" coherenceScore="--">bn:00101007a</annotation>
		<annotation source="MCS" anchor="abandonan" bfScore="--" coherenceScore="--">bn:00082118v</annotation>
		<annotation source="BABELFY" anchor="lealtad" bfScore="0.8823529411764706" coherenceScore="0.06097560975609756">bn:00052218n</annotation>
		<annotation source="MCS" anchor="ofreceré" bfScore="--" coherenceScore="--">bn:00091136v</annotation>
		<annotation source="BABELFY" anchor="sacrificio" bfScore="0.9162011173184358" coherenceScore="0.2926829268292683">bn:00067941n</annotation>
		<annotation source="MCS" anchor="alabanza" bfScore="--" coherenceScore="--">bn:01193643n</annotation>
		<annotation source="MCS" anchor="prometí" bfScore="--" coherenceScore="--">bn:00091749v</annotation>
		<annotation source="MCS" anchor="haciendo" bfScore="--" coherenceScore="--">bn:00087107v</annotation>
		<annotation source="MCS" anchor="votos" bfScore="--" coherenceScore="--">bn:00008198n</annotation>
		<annotation source="BABELFY" anchor="cumpliré" bfScore="0.7222222222222222" coherenceScore="0.0975609756097561">bn:00082225v</annotation>
		<annotation source="MCS" anchor="salvación" bfScore="--" coherenceScore="--">bn:00066712n</annotation>
		<annotation source="BABELFY" anchor="pertenece" bfScore="0.9032258064516129" coherenceScore="0.0975609756097561">bn:00083388v</annotation>
		<annotation source="BABELFY" anchor="Entonces" bfScore="1.0" coherenceScore="0.012195121951219513">bn:00114281r</annotation>
		<annotation source="MCS" anchor="habló" bfScore="--" coherenceScore="--">bn:00094090v</annotation>
		<annotation source="BABELFY" anchor="vomitó" bfScore="1.0" coherenceScore="0.0975609756097561">bn:00083115v</annotation>
	</annotations>
</paragraph>
<paragraph id="p.3">
	<text>
		La palabra de Jehovah vino por segunda vez a Jonás , diciendo
		&amp;quot; Levántate y ve a Nínive , la gran ciudad , y proclámale el mensaje que yo te daré .
		Entonces Jonás se levantó y fue a Nínive , conforme a la palabra de Jehovah . Nínive era una ciudad grande , de tres días de camino
		Jonás comenzó a recorrer la ciudad durante un día de recorrido , y proclamaba diciendo : &amp;quot; ¡ De aquí a cuarenta días Nínive será destruida !
		Pero los hombres de Nínive creyeron a Dios , proclamaron ayuno y se cubrieron de cilicio , desde el mayor hasta el menor
		El asunto llegó hasta el rey de Nínive , quien se levantó de su trono , se despojó de su manto , se cubrió de cilicio y se sentó sobre ceniza
		E hizo proclamar y anunciar en Nínive , por mandato del rey y de sus grandes : &amp;quot; ¡ Que hombres y animales , bueyes y ovejas , no coman cosa alguna ! ¡ No se les dé alimento , ni beban agua
		Cúbranse de cilicio tanto hombres como animales . Invoquen a Dios con todas sus fuerzas , y arrepiéntase cada uno de su mal camino y de la violencia que hay en sus manos
		¿ Quién sabe si Dios desiste y cambia de parecer , y se aparta del furor de su ira , y así no pereceremos ?
		Dios vio lo que hicieron , que se volvieron de su mal camino , y desistió del mal que había determinado hacerles , y no lo hizo
	</text>
	<annotations>
		<annotation source="BABELFY" anchor="palabra" bfScore="0.9785544082605242" coherenceScore="0.5612244897959183">bn:00081546n</annotation>
		<annotation source="BABELFY" anchor="Jehovah" bfScore="1.0" coherenceScore="0.12244897959183673">bn:00047890n</annotation>
		<annotation source="MCS" anchor="vino" bfScore="--" coherenceScore="--">bn:00082788v</annotation>
		<annotation source="BABELFY" anchor="vez" bfScore="0.9230769230769231" coherenceScore="0.09183673469387756">bn:00019848n</annotation>
		<annotation source="BABELFY" anchor="Jonás" bfScore="0.9090909090909091" coherenceScore="0.09183673469387756">bn:00048401n</annotation>
		<annotation source="MCS" anchor="diciendo" bfScore="--" coherenceScore="--">bn:00093287v</annotation>
		<annotation source="MCS" anchor="Levanta" bfScore="--" coherenceScore="--">bn:00084110v</annotation>
		<annotation source="MCS" anchor="ve" bfScore="--" coherenceScore="--">bn:00093430v</annotation>
		<annotation source="BABELFY" anchor="gran" bfScore="0.8455666470933646" coherenceScore="0.24489795918367346">bn:00098342a</annotation>
		<annotation source="BABELFY" anchor="gran ciudad" bfScore="1.0" coherenceScore="0.030612244897959183">bn:16820949n</annotation>
		<annotation source="BABELFY" anchor="ciudad" bfScore="0.8545796737766624" coherenceScore="0.5">bn:03335997n</annotation>
		<annotation source="MCS" anchor="proclama" bfScore="--" coherenceScore="--">bn:00092037v</annotation>
		<annotation source="MCS" anchor="mensaje" bfScore="--" coherenceScore="--">bn:00054523n</annotation>
		<annotation source="MCS" anchor="daré" bfScore="--" coherenceScore="--">bn:00088815v</annotation>
		<annotation source="MCS" anchor="Entonces" bfScore="--" coherenceScore="--">bn:00117250r</annotation>
		<annotation source="MCS" anchor="levantó" bfScore="--" coherenceScore="--">bn:00084110v</annotation>
		<annotation source="BABELFY" anchor="era" bfScore="0.7681331747919143" coherenceScore="0.17346938775510204">bn:00083181v</annotation>
		<annotation source="MCS" anchor="grande" bfScore="--" coherenceScore="--">bn:00098342a</annotation>
		<annotation source="MCS" anchor="días" bfScore="--" coherenceScore="--">bn:00000086n</annotation>
		<annotation source="MCS" anchor="camino" bfScore="--" coherenceScore="--">bn:00080721n</annotation>
		<annotation source="MCS" anchor="comenzó" bfScore="--" coherenceScore="--">bn:00083341v</annotation>
		<annotation source="BABELFY" anchor="recorrer" bfScore="0.7619047619047619" coherenceScore="0.08163265306122448">bn:00095049v</annotation>
		<annotation source="MCS" anchor="día" bfScore="--" coherenceScore="--">bn:00000086n</annotation>
		<annotation source="MCS" anchor="recorrido" bfScore="--" coherenceScore="--">bn:00041347n</annotation>
		<annotation source="MCS" anchor="proclamaba" bfScore="--" coherenceScore="--">bn:00092037v</annotation>
		<annotation source="MCS" anchor="aquí" bfScore="--" coherenceScore="--">bn:00115641r</annotation>
		<annotation source="BABELFY" anchor="será" bfScore="0.7681331747919143" coherenceScore="0.17346938775510204">bn:00083181v</annotation>
		<annotation source="MCS" anchor="destruida" bfScore="--" coherenceScore="--">bn:00086699v</annotation>
		<annotation source="MCS" anchor="hombres" bfScore="--" coherenceScore="--">bn:00001533n</annotation>
		<annotation source="MCS" anchor="creyeron" bfScore="--" coherenceScore="--">bn:00083369v</annotation>
		<annotation source="MCS" anchor="proclamaron" bfScore="--" coherenceScore="--">bn:00092037v</annotation>
		<annotation source="BABELFY" anchor="ayuno" bfScore="1.0" coherenceScore="0.07142857142857142">bn:00088049v</annotation>
		<annotation source="MCS" anchor="cubrieron" bfScore="--" coherenceScore="--">bn:00085904v</annotation>
		<annotation source="BABELFY" anchor="cilicio" bfScore="0.7619047619047619" coherenceScore="0.061224489795918366">bn:00042541n</annotation>
		<annotation source="MCS" anchor="mayor" bfScore="--" coherenceScore="--">bn:00098342a</annotation>
		<annotation source="MCS" anchor="menor" bfScore="--" coherenceScore="--">bn:00106058a</annotation>
		<annotation source="MCS" anchor="asunto" bfScore="--" coherenceScore="--">bn:00001734n</annotation>
		<annotation source="MCS" anchor="llegó" bfScore="--" coherenceScore="--">bn:00082788v</annotation>
		<annotation source="MCS" anchor="rey" bfScore="--" coherenceScore="--">bn:00049141n</annotation>
		<annotation source="BABELFY" anchor="trono" bfScore="0.8484848484848485" coherenceScore="0.10204081632653061">bn:00077086n</annotation>
		<annotation source="MCS" anchor="despojó" bfScore="--" coherenceScore="--">bn:00086690v</annotation>
		<annotation source="MCS" anchor="manto" bfScore="--" coherenceScore="--">bn:00053271n</annotation>
		<annotation source="MCS" anchor="cubrió" bfScore="--" coherenceScore="--">bn:00085904v</annotation>
		<annotation source="MCS" anchor="sentó" bfScore="--" coherenceScore="--">bn:00093776v</annotation>
		<annotation source="MCS" anchor="ceniza" bfScore="--" coherenceScore="--">bn:00019121n</annotation>
		<annotation source="MCS" anchor="hizo" bfScore="--" coherenceScore="--">bn:00087107v</annotation>
		<annotation source="MCS" anchor="proclamar" bfScore="--" coherenceScore="--">bn:00092037v</annotation>
		<annotation source="MCS" anchor="anunciar" bfScore="--" coherenceScore="--">bn:00082637v</annotation>
		<annotation source="MCS" anchor="mandato" bfScore="--" coherenceScore="--">bn:00046366n</annotation>
		<annotation source="MCS" anchor="grandes" bfScore="--" coherenceScore="--">bn:00098342a</annotation>
		<annotation source="MCS" anchor="anima" bfScore="--" coherenceScore="--">bn:00082629v</annotation>
		<annotation source="MCS" anchor="bueyes" bfScore="--" coherenceScore="--">bn:00059960n</annotation>
		<annotation source="MCS" anchor="ovejas" bfScore="--" coherenceScore="--">bn:00070967n</annotation>
		<annotation source="MCS" anchor="coman" bfScore="--" coherenceScore="--">bn:00087461v</annotation>
		<annotation source="MCS" anchor="cosa" bfScore="--" coherenceScore="--">bn:00076925n</annotation>
		<annotation source="MCS" anchor="dé" bfScore="--" coherenceScore="--">bn:00088815v</annotation>
		<annotation source="BABELFY" anchor="alimento" bfScore="0.7487765089722676" coherenceScore="0.3469387755102041">bn:00035650n</annotation>
		<annotation source="BABELFY" anchor="beban" bfScore="0.7192429022082019" coherenceScore="0.12244897959183673">bn:00087321v</annotation>
		<annotation source="BABELFY" anchor="agua" bfScore="0.8959778085991679" coherenceScore="0.3877551020408163">bn:00042379n</annotation>
		<annotation source="MCS" anchor="Invoquen" bfScore="--" coherenceScore="--">bn:00082770v</annotation>
		<annotation source="MCS" anchor="fuerzas" bfScore="--" coherenceScore="--">bn:00035768n</annotation>
		<annotation source="MCS" anchor="mal" bfScore="--" coherenceScore="--">bn:13624733a</annotation>
		<annotation source="BABELFY" anchor="violencia" bfScore="0.9440559440559441" coherenceScore="0.21428571428571427">bn:00035772n</annotation>
		<annotation source="BABELFY" anchor="hay" bfScore="0.7051282051282052" coherenceScore="0.10204081632653061">bn:00083183v</annotation>
		<annotation source="MCS" anchor="manos" bfScore="--" coherenceScore="--">bn:00042759n</annotation>
		<annotation source="MCS" anchor="sabe" bfScore="--" coherenceScore="--">bn:00085261v</annotation>
		<annotation source="MCS" anchor="desiste" bfScore="--" coherenceScore="--">bn:00088859v</annotation>
		<annotation source="MCS" anchor="cambia" bfScore="--" coherenceScore="--">bn:00082553v</annotation>
		<annotation source="MCS" anchor="parecer" bfScore="--" coherenceScore="--">bn:00082690v</annotation>
		<annotation source="MCS" anchor="aparta" bfScore="--" coherenceScore="--">bn:00084158v</annotation>
		<annotation source="MCS" anchor="furor" bfScore="--" coherenceScore="--">bn:00036903n</annotation>
		<annotation source="MCS" anchor="ira" bfScore="--" coherenceScore="--">bn:00004085n</annotation>
		<annotation source="MCS" anchor="vio" bfScore="--" coherenceScore="--">bn:00093430v</annotation>
		<annotation source="MCS" anchor="hicieron" bfScore="--" coherenceScore="--">bn:00087107v</annotation>
		<annotation source="BABELFY" anchor="volvieron" bfScore="0.9622641509433962" coherenceScore="0.32653061224489793">bn:00088736v</annotation>
		<annotation source="MCS" anchor="desistió" bfScore="--" coherenceScore="--">bn:00088859v</annotation>
		<annotation source="MCS" anchor="mal" bfScore="--" coherenceScore="--">bn:00032048n</annotation>
		<annotation source="BABELFY" anchor="había" bfScore="0.7051282051282052" coherenceScore="0.10204081632653061">bn:00083183v</annotation>
		<annotation source="MCS" anchor="determinado" bfScore="--" coherenceScore="--">bn:00086713v</annotation>
		<annotation source="MCS" anchor="hacer" bfScore="--" coherenceScore="--">bn:00087107v</annotation>
	</annotations>
</paragraph>
<paragraph id="p.4">
	<text>
		Pero esto desagradó grandemente a Jonás y lo enojó
		Y oró a Jehovah diciendo : - - Oh Jehovah , ¿ no es esto lo que decía yo estando aún en mi tierra ? ¡ Por eso me adelanté a huir a Tarsis ! Porque sabía que tú eres un Dios clemente y compasivo , lento para la ira , grande en misericordia y que desistes de hacer el mal
		Ahora , oh Jehovah , por favor , quítame la vida , porque mejor sería mi muerte que mi vida
		Jehovah le respondió : - - ¿ Haces bien en enojarte tanto
		Entonces Jonás salió de la ciudad y se sentó al oriente de ella . Allí se hizo una enramada y se sentó a su sombra hasta ver qué sucedería a la ciudad
		Entonces Jehovah dispuso que creciera una planta de ricino , para que hiciese sombra sobre la cabeza de Jonás para protegerle de la insolación . Y Jonás se alegró muchísimo por el ricino
		Pero Dios dispuso también , al amanecer del día siguiente , un gusano que atacó la planta de ricino , y ésta se secó
		Y aconteció que al salir el sol , Dios dispuso un sofocante viento oriental , y el sol hirió la cabeza de Jonás , de modo que se desmayaba y anhelaba morirse . Y dijo : - - ¡ Mejor sería mi muerte que mi vida
		Entonces Dios dijo a Jonás : - - ¿ Te parece bien enojarte por lo de la planta de ricino ? Él respondió : - - ¡ Me parece bien enojarme , hasta la muerte
		Y Jehovah le dijo : - - Tú te preocupas por la planta de ricino , por la cual no trabajaste ni la hiciste crecer , que en una noche llegó a existir y en una noche pereció
		¿ Y no he de preocuparme yo por Nínive , aquella gran ciudad , donde hay más de 120.000 personas que no distinguen su mano derecha de su mano izquierda , y muchos animales
	</text>
	<annotations>
		<annotation source="BABELFY" anchor="desagradó" bfScore="0.9" coherenceScore="0.021897810218978103">bn:00086983v</annotation>
		<annotation source="BABELFY" anchor="grandemente" bfScore="1.0" coherenceScore="0.029197080291970802">bn:00114557r</annotation>
		<annotation source="BABELFY" anchor="Jonás" bfScore="0.9696969696969697" coherenceScore="0.11678832116788321">bn:00048401n</annotation>
		<annotation source="BABELFY" anchor="enojó" bfScore="1.0" coherenceScore="0.029197080291970802">bn:00082610v</annotation>
		<annotation source="BABELFY" anchor="oró" bfScore="1.0" coherenceScore="0.08759124087591241">bn:00091921v</annotation>
		<annotation source="BABELFY" anchor="Jehovah" bfScore="1.0" coherenceScore="0.16058394160583941">bn:00047890n</annotation>
		<annotation source="MCS" anchor="diciendo" bfScore="--" coherenceScore="--">bn:00093287v</annotation>
		<annotation source="BABELFY" anchor="Oh" bfScore="0.9223394055608821" coherenceScore="0.27007299270072993">bn:00006912n</annotation>
		<annotation source="MCS" anchor="es" bfScore="--" coherenceScore="--">bn:00083187v</annotation>
		<annotation source="MCS" anchor="decía" bfScore="--" coherenceScore="--">bn:00093287v</annotation>
		<annotation source="MCS" anchor="aún" bfScore="--" coherenceScore="--">bn:00115246r</annotation>
		<annotation source="MCS" anchor="adelanté" bfScore="--" coherenceScore="--">bn:00091307v</annotation>
		<annotation source="MCS" anchor="huir" bfScore="--" coherenceScore="--">bn:00083961v</annotation>
		<annotation source="BABELFY" anchor="Tarsis" bfScore="1.0" coherenceScore="0.08759124087591241">bn:03550818n</annotation>
		<annotation source="MCS" anchor="sabía" bfScore="--" coherenceScore="--">bn:00085261v</annotation>
		<annotation source="MCS" anchor="eres" bfScore="--" coherenceScore="--">bn:00083187v</annotation>
		<annotation source="BABELFY" anchor="clemente" bfScore="1.0" coherenceScore="0.014598540145985401">bn:00099824a</annotation>
		<annotation source="BABELFY" anchor="compasivo" bfScore="0.75" coherenceScore="0.014598540145985401">bn:00100125a</annotation>
		<annotation source="BABELFY" anchor="lento" bfScore="0.7105263157894737" coherenceScore="0.06569343065693431">bn:00112831a</annotation>
		<annotation source="MCS" anchor="ira" bfScore="--" coherenceScore="--">bn:00004085n</annotation>
		<annotation source="MCS" anchor="grande" bfScore="--" coherenceScore="--">bn:00098342a</annotation>
		<annotation source="BABELFY" anchor="misericordia" bfScore="0.907258064516129" coherenceScore="0.10948905109489052">bn:00019708n</annotation>
		<annotation source="MCS" anchor="hacer" bfScore="--" coherenceScore="--">bn:00087107v</annotation>
		<annotation source="MCS" anchor="mal" bfScore="--" coherenceScore="--">bn:00114486r</annotation>
		<annotation source="MCS" anchor="Ahora" bfScore="--" coherenceScore="--">bn:00114424r</annotation>
		<annotation source="BABELFY" anchor="oh" bfScore="0.9223394055608821" coherenceScore="0.27007299270072993">bn:00006912n</annotation>
		<annotation source="MCS" anchor="favor" bfScore="--" coherenceScore="--">bn:00033832n</annotation>
		<annotation source="MCS" anchor="quita" bfScore="--" coherenceScore="--">bn:00092783v</annotation>
		<annotation source="BABELFY" anchor="vida" bfScore="0.8767558528428093" coherenceScore="0.35766423357664234">bn:00051054n</annotation>
		<annotation source="MCS" anchor="mejor" bfScore="--" coherenceScore="--">bn:00098282a</annotation>
		<annotation source="MCS" anchor="sería" bfScore="--" coherenceScore="--">bn:00083187v</annotation>
		<annotation source="BABELFY" anchor="muerte" bfScore="0.8691232528589581" coherenceScore="0.45985401459854014">bn:00025582n</annotation>
		<annotation source="MCS" anchor="respondió" bfScore="--" coherenceScore="--">bn:00092421v</annotation>
		<annotation source="MCS" anchor="Haces" bfScore="--" coherenceScore="--">bn:00009313n</annotation>
		<annotation source="MCS" anchor="bien" bfScore="--" coherenceScore="--">bn:00115530r</annotation>
		<annotation source="BABELFY" anchor="enojar" bfScore="1.0" coherenceScore="0.029197080291970802">bn:00082610v</annotation>
		<annotation source="BABELFY" anchor="Entonces" bfScore="1.0" coherenceScore="0.021897810218978103">bn:00076816n</annotation>
		<annotation source="MCS" anchor="salió" bfScore="--" coherenceScore="--">bn:00087845v</annotation>
		<annotation source="BABELFY" anchor="ciudad" bfScore="0.9025787965616046" coherenceScore="0.25547445255474455">bn:03335997n</annotation>
		<annotation source="MCS" anchor="sentó" bfScore="--" coherenceScore="--">bn:00093776v</annotation>
		<annotation source="MCS" anchor="oriente" bfScore="--" coherenceScore="--">bn:00091199v</annotation>
		<annotation source="BABELFY" anchor="Allí" bfScore="1.0" coherenceScore="0.051094890510948905">bn:00114427r</annotation>
		<annotation source="MCS" anchor="hizo" bfScore="--" coherenceScore="--">bn:00087107v</annotation>
		<annotation source="MCS" anchor="sombra" bfScore="--" coherenceScore="--">bn:00070830n</annotation>
		<annotation source="MCS" anchor="ver" bfScore="--" coherenceScore="--">bn:00093430v</annotation>
		<annotation source="MCS" anchor="sucedería" bfScore="--" coherenceScore="--">bn:00085337v</annotation>
		<annotation source="MCS" anchor="dispuso" bfScore="--" coherenceScore="--">bn:00082784v</annotation>
		<annotation source="MCS" anchor="creciera" bfScore="--" coherenceScore="--">bn:00089084v</annotation>
		<annotation source="MCS" anchor="planta" bfScore="--" coherenceScore="--">bn:00046568n</annotation>
		<annotation source="MCS" anchor="ricino" bfScore="--" coherenceScore="--">bn:00016575n</annotation>
		<annotation source="MCS" anchor="hiciese" bfScore="--" coherenceScore="--">bn:00087107v</annotation>
		<annotation source="MCS" anchor="cabeza" bfScore="--" coherenceScore="--">bn:00015784n</annotation>
		<annotation source="MCS" anchor="proteger" bfScore="--" coherenceScore="--">bn:00092103v</annotation>
		<annotation source="MCS" anchor="insolación" bfScore="--" coherenceScore="--">bn:00046912n</annotation>
		<annotation source="BABELFY" anchor="alegró" bfScore="0.7424242424242424" coherenceScore="0.051094890510948905">bn:00084881v</annotation>
		<annotation source="BABELFY" anchor="amanecer" bfScore="0.8609680741503605" coherenceScore="0.1386861313868613">bn:00007205n</annotation>
		<annotation source="MCS" anchor="día" bfScore="--" coherenceScore="--">bn:00000086n</annotation>
		<annotation source="BABELFY" anchor="día siguiente" bfScore="1.0" coherenceScore="0.029197080291970802">bn:00055937n</annotation>
		<annotation source="MCS" anchor="siguiente" bfScore="--" coherenceScore="--">bn:00103172a</annotation>
		<annotation source="MCS" anchor="gusano" bfScore="--" coherenceScore="--">bn:00052684n</annotation>
		<annotation source="MCS" anchor="atacó" bfScore="--" coherenceScore="--">bn:00082838v</annotation>
		<annotation source="MCS" anchor="secó" bfScore="--" coherenceScore="--">bn:00087402v</annotation>
		<annotation source="MCS" anchor="aconteció" bfScore="--" coherenceScore="--">bn:00083286v</annotation>
		<annotation source="MCS" anchor="salir" bfScore="--" coherenceScore="--">bn:00087845v</annotation>
		<annotation source="BABELFY" anchor="salir el sol" bfScore="1.0" coherenceScore="0.0072992700729927005">bn:00084053v</annotation>
		<annotation source="BABELFY" anchor="sol" bfScore="0.8165730337078652" coherenceScore="0.3722627737226277">bn:00075170n</annotation>
		<annotation source="BABELFY" anchor="viento" bfScore="0.7820748925721301" coherenceScore="0.1897810218978102">bn:00002216n</annotation>
		<annotation source="MCS" anchor="oriental" bfScore="--" coherenceScore="--">bn:00101959a</annotation>
		<annotation source="MCS" anchor="hirió" bfScore="--" coherenceScore="--">bn:00084149v</annotation>
		<annotation source="MCS" anchor="modo" bfScore="--" coherenceScore="--">bn:00055441n</annotation>
		<annotation source="BABELFY" anchor="anhelaba" bfScore="1.0" coherenceScore="0.0364963503649635">bn:00089198v</annotation>
		<annotation source="MCS" anchor="morir" bfScore="--" coherenceScore="--">bn:00084343v</annotation>
		<annotation source="MCS" anchor="dijo" bfScore="--" coherenceScore="--">bn:00093287v</annotation>
		<annotation source="MCS" anchor="Mejor" bfScore="--" coherenceScore="--">bn:00098282a</annotation>
		<annotation source="MCS" anchor="parece" bfScore="--" coherenceScore="--">bn:00082690v</annotation>
		<annotation source="MCS" anchor="trabajaste" bfScore="--" coherenceScore="--">bn:00095812v</annotation>
		<annotation source="MCS" anchor="hiciste" bfScore="--" coherenceScore="--">bn:00087107v</annotation>
		<annotation source="MCS" anchor="crecer" bfScore="--" coherenceScore="--">bn:00089084v</annotation>
		<annotation source="BABELFY" anchor="noche" bfScore="0.7594108019639935" coherenceScore="0.2116788321167883">bn:00025236n</annotation>
		<annotation source="MCS" anchor="llegó" bfScore="--" coherenceScore="--">bn:00082788v</annotation>
		<annotation source="MCS" anchor="existir" bfScore="--" coherenceScore="--">bn:00083184v</annotation>
		<annotation source="BABELFY" anchor="pereció" bfScore="1.0" coherenceScore="0.072992700729927">bn:00084343v</annotation>
		<annotation source="MCS" anchor="he" bfScore="--" coherenceScore="--">bn:00083184v</annotation>
		<annotation source="MCS" anchor="preocupar" bfScore="--" coherenceScore="--">bn:00095829v</annotation>
		<annotation source="MCS" anchor="gran" bfScore="--" coherenceScore="--">bn:00098342a</annotation>
		<annotation source="BABELFY" anchor="gran ciudad" bfScore="1.0" coherenceScore="0.029197080291970802">bn:16820949n</annotation>
		<annotation source="MCS" anchor="hay" bfScore="--" coherenceScore="--">bn:00083184v</annotation>
		<annotation source="BABELFY" anchor="personas" bfScore="0.903735325506937" coherenceScore="0.5328467153284672">bn:00046516n</annotation>
		<annotation source="MCS" anchor="distinguen" bfScore="--" coherenceScore="--">bn:00086799v</annotation>
		<annotation source="BABELFY" anchor="mano" bfScore="0.8141592920353983" coherenceScore="0.20437956204379562">bn:00042759n</annotation>
		<annotation source="BABELFY" anchor="mano derecha" bfScore="0.8433734939759037" coherenceScore="0.20437956204379562">bn:00042759n</annotation>
		<annotation source="MCS" anchor="derecha" bfScore="--" coherenceScore="--">bn:00109848a</annotation>
		<annotation source="MCS" anchor="mano izquierda" bfScore="--" coherenceScore="--">bn:00050523n</annotation>
		<annotation source="MCS" anchor="izquierda" bfScore="--" coherenceScore="--">bn:00105834a</annotation>
		<annotation source="MCS" anchor="anima" bfScore="--" coherenceScore="--">bn:00082629v</annotation>
	</annotations>
</paragraph>
</dataset>
