<?xml version="1.0" encoding="utf-8"?>
<dataset language="ES" title="JUD">
<paragraph id="p.1">
	<text>
		Judas , siervo de Jesucristo y hermano de Santiago ; a los llamados , amados en Dios Padre y guardados en Jesucristo
		Misericordia , paz y amor os sean multiplicados
		Amados , mientras me esforzaba por escribiros acerca de nuestra común salvación , me ha sido necesario escribir para exhortaros a que contendáis eficazmente por la fe que fue entregada una vez a los santos
		Porque algunos hombres han entrado encubiertamente , los cuales desde antiguo habían sido destinados para esta condenación . Ellos son hombres impíos , que convierten la gracia de nuestro Dios en libertinaje y niegan al único Soberano y Señor nuestro , Jesucristo
		Ahora bien , quiero haceros recordar , ya que todo lo habéis sabido , que el Señor , al librar al pueblo una vez de la tierra de Egipto , después destruyó a los que no creyeron
		También a los ángeles que no guardaron su primer estado sino que abandonaron su propia morada , los ha reservado bajo tinieblas en prisiones eternas para el juicio del gran día
		Asimismo , Sodoma , Gomorra y las ciudades vecinas , que de la misma manera fornicaron y fueron tras vicios contra lo natural , son puestas por ejemplo , sufriendo la pena del fuego eterno
		De la misma manera , también estos soñadores mancillan la carne , rechazan toda autoridad y maldicen las potestades superiores
		Pero ni aun el arcángel Miguel , cuando contendía disputando con el diablo sobre el cuerpo de Moisés , se atrevió a pronunciar un juicio de maldición contra él , sino que dijo : &amp;quot; El Señor te reprenda .
		Pero éstos maldicen lo que no conocen ; y en lo que por instinto comprenden , se corrompen como animales irracionales
		¡ Ay de ellos ! Porque han seguido el camino de Caín ; por recompensa se lanzaron en el error de Balaam y perecieron en la insurrección de Coré
		Estos que participan en vuestras comidas fraternales son manchas , apacentándose a sí mismos sin temor alguno . Son nubes sin agua , llevadas de acá para allá por los vientos . Son árboles marchitos como en otoño , sin fruto , dos veces muertos y desarraigados
		Son fieras olas del mar que arrojan la espuma de sus propias abominaciones . Son estrellas errantes para las cuales está reservada para siempre la profunda oscuridad de las tinieblas
		Acerca de los mismos también profetizó Enoc , séptimo después de Adán , diciendo : &amp;quot; He aquí , el Señor vino entre sus santos millare
		para hacer juicio contra todos y declarar convicta a toda persona respecto a todas sus obras de impiedad que ellos han hecho impíamente y respecto a todas las duras palabras que los pecadores impíos han hablado contra él .
		Éstos se quejan de todo y todo lo critican , andando según sus propios malos deseos . Su boca habla arrogancias , adulando a las personas para sacar provecho
		Pero vosotros , amados , acordaos de las palabras que antes han sido dichas por los apóstoles de nuestro Señor Jesucristo
		porque ellos os decían : &amp;quot; En los últimos tiempos habrá burladores que andarán según sus propias pasiones , como impíos que son .
		Éstos son los que causan divisiones . Son sensuales y no tienen al Espíritu
		Pero vosotros , oh amados , edificándoos sobre vuestra santísima fe y orando en el Espíritu Santo
		conservaos en el amor de Dios , aguardando con esperanza la misericordia de nuestro Señor Jesucristo para vida eterna
		De algunos que vacilan tened misericordia
		a otros haced salvos , arrebatándolos del fuego ; y a otros tenedles misericordia , pero con cautela , odiando hasta la ropa contaminada por su carne
		Y a aquel que es poderoso para guardaros sin caída y para presentaros irreprensibles delante de su gloria con grande alegría
		al único Dios , nuestro Salvador por medio de Jesucristo nuestro Señor , sea la gloria , la majestad , el dominio y la autoridad desde antes de todos los siglos , ahora y por todos los siglos . Amén
	</text>
	<annotations>
		<annotation source="BABELFY" anchor="Judas" bfScore="0.8172690763052208" coherenceScore="0.13602941176470587">bn:00048483n</annotation>
		<annotation source="MCS" anchor="siervo" bfScore="--" coherenceScore="--">bn:00011982n</annotation>
		<annotation source="BABELFY" anchor="Jesucristo" bfScore="1.0" coherenceScore="0.6875">bn:00018805n</annotation>
		<annotation source="MCS" anchor="hermano" bfScore="--" coherenceScore="--">bn:00071400n</annotation>
		<annotation source="MCS" anchor="llamados" bfScore="--" coherenceScore="--">bn:00084386v</annotation>
		<annotation source="MCS" anchor="Padre" bfScore="--" coherenceScore="--">bn:00009616n</annotation>
		<annotation source="MCS" anchor="guardados" bfScore="--" coherenceScore="--">bn:00089407v</annotation>
		<annotation source="BABELFY" anchor="Misericordia" bfScore="0.724905183312263" coherenceScore="0.17279411764705882">bn:00019708n</annotation>
		<annotation source="MCS" anchor="paz" bfScore="--" coherenceScore="--">bn:00061149n</annotation>
		<annotation source="BABELFY" anchor="amor" bfScore="0.8995016313506149" coherenceScore="0.4117647058823529">bn:00052121n</annotation>
		<annotation source="MCS" anchor="sean" bfScore="--" coherenceScore="--">bn:00083187v</annotation>
		<annotation source="BABELFY" anchor="multiplicados" bfScore="1.0" coherenceScore="0.011029411764705883">bn:00090631v</annotation>
		<annotation source="BABELFY" anchor="esforzaba" bfScore="0.7777777777777778" coherenceScore="0.025735294117647058">bn:00092416v</annotation>
		<annotation source="BABELFY" anchor="acerca" bfScore="1.0" coherenceScore="0.03676470588235294">bn:00114076r</annotation>
		<annotation source="MCS" anchor="común" bfScore="--" coherenceScore="--">bn:00100091a</annotation>
		<annotation source="MCS" anchor="salvación" bfScore="--" coherenceScore="--">bn:00066712n</annotation>
		<annotation source="BABELFY" anchor="ha" bfScore="0.9206349206349206" coherenceScore="0.09558823529411764">bn:00083184v</annotation>
		<annotation source="MCS" anchor="sido" bfScore="--" coherenceScore="--">bn:00083187v</annotation>
		<annotation source="BABELFY" anchor="necesario" bfScore="0.8727272727272727" coherenceScore="0.05514705882352941">bn:00107182a</annotation>
		<annotation source="MCS" anchor="escribir" bfScore="--" coherenceScore="--">bn:00092123v</annotation>
		<annotation source="BABELFY" anchor="eficazmente" bfScore="1.0" coherenceScore="0.03676470588235294">bn:00115177r</annotation>
		<annotation source="BABELFY" anchor="fe" bfScore="0.9531428253429423" coherenceScore="0.8125">bn:00032768n</annotation>
		<annotation source="MCS" anchor="fue" bfScore="--" coherenceScore="--">bn:00083187v</annotation>
		<annotation source="MCS" anchor="entregada" bfScore="--" coherenceScore="--">bn:00086531v</annotation>
		<annotation source="BABELFY" anchor="vez" bfScore="0.9739413680781759" coherenceScore="0.08455882352941177">bn:00019848n</annotation>
		<annotation source="MCS" anchor="santos" bfScore="--" coherenceScore="--">bn:00053896n</annotation>
		<annotation source="MCS" anchor="hombres" bfScore="--" coherenceScore="--">bn:00001533n</annotation>
		<annotation source="BABELFY" anchor="han" bfScore="0.9206349206349206" coherenceScore="0.09558823529411764">bn:00083184v</annotation>
		<annotation source="MCS" anchor="entrado" bfScore="--" coherenceScore="--">bn:00085363v</annotation>
		<annotation source="MCS" anchor="antiguo" bfScore="--" coherenceScore="--">bn:00097066a</annotation>
		<annotation source="BABELFY" anchor="habían" bfScore="0.9206349206349206" coherenceScore="0.09558823529411764">bn:00083184v</annotation>
		<annotation source="MCS" anchor="destinados" bfScore="--" coherenceScore="--">bn:00086681v</annotation>
		<annotation source="BABELFY" anchor="condenación" bfScore="0.9452054794520548" coherenceScore="0.16911764705882354">bn:00025114n</annotation>
		<annotation source="MCS" anchor="son" bfScore="--" coherenceScore="--">bn:00083187v</annotation>
		<annotation source="MCS" anchor="convierten" bfScore="--" coherenceScore="--">bn:00084785v</annotation>
		<annotation source="MCS" anchor="gracia" bfScore="--" coherenceScore="--">bn:00041227n</annotation>
		<annotation source="MCS" anchor="niegan" bfScore="--" coherenceScore="--">bn:00086591v</annotation>
		<annotation source="BABELFY" anchor="único" bfScore="0.9767441860465116" coherenceScore="0.08823529411764706">bn:00100811a</annotation>
		<annotation source="MCS" anchor="Soberano" bfScore="--" coherenceScore="--">bn:00075475n</annotation>
		<annotation source="MCS" anchor="Señor" bfScore="--" coherenceScore="--">bn:00055346n</annotation>
		<annotation source="MCS" anchor="Ahora" bfScore="--" coherenceScore="--">bn:00114424r</annotation>
		<annotation source="MCS" anchor="bien" bfScore="--" coherenceScore="--">bn:00115530r</annotation>
		<annotation source="MCS" anchor="quiero" bfScore="--" coherenceScore="--">bn:00086682v</annotation>
		<annotation source="MCS" anchor="haceros" bfScore="--" coherenceScore="--">bn:00087107v</annotation>
		<annotation source="MCS" anchor="recordar" bfScore="--" coherenceScore="--">bn:00084413v</annotation>
		<annotation source="BABELFY" anchor="habéis" bfScore="0.9206349206349206" coherenceScore="0.09558823529411764">bn:00083184v</annotation>
		<annotation source="MCS" anchor="sabido" bfScore="--" coherenceScore="--">bn:00085261v</annotation>
		<annotation source="MCS" anchor="librar" bfScore="--" coherenceScore="--">bn:00087631v</annotation>
		<annotation source="MCS" anchor="pueblo" bfScore="--" coherenceScore="--">bn:00021149n</annotation>
		<annotation source="BABELFY" anchor="Egipto" bfScore="0.9866024067169834" coherenceScore="0.44485294117647056">bn:00005255n</annotation>
		<annotation source="BABELFY" anchor="después" bfScore="1.0" coherenceScore="0.025735294117647058">bn:00114165r</annotation>
		<annotation source="MCS" anchor="destruyó" bfScore="--" coherenceScore="--">bn:00086699v</annotation>
		<annotation source="MCS" anchor="creyeron" bfScore="--" coherenceScore="--">bn:00083369v</annotation>
		<annotation source="BABELFY" anchor="ángeles" bfScore="0.9181874251714255" coherenceScore="0.40808823529411764">bn:00004063n</annotation>
		<annotation source="MCS" anchor="guardaron" bfScore="--" coherenceScore="--">bn:00089407v</annotation>
		<annotation source="MCS" anchor="abandonaron" bfScore="--" coherenceScore="--">bn:00082118v</annotation>
		<annotation source="BABELFY" anchor="propia" bfScore="0.7297297297297297" coherenceScore="0.1323529411764706">bn:00096707a</annotation>
		<annotation source="MCS" anchor="reservado" bfScore="--" coherenceScore="--">bn:00083774v</annotation>
		<annotation source="MCS" anchor="prisiones" bfScore="--" coherenceScore="--">bn:00064468n</annotation>
		<annotation source="MCS" anchor="eternas" bfScore="--" coherenceScore="--">bn:00096562a</annotation>
		<annotation source="MCS" anchor="juicio" bfScore="--" coherenceScore="--">bn:00048493n</annotation>
		<annotation source="MCS" anchor="gran" bfScore="--" coherenceScore="--">bn:00098342a</annotation>
		<annotation source="MCS" anchor="día" bfScore="--" coherenceScore="--">bn:00000086n</annotation>
		<annotation source="BABELFY" anchor="ciudades" bfScore="0.8667026808022149" coherenceScore="0.3125">bn:03335997n</annotation>
		<annotation source="MCS" anchor="vecinas" bfScore="--" coherenceScore="--">bn:00096456a</annotation>
		<annotation source="MCS" anchor="misma" bfScore="--" coherenceScore="--">bn:00110076a</annotation>
		<annotation source="BABELFY" anchor="manera" bfScore="0.8891778644704522" coherenceScore="0.375">bn:00033729n</annotation>
		<annotation source="MCS" anchor="fueron" bfScore="--" coherenceScore="--">bn:00083187v</annotation>
		<annotation source="MCS" anchor="vicios" bfScore="--" coherenceScore="--">bn:00079916n</annotation>
		<annotation source="MCS" anchor="natural" bfScore="--" coherenceScore="--">bn:00107151a</annotation>
		<annotation source="MCS" anchor="puestas" bfScore="--" coherenceScore="--">bn:00090224v</annotation>
		<annotation source="MCS" anchor="ejemplo" bfScore="--" coherenceScore="--">bn:00032100n</annotation>
		<annotation source="MCS" anchor="sufriendo" bfScore="--" coherenceScore="--">bn:00082262v</annotation>
		<annotation source="MCS" anchor="pena" bfScore="--" coherenceScore="--">bn:00041784n</annotation>
		<annotation source="MCS" anchor="fuego" bfScore="--" coherenceScore="--">bn:00034623n</annotation>
		<annotation source="MCS" anchor="fuego eterno" bfScore="--" coherenceScore="--">bn:08266251n</annotation>
		<annotation source="MCS" anchor="eterno" bfScore="--" coherenceScore="--">bn:00096562a</annotation>
		<annotation source="BABELFY" anchor="soñadores" bfScore="1.0" coherenceScore="0.01838235294117647">bn:03451543n</annotation>
		<annotation source="MCS" anchor="carne" bfScore="--" coherenceScore="--">bn:00035182n</annotation>
		<annotation source="MCS" anchor="rechazan" bfScore="--" coherenceScore="--">bn:00086390v</annotation>
		<annotation source="MCS" anchor="autoridad" bfScore="--" coherenceScore="--">bn:00007302n</annotation>
		<annotation source="BABELFY" anchor="potestades" bfScore="0.7931034482758621" coherenceScore="0.08455882352941177">bn:04256592n</annotation>
		<annotation source="MCS" anchor="superiores" bfScore="--" coherenceScore="--">bn:00111465a</annotation>
		<annotation source="BABELFY" anchor="arcángel" bfScore="0.9142857142857143" coherenceScore="0.17279411764705882">bn:00005398n</annotation>
		<annotation source="BABELFY" anchor="Miguel" bfScore="0.9141331142152835" coherenceScore="0.18382352941176472">bn:00054715n</annotation>
		<annotation source="MCS" anchor="disputando" bfScore="--" coherenceScore="--">bn:00082558v</annotation>
		<annotation source="MCS" anchor="cuerpo" bfScore="--" coherenceScore="--">bn:00011744n</annotation>
		<annotation source="BABELFY" anchor="Moisés" bfScore="0.9386982110599615" coherenceScore="0.3272058823529412">bn:00055973n</annotation>
		<annotation source="MCS" anchor="pronunciar" bfScore="--" coherenceScore="--">bn:00082800v</annotation>
		<annotation source="MCS" anchor="maldición" bfScore="--" coherenceScore="--">bn:00046161n</annotation>
		<annotation source="MCS" anchor="dijo" bfScore="--" coherenceScore="--">bn:00093287v</annotation>
		<annotation source="MCS" anchor="conocen" bfScore="--" coherenceScore="--">bn:00090725v</annotation>
		<annotation source="BABELFY" anchor="instinto" bfScore="0.9455279085406859" coherenceScore="0.13970588235294118">bn:00046765n</annotation>
		<annotation source="MCS" anchor="comprenden" bfScore="--" coherenceScore="--">bn:00082723v</annotation>
		<annotation source="MCS" anchor="anima" bfScore="--" coherenceScore="--">bn:00082629v</annotation>
		<annotation source="BABELFY" anchor="irracionales" bfScore="1.0" coherenceScore="0.007352941176470588">bn:00105428a</annotation>
		<annotation source="BABELFY" anchor="Ay" bfScore="0.896414342629482" coherenceScore="0.05514705882352941">bn:02836529n</annotation>
		<annotation source="MCS" anchor="seguido" bfScore="--" coherenceScore="--">bn:00088421v</annotation>
		<annotation source="MCS" anchor="camino" bfScore="--" coherenceScore="--">bn:00080721n</annotation>
		<annotation source="MCS" anchor="recompensa" bfScore="--" coherenceScore="--">bn:00066977n</annotation>
		<annotation source="MCS" anchor="lanzaron" bfScore="--" coherenceScore="--">bn:00094934v</annotation>
		<annotation source="MCS" anchor="error" bfScore="--" coherenceScore="--">bn:00031485n</annotation>
		<annotation source="BABELFY" anchor="Balaam" bfScore="1.0" coherenceScore="0.10661764705882353">bn:03400805n</annotation>
		<annotation source="BABELFY" anchor="perecieron" bfScore="1.0" coherenceScore="0.1323529411764706">bn:00084343v</annotation>
		<annotation source="MCS" anchor="insurrección" bfScore="--" coherenceScore="--">bn:00047002n</annotation>
		<annotation source="MCS" anchor="participan" bfScore="--" coherenceScore="--">bn:00091451v</annotation>
		<annotation source="MCS" anchor="comidas" bfScore="--" coherenceScore="--">bn:00053993n</annotation>
		<annotation source="BABELFY" anchor="fraternales" bfScore="1.0" coherenceScore="0.051470588235294115">bn:00098941a</annotation>
		<annotation source="MCS" anchor="manchas" bfScore="--" coherenceScore="--">bn:00011197n</annotation>
		<annotation source="MCS" anchor="mismos" bfScore="--" coherenceScore="--">bn:00110076a</annotation>
		<annotation source="MCS" anchor="temor" bfScore="--" coherenceScore="--">bn:00005133n</annotation>
		<annotation source="MCS" anchor="Son" bfScore="--" coherenceScore="--">bn:00083187v</annotation>
		<annotation source="BABELFY" anchor="nubes" bfScore="0.8567931456548348" coherenceScore="0.10294117647058823">bn:00020002n</annotation>
		<annotation source="BABELFY" anchor="agua" bfScore="0.9416765925986774" coherenceScore="0.3713235294117647">bn:00042379n</annotation>
		<annotation source="MCS" anchor="llevadas" bfScore="--" coherenceScore="--">bn:00084554v</annotation>
		<annotation source="BABELFY" anchor="acá" bfScore="1.0" coherenceScore="0.04779411764705882">bn:00115641r</annotation>
		<annotation source="MCS" anchor="allá" bfScore="--" coherenceScore="--">bn:00114546r</annotation>
		<annotation source="MCS" anchor="vientos" bfScore="--" coherenceScore="--">bn:00002216n</annotation>
		<annotation source="BABELFY" anchor="árboles" bfScore="0.9813815903949887" coherenceScore="0.22058823529411764">bn:00078131n</annotation>
		<annotation source="BABELFY" anchor="otoño" bfScore="1.0" coherenceScore="0.058823529411764705">bn:00007406n</annotation>
		<annotation source="BABELFY" anchor="fruto" bfScore="0.8441247002398081" coherenceScore="0.08088235294117647">bn:00036686n</annotation>
		<annotation source="BABELFY" anchor="veces" bfScore="0.9739413680781759" coherenceScore="0.08455882352941177">bn:00019848n</annotation>
		<annotation source="BABELFY" anchor="muertos" bfScore="0.7137648131267093" coherenceScore="0.09926470588235294">bn:00100948a</annotation>
		<annotation source="MCS" anchor="fieras" bfScore="--" coherenceScore="--">bn:00102901a</annotation>
		<annotation source="MCS" anchor="olas" bfScore="--" coherenceScore="--">bn:00056171n</annotation>
		<annotation source="BABELFY" anchor="mar" bfScore="0.7588829471182412" coherenceScore="0.22794117647058823">bn:00069946n</annotation>
		<annotation source="MCS" anchor="arrojan" bfScore="--" coherenceScore="--">bn:00084627v</annotation>
		<annotation source="BABELFY" anchor="espuma" bfScore="0.7562862669245648" coherenceScore="0.0625">bn:00035548n</annotation>
		<annotation source="BABELFY" anchor="propias" bfScore="0.7297297297297297" coherenceScore="0.1323529411764706">bn:00096707a</annotation>
		<annotation source="MCS" anchor="estrellas" bfScore="--" coherenceScore="--">bn:00073964n</annotation>
		<annotation source="MCS" anchor="reservada" bfScore="--" coherenceScore="--">bn:00083774v</annotation>
		<annotation source="BABELFY" anchor="siempre" bfScore="0.8484848484848485" coherenceScore="0.025735294117647058">bn:00114250r</annotation>
		<annotation source="MCS" anchor="profunda" bfScore="--" coherenceScore="--">bn:00101043a</annotation>
		<annotation source="MCS" anchor="oscuridad" bfScore="--" coherenceScore="--">bn:00025233n</annotation>
		<annotation source="BABELFY" anchor="Enoc" bfScore="0.7699619771863118" coherenceScore="0.1323529411764706">bn:00977722n</annotation>
		<annotation source="MCS" anchor="séptimo" bfScore="--" coherenceScore="--">bn:00096074a</annotation>
		<annotation source="BABELFY" anchor="Adán" bfScore="0.9409002590673575" coherenceScore="0.2867647058823529">bn:00001242n</annotation>
		<annotation source="MCS" anchor="diciendo" bfScore="--" coherenceScore="--">bn:00093287v</annotation>
		<annotation source="BABELFY" anchor="He" bfScore="0.9206349206349206" coherenceScore="0.09558823529411764">bn:00083184v</annotation>
		<annotation source="MCS" anchor="aquí" bfScore="--" coherenceScore="--">bn:00115641r</annotation>
		<annotation source="MCS" anchor="vino" bfScore="--" coherenceScore="--">bn:00082788v</annotation>
		<annotation source="MCS" anchor="hacer" bfScore="--" coherenceScore="--">bn:00087107v</annotation>
		<annotation source="MCS" anchor="declarar" bfScore="--" coherenceScore="--">bn:00082527v</annotation>
		<annotation source="BABELFY" anchor="persona" bfScore="0.9699448167126528" coherenceScore="0.7095588235294118">bn:00046516n</annotation>
		<annotation source="BABELFY" anchor="respecto" bfScore="1.0" coherenceScore="0.011029411764705883">bn:00066865n</annotation>
		<annotation source="MCS" anchor="obras" bfScore="--" coherenceScore="--">bn:00011767n</annotation>
		<annotation source="MCS" anchor="impiedad" bfScore="--" coherenceScore="--">bn:00046120n</annotation>
		<annotation source="MCS" anchor="hecho" bfScore="--" coherenceScore="--">bn:00087107v</annotation>
		<annotation source="MCS" anchor="duras" bfScore="--" coherenceScore="--">bn:00112025a</annotation>
		<annotation source="BABELFY" anchor="palabras" bfScore="0.9451299553688632" coherenceScore="0.5294117647058824">bn:00081546n</annotation>
		<annotation source="BABELFY" anchor="pecadores" bfScore="0.9767709733154156" coherenceScore="0.35294117647058826">bn:00071707n</annotation>
		<annotation source="MCS" anchor="hablado" bfScore="--" coherenceScore="--">bn:00094090v</annotation>
		<annotation source="MCS" anchor="critican" bfScore="--" coherenceScore="--">bn:00086046v</annotation>
		<annotation source="MCS" anchor="andando" bfScore="--" coherenceScore="--">bn:00094337v</annotation>
		<annotation source="BABELFY" anchor="propios" bfScore="0.7297297297297297" coherenceScore="0.1323529411764706">bn:00096707a</annotation>
		<annotation source="MCS" anchor="malos" bfScore="--" coherenceScore="--">bn:00097966a</annotation>
		<annotation source="MCS" anchor="deseos" bfScore="--" coherenceScore="--">bn:00026550n</annotation>
		<annotation source="MCS" anchor="boca" bfScore="--" coherenceScore="--">bn:00056135n</annotation>
		<annotation source="MCS" anchor="habla" bfScore="--" coherenceScore="--">bn:00094090v</annotation>
		<annotation source="MCS" anchor="arrogancias" bfScore="--" coherenceScore="--">bn:00005893n</annotation>
		<annotation source="BABELFY" anchor="personas" bfScore="0.9062453874538745" coherenceScore="0.7095588235294118">bn:00046516n</annotation>
		<annotation source="MCS" anchor="sacar" bfScore="--" coherenceScore="--">bn:00087237v</annotation>
		<annotation source="MCS" anchor="provecho" bfScore="--" coherenceScore="--">bn:00001562n</annotation>
		<annotation source="BABELFY" anchor="apóstoles" bfScore="0.8828076410484229" coherenceScore="0.2536764705882353">bn:00004982n</annotation>
		<annotation source="BABELFY" anchor="nuestro Señor Jesucristo" bfScore="1.0" coherenceScore="0.6875">bn:00018805n</annotation>
		<annotation source="BABELFY" anchor="Señor Jesucristo" bfScore="1.0" coherenceScore="0.6875">bn:00018805n</annotation>
		<annotation source="MCS" anchor="decían" bfScore="--" coherenceScore="--">bn:00093287v</annotation>
		<annotation source="MCS" anchor="últimos" bfScore="--" coherenceScore="--">bn:00105740a</annotation>
		<annotation source="MCS" anchor="tiempos" bfScore="--" coherenceScore="--">bn:00077270n</annotation>
		<annotation source="BABELFY" anchor="habrá" bfScore="0.9206349206349206" coherenceScore="0.09558823529411764">bn:00083184v</annotation>
		<annotation source="MCS" anchor="andarán" bfScore="--" coherenceScore="--">bn:00094337v</annotation>
		<annotation source="MCS" anchor="pasiones" bfScore="--" coherenceScore="--">bn:00060907n</annotation>
		<annotation source="MCS" anchor="causan" bfScore="--" coherenceScore="--">bn:00087491v</annotation>
		<annotation source="MCS" anchor="divisiones" bfScore="--" coherenceScore="--">bn:00073490n</annotation>
		<annotation source="BABELFY" anchor="sensuales" bfScore="1.0" coherenceScore="0.01838235294117647">bn:00102307a</annotation>
		<annotation source="MCS" anchor="tienen" bfScore="--" coherenceScore="--">bn:00089385v</annotation>
		<annotation source="MCS" anchor="Espíritu" bfScore="--" coherenceScore="--">bn:00033960n</annotation>
		<annotation source="BABELFY" anchor="oh" bfScore="0.7884980988593155" coherenceScore="0.15441176470588236">bn:00006912n</annotation>
		<annotation source="MCS" anchor="santísima" bfScore="--" coherenceScore="--">bn:00097090a</annotation>
		<annotation source="BABELFY" anchor="orando" bfScore="1.0" coherenceScore="0.11029411764705882">bn:00091921v</annotation>
		<annotation source="BABELFY" anchor="Espíritu Santo" bfScore="0.9424541607898449" coherenceScore="0.47794117647058826">bn:00645230n</annotation>
		<annotation source="MCS" anchor="Santo" bfScore="--" coherenceScore="--">bn:00053896n</annotation>
		<annotation source="MCS" anchor="conserva" bfScore="--" coherenceScore="--">bn:00089384v</annotation>
		<annotation source="BABELFY" anchor="aguardando" bfScore="0.7655502392344498" coherenceScore="0.03676470588235294">bn:00089401v</annotation>
		<annotation source="MCS" anchor="esperanza" bfScore="--" coherenceScore="--">bn:00044737n</annotation>
		<annotation source="BABELFY" anchor="misericordia" bfScore="0.724905183312263" coherenceScore="0.17279411764705882">bn:00019708n</annotation>
		<annotation source="BABELFY" anchor="vida" bfScore="0.7464735397140964" coherenceScore="0.30514705882352944">bn:00051054n</annotation>
		<annotation source="MCS" anchor="vida eterna" bfScore="--" coherenceScore="--">bn:00031685n</annotation>
		<annotation source="MCS" anchor="eterna" bfScore="--" coherenceScore="--">bn:00096562a</annotation>
		<annotation source="MCS" anchor="vacilan" bfScore="--" coherenceScore="--">bn:00089324v</annotation>
		<annotation source="MCS" anchor="tened" bfScore="--" coherenceScore="--">bn:00089385v</annotation>
		<annotation source="MCS" anchor="haced" bfScore="--" coherenceScore="--">bn:00087107v</annotation>
		<annotation source="MCS" anchor="arrebatando" bfScore="--" coherenceScore="--">bn:00093966v</annotation>
		<annotation source="MCS" anchor="cautela" bfScore="--" coherenceScore="--">bn:00017810n</annotation>
		<annotation source="BABELFY" anchor="ropa" bfScore="0.8466780238500852" coherenceScore="0.1801470588235294">bn:00006125n</annotation>
		<annotation source="MCS" anchor="contaminada" bfScore="--" coherenceScore="--">bn:00089704v</annotation>
		<annotation source="MCS" anchor="es" bfScore="--" coherenceScore="--">bn:00083187v</annotation>
		<annotation source="MCS" anchor="poderoso" bfScore="--" coherenceScore="--">bn:00108878a</annotation>
		<annotation source="BABELFY" anchor="caída" bfScore="0.8401392111368909" coherenceScore="0.1875">bn:00032805n</annotation>
		<annotation source="MCS" anchor="presentaros" bfScore="--" coherenceScore="--">bn:00090234v</annotation>
		<annotation source="BABELFY" anchor="delante" bfScore="1.0" coherenceScore="0.003676470588235294">bn:00114182r</annotation>
		<annotation source="MCS" anchor="gloria" bfScore="--" coherenceScore="--">bn:00040711n</annotation>
		<annotation source="BABELFY" anchor="grande" bfScore="0.7540737026823765" coherenceScore="0.17279411764705882">bn:00113978a</annotation>
		<annotation source="MCS" anchor="alegría" bfScore="--" coherenceScore="--">bn:00048468n</annotation>
		<annotation source="BABELFY" anchor="nuestro Salvador" bfScore="1.0" coherenceScore="0.6875">bn:00018805n</annotation>
		<annotation source="MCS" anchor="medio" bfScore="--" coherenceScore="--">bn:00054149n</annotation>
		<annotation source="MCS" anchor="sea" bfScore="--" coherenceScore="--">bn:00083187v</annotation>
		<annotation source="MCS" anchor="majestad" bfScore="--" coherenceScore="--">bn:00051828n</annotation>
		<annotation source="MCS" anchor="dominio" bfScore="--" coherenceScore="--">bn:03467637n</annotation>
		<annotation source="BABELFY" anchor="antes de" bfScore="1.0" coherenceScore="0.022058823529411766">bn:00114297r</annotation>
		<annotation source="BABELFY" anchor="siglos" bfScore="0.9320388349514563" coherenceScore="0.07352941176470588">bn:00017234n</annotation>
		<annotation source="MCS" anchor="ahora" bfScore="--" coherenceScore="--">bn:00114424r</annotation>
	</annotations>
</paragraph>
