<?xml version="1.0" encoding="utf-8"?>
<dataset language="ES" title="NAH">
<paragraph id="p.1">
	<text>
		La profecía acerca de Nínive . Libro de la visión de Nahúm , de Elcós
		¡ Dios celoso y vengador es Jehovah ! Vengador es Jehovah , y está indignado . Jehovah se venga de sus adversarios y guarda su enojo contra sus enemigos
		Jehovah es lento para la ira y grande en poder . De ninguna manera dará por inocente al culpable . Jehovah marcha en el huracán y en la tempestad ; las nubes son el polvo de sus pies
		Reprende al mar y hace que se seque , y reseca todos los ríos . Basán y el Carmelo se marchitan ; se marchita la flor del Líbano
		Las montañas se estremecen delante de él , y las colinas se derriten . Ante su presencia queda desolada la tierra , el mundo y todos los que lo habitan
		¿ Quién resistirá delante de su ira ? ¿ Quién quedará en pie ante el furor de su enojo ? Su ira se vierte como fuego , y se desmenuzan las peñas delante de él
		¡ Bueno es Jehovah ! Es una fortaleza en el día de la angustia , y conoce a los que en él se refugian
		Pero arrasa con impetuosa inundación al que se levanta contra él . ¡ Aun en las tinieblas perseguirá a sus enemigos
		¿ Qué tramáis contra Jehovah ? ¡ Él arrasará y no tomará venganza dos veces de su enemigo
		Cual espinas entretejidas y cual borrachos en su embriaguez , serán consumidos como paja seca
		De ti salió un consejero de Belial que tramó el mal contra Jehovah
		Pero así ha dicho Jehovah : &amp;quot; Aunque vivan reposadamente y sean muchos , con todo serán cortados y pasarán . Y aunque yo te haya afligido , no te afligiré más
		Ahora quebraré su yugo de sobre ti y romperé tus coyundas .
		Pero acerca de ti , Jehovah ha mandado : &amp;quot; Nunca más sea mencionado tu nombre . De la casa de tu dios destruiré los ídolos y las imágenes de fundición , y la convertiré en sepulcro ; porque fuiste vil .
		¡ He aquí sobre los montes los pies del que trae buenas nuevas , del que anuncia la paz ! ¡ Celebra , oh Judá , tus fiestas ; cumple tus votos , porque nunca más volverá a pasar sobre ti aquel inicuo , pues ha sido completamente destruido
	</text>
	<annotations>
		<annotation source="MCS" anchor="profecía" bfScore="--" coherenceScore="--">bn:00064645n</annotation>
		<annotation source="BABELFY" anchor="acerca" bfScore="1.0" coherenceScore="0.055944055944055944">bn:00114076r</annotation>
		<annotation source="MCS" anchor="Libro" bfScore="--" coherenceScore="--">bn:00012059n</annotation>
		<annotation source="MCS" anchor="visión" bfScore="--" coherenceScore="--">bn:00080106n</annotation>
		<annotation source="BABELFY" anchor="celoso" bfScore="0.8571428571428571" coherenceScore="0.04195804195804196">bn:00100581a</annotation>
		<annotation source="MCS" anchor="vengador" bfScore="--" coherenceScore="--">bn:00007443n</annotation>
		<annotation source="BABELFY" anchor="es" bfScore="0.7714285714285715" coherenceScore="0.1888111888111888">bn:00083181v</annotation>
		<annotation source="BABELFY" anchor="Jehovah" bfScore="1.0" coherenceScore="0.11188811188811189">bn:00047890n</annotation>
		<annotation source="MCS" anchor="Vengador" bfScore="--" coherenceScore="--">bn:00007443n</annotation>
		<annotation source="BABELFY" anchor="indignado" bfScore="1.0" coherenceScore="0.04895104895104895">bn:00087790v</annotation>
		<annotation source="MCS" anchor="adversarios" bfScore="--" coherenceScore="--">bn:00001582n</annotation>
		<annotation source="MCS" anchor="guarda" bfScore="--" coherenceScore="--">bn:00089407v</annotation>
		<annotation source="MCS" anchor="enojo" bfScore="--" coherenceScore="--">bn:00029043n</annotation>
		<annotation source="BABELFY" anchor="enemigos" bfScore="0.7220902612826603" coherenceScore="0.11188811188811189">bn:00030815n</annotation>
		<annotation source="MCS" anchor="lento" bfScore="--" coherenceScore="--">bn:00110767a</annotation>
		<annotation source="MCS" anchor="ira" bfScore="--" coherenceScore="--">bn:00004085n</annotation>
		<annotation source="MCS" anchor="grande" bfScore="--" coherenceScore="--">bn:00098342a</annotation>
		<annotation source="BABELFY" anchor="poder" bfScore="0.8739495798319328" coherenceScore="0.11188811188811189">bn:00063940n</annotation>
		<annotation source="BABELFY" anchor="manera" bfScore="0.935926376106963" coherenceScore="0.38461538461538464">bn:00033729n</annotation>
		<annotation source="MCS" anchor="dará" bfScore="--" coherenceScore="--">bn:00088815v</annotation>
		<annotation source="MCS" anchor="inocente" bfScore="--" coherenceScore="--">bn:00046606n</annotation>
		<annotation source="MCS" anchor="culpable" bfScore="--" coherenceScore="--">bn:00103831a</annotation>
		<annotation source="MCS" anchor="marcha" bfScore="--" coherenceScore="--">bn:00053355n</annotation>
		<annotation source="MCS" anchor="huracán" bfScore="--" coherenceScore="--">bn:00045282n</annotation>
		<annotation source="BABELFY" anchor="nubes" bfScore="0.9283667621776505" coherenceScore="0.1258741258741259">bn:00020002n</annotation>
		<annotation source="BABELFY" anchor="son" bfScore="0.7714285714285715" coherenceScore="0.1888111888111888">bn:00083181v</annotation>
		<annotation source="MCS" anchor="polvo" bfScore="--" coherenceScore="--">bn:00029192n</annotation>
		<annotation source="MCS" anchor="pies" bfScore="--" coherenceScore="--">bn:00035680n</annotation>
		<annotation source="BABELFY" anchor="Reprende" bfScore="0.9629629629629629" coherenceScore="0.055944055944055944">bn:00083177v</annotation>
		<annotation source="BABELFY" anchor="mar" bfScore="0.8859706719194572" coherenceScore="0.32167832167832167">bn:00069946n</annotation>
		<annotation source="MCS" anchor="hace" bfScore="--" coherenceScore="--">bn:00087107v</annotation>
		<annotation source="MCS" anchor="seque" bfScore="--" coherenceScore="--">bn:00087402v</annotation>
		<annotation source="BABELFY" anchor="ríos" bfScore="0.96214937478878" coherenceScore="0.2727272727272727">bn:00067948n</annotation>
		<annotation source="MCS" anchor="marchitan" bfScore="--" coherenceScore="--">bn:00095776v</annotation>
		<annotation source="BABELFY" anchor="flor" bfScore="0.9254237288135593" coherenceScore="0.09090909090909091">bn:00035378n</annotation>
		<annotation source="BABELFY" anchor="Líbano" bfScore="0.9490968801313628" coherenceScore="0.11888111888111888">bn:00050469n</annotation>
		<annotation source="BABELFY" anchor="Las montañas" bfScore="1.0" coherenceScore="0.006993006993006993">bn:01511062n</annotation>
		<annotation source="BABELFY" anchor="montañas" bfScore="0.9488372093023256" coherenceScore="0.2517482517482518">bn:00056068n</annotation>
		<annotation source="MCS" anchor="estremecen" bfScore="--" coherenceScore="--">bn:00094929v</annotation>
		<annotation source="BABELFY" anchor="delante" bfScore="1.0" coherenceScore="0.006993006993006993">bn:00114182r</annotation>
		<annotation source="MCS" anchor="colinas" bfScore="--" coherenceScore="--">bn:00044141n</annotation>
		<annotation source="MCS" anchor="presencia" bfScore="--" coherenceScore="--">bn:00064201n</annotation>
		<annotation source="MCS" anchor="queda" bfScore="--" coherenceScore="--">bn:00092757v</annotation>
		<annotation source="MCS" anchor="mundo" bfScore="--" coherenceScore="--">bn:00029428n</annotation>
		<annotation source="MCS" anchor="habitan" bfScore="--" coherenceScore="--">bn:00083391v</annotation>
		<annotation source="BABELFY" anchor="resistirá" bfScore="0.8707317073170732" coherenceScore="0.11888111888111888">bn:00089411v</annotation>
		<annotation source="MCS" anchor="quedará" bfScore="--" coherenceScore="--">bn:00092757v</annotation>
		<annotation source="MCS" anchor="pie" bfScore="--" coherenceScore="--">bn:00035680n</annotation>
		<annotation source="MCS" anchor="furor" bfScore="--" coherenceScore="--">bn:00036903n</annotation>
		<annotation source="MCS" anchor="vierte" bfScore="--" coherenceScore="--">bn:00086357v</annotation>
		<annotation source="MCS" anchor="fuego" bfScore="--" coherenceScore="--">bn:00034623n</annotation>
		<annotation source="MCS" anchor="peñas" bfScore="--" coherenceScore="--">bn:02315488n</annotation>
		<annotation source="BABELFY" anchor="Bueno" bfScore="0.7866323907455013" coherenceScore="0.11888111888111888">bn:00103682a</annotation>
		<annotation source="BABELFY" anchor="Es" bfScore="0.7714285714285715" coherenceScore="0.1888111888111888">bn:00083181v</annotation>
		<annotation source="MCS" anchor="fortaleza" bfScore="--" coherenceScore="--">bn:00035975n</annotation>
		<annotation source="BABELFY" anchor="día" bfScore="0.8199566160520607" coherenceScore="0.0979020979020979">bn:00000086n</annotation>
		<annotation source="MCS" anchor="angustia" bfScore="--" coherenceScore="--">bn:00004175n</annotation>
		<annotation source="MCS" anchor="conoce" bfScore="--" coherenceScore="--">bn:00090725v</annotation>
		<annotation source="BABELFY" anchor="refugian" bfScore="1.0" coherenceScore="0.013986013986013986">bn:00093378v</annotation>
		<annotation source="MCS" anchor="arrasa" bfScore="--" coherenceScore="--">bn:00086988v</annotation>
		<annotation source="BABELFY" anchor="inundación" bfScore="0.9271523178807947" coherenceScore="0.13986013986013987">bn:00002954n</annotation>
		<annotation source="MCS" anchor="levanta" bfScore="--" coherenceScore="--">bn:00084110v</annotation>
		<annotation source="MCS" anchor="perseguirá" bfScore="--" coherenceScore="--">bn:00084831v</annotation>
		<annotation source="MCS" anchor="tomará" bfScore="--" coherenceScore="--">bn:00088762v</annotation>
		<annotation source="MCS" anchor="venganza" bfScore="--" coherenceScore="--">bn:00067427n</annotation>
		<annotation source="BABELFY" anchor="veces" bfScore="0.8571428571428571" coherenceScore="0.027972027972027972">bn:00019848n</annotation>
		<annotation source="BABELFY" anchor="enemigo" bfScore="0.7220902612826603" coherenceScore="0.11188811188811189">bn:00030815n</annotation>
		<annotation source="MCS" anchor="espinas" bfScore="--" coherenceScore="--">bn:01923616n</annotation>
		<annotation source="MCS" anchor="borrachos" bfScore="--" coherenceScore="--">bn:00028913n</annotation>
		<annotation source="MCS" anchor="embriaguez" bfScore="--" coherenceScore="--">bn:00028916n</annotation>
		<annotation source="BABELFY" anchor="serán" bfScore="0.7714285714285715" coherenceScore="0.1888111888111888">bn:00083181v</annotation>
		<annotation source="MCS" anchor="consumidos" bfScore="--" coherenceScore="--">bn:00087463v</annotation>
		<annotation source="MCS" anchor="paja" bfScore="--" coherenceScore="--">bn:00074572n</annotation>
		<annotation source="MCS" anchor="seca" bfScore="--" coherenceScore="--">bn:00101839a</annotation>
		<annotation source="MCS" anchor="salió" bfScore="--" coherenceScore="--">bn:00087845v</annotation>
		<annotation source="BABELFY" anchor="consejero" bfScore="1.0" coherenceScore="0.006993006993006993">bn:00762195n</annotation>
		<annotation source="BABELFY" anchor="Belial" bfScore="1.0" coherenceScore="0.11188811188811189">bn:01845912n</annotation>
		<annotation source="MCS" anchor="mal" bfScore="--" coherenceScore="--">bn:00032048n</annotation>
		<annotation source="MCS" anchor="ha" bfScore="--" coherenceScore="--">bn:00083184v</annotation>
		<annotation source="MCS" anchor="vivan" bfScore="--" coherenceScore="--">bn:00087617v</annotation>
		<annotation source="BABELFY" anchor="sean" bfScore="0.7714285714285715" coherenceScore="0.1888111888111888">bn:00083181v</annotation>
		<annotation source="MCS" anchor="cortados" bfScore="--" coherenceScore="--">bn:00086178v</annotation>
		<annotation source="MCS" anchor="pasarán" bfScore="--" coherenceScore="--">bn:00091458v</annotation>
		<annotation source="MCS" anchor="haya" bfScore="--" coherenceScore="--">bn:00083184v</annotation>
		<annotation source="MCS" anchor="afligido" bfScore="--" coherenceScore="--">bn:00082464v</annotation>
		<annotation source="MCS" anchor="Ahora" bfScore="--" coherenceScore="--">bn:00114424r</annotation>
		<annotation source="BABELFY" anchor="yugo" bfScore="0.9846153846153847" coherenceScore="0.055944055944055944">bn:03672577n</annotation>
		<annotation source="MCS" anchor="mandado" bfScore="--" coherenceScore="--">bn:00085400v</annotation>
		<annotation source="MCS" anchor="Nunca" bfScore="--" coherenceScore="--">bn:00116326r</annotation>
		<annotation source="BABELFY" anchor="sea" bfScore="0.7714285714285715" coherenceScore="0.1888111888111888">bn:00083181v</annotation>
		<annotation source="MCS" anchor="mencionado" bfScore="--" coherenceScore="--">bn:00082412v</annotation>
		<annotation source="MCS" anchor="nombre" bfScore="--" coherenceScore="--">bn:00056758n</annotation>
		<annotation source="BABELFY" anchor="casa" bfScore="0.7933130699088146" coherenceScore="0.1888111888111888">bn:00044994n</annotation>
		<annotation source="MCS" anchor="ídolos" bfScore="--" coherenceScore="--">bn:03084163n</annotation>
		<annotation source="MCS" anchor="imágenes" bfScore="--" coherenceScore="--">bn:00045772n</annotation>
		<annotation source="MCS" anchor="fundición" bfScore="--" coherenceScore="--">bn:00036073n</annotation>
		<annotation source="MCS" anchor="sepulcro" bfScore="--" coherenceScore="--">bn:00013982n</annotation>
		<annotation source="MCS" anchor="vil" bfScore="--" coherenceScore="--">bn:00103048a</annotation>
		<annotation source="MCS" anchor="He" bfScore="--" coherenceScore="--">bn:00083184v</annotation>
		<annotation source="MCS" anchor="aquí" bfScore="--" coherenceScore="--">bn:00115641r</annotation>
		<annotation source="MCS" anchor="montes" bfScore="--" coherenceScore="--">bn:00036086n</annotation>
		<annotation source="MCS" anchor="trae" bfScore="--" coherenceScore="--">bn:00084060v</annotation>
		<annotation source="BABELFY" anchor="buenas" bfScore="0.7866323907455013" coherenceScore="0.11888111888111888">bn:00103682a</annotation>
		<annotation source="BABELFY" anchor="nuevas" bfScore="1.0" coherenceScore="0.02097902097902098">bn:00884547n</annotation>
		<annotation source="MCS" anchor="anuncia" bfScore="--" coherenceScore="--">bn:00082637v</annotation>
		<annotation source="MCS" anchor="paz" bfScore="--" coherenceScore="--">bn:00061149n</annotation>
		<annotation source="BABELFY" anchor="Celebra" bfScore="0.8888888888888888" coherenceScore="0.013986013986013986">bn:00084714v</annotation>
		<annotation source="BABELFY" anchor="oh" bfScore="0.8754863813229572" coherenceScore="0.17482517482517482">bn:00006912n</annotation>
		<annotation source="MCS" anchor="fiestas" bfScore="--" coherenceScore="--">bn:00060836n</annotation>
		<annotation source="MCS" anchor="cumple" bfScore="--" coherenceScore="--">bn:00082225v</annotation>
		<annotation source="MCS" anchor="votos" bfScore="--" coherenceScore="--">bn:00008198n</annotation>
		<annotation source="MCS" anchor="nunca" bfScore="--" coherenceScore="--">bn:00116326r</annotation>
		<annotation source="BABELFY" anchor="volverá" bfScore="0.967032967032967" coherenceScore="0.15384615384615385">bn:00088736v</annotation>
		<annotation source="MCS" anchor="pasar" bfScore="--" coherenceScore="--">bn:00091458v</annotation>
		<annotation source="BABELFY" anchor="inicuo" bfScore="0.9259259259259259" coherenceScore="0.03496503496503497">bn:00113178a</annotation>
		<annotation source="BABELFY" anchor="sido" bfScore="0.7714285714285715" coherenceScore="0.1888111888111888">bn:00083181v</annotation>
		<annotation source="MCS" anchor="completamente" bfScore="--" coherenceScore="--">bn:00114790r</annotation>
		<annotation source="BABELFY" anchor="destruido" bfScore="0.7021276595744681" coherenceScore="0.04195804195804196">bn:00086698v</annotation>
	</annotations>
</paragraph>
<paragraph id="p.2">
	<text>
		El destructor ha subido contra ti . Guarda el baluarte , observa el camino , cíñete la cintura , esfuérzate mucho
		Jehovah restaurará la exuberancia de Jacob como la exuberancia de Israel , aunque los saqueadores los saqueen y estropeen sus ramas
		Los escudos de sus valientes están enrojecidos ; sus valientes están vestidos de escarlata . En el día de su preparación , sus carros de guerra son como fuego de antorchas , y los jinetes se estremecen
		Sus carros se movilizan alocadamente en las calles , y se desplazan de un lado a otro en las plazas . Parecen antorchas ; como relámpagos corren de un lado a otro
		Se dará aviso a sus valientes , y ellos acudirán atropellándose . Se apresurarán hacia sus muros , y se alistará la cubierta de escudos
		Las compuertas de los canales habrán sido abiertas , y el palacio quedará arrasado
		La reina será sacada y llevada en cautividad . Sus criadas gemirán como palomas y se golpearán el pecho
		Nínive ha sido , desde tiempos antiguos , como un estanque de aguas ; pero ahora éstas huyen . &amp;quot; ¡ Deteneos , deteneos ! &amp;quot; Pero nadie vuelve atrás
		¡ Saquead la plata , saquead el oro ! ¡ No tienen límites la calidad y el peso de todos los objetos preciosos
		¡ Desolación , devastación y destrucción ! Los corazones desfallecen , las rodillas tiemblan , los lomos se estremecen ; las caras de todos palidecen
		¿ Dónde está , pues , la guarida de los leones y la cueva de los leoncillos , donde se cobijaban el león , la leona y los cachorros , sin que hubiera quien los atemorizara
		El león destrozaba para sus cachorros y estrangulaba para sus leonas . Llenaba de presa sus cavernas ; y su guarida , de rapiña
		&amp;quot; He aquí que yo estoy contra ti , dice Jehovah de los Ejércitos . Encenderé y reduciré a humo tus carros , y la espada devorará a tus leoncillos . Raeré tu presa de la tierra , y nunca más se volverá a escuchar la voz de tus mensajeros .
	</text>
	<annotations>
		<annotation source="BABELFY" anchor="ha" bfScore="0.9333333333333333" coherenceScore="0.047619047619047616">bn:00083183v</annotation>
		<annotation source="MCS" anchor="subido" bfScore="--" coherenceScore="--">bn:00089381v</annotation>
		<annotation source="MCS" anchor="Guarda" bfScore="--" coherenceScore="--">bn:00089407v</annotation>
		<annotation source="MCS" anchor="baluarte" bfScore="--" coherenceScore="--">bn:00012945n</annotation>
		<annotation source="MCS" anchor="observa" bfScore="--" coherenceScore="--">bn:00088428v</annotation>
		<annotation source="MCS" anchor="camino" bfScore="--" coherenceScore="--">bn:00080721n</annotation>
		<annotation source="MCS" anchor="cintura" bfScore="--" coherenceScore="--">bn:00080339n</annotation>
		<annotation source="BABELFY" anchor="esfuerza" bfScore="0.972972972972973" coherenceScore="0.047619047619047616">bn:00092416v</annotation>
		<annotation source="BABELFY" anchor="Jehovah" bfScore="1.0" coherenceScore="0.10317460317460317">bn:00047890n</annotation>
		<annotation source="MCS" anchor="exuberancia" bfScore="--" coherenceScore="--">bn:00032503n</annotation>
		<annotation source="MCS" anchor="Jacob" bfScore="--" coherenceScore="--">bn:00047849n</annotation>
		<annotation source="BABELFY" anchor="Israel" bfScore="0.9799024972639538" coherenceScore="0.5317460317460317">bn:00047679n</annotation>
		<annotation source="BABELFY" anchor="saqueadores" bfScore="1.0" coherenceScore="0.047619047619047616">bn:00052007n</annotation>
		<annotation source="MCS" anchor="estropeen" bfScore="--" coherenceScore="--">bn:00083594v</annotation>
		<annotation source="MCS" anchor="ramas" bfScore="--" coherenceScore="--">bn:00012738n</annotation>
		<annotation source="MCS" anchor="escudos" bfScore="--" coherenceScore="--">bn:00013602n</annotation>
		<annotation source="MCS" anchor="valientes" bfScore="--" coherenceScore="--">bn:00098827a</annotation>
		<annotation source="BABELFY" anchor="escarlata" bfScore="0.96" coherenceScore="0.031746031746031744">bn:00059265n</annotation>
		<annotation source="BABELFY" anchor="día" bfScore="0.7307692307692307" coherenceScore="0.10317460317460317">bn:00000086n</annotation>
		<annotation source="MCS" anchor="preparación" bfScore="--" coherenceScore="--">bn:00064168n</annotation>
		<annotation source="MCS" anchor="carros" bfScore="--" coherenceScore="--">bn:00080322n</annotation>
		<annotation source="BABELFY" anchor="carros de guerra" bfScore="1.0" coherenceScore="0.11904761904761904">bn:00017812n</annotation>
		<annotation source="BABELFY" anchor="guerra" bfScore="0.986501944635095" coherenceScore="0.3492063492063492">bn:00080439n</annotation>
		<annotation source="BABELFY" anchor="son" bfScore="0.8294314381270903" coherenceScore="0.12698412698412698">bn:00083181v</annotation>
		<annotation source="MCS" anchor="fuego" bfScore="--" coherenceScore="--">bn:00034623n</annotation>
		<annotation source="BABELFY" anchor="antorchas" bfScore="0.7300613496932515" coherenceScore="0.1111111111111111">bn:00077657n</annotation>
		<annotation source="MCS" anchor="jinetes" bfScore="--" coherenceScore="--">bn:00067757n</annotation>
		<annotation source="MCS" anchor="estremecen" bfScore="--" coherenceScore="--">bn:00094929v</annotation>
		<annotation source="BABELFY" anchor="movilizan" bfScore="1.0" coherenceScore="0.031746031746031744">bn:00090873v</annotation>
		<annotation source="MCS" anchor="alocadamente" bfScore="--" coherenceScore="--">bn:00114874r</annotation>
		<annotation source="MCS" anchor="calles" bfScore="--" coherenceScore="--">bn:00074595n</annotation>
		<annotation source="MCS" anchor="desplazan" bfScore="--" coherenceScore="--">bn:00086987v</annotation>
		<annotation source="MCS" anchor="lado" bfScore="--" coherenceScore="--">bn:00032604n</annotation>
		<annotation source="BABELFY" anchor="lado a" bfScore="1.0" coherenceScore="0.015873015873015872">bn:00789882n</annotation>
		<annotation source="MCS" anchor="plazas" bfScore="--" coherenceScore="--">bn:00062214n</annotation>
		<annotation source="MCS" anchor="Parecen" bfScore="--" coherenceScore="--">bn:00082690v</annotation>
		<annotation source="MCS" anchor="relámpagos" bfScore="--" coherenceScore="--">bn:00043430n</annotation>
		<annotation source="MCS" anchor="corren" bfScore="--" coherenceScore="--">bn:00093170v</annotation>
		<annotation source="MCS" anchor="dará" bfScore="--" coherenceScore="--">bn:00088815v</annotation>
		<annotation source="MCS" anchor="aviso" bfScore="--" coherenceScore="--">bn:00058164n</annotation>
		<annotation source="BABELFY" anchor="acudirán" bfScore="0.8590604026845637" coherenceScore="0.06349206349206349">bn:00082907v</annotation>
		<annotation source="BABELFY" anchor="atropellando" bfScore="0.9615384615384616" coherenceScore="0.03968253968253968">bn:00093191v</annotation>
		<annotation source="MCS" anchor="apresurarán" bfScore="--" coherenceScore="--">bn:00089532v</annotation>
		<annotation source="BABELFY" anchor="muros" bfScore="0.8590604026845637" coherenceScore="0.15873015873015872">bn:00080386n</annotation>
		<annotation source="MCS" anchor="cubierta" bfScore="--" coherenceScore="--">bn:00085904v</annotation>
		<annotation source="MCS" anchor="compuertas" bfScore="--" coherenceScore="--">bn:00061415n</annotation>
		<annotation source="MCS" anchor="canales" bfScore="--" coherenceScore="--">bn:00015145n</annotation>
		<annotation source="BABELFY" anchor="habrán" bfScore="0.9333333333333333" coherenceScore="0.047619047619047616">bn:00083183v</annotation>
		<annotation source="BABELFY" anchor="sido" bfScore="0.8336134453781513" coherenceScore="0.12698412698412698">bn:00083181v</annotation>
		<annotation source="MCS" anchor="abiertas" bfScore="--" coherenceScore="--">bn:00107880a</annotation>
		<annotation source="MCS" anchor="palacio" bfScore="--" coherenceScore="--">bn:00060224n</annotation>
		<annotation source="MCS" anchor="quedará" bfScore="--" coherenceScore="--">bn:00092757v</annotation>
		<annotation source="MCS" anchor="arrasado" bfScore="--" coherenceScore="--">bn:00086988v</annotation>
		<annotation source="MCS" anchor="reina" bfScore="--" coherenceScore="--">bn:00065634n</annotation>
		<annotation source="BABELFY" anchor="será" bfScore="0.8336134453781513" coherenceScore="0.12698412698412698">bn:00083181v</annotation>
		<annotation source="MCS" anchor="sacada" bfScore="--" coherenceScore="--">bn:00087237v</annotation>
		<annotation source="MCS" anchor="llevada" bfScore="--" coherenceScore="--">bn:00084554v</annotation>
		<annotation source="MCS" anchor="cautividad" bfScore="--" coherenceScore="--">bn:00015771n</annotation>
		<annotation source="MCS" anchor="criadas" bfScore="--" coherenceScore="--">bn:00053251n</annotation>
		<annotation source="MCS" anchor="palomas" bfScore="--" coherenceScore="--">bn:00062350n</annotation>
		<annotation source="MCS" anchor="pecho" bfScore="--" coherenceScore="--">bn:00012950n</annotation>
		<annotation source="BABELFY" anchor="tiempos" bfScore="0.7309562398703403" coherenceScore="0.3492063492063492">bn:00077270n</annotation>
		<annotation source="MCS" anchor="antiguos" bfScore="--" coherenceScore="--">bn:00097066a</annotation>
		<annotation source="BABELFY" anchor="estanque" bfScore="0.9622641509433962" coherenceScore="0.047619047619047616">bn:00063508n</annotation>
		<annotation source="BABELFY" anchor="aguas" bfScore="0.9461791025558488" coherenceScore="0.5634920634920635">bn:00042379n</annotation>
		<annotation source="MCS" anchor="ahora" bfScore="--" coherenceScore="--">bn:00114424r</annotation>
		<annotation source="MCS" anchor="huyen" bfScore="--" coherenceScore="--">bn:00083961v</annotation>
		<annotation source="MCS" anchor="Detened" bfScore="--" coherenceScore="--">bn:00083623v</annotation>
		<annotation source="MCS" anchor="detened" bfScore="--" coherenceScore="--">bn:00083623v</annotation>
		<annotation source="BABELFY" anchor="vuelve" bfScore="0.9225199131064447" coherenceScore="0.20634920634920634">bn:00088736v</annotation>
		<annotation source="BABELFY" anchor="atrás" bfScore="1.0" coherenceScore="0.007936507936507936">bn:00114474r</annotation>
		<annotation source="MCS" anchor="plata" bfScore="--" coherenceScore="--">bn:00001887n</annotation>
		<annotation source="MCS" anchor="oro" bfScore="--" coherenceScore="--">bn:00040921n</annotation>
		<annotation source="MCS" anchor="tienen" bfScore="--" coherenceScore="--">bn:00089385v</annotation>
		<annotation source="MCS" anchor="límites" bfScore="--" coherenceScore="--">bn:00012419n</annotation>
		<annotation source="MCS" anchor="calidad" bfScore="--" coherenceScore="--">bn:00065538n</annotation>
		<annotation source="MCS" anchor="peso" bfScore="--" coherenceScore="--">bn:00080831n</annotation>
		<annotation source="BABELFY" anchor="objetos" bfScore="0.9021143304620204" coherenceScore="0.19047619047619047">bn:00058442n</annotation>
		<annotation source="BABELFY" anchor="preciosos" bfScore="0.7692307692307693" coherenceScore="0.03968253968253968">bn:00098172a</annotation>
		<annotation source="MCS" anchor="Desolación" bfScore="--" coherenceScore="--">bn:00008563n</annotation>
		<annotation source="BABELFY" anchor="devastación" bfScore="0.7446808510638298" coherenceScore="0.05555555555555555">bn:00026690n</annotation>
		<annotation source="MCS" anchor="destrucción" bfScore="--" coherenceScore="--">bn:00026163n</annotation>
		<annotation source="BABELFY" anchor="corazones" bfScore="0.7821612349914236" coherenceScore="0.25396825396825395">bn:00043383n</annotation>
		<annotation source="BABELFY" anchor="rodillas" bfScore="0.7272727272727273" coherenceScore="0.031746031746031744">bn:00006140n</annotation>
		<annotation source="MCS" anchor="lomos" bfScore="--" coherenceScore="--">bn:00051882n</annotation>
		<annotation source="MCS" anchor="caras" bfScore="--" coherenceScore="--">bn:00032600n</annotation>
		<annotation source="MCS" anchor="Dónde" bfScore="--" coherenceScore="--">bn:13653875r</annotation>
		<annotation source="MCS" anchor="guarida" bfScore="--" coherenceScore="--">bn:00026199n</annotation>
		<annotation source="BABELFY" anchor="leones" bfScore="0.7071492007104796" coherenceScore="0.2777777777777778">bn:00049156n</annotation>
		<annotation source="BABELFY" anchor="cueva" bfScore="0.9983193277310924" coherenceScore="0.1746031746031746">bn:00016878n</annotation>
		<annotation source="BABELFY" anchor="león" bfScore="0.7071492007104796" coherenceScore="0.2777777777777778">bn:00049156n</annotation>
		<annotation source="BABELFY" anchor="leona" bfScore="0.7071492007104796" coherenceScore="0.2777777777777778">bn:00049156n</annotation>
		<annotation source="MCS" anchor="cachorros" bfScore="--" coherenceScore="--">bn:00065247n</annotation>
		<annotation source="BABELFY" anchor="hubiera" bfScore="0.9333333333333333" coherenceScore="0.047619047619047616">bn:00083183v</annotation>
		<annotation source="BABELFY" anchor="El león" bfScore="1.0" coherenceScore="0.007936507936507936">bn:00953541n</annotation>
		<annotation source="BABELFY" anchor="leonas" bfScore="0.7071492007104796" coherenceScore="0.2777777777777778">bn:00049156n</annotation>
		<annotation source="MCS" anchor="Llenaba" bfScore="--" coherenceScore="--">bn:00088175v</annotation>
		<annotation source="MCS" anchor="cavernas" bfScore="--" coherenceScore="--">bn:00016887n</annotation>
		<annotation source="BABELFY" anchor="rapiña" bfScore="0.8820754716981132" coherenceScore="0.0873015873015873">bn:00010639n</annotation>
		<annotation source="MCS" anchor="aquí" bfScore="--" coherenceScore="--">bn:00115641r</annotation>
		<annotation source="MCS" anchor="dice" bfScore="--" coherenceScore="--">bn:00093287v</annotation>
		<annotation source="MCS" anchor="Ejércitos" bfScore="--" coherenceScore="--">bn:00005803n</annotation>
		<annotation source="MCS" anchor="reduciré" bfScore="--" coherenceScore="--">bn:00084079v</annotation>
		<annotation source="MCS" anchor="humo" bfScore="--" coherenceScore="--">bn:00036806n</annotation>
		<annotation source="BABELFY" anchor="espada" bfScore="0.7194679564691656" coherenceScore="0.1349206349206349">bn:00011081n</annotation>
		<annotation source="MCS" anchor="devorará" bfScore="--" coherenceScore="--">bn:00085688v</annotation>
		<annotation source="MCS" anchor="presa" bfScore="--" coherenceScore="--">bn:00025075n</annotation>
		<annotation source="BABELFY" anchor="nunca" bfScore="1.0" coherenceScore="0.007936507936507936">bn:00116326r</annotation>
		<annotation source="BABELFY" anchor="volverá" bfScore="0.9225199131064447" coherenceScore="0.20634920634920634">bn:00088736v</annotation>
		<annotation source="BABELFY" anchor="escuchar" bfScore="0.8" coherenceScore="0.015873015873015872">bn:00090400v</annotation>
		<annotation source="MCS" anchor="voz" bfScore="--" coherenceScore="--">bn:00080185n</annotation>
		<annotation source="MCS" anchor="mensajeros" bfScore="--" coherenceScore="--">bn:00023284n</annotation>
	</annotations>
</paragraph>
<paragraph id="p.3">
	<text>
		¡ Ay de la ciudad sanguinaria ! Toda ella es engaño ; está llena de pillaje y de incesante rapiña
		Viene sonido de látigo , estruendo de ruedas , caballos galopando , carros que rebotan
		jinetes que avanzan , resplandor de espada y fulgor de lanza . Habrá gran número de muertos y multitud de cadáveres . Tan numerosos serán sus cuerpos , que tropezarán en ellos
		Esto sucederá debido a la multitud de las fornicaciones de la prostituta , de bella apariencia y experta en hechizos , que seduce a las naciones con sus fornicaciones y a los pueblos con sus hechizos
		&amp;quot; ¡ Heme aquí , yo estoy contra ti ! , dice Jehovah de los Ejércitos . Te levantaré la falda hasta la cara y mostraré a las naciones tu desnudez , y a los reinos tu ignominia
		Echaré sobre ti inmundicias ; te trataré con desdén y te pondré por espectáculo
		Sucederá que todos los que te vean huirán de ti . Y dirán : &amp;apos; ¡ Nínive ha sido destruida ! ¿ Quién se compadecerá de ella ? ¿ Dónde le habré de buscar consoladores ? &amp;apos;
		¿ Eres acaso mejor que Tebas , que estaba asentada junto al Nilo , rodeada de aguas , cuyo baluarte y muralla era una concentración de aguas
		Etiopía y Egipto eran su poderío ilimitado ; Fut y los libios acudían en su ayuda
		También ella partió al destierro ; fue llevada en cautiverio . También sus pequeñitos fueron estrellados en los cruces de las calles . Sobre sus nobles echaron suertes , y todos sus grandes fueron aprisionados con grillos
		Tú también serás embriagada . Estarás oculta ; también tú buscarás refugio por causa del enemigo
		Todas las fortificaciones son como higueras cargadas de higos : Si las sacuden , caerán en la boca del que los ha de comer
		He aquí que tu pueblo en medio de ti es como las mujeres . Las puertas de tu tierra serán abiertas de par en par a tus enemigos ; el fuego consumirá tus cerrojos
		Provéete de agua para el asedio ; refuerza tus fortalezas . Entra en el lodo ; pisa el barro ; toma el molde de hacer ladrillos
		Allí te devorará el fuego , y la espada te exterminará como devora la langosta . ¡ Multiplícate como el saltón ! ¡ Multiplícate como la langosta
		Aumentaste tus mercaderes más que las estrellas del cielo . Como langostas desplegaron las alas y volaron
		Tus oficiales serán como saltamontes , y tus capitanes como enjambre de langostas que se asientan sobre los vallados en un día de frío , y que salido el sol huyen , y su lugar no se conoce más
		¡ Se han dormido tus pastores , oh rey de Asiria ; han reposado tus valientes ! Tu pueblo se ha dispersado por los montes , y no hay quien lo reúna
		No hay medicina para tu quebranto ; tu llaga es incurable . Todos los que oyen de tu fama aplaudirán a causa de ti , porque ¿ sobre quién no ha pasado de continuo tu maldad
	</text>
	<annotations>
		<annotation source="BABELFY" anchor="ciudad" bfScore="0.8718818115766529" coherenceScore="0.4433497536945813">bn:03335997n</annotation>
		<annotation source="BABELFY" anchor="sanguinaria" bfScore="1.0" coherenceScore="0.024630541871921183">bn:00098593a</annotation>
		<annotation source="BABELFY" anchor="es" bfScore="0.716715976331361" coherenceScore="0.18719211822660098">bn:00083181v</annotation>
		<annotation source="MCS" anchor="engaño" bfScore="--" coherenceScore="--">bn:00023504n</annotation>
		<annotation source="MCS" anchor="llena" bfScore="--" coherenceScore="--">bn:00103391a</annotation>
		<annotation source="MCS" anchor="pillaje" bfScore="--" coherenceScore="--">bn:00605151n</annotation>
		<annotation source="BABELFY" anchor="incesante" bfScore="1.0" coherenceScore="0.024630541871921183">bn:00100385a</annotation>
		<annotation source="BABELFY" anchor="rapiña" bfScore="0.8319327731092437" coherenceScore="0.04433497536945813">bn:00066177n</annotation>
		<annotation source="BABELFY" anchor="Viene" bfScore="1.0" coherenceScore="0.029556650246305417">bn:00962032n</annotation>
		<annotation source="BABELFY" anchor="sonido" bfScore="0.898581865062312" coherenceScore="0.2019704433497537">bn:00000986n</annotation>
		<annotation source="BABELFY" anchor="látigo" bfScore="0.7230989956958394" coherenceScore="0.08866995073891626">bn:00081007n</annotation>
		<annotation source="MCS" anchor="estruendo" bfScore="--" coherenceScore="--">bn:00011127n</annotation>
		<annotation source="MCS" anchor="ruedas" bfScore="--" coherenceScore="--">bn:00080972n</annotation>
		<annotation source="BABELFY" anchor="caballos" bfScore="0.8875502008032129" coherenceScore="0.33497536945812806">bn:00031345n</annotation>
		<annotation source="MCS" anchor="carros" bfScore="--" coherenceScore="--">bn:00080322n</annotation>
		<annotation source="MCS" anchor="rebotan" bfScore="--" coherenceScore="--">bn:00083824v</annotation>
		<annotation source="MCS" anchor="jinetes" bfScore="--" coherenceScore="--">bn:00067757n</annotation>
		<annotation source="MCS" anchor="avanzan" bfScore="--" coherenceScore="--">bn:00082395v</annotation>
		<annotation source="MCS" anchor="resplandor" bfScore="--" coherenceScore="--">bn:00040714n</annotation>
		<annotation source="BABELFY" anchor="espada" bfScore="0.8281481481481482" coherenceScore="0.12807881773399016">bn:00011081n</annotation>
		<annotation source="BABELFY" anchor="fulgor" bfScore="1.0" coherenceScore="0.034482758620689655">bn:00011174n</annotation>
		<annotation source="MCS" anchor="lanza" bfScore="--" coherenceScore="--">bn:00049823n</annotation>
		<annotation source="MCS" anchor="Habrá" bfScore="--" coherenceScore="--">bn:00083184v</annotation>
		<annotation source="BABELFY" anchor="gran" bfScore="0.873015873015873" coherenceScore="0.1921182266009852">bn:00098342a</annotation>
		<annotation source="BABELFY" anchor="gran número" bfScore="1.0" coherenceScore="0.034482758620689655">bn:00009055n</annotation>
		<annotation source="MCS" anchor="número" bfScore="--" coherenceScore="--">bn:00058285n</annotation>
		<annotation source="BABELFY" anchor="número de muertos" bfScore="1.0" coherenceScore="0.04433497536945813">bn:00276382n</annotation>
		<annotation source="BABELFY" anchor="muertos" bfScore="0.884393063583815" coherenceScore="0.08374384236453201">bn:00100948a</annotation>
		<annotation source="MCS" anchor="multitud" bfScore="--" coherenceScore="--">bn:00021604n</annotation>
		<annotation source="MCS" anchor="cadáveres" bfScore="--" coherenceScore="--">bn:00014512n</annotation>
		<annotation source="MCS" anchor="Tan" bfScore="--" coherenceScore="--">bn:00117043r</annotation>
		<annotation source="BABELFY" anchor="numerosos" bfScore="1.0" coherenceScore="0.034482758620689655">bn:00105858a</annotation>
		<annotation source="BABELFY" anchor="serán" bfScore="0.716715976331361" coherenceScore="0.18719211822660098">bn:00083181v</annotation>
		<annotation source="MCS" anchor="cuerpos" bfScore="--" coherenceScore="--">bn:00011744n</annotation>
		<annotation source="BABELFY" anchor="tropezarán" bfScore="0.9205921938088829" coherenceScore="0.09359605911330049">bn:00087597v</annotation>
		<annotation source="MCS" anchor="sucederá" bfScore="--" coherenceScore="--">bn:00085337v</annotation>
		<annotation source="BABELFY" anchor="debido" bfScore="1.0" coherenceScore="0.08866995073891626">bn:00091362v</annotation>
		<annotation source="MCS" anchor="prostituta" bfScore="--" coherenceScore="--">bn:00009205n</annotation>
		<annotation source="MCS" anchor="bella" bfScore="--" coherenceScore="--">bn:00098171a</annotation>
		<annotation source="MCS" anchor="apariencia" bfScore="--" coherenceScore="--">bn:00005023n</annotation>
		<annotation source="BABELFY" anchor="experta" bfScore="0.968" coherenceScore="0.054187192118226604">bn:00032322n</annotation>
		<annotation source="BABELFY" anchor="hechizos" bfScore="1.0" coherenceScore="0.019704433497536946">bn:03766806n</annotation>
		<annotation source="BABELFY" anchor="seduce" bfScore="0.8780487804878049" coherenceScore="0.06896551724137931">bn:00090574v</annotation>
		<annotation source="BABELFY" anchor="naciones" bfScore="0.7958433603150296" coherenceScore="0.6354679802955665">bn:00023236n</annotation>
		<annotation source="MCS" anchor="pueblos" bfScore="--" coherenceScore="--">bn:00021149n</annotation>
		<annotation source="MCS" anchor="aquí" bfScore="--" coherenceScore="--">bn:00115641r</annotation>
		<annotation source="MCS" anchor="dice" bfScore="--" coherenceScore="--">bn:00093287v</annotation>
		<annotation source="BABELFY" anchor="Jehovah" bfScore="1.0" coherenceScore="0.08866995073891626">bn:00047890n</annotation>
		<annotation source="MCS" anchor="Ejércitos" bfScore="--" coherenceScore="--">bn:00005803n</annotation>
		<annotation source="MCS" anchor="levantaré" bfScore="--" coherenceScore="--">bn:00084110v</annotation>
		<annotation source="MCS" anchor="falda" bfScore="--" coherenceScore="--">bn:00013156n</annotation>
		<annotation source="BABELFY" anchor="cara" bfScore="0.7109915449654112" coherenceScore="0.12315270935960591">bn:00032600n</annotation>
		<annotation source="MCS" anchor="mostraré" bfScore="--" coherenceScore="--">bn:00086567v</annotation>
		<annotation source="BABELFY" anchor="desnudez" bfScore="0.8322147651006712" coherenceScore="0.11822660098522167">bn:00056748n</annotation>
		<annotation source="MCS" anchor="reinos" bfScore="--" coherenceScore="--">bn:00049171n</annotation>
		<annotation source="MCS" anchor="ignominia" bfScore="--" coherenceScore="--">bn:08383145n</annotation>
		<annotation source="MCS" anchor="Echaré" bfScore="--" coherenceScore="--">bn:00084634v</annotation>
		<annotation source="MCS" anchor="inmundicias" bfScore="--" coherenceScore="--">bn:00027392n</annotation>
		<annotation source="MCS" anchor="trataré" bfScore="--" coherenceScore="--">bn:00082844v</annotation>
		<annotation source="MCS" anchor="desdén" bfScore="--" coherenceScore="--">bn:00021641n</annotation>
		<annotation source="MCS" anchor="pondré" bfScore="--" coherenceScore="--">bn:00090224v</annotation>
		<annotation source="MCS" anchor="espectáculo" bfScore="--" coherenceScore="--">bn:00031015n</annotation>
		<annotation source="MCS" anchor="Sucederá" bfScore="--" coherenceScore="--">bn:00085337v</annotation>
		<annotation source="MCS" anchor="vean" bfScore="--" coherenceScore="--">bn:00093430v</annotation>
		<annotation source="MCS" anchor="dirán" bfScore="--" coherenceScore="--">bn:00093287v</annotation>
		<annotation source="MCS" anchor="ha" bfScore="--" coherenceScore="--">bn:00083184v</annotation>
		<annotation source="BABELFY" anchor="sido" bfScore="0.716715976331361" coherenceScore="0.18719211822660098">bn:00083181v</annotation>
		<annotation source="MCS" anchor="destruida" bfScore="--" coherenceScore="--">bn:00086699v</annotation>
		<annotation source="MCS" anchor="habré" bfScore="--" coherenceScore="--">bn:00083184v</annotation>
		<annotation source="MCS" anchor="buscar" bfScore="--" coherenceScore="--">bn:00090460v</annotation>
		<annotation source="BABELFY" anchor="consoladores" bfScore="1.0" coherenceScore="0.04433497536945813">bn:00027130n</annotation>
		<annotation source="BABELFY" anchor="Eres" bfScore="0.716715976331361" coherenceScore="0.18719211822660098">bn:00083181v</annotation>
		<annotation source="MCS" anchor="acaso" bfScore="--" coherenceScore="--">bn:00116211r</annotation>
		<annotation source="MCS" anchor="mejor" bfScore="--" coherenceScore="--">bn:00098282a</annotation>
		<annotation source="MCS" anchor="asentada" bfScore="--" coherenceScore="--">bn:00087663v</annotation>
		<annotation source="BABELFY" anchor="junto" bfScore="1.0" coherenceScore="0.0049261083743842365">bn:00105539a</annotation>
		<annotation source="BABELFY" anchor="Nilo" bfScore="0.9579045837231057" coherenceScore="0.15763546798029557">bn:00057721n</annotation>
		<annotation source="MCS" anchor="rodeada" bfScore="--" coherenceScore="--">bn:00084979v</annotation>
		<annotation source="BABELFY" anchor="aguas" bfScore="0.9205486448035604" coherenceScore="0.5073891625615764">bn:00042379n</annotation>
		<annotation source="MCS" anchor="baluarte" bfScore="--" coherenceScore="--">bn:00012945n</annotation>
		<annotation source="MCS" anchor="muralla" bfScore="--" coherenceScore="--">bn:00013848n</annotation>
		<annotation source="BABELFY" anchor="era" bfScore="0.716715976331361" coherenceScore="0.18719211822660098">bn:00083181v</annotation>
		<annotation source="MCS" anchor="concentración" bfScore="--" coherenceScore="--">bn:00021538n</annotation>
		<annotation source="BABELFY" anchor="Etiopía" bfScore="0.9995159728944821" coherenceScore="0.1724137931034483">bn:00000536n</annotation>
		<annotation source="BABELFY" anchor="Egipto" bfScore="0.9867575088763074" coherenceScore="0.4482758620689655">bn:00005255n</annotation>
		<annotation source="BABELFY" anchor="ilimitado" bfScore="0.7954545454545454" coherenceScore="0.024630541871921183">bn:00106006a</annotation>
		<annotation source="BABELFY" anchor="libios" bfScore="1.0" coherenceScore="0.07881773399014778">bn:15961469n</annotation>
		<annotation source="MCS" anchor="acudían" bfScore="--" coherenceScore="--">bn:00086600v</annotation>
		<annotation source="MCS" anchor="ayuda" bfScore="--" coherenceScore="--">bn:00002155n</annotation>
		<annotation source="MCS" anchor="partió" bfScore="--" coherenceScore="--">bn:00086603v</annotation>
		<annotation source="MCS" anchor="destierro" bfScore="--" coherenceScore="--">bn:03320574n</annotation>
		<annotation source="BABELFY" anchor="fue" bfScore="0.716715976331361" coherenceScore="0.18719211822660098">bn:00083181v</annotation>
		<annotation source="MCS" anchor="llevada" bfScore="--" coherenceScore="--">bn:00084554v</annotation>
		<annotation source="MCS" anchor="cautiverio" bfScore="--" coherenceScore="--">bn:03141388n</annotation>
		<annotation source="MCS" anchor="pequeñitos" bfScore="--" coherenceScore="--">bn:00106058a</annotation>
		<annotation source="BABELFY" anchor="fueron" bfScore="0.716715976331361" coherenceScore="0.18719211822660098">bn:00083181v</annotation>
		<annotation source="MCS" anchor="cruces" bfScore="--" coherenceScore="--">bn:00081446n</annotation>
		<annotation source="MCS" anchor="calles" bfScore="--" coherenceScore="--">bn:00074595n</annotation>
		<annotation source="MCS" anchor="nobles" bfScore="--" coherenceScore="--">bn:00107323a</annotation>
		<annotation source="MCS" anchor="echaron" bfScore="--" coherenceScore="--">bn:00084634v</annotation>
		<annotation source="MCS" anchor="suertes" bfScore="--" coherenceScore="--">bn:00017622n</annotation>
		<annotation source="MCS" anchor="grandes" bfScore="--" coherenceScore="--">bn:00098342a</annotation>
		<annotation source="BABELFY" anchor="grillos" bfScore="0.757847533632287" coherenceScore="0.06403940886699508">bn:00023796n</annotation>
		<annotation source="BABELFY" anchor="serás" bfScore="0.716715976331361" coherenceScore="0.18719211822660098">bn:00083181v</annotation>
		<annotation source="MCS" anchor="oculta" bfScore="--" coherenceScore="--">bn:00083292v</annotation>
		<annotation source="MCS" anchor="refugio" bfScore="--" coherenceScore="--">bn:00071019n</annotation>
		<annotation source="MCS" anchor="causa" bfScore="--" coherenceScore="--">bn:00015051n</annotation>
		<annotation source="BABELFY" anchor="fortificaciones" bfScore="1.0" coherenceScore="0.12807881773399016">bn:00035991n</annotation>
		<annotation source="BABELFY" anchor="son" bfScore="0.716715976331361" coherenceScore="0.18719211822660098">bn:00083181v</annotation>
		<annotation source="MCS" anchor="higueras" bfScore="--" coherenceScore="--">bn:00034375n</annotation>
		<annotation source="MCS" anchor="cargadas" bfScore="--" coherenceScore="--">bn:00096722a</annotation>
		<annotation source="MCS" anchor="sacuden" bfScore="--" coherenceScore="--">bn:00082470v</annotation>
		<annotation source="BABELFY" anchor="caerán" bfScore="0.7649032258064516" coherenceScore="0.1921182266009852">bn:00087982v</annotation>
		<annotation source="BABELFY" anchor="boca" bfScore="0.8441153546375681" coherenceScore="0.18719211822660098">bn:00056135n</annotation>
		<annotation source="MCS" anchor="comer" bfScore="--" coherenceScore="--">bn:00087461v</annotation>
		<annotation source="MCS" anchor="pueblo" bfScore="--" coherenceScore="--">bn:00021149n</annotation>
		<annotation source="MCS" anchor="medio" bfScore="--" coherenceScore="--">bn:00054149n</annotation>
		<annotation source="BABELFY" anchor="mujeres" bfScore="0.9479092481432496" coherenceScore="0.3793103448275862">bn:00001530n</annotation>
		<annotation source="MCS" anchor="puertas" bfScore="--" coherenceScore="--">bn:00028248n</annotation>
		<annotation source="MCS" anchor="abiertas" bfScore="--" coherenceScore="--">bn:00107880a</annotation>
		<annotation source="MCS" anchor="par" bfScore="--" coherenceScore="--">bn:00012596n</annotation>
		<annotation source="MCS" anchor="enemigos" bfScore="--" coherenceScore="--">bn:00030814n</annotation>
		<annotation source="MCS" anchor="fuego" bfScore="--" coherenceScore="--">bn:00034623n</annotation>
		<annotation source="MCS" anchor="consumirá" bfScore="--" coherenceScore="--">bn:00087463v</annotation>
		<annotation source="MCS" anchor="Provee" bfScore="--" coherenceScore="--">bn:00084338v</annotation>
		<annotation source="BABELFY" anchor="agua" bfScore="0.9317496506582335" coherenceScore="0.5073891625615764">bn:00042379n</annotation>
		<annotation source="BABELFY" anchor="asedio" bfScore="1.0" coherenceScore="0.14285714285714285">bn:00009696n</annotation>
		<annotation source="MCS" anchor="refuerza" bfScore="--" coherenceScore="--">bn:00092613v</annotation>
		<annotation source="MCS" anchor="fortalezas" bfScore="--" coherenceScore="--">bn:00035975n</annotation>
		<annotation source="MCS" anchor="Entra" bfScore="--" coherenceScore="--">bn:00085363v</annotation>
		<annotation source="BABELFY" anchor="lodo" bfScore="0.7156549520766773" coherenceScore="0.07881773399014778">bn:00019625n</annotation>
		<annotation source="BABELFY" anchor="pisa" bfScore="0.935064935064935" coherenceScore="0.03940886699507389">bn:00094338v</annotation>
		<annotation source="MCS" anchor="barro" bfScore="--" coherenceScore="--">bn:00019625n</annotation>
		<annotation source="MCS" anchor="toma" bfScore="--" coherenceScore="--">bn:00088762v</annotation>
		<annotation source="MCS" anchor="hacer" bfScore="--" coherenceScore="--">bn:00087107v</annotation>
		<annotation source="BABELFY" anchor="ladrillos" bfScore="0.9185185185185185" coherenceScore="0.15270935960591134">bn:00013047n</annotation>
		<annotation source="BABELFY" anchor="Allí" bfScore="1.0" coherenceScore="0.034482758620689655">bn:00076845n</annotation>
		<annotation source="MCS" anchor="devorará" bfScore="--" coherenceScore="--">bn:00085688v</annotation>
		<annotation source="MCS" anchor="devora" bfScore="--" coherenceScore="--">bn:00085688v</annotation>
		<annotation source="MCS" anchor="langosta" bfScore="--" coherenceScore="--">bn:00051731n</annotation>
		<annotation source="MCS" anchor="Multiplica" bfScore="--" coherenceScore="--">bn:00090977v</annotation>
		<annotation source="BABELFY" anchor="estrellas" bfScore="0.8826904686005738" coherenceScore="0.1921182266009852">bn:00073964n</annotation>
		<annotation source="MCS" anchor="cielo" bfScore="--" coherenceScore="--">bn:00072016n</annotation>
		<annotation source="MCS" anchor="langostas" bfScore="--" coherenceScore="--">bn:00051731n</annotation>
		<annotation source="MCS" anchor="desplegaron" bfScore="--" coherenceScore="--">bn:00091169v</annotation>
		<annotation source="MCS" anchor="alas" bfScore="--" coherenceScore="--">bn:00081337n</annotation>
		<annotation source="MCS" anchor="volaron" bfScore="--" coherenceScore="--">bn:00088378v</annotation>
		<annotation source="MCS" anchor="capitanes" bfScore="--" coherenceScore="--">bn:00015752n</annotation>
		<annotation source="MCS" anchor="enjambre" bfScore="--" coherenceScore="--">bn:00020006n</annotation>
		<annotation source="MCS" anchor="día" bfScore="--" coherenceScore="--">bn:00000086n</annotation>
		<annotation source="MCS" anchor="frío" bfScore="--" coherenceScore="--">bn:00020535n</annotation>
		<annotation source="MCS" anchor="salido" bfScore="--" coherenceScore="--">bn:00087845v</annotation>
		<annotation source="BABELFY" anchor="sol" bfScore="0.9090523637905449" coherenceScore="0.33004926108374383">bn:00075170n</annotation>
		<annotation source="MCS" anchor="huyen" bfScore="--" coherenceScore="--">bn:00083961v</annotation>
		<annotation source="MCS" anchor="lugar" bfScore="--" coherenceScore="--">bn:00062699n</annotation>
		<annotation source="MCS" anchor="conoce" bfScore="--" coherenceScore="--">bn:00090725v</annotation>
		<annotation source="MCS" anchor="han" bfScore="--" coherenceScore="--">bn:00083184v</annotation>
		<annotation source="MCS" anchor="dormido" bfScore="--" coherenceScore="--">bn:00084684v</annotation>
		<annotation source="MCS" anchor="pastores" bfScore="--" coherenceScore="--">bn:00024459n</annotation>
		<annotation source="BABELFY" anchor="oh" bfScore="0.9178147268408551" coherenceScore="0.13793103448275862">bn:00006912n</annotation>
		<annotation source="MCS" anchor="rey" bfScore="--" coherenceScore="--">bn:00049141n</annotation>
		<annotation source="BABELFY" anchor="Asiria" bfScore="0.9868421052631579" coherenceScore="0.22167487684729065">bn:00006569n</annotation>
		<annotation source="MCS" anchor="valientes" bfScore="--" coherenceScore="--">bn:00098827a</annotation>
		<annotation source="MCS" anchor="dispersado" bfScore="--" coherenceScore="--">bn:00083993v</annotation>
		<annotation source="MCS" anchor="montes" bfScore="--" coherenceScore="--">bn:00036086n</annotation>
		<annotation source="MCS" anchor="hay" bfScore="--" coherenceScore="--">bn:00083184v</annotation>
		<annotation source="MCS" anchor="reúna" bfScore="--" coherenceScore="--">bn:00085289v</annotation>
		<annotation source="BABELFY" anchor="medicina" bfScore="0.9420810577752228" coherenceScore="0.3399014778325123">bn:00054133n</annotation>
		<annotation source="BABELFY" anchor="quebranto" bfScore="0.9523809523809523" coherenceScore="0.019704433497536946">bn:00083911v</annotation>
		<annotation source="BABELFY" anchor="llaga" bfScore="1.0" coherenceScore="0.009852216748768473">bn:00084463v</annotation>
		<annotation source="MCS" anchor="incurable" bfScore="--" coherenceScore="--">bn:00104899a</annotation>
		<annotation source="BABELFY" anchor="oyen" bfScore="0.851063829787234" coherenceScore="0.024630541871921183">bn:00089277v</annotation>
		<annotation source="MCS" anchor="fama" bfScore="--" coherenceScore="--">bn:00016991n</annotation>
		<annotation source="MCS" anchor="aplaudirán" bfScore="--" coherenceScore="--">bn:00082212v</annotation>
		<annotation source="MCS" anchor="pasado" bfScore="--" coherenceScore="--">bn:00091458v</annotation>
		<annotation source="MCS" anchor="continuo" bfScore="--" coherenceScore="--">bn:00100385a</annotation>
		<annotation source="MCS" anchor="maldad" bfScore="--" coherenceScore="--">bn:00007875n</annotation>
	</annotations>
</paragraph>
</dataset>
