<?xml version="1.0" encoding="utf-8"?>
<dataset language="ES" title="PHI">
<paragraph id="p.1">
	<text>
		Pablo y Timoteo , siervos de Cristo Jesús ; a todos los santos en Cristo Jesús que están en Filipos , con los obispos y diáconos
		Gracia a vosotros y paz , de parte de Dios nuestro Padre y del Señor Jesucristo
		Doy gracias a mi Dios cada vez que me acuerdo de vosotros
		siempre intercediendo con gozo por todos vosotros en cada oración mía
		a causa de vuestra participación en el evangelio desde el primer día hasta ahora
		estando convencido de esto : que el que en vosotros comenzó la buena obra , la perfeccionará hasta el día de Cristo Jesús
		Me es justo sentir esto de todos vosotros , porque os tengo en mi corazón . Tanto en mis prisiones como en la defensa y confirmación del evangelio , sois todos vosotros participantes conmigo de la gracia
		Pues Dios me es testigo de cómo os añoro a todos vosotros con el profundo amor de Cristo Jesús
		Y ésta es mi oración : que vuestro amor abunde aun más y más en conocimiento y en todo discernimiento
		para que aprobéis lo mejor , a fin de que seáis sinceros e irreprensibles en el día de Cristo
		llenos del fruto de justicia , fruto que viene por medio de Jesucristo , para gloria y alabanza de Dios
		Quiero que sepáis , hermanos , que las cosas que me han sucedido han redundado más bien para el adelanto del evangelio
		De esta manera , mis prisiones por la causa de Cristo han sido conocidas en todo el Pretorio y entre todos los demás
		La mayoría de los hermanos , tomando ánimo en el Señor por mis prisiones , se atreven mucho más a hablar la palabra sin temor
		Algunos , a la verdad , predican a Cristo por envidia y contienda , pero otros lo hacen de buena voluntad
		Estos últimos lo hacen por amor , sabiendo que he sido puesto para la defensa del evangelio
		mientras aquéllos anuncian a Cristo por contención , no sinceramente , pensando añadir aflicción a mis prisiones
		¿ Qué , pues ? Solamente que de todas maneras Cristo es anunciado , sea por pretexto o sea de verdad , y en esto me alegro . Pero me alegraré aun más
		pues sé que mediante vuestra oración y el apoyo del Espíritu de Jesucristo , esto resultará en mi liberación
		conforme a mi anhelo y esperanza : que en nada seré avergonzado ; sino que con toda confianza , tanto ahora como siempre , Cristo será exaltado en mi cuerpo , sea por la vida o por la muerte
		Porque para mí el vivir es Cristo , y el morir es ganancia
		Pero si el vivir en la carne me sirve para una obra fructífera , ¿ cuál escogeré ? No lo sé
		Me siento presionado por ambas partes . Tengo el deseo de partir y estar con Cristo , lo cual es muchísimo mejor
		pero quedarme en la carne es más necesario por causa de vosotros
		Pues , convencido de esto , sé que me quedaré y que aún permaneceré con todos vosotros para vuestro desarrollo y gozo en la fe
		para que en mí haya motivo de aumentar vuestro orgullo en Cristo Jesús a causa de mi presencia otra vez entre vosotros
		Solamente procurad que vuestra conducta como ciudadanos sea digna del evangelio de Cristo , de manera que sea que yo vaya a veros o que esté ausente , oiga acerca de vosotros que estáis firmes en un mismo espíritu , combatiendo juntos y unánimes por la fe del evangelio
		y no siendo intimidados de ninguna manera por los adversarios . Para ellos esta fe es indicio de perdición , pero para vosotros es indicio de salvación ; y esto procede de Dios
		Porque se os ha concedido a vosotros , a causa de Cristo , no solamente el privilegio de creer en él , sino también el de sufrir por su causa
		Así tendréis el mismo conflicto que habéis visto y que ahora oís que sigue en mí
	</text>
	<annotations>
		<annotation source="BABELFY" anchor="Pablo" bfScore="0.9658892719529507" coherenceScore="0.38132295719844356">bn:00004984n</annotation>
		<annotation source="BABELFY" anchor="siervos" bfScore="0.9294385432473444" coherenceScore="0.13618677042801555">bn:00011982n</annotation>
		<annotation source="BABELFY" anchor="Cristo" bfScore="0.9999487047961015" coherenceScore="0.6653696498054474">bn:00018805n</annotation>
		<annotation source="BABELFY" anchor="Cristo Jesús" bfScore="1.0" coherenceScore="0.6653696498054474">bn:00018805n</annotation>
		<annotation source="MCS" anchor="santos" bfScore="--" coherenceScore="--">bn:00053896n</annotation>
		<annotation source="MCS" anchor="Filipos" bfScore="--" coherenceScore="--">bn:00061962n</annotation>
		<annotation source="MCS" anchor="obispos" bfScore="--" coherenceScore="--">bn:00010715n</annotation>
		<annotation source="BABELFY" anchor="diáconos" bfScore="1.0" coherenceScore="0.22178988326848248">bn:00025496n</annotation>
		<annotation source="MCS" anchor="Gracia" bfScore="--" coherenceScore="--">bn:00041227n</annotation>
		<annotation source="MCS" anchor="paz" bfScore="--" coherenceScore="--">bn:00061149n</annotation>
		<annotation source="MCS" anchor="parte" bfScore="--" coherenceScore="--">bn:00060765n</annotation>
		<annotation source="MCS" anchor="Padre" bfScore="--" coherenceScore="--">bn:00009616n</annotation>
		<annotation source="MCS" anchor="Señor" bfScore="--" coherenceScore="--">bn:00055346n</annotation>
		<annotation source="BABELFY" anchor="Señor Jesucristo" bfScore="1.0" coherenceScore="0.6653696498054474">bn:00018805n</annotation>
		<annotation source="BABELFY" anchor="Jesucristo" bfScore="1.0" coherenceScore="0.6653696498054474">bn:00018805n</annotation>
		<annotation source="MCS" anchor="gracias" bfScore="--" coherenceScore="--">bn:00041227n</annotation>
		<annotation source="BABELFY" anchor="vez" bfScore="1.0" coherenceScore="0.1556420233463035">bn:00019848n</annotation>
		<annotation source="MCS" anchor="acuerdo" bfScore="--" coherenceScore="--">bn:00082480v</annotation>
		<annotation source="BABELFY" anchor="siempre" bfScore="0.975609756097561" coherenceScore="0.038910505836575876">bn:00114250r</annotation>
		<annotation source="BABELFY" anchor="oración" bfScore="0.7123577360812058" coherenceScore="0.377431906614786">bn:00059529n</annotation>
		<annotation source="MCS" anchor="causa" bfScore="--" coherenceScore="--">bn:00015051n</annotation>
		<annotation source="MCS" anchor="participación" bfScore="--" coherenceScore="--">bn:00030844n</annotation>
		<annotation source="BABELFY" anchor="evangelio" bfScore="0.7552119934410869" coherenceScore="0.36186770428015563">bn:00031976n</annotation>
		<annotation source="MCS" anchor="día" bfScore="--" coherenceScore="--">bn:00000086n</annotation>
		<annotation source="MCS" anchor="ahora" bfScore="--" coherenceScore="--">bn:00114424r</annotation>
		<annotation source="MCS" anchor="convencido" bfScore="--" coherenceScore="--">bn:00084573v</annotation>
		<annotation source="MCS" anchor="comenzó" bfScore="--" coherenceScore="--">bn:00083341v</annotation>
		<annotation source="MCS" anchor="buena" bfScore="--" coherenceScore="--">bn:00103672a</annotation>
		<annotation source="MCS" anchor="obra" bfScore="--" coherenceScore="--">bn:00011767n</annotation>
		<annotation source="MCS" anchor="perfeccionará" bfScore="--" coherenceScore="--">bn:00085695v</annotation>
		<annotation source="MCS" anchor="es" bfScore="--" coherenceScore="--">bn:00083187v</annotation>
		<annotation source="MCS" anchor="justo" bfScore="--" coherenceScore="--">bn:00102719a</annotation>
		<annotation source="MCS" anchor="sentir" bfScore="--" coherenceScore="--">bn:00088096v</annotation>
		<annotation source="MCS" anchor="tengo" bfScore="--" coherenceScore="--">bn:00089385v</annotation>
		<annotation source="MCS" anchor="corazón" bfScore="--" coherenceScore="--">bn:00043383n</annotation>
		<annotation source="MCS" anchor="prisiones" bfScore="--" coherenceScore="--">bn:00064468n</annotation>
		<annotation source="MCS" anchor="defensa" bfScore="--" coherenceScore="--">bn:00025878n</annotation>
		<annotation source="MCS" anchor="confirmación" bfScore="--" coherenceScore="--">bn:00021759n</annotation>
		<annotation source="MCS" anchor="sois" bfScore="--" coherenceScore="--">bn:00083187v</annotation>
		<annotation source="MCS" anchor="participantes" bfScore="--" coherenceScore="--">bn:00091451v</annotation>
		<annotation source="MCS" anchor="gracia" bfScore="--" coherenceScore="--">bn:00041227n</annotation>
		<annotation source="BABELFY" anchor="Pues" bfScore="1.0" coherenceScore="0.08171206225680934">bn:00025800n</annotation>
		<annotation source="MCS" anchor="testigo" bfScore="--" coherenceScore="--">bn:00081454n</annotation>
		<annotation source="MCS" anchor="profundo" bfScore="--" coherenceScore="--">bn:00101043a</annotation>
		<annotation source="BABELFY" anchor="amor" bfScore="0.8147840367226609" coherenceScore="0.5525291828793775">bn:00052121n</annotation>
		<annotation source="BABELFY" anchor="abunde" bfScore="1.0" coherenceScore="0.08560311284046693">bn:00082152v</annotation>
		<annotation source="MCS" anchor="conocimiento" bfScore="--" coherenceScore="--">bn:00020452n</annotation>
		<annotation source="MCS" anchor="discernimiento" bfScore="--" coherenceScore="--">bn:00027470n</annotation>
		<annotation source="MCS" anchor="mejor" bfScore="--" coherenceScore="--">bn:00098282a</annotation>
		<annotation source="MCS" anchor="fin" bfScore="--" coherenceScore="--">bn:00025588n</annotation>
		<annotation source="MCS" anchor="seáis" bfScore="--" coherenceScore="--">bn:00083187v</annotation>
		<annotation source="BABELFY" anchor="sinceros" bfScore="0.7939581719597212" coherenceScore="0.15953307392996108">bn:00110658a</annotation>
		<annotation source="BABELFY" anchor="llenos" bfScore="0.7246376811594203" coherenceScore="0.038910505836575876">bn:00102961a</annotation>
		<annotation source="BABELFY" anchor="fruto" bfScore="0.7333333333333333" coherenceScore="0.042801556420233464">bn:00036686n</annotation>
		<annotation source="MCS" anchor="justicia" bfScore="--" coherenceScore="--">bn:00048668n</annotation>
		<annotation source="MCS" anchor="viene" bfScore="--" coherenceScore="--">bn:00082788v</annotation>
		<annotation source="MCS" anchor="medio" bfScore="--" coherenceScore="--">bn:00054149n</annotation>
		<annotation source="MCS" anchor="gloria" bfScore="--" coherenceScore="--">bn:00040711n</annotation>
		<annotation source="MCS" anchor="alabanza" bfScore="--" coherenceScore="--">bn:01193643n</annotation>
		<annotation source="MCS" anchor="Quiero" bfScore="--" coherenceScore="--">bn:00086682v</annotation>
		<annotation source="MCS" anchor="sepáis" bfScore="--" coherenceScore="--">bn:00085261v</annotation>
		<annotation source="MCS" anchor="hermanos" bfScore="--" coherenceScore="--">bn:00071400n</annotation>
		<annotation source="MCS" anchor="cosas" bfScore="--" coherenceScore="--">bn:00076925n</annotation>
		<annotation source="BABELFY" anchor="han" bfScore="0.8947368421052632" coherenceScore="0.1867704280155642">bn:00083184v</annotation>
		<annotation source="MCS" anchor="sucedido" bfScore="--" coherenceScore="--">bn:00085337v</annotation>
		<annotation source="MCS" anchor="bien" bfScore="--" coherenceScore="--">bn:00115530r</annotation>
		<annotation source="BABELFY" anchor="manera" bfScore="0.8302721656370011" coherenceScore="0.3968871595330739">bn:00033729n</annotation>
		<annotation source="MCS" anchor="sido" bfScore="--" coherenceScore="--">bn:00083187v</annotation>
		<annotation source="MCS" anchor="conocidas" bfScore="--" coherenceScore="--">bn:00090725v</annotation>
		<annotation source="BABELFY" anchor="Pretorio" bfScore="1.0" coherenceScore="0.1517509727626459">bn:00064000n</annotation>
		<annotation source="BABELFY" anchor="mayoría" bfScore="0.972972972972973" coherenceScore="0.023346303501945526">bn:00000445n</annotation>
		<annotation source="MCS" anchor="tomando" bfScore="--" coherenceScore="--">bn:00088762v</annotation>
		<annotation source="MCS" anchor="ánimo" bfScore="--" coherenceScore="--">bn:00004273n</annotation>
		<annotation source="MCS" anchor="hablar" bfScore="--" coherenceScore="--">bn:00094090v</annotation>
		<annotation source="BABELFY" anchor="palabra" bfScore="0.9526599005517336" coherenceScore="0.6303501945525292">bn:00081546n</annotation>
		<annotation source="MCS" anchor="temor" bfScore="--" coherenceScore="--">bn:00005133n</annotation>
		<annotation source="BABELFY" anchor="verdad" bfScore="0.9945504087193461" coherenceScore="0.5680933852140078">bn:00072816n</annotation>
		<annotation source="BABELFY" anchor="predican" bfScore="0.967378640776699" coherenceScore="0.1828793774319066">bn:00091922v</annotation>
		<annotation source="MCS" anchor="envidia" bfScore="--" coherenceScore="--">bn:00031073n</annotation>
		<annotation source="MCS" anchor="contienda" bfScore="--" coherenceScore="--">bn:00021338n</annotation>
		<annotation source="MCS" anchor="hacen" bfScore="--" coherenceScore="--">bn:00087107v</annotation>
		<annotation source="BABELFY" anchor="buena voluntad" bfScore="1.0" coherenceScore="0.019455252918287938">bn:00041085n</annotation>
		<annotation source="BABELFY" anchor="voluntad" bfScore="0.7997622204947643" coherenceScore="0.41245136186770426">bn:16772028n</annotation>
		<annotation source="MCS" anchor="últimos" bfScore="--" coherenceScore="--">bn:00105740a</annotation>
		<annotation source="MCS" anchor="sabiendo" bfScore="--" coherenceScore="--">bn:00085261v</annotation>
		<annotation source="BABELFY" anchor="he" bfScore="0.8947368421052632" coherenceScore="0.1867704280155642">bn:00083184v</annotation>
		<annotation source="MCS" anchor="puesto" bfScore="--" coherenceScore="--">bn:00090224v</annotation>
		<annotation source="BABELFY" anchor="anuncian" bfScore="0.815677966101695" coherenceScore="0.12840466926070038">bn:00082639v</annotation>
		<annotation source="MCS" anchor="contención" bfScore="--" coherenceScore="--">bn:00022132n</annotation>
		<annotation source="BABELFY" anchor="sinceramente" bfScore="1.0" coherenceScore="0.0311284046692607">bn:00116990r</annotation>
		<annotation source="MCS" anchor="pensando" bfScore="--" coherenceScore="--">bn:00084733v</annotation>
		<annotation source="MCS" anchor="añadir" bfScore="--" coherenceScore="--">bn:00082317v</annotation>
		<annotation source="BABELFY" anchor="Solamente" bfScore="0.9885429638854296" coherenceScore="0.245136186770428">bn:00114626r</annotation>
		<annotation source="BABELFY" anchor="maneras" bfScore="0.8302721656370011" coherenceScore="0.3968871595330739">bn:00033729n</annotation>
		<annotation source="BABELFY" anchor="anunciado" bfScore="0.7954545454545454" coherenceScore="0.12840466926070038">bn:00082639v</annotation>
		<annotation source="MCS" anchor="sea" bfScore="--" coherenceScore="--">bn:00083187v</annotation>
		<annotation source="BABELFY" anchor="pretexto" bfScore="1.0" coherenceScore="0.023346303501945526">bn:00085798v</annotation>
		<annotation source="MCS" anchor="alegro" bfScore="--" coherenceScore="--">bn:00084881v</annotation>
		<annotation source="MCS" anchor="alegraré" bfScore="--" coherenceScore="--">bn:00084881v</annotation>
		<annotation source="BABELFY" anchor="apoyo" bfScore="0.7570558937465413" coherenceScore="0.14007782101167315">bn:00075332n</annotation>
		<annotation source="MCS" anchor="Espíritu" bfScore="--" coherenceScore="--">bn:00033960n</annotation>
		<annotation source="MCS" anchor="resultará" bfScore="--" coherenceScore="--">bn:00085322v</annotation>
		<annotation source="MCS" anchor="liberación" bfScore="--" coherenceScore="--">bn:00036396n</annotation>
		<annotation source="MCS" anchor="conforme" bfScore="--" coherenceScore="--">bn:13602588a</annotation>
		<annotation source="MCS" anchor="anhelo" bfScore="--" coherenceScore="--">bn:00023605n</annotation>
		<annotation source="MCS" anchor="esperanza" bfScore="--" coherenceScore="--">bn:00044737n</annotation>
		<annotation source="MCS" anchor="seré" bfScore="--" coherenceScore="--">bn:00083187v</annotation>
		<annotation source="MCS" anchor="avergonzado" bfScore="--" coherenceScore="--">bn:00082124v</annotation>
		<annotation source="MCS" anchor="confianza" bfScore="--" coherenceScore="--">bn:00021742n</annotation>
		<annotation source="MCS" anchor="será" bfScore="--" coherenceScore="--">bn:00083187v</annotation>
		<annotation source="MCS" anchor="exaltado" bfScore="--" coherenceScore="--">bn:00087753v</annotation>
		<annotation source="MCS" anchor="cuerpo" bfScore="--" coherenceScore="--">bn:00011744n</annotation>
		<annotation source="MCS" anchor="vida" bfScore="--" coherenceScore="--">bn:00002761n</annotation>
		<annotation source="BABELFY" anchor="muerte" bfScore="0.8050121603045364" coherenceScore="0.6264591439688716">bn:00025582n</annotation>
		<annotation source="MCS" anchor="vivir" bfScore="--" coherenceScore="--">bn:00087617v</annotation>
		<annotation source="MCS" anchor="morir" bfScore="--" coherenceScore="--">bn:00084343v</annotation>
		<annotation source="MCS" anchor="ganancia" bfScore="--" coherenceScore="--">bn:00003664n</annotation>
		<annotation source="MCS" anchor="carne" bfScore="--" coherenceScore="--">bn:00035182n</annotation>
		<annotation source="BABELFY" anchor="sirve" bfScore="0.746268656716418" coherenceScore="0.09727626459143969">bn:00082216v</annotation>
		<annotation source="BABELFY" anchor="Me siento" bfScore="0.8535353535353535" coherenceScore="0.05058365758754864">bn:00071865n</annotation>
		<annotation source="MCS" anchor="presionado" bfScore="--" coherenceScore="--">bn:00087335v</annotation>
		<annotation source="MCS" anchor="partes" bfScore="--" coherenceScore="--">bn:00060765n</annotation>
		<annotation source="MCS" anchor="Tengo" bfScore="--" coherenceScore="--">bn:00089385v</annotation>
		<annotation source="MCS" anchor="deseo" bfScore="--" coherenceScore="--">bn:00026550n</annotation>
		<annotation source="MCS" anchor="partir" bfScore="--" coherenceScore="--">bn:00086603v</annotation>
		<annotation source="BABELFY" anchor="quedar" bfScore="0.7021549878692736" coherenceScore="0.23346303501945526">bn:00092757v</annotation>
		<annotation source="BABELFY" anchor="es más" bfScore="1.0" coherenceScore="0.011673151750972763">bn:00115484r</annotation>
		<annotation source="BABELFY" anchor="necesario" bfScore="0.9" coherenceScore="0.058365758754863814">bn:00107182a</annotation>
		<annotation source="BABELFY" anchor="quedaré" bfScore="0.7021549878692736" coherenceScore="0.23346303501945526">bn:00092757v</annotation>
		<annotation source="MCS" anchor="aún" bfScore="--" coherenceScore="--">bn:00115246r</annotation>
		<annotation source="MCS" anchor="permaneceré" bfScore="--" coherenceScore="--">bn:00092756v</annotation>
		<annotation source="MCS" anchor="desarrollo" bfScore="--" coherenceScore="--">bn:00026695n</annotation>
		<annotation source="BABELFY" anchor="fe" bfScore="0.9500301554846207" coherenceScore="0.8404669260700389">bn:00032768n</annotation>
		<annotation source="BABELFY" anchor="haya" bfScore="0.8947368421052632" coherenceScore="0.1867704280155642">bn:00083184v</annotation>
		<annotation source="MCS" anchor="motivo" bfScore="--" coherenceScore="--">bn:00048587n</annotation>
		<annotation source="MCS" anchor="aumentar" bfScore="--" coherenceScore="--">bn:00089666v</annotation>
		<annotation source="BABELFY" anchor="orgullo" bfScore="0.7056152565460875" coherenceScore="0.245136186770428">bn:00064338n</annotation>
		<annotation source="MCS" anchor="presencia" bfScore="--" coherenceScore="--">bn:00064201n</annotation>
		<annotation source="MCS" anchor="ciudadanos" bfScore="--" coherenceScore="--">bn:00019281n</annotation>
		<annotation source="MCS" anchor="digna" bfScore="--" coherenceScore="--">bn:00113948a</annotation>
		<annotation source="MCS" anchor="vaya" bfScore="--" coherenceScore="--">bn:00088912v</annotation>
		<annotation source="MCS" anchor="veros" bfScore="--" coherenceScore="--">bn:00093430v</annotation>
		<annotation source="BABELFY" anchor="ausente" bfScore="0.9379785604900459" coherenceScore="0.13618677042801555">bn:00096193a</annotation>
		<annotation source="MCS" anchor="oiga" bfScore="--" coherenceScore="--">bn:00089277v</annotation>
		<annotation source="BABELFY" anchor="acerca" bfScore="1.0" coherenceScore="0.011673151750972763">bn:00114076r</annotation>
		<annotation source="MCS" anchor="firmes" bfScore="--" coherenceScore="--">bn:00102999a</annotation>
		<annotation source="MCS" anchor="mismo" bfScore="--" coherenceScore="--">bn:00110076a</annotation>
		<annotation source="MCS" anchor="espíritu" bfScore="--" coherenceScore="--">bn:00033960n</annotation>
		<annotation source="MCS" anchor="combatiendo" bfScore="--" coherenceScore="--">bn:00083173v</annotation>
		<annotation source="MCS" anchor="juntos" bfScore="--" coherenceScore="--">bn:00105539a</annotation>
		<annotation source="MCS" anchor="unánimes" bfScore="--" coherenceScore="--">bn:00100309a</annotation>
		<annotation source="MCS" anchor="siendo" bfScore="--" coherenceScore="--">bn:00083187v</annotation>
		<annotation source="MCS" anchor="intimidados" bfScore="--" coherenceScore="--">bn:00083061v</annotation>
		<annotation source="MCS" anchor="adversarios" bfScore="--" coherenceScore="--">bn:00001582n</annotation>
		<annotation source="BABELFY" anchor="indicio" bfScore="0.8130489335006273" coherenceScore="0.14007782101167315">bn:08389484n</annotation>
		<annotation source="MCS" anchor="salvación" bfScore="--" coherenceScore="--">bn:00066712n</annotation>
		<annotation source="MCS" anchor="procede" bfScore="--" coherenceScore="--">bn:00085715v</annotation>
		<annotation source="BABELFY" anchor="ha" bfScore="0.8947368421052632" coherenceScore="0.1867704280155642">bn:00083184v</annotation>
		<annotation source="MCS" anchor="concedido" bfScore="--" coherenceScore="--">bn:00082538v</annotation>
		<annotation source="BABELFY" anchor="solamente" bfScore="0.9885429638854296" coherenceScore="0.245136186770428">bn:00114626r</annotation>
		<annotation source="MCS" anchor="privilegio" bfScore="--" coherenceScore="--">bn:00064489n</annotation>
		<annotation source="MCS" anchor="creer" bfScore="--" coherenceScore="--">bn:00083369v</annotation>
		<annotation source="MCS" anchor="sufrir" bfScore="--" coherenceScore="--">bn:00082262v</annotation>
		<annotation source="BABELFY" anchor="Así" bfScore="0.7788542544229149" coherenceScore="0.16731517509727625">bn:00036261n</annotation>
		<annotation source="MCS" anchor="tendréis" bfScore="--" coherenceScore="--">bn:00089385v</annotation>
		<annotation source="MCS" anchor="conflicto" bfScore="--" coherenceScore="--">bn:00021769n</annotation>
		<annotation source="BABELFY" anchor="habéis" bfScore="0.8947368421052632" coherenceScore="0.1867704280155642">bn:00083184v</annotation>
		<annotation source="MCS" anchor="visto" bfScore="--" coherenceScore="--">bn:00093430v</annotation>
		<annotation source="MCS" anchor="oís" bfScore="--" coherenceScore="--">bn:00089277v</annotation>
		<annotation source="MCS" anchor="sigue" bfScore="--" coherenceScore="--">bn:00088421v</annotation>
	</annotations>
</paragraph>
<paragraph id="p.2">
	<text>
		Por tanto , si hay algún aliento en Cristo ; si hay algún incentivo en el amor ; si hay alguna comunión en el Espíritu ; si hay algún afecto profundo y alguna compasión
		completad mi gozo a fin de que penséis de la misma manera , teniendo el mismo amor , unánimes , pensando en una misma cosa
		No hagáis nada por rivalidad ni por vanagloria , sino estimad humildemente a los demás como superiores a vosotros mismos
		no considerando cada cual solamente los intereses propios , sino considerando cada uno también los intereses de los demás
		Haya en vosotros esta manera de pensar que hubo también en Cristo Jesús
		Existiendo en forma de Dios , él no consideró el ser igual a Dios como algo a qué aferrarse
		sino que se despojó a sí mismo , tomando forma de siervo , haciéndose semejante a los hombres ; y hallándose en condición de hombre
		se humilló a sí mismo haciéndose obediente hasta la muerte , ­ y muerte de cruz
		Por lo cual también Dios lo exaltó hasta lo sumo y le otorgó el nombre que es sobre todo nombre
		para que en el nombre de Jesús se doble toda rodilla de los que están en los cielos , en la tierra y debajo de la tierra
		y toda lengua confiese para gloria de Dios Padre que Jesucristo es Señor
		De modo que , amados míos , así como habéis obedecido siempre - - no sólo cuando yo estaba presente , sino mucho más ahora en mi ausencia - - , ocupaos en vuestra salvación con temor y temblor
		porque Dios es el que produce en vosotros tanto el querer como el hacer , para cumplir su buena voluntad
		Hacedlo todo sin murmuraciones y contiendas
		para que seáis irreprensibles y sencillos , hijos de Dios sin mancha en medio de una generación torcida y perversa , en la cual vosotros resplandecéis como luminares en el mundo
		reteniendo la palabra de vida . Así yo podré gloriarme en el día de Cristo de que no he corrido ni he trabajado en vano
		Al contrario , aunque haya de ser derramado como libación sobre el sacrificio y servicio de vuestra fe , me gozo y me regocijo con todos vosotros
		De igual modo , gozaos también vosotros y regocijaos conmigo
		Espero en el Señor Jesús enviaros pronto a Timoteo , para que yo también me reanime al saber de vuestro estado
		pues no tengo a nadie que se interese por vosotros con tanto ánimo y sinceridad
		Porque todos buscan sus intereses personales , no lo que es de Jesucristo
		Ya conocéis la reputación de Timoteo , que como hijo a padre ha servido conmigo en el evangelio
		Por lo tanto , espero enviarle en cuanto yo vea cómo van mis asuntos
		pero confío en el Señor que yo también iré pronto a vosotros
		Sin embargo , también creí necesario enviaros a Epafrodito , mi hermano , colaborador y compañero de milicia y vuestro mensajero y suministrador de mis necesidades
		ya que él os añoraba a todos vosotros y estaba angustiado porque habíais oído que él estaba enfermo
		Pues en verdad estuvo enfermo de muerte , pero Dios tuvo misericordia de él ; y no solamente de él , sino también de mí , para que yo no tuviese tristeza sobre tristeza
		Por lo tanto , le envío con más urgencia , para que os volváis a gozar al verlo y yo esté libre de preocupación
		Recibidle , pues , en el Señor con todo gozo y tened en alta estima a hombres como él
		porque a causa de la obra de Cristo estuvo cercano a la muerte , arriesgando su vida para completar lo que faltaba en vuestro servicio a mi favor
	</text>
	<annotations>
		<annotation source="BABELFY" anchor="hay" bfScore="0.8112947658402204" coherenceScore="0.1341991341991342">bn:00083184v</annotation>
		<annotation source="MCS" anchor="aliento" bfScore="--" coherenceScore="--">bn:00012966n</annotation>
		<annotation source="BABELFY" anchor="Cristo" bfScore="0.999855004752622" coherenceScore="0.6666666666666666">bn:00018805n</annotation>
		<annotation source="MCS" anchor="incentivo" bfScore="--" coherenceScore="--">bn:00046272n</annotation>
		<annotation source="BABELFY" anchor="amor" bfScore="0.8849772998199203" coherenceScore="0.5281385281385281">bn:00052121n</annotation>
		<annotation source="MCS" anchor="comunión" bfScore="--" coherenceScore="--">bn:00021233n</annotation>
		<annotation source="MCS" anchor="Espíritu" bfScore="--" coherenceScore="--">bn:00033960n</annotation>
		<annotation source="MCS" anchor="afecto" bfScore="--" coherenceScore="--">bn:00001744n</annotation>
		<annotation source="MCS" anchor="profundo" bfScore="--" coherenceScore="--">bn:00101043a</annotation>
		<annotation source="MCS" anchor="compasión" bfScore="--" coherenceScore="--">bn:00021318n</annotation>
		<annotation source="MCS" anchor="fin" bfScore="--" coherenceScore="--">bn:00025588n</annotation>
		<annotation source="MCS" anchor="penséis" bfScore="--" coherenceScore="--">bn:00084733v</annotation>
		<annotation source="MCS" anchor="misma" bfScore="--" coherenceScore="--">bn:00110076a</annotation>
		<annotation source="BABELFY" anchor="manera" bfScore="0.885244946700064" coherenceScore="0.3939393939393939">bn:00033729n</annotation>
		<annotation source="MCS" anchor="teniendo" bfScore="--" coherenceScore="--">bn:00089385v</annotation>
		<annotation source="MCS" anchor="mismo" bfScore="--" coherenceScore="--">bn:00110076a</annotation>
		<annotation source="MCS" anchor="unánimes" bfScore="--" coherenceScore="--">bn:00100309a</annotation>
		<annotation source="MCS" anchor="pensando" bfScore="--" coherenceScore="--">bn:00084733v</annotation>
		<annotation source="MCS" anchor="cosa" bfScore="--" coherenceScore="--">bn:00076925n</annotation>
		<annotation source="MCS" anchor="hagáis" bfScore="--" coherenceScore="--">bn:00087107v</annotation>
		<annotation source="MCS" anchor="rivalidad" bfScore="--" coherenceScore="--">bn:00021339n</annotation>
		<annotation source="BABELFY" anchor="vanagloria" bfScore="1.0" coherenceScore="0.10822510822510822">bn:00011673n</annotation>
		<annotation source="BABELFY" anchor="humildemente" bfScore="1.0" coherenceScore="0.03463203463203463">bn:00115703r</annotation>
		<annotation source="MCS" anchor="superiores" bfScore="--" coherenceScore="--">bn:00111465a</annotation>
		<annotation source="MCS" anchor="mismos" bfScore="--" coherenceScore="--">bn:00110076a</annotation>
		<annotation source="MCS" anchor="considerando" bfScore="--" coherenceScore="--">bn:00085651v</annotation>
		<annotation source="BABELFY" anchor="solamente" bfScore="0.9228023203926818" coherenceScore="0.19047619047619047">bn:00114626r</annotation>
		<annotation source="MCS" anchor="intereses" bfScore="--" coherenceScore="--">bn:00047079n</annotation>
		<annotation source="BABELFY" anchor="propios" bfScore="0.8063291139240506" coherenceScore="0.16883116883116883">bn:00096707a</annotation>
		<annotation source="MCS" anchor="pensar" bfScore="--" coherenceScore="--">bn:00084733v</annotation>
		<annotation source="BABELFY" anchor="hubo" bfScore="0.8112947658402204" coherenceScore="0.1341991341991342">bn:00083184v</annotation>
		<annotation source="BABELFY" anchor="Cristo Jesús" bfScore="1.0" coherenceScore="0.6666666666666666">bn:00018805n</annotation>
		<annotation source="MCS" anchor="forma" bfScore="--" coherenceScore="--">bn:00035908n</annotation>
		<annotation source="MCS" anchor="consideró" bfScore="--" coherenceScore="--">bn:00085651v</annotation>
		<annotation source="MCS" anchor="ser" bfScore="--" coherenceScore="--">bn:00009677n</annotation>
		<annotation source="MCS" anchor="igual" bfScore="--" coherenceScore="--">bn:00102336a</annotation>
		<annotation source="BABELFY" anchor="aferrar" bfScore="0.8664259927797834" coherenceScore="0.06493506493506493">bn:00085132v</annotation>
		<annotation source="MCS" anchor="despojó" bfScore="--" coherenceScore="--">bn:00086690v</annotation>
		<annotation source="MCS" anchor="tomando" bfScore="--" coherenceScore="--">bn:00088762v</annotation>
		<annotation source="MCS" anchor="siervo" bfScore="--" coherenceScore="--">bn:00011982n</annotation>
		<annotation source="MCS" anchor="haciendo" bfScore="--" coherenceScore="--">bn:00087107v</annotation>
		<annotation source="MCS" anchor="semejante" bfScore="--" coherenceScore="--">bn:00111411a</annotation>
		<annotation source="MCS" anchor="hombres" bfScore="--" coherenceScore="--">bn:00001533n</annotation>
		<annotation source="BABELFY" anchor="hallando" bfScore="0.8953488372093024" coherenceScore="0.06060606060606061">bn:00082902v</annotation>
		<annotation source="MCS" anchor="condición" bfScore="--" coherenceScore="--">bn:00021644n</annotation>
		<annotation source="MCS" anchor="hombre" bfScore="--" coherenceScore="--">bn:00001533n</annotation>
		<annotation source="BABELFY" anchor="humilló" bfScore="0.8520710059171598" coherenceScore="0.05194805194805195">bn:00082123v</annotation>
		<annotation source="BABELFY" anchor="obediente" bfScore="0.7241379310344828" coherenceScore="0.06060606060606061">bn:00107668a</annotation>
		<annotation source="BABELFY" anchor="muerte" bfScore="0.8584027890009928" coherenceScore="0.5627705627705628">bn:00025582n</annotation>
		<annotation source="MCS" anchor="cruz" bfScore="--" coherenceScore="--">bn:00081446n</annotation>
		<annotation source="MCS" anchor="exaltó" bfScore="--" coherenceScore="--">bn:00089127v</annotation>
		<annotation source="BABELFY" anchor="sumo" bfScore="0.721030042918455" coherenceScore="0.05194805194805195">bn:00075163n</annotation>
		<annotation source="MCS" anchor="otorgó" bfScore="--" coherenceScore="--">bn:00082965v</annotation>
		<annotation source="MCS" anchor="nombre" bfScore="--" coherenceScore="--">bn:00056758n</annotation>
		<annotation source="MCS" anchor="es" bfScore="--" coherenceScore="--">bn:00083187v</annotation>
		<annotation source="BABELFY" anchor="nombre de Jesús" bfScore="1.0" coherenceScore="0.012987012987012988">bn:00341425n</annotation>
		<annotation source="BABELFY" anchor="rodilla" bfScore="0.7468879668049793" coherenceScore="0.04329004329004329">bn:00006140n</annotation>
		<annotation source="MCS" anchor="cielos" bfScore="--" coherenceScore="--">bn:00072016n</annotation>
		<annotation source="MCS" anchor="debajo" bfScore="--" coherenceScore="--">bn:00117269r</annotation>
		<annotation source="BABELFY" anchor="lengua" bfScore="0.7823776758409786" coherenceScore="0.4199134199134199">bn:00049910n</annotation>
		<annotation source="BABELFY" anchor="confiese" bfScore="0.8301886792452831" coherenceScore="0.09523809523809523">bn:00085576v</annotation>
		<annotation source="MCS" anchor="gloria" bfScore="--" coherenceScore="--">bn:00040711n</annotation>
		<annotation source="MCS" anchor="Padre" bfScore="--" coherenceScore="--">bn:00009616n</annotation>
		<annotation source="BABELFY" anchor="Jesucristo" bfScore="1.0" coherenceScore="0.6666666666666666">bn:00018805n</annotation>
		<annotation source="MCS" anchor="Señor" bfScore="--" coherenceScore="--">bn:00055346n</annotation>
		<annotation source="MCS" anchor="modo" bfScore="--" coherenceScore="--">bn:00055441n</annotation>
		<annotation source="BABELFY" anchor="así" bfScore="0.9" coherenceScore="0.025974025974025976">bn:00117048r</annotation>
		<annotation source="BABELFY" anchor="habéis" bfScore="0.8112947658402204" coherenceScore="0.1341991341991342">bn:00083184v</annotation>
		<annotation source="MCS" anchor="obedecido" bfScore="--" coherenceScore="--">bn:00091112v</annotation>
		<annotation source="BABELFY" anchor="siempre" bfScore="0.7619047619047619" coherenceScore="0.03463203463203463">bn:00114250r</annotation>
		<annotation source="BABELFY" anchor="sólo" bfScore="0.9975880366618427" coherenceScore="0.19047619047619047">bn:00114626r</annotation>
		<annotation source="MCS" anchor="presente" bfScore="--" coherenceScore="--">bn:00108978a</annotation>
		<annotation source="MCS" anchor="ahora" bfScore="--" coherenceScore="--">bn:00114424r</annotation>
		<annotation source="MCS" anchor="ausencia" bfScore="--" coherenceScore="--">bn:00000427n</annotation>
		<annotation source="MCS" anchor="ocupa" bfScore="--" coherenceScore="--">bn:00090321v</annotation>
		<annotation source="MCS" anchor="salvación" bfScore="--" coherenceScore="--">bn:00066712n</annotation>
		<annotation source="MCS" anchor="temor" bfScore="--" coherenceScore="--">bn:00005133n</annotation>
		<annotation source="BABELFY" anchor="temor y temblor" bfScore="1.0" coherenceScore="0.12121212121212122">bn:01882726n</annotation>
		<annotation source="MCS" anchor="temblor" bfScore="--" coherenceScore="--">bn:00060325n</annotation>
		<annotation source="MCS" anchor="produce" bfScore="--" coherenceScore="--">bn:00086013v</annotation>
		<annotation source="MCS" anchor="querer" bfScore="--" coherenceScore="--">bn:00086682v</annotation>
		<annotation source="MCS" anchor="hacer" bfScore="--" coherenceScore="--">bn:00087107v</annotation>
		<annotation source="MCS" anchor="cumplir" bfScore="--" coherenceScore="--">bn:00082225v</annotation>
		<annotation source="MCS" anchor="buena" bfScore="--" coherenceScore="--">bn:00103672a</annotation>
		<annotation source="BABELFY" anchor="buena voluntad" bfScore="1.0" coherenceScore="0.04329004329004329">bn:00041085n</annotation>
		<annotation source="MCS" anchor="voluntad" bfScore="--" coherenceScore="--">bn:00081239n</annotation>
		<annotation source="MCS" anchor="contiendas" bfScore="--" coherenceScore="--">bn:00021338n</annotation>
		<annotation source="MCS" anchor="seáis" bfScore="--" coherenceScore="--">bn:00083187v</annotation>
		<annotation source="MCS" anchor="sencillos" bfScore="--" coherenceScore="--">bn:00098057a</annotation>
		<annotation source="MCS" anchor="hijos" bfScore="--" coherenceScore="--">bn:00024244n</annotation>
		<annotation source="MCS" anchor="mancha" bfScore="--" coherenceScore="--">bn:00011197n</annotation>
		<annotation source="MCS" anchor="medio" bfScore="--" coherenceScore="--">bn:00054149n</annotation>
		<annotation source="MCS" anchor="generación" bfScore="--" coherenceScore="--">bn:00020407n</annotation>
		<annotation source="MCS" anchor="torcida" bfScore="--" coherenceScore="--">bn:00083404v</annotation>
		<annotation source="MCS" anchor="perversa" bfScore="--" coherenceScore="--">bn:00107197a</annotation>
		<annotation source="MCS" anchor="mundo" bfScore="--" coherenceScore="--">bn:00029428n</annotation>
		<annotation source="MCS" anchor="reteniendo" bfScore="--" coherenceScore="--">bn:00089386v</annotation>
		<annotation source="BABELFY" anchor="palabra" bfScore="0.9479170908498595" coherenceScore="0.48917748917748916">bn:00081546n</annotation>
		<annotation source="BABELFY" anchor="vida" bfScore="0.7554568030322834" coherenceScore="0.36796536796536794">bn:00051054n</annotation>
		<annotation source="BABELFY" anchor="podré" bfScore="1.0" coherenceScore="0.03896103896103896">bn:00084451v</annotation>
		<annotation source="MCS" anchor="día" bfScore="--" coherenceScore="--">bn:00000086n</annotation>
		<annotation source="BABELFY" anchor="he" bfScore="0.8112947658402204" coherenceScore="0.1341991341991342">bn:00083184v</annotation>
		<annotation source="MCS" anchor="corrido" bfScore="--" coherenceScore="--">bn:00093170v</annotation>
		<annotation source="MCS" anchor="trabajado" bfScore="--" coherenceScore="--">bn:00095812v</annotation>
		<annotation source="MCS" anchor="vano" bfScore="--" coherenceScore="--">bn:00103448a</annotation>
		<annotation source="MCS" anchor="contrario" bfScore="--" coherenceScore="--">bn:00047338n</annotation>
		<annotation source="BABELFY" anchor="haya" bfScore="0.8112947658402204" coherenceScore="0.1341991341991342">bn:00083184v</annotation>
		<annotation source="MCS" anchor="ser" bfScore="--" coherenceScore="--">bn:00083187v</annotation>
		<annotation source="MCS" anchor="derramado" bfScore="--" coherenceScore="--">bn:00086958v</annotation>
		<annotation source="MCS" anchor="libación" bfScore="--" coherenceScore="--">bn:00050930n</annotation>
		<annotation source="BABELFY" anchor="sacrificio" bfScore="0.7119314436387607" coherenceScore="0.17316017316017315">bn:00067941n</annotation>
		<annotation source="MCS" anchor="servicio" bfScore="--" coherenceScore="--">bn:00070651n</annotation>
		<annotation source="BABELFY" anchor="fe" bfScore="0.9373879733286901" coherenceScore="0.7619047619047619">bn:00032768n</annotation>
		<annotation source="MCS" anchor="gozo" bfScore="--" coherenceScore="--">bn:00087646v</annotation>
		<annotation source="MCS" anchor="regocijo" bfScore="--" coherenceScore="--">bn:00088865v</annotation>
		<annotation source="MCS" anchor="goza" bfScore="--" coherenceScore="--">bn:00087646v</annotation>
		<annotation source="MCS" anchor="regocija" bfScore="--" coherenceScore="--">bn:00088865v</annotation>
		<annotation source="BABELFY" anchor="Señor Jesús" bfScore="1.0" coherenceScore="0.6666666666666666">bn:00018805n</annotation>
		<annotation source="BABELFY" anchor="pronto" bfScore="1.0" coherenceScore="0.09956709956709957">bn:00114513r</annotation>
		<annotation source="BABELFY" anchor="reanime" bfScore="0.8333333333333334" coherenceScore="0.017316017316017316">bn:00082629v</annotation>
		<annotation source="MCS" anchor="saber" bfScore="--" coherenceScore="--">bn:00085261v</annotation>
		<annotation source="MCS" anchor="tengo" bfScore="--" coherenceScore="--">bn:00089385v</annotation>
		<annotation source="MCS" anchor="interese" bfScore="--" coherenceScore="--">bn:00089814v</annotation>
		<annotation source="MCS" anchor="ánimo" bfScore="--" coherenceScore="--">bn:00004273n</annotation>
		<annotation source="MCS" anchor="sinceridad" bfScore="--" coherenceScore="--">bn:00071715n</annotation>
		<annotation source="MCS" anchor="buscan" bfScore="--" coherenceScore="--">bn:00090460v</annotation>
		<annotation source="BABELFY" anchor="persona" bfScore="0.9613015038855034" coherenceScore="0.7705627705627706">bn:00046516n</annotation>
		<annotation source="MCS" anchor="conocéis" bfScore="--" coherenceScore="--">bn:00090725v</annotation>
		<annotation source="MCS" anchor="reputación" bfScore="--" coherenceScore="--">bn:00067253n</annotation>
		<annotation source="MCS" anchor="hijo" bfScore="--" coherenceScore="--">bn:00024244n</annotation>
		<annotation source="MCS" anchor="padre" bfScore="--" coherenceScore="--">bn:00009616n</annotation>
		<annotation source="BABELFY" anchor="ha" bfScore="0.8112947658402204" coherenceScore="0.1341991341991342">bn:00083184v</annotation>
		<annotation source="MCS" anchor="servido" bfScore="--" coherenceScore="--">bn:00089309v</annotation>
		<annotation source="BABELFY" anchor="evangelio" bfScore="0.8301852851232236" coherenceScore="0.2813852813852814">bn:00031976n</annotation>
		<annotation source="BABELFY" anchor="Por lo tanto" bfScore="0.7142857142857143" coherenceScore="0.04329004329004329">bn:00114822r</annotation>
		<annotation source="MCS" anchor="espero" bfScore="--" coherenceScore="--">bn:00089401v</annotation>
		<annotation source="MCS" anchor="enviar" bfScore="--" coherenceScore="--">bn:00090548v</annotation>
		<annotation source="MCS" anchor="vea" bfScore="--" coherenceScore="--">bn:00093430v</annotation>
		<annotation source="MCS" anchor="cómo" bfScore="--" coherenceScore="--">bn:13703918r</annotation>
		<annotation source="MCS" anchor="van" bfScore="--" coherenceScore="--">bn:00088912v</annotation>
		<annotation source="MCS" anchor="asuntos" bfScore="--" coherenceScore="--">bn:00001734n</annotation>
		<annotation source="MCS" anchor="confío" bfScore="--" coherenceScore="--">bn:00083095v</annotation>
		<annotation source="BABELFY" anchor="iré" bfScore="0.7159127888057273" coherenceScore="0.17316017316017315">bn:00082907v</annotation>
		<annotation source="BABELFY" anchor="Sin embargo" bfScore="1.0" coherenceScore="0.047619047619047616">bn:00021883n</annotation>
		<annotation source="MCS" anchor="embargo" bfScore="--" coherenceScore="--">bn:00030465n</annotation>
		<annotation source="MCS" anchor="creí" bfScore="--" coherenceScore="--">bn:00083369v</annotation>
		<annotation source="BABELFY" anchor="necesario" bfScore="0.7659574468085106" coherenceScore="0.08658008658008658">bn:00107182a</annotation>
		<annotation source="BABELFY" anchor="Epafrodito" bfScore="1.0" coherenceScore="0.05194805194805195">bn:00146229n</annotation>
		<annotation source="MCS" anchor="hermano" bfScore="--" coherenceScore="--">bn:00071400n</annotation>
		<annotation source="MCS" anchor="colaborador" bfScore="--" coherenceScore="--">bn:00043641n</annotation>
		<annotation source="MCS" anchor="compañero" bfScore="--" coherenceScore="--">bn:00006532n</annotation>
		<annotation source="MCS" anchor="milicia" bfScore="--" coherenceScore="--">bn:00054992n</annotation>
		<annotation source="MCS" anchor="mensajero" bfScore="--" coherenceScore="--">bn:00023284n</annotation>
		<annotation source="BABELFY" anchor="suministrador" bfScore="1.0" coherenceScore="0.08225108225108226">bn:00064912n</annotation>
		<annotation source="MCS" anchor="necesidades" bfScore="--" coherenceScore="--">bn:00026107n</annotation>
		<annotation source="MCS" anchor="añoraba" bfScore="--" coherenceScore="--">bn:00092771v</annotation>
		<annotation source="BABELFY" anchor="angustiado" bfScore="1.0" coherenceScore="0.017316017316017316">bn:00082619v</annotation>
		<annotation source="BABELFY" anchor="habíais" bfScore="0.8112947658402204" coherenceScore="0.1341991341991342">bn:00083184v</annotation>
		<annotation source="MCS" anchor="oído" bfScore="--" coherenceScore="--">bn:00089277v</annotation>
		<annotation source="MCS" anchor="enfermo" bfScore="--" coherenceScore="--">bn:00104538a</annotation>
		<annotation source="BABELFY" anchor="Pues" bfScore="1.0" coherenceScore="0.07792207792207792">bn:00025800n</annotation>
		<annotation source="BABELFY" anchor="verdad" bfScore="0.984375" coherenceScore="0.45454545454545453">bn:00072816n</annotation>
		<annotation source="MCS" anchor="tuvo" bfScore="--" coherenceScore="--">bn:00089385v</annotation>
		<annotation source="MCS" anchor="misericordia" bfScore="--" coherenceScore="--">bn:00019708n</annotation>
		<annotation source="MCS" anchor="tuviese" bfScore="--" coherenceScore="--">bn:00089385v</annotation>
		<annotation source="BABELFY" anchor="tristeza" bfScore="0.7026431718061674" coherenceScore="0.2510822510822511">bn:00068782n</annotation>
		<annotation source="MCS" anchor="envío" bfScore="--" coherenceScore="--">bn:00070467n</annotation>
		<annotation source="MCS" anchor="urgencia" bfScore="--" coherenceScore="--">bn:00043115n</annotation>
		<annotation source="BABELFY" anchor="volváis" bfScore="0.9717411121239745" coherenceScore="0.11255411255411256">bn:00088736v</annotation>
		<annotation source="MCS" anchor="gozar" bfScore="--" coherenceScore="--">bn:00087646v</annotation>
		<annotation source="MCS" anchor="ver" bfScore="--" coherenceScore="--">bn:00093430v</annotation>
		<annotation source="MCS" anchor="libre" bfScore="--" coherenceScore="--">bn:00103299a</annotation>
		<annotation source="MCS" anchor="preocupación" bfScore="--" coherenceScore="--">bn:00078425n</annotation>
		<annotation source="MCS" anchor="tened" bfScore="--" coherenceScore="--">bn:00089385v</annotation>
		<annotation source="MCS" anchor="alta" bfScore="--" coherenceScore="--">bn:00111630a</annotation>
		<annotation source="MCS" anchor="estima" bfScore="--" coherenceScore="--">bn:00082743v</annotation>
		<annotation source="MCS" anchor="causa" bfScore="--" coherenceScore="--">bn:00015051n</annotation>
		<annotation source="MCS" anchor="obra" bfScore="--" coherenceScore="--">bn:00011767n</annotation>
		<annotation source="MCS" anchor="cercano" bfScore="--" coherenceScore="--">bn:00099859a</annotation>
		<annotation source="MCS" anchor="arriesgando" bfScore="--" coherenceScore="--">bn:00090231v</annotation>
		<annotation source="MCS" anchor="completar" bfScore="--" coherenceScore="--">bn:00084164v</annotation>
		<annotation source="BABELFY" anchor="faltaba" bfScore="1.0" coherenceScore="0.1471861471861472">bn:00090161v</annotation>
		<annotation source="MCS" anchor="favor" bfScore="--" coherenceScore="--">bn:00033832n</annotation>
	</annotations>
</paragraph>
<paragraph id="p.3">
	<text>
		Por lo demás , hermanos míos , regocijaos en el Señor . El escribiros las mismas cosas a mí no me es molesto , y para vosotros es más seguro
		¡ Guardaos de los perros ! ¡ Guardaos de los malos obreros ! ¡ Guardaos de los que mutilan el cuerpo
		Porque nosotros somos la circuncisión : los que servimos a Dios en espíritu , que nos gloriamos en Cristo Jesús y que no confiamos en la carne
		Aunque yo tengo de qué confiar también en la carne . Si alguno cree tener de qué confiar en la carne , yo más
		circuncidado al octavo día , del linaje de Israel , de la tribu de Benjamín , hebreo de hebreos ; en cuanto a la ley , fariseo
		en cuanto al celo , perseguidor de la iglesia ; en cuanto a la justicia de la ley , irreprensible
		Pero las cosas que para mí eran ganancia , las he considerado pérdida a causa de Cristo
		Y aun más : Considero como pérdida todas las cosas , en comparación con lo incomparable que es conocer a Cristo Jesús mi Señor . Por su causa lo he perdido todo y lo tengo por basura , a fin de ganar a Crist
		y ser hallado en él ; sin pretender una justicia mía , derivada de la ley , sino la que es por la fe en Cristo , la justicia que proviene de Dios por la fe
		Anhelo conocerle a él y el poder de su resurrección , y participar en sus padecimientos , para ser semejante a él en su muerte
		y de alguna manera , me encontraré en la resurrección de los muertos
		No quiero decir que ya lo haya alcanzado , ni que haya llegado a la perfección ; sino que prosigo a ver si alcanzo aquello para lo cual también fui alcanzado por Cristo Jesús
		Hermanos , yo mismo no pretendo haberlo ya alcanzado . Pero una cosa hago : olvidando lo que queda atrás y extendiéndome a lo que está por delante
		prosigo a la meta hacia el premio del supremo llamamiento de Dios en Cristo Jesús
		Así que , todos los que hemos alcanzado la madurez pensemos de este modo ; y si pensáis otra cosa , también eso os lo revelará Dios
		En todo caso , sigamos fieles a lo que hemos logrado
		Hermanos , sed imitadores de mí y prestad atención a los que así se conducen , según el ejemplo que tenéis en nosotros
		Porque muchos andan por ahí , de quienes os hablaba muchas veces , y ahora hasta lo digo llorando , que son enemigos de la cruz de Cristo
		El fin de ellos será la perdición ; su dios es su estómago ; su gloria se halla en su vergüenza ; y piensan solamente en lo terrenal
		Porque nuestra ciudadanía está en los cielos , de donde también esperamos ardientemente al Salvador , el Señor Jesucristo
		Él transformará nuestro cuerpo de humillación para que tenga la misma forma de su cuerpo de gloria , según la operación de su poder , para sujetar también a sí mismo todas las cosas
	</text>
	<annotations>
		<annotation source="MCS" anchor="hermanos" bfScore="--" coherenceScore="--">bn:00071400n</annotation>
		<annotation source="MCS" anchor="regocija" bfScore="--" coherenceScore="--">bn:00088865v</annotation>
		<annotation source="MCS" anchor="Señor" bfScore="--" coherenceScore="--">bn:00055346n</annotation>
		<annotation source="MCS" anchor="mismas" bfScore="--" coherenceScore="--">bn:00110076a</annotation>
		<annotation source="MCS" anchor="cosas" bfScore="--" coherenceScore="--">bn:00076925n</annotation>
		<annotation source="MCS" anchor="es" bfScore="--" coherenceScore="--">bn:00083187v</annotation>
		<annotation source="MCS" anchor="molesto" bfScore="--" coherenceScore="--">bn:00097147a</annotation>
		<annotation source="BABELFY" anchor="es más" bfScore="1.0" coherenceScore="0.010256410256410256">bn:00115484r</annotation>
		<annotation source="MCS" anchor="seguro" bfScore="--" coherenceScore="--">bn:00099475a</annotation>
		<annotation source="MCS" anchor="Guarda" bfScore="--" coherenceScore="--">bn:00089407v</annotation>
		<annotation source="BABELFY" anchor="perros" bfScore="0.7320644216691069" coherenceScore="0.20512820512820512">bn:00015267n</annotation>
		<annotation source="MCS" anchor="malos" bfScore="--" coherenceScore="--">bn:00097966a</annotation>
		<annotation source="MCS" anchor="obreros" bfScore="--" coherenceScore="--">bn:00081605n</annotation>
		<annotation source="MCS" anchor="mutilan" bfScore="--" coherenceScore="--">bn:00090550v</annotation>
		<annotation source="MCS" anchor="cuerpo" bfScore="--" coherenceScore="--">bn:00011744n</annotation>
		<annotation source="MCS" anchor="somos" bfScore="--" coherenceScore="--">bn:00083187v</annotation>
		<annotation source="BABELFY" anchor="circuncisión" bfScore="0.735593220338983" coherenceScore="0.15897435897435896">bn:00019205n</annotation>
		<annotation source="MCS" anchor="servimos" bfScore="--" coherenceScore="--">bn:00089309v</annotation>
		<annotation source="MCS" anchor="espíritu" bfScore="--" coherenceScore="--">bn:00033960n</annotation>
		<annotation source="BABELFY" anchor="Cristo" bfScore="1.0" coherenceScore="0.6820512820512821">bn:00018805n</annotation>
		<annotation source="BABELFY" anchor="Cristo Jesús" bfScore="1.0" coherenceScore="0.6820512820512821">bn:00018805n</annotation>
		<annotation source="MCS" anchor="confiamos" bfScore="--" coherenceScore="--">bn:00083095v</annotation>
		<annotation source="MCS" anchor="carne" bfScore="--" coherenceScore="--">bn:00035182n</annotation>
		<annotation source="MCS" anchor="tengo" bfScore="--" coherenceScore="--">bn:00089385v</annotation>
		<annotation source="MCS" anchor="confiar" bfScore="--" coherenceScore="--">bn:00083095v</annotation>
		<annotation source="MCS" anchor="tener" bfScore="--" coherenceScore="--">bn:00089385v</annotation>
		<annotation source="MCS" anchor="día" bfScore="--" coherenceScore="--">bn:00000086n</annotation>
		<annotation source="MCS" anchor="linaje" bfScore="--" coherenceScore="--">bn:14360555n</annotation>
		<annotation source="BABELFY" anchor="Israel" bfScore="0.832236725112921" coherenceScore="0.46153846153846156">bn:00047679n</annotation>
		<annotation source="MCS" anchor="tribu" bfScore="--" coherenceScore="--">bn:00078226n</annotation>
		<annotation source="MCS" anchor="hebreo" bfScore="--" coherenceScore="--">bn:00043491n</annotation>
		<annotation source="MCS" anchor="hebreos" bfScore="--" coherenceScore="--">bn:00043491n</annotation>
		<annotation source="MCS" anchor="ley" bfScore="--" coherenceScore="--">bn:00048655n</annotation>
		<annotation source="MCS" anchor="fariseo" bfScore="--" coherenceScore="--">bn:00061886n</annotation>
		<annotation source="MCS" anchor="celo" bfScore="--" coherenceScore="--">bn:00041654n</annotation>
		<annotation source="MCS" anchor="iglesia" bfScore="--" coherenceScore="--">bn:00018995n</annotation>
		<annotation source="MCS" anchor="justicia" bfScore="--" coherenceScore="--">bn:00048668n</annotation>
		<annotation source="MCS" anchor="eran" bfScore="--" coherenceScore="--">bn:00083187v</annotation>
		<annotation source="MCS" anchor="ganancia" bfScore="--" coherenceScore="--">bn:00003664n</annotation>
		<annotation source="BABELFY" anchor="he" bfScore="0.829153605015674" coherenceScore="0.11794871794871795">bn:00083184v</annotation>
		<annotation source="MCS" anchor="considerado" bfScore="--" coherenceScore="--">bn:00085651v</annotation>
		<annotation source="MCS" anchor="pérdida" bfScore="--" coherenceScore="--">bn:00052050n</annotation>
		<annotation source="MCS" anchor="causa" bfScore="--" coherenceScore="--">bn:00015051n</annotation>
		<annotation source="MCS" anchor="Considero" bfScore="--" coherenceScore="--">bn:00085651v</annotation>
		<annotation source="BABELFY" anchor="comparación" bfScore="0.7825396825396825" coherenceScore="0.08717948717948718">bn:00021297n</annotation>
		<annotation source="BABELFY" anchor="incomparable" bfScore="1.0" coherenceScore="0.05128205128205128">bn:00096872a</annotation>
		<annotation source="MCS" anchor="conocer" bfScore="--" coherenceScore="--">bn:00090725v</annotation>
		<annotation source="MCS" anchor="perdido" bfScore="--" coherenceScore="--">bn:00090485v</annotation>
		<annotation source="MCS" anchor="basura" bfScore="--" coherenceScore="--">bn:00006308n</annotation>
		<annotation source="MCS" anchor="fin" bfScore="--" coherenceScore="--">bn:00025588n</annotation>
		<annotation source="MCS" anchor="ganar" bfScore="--" coherenceScore="--">bn:00084089v</annotation>
		<annotation source="MCS" anchor="Crist" bfScore="--" coherenceScore="--">bn:08259718n</annotation>
		<annotation source="MCS" anchor="ser" bfScore="--" coherenceScore="--">bn:00083187v</annotation>
		<annotation source="MCS" anchor="hallado" bfScore="--" coherenceScore="--">bn:00084231v</annotation>
		<annotation source="MCS" anchor="pretender" bfScore="--" coherenceScore="--">bn:00082429v</annotation>
		<annotation source="MCS" anchor="derivada" bfScore="--" coherenceScore="--">bn:00086654v</annotation>
		<annotation source="BABELFY" anchor="fe" bfScore="0.9253075571177505" coherenceScore="0.8307692307692308">bn:00032768n</annotation>
		<annotation source="BABELFY" anchor="proviene" bfScore="0.998220640569395" coherenceScore="0.08717948717948718">bn:00085333v</annotation>
		<annotation source="BABELFY" anchor="Anhelo" bfScore="0.8357539896001435" coherenceScore="0.30256410256410254">bn:00080435n</annotation>
		<annotation source="MCS" anchor="poder" bfScore="--" coherenceScore="--">bn:00063940n</annotation>
		<annotation source="BABELFY" anchor="resurrección" bfScore="0.855047821466525" coherenceScore="0.27692307692307694">bn:00018809n</annotation>
		<annotation source="MCS" anchor="participar" bfScore="--" coherenceScore="--">bn:00091451v</annotation>
		<annotation source="BABELFY" anchor="padecimientos" bfScore="1.0" coherenceScore="0.3230769230769231">bn:00027546n</annotation>
		<annotation source="MCS" anchor="semejante" bfScore="--" coherenceScore="--">bn:00111411a</annotation>
		<annotation source="BABELFY" anchor="muerte" bfScore="0.7985490484701924" coherenceScore="0.6358974358974359">bn:00025582n</annotation>
		<annotation source="MCS" anchor="manera" bfScore="--" coherenceScore="--">bn:00033729n</annotation>
		<annotation source="MCS" anchor="encontraré" bfScore="--" coherenceScore="--">bn:00084231v</annotation>
		<annotation source="MCS" anchor="resurrección de los muertos" bfScore="--" coherenceScore="--">bn:03553388n</annotation>
		<annotation source="MCS" anchor="muertos" bfScore="--" coherenceScore="--">bn:00100948a</annotation>
		<annotation source="MCS" anchor="quiero" bfScore="--" coherenceScore="--">bn:00086682v</annotation>
		<annotation source="BABELFY" anchor="quiero decir" bfScore="1.0" coherenceScore="0.010256410256410256">bn:00089806v</annotation>
		<annotation source="MCS" anchor="decir" bfScore="--" coherenceScore="--">bn:00093287v</annotation>
		<annotation source="BABELFY" anchor="haya" bfScore="0.829153605015674" coherenceScore="0.11794871794871795">bn:00083184v</annotation>
		<annotation source="MCS" anchor="alcanzado" bfScore="--" coherenceScore="--">bn:00082790v</annotation>
		<annotation source="MCS" anchor="llegado" bfScore="--" coherenceScore="--">bn:00082788v</annotation>
		<annotation source="BABELFY" anchor="perfección" bfScore="0.9122502172024327" coherenceScore="0.15384615384615385">bn:00009423n</annotation>
		<annotation source="MCS" anchor="prosigo" bfScore="--" coherenceScore="--">bn:00087628v</annotation>
		<annotation source="MCS" anchor="ver" bfScore="--" coherenceScore="--">bn:00093430v</annotation>
		<annotation source="MCS" anchor="alcanzo" bfScore="--" coherenceScore="--">bn:00082790v</annotation>
		<annotation source="MCS" anchor="Hermanos" bfScore="--" coherenceScore="--">bn:00013012n</annotation>
		<annotation source="MCS" anchor="mismo" bfScore="--" coherenceScore="--">bn:00110076a</annotation>
		<annotation source="MCS" anchor="pretendo" bfScore="--" coherenceScore="--">bn:00082429v</annotation>
		<annotation source="BABELFY" anchor="haber" bfScore="0.829153605015674" coherenceScore="0.11794871794871795">bn:00083184v</annotation>
		<annotation source="MCS" anchor="cosa" bfScore="--" coherenceScore="--">bn:00076925n</annotation>
		<annotation source="MCS" anchor="hago" bfScore="--" coherenceScore="--">bn:00087107v</annotation>
		<annotation source="MCS" anchor="olvidando" bfScore="--" coherenceScore="--">bn:00084302v</annotation>
		<annotation source="MCS" anchor="queda" bfScore="--" coherenceScore="--">bn:00092757v</annotation>
		<annotation source="MCS" anchor="atrás" bfScore="--" coherenceScore="--">bn:00114475r</annotation>
		<annotation source="MCS" anchor="extendiendo" bfScore="--" coherenceScore="--">bn:00084121v</annotation>
		<annotation source="BABELFY" anchor="delante" bfScore="1.0" coherenceScore="0.046153846153846156">bn:00114182r</annotation>
		<annotation source="MCS" anchor="meta" bfScore="--" coherenceScore="--">bn:00030721n</annotation>
		<annotation source="MCS" anchor="premio" bfScore="--" coherenceScore="--">bn:00007497n</annotation>
		<annotation source="MCS" anchor="supremo" bfScore="--" coherenceScore="--">bn:00110970a</annotation>
		<annotation source="MCS" anchor="llamamiento" bfScore="--" coherenceScore="--">bn:00014817n</annotation>
		<annotation source="BABELFY" anchor="Así" bfScore="0.8615384615384616" coherenceScore="0.14358974358974358">bn:00036261n</annotation>
		<annotation source="BABELFY" anchor="hemos" bfScore="0.829153605015674" coherenceScore="0.11794871794871795">bn:00083184v</annotation>
		<annotation source="MCS" anchor="madurez" bfScore="--" coherenceScore="--">bn:00001544n</annotation>
		<annotation source="MCS" anchor="pensemos" bfScore="--" coherenceScore="--">bn:00084733v</annotation>
		<annotation source="MCS" anchor="modo" bfScore="--" coherenceScore="--">bn:00055441n</annotation>
		<annotation source="MCS" anchor="pensáis" bfScore="--" coherenceScore="--">bn:00084733v</annotation>
		<annotation source="MCS" anchor="revelará" bfScore="--" coherenceScore="--">bn:00083912v</annotation>
		<annotation source="MCS" anchor="caso" bfScore="--" coherenceScore="--">bn:00016401n</annotation>
		<annotation source="MCS" anchor="sigamos" bfScore="--" coherenceScore="--">bn:00088421v</annotation>
		<annotation source="MCS" anchor="fieles" bfScore="--" coherenceScore="--">bn:00102728a</annotation>
		<annotation source="MCS" anchor="logrado" bfScore="--" coherenceScore="--">bn:00082226v</annotation>
		<annotation source="MCS" anchor="Hermanos" bfScore="--" coherenceScore="--">bn:00071400n</annotation>
		<annotation source="MCS" anchor="sed" bfScore="--" coherenceScore="--">bn:00083187v</annotation>
		<annotation source="MCS" anchor="atención" bfScore="--" coherenceScore="--">bn:00007020n</annotation>
		<annotation source="MCS" anchor="así" bfScore="--" coherenceScore="--">bn:00117048r</annotation>
		<annotation source="MCS" anchor="conducen" bfScore="--" coherenceScore="--">bn:00087327v</annotation>
		<annotation source="MCS" anchor="ejemplo" bfScore="--" coherenceScore="--">bn:00032100n</annotation>
		<annotation source="MCS" anchor="tenéis" bfScore="--" coherenceScore="--">bn:00089385v</annotation>
		<annotation source="MCS" anchor="andan" bfScore="--" coherenceScore="--">bn:00094337v</annotation>
		<annotation source="MCS" anchor="ahí" bfScore="--" coherenceScore="--">bn:00114427r</annotation>
		<annotation source="MCS" anchor="hablaba" bfScore="--" coherenceScore="--">bn:00094090v</annotation>
		<annotation source="BABELFY" anchor="veces" bfScore="1.0" coherenceScore="0.11794871794871795">bn:00019848n</annotation>
		<annotation source="MCS" anchor="ahora" bfScore="--" coherenceScore="--">bn:00114424r</annotation>
		<annotation source="MCS" anchor="digo" bfScore="--" coherenceScore="--">bn:00093287v</annotation>
		<annotation source="BABELFY" anchor="llorando" bfScore="0.8561872909698997" coherenceScore="0.08205128205128205">bn:00095668v</annotation>
		<annotation source="MCS" anchor="son" bfScore="--" coherenceScore="--">bn:00083187v</annotation>
		<annotation source="MCS" anchor="cruz" bfScore="--" coherenceScore="--">bn:00081446n</annotation>
		<annotation source="BABELFY" anchor="cruz de Cristo" bfScore="1.0" coherenceScore="0.13846153846153847">bn:01990467n</annotation>
		<annotation source="BABELFY" anchor="El fin" bfScore="1.0" coherenceScore="0.005128205128205128">bn:02808447n</annotation>
		<annotation source="MCS" anchor="será" bfScore="--" coherenceScore="--">bn:00083187v</annotation>
		<annotation source="BABELFY" anchor="perdición" bfScore="0.9344656305079314" coherenceScore="0.27692307692307694">bn:00043604n</annotation>
		<annotation source="MCS" anchor="estómago" bfScore="--" coherenceScore="--">bn:00012886n</annotation>
		<annotation source="MCS" anchor="gloria" bfScore="--" coherenceScore="--">bn:00040711n</annotation>
		<annotation source="MCS" anchor="halla" bfScore="--" coherenceScore="--">bn:00084231v</annotation>
		<annotation source="MCS" anchor="vergüenza" bfScore="--" coherenceScore="--">bn:00027566n</annotation>
		<annotation source="MCS" anchor="piensan" bfScore="--" coherenceScore="--">bn:00084733v</annotation>
		<annotation source="BABELFY" anchor="solamente" bfScore="0.9937022042285201" coherenceScore="0.24102564102564103">bn:00114626r</annotation>
		<annotation source="BABELFY" anchor="terrenal" bfScore="1.0" coherenceScore="0.03076923076923077">bn:00110267a</annotation>
		<annotation source="MCS" anchor="ciudadanía" bfScore="--" coherenceScore="--">bn:00019283n</annotation>
		<annotation source="MCS" anchor="cielos" bfScore="--" coherenceScore="--">bn:00072016n</annotation>
		<annotation source="BABELFY" anchor="esperamos" bfScore="0.7103825136612022" coherenceScore="0.1282051282051282">bn:00086683v</annotation>
		<annotation source="BABELFY" anchor="Señor Jesucristo" bfScore="1.0" coherenceScore="0.6820512820512821">bn:00018805n</annotation>
		<annotation source="BABELFY" anchor="Jesucristo" bfScore="1.0" coherenceScore="0.6820512820512821">bn:00018805n</annotation>
		<annotation source="MCS" anchor="transformará" bfScore="--" coherenceScore="--">bn:00095090v</annotation>
		<annotation source="BABELFY" anchor="humillación" bfScore="0.8855380397532556" coherenceScore="0.17435897435897435">bn:01328667n</annotation>
		<annotation source="MCS" anchor="tenga" bfScore="--" coherenceScore="--">bn:00089385v</annotation>
		<annotation source="MCS" anchor="misma" bfScore="--" coherenceScore="--">bn:00110076a</annotation>
		<annotation source="MCS" anchor="forma" bfScore="--" coherenceScore="--">bn:00035908n</annotation>
		<annotation source="MCS" anchor="operación" bfScore="--" coherenceScore="--">bn:00059127n</annotation>
		<annotation source="MCS" anchor="sujetar" bfScore="--" coherenceScore="--">bn:00088052v</annotation>
	</annotations>
</paragraph>
<paragraph id="p.4">
	<text>
		Así que , hermanos míos , amados y queridos , gozo y corona mía , estad firmes en el Señor , amados
		Ruego a Evodia , y ruego a Síntique que se pongan de acuerdo en el Señor
		Sí , y a ti también , fiel compañero , te pido que ayudes a estas hermanas que lucharon junto conmigo en el evangelio , también con Clemente y los demás colaboradores míos , cuyos nombres están en el libro de la vida
		¡ Regocijaos en el Señor siempre ! Otra vez lo digo : ¡ Regocijaos
		Vuestra amabilidad sea conocida por todos los hombres . ¡ El Señor está cerca
		Por nada estéis afanosos ; más bien , presentad vuestras peticiones delante de Dios en toda oración y ruego , con acción de gracias
		Y la paz de Dios , que sobrepasa todo entendimiento , guardará vuestros corazones y vuestras mentes en Cristo Jesús
		En cuanto a lo demás , hermanos , todo lo que es verdadero , todo lo honorable , todo lo justo , todo lo puro , todo lo amable , todo lo que es de buen nombre , si hay virtud alguna , si hay algo que merece alabanza , en esto pensad
		Lo que aprendisteis , recibisteis , oísteis y visteis en mí , esto haced ; y el Dios de paz estará con vosotros
		En gran manera me regocijé en el Señor porque al fin se ha renovado vuestra preocupación para conmigo . Siempre pensabais en mí , pero os faltaba la oportunidad
		No lo digo porque tenga escasez , pues he aprendido a contentarme con lo que tengo
		Sé vivir en la pobreza , y sé vivir en la abundancia . En todo lugar y en todas las circunstancias , he aprendido el secreto de hacer frente tanto a la hartura como al hambre , tanto a la abundancia como a la necesidad
		¡ Todo lo puedo en Cristo que me fortalece
		Sin embargo , hicisteis bien en participar conmigo en mi tribulación
		También sabéis , oh filipenses , que al comienzo del evangelio cuando partí de Macedonia , ninguna iglesia participó conmigo en cuanto a dar y recibir , sino vosotros solos
		Porque aun a Tesalónica enviasteis para mis necesidades una y otra vez
		No es que busque donativo , sino que busco fruto que abunde en vuestra cuenta
		Sin embargo , todo lo he recibido y tengo abundancia . Estoy lleno , habiendo recibido de Epafrodito lo que enviasteis , como olor fragante , un sacrificio aceptable y agradable a Dios
		Mi Dios , pues , suplirá toda necesidad vuestra , conforme a sus riquezas en gloria en Cristo Jesús
		A nuestro Dios y Padre sea la gloria por los siglos de los siglos . Amén
		Saludad a todos los santos en Cristo Jesús . Los hermanos que están conmigo os saludan
		Todos los santos os saludan , y mayormente los que pertenecen a la casa del César
		La gracia de nuestro Señor Jesucristo sea con vuestro espíritu
	</text>
	<annotations>
		<annotation source="MCS" anchor="hermanos" bfScore="--" coherenceScore="--">bn:00071400n</annotation>
		<annotation source="MCS" anchor="queridos" bfScore="--" coherenceScore="--">bn:00086682v</annotation>
		<annotation source="BABELFY" anchor="corona" bfScore="0.7781155015197568" coherenceScore="0.08695652173913043">bn:00085827v</annotation>
		<annotation source="MCS" anchor="firmes" bfScore="--" coherenceScore="--">bn:00102999a</annotation>
		<annotation source="MCS" anchor="Señor" bfScore="--" coherenceScore="--">bn:00055346n</annotation>
		<annotation source="BABELFY" anchor="Ruego" bfScore="1.0" coherenceScore="0.04891304347826087">bn:00005017n</annotation>
		<annotation source="MCS" anchor="ruego" bfScore="--" coherenceScore="--">bn:00082355v</annotation>
		<annotation source="MCS" anchor="pongan" bfScore="--" coherenceScore="--">bn:00090224v</annotation>
		<annotation source="MCS" anchor="acuerdo" bfScore="--" coherenceScore="--">bn:00002086n</annotation>
		<annotation source="MCS" anchor="fiel" bfScore="--" coherenceScore="--">bn:00102728a</annotation>
		<annotation source="MCS" anchor="compañero" bfScore="--" coherenceScore="--">bn:00006532n</annotation>
		<annotation source="MCS" anchor="pido" bfScore="--" coherenceScore="--">bn:00082818v</annotation>
		<annotation source="MCS" anchor="hermanas" bfScore="--" coherenceScore="--">bn:00071400n</annotation>
		<annotation source="MCS" anchor="lucharon" bfScore="--" coherenceScore="--">bn:00085711v</annotation>
		<annotation source="BABELFY" anchor="junto" bfScore="1.0" coherenceScore="0.005434782608695652">bn:00105539a</annotation>
		<annotation source="BABELFY" anchor="evangelio" bfScore="0.8250580046403713" coherenceScore="0.30434782608695654">bn:00031976n</annotation>
		<annotation source="BABELFY" anchor="Clemente" bfScore="0.9938461538461538" coherenceScore="0.09239130434782608">bn:16808205n</annotation>
		<annotation source="MCS" anchor="colaboradores" bfScore="--" coherenceScore="--">bn:00043641n</annotation>
		<annotation source="MCS" anchor="nombres" bfScore="--" coherenceScore="--">bn:00056758n</annotation>
		<annotation source="MCS" anchor="libro" bfScore="--" coherenceScore="--">bn:00012059n</annotation>
		<annotation source="BABELFY" anchor="libro de la vida" bfScore="1.0" coherenceScore="0.10869565217391304">bn:02865982n</annotation>
		<annotation source="MCS" anchor="vida" bfScore="--" coherenceScore="--">bn:00002761n</annotation>
		<annotation source="MCS" anchor="Regocija" bfScore="--" coherenceScore="--">bn:00088865v</annotation>
		<annotation source="BABELFY" anchor="siempre" bfScore="1.0" coherenceScore="0.021739130434782608">bn:00114250r</annotation>
		<annotation source="BABELFY" anchor="vez" bfScore="1.0" coherenceScore="0.10869565217391304">bn:00019848n</annotation>
		<annotation source="MCS" anchor="digo" bfScore="--" coherenceScore="--">bn:00093287v</annotation>
		<annotation source="BABELFY" anchor="amabilidad" bfScore="0.7889990982867449" coherenceScore="0.1358695652173913">bn:00049132n</annotation>
		<annotation source="MCS" anchor="sea" bfScore="--" coherenceScore="--">bn:00083187v</annotation>
		<annotation source="MCS" anchor="conocida" bfScore="--" coherenceScore="--">bn:00090725v</annotation>
		<annotation source="MCS" anchor="hombres" bfScore="--" coherenceScore="--">bn:00001533n</annotation>
		<annotation source="BABELFY" anchor="cerca" bfScore="0.9655172413793104" coherenceScore="0.021739130434782608">bn:00114747r</annotation>
		<annotation source="MCS" anchor="bien" bfScore="--" coherenceScore="--">bn:00115530r</annotation>
		<annotation source="MCS" anchor="peticiones" bfScore="--" coherenceScore="--">bn:00009665n</annotation>
		<annotation source="BABELFY" anchor="delante" bfScore="1.0" coherenceScore="0.016304347826086956">bn:00114182r</annotation>
		<annotation source="BABELFY" anchor="oración" bfScore="0.7854821235102926" coherenceScore="0.31521739130434784">bn:00059529n</annotation>
		<annotation source="MCS" anchor="acción" bfScore="--" coherenceScore="--">bn:00001129n</annotation>
		<annotation source="MCS" anchor="acción de gracias" bfScore="--" coherenceScore="--">bn:00076770n</annotation>
		<annotation source="MCS" anchor="gracias" bfScore="--" coherenceScore="--">bn:00041227n</annotation>
		<annotation source="MCS" anchor="paz" bfScore="--" coherenceScore="--">bn:00061149n</annotation>
		<annotation source="MCS" anchor="sobrepasa" bfScore="--" coherenceScore="--">bn:00087796v</annotation>
		<annotation source="MCS" anchor="entendimiento" bfScore="--" coherenceScore="--">bn:17168157n</annotation>
		<annotation source="MCS" anchor="guardará" bfScore="--" coherenceScore="--">bn:00089407v</annotation>
		<annotation source="MCS" anchor="corazones" bfScore="--" coherenceScore="--">bn:00043383n</annotation>
		<annotation source="BABELFY" anchor="mentes" bfScore="0.7221708894616544" coherenceScore="0.4891304347826087">bn:00012681n</annotation>
		<annotation source="BABELFY" anchor="Cristo" bfScore="0.9999730799257006" coherenceScore="0.6684782608695652">bn:00018805n</annotation>
		<annotation source="BABELFY" anchor="Cristo Jesús" bfScore="1.0" coherenceScore="0.6684782608695652">bn:00018805n</annotation>
		<annotation source="MCS" anchor="es" bfScore="--" coherenceScore="--">bn:00083187v</annotation>
		<annotation source="MCS" anchor="verdadero" bfScore="--" coherenceScore="--">bn:00112146a</annotation>
		<annotation source="BABELFY" anchor="honorable" bfScore="0.7941176470588235" coherenceScore="0.03260869565217391">bn:00104302a</annotation>
		<annotation source="MCS" anchor="justo" bfScore="--" coherenceScore="--">bn:00102719a</annotation>
		<annotation source="MCS" anchor="puro" bfScore="--" coherenceScore="--">bn:00109244a</annotation>
		<annotation source="MCS" anchor="amable" bfScore="--" coherenceScore="--">bn:00105617a</annotation>
		<annotation source="MCS" anchor="buen" bfScore="--" coherenceScore="--">bn:00103672a</annotation>
		<annotation source="MCS" anchor="nombre" bfScore="--" coherenceScore="--">bn:00056758n</annotation>
		<annotation source="BABELFY" anchor="hay" bfScore="0.7137305699481865" coherenceScore="0.10326086956521739">bn:00083184v</annotation>
		<annotation source="BABELFY" anchor="virtud" bfScore="0.8211334976083491" coherenceScore="0.29891304347826086">bn:00017935n</annotation>
		<annotation source="MCS" anchor="merece" bfScore="--" coherenceScore="--">bn:00086670v</annotation>
		<annotation source="MCS" anchor="alabanza" bfScore="--" coherenceScore="--">bn:01193643n</annotation>
		<annotation source="MCS" anchor="pensad" bfScore="--" coherenceScore="--">bn:00084733v</annotation>
		<annotation source="MCS" anchor="visteis" bfScore="--" coherenceScore="--">bn:00093430v</annotation>
		<annotation source="MCS" anchor="haced" bfScore="--" coherenceScore="--">bn:00087107v</annotation>
		<annotation source="BABELFY" anchor="gran" bfScore="0.7192622950819673" coherenceScore="0.14130434782608695">bn:00101605a</annotation>
		<annotation source="BABELFY" anchor="manera" bfScore="0.8627346558381042" coherenceScore="0.32608695652173914">bn:00033729n</annotation>
		<annotation source="MCS" anchor="fin" bfScore="--" coherenceScore="--">bn:00025588n</annotation>
		<annotation source="BABELFY" anchor="ha" bfScore="0.7137305699481865" coherenceScore="0.10326086956521739">bn:00083184v</annotation>
		<annotation source="BABELFY" anchor="renovado" bfScore="0.8421052631578947" coherenceScore="0.021739130434782608">bn:00092663v</annotation>
		<annotation source="MCS" anchor="preocupación" bfScore="--" coherenceScore="--">bn:00078425n</annotation>
		<annotation source="BABELFY" anchor="Siempre" bfScore="1.0" coherenceScore="0.021739130434782608">bn:00114250r</annotation>
		<annotation source="BABELFY" anchor="faltaba" bfScore="1.0" coherenceScore="0.10869565217391304">bn:00090161v</annotation>
		<annotation source="MCS" anchor="oportunidad" bfScore="--" coherenceScore="--">bn:00017621n</annotation>
		<annotation source="MCS" anchor="tenga" bfScore="--" coherenceScore="--">bn:00089385v</annotation>
		<annotation source="MCS" anchor="escasez" bfScore="--" coherenceScore="--">bn:00069520n</annotation>
		<annotation source="BABELFY" anchor="he" bfScore="0.7137305699481865" coherenceScore="0.10326086956521739">bn:00083184v</annotation>
		<annotation source="BABELFY" anchor="aprendido" bfScore="0.7557251908396947" coherenceScore="0.04891304347826087">bn:00082281v</annotation>
		<annotation source="MCS" anchor="tengo" bfScore="--" coherenceScore="--">bn:00089385v</annotation>
		<annotation source="MCS" anchor="vivir" bfScore="--" coherenceScore="--">bn:00087617v</annotation>
		<annotation source="BABELFY" anchor="pobreza" bfScore="0.9053833605220228" coherenceScore="0.24456521739130435">bn:00046157n</annotation>
		<annotation source="MCS" anchor="abundancia" bfScore="--" coherenceScore="--">bn:00000517n</annotation>
		<annotation source="MCS" anchor="lugar" bfScore="--" coherenceScore="--">bn:00062699n</annotation>
		<annotation source="MCS" anchor="circunstancias" bfScore="--" coherenceScore="--">bn:00019218n</annotation>
		<annotation source="BABELFY" anchor="secreto" bfScore="0.8601108033240997" coherenceScore="0.125">bn:00005379n</annotation>
		<annotation source="MCS" anchor="hacer" bfScore="--" coherenceScore="--">bn:00087107v</annotation>
		<annotation source="MCS" anchor="hacer frente" bfScore="--" coherenceScore="--">bn:00085710v</annotation>
		<annotation source="BABELFY" anchor="frente" bfScore="1.0" coherenceScore="0.016304347826086956">bn:00114182r</annotation>
		<annotation source="MCS" anchor="hambre" bfScore="--" coherenceScore="--">bn:00045229n</annotation>
		<annotation source="MCS" anchor="necesidad" bfScore="--" coherenceScore="--">bn:00026107n</annotation>
		<annotation source="BABELFY" anchor="puedo" bfScore="1.0" coherenceScore="0.02717391304347826">bn:00084451v</annotation>
		<annotation source="MCS" anchor="fortalece" bfScore="--" coherenceScore="--">bn:00083317v</annotation>
		<annotation source="BABELFY" anchor="Sin embargo" bfScore="1.0" coherenceScore="0.03260869565217391">bn:00021883n</annotation>
		<annotation source="MCS" anchor="embargo" bfScore="--" coherenceScore="--">bn:00030465n</annotation>
		<annotation source="MCS" anchor="hicisteis" bfScore="--" coherenceScore="--">bn:00087107v</annotation>
		<annotation source="MCS" anchor="participar" bfScore="--" coherenceScore="--">bn:00091451v</annotation>
		<annotation source="MCS" anchor="tribulación" bfScore="--" coherenceScore="--">bn:00078200n</annotation>
		<annotation source="MCS" anchor="sabéis" bfScore="--" coherenceScore="--">bn:00085261v</annotation>
		<annotation source="BABELFY" anchor="oh" bfScore="0.7605473204104903" coherenceScore="0.125">bn:00030009n</annotation>
		<annotation source="MCS" anchor="comienzo" bfScore="--" coherenceScore="--">bn:00009632n</annotation>
		<annotation source="MCS" anchor="partí" bfScore="--" coherenceScore="--">bn:00086603v</annotation>
		<annotation source="MCS" anchor="iglesia" bfScore="--" coherenceScore="--">bn:00018995n</annotation>
		<annotation source="MCS" anchor="participó" bfScore="--" coherenceScore="--">bn:00091451v</annotation>
		<annotation source="MCS" anchor="dar" bfScore="--" coherenceScore="--">bn:00088815v</annotation>
		<annotation source="MCS" anchor="recibir" bfScore="--" coherenceScore="--">bn:00089246v</annotation>
		<annotation source="BABELFY" anchor="solos" bfScore="0.8470588235294118" coherenceScore="0.043478260869565216">bn:00112263a</annotation>
		<annotation source="MCS" anchor="Tesalónica" bfScore="--" coherenceScore="--">bn:00076894n</annotation>
		<annotation source="MCS" anchor="enviasteis" bfScore="--" coherenceScore="--">bn:00090548v</annotation>
		<annotation source="MCS" anchor="necesidades" bfScore="--" coherenceScore="--">bn:00026107n</annotation>
		<annotation source="MCS" anchor="busque" bfScore="--" coherenceScore="--">bn:00090460v</annotation>
		<annotation source="BABELFY" anchor="donativo" bfScore="1.0" coherenceScore="0.10869565217391304">bn:00022270n</annotation>
		<annotation source="MCS" anchor="busco" bfScore="--" coherenceScore="--">bn:00090460v</annotation>
		<annotation source="BABELFY" anchor="fruto" bfScore="0.8719512195121951" coherenceScore="0.07065217391304347">bn:00036686n</annotation>
		<annotation source="BABELFY" anchor="abunde" bfScore="0.9574468085106383" coherenceScore="0.08152173913043478">bn:00082152v</annotation>
		<annotation source="MCS" anchor="cuenta" bfScore="--" coherenceScore="--">bn:00000744n</annotation>
		<annotation source="MCS" anchor="recibido" bfScore="--" coherenceScore="--">bn:00089246v</annotation>
		<annotation source="BABELFY" anchor="lleno" bfScore="0.8666666666666667" coherenceScore="0.05434782608695652">bn:00102961a</annotation>
		<annotation source="BABELFY" anchor="habiendo" bfScore="0.7137305699481865" coherenceScore="0.10326086956521739">bn:00083184v</annotation>
		<annotation source="BABELFY" anchor="Epafrodito" bfScore="1.0" coherenceScore="0.09239130434782608">bn:00146229n</annotation>
		<annotation source="BABELFY" anchor="olor" bfScore="0.7942122186495176" coherenceScore="0.07065217391304347">bn:00058653n</annotation>
		<annotation source="BABELFY" anchor="fragante" bfScore="1.0" coherenceScore="0.059782608695652176">bn:00058869n</annotation>
		<annotation source="BABELFY" anchor="sacrificio" bfScore="0.8031988873435327" coherenceScore="0.1793478260869565">bn:00067941n</annotation>
		<annotation source="MCS" anchor="aceptable" bfScore="--" coherenceScore="--">bn:00100070a</annotation>
		<annotation source="MCS" anchor="agradable" bfScore="--" coherenceScore="--">bn:00108680a</annotation>
		<annotation source="BABELFY" anchor="suplirá" bfScore="0.8543689320388349" coherenceScore="0.08695652173913043">bn:00084692v</annotation>
		<annotation source="MCS" anchor="riquezas" bfScore="--" coherenceScore="--">bn:00080746n</annotation>
		<annotation source="MCS" anchor="gloria" bfScore="--" coherenceScore="--">bn:00040711n</annotation>
		<annotation source="MCS" anchor="Padre" bfScore="--" coherenceScore="--">bn:00009616n</annotation>
		<annotation source="BABELFY" anchor="siglos" bfScore="0.9426229508196722" coherenceScore="0.125">bn:00017234n</annotation>
		<annotation source="BABELFY" anchor="siglos de los siglos" bfScore="1.0" coherenceScore="0.1358695652173913">bn:01931590n</annotation>
		<annotation source="MCS" anchor="santos" bfScore="--" coherenceScore="--">bn:00053896n</annotation>
		<annotation source="MCS" anchor="saludan" bfScore="--" coherenceScore="--">bn:00089039v</annotation>
		<annotation source="BABELFY" anchor="Todos los santos" bfScore="1.0" coherenceScore="0.14130434782608695">bn:00002803n</annotation>
		<annotation source="MCS" anchor="mayormente" bfScore="--" coherenceScore="--">bn:00114714r</annotation>
		<annotation source="MCS" anchor="pertenecen" bfScore="--" coherenceScore="--">bn:00082702v</annotation>
		<annotation source="MCS" anchor="casa" bfScore="--" coherenceScore="--">bn:00044994n</annotation>
		<annotation source="MCS" anchor="La gracia" bfScore="--" coherenceScore="--">bn:15608557n</annotation>
		<annotation source="MCS" anchor="gracia" bfScore="--" coherenceScore="--">bn:00041227n</annotation>
		<annotation source="BABELFY" anchor="nuestro Señor Jesucristo" bfScore="1.0" coherenceScore="0.6684782608695652">bn:00018805n</annotation>
		<annotation source="BABELFY" anchor="Señor Jesucristo" bfScore="1.0" coherenceScore="0.6684782608695652">bn:00018805n</annotation>
		<annotation source="BABELFY" anchor="Jesucristo" bfScore="1.0" coherenceScore="0.6684782608695652">bn:00018805n</annotation>
		<annotation source="MCS" anchor="espíritu" bfScore="--" coherenceScore="--">bn:00033960n</annotation>
	</annotations>
</paragraph>
</dataset>
