<?xml version="1.0" encoding="utf-8"?>
<dataset language="ES" title="ZEP">
<paragraph id="p.1">
	<text>
		La palabra de Jehovah que vino a Sofonías hijo de Cusi , hijo de Gemalías , hijo de Amarías , hijo de Ezequías , en los días de Josías hijo de Amón , rey de Judá
		&amp;quot; ¡ Yo acabaré por completo con todas las cosas de la faz de la tierra ! , dice Jehovah
		Acabaré con los hombres y con los animales ; acabaré con las aves del cielo y con los peces del mar . Haré tropezar a los impíos y eliminaré a los hombres de la faz de la tierra , dice Jehovah
		&amp;quot; Extenderé mi mano contra Judá y contra todos los habitantes de Jerusalén . Eliminaré de este lugar lo que queda del culto de Baal , y el nombre de los sacerdotes idólatras
		Eliminaré también a los que se postran en las azoteas ante el ejército de los cielos ; a los que se postran y juran por Jehovah , y al mismo tiempo juran por Moloc
		Eliminaré a los que se apartan de en pos de Jehovah , y a los que no le buscan ni le consultan .
		¡ Callad ante la presencia del Señor Jehovah , porque el día de Jehovah está cercano ! Jehovah ha preparado un sacrificio y ha escogido a sus invitados
		&amp;quot; Sucederá en el día del sacrificio que hará Jehovah , que castigaré a los principales , a los hijos del rey y a todos los que llevan vestido extranjero
		Asimismo , en aquel día castigaré a todos los que saltan sobre el umbral de las puertas y a los que llenan de violencia y de fraude la casa de su señor
		En aquel día habrá voz de clamor en la puerta del Pescado , gemido en el Segundo Barrio y grande quebranto en las colinas , dice Jehovah
		Gemid , los que vivís en el mercado de Mactes , porque todo el pueblo de los mercaderes será destruido ; todos los que están cargados de plata serán exterminados
		&amp;quot; Sucederá en aquel tiempo que yo escudriñaré a Jerusalén con lámpara , y castigaré a los hombres que se quedan inmóviles sobre la hez del vino y que dicen en sus corazones : &amp;apos; Jehovah no hará ni bien ni mal .
		Por tanto , el patrimonio de ellos será saqueado , y sus casas quedarán desoladas . Edificarán casas , pero no las habitarán ; plantarán viñas , pero no beberán el vino de ellas
		&amp;quot; Cercano está el gran día de Jehovah ; está cerca y se apresura con rapidez . Veloz es el día de Jehovah ; es más ágil que un corredor , y más presuroso que un valiente
		Aquél será día de ira , día de angustia y de aflicción , día de desolación y de devastación , día de tinieblas y de oscuridad , día de nublado y de densa neblina
		día de toque de corneta y de griterío , sobre las ciudades fortificadas y sobre las torres altas
		Yo traeré tribulación sobre los hombres , y andarán como ciegos ; porque pecaron contra Jehovah . La sangre de ellos será derramada como polvo , y su carne como excremento .
		Ni su plata ni su oro podrá librarlos en el día de la ira de Jehovah , pues toda la tierra será consumida con el fuego de su celo . Porque de cierto exterminará repentinamente a todos los habitantes de la tierra
	</text>
	<annotations>
		<annotation source="BABELFY" anchor="palabra" bfScore="0.9776447105788423" coherenceScore="0.38164251207729466">bn:00081546n</annotation>
		<annotation source="BABELFY" anchor="Jehovah" bfScore="1.0" coherenceScore="0.2222222222222222">bn:00047890n</annotation>
		<annotation source="MCS" anchor="vino" bfScore="--" coherenceScore="--">bn:00082788v</annotation>
		<annotation source="BABELFY" anchor="Sofonías" bfScore="1.0" coherenceScore="0.14009661835748793">bn:00012112n</annotation>
		<annotation source="MCS" anchor="hijo" bfScore="--" coherenceScore="--">bn:00024244n</annotation>
		<annotation source="BABELFY" anchor="Ezequías" bfScore="1.0" coherenceScore="0.1497584541062802">bn:00032570n</annotation>
		<annotation source="MCS" anchor="días" bfScore="--" coherenceScore="--">bn:00000086n</annotation>
		<annotation source="BABELFY" anchor="Josías" bfScore="0.7563025210084033" coherenceScore="0.17391304347826086">bn:03463650n</annotation>
		<annotation source="BABELFY" anchor="Amón" bfScore="0.7369974179269643" coherenceScore="0.178743961352657">bn:00003325n</annotation>
		<annotation source="MCS" anchor="rey" bfScore="--" coherenceScore="--">bn:00049141n</annotation>
		<annotation source="MCS" anchor="acabaré" bfScore="--" coherenceScore="--">bn:00088222v</annotation>
		<annotation source="MCS" anchor="completo" bfScore="--" coherenceScore="--">bn:00096195a</annotation>
		<annotation source="MCS" anchor="cosas" bfScore="--" coherenceScore="--">bn:00076925n</annotation>
		<annotation source="BABELFY" anchor="faz" bfScore="0.8508809626128062" coherenceScore="0.15942028985507245">bn:00032600n</annotation>
		<annotation source="MCS" anchor="dice" bfScore="--" coherenceScore="--">bn:00093287v</annotation>
		<annotation source="MCS" anchor="Acabaré" bfScore="--" coherenceScore="--">bn:00088222v</annotation>
		<annotation source="MCS" anchor="hombres" bfScore="--" coherenceScore="--">bn:00001533n</annotation>
		<annotation source="MCS" anchor="anima" bfScore="--" coherenceScore="--">bn:00082629v</annotation>
		<annotation source="BABELFY" anchor="aves" bfScore="0.8352091739222764" coherenceScore="0.3333333333333333">bn:00010605n</annotation>
		<annotation source="MCS" anchor="cielo" bfScore="--" coherenceScore="--">bn:00072016n</annotation>
		<annotation source="BABELFY" anchor="peces" bfScore="0.8852514343570705" coherenceScore="0.20772946859903382">bn:00062612n</annotation>
		<annotation source="BABELFY" anchor="mar." bfScore="1.0" coherenceScore="0.1497584541062802">bn:00053318n</annotation>
		<annotation source="MCS" anchor="Haré" bfScore="--" coherenceScore="--">bn:00087107v</annotation>
		<annotation source="BABELFY" anchor="tropezar" bfScore="0.7773512476007678" coherenceScore="0.07246376811594203">bn:00087597v</annotation>
		<annotation source="MCS" anchor="Extenderé" bfScore="--" coherenceScore="--">bn:00084121v</annotation>
		<annotation source="BABELFY" anchor="mano" bfScore="0.8068459657701712" coherenceScore="0.15942028985507245">bn:00042759n</annotation>
		<annotation source="MCS" anchor="habitantes" bfScore="--" coherenceScore="--">bn:00026239n</annotation>
		<annotation source="BABELFY" anchor="Jerusalén" bfScore="0.9962481040951545" coherenceScore="0.3864734299516908">bn:00015555n</annotation>
		<annotation source="MCS" anchor="lugar" bfScore="--" coherenceScore="--">bn:00062699n</annotation>
		<annotation source="MCS" anchor="queda" bfScore="--" coherenceScore="--">bn:00092757v</annotation>
		<annotation source="MCS" anchor="culto" bfScore="--" coherenceScore="--">bn:00108755a</annotation>
		<annotation source="BABELFY" anchor="Baal" bfScore="0.9712422176104358" coherenceScore="0.2028985507246377">bn:00007616n</annotation>
		<annotation source="MCS" anchor="nombre" bfScore="--" coherenceScore="--">bn:00056758n</annotation>
		<annotation source="BABELFY" anchor="sacerdotes" bfScore="0.9087445227662412" coherenceScore="0.2560386473429952">bn:00064346n</annotation>
		<annotation source="MCS" anchor="azoteas" bfScore="--" coherenceScore="--">bn:00068231n</annotation>
		<annotation source="MCS" anchor="ejército" bfScore="--" coherenceScore="--">bn:00005803n</annotation>
		<annotation source="MCS" anchor="cielos" bfScore="--" coherenceScore="--">bn:00072016n</annotation>
		<annotation source="MCS" anchor="juran" bfScore="--" coherenceScore="--">bn:00094656v</annotation>
		<annotation source="MCS" anchor="mismo" bfScore="--" coherenceScore="--">bn:00110076a</annotation>
		<annotation source="BABELFY" anchor="tiempo" bfScore="0.7636528301886792" coherenceScore="0.4927536231884058">bn:00077270n</annotation>
		<annotation source="BABELFY" anchor="Moloc" bfScore="1.0" coherenceScore="0.1932367149758454">bn:00055558n</annotation>
		<annotation source="MCS" anchor="apartan" bfScore="--" coherenceScore="--">bn:00084158v</annotation>
		<annotation source="MCS" anchor="buscan" bfScore="--" coherenceScore="--">bn:00090460v</annotation>
		<annotation source="MCS" anchor="consultan" bfScore="--" coherenceScore="--">bn:00085574v</annotation>
		<annotation source="MCS" anchor="presencia" bfScore="--" coherenceScore="--">bn:00064201n</annotation>
		<annotation source="MCS" anchor="Señor" bfScore="--" coherenceScore="--">bn:00055346n</annotation>
		<annotation source="MCS" anchor="día" bfScore="--" coherenceScore="--">bn:00000086n</annotation>
		<annotation source="MCS" anchor="cercano" bfScore="--" coherenceScore="--">bn:00099859a</annotation>
		<annotation source="MCS" anchor="ha" bfScore="--" coherenceScore="--">bn:00083184v</annotation>
		<annotation source="MCS" anchor="preparado" bfScore="--" coherenceScore="--">bn:00088250v</annotation>
		<annotation source="BABELFY" anchor="sacrificio" bfScore="0.7754050073637703" coherenceScore="0.25120772946859904">bn:00067941n</annotation>
		<annotation source="MCS" anchor="escogido" bfScore="--" coherenceScore="--">bn:00091590v</annotation>
		<annotation source="MCS" anchor="invitados" bfScore="--" coherenceScore="--">bn:00042090n</annotation>
		<annotation source="MCS" anchor="Sucederá" bfScore="--" coherenceScore="--">bn:00085337v</annotation>
		<annotation source="MCS" anchor="hará" bfScore="--" coherenceScore="--">bn:00087107v</annotation>
		<annotation source="MCS" anchor="principales" bfScore="--" coherenceScore="--">bn:00099598a</annotation>
		<annotation source="MCS" anchor="hijos" bfScore="--" coherenceScore="--">bn:00024244n</annotation>
		<annotation source="MCS" anchor="llevan" bfScore="--" coherenceScore="--">bn:00084554v</annotation>
		<annotation source="MCS" anchor="vestido" bfScore="--" coherenceScore="--">bn:00028682n</annotation>
		<annotation source="MCS" anchor="extranjero" bfScore="--" coherenceScore="--">bn:00103205a</annotation>
		<annotation source="MCS" anchor="saltan" bfScore="--" coherenceScore="--">bn:00083833v</annotation>
		<annotation source="MCS" anchor="umbral" bfScore="--" coherenceScore="--">bn:00077055n</annotation>
		<annotation source="MCS" anchor="puertas" bfScore="--" coherenceScore="--">bn:00028248n</annotation>
		<annotation source="MCS" anchor="llenan" bfScore="--" coherenceScore="--">bn:00088175v</annotation>
		<annotation source="BABELFY" anchor="violencia" bfScore="0.9928122192273136" coherenceScore="0.1642512077294686">bn:00035772n</annotation>
		<annotation source="MCS" anchor="fraude" bfScore="--" coherenceScore="--">bn:00036292n</annotation>
		<annotation source="MCS" anchor="casa" bfScore="--" coherenceScore="--">bn:00044994n</annotation>
		<annotation source="MCS" anchor="señor" bfScore="--" coherenceScore="--">bn:00055346n</annotation>
		<annotation source="MCS" anchor="habrá" bfScore="--" coherenceScore="--">bn:00083184v</annotation>
		<annotation source="MCS" anchor="voz" bfScore="--" coherenceScore="--">bn:00080185n</annotation>
		<annotation source="MCS" anchor="clamor" bfScore="--" coherenceScore="--">bn:14755754n</annotation>
		<annotation source="MCS" anchor="puerta" bfScore="--" coherenceScore="--">bn:00028248n</annotation>
		<annotation source="BABELFY" anchor="Pescado" bfScore="0.8162230671736375" coherenceScore="0.1111111111111111">bn:00035660n</annotation>
		<annotation source="MCS" anchor="gemido" bfScore="--" coherenceScore="--">bn:00049786n</annotation>
		<annotation source="MCS" anchor="Segundo" bfScore="--" coherenceScore="--">bn:00068672n</annotation>
		<annotation source="BABELFY" anchor="Barrio" bfScore="0.8516579406631762" coherenceScore="0.11594202898550725">bn:00051758n</annotation>
		<annotation source="MCS" anchor="grande" bfScore="--" coherenceScore="--">bn:00098342a</annotation>
		<annotation source="MCS" anchor="quebranto" bfScore="--" coherenceScore="--">bn:00083911v</annotation>
		<annotation source="MCS" anchor="colinas" bfScore="--" coherenceScore="--">bn:00044141n</annotation>
		<annotation source="MCS" anchor="vivís" bfScore="--" coherenceScore="--">bn:00087617v</annotation>
		<annotation source="BABELFY" anchor="mercado" bfScore="0.7383561643835617" coherenceScore="0.10628019323671498">bn:00053458n</annotation>
		<annotation source="MCS" anchor="pueblo" bfScore="--" coherenceScore="--">bn:00021149n</annotation>
		<annotation source="MCS" anchor="será" bfScore="--" coherenceScore="--">bn:00083187v</annotation>
		<annotation source="MCS" anchor="destruido" bfScore="--" coherenceScore="--">bn:00086699v</annotation>
		<annotation source="MCS" anchor="cargados" bfScore="--" coherenceScore="--">bn:00084812v</annotation>
		<annotation source="MCS" anchor="plata" bfScore="--" coherenceScore="--">bn:00001887n</annotation>
		<annotation source="MCS" anchor="serán" bfScore="--" coherenceScore="--">bn:00083187v</annotation>
		<annotation source="BABELFY" anchor="exterminados" bfScore="1.0" coherenceScore="0.014492753623188406">bn:00087712v</annotation>
		<annotation source="MCS" anchor="lámpara" bfScore="--" coherenceScore="--">bn:00049804n</annotation>
		<annotation source="MCS" anchor="quedan" bfScore="--" coherenceScore="--">bn:00092757v</annotation>
		<annotation source="MCS" anchor="inmóviles" bfScore="--" coherenceScore="--">bn:00104766a</annotation>
		<annotation source="MCS" anchor="hez" bfScore="--" coherenceScore="--">bn:00028673n</annotation>
		<annotation source="BABELFY" anchor="vino" bfScore="0.9044844185457309" coherenceScore="0.2463768115942029">bn:00080022n</annotation>
		<annotation source="MCS" anchor="dicen" bfScore="--" coherenceScore="--">bn:00093287v</annotation>
		<annotation source="MCS" anchor="corazones" bfScore="--" coherenceScore="--">bn:00043383n</annotation>
		<annotation source="BABELFY" anchor="bien" bfScore="0.8580441640378549" coherenceScore="0.07729468599033816">bn:00115530r</annotation>
		<annotation source="MCS" anchor="mal" bfScore="--" coherenceScore="--">bn:00114486r</annotation>
		<annotation source="MCS" anchor="patrimonio" bfScore="--" coherenceScore="--">bn:00031647n</annotation>
		<annotation source="BABELFY" anchor="saqueado" bfScore="1.0" coherenceScore="0.033816425120772944">bn:00086690v</annotation>
		<annotation source="MCS" anchor="casas" bfScore="--" coherenceScore="--">bn:00044994n</annotation>
		<annotation source="MCS" anchor="quedarán" bfScore="--" coherenceScore="--">bn:00092757v</annotation>
		<annotation source="BABELFY" anchor="viñas" bfScore="0.8095238095238095" coherenceScore="0.04830917874396135">bn:00080018n</annotation>
		<annotation source="BABELFY" anchor="gran" bfScore="0.7251908396946565" coherenceScore="0.14492753623188406">bn:00098342a</annotation>
		<annotation source="BABELFY" anchor="cerca" bfScore="0.9707792207792207" coherenceScore="0.12560386473429952">bn:00114747r</annotation>
		<annotation source="MCS" anchor="apresura" bfScore="--" coherenceScore="--">bn:00089532v</annotation>
		<annotation source="BABELFY" anchor="rapidez" bfScore="0.8807339449541285" coherenceScore="0.15458937198067632">bn:00033758n</annotation>
		<annotation source="MCS" anchor="Veloz" bfScore="--" coherenceScore="--">bn:00109438a</annotation>
		<annotation source="MCS" anchor="es" bfScore="--" coherenceScore="--">bn:00083187v</annotation>
		<annotation source="BABELFY" anchor="es más" bfScore="1.0" coherenceScore="0.01932367149758454">bn:00115484r</annotation>
		<annotation source="MCS" anchor="ágil" bfScore="--" coherenceScore="--">bn:00096664a</annotation>
		<annotation source="MCS" anchor="corredor" bfScore="--" coherenceScore="--">bn:00022867n</annotation>
		<annotation source="MCS" anchor="valiente" bfScore="--" coherenceScore="--">bn:00098827a</annotation>
		<annotation source="BABELFY" anchor="día de ira" bfScore="1.0" coherenceScore="0.3188405797101449">bn:00023469n</annotation>
		<annotation source="MCS" anchor="ira" bfScore="--" coherenceScore="--">bn:00004085n</annotation>
		<annotation source="MCS" anchor="angustia" bfScore="--" coherenceScore="--">bn:00004175n</annotation>
		<annotation source="BABELFY" anchor="aflicción" bfScore="0.9245283018867925" coherenceScore="0.033816425120772944">bn:00001782n</annotation>
		<annotation source="MCS" anchor="desolación" bfScore="--" coherenceScore="--">bn:00008563n</annotation>
		<annotation source="BABELFY" anchor="devastación" bfScore="0.7407407407407407" coherenceScore="0.024154589371980676">bn:00026690n</annotation>
		<annotation source="MCS" anchor="oscuridad" bfScore="--" coherenceScore="--">bn:00025233n</annotation>
		<annotation source="BABELFY" anchor="nublado" bfScore="1.0" coherenceScore="0.13043478260869565">bn:00020010n</annotation>
		<annotation source="MCS" anchor="densa" bfScore="--" coherenceScore="--">bn:00101177a</annotation>
		<annotation source="MCS" anchor="neblina" bfScore="--" coherenceScore="--">bn:00055345n</annotation>
		<annotation source="MCS" anchor="toque" bfScore="--" coherenceScore="--">bn:00077726n</annotation>
		<annotation source="BABELFY" anchor="toque de corneta" bfScore="1.0" coherenceScore="0.01932367149758454">bn:00013715n</annotation>
		<annotation source="BABELFY" anchor="corneta" bfScore="0.8579088471849866" coherenceScore="0.07729468599033816">bn:00022750n</annotation>
		<annotation source="BABELFY" anchor="ciudades" bfScore="0.8215743775516071" coherenceScore="0.3671497584541063">bn:03335997n</annotation>
		<annotation source="MCS" anchor="torres" bfScore="--" coherenceScore="--">bn:00077766n</annotation>
		<annotation source="MCS" anchor="altas" bfScore="--" coherenceScore="--">bn:00111630a</annotation>
		<annotation source="MCS" anchor="traeré" bfScore="--" coherenceScore="--">bn:00084060v</annotation>
		<annotation source="MCS" anchor="tribulación" bfScore="--" coherenceScore="--">bn:00078200n</annotation>
		<annotation source="MCS" anchor="andarán" bfScore="--" coherenceScore="--">bn:00094337v</annotation>
		<annotation source="MCS" anchor="ciegos" bfScore="--" coherenceScore="--">bn:00098562a</annotation>
		<annotation source="BABELFY" anchor="sangre" bfScore="0.8237495322439815" coherenceScore="0.25120772946859904">bn:00011346n</annotation>
		<annotation source="MCS" anchor="derramada" bfScore="--" coherenceScore="--">bn:00086958v</annotation>
		<annotation source="MCS" anchor="polvo" bfScore="--" coherenceScore="--">bn:00029192n</annotation>
		<annotation source="MCS" anchor="carne" bfScore="--" coherenceScore="--">bn:00035182n</annotation>
		<annotation source="MCS" anchor="excremento" bfScore="--" coherenceScore="--">bn:00011778n</annotation>
		<annotation source="MCS" anchor="oro" bfScore="--" coherenceScore="--">bn:00040921n</annotation>
		<annotation source="BABELFY" anchor="podrá" bfScore="1.0" coherenceScore="0.024154589371980676">bn:00084451v</annotation>
		<annotation source="MCS" anchor="librar" bfScore="--" coherenceScore="--">bn:00087631v</annotation>
		<annotation source="BABELFY" anchor="día de la ira" bfScore="1.0" coherenceScore="0.3188405797101449">bn:00023469n</annotation>
		<annotation source="MCS" anchor="consumida" bfScore="--" coherenceScore="--">bn:00087463v</annotation>
		<annotation source="MCS" anchor="fuego" bfScore="--" coherenceScore="--">bn:00034623n</annotation>
		<annotation source="MCS" anchor="celo" bfScore="--" coherenceScore="--">bn:00041654n</annotation>
		<annotation source="MCS" anchor="repentinamente" bfScore="--" coherenceScore="--">bn:00116440r</annotation>
	</annotations>
</paragraph>
<paragraph id="p.2">
	<text>
		Agrupaos y congregaos , oh nación que no tiene vergüenza
		antes que seáis desechados y el día pase como el tamo ; antes que venga sobre vosotros el día de la ira de Jehovah
		Buscad a Jehovah , todos los mansos de la tierra que ejecutáis su decreto . Buscad justicia , buscad mansedumbre ; quizás seréis protegidos en el día del furor de Jehovah
		&amp;quot; Porque Gaza quedará desamparada , y Ascalón desolada . Asdod será expulsada a mediodía , y Ecrón será desarraigada
		¡ Ay de los que habitan en la zona del mar , la nación de los quereteos ! La palabra de Jehovah está contra vosotros , oh Canaán , tierra de los filisteos ; te haré destruir hasta que no quede morador
		La zona del mar será convertida en pradera de pastores y en rediles de ovejas
		Y aquella zona será para el remanente de la casa de Judá . Allí apacentarán , y en las casas de Ascalón se recostarán en la noche , porque Jehovah su Dios los visitará para hacer volver sus cautivos
		&amp;quot; He oído las afrentas de Moab y los insultos con que los hijos de Amón afrentaron a mi pueblo y se expandieron sobre sus territorios
		Por tanto , vivo yo , dice Jehovah de los Ejércitos , Dios de Israel , que Moab será como Sodoma , y los hijos de Amón como Gomorra : campo de ortigas , salinas y perpetua desolación . El remanente de mi pueblo los saqueará , y el resto de mi gente los heredará
		Esto les sucederá por su soberbia , porque afrentaron y se engrandecieron a costa del pueblo de Jehovah de los Ejércitos
		Temible será Jehovah contra ellos , porque hará que todos los dioses de la tierra vengan a menos . Cada uno se postrará ante él desde su lugar , en todas las costas de las naciones
		&amp;quot; También vosotros , los de Etiopía , seréis muertos con mi espada .
		Después extenderá su mano contra el norte y destruirá a Asiria . Convertirá a Nínive en desolación y en sequedal , como un desierto
		En medio de ella se recostarán las manadas y todo animal del campo : Tanto el búho como el erizo pernoctarán en sus capiteles . La lechuza cantará en la ventana , y el cuervo en el umbral ; pues su enmaderado de cedro quedará expuesto
		Ésta es la ciudad alegre que habitaba confiadamente , la que decía en su corazón : &amp;quot; Sólo yo y nadie más . &amp;quot; ¡ Cómo ha sido convertida en horror , en guarida de fieras ! Cualquiera que pase junto a ella silbará y agitará la mano
	</text>
	<annotations>
		<annotation source="MCS" anchor="Agrupa" bfScore="--" coherenceScore="--">bn:00082465v</annotation>
		<annotation source="BABELFY" anchor="oh" bfScore="0.884080370942813" coherenceScore="0.13836477987421383">bn:00006912n</annotation>
		<annotation source="BABELFY" anchor="nación" bfScore="0.8087456190398565" coherenceScore="0.7924528301886793">bn:00023236n</annotation>
		<annotation source="MCS" anchor="tiene" bfScore="--" coherenceScore="--">bn:00089385v</annotation>
		<annotation source="MCS" anchor="vergüenza" bfScore="--" coherenceScore="--">bn:00027566n</annotation>
		<annotation source="MCS" anchor="seáis" bfScore="--" coherenceScore="--">bn:00083187v</annotation>
		<annotation source="BABELFY" anchor="desechados" bfScore="0.9911504424778761" coherenceScore="0.0440251572327044">bn:00093366v</annotation>
		<annotation source="MCS" anchor="día" bfScore="--" coherenceScore="--">bn:00000086n</annotation>
		<annotation source="MCS" anchor="pase" bfScore="--" coherenceScore="--">bn:00091458v</annotation>
		<annotation source="BABELFY" anchor="día de la ira" bfScore="1.0" coherenceScore="0.20754716981132076">bn:00023469n</annotation>
		<annotation source="MCS" anchor="ira" bfScore="--" coherenceScore="--">bn:00004085n</annotation>
		<annotation source="BABELFY" anchor="Jehovah" bfScore="1.0" coherenceScore="0.22641509433962265">bn:00047890n</annotation>
		<annotation source="BABELFY" anchor="mansos" bfScore="1.0" coherenceScore="0.006289308176100629">bn:00107368a</annotation>
		<annotation source="BABELFY" anchor="decreto" bfScore="0.9107142857142857" coherenceScore="0.1069182389937107">bn:00025781n</annotation>
		<annotation source="MCS" anchor="Buscad" bfScore="--" coherenceScore="--">bn:00090460v</annotation>
		<annotation source="MCS" anchor="justicia" bfScore="--" coherenceScore="--">bn:00048668n</annotation>
		<annotation source="MCS" anchor="buscad" bfScore="--" coherenceScore="--">bn:00090460v</annotation>
		<annotation source="BABELFY" anchor="mansedumbre" bfScore="0.7292817679558011" coherenceScore="0.06918238993710692">bn:08477462n</annotation>
		<annotation source="MCS" anchor="quizás" bfScore="--" coherenceScore="--">bn:00116211r</annotation>
		<annotation source="MCS" anchor="seréis" bfScore="--" coherenceScore="--">bn:00083187v</annotation>
		<annotation source="MCS" anchor="protegidos" bfScore="--" coherenceScore="--">bn:00092103v</annotation>
		<annotation source="MCS" anchor="furor" bfScore="--" coherenceScore="--">bn:00036903n</annotation>
		<annotation source="MCS" anchor="quedará" bfScore="--" coherenceScore="--">bn:00092757v</annotation>
		<annotation source="BABELFY" anchor="desamparada" bfScore="1.0" coherenceScore="0.07547169811320754">bn:00082122v</annotation>
		<annotation source="BABELFY" anchor="Ascalón" bfScore="1.0" coherenceScore="0.16352201257861634">bn:03355820n</annotation>
		<annotation source="BABELFY" anchor="Asdod" bfScore="1.0" coherenceScore="0.18238993710691823">bn:02228498n</annotation>
		<annotation source="MCS" anchor="será" bfScore="--" coherenceScore="--">bn:00083187v</annotation>
		<annotation source="MCS" anchor="expulsada" bfScore="--" coherenceScore="--">bn:00083066v</annotation>
		<annotation source="BABELFY" anchor="mediodía" bfScore="1.0" coherenceScore="0.07547169811320754">bn:00044075n</annotation>
		<annotation source="BABELFY" anchor="Ecrón" bfScore="1.0" coherenceScore="0.15723270440251572">bn:03096482n</annotation>
		<annotation source="MCS" anchor="habitan" bfScore="--" coherenceScore="--">bn:00083391v</annotation>
		<annotation source="MCS" anchor="zona" bfScore="--" coherenceScore="--">bn:00082076n</annotation>
		<annotation source="BABELFY" anchor="mar" bfScore="0.8928218093877103" coherenceScore="0.389937106918239">bn:00069946n</annotation>
		<annotation source="BABELFY" anchor="palabra" bfScore="0.96" coherenceScore="0.39622641509433965">bn:00081546n</annotation>
		<annotation source="BABELFY" anchor="Canaán" bfScore="1.0" coherenceScore="0.39622641509433965">bn:00015109n</annotation>
		<annotation source="BABELFY" anchor="filisteos" bfScore="1.0" coherenceScore="0.22641509433962265">bn:00061969n</annotation>
		<annotation source="MCS" anchor="haré" bfScore="--" coherenceScore="--">bn:00087107v</annotation>
		<annotation source="MCS" anchor="destruir" bfScore="--" coherenceScore="--">bn:00086699v</annotation>
		<annotation source="MCS" anchor="quede" bfScore="--" coherenceScore="--">bn:00092757v</annotation>
		<annotation source="MCS" anchor="convertida" bfScore="--" coherenceScore="--">bn:00084785v</annotation>
		<annotation source="MCS" anchor="pradera" bfScore="--" coherenceScore="--">bn:00041455n</annotation>
		<annotation source="MCS" anchor="pastores" bfScore="--" coherenceScore="--">bn:00024459n</annotation>
		<annotation source="MCS" anchor="ovejas" bfScore="--" coherenceScore="--">bn:00070967n</annotation>
		<annotation source="BABELFY" anchor="remanente" bfScore="0.9272727272727272" coherenceScore="0.09433962264150944">bn:03556302n</annotation>
		<annotation source="MCS" anchor="casa" bfScore="--" coherenceScore="--">bn:00044994n</annotation>
		<annotation source="BABELFY" anchor="Allí" bfScore="1.0" coherenceScore="0.06918238993710692">bn:00114427r</annotation>
		<annotation source="MCS" anchor="casas" bfScore="--" coherenceScore="--">bn:00044994n</annotation>
		<annotation source="BABELFY" anchor="noche" bfScore="0.7066115702479339" coherenceScore="0.1509433962264151">bn:00025236n</annotation>
		<annotation source="MCS" anchor="visitará" bfScore="--" coherenceScore="--">bn:00093433v</annotation>
		<annotation source="MCS" anchor="hacer" bfScore="--" coherenceScore="--">bn:00087107v</annotation>
		<annotation source="BABELFY" anchor="volver" bfScore="0.9645390070921985" coherenceScore="0.1509433962264151">bn:00088736v</annotation>
		<annotation source="BABELFY" anchor="cautivos" bfScore="1.0" coherenceScore="0.03773584905660377">bn:00015768n</annotation>
		<annotation source="BABELFY" anchor="oído" bfScore="0.7804878048780488" coherenceScore="0.14465408805031446">bn:00029372n</annotation>
		<annotation source="BABELFY" anchor="Moab" bfScore="0.8848069738480697" coherenceScore="0.18238993710691823">bn:03579537n</annotation>
		<annotation source="BABELFY" anchor="insultos" bfScore="0.7538910505836576" coherenceScore="0.15723270440251572">bn:00001794n</annotation>
		<annotation source="MCS" anchor="hijos" bfScore="--" coherenceScore="--">bn:00024244n</annotation>
		<annotation source="BABELFY" anchor="Amón" bfScore="0.85310119695321" coherenceScore="0.20125786163522014">bn:00003325n</annotation>
		<annotation source="MCS" anchor="pueblo" bfScore="--" coherenceScore="--">bn:00021149n</annotation>
		<annotation source="BABELFY" anchor="expandieron" bfScore="1.0" coherenceScore="0.0440251572327044">bn:00086741v</annotation>
		<annotation source="MCS" anchor="territorios" bfScore="--" coherenceScore="--">bn:00044516n</annotation>
		<annotation source="MCS" anchor="vivo" bfScore="--" coherenceScore="--">bn:00087617v</annotation>
		<annotation source="MCS" anchor="dice" bfScore="--" coherenceScore="--">bn:00093287v</annotation>
		<annotation source="BABELFY" anchor="Ejércitos" bfScore="1.0" coherenceScore="0.13836477987421383">bn:00005803n</annotation>
		<annotation source="BABELFY" anchor="Israel" bfScore="0.8880237045203969" coherenceScore="0.6163522012578616">bn:00047679n</annotation>
		<annotation source="MCS" anchor="campo" bfScore="--" coherenceScore="--">bn:00007985n</annotation>
		<annotation source="BABELFY" anchor="ortigas" bfScore="1.0" coherenceScore="0.03773584905660377">bn:00074306n</annotation>
		<annotation source="BABELFY" anchor="salinas" bfScore="0.7777777777777778" coherenceScore="0.0440251572327044">bn:00110062a</annotation>
		<annotation source="BABELFY" anchor="perpetua" bfScore="0.8" coherenceScore="0.018867924528301886">bn:00096136a</annotation>
		<annotation source="MCS" anchor="desolación" bfScore="--" coherenceScore="--">bn:00008563n</annotation>
		<annotation source="MCS" anchor="resto" bfScore="--" coherenceScore="--">bn:00008047n</annotation>
		<annotation source="MCS" anchor="gente" bfScore="--" coherenceScore="--">bn:01541322n</annotation>
		<annotation source="MCS" anchor="sucederá" bfScore="--" coherenceScore="--">bn:00085337v</annotation>
		<annotation source="BABELFY" anchor="soberbia" bfScore="1.0" coherenceScore="0.012578616352201259">bn:00097526a</annotation>
		<annotation source="MCS" anchor="costa" bfScore="--" coherenceScore="--">bn:00020164n</annotation>
		<annotation source="MCS" anchor="Temible" bfScore="--" coherenceScore="--">bn:00103237a</annotation>
		<annotation source="MCS" anchor="hará" bfScore="--" coherenceScore="--">bn:00087107v</annotation>
		<annotation source="BABELFY" anchor="dioses" bfScore="0.8305066891393659" coherenceScore="0.6792452830188679">bn:00040878n</annotation>
		<annotation source="MCS" anchor="menos" bfScore="--" coherenceScore="--">bn:00116094r</annotation>
		<annotation source="MCS" anchor="lugar" bfScore="--" coherenceScore="--">bn:00062699n</annotation>
		<annotation source="MCS" anchor="costas" bfScore="--" coherenceScore="--">bn:00020164n</annotation>
		<annotation source="BABELFY" anchor="naciones" bfScore="0.8087456190398565" coherenceScore="0.7924528301886793">bn:00023236n</annotation>
		<annotation source="BABELFY" anchor="Etiopía" bfScore="0.9997316876844647" coherenceScore="0.2893081761006289">bn:00000536n</annotation>
		<annotation source="BABELFY" anchor="muertos" bfScore="0.7583333333333333" coherenceScore="0.08176100628930817">bn:00100948a</annotation>
		<annotation source="BABELFY" anchor="espada" bfScore="0.8517699115044248" coherenceScore="0.13836477987421383">bn:00011081n</annotation>
		<annotation source="BABELFY" anchor="Después" bfScore="0.9782608695652174" coherenceScore="0.031446540880503145">bn:00114165r</annotation>
		<annotation source="MCS" anchor="extenderá" bfScore="--" coherenceScore="--">bn:00084121v</annotation>
		<annotation source="MCS" anchor="mano" bfScore="--" coherenceScore="--">bn:00042759n</annotation>
		<annotation source="MCS" anchor="destruirá" bfScore="--" coherenceScore="--">bn:00086699v</annotation>
		<annotation source="BABELFY" anchor="Asiria" bfScore="0.9805335255948089" coherenceScore="0.3018867924528302">bn:00006569n</annotation>
		<annotation source="MCS" anchor="Convertirá" bfScore="--" coherenceScore="--">bn:00084785v</annotation>
		<annotation source="BABELFY" anchor="desierto" bfScore="0.8989071038251366" coherenceScore="0.29559748427672955">bn:00026519n</annotation>
		<annotation source="MCS" anchor="medio" bfScore="--" coherenceScore="--">bn:00097858a</annotation>
		<annotation source="MCS" anchor="manadas" bfScore="--" coherenceScore="--">bn:00043801n</annotation>
		<annotation source="MCS" anchor="animal" bfScore="--" coherenceScore="--">bn:00028554n</annotation>
		<annotation source="MCS" anchor="búho" bfScore="--" coherenceScore="--">bn:14151374n</annotation>
		<annotation source="MCS" anchor="capiteles" bfScore="--" coherenceScore="--">bn:00015406n</annotation>
		<annotation source="MCS" anchor="lechuza" bfScore="--" coherenceScore="--">bn:13915455n</annotation>
		<annotation source="MCS" anchor="cantará" bfScore="--" coherenceScore="--">bn:00093758v</annotation>
		<annotation source="MCS" anchor="ventana" bfScore="--" coherenceScore="--">bn:00081285n</annotation>
		<annotation source="MCS" anchor="cuervo" bfScore="--" coherenceScore="--">bn:00022930n</annotation>
		<annotation source="MCS" anchor="umbral" bfScore="--" coherenceScore="--">bn:00077055n</annotation>
		<annotation source="BABELFY" anchor="enmaderado" bfScore="1.0" coherenceScore="0.031446540880503145">bn:00024992n</annotation>
		<annotation source="MCS" anchor="cedro" bfScore="--" coherenceScore="--">bn:00016963n</annotation>
		<annotation source="MCS" anchor="expuesto" bfScore="--" coherenceScore="--">bn:00086833v</annotation>
		<annotation source="MCS" anchor="es" bfScore="--" coherenceScore="--">bn:00083187v</annotation>
		<annotation source="BABELFY" anchor="ciudad" bfScore="0.7995542554673353" coherenceScore="0.5157232704402516">bn:03335997n</annotation>
		<annotation source="MCS" anchor="alegre" bfScore="--" coherenceScore="--">bn:00099564a</annotation>
		<annotation source="MCS" anchor="habitaba" bfScore="--" coherenceScore="--">bn:00083391v</annotation>
		<annotation source="MCS" anchor="decía" bfScore="--" coherenceScore="--">bn:00093287v</annotation>
		<annotation source="MCS" anchor="corazón" bfScore="--" coherenceScore="--">bn:00043383n</annotation>
		<annotation source="BABELFY" anchor="Sólo" bfScore="0.9230769230769231" coherenceScore="0.03773584905660377">bn:00114626r</annotation>
		<annotation source="BABELFY" anchor="nadie" bfScore="0.972972972972973" coherenceScore="0.03773584905660377">bn:13916669n</annotation>
		<annotation source="MCS" anchor="Cómo" bfScore="--" coherenceScore="--">bn:13703918r</annotation>
		<annotation source="MCS" anchor="ha" bfScore="--" coherenceScore="--">bn:00083184v</annotation>
		<annotation source="MCS" anchor="sido" bfScore="--" coherenceScore="--">bn:00083187v</annotation>
		<annotation source="MCS" anchor="horror" bfScore="--" coherenceScore="--">bn:00007504n</annotation>
		<annotation source="MCS" anchor="guarida" bfScore="--" coherenceScore="--">bn:00026199n</annotation>
		<annotation source="BABELFY" anchor="fieras" bfScore="1.0" coherenceScore="0.03773584905660377">bn:02354612n</annotation>
		<annotation source="MCS" anchor="junto" bfScore="--" coherenceScore="--">bn:00105539a</annotation>
	</annotations>
</paragraph>
<paragraph id="p.3">
	<text>
		¡ Ay de la ciudad rebelde , manchada y opresora
		No escucha la voz , ni recibe la corrección . No confía en Jehovah , ni se acerca a su Dios
		Sus magistrados en medio de ella son leones rugientes . Sus jueces son lobos vespertinos que no dejan hueso para la mañana
		Sus profetas son insolentes y hombres traicioneros . Sus sacerdotes han contaminado el santuario y hacen violencia a la ley
		Jehovah es justo en medio de ella ; él no hará maldad . Cada mañana saca a luz su juicio ; nunca falta . Pero el perverso no conoce la vergüenza
		&amp;quot; Yo exterminaré las naciones . Sus torreones quedarán desolados ; dejaré desiertas sus calles hasta que no quede quien transite . Sus ciudades serán devastadas hasta que no quede hombre , hasta que no quede habitante
		Dije : &amp;apos; Ciertamente me temerás , recibirás corrección . &amp;apos; Y no será quitado de sus ojos todo lo que le he encomendado a ella . Pero ellos madrugaron para corromper todas sus obras
		¡ Por tanto , dice Jehovah , esperad el día en que me levante para ser testigo ! Porque tengo determinado reunir las naciones y juntar los reinos para derramar sobre ellos mi enojo , todo el furor de mi ira . Porque toda la tierra será consumida por el fuego de mi celo
		&amp;quot; Entonces daré a los pueblos un lenguaje puro para que todos invoquen el nombre de Jehovah y le sirvan de común acuerdo
		Desde más allá de los ríos de Etiopía me traerán ofrenda los que me invocan en medio de la dispersión
		&amp;quot; En aquel día no serás avergonzada por ninguno de tus actos con que te rebelaste contra mí , porque entonces quitaré de en medio de ti a los que se alegran en su soberbia . Y nunca más te ensoberbecerás en el monte de mi santidad
		En medio de ti dejaré un pueblo humilde y pobre , el cual se refugiará en el nombre de Jehovah
		El remanente de Israel no hará iniquidad ni dirá mentira , ni habrá lengua engañosa en boca de ellos . Ciertamente serán apacentados y se recostarán sin que haya quien los amedrente .
		¡ Canta , oh hija de Sion ; da voces de júbilo , oh Israel ! ¡ Gózate y regocíjate de todo corazón , oh hija de Jerusalén
		Jehovah ha quitado el juicio contra ti ; ha echado fuera a tu enemigo . ¡ Jehovah es el Rey de Israel en medio de ti ! ¡ Nunca más temerás el mal
		En aquel día se dirá a Jerusalén : &amp;quot; No temas , oh Sion ; no se debiliten tus manos .
		Jehovah tu Dios está en medio de ti : ¡ Es poderoso ; él salvará ! Con alegría se regocijará por causa de ti . Te renovará en su amor ; por causa de ti se regocijará con cánticos
		&amp;quot; Yo quitaré de ti el pesar de la festividad que era para ti como una carga
		He aquí , en aquel tiempo yo convertiré en oprobio a todos tus opresores . Pero salvaré a la que cojea , y recogeré a la descarriada . Las pondré como objeto de alabanza y de renombre en todos los países donde han sido avergonzadas
		En aquel tiempo os traeré ; en aquel tiempo os reuniré . Yo os haré objeto de renombre y de alabanza entre todos los pueblos de la tierra , cuando os restaure de la cautividad ante vuestros propios ojos &amp;quot; , ha dicho Jehovah
	</text>
	<annotations>
		<annotation source="BABELFY" anchor="ciudad" bfScore="0.7750216760281977" coherenceScore="0.40825688073394495">bn:03335997n</annotation>
		<annotation source="MCS" anchor="rebelde" bfScore="--" coherenceScore="--">bn:00101444a</annotation>
		<annotation source="MCS" anchor="manchada" bfScore="--" coherenceScore="--">bn:00086304v</annotation>
		<annotation source="BABELFY" anchor="escucha" bfScore="0.7272727272727273" coherenceScore="0.027522935779816515">bn:00090401v</annotation>
		<annotation source="MCS" anchor="voz" bfScore="--" coherenceScore="--">bn:00080185n</annotation>
		<annotation source="MCS" anchor="recibe" bfScore="--" coherenceScore="--">bn:00089246v</annotation>
		<annotation source="MCS" anchor="corrección" bfScore="--" coherenceScore="--">bn:00067275n</annotation>
		<annotation source="MCS" anchor="confía" bfScore="--" coherenceScore="--">bn:00083095v</annotation>
		<annotation source="BABELFY" anchor="Jehovah" bfScore="1.0" coherenceScore="0.20642201834862386">bn:00047890n</annotation>
		<annotation source="MCS" anchor="acerca" bfScore="--" coherenceScore="--">bn:00082735v</annotation>
		<annotation source="MCS" anchor="magistrados" bfScore="--" coherenceScore="--">bn:00052701n</annotation>
		<annotation source="MCS" anchor="medio" bfScore="--" coherenceScore="--">bn:00054149n</annotation>
		<annotation source="MCS" anchor="son" bfScore="--" coherenceScore="--">bn:00083187v</annotation>
		<annotation source="BABELFY" anchor="leones" bfScore="0.8172645739910314" coherenceScore="0.24770642201834864">bn:00049156n</annotation>
		<annotation source="MCS" anchor="jueces" bfScore="--" coherenceScore="--">bn:00001401n</annotation>
		<annotation source="MCS" anchor="lobos" bfScore="--" coherenceScore="--">bn:00015268n</annotation>
		<annotation source="MCS" anchor="dejan" bfScore="--" coherenceScore="--">bn:00084710v</annotation>
		<annotation source="BABELFY" anchor="hueso" bfScore="0.8022797018851381" coherenceScore="0.13761467889908258">bn:00011999n</annotation>
		<annotation source="MCS" anchor="mañana" bfScore="--" coherenceScore="--">bn:00035851n</annotation>
		<annotation source="MCS" anchor="profetas" bfScore="--" coherenceScore="--">bn:00064759n</annotation>
		<annotation source="MCS" anchor="hombres" bfScore="--" coherenceScore="--">bn:00001533n</annotation>
		<annotation source="BABELFY" anchor="traicioneros" bfScore="1.0" coherenceScore="0.08256880733944955">bn:00102730a</annotation>
		<annotation source="BABELFY" anchor="sacerdotes" bfScore="0.7800044043162299" coherenceScore="0.21100917431192662">bn:00064346n</annotation>
		<annotation source="BABELFY" anchor="han" bfScore="0.9696969696969697" coherenceScore="0.01834862385321101">bn:00083184v</annotation>
		<annotation source="MCS" anchor="contaminado" bfScore="--" coherenceScore="--">bn:00089704v</annotation>
		<annotation source="MCS" anchor="santuario" bfScore="--" coherenceScore="--">bn:00071355n</annotation>
		<annotation source="MCS" anchor="hacen" bfScore="--" coherenceScore="--">bn:00087107v</annotation>
		<annotation source="BABELFY" anchor="violencia" bfScore="0.9965774109120193" coherenceScore="0.22935779816513763">bn:00035772n</annotation>
		<annotation source="MCS" anchor="ley" bfScore="--" coherenceScore="--">bn:00048655n</annotation>
		<annotation source="MCS" anchor="es" bfScore="--" coherenceScore="--">bn:00083187v</annotation>
		<annotation source="MCS" anchor="justo" bfScore="--" coherenceScore="--">bn:00102719a</annotation>
		<annotation source="MCS" anchor="hará" bfScore="--" coherenceScore="--">bn:00087107v</annotation>
		<annotation source="MCS" anchor="maldad" bfScore="--" coherenceScore="--">bn:00007875n</annotation>
		<annotation source="MCS" anchor="saca" bfScore="--" coherenceScore="--">bn:00087237v</annotation>
		<annotation source="BABELFY" anchor="luz" bfScore="0.8916929547844374" coherenceScore="0.24311926605504589">bn:00051108n</annotation>
		<annotation source="MCS" anchor="juicio" bfScore="--" coherenceScore="--">bn:00048493n</annotation>
		<annotation source="BABELFY" anchor="nunca" bfScore="0.7538461538461538" coherenceScore="0.03211009174311927">bn:00116326r</annotation>
		<annotation source="MCS" anchor="falta" bfScore="--" coherenceScore="--">bn:00036052n</annotation>
		<annotation source="MCS" anchor="perverso" bfScore="--" coherenceScore="--">bn:00107197a</annotation>
		<annotation source="MCS" anchor="conoce" bfScore="--" coherenceScore="--">bn:00090725v</annotation>
		<annotation source="MCS" anchor="vergüenza" bfScore="--" coherenceScore="--">bn:00027566n</annotation>
		<annotation source="BABELFY" anchor="naciones" bfScore="0.8316994423246258" coherenceScore="0.7385321100917431">bn:00023236n</annotation>
		<annotation source="BABELFY" anchor="torreones" bfScore="1.0" coherenceScore="0.0779816513761468">bn:00028227n</annotation>
		<annotation source="MCS" anchor="quedarán" bfScore="--" coherenceScore="--">bn:00092757v</annotation>
		<annotation source="MCS" anchor="dejaré" bfScore="--" coherenceScore="--">bn:00084710v</annotation>
		<annotation source="BABELFY" anchor="desiertas" bfScore="0.8503937007874016" coherenceScore="0.08256880733944955">bn:00112870a</annotation>
		<annotation source="MCS" anchor="calles" bfScore="--" coherenceScore="--">bn:00074595n</annotation>
		<annotation source="MCS" anchor="quede" bfScore="--" coherenceScore="--">bn:00092757v</annotation>
		<annotation source="BABELFY" anchor="transite" bfScore="1.0" coherenceScore="0.045871559633027525">bn:00090962v</annotation>
		<annotation source="BABELFY" anchor="ciudades" bfScore="0.7750216760281977" coherenceScore="0.40825688073394495">bn:03335997n</annotation>
		<annotation source="MCS" anchor="serán" bfScore="--" coherenceScore="--">bn:00083187v</annotation>
		<annotation source="MCS" anchor="devastadas" bfScore="--" coherenceScore="--">bn:00086685v</annotation>
		<annotation source="MCS" anchor="hombre" bfScore="--" coherenceScore="--">bn:00001533n</annotation>
		<annotation source="MCS" anchor="habitante" bfScore="--" coherenceScore="--">bn:00026239n</annotation>
		<annotation source="BABELFY" anchor="Dije" bfScore="1.0" coherenceScore="0.009174311926605505">bn:00008351n</annotation>
		<annotation source="BABELFY" anchor="Ciertamente" bfScore="0.9058823529411765" coherenceScore="0.05045871559633028">bn:00114694r</annotation>
		<annotation source="MCS" anchor="será" bfScore="--" coherenceScore="--">bn:00083187v</annotation>
		<annotation source="MCS" anchor="quitado" bfScore="--" coherenceScore="--">bn:00092783v</annotation>
		<annotation source="BABELFY" anchor="ojos" bfScore="0.8184277769427326" coherenceScore="0.25229357798165136">bn:00032512n</annotation>
		<annotation source="BABELFY" anchor="he" bfScore="0.9696969696969697" coherenceScore="0.01834862385321101">bn:00083184v</annotation>
		<annotation source="BABELFY" anchor="encomendado" bfScore="0.8363201911589009" coherenceScore="0.11467889908256881">bn:00085414v</annotation>
		<annotation source="BABELFY" anchor="corromper" bfScore="1.0" coherenceScore="0.01834862385321101">bn:00085844v</annotation>
		<annotation source="MCS" anchor="obras" bfScore="--" coherenceScore="--">bn:00011767n</annotation>
		<annotation source="MCS" anchor="dice" bfScore="--" coherenceScore="--">bn:00093287v</annotation>
		<annotation source="MCS" anchor="esperad" bfScore="--" coherenceScore="--">bn:00089401v</annotation>
		<annotation source="MCS" anchor="día" bfScore="--" coherenceScore="--">bn:00000086n</annotation>
		<annotation source="MCS" anchor="levante" bfScore="--" coherenceScore="--">bn:00084110v</annotation>
		<annotation source="MCS" anchor="ser" bfScore="--" coherenceScore="--">bn:00083187v</annotation>
		<annotation source="BABELFY" anchor="ser testigo" bfScore="1.0" coherenceScore="0.15137614678899083">bn:00083245v</annotation>
		<annotation source="MCS" anchor="testigo" bfScore="--" coherenceScore="--">bn:00081454n</annotation>
		<annotation source="MCS" anchor="tengo" bfScore="--" coherenceScore="--">bn:00089385v</annotation>
		<annotation source="MCS" anchor="determinado" bfScore="--" coherenceScore="--">bn:00103595a</annotation>
		<annotation source="MCS" anchor="reunir" bfScore="--" coherenceScore="--">bn:00085289v</annotation>
		<annotation source="MCS" anchor="juntar" bfScore="--" coherenceScore="--">bn:00082847v</annotation>
		<annotation source="MCS" anchor="reinos" bfScore="--" coherenceScore="--">bn:00049171n</annotation>
		<annotation source="MCS" anchor="derramar" bfScore="--" coherenceScore="--">bn:00086958v</annotation>
		<annotation source="MCS" anchor="enojo" bfScore="--" coherenceScore="--">bn:00029043n</annotation>
		<annotation source="MCS" anchor="furor" bfScore="--" coherenceScore="--">bn:00036903n</annotation>
		<annotation source="MCS" anchor="ira" bfScore="--" coherenceScore="--">bn:00004085n</annotation>
		<annotation source="MCS" anchor="consumida" bfScore="--" coherenceScore="--">bn:00087463v</annotation>
		<annotation source="MCS" anchor="fuego" bfScore="--" coherenceScore="--">bn:00034623n</annotation>
		<annotation source="MCS" anchor="celo" bfScore="--" coherenceScore="--">bn:00041654n</annotation>
		<annotation source="MCS" anchor="Entonces" bfScore="--" coherenceScore="--">bn:00076816n</annotation>
		<annotation source="MCS" anchor="daré" bfScore="--" coherenceScore="--">bn:00088815v</annotation>
		<annotation source="MCS" anchor="pueblos" bfScore="--" coherenceScore="--">bn:00021149n</annotation>
		<annotation source="BABELFY" anchor="lenguaje" bfScore="0.7013167013167013" coherenceScore="0.5137614678899083">bn:00049910n</annotation>
		<annotation source="MCS" anchor="puro" bfScore="--" coherenceScore="--">bn:00109244a</annotation>
		<annotation source="MCS" anchor="invoquen" bfScore="--" coherenceScore="--">bn:00082770v</annotation>
		<annotation source="MCS" anchor="nombre" bfScore="--" coherenceScore="--">bn:00056758n</annotation>
		<annotation source="MCS" anchor="sirvan" bfScore="--" coherenceScore="--">bn:00089309v</annotation>
		<annotation source="MCS" anchor="común" bfScore="--" coherenceScore="--">bn:00100091a</annotation>
		<annotation source="MCS" anchor="acuerdo" bfScore="--" coherenceScore="--">bn:00002086n</annotation>
		<annotation source="BABELFY" anchor="más allá" bfScore="1.0" coherenceScore="0.0045871559633027525">bn:00114547r</annotation>
		<annotation source="MCS" anchor="más allá de" bfScore="--" coherenceScore="--">bn:00114546r</annotation>
		<annotation source="MCS" anchor="allá" bfScore="--" coherenceScore="--">bn:00114546r</annotation>
		<annotation source="BABELFY" anchor="ríos" bfScore="0.8728984532616005" coherenceScore="0.30275229357798167">bn:00067948n</annotation>
		<annotation source="BABELFY" anchor="Etiopía" bfScore="0.997943797121316" coherenceScore="0.22018348623853212">bn:00000536n</annotation>
		<annotation source="MCS" anchor="traerán" bfScore="--" coherenceScore="--">bn:00084060v</annotation>
		<annotation source="MCS" anchor="invocan" bfScore="--" coherenceScore="--">bn:00082770v</annotation>
		<annotation source="MCS" anchor="dispersión" bfScore="--" coherenceScore="--">bn:00027056n</annotation>
		<annotation source="MCS" anchor="serás" bfScore="--" coherenceScore="--">bn:00083187v</annotation>
		<annotation source="MCS" anchor="avergonzada" bfScore="--" coherenceScore="--">bn:00082124v</annotation>
		<annotation source="MCS" anchor="actos" bfScore="--" coherenceScore="--">bn:00001078n</annotation>
		<annotation source="BABELFY" anchor="entonces" bfScore="1.0" coherenceScore="0.01834862385321101">bn:00114281r</annotation>
		<annotation source="MCS" anchor="alegran" bfScore="--" coherenceScore="--">bn:00084881v</annotation>
		<annotation source="BABELFY" anchor="soberbia" bfScore="1.0" coherenceScore="0.027522935779816515">bn:00097526a</annotation>
		<annotation source="MCS" anchor="monte" bfScore="--" coherenceScore="--">bn:00036086n</annotation>
		<annotation source="MCS" anchor="santidad" bfScore="--" coherenceScore="--">bn:00068884n</annotation>
		<annotation source="MCS" anchor="medio" bfScore="--" coherenceScore="--">bn:00097858a</annotation>
		<annotation source="MCS" anchor="pueblo" bfScore="--" coherenceScore="--">bn:00021149n</annotation>
		<annotation source="MCS" anchor="humilde" bfScore="--" coherenceScore="--">bn:00104397a</annotation>
		<annotation source="MCS" anchor="pobre" bfScore="--" coherenceScore="--">bn:00108798a</annotation>
		<annotation source="BABELFY" anchor="refugiará" bfScore="1.0" coherenceScore="0.022935779816513763">bn:00093378v</annotation>
		<annotation source="BABELFY" anchor="El remanente" bfScore="1.0" coherenceScore="0.0045871559633027525">bn:15373912n</annotation>
		<annotation source="BABELFY" anchor="remanente" bfScore="0.9503105590062112" coherenceScore="0.0779816513761468">bn:03556302n</annotation>
		<annotation source="BABELFY" anchor="Israel" bfScore="0.9216054253481478" coherenceScore="0.591743119266055">bn:00047679n</annotation>
		<annotation source="MCS" anchor="iniquidad" bfScore="--" coherenceScore="--">bn:00025234n</annotation>
		<annotation source="MCS" anchor="dirá" bfScore="--" coherenceScore="--">bn:00093287v</annotation>
		<annotation source="MCS" anchor="mentira" bfScore="--" coherenceScore="--">bn:00032874n</annotation>
		<annotation source="BABELFY" anchor="habrá" bfScore="0.9696969696969697" coherenceScore="0.01834862385321101">bn:00083184v</annotation>
		<annotation source="MCS" anchor="lengua" bfScore="--" coherenceScore="--">bn:00019439n</annotation>
		<annotation source="BABELFY" anchor="engañosa" bfScore="0.8" coherenceScore="0.013761467889908258">bn:00101143a</annotation>
		<annotation source="BABELFY" anchor="boca" bfScore="0.8097843579015127" coherenceScore="0.1559633027522936">bn:00056135n</annotation>
		<annotation source="BABELFY" anchor="haya" bfScore="0.9696969696969697" coherenceScore="0.01834862385321101">bn:00083184v</annotation>
		<annotation source="MCS" anchor="Canta" bfScore="--" coherenceScore="--">bn:00093758v</annotation>
		<annotation source="MCS" anchor="hija" bfScore="--" coherenceScore="--">bn:00024244n</annotation>
		<annotation source="MCS" anchor="da" bfScore="--" coherenceScore="--">bn:00088815v</annotation>
		<annotation source="MCS" anchor="voces" bfScore="--" coherenceScore="--">bn:00080185n</annotation>
		<annotation source="MCS" anchor="júbilo" bfScore="--" coherenceScore="--">bn:00032506n</annotation>
		<annotation source="MCS" anchor="Goza" bfScore="--" coherenceScore="--">bn:00087646v</annotation>
		<annotation source="MCS" anchor="regocija" bfScore="--" coherenceScore="--">bn:00088865v</annotation>
		<annotation source="MCS" anchor="corazón" bfScore="--" coherenceScore="--">bn:00043383n</annotation>
		<annotation source="BABELFY" anchor="Jerusalén" bfScore="0.9698052748336209" coherenceScore="0.2798165137614679">bn:00015555n</annotation>
		<annotation source="BABELFY" anchor="ha" bfScore="0.9696969696969697" coherenceScore="0.01834862385321101">bn:00083184v</annotation>
		<annotation source="MCS" anchor="echado" bfScore="--" coherenceScore="--">bn:00084634v</annotation>
		<annotation source="MCS" anchor="Rey" bfScore="--" coherenceScore="--">bn:00049141n</annotation>
		<annotation source="BABELFY" anchor="Nunca" bfScore="0.7538461538461538" coherenceScore="0.03211009174311927">bn:00116326r</annotation>
		<annotation source="MCS" anchor="mal" bfScore="--" coherenceScore="--">bn:00032048n</annotation>
		<annotation source="MCS" anchor="temas" bfScore="--" coherenceScore="--">bn:00074900n</annotation>
		<annotation source="MCS" anchor="debiliten" bfScore="--" coherenceScore="--">bn:00095682v</annotation>
		<annotation source="MCS" anchor="manos" bfScore="--" coherenceScore="--">bn:00042759n</annotation>
		<annotation source="MCS" anchor="Es" bfScore="--" coherenceScore="--">bn:00083187v</annotation>
		<annotation source="MCS" anchor="poderoso" bfScore="--" coherenceScore="--">bn:00108878a</annotation>
		<annotation source="MCS" anchor="salvará" bfScore="--" coherenceScore="--">bn:00092745v</annotation>
		<annotation source="MCS" anchor="alegría" bfScore="--" coherenceScore="--">bn:00048468n</annotation>
		<annotation source="MCS" anchor="causa" bfScore="--" coherenceScore="--">bn:00015051n</annotation>
		<annotation source="MCS" anchor="renovará" bfScore="--" coherenceScore="--">bn:00092663v</annotation>
		<annotation source="BABELFY" anchor="amor" bfScore="0.96029450433868" coherenceScore="0.4036697247706422">bn:00052121n</annotation>
		<annotation source="BABELFY" anchor="cánticos" bfScore="0.7847826086956522" coherenceScore="0.0871559633027523">bn:00015360n</annotation>
		<annotation source="MCS" anchor="festividad" bfScore="--" coherenceScore="--">bn:00022389n</annotation>
		<annotation source="MCS" anchor="era" bfScore="--" coherenceScore="--">bn:00083187v</annotation>
		<annotation source="MCS" anchor="carga" bfScore="--" coherenceScore="--">bn:00016047n</annotation>
		<annotation source="MCS" anchor="aquí" bfScore="--" coherenceScore="--">bn:00115641r</annotation>
		<annotation source="MCS" anchor="tiempo" bfScore="--" coherenceScore="--">bn:00077270n</annotation>
		<annotation source="MCS" anchor="pondré" bfScore="--" coherenceScore="--">bn:00090224v</annotation>
		<annotation source="MCS" anchor="objeto" bfScore="--" coherenceScore="--">bn:00058442n</annotation>
		<annotation source="MCS" anchor="alabanza" bfScore="--" coherenceScore="--">bn:01193643n</annotation>
		<annotation source="BABELFY" anchor="renombre" bfScore="0.8120300751879699" coherenceScore="0.04128440366972477">bn:00056759n</annotation>
		<annotation source="MCS" anchor="países" bfScore="--" coherenceScore="--">bn:00023235n</annotation>
		<annotation source="MCS" anchor="sido" bfScore="--" coherenceScore="--">bn:00083187v</annotation>
		<annotation source="MCS" anchor="avergonzadas" bfScore="--" coherenceScore="--">bn:00082124v</annotation>
		<annotation source="MCS" anchor="traeré" bfScore="--" coherenceScore="--">bn:00084060v</annotation>
		<annotation source="MCS" anchor="reuniré" bfScore="--" coherenceScore="--">bn:00085289v</annotation>
		<annotation source="MCS" anchor="haré" bfScore="--" coherenceScore="--">bn:00087107v</annotation>
		<annotation source="MCS" anchor="restaure" bfScore="--" coherenceScore="--">bn:00084308v</annotation>
		<annotation source="BABELFY" anchor="cautividad" bfScore="0.9716088328075709" coherenceScore="0.1926605504587156">bn:00015771n</annotation>
		<annotation source="BABELFY" anchor="propios" bfScore="0.9674267100977199" coherenceScore="0.12385321100917432">bn:00096707a</annotation>
	</annotations>
</paragraph>
</dataset>
