<?xml version="1.0" encoding="utf-8"?>
<dataset language="EN" id="Bible">
<div id="b.GEN" type="book">
	<div id="b.GEN.8" type="chapter">
		<seg id="b.GEN.8.1" type="verse">
		<text>And God remembered Noah , and every living thing, and all the cattle that was with him in the ark : and God made a wind to pass over the earth , and the waters asswaged;</text>
			<annotations>
			<annotation anchor="waters">bn:00080563n/bn:00042379n</annotation>
			<annotation anchor="earth">bn:00029424n</annotation>
			<annotation anchor="cattle">bn:00012273n</annotation>
			<annotation anchor="ark">bn:00005695n</annotation>
			<annotation anchor="God">bn:00221254n/bn:00040878n</annotation>
			<annotation anchor="Noah">bn:00057827n</annotation>
			<annotation anchor="wind">bn:00002216n</annotation>
			</annotations>
		</seg>
		<seg id="b.GEN.8.2" type="verse">
		<text>The fountains also of the deep and the windows of heaven were stopped, and the rain from heaven was restrained ;</text>
			<annotations>
			<annotation anchor="rain">bn:00066032n/bn:00066033n</annotation>
			<annotation anchor="restrained">bn:00083834v</annotation>
			<annotation anchor="fountains">bn:00036077n/bn:00036076n</annotation>
			<annotation anchor="heaven">bn:00043462n</annotation>
			</annotations>
		</seg>
		<seg id="b.GEN.8.3" type="verse">
		<text>And the waters returned from off the earth continually: and after the end of the hundred and fifty days the waters were abated.</text>
			<annotations>
			<annotation anchor="waters">bn:00080563n/bn:00042379n</annotation>
			<annotation anchor="earth">bn:00029425n/bn:00028934n</annotation>
			<annotation anchor="days">bn:00000086n</annotation>
			</annotations>
		</seg>
		<seg id="b.GEN.8.4" type="verse">
		<text>And the ark rested in the seventh month , on the seventeenth day of the month , upon the mountains of Ararat .</text>
			<annotations>
			<annotation anchor="mountains">bn:00056068n</annotation>
			<annotation anchor="month">bn:00014710n</annotation>
			<annotation anchor="Ararat">bn:00005319n</annotation>
			<annotation anchor="ark">bn:00005695n</annotation>
			<annotation anchor="day">bn:00000086n</annotation>
			</annotations>
		</seg>
		<seg id="b.GEN.8.5" type="verse">
		<text>And the waters decreased continually until the tenth month : in the tenth month , on the first day of the month , were the tops of the mountains seen.</text>
			<annotations>
			<annotation anchor="waters">bn:00080563n/bn:00042379n</annotation>
			<annotation anchor="mountains">bn:00056068n</annotation>
			<annotation anchor="month">bn:00014710n</annotation>
			<annotation anchor="day">bn:00000086n</annotation>
			</annotations>
		</seg>
		<seg id="b.GEN.8.6" type="verse">
		<text>And it came to pass at the end of forty days , that Noah opened the window of the ark which he had made :</text>
			<annotations>
			<annotation anchor="made">bn:00084198v/bn:00086013v</annotation>
			<annotation anchor="days">bn:00000086n</annotation>
			<annotation anchor="window">bn:00081286n</annotation>
			<annotation anchor="ark">bn:00005695n</annotation>
			<annotation anchor="Noah">bn:00057827n</annotation>
			</annotations>
		</seg>
		<seg id="b.GEN.8.7" type="verse">
		<text>And he sent forth a raven , which went forth to and fro, until the waters were dried up from off the earth .</text>
			<annotations>
			<annotation anchor="waters">bn:00080563n/bn:00042379n</annotation>
			<annotation anchor="raven">bn:00022930n</annotation>
			<annotation anchor="earth">bn:00029425n/bn:00028934n</annotation>
			<annotation anchor="dried">bn:00087402v</annotation>
			</annotations>
		</seg>
		<seg id="b.GEN.8.8" type="verse">
		<text>Also he sent forth a dove from him, to see if the waters were abated from off the face of the ground ;</text>
			<annotations>
			<annotation anchor="waters">bn:00080563n/bn:00042379n</annotation>
			<annotation anchor="dove">bn:00028446n</annotation>
			<annotation anchor="ground">bn:00029425n/bn:00028934n</annotation>
			</annotations>
		</seg>
		<seg id="b.GEN.8.9" type="verse">
		<text>But the dove found no rest for the sole of her foot, and she returned unto him into the ark , for the waters were on the face of the whole earth : then he put forth his hand , and took her, and pulled her in unto him into the ark .</text>
			<annotations>
			<annotation anchor="waters">bn:00080563n/bn:00042379n</annotation>
			<annotation anchor="took">bn:00088762v</annotation>
			<annotation anchor="dove">bn:00028446n</annotation>
			<annotation anchor="pulled">bn:00092137v/bn:00087253v</annotation>
			<annotation anchor="earth">bn:00029424n</annotation>
			<annotation anchor="ark">bn:00005695n</annotation>
			<annotation anchor="hand">bn:00042759n</annotation>
			</annotations>
		</seg>
		<seg id="b.GEN.8.10" type="verse">
		<text>And he stayed yet other seven days ; and again he sent forth the dove out of the ark ;</text>
			<annotations>
			<annotation anchor="stayed">bn:00085719v/bn:00092756v</annotation>
			<annotation anchor="dove">bn:00028446n</annotation>
			<annotation anchor="days">bn:00000086n</annotation>
			<annotation anchor="ark">bn:00005695n</annotation>
			</annotations>
		</seg>
		<seg id="b.GEN.8.11" type="verse">
		<text>And the dove came in to him in the evening ; and, lo, in her mouth was an olive leaf pluckt off: so Noah knew that the waters were abated from off the earth .</text>
			<annotations>
			<annotation anchor="waters">bn:00080563n/bn:00042379n</annotation>
			<annotation anchor="mouth">bn:00056135n</annotation>
			<annotation anchor="dove">bn:00028446n</annotation>
			<annotation anchor="olive">bn:00031923n/bn:00058888n</annotation>
			<annotation anchor="earth">bn:00029424n</annotation>
			<annotation anchor="abated">bn:00082126v/bn:00082125v</annotation>
			<annotation anchor="evening">bn:00031998n</annotation>
			<annotation anchor="leaf">bn:00035596n</annotation>
			<annotation anchor="Noah">bn:00057827n</annotation>
			</annotations>
		</seg>
		<seg id="b.GEN.8.12" type="verse">
		<text>And he stayed yet other seven days ; and sent forth the dove ; which returned not again unto him any more.</text>
			<annotations>
			<annotation anchor="stayed">bn:00085719v/bn:00092756v</annotation>
			<annotation anchor="dove">bn:00028446n</annotation>
			<annotation anchor="days">bn:00000086n</annotation>
			<annotation anchor="returned">bn:00092969v/bn:00084073v</annotation>
			</annotations>
		</seg>
		<seg id="b.GEN.8.13" type="verse">
		<text>And it came to pass in the six hundredth and first year , in the first month , the first day of the month , the waters were dried up from off the earth : and Noah removed the covering of the ark , and looked, and, behold, the face of the ground was dry .</text>
			<annotations>
			<annotation anchor="waters">bn:00080563n/bn:00042379n</annotation>
			<annotation anchor="month">bn:00014710n</annotation>
			<annotation anchor="removed">bn:00092783v</annotation>
			<annotation anchor="year">bn:00078738n</annotation>
			<annotation anchor="earth">bn:00029424n</annotation>
			<annotation anchor="ground">bn:00028934n</annotation>
			<annotation anchor="dry">bn:00087402v</annotation>
			<annotation anchor="ark">bn:00005695n</annotation>
			<annotation anchor="dried">bn:00087402v</annotation>
			<annotation anchor="day">bn:00000086n</annotation>
			<annotation anchor="Noah">bn:00057827n</annotation>
			</annotations>
		</seg>
		<seg id="b.GEN.8.14" type="verse">
		<text>And in the second month , on the seven and twentieth day of the month , was the earth dried</text>
			<annotations>
			<annotation anchor="month">bn:00014710n</annotation>
			<annotation anchor="earth">bn:00029424n</annotation>
			<annotation anchor="dried">bn:00087402v.</annotation>
			<annotation anchor="day">bn:00000086n</annotation>
			</annotations>
		</seg>
		<seg id="b.GEN.8.15" type="verse">
		<text>And God spake unto Noah , saying,</text>
			<annotations>
			<annotation anchor="God">bn:00221254n/bn:00040878n</annotation>
			<annotation anchor="Noah">bn:00057827n</annotation>
			</annotations>
		</seg>
		<seg id="b.GEN.8.16" type="verse">
		<text>Go forth of the ark , thou, and thy wife , and thy sons , and thy sons' wives with thee.</text>
			<annotations>
			<annotation anchor="sons">bn:00012571n</annotation>
			<annotation anchor="wife">bn:00053531n</annotation>
			<annotation anchor="ark">bn:00005695n</annotation>
			</annotations>
		</seg>
		<seg id="b.GEN.8.17" type="verse">
		<text>Bring forth with thee every living thing that is with thee, of all flesh, both of fowl , and of cattle , and of every creeping thing that creepeth upon the earth ; that they may breed abundantly in the earth , and be fruitful , and multiply upon the earth .</text>
			<annotations>
			<annotation anchor="abundantly">bn:00114097r</annotation>
			<annotation anchor="earth">bn:00029424n</annotation>
			<annotation anchor="cattle">bn:00012273n</annotation>
			<annotation anchor="fruitful">bn:00103378a</annotation>
			<annotation anchor="fowl">bn:00028155n</annotation>
			<annotation anchor="breed">bn:00084033v/bn:00084032v</annotation>
			</annotations>
		</seg>
		<seg id="b.GEN.8.18" type="verse">
		<text>And Noah went forth, and his sons , and his wife , and his sons' wives with him:</text>
			<annotations>
			<annotation anchor="sons">bn:00012571n</annotation>
			<annotation anchor="wife">bn:00053531n</annotation>
			<annotation anchor="Noah">bn:00057827n</annotation>
			</annotations>
		</seg>
		<seg id="b.GEN.8.19" type="verse">
		<text>Every beast , every creeping thing, and every fowl , and whatsoever creepeth upon the earth , after their kinds , went forth out of the ark .</text>
			<annotations>
			<annotation anchor="earth">bn:00029424n</annotation>
			<annotation anchor="kinds">bn:00035907n</annotation>
			<annotation anchor="beast">bn:00004222n</annotation>
			<annotation anchor="ark">bn:00005695n</annotation>
			<annotation anchor="fowl">bn:00028155n</annotation>
			</annotations>
		</seg>
		<seg id="b.GEN.8.20" type="verse">
		<text>And Noah builded an altar unto the LORD ; and took of every clean beast , and of every clean fowl , and offered burnt offerings on the altar .</text>
			<annotations>
			<annotation anchor="altar">bn:00003117n</annotation>
			<annotation anchor="offered">bn:00091141v</annotation>
			<annotation anchor="LORD">bn:00002966n</annotation>
			<annotation anchor="beast">bn:00004222n</annotation>
			<annotation anchor="Noah">bn:00057827n</annotation>
			<annotation anchor="fowl">bn:00028155n</annotation>
			<annotation anchor="burnt">bn:00084270v</annotation>
			</annotations>
		</seg>
		<seg id="b.GEN.8.21" type="verse">
		<text>And the LORD smelled a sweet savour ; and the LORD said in his heart , I will not again curse the ground any more for man 's sake; for the imagination of man 's heart is evil from his youth ; neither will I again smite any more every thing living, as I have done.</text>
			<annotations>
			<annotation anchor="smelled">bn:00093929v</annotation>
			<annotation anchor="LORD">bn:00002966n</annotation>
			<annotation anchor="smite">bn:00082440v</annotation>
			<annotation anchor="ground">bn:00028934n</annotation>
			<annotation anchor="man">bn:00053097n</annotation>
			<annotation anchor="evil">bn:00032050n</annotation>
			<annotation anchor="sweet">bn:00111540a</annotation>
			<annotation anchor="heart">bn:00012289n</annotation>
			<annotation anchor="youth">bn:00081947n</annotation>
			<annotation anchor="savour">bn:00035137n</annotation>
			</annotations>
		</seg>
		<seg id="b.GEN.8.22" type="verse">
		<text>While the earth remaineth, seedtime and harvest , and cold and heat , and summer and winter , and day and night shall not cease .</text>
			<annotations>
			<annotation anchor="heat">bn:00043416n</annotation>
			<annotation anchor="harvest">bn:00023931n</annotation>
			<annotation anchor="cease">bn:00084710v</annotation>
			<annotation anchor="earth">bn:00029424n</annotation>
			<annotation anchor="night">bn:00025236n</annotation>
			<annotation anchor="winter">bn:00081370n</annotation>
			<annotation anchor="cold">bn:00020535n</annotation>
			<annotation anchor="day">bn:00025419n</annotation>
			<annotation anchor="summer">bn:00075151n</annotation>
			</annotations>
		</seg>
	</div>
</div>
<div id="b.REV" type="book">
	<div id="b.REV.13" type="chapter">
		<seg id="﻿b.REV.13.1" type="verse">
		<text>And I stood upon the sand of the sea and saw a beast rise_up out of the sea , having seven heads and ten horns , and upon his horns ten crowns , and upon his heads the name of blasphemy .</text>
			<annotations>
			<annotation anchor="sand">bn:00069126n</annotation>
			<annotation anchor="rise_up">bn:00085391v</annotation>
			<annotation anchor="crowns">bn:00024069n</annotation>
			<annotation anchor="saw">bn:00093430v</annotation>
			<annotation anchor="stood">bn:00092759v</annotation>
			<annotation anchor="beast">bn:00004222n</annotation>
			<annotation anchor="heads">bn:00015784n</annotation>
			<annotation anchor="blasphemy">bn:00011133n</annotation>
			<annotation anchor="horns">bn:00044778n</annotation>
			<annotation anchor="sea">bn:00069946n,/bn:00069946n</annotation>
			</annotations>
		</seg>
		<seg id="b.REV.13.2" type="verse">
		<text>And the beast which I saw was like unto a leopard , and his feet were as the feet of a bear , and his mouth as the mouth of a lion : and the dragon gave him his power , and his seat , and great authority .</text>
			<annotations>
			<annotation anchor="seat">bn:00077087n</annotation>
			<annotation anchor="feet">bn:00035679n</annotation>
			<annotation anchor="leopard">bn:00050713n</annotation>
			<annotation anchor="mouth">bn:00056135n</annotation>
			<annotation anchor="authority">bn:00007293n</annotation>
			<annotation anchor="saw">bn:00093430v</annotation>
			<annotation anchor="gave">bn:00082442v</annotation>
			<annotation anchor="bear">bn:00009342n</annotation>
			<annotation anchor="beast">bn:00004222n</annotation>
			<annotation anchor="dragon">bn:00028582n</annotation>
			<annotation anchor="power">bn:00035773n</annotation>
			<annotation anchor="lion">bn:00049156n</annotation>
			</annotations>
		</seg>
		<seg id="b.REV.13.3" type="verse">
		<text>And I saw one of his heads as it were wounded to death ; and his deadly wound was healed  : and all the world wondered after the beast .</text>
			<annotations>
			<annotation anchor="wounded">bn:00104411a</annotation>
			<annotation anchor="wound">bn:00050776n</annotation>
			<annotation anchor="healed">bn:00089272v/bn:00089271v</annotation>
			<annotation anchor="world">bn:00063584n</annotation>
			<annotation anchor="death">bn:00025582n</annotation>
			<annotation anchor="saw">bn:00093430v</annotation>
			<annotation anchor="heads">bn:00015784n</annotation>
			<annotation anchor="beast">bn:00004222n</annotation>
			<annotation anchor="wondered">bn:00090682v</annotation>
			</annotations>
		</seg>
		<seg id="b.REV.13.4" type="verse">
		<text>And they worshipped the dragon which gave power unto the beast : and they worshipped the beast , saying , Who is like unto the beast ? who is able to make war with him ?</text>
			<annotations>
			<annotation anchor="gave">bn:00082442v</annotation>
			<annotation anchor="war">bn:00080439n</annotation>
			<annotation anchor="dragon">bn:00028582n</annotation>
			<annotation anchor="power">bn:00035773n</annotation>
			<annotation anchor="beast">bn:00028582n</annotation>
			<annotation anchor="saying">bn:00093287v</annotation>
			<annotation anchor="worshipped">bn:00081651n</annotation>
			</annotations>
		</seg>
		<seg id="b.REV.13.5" type="verse">
		<text>And there was given unto him a mouth speaking great things and blasphemies ; and power was given unto him to continue forty and two months .</text>
			<annotations>
			<annotation anchor="given">bn:00082442v</annotation>
			<annotation anchor="mouth">bn:00056135n</annotation>
			<annotation anchor="speaking">bn:00090943v</annotation>
			<annotation anchor="months">bn:00077270n</annotation>
			<annotation anchor="blasphemies">bn:00011133n</annotation>
			<annotation anchor="power">bn:00035773n</annotation>
			</annotations>
		</seg>
		<seg id="b.REV.13.6" type="verse">
		<text>And he opened his mouth in blasphemy against God , to blaspheme his name , and his tabernacle , and them that dwell in heaven .</text>
			<annotations>
			<annotation anchor="mouth">bn:00056135n</annotation>
			<annotation anchor="tabernacle">bn:00075808n</annotation>
			<annotation anchor="name">bn:00056758n</annotation>
			<annotation anchor="opened">bn:00091169v</annotation>
			<annotation anchor="dwell">bn:00087441v</annotation>
			<annotation anchor="blasphemy">bn:00011133n</annotation>
			<annotation anchor="God">bn:00040878n</annotation>
			<annotation anchor="heaven">bn:00043462n</annotation>
			<annotation anchor="blaspheme">bn:00083560v</annotation>
			</annotations>
		</seg>
		<seg id="b.REV.13.7" type="verse">
		<text>And it was given unto him to make war with the saints , and to overcome them : and power was given him over all kindreds , and tongues , and nations .</text>
			<annotations>
			<annotation anchor="given">bn:00082442v</annotation>
			<annotation anchor="kindreds">bn:00019429n</annotation>
			<annotation anchor="tongues">bn:00077565n</annotation>
			<annotation anchor="saints">bn:00068856n</annotation>
			<annotation anchor="overcome">bn:00086448v</annotation>
			<annotation anchor="war">bn:00080439n</annotation>
			<annotation anchor="power">bn:00035773n</annotation>
			<annotation anchor="nations">bn:00023236n</annotation>
			</annotations>
		</seg>
		<seg id="b.REV.13.8" type="verse">
		<text>And all that dwell upon the earth shall worship him, whose names are not written in the book_of_life of the Lamb slain from the foundation of the world .</text>
			<annotations>
			<annotation anchor="book_of_life">bn:02865982n</annotation>
			<annotation anchor="world">bn:00063584n</annotation>
			<annotation anchor="earth">bn:00029424n</annotation>
			<annotation anchor="dwell">bn:00087441v</annotation>
			<annotation anchor="slain">bn:00025582n/bn:00110721a</annotation>
			<annotation anchor="worship">bn:00089322v</annotation>
			<annotation anchor="Lamb">bn:00002060n</annotation>
			</annotations>
		</seg>
		<seg id="b.REV.13.9" type="verse">
		<text>If any man have an ear , let him hear .</text>
			<annotations>
			<annotation anchor="ear">bn:00029372n</annotation>
			<annotation anchor="man">bn:00053097n</annotation>
			<annotation anchor="hear">bn:00089277v</annotation>
			</annotations>
		</seg>
		<seg id="b.REV.13.10" type="verse">
		<text>He that leadeth into captivity shall go into captivity : he that killeth with the sword must be killed with the sword . Here is the patience and the faith of the saints .</text>
			<annotations>
			<annotation anchor="sword">bn:00011081n</annotation>
			<annotation anchor="saints">bn:00068856n</annotation>
			<annotation anchor="patience">bn:00035762n</annotation>
			<annotation anchor="faith">bn:00032768n/bn:00032769n</annotation>
			<annotation anchor="captivity">bn:00015771n</annotation>
			<annotation anchor="killed">bn:00090098v</annotation>
			</annotations>
		</seg>
		<seg id="b.REV.13.11" type="verse">
		<text>And I beheld another beast coming_up out of the earth ; and he had two horns like a lamb , and he spake as a dragon .</text>
			<annotations>
			<annotation anchor="coming_up">bn:00085319v/bn:00085391v</annotation>
			<annotation anchor="beheld">bn:00086708v/bn:00083356v/bn:00093430v</annotation>
			<annotation anchor="spake">bn:00090943v</annotation>
			<annotation anchor="earth">bn:00029424n</annotation>
			<annotation anchor="lamb">bn:00070967n</annotation>
			<annotation anchor="beast">bn:00004222n</annotation>
			<annotation anchor="dragon">bn:00028582n</annotation>
			<annotation anchor="horns">bn:00044778n</annotation>
			</annotations>
		</seg>
		<seg id="b.REV.13.12" type="verse">
		<text>And he exerciseth all the power of the first beast before him , and causeth the earth and them which dwell therein to worship the first beast , whose deadly wound was healed .</text>
			<annotations>
			<annotation anchor="deadly">bn:00114938r</annotation>
			<annotation anchor="wound">bn:00050776n</annotation>
			<annotation anchor="healed">bn:00089272v/bn:00089271v</annotation>
			<annotation anchor="earth">bn:00029424n</annotation>
			<annotation anchor="dwell">bn:00087441v</annotation>
			<annotation anchor="power">bn:00035773n</annotation>
			<annotation anchor="beast">bn:00004222n</annotation>
			<annotation anchor="worship">bn:00089322v</annotation>
			</annotations>
		</seg>
		<seg id="b.REV.13.13" type="verse">
		<text>And he doeth great wonders , so that he maketh fire come_down from heaven on the earth in the sight of men ,</text>
			<annotations>
			<annotation anchor="wonders">bn:00001454n</annotation>
			<annotation anchor="earth">bn:00029424n</annotation>
			<annotation anchor="men">bn:00053097n</annotation>
			<annotation anchor="fire">bn:00034625n</annotation>
			<annotation anchor="come_down">bn:00085357v</annotation>
			<annotation anchor="heaven">bn:00043462n</annotation>
			</annotations>
		</seg>
		<seg id="b.REV.13.14" type="verse">
		<text>And deceiveth them that dwell on the earth by the means of those miracles which he had power to do in the sight of the beast ; saying to them that dwell on the earth , that they should make an image to the beast , which had the wound by a sword , and did live .</text>
			<annotations>
			<annotation anchor="image">bn:00045772n</annotation>
			<annotation anchor="sword">bn:00011081n</annotation>
			<annotation anchor="wound">bn:00050776n</annotation>
			<annotation anchor="earth">bn:00029424n</annotation>
			<annotation anchor="dwell">bn:00087441v</annotation>
			<annotation anchor="power">bn:00035773n</annotation>
			<annotation anchor="beast">bn:00004222n</annotation>
			<annotation anchor="saying">bn:00093287v</annotation>
			<annotation anchor="miracles">bn:00055251n</annotation>
			<annotation anchor="live">bn:00087617v</annotation>
			</annotations>
		</seg>
		<seg id="b.REV.13.15" type="verse">
		<text>And he had power to give life unto the image of the beast , that the image of the beast should both speak , and cause that as many as would not worship the image of the beast should be killed .</text>
			<annotations>
			<annotation anchor="give">bn:00082442v</annotation>
			<annotation anchor="speak">bn:00082333v</annotation>
			<annotation anchor="power">bn:00035773n</annotation>
			<annotation anchor="beast">bn:00004222n</annotation>
			<annotation anchor="worship">bn:00089322v</annotation>
			<annotation anchor="killed">bn:00090098v</annotation>
			<annotation anchor="life">bn:00002761n</annotation>
			</annotations>
		</seg>
		<seg id="b.REV.13.16" type="verse">
		<text>And he causeth all, both small and great, rich and poor, free and bond, to receive a mark in their right_hand , or in their foreheads :</text>
			<annotations>
			<annotation anchor="right_hand">bn:00067811n/bn:00042759n</annotation>
			<annotation anchor="foreheads">bn:00013389n</annotation>
			</annotations>
		</seg>
		<seg id="b.REV.13.17" type="verse">
		<text>And that no man might buy 00084333v or sell , save he that had the mark , or the name of the beast , or the number of his name.</text>
			<annotations>
			<annotation anchor="buy">bn:00084331v/bn:</annotation>
			<annotation anchor="sell">bn:00086333v/bn:00093472v</annotation>
			<annotation anchor="man">bn:00053097n/bn:00044576n</annotation>
			<annotation anchor="beast">bn:00004222n</annotation>
			<annotation anchor="mark">bn:00053444n/bn:00012762n</annotation>
			</annotations>
		</seg>
		<seg id="b.REV.13.18" type="verse">
		<text>Here is wisdom . Let him that hath understanding count the number of the beast : for it is the number of a man ; and his number is Six_hundred_threescore_and_six .</text>
			<annotations>
			<annotation anchor="Six_hundred_threescore_and_six">bn:15479685n</annotation>
			<annotation anchor="beast">bn:00004222n</annotation>
			<annotation anchor="man">bn:00045153n/bn:00053097n</annotation>
			<annotation anchor="wisdom">bn:00081406n</annotation>
			</annotations>
		</seg>
	</div>
</div>
</dataset>
