<?xml version="1.0" encoding="utf-8"?>
<dataset language="ES" id="Bible">
<div id="b.GEN" type="book">
	<div id="b.GEN.8" type="chapter">
		<seg id="b.GEN.8.1" type="verse">
		<text>Dios se acordó de Noé y de todos los animales y todo el ganado que estaban con él en el arca, e hizo soplar un viento sobre la tierra y las aguas disminuyeron</text>
			<annotations>
			<annotation anchor="animales">bn:00004222n</annotation>
			<annotation anchor="viento">bn:00002216n</annotation>
			<annotation anchor="ganado">bn:00033678n</annotation>
			<annotation anchor="aguas">bn:00042379n</annotation>
			<annotation anchor="soplar">bn:00083195v</annotation>
			<annotation anchor="tierra">bn:00027386n,</annotation>
			<annotation anchor="Dios">bn:00221254n</annotation>
			<annotation anchor="No&#233;">bn:00057827n</annotation>
			<annotation anchor="disminuyeron">bn:00086417v</annotation>
			</annotations>
		</seg>
		<seg id="b.GEN.8.2" type="verse">
		<text>Fueron cerradas las fuentes del océano y las ventanas de los cielos y se detuvo la lluvia de los cielos</text>
			<annotations>
			<annotation anchor="cerradas">bn:00087608v</annotation>
			<annotation anchor="ventanas">bn:00081285n</annotation>
			<annotation anchor="detuvo">bn:00089154v</annotation>
			<annotation anchor="oc&#233;ano">bn:00058574n</annotation>
			<annotation anchor="cielos">bn:00072016n,/bn:00072016n</annotation>
			<annotation anchor="lluvia">bn:00066032n</annotation>
			<annotation anchor="fuentes">bn:00036077n</annotation>
			</annotations>
		</seg>
		<seg id="b.GEN.8.3" type="verse">
		<text>Las aguas decrecían gradualmente sobre la tierra y después de 150 días las aguas habían menguado</text>
			<annotations>
			<annotation anchor="gradualmente">bn:00114568r</annotation>
			<annotation anchor="menguado">bn:00087445v</annotation>
			<annotation anchor="aguas">bn:00042379n</annotation>
			<annotation anchor="tierra">bn:00027386n,</annotation>
			<annotation anchor="d&#237;as">bn:00000086n</annotation>
			<annotation anchor="decrec&#237;an">bn:00086418v</annotation>
			</annotations>
		</seg>
		<seg id="b.GEN.8.4" type="verse">
		<text>El día 17 del mes séptimo se asentó el arca sobre los montes de Ararat</text>
			<annotations>
			<annotation anchor="17">bn:00000034n</annotation>
			<annotation anchor="montes">bn:00056068n</annotation>
			<annotation anchor="s&#233;ptimo">bn:00096074a</annotation>
			<annotation anchor="d&#237;a">bn:00000086n</annotation>
			<annotation anchor="mes">bn:00014710n</annotation>
			<annotation anchor="Ararat">bn:00005319n</annotation>
			</annotations>
		</seg>
		<seg id="b.GEN.8.5" type="verse">
		<text>y las aguas siguieron decreciendo hasta el mes décimo El primer día del mes décimo se hicieron visibles las cumbres de las montañas</text>
			<annotations>
			<annotation anchor="monta&#241;as">bn:00056068n</annotation>
			<annotation anchor="primer"></annotation>
			<annotation anchor="aguas">bn:00042379n</annotation>
			<annotation anchor="decreciendo">bn:00086418v</annotation>
			<annotation anchor="cumbres">bn:00056099n</annotation>
			<annotation anchor="d&#237;a">bn:00000086n</annotation>
			<annotation anchor="mes">bn:00014710n</annotation>
			<annotation anchor="d&#233;cimo">bn:00095898a./bn:00095898a</annotation>
			</annotations>
		</seg>
		<seg id="b.GEN.8.6" type="verse">
		<text>Y sucedió que cuarenta días después Noé abrió la ventana del arca que había hecho</text>
			<annotations>
			<annotation anchor="ventana">bn:00081285n</annotation>
			<annotation anchor="No&#233;">bn:00057827n</annotation>
			<annotation anchor="d&#237;as">bn:00000086n</annotation>
			<annotation anchor="abri&#243;">bn:00091169v</annotation>
			</annotations>
		</seg>
		<seg id="b.GEN.8.7" type="verse">
		<text>y envió un cuervo que iba y venía hasta que las aguas se secaron sobre la tierra</text>
			<annotations>
			<annotation anchor="aguas">bn:00042379n</annotation>
			<annotation anchor="secaron">bn:00087401v</annotation>
			<annotation anchor="cuervo">bn:00022930n</annotation>
			<annotation anchor="tierra">bn:00027386n</annotation>
			</annotations>
		</seg>
		<seg id="b.GEN.8.8" type="verse">
		<text>También envió una paloma para ver si las aguas habían disminuido sobre la superficie de la tierra</text>
			<annotations>
			<annotation anchor="paloma">bn:00062350n</annotation>
			<annotation anchor="disminuido">bn:00086417v</annotation>
			<annotation anchor="superficie">bn:00029430n</annotation>
			<annotation anchor="aguas">bn:00042379n</annotation>
			<annotation anchor="tierra">bn:00027386n</annotation>
			</annotations>
		</seg>
		<seg id="b.GEN.8.9" type="verse">
		<text>La paloma no halló donde asentar la planta de su pie y volvió a él, al arca, porque las aguas todavía cubrían la superficie de toda la tierra Entonces él extendió su mano la tomó y la hizo entrar consigo en el arca</text>
			<annotations>
			<annotation anchor="paloma">bn:00062350n</annotation>
			<annotation anchor="extendi&#243;">bn:00087535v</annotation>
			<annotation anchor="superficie">bn:00029430n</annotation>
			<annotation anchor="aguas">bn:00042379n</annotation>
			<annotation anchor="mano">bn:00042759n,</annotation>
			<annotation anchor="planta">bn:15908786n</annotation>
			<annotation anchor="tierra">bn:00027386n.</annotation>
			<annotation anchor="pie">bn:00035679n</annotation>
			</annotations>
		</seg>
		<seg id="b.GEN.8.10" type="verse">
		<text>Esperó aún otros siete días y volvió a enviar la paloma fuera del arca</text>
			<annotations>
			<annotation anchor="paloma">bn:00062350n</annotation>
			<annotation anchor="siete">bn:00000129n</annotation>
			<annotation anchor="d&#237;as">bn:00000086n</annotation>
			</annotations>
		</seg>
		<seg id="b.GEN.8.11" type="verse">
		<text>La paloma volvió a él al atardecer y he aquí que traía una hoja verde de olivo en el pico Así entendió Noé que las aguas habían disminuido sobre la tierra</text>
			<annotations>
			<annotation anchor="paloma">bn:00062350n</annotation>
			<annotation anchor="atardecer">bn:00075204n,</annotation>
			<annotation anchor="pico">bn:00009304n.</annotation>
			<annotation anchor="disminuido">bn:00086417v</annotation>
			<annotation anchor="aguas">bn:00042379n</annotation>
			<annotation anchor="tierra">bn:00027386n</annotation>
			<annotation anchor="No&#233;">bn:00057827n</annotation>
			<annotation anchor="verde">bn:00041648n</annotation>
			<annotation anchor="olivo">bn:00031923n/bn:00058899n</annotation>
			<annotation anchor="hoja">bn:00035596n</annotation>
			</annotations>
		</seg>
		<seg id="b.GEN.8.12" type="verse">
		<text>Esperó aún otros siete días y envió la paloma la cual no volvió más a él</text>
			<annotations>
			<annotation anchor="paloma">bn:00062350n,</annotation>
			<annotation anchor="siete">bn:00000129n</annotation>
			<annotation anchor="d&#237;as">bn:00000086n</annotation>
			</annotations>
		</seg>
		<seg id="b.GEN.8.13" type="verse">
		<text>Y sucedió que el primer día del mes primero del año 601 de Noé se secaron las aguas sobre la tierra Noé quitó la cubierta del arca y miró, y he aquí que la superficie de la tierra estaba seca</text>
			<annotations>
			<annotation anchor="primero">bn:00103006a</annotation>
			<annotation anchor="superficie">bn:00029430n</annotation>
			<annotation anchor="seca">bn:00101839a</annotation>
			<annotation anchor="aguas">bn:00042379n</annotation>
			<annotation anchor="secaron">bn:00087401v</annotation>
			<annotation anchor="tierra">bn:00027386n./bn:00027386n</annotation>
			<annotation anchor="d&#237;a">bn:00000086n</annotation>
			<annotation anchor="No&#233;">bn:00057827n</annotation>
			<annotation anchor="mes">bn:00014710n</annotation>
			<annotation anchor="a&#241;o">bn:00078738n</annotation>
			</annotations>
		</seg>
		<seg id="b.GEN.8.14" type="verse">
		<text>El día 27 del mes segundo quedó seca la tierra</text>
			<annotations>
			<annotation anchor="segundo">bn:00095974a</annotation>
			<annotation anchor="seca">bn:00101839a</annotation>
			<annotation anchor="tierra">bn:00027386n</annotation>
			<annotation anchor="d&#237;a"></annotation>
			<annotation anchor="mes">bn:00014710n</annotation>
			</annotations>
		</seg>
		<seg id="b.GEN.8.15" type="verse">
		<text>Entonces dijo Dios a Noé</text>
			<annotations>
			<annotation anchor="dijo">bn:00090943v/bn:00093287v</annotation>
			<annotation anchor="Dios">bn:00221254n</annotation>
			<annotation anchor="No&#233;">bn:00057827n</annotation>
			</annotations>
		</seg>
		<seg id="b.GEN.8.16" type="verse">
		<text>"Sal del arca tú, tu mujer tus hijos y las mujeres de tus hijos contigo</text>
			<annotations>
			<annotation anchor="hijos">bn:00051877n</annotation>
			<annotation anchor="mujer">bn:00053531n,</annotation>
			<annotation anchor="&quot;Sal">bn:00087845v</annotation>
			<annotation anchor="mujeres">bn:00053531n</annotation>
			</annotations>
		</seg>
		<seg id="b.GEN.8.17" type="verse">
		<text>Saca todos los animales de toda clase que están contigo: las aves el ganado y los reptiles que se desplazan sobre la tierra Que se esparzan por la tierra que sean fecundos y que se multipliquen sobre la tierra</text>
			<annotations>
			<annotation anchor="animales">bn:00004222n</annotation>
			<annotation anchor="ganado">bn:00033678n</annotation>
			<annotation anchor="multipliquen">bn:00090978v</annotation>
			<annotation anchor="reptiles">bn:00067220n</annotation>
			<annotation anchor="tierra">bn:00027386n./bn:00027386n,</annotation>
			<annotation anchor="Saca">bn:00092783v</annotation>
			<annotation anchor="aves">bn:00010605n,</annotation>
			</annotations>
		</seg>
		<seg id="b.GEN.8.18" type="verse">
		<text>Entonces salieron del arca Noé sus hijos su mujer y las mujeres de sus hijos con él</text>
			<annotations>
			<annotation anchor="salieron">bn:00087845v</annotation>
			<annotation anchor="hijos">bn:00051877n/bn:00051877n,</annotation>
			<annotation anchor="No&#233;">bn:00057827n,</annotation>
			<annotation anchor="mujer">bn:00053531n</annotation>
			<annotation anchor="mujeres">bn:00053531n</annotation>
			</annotations>
		</seg>
		<seg id="b.GEN.8.19" type="verse">
		<text>y todos los animales todos los reptiles todas las aves y todo lo que se desplaza sobre la tierra según sus familias</text>
			<annotations>
			<annotation anchor="animales">bn:00004222n,</annotation>
			<annotation anchor="reptiles">bn:00067220n,</annotation>
			<annotation anchor="tierra">bn:00027386n,</annotation>
			<annotation anchor="familias">bn:00032896n</annotation>
			<annotation anchor="aves">bn:00010605n</annotation>
			</annotations>
		</seg>
		<seg id="b.GEN.8.20" type="verse">
		<text>Entonces edificó Noé un altar a Jehovah y tomando de todo cuadrúpedo limpio y de toda ave limpia, ofreció holocaustos sobre el altar</text>
			<annotations>
			<annotation anchor="ave">bn:00010605n</annotation>
			<annotation anchor="altar">bn:00003117n</annotation>
			<annotation anchor="cuadr&#250;pedo">bn:00065518n</annotation>
			<annotation anchor="holocaustos">bn:01203946n</annotation>
			<annotation anchor="No&#233;">bn:00057827n</annotation>
			<annotation anchor="Jehovah">bn:00047890n,</annotation>
			</annotations>
		</seg>
		<seg id="b.GEN.8.21" type="verse">
		<text>Jehovah percibió el grato olor y dijo Jehovah en su corazón "No volveré jamás a maldecir la tierra por causa del hombre porque el instinto del corazón del hombre es malo desde su juventud Tampoco volveré a destruir todo ser viviente como he hecho</text>
			<annotations>
			<annotation anchor="ser">bn:00009676n</annotation>
			<annotation anchor="malo">bn:00104343a</annotation>
			<annotation anchor="dijo">bn:00090943v/bn:00093287v</annotation>
			<annotation anchor="hombre">bn:00045153n/bn:00045153n,</annotation>
			<annotation anchor="jam&#225;s">bn:00116326r</annotation>
			<annotation anchor="maldecir">bn:00082602v</annotation>
			<annotation anchor="viviente">bn:00106091a,</annotation>
			<annotation anchor="destruir">bn:00086698v</annotation>
			<annotation anchor="Jehovah">bn:00047890n</annotation>
			<annotation anchor="grato">bn:00108680a</annotation>
			<annotation anchor="olor">bn:00058653n,</annotation>
			<annotation anchor="tierra">bn:00027386n</annotation>
			<annotation anchor="juventud">bn:00073643n.</annotation>
			<annotation anchor="instinto">bn:00046765n</annotation>
			<annotation anchor="coraz&#243;n">bn:00043383n/bn:00043383n:</annotation>
			</annotations>
		</seg>
	</div>
</div>
<div id="b.REV" type="book">
	<div id="b.REV.13" type="chapter">
		<seg id="b.REV.13.1" type="verse">
		<text>Y vi que subía del mar una bestia que tenía diez cuernos y siete cabezas Sobre sus cuernos tenía diez diademas y sobre sus cabezas había un nombre de blasfemia</text>
			<annotations>
			<annotation anchor="blasfemia">bn:00011133n</annotation>
			<annotation anchor="vi">bn:00090448v/bn:00086933v</annotation>
			<annotation anchor="ten&#237;a">bn:00088078v</annotation>
			<annotation anchor="diez">bn:00000008n</annotation>
			<annotation anchor="siete">bn:00000129n</annotation>
			<annotation anchor="cuernos">bn:00044775n</annotation>
			<annotation anchor="cabezas">bn:00015784n/bn:00015784n.</annotation>
			<annotation anchor="diademas">bn:00024072n,</annotation>
			<annotation anchor="bestia">bn:15434180n/bn:00004222n</annotation>
			<annotation anchor="nombre">bn:00056758n</annotation>
			<annotation anchor="sub&#237;a">bn:00085120v/bn:00082761v</annotation>
			<annotation anchor="mar">bn:00069946n</annotation>
			</annotations>
		</seg>
		<seg id="b.REV.13.2" type="verse">
		<text>La bestia que vi era semejante a un leopardo sus pies eran como de oso y su boca como la boca de león Y el dragón le dio su poder y su trono y grande autoridad</text>
			<annotations>
			<annotation anchor="leopardo">bn:00050713n;</annotation>
			<annotation anchor="vi">bn:00090448v/bn:00086933v</annotation>
			<annotation anchor="pies">bn:00035679n</annotation>
			<annotation anchor="boca">bn:00056135n</annotation>
			<annotation anchor="le&#243;n">bn:00049156n.</annotation>
			<annotation anchor="drag&#243;n">bn:00028582n</annotation>
			<annotation anchor="oso">bn:00009342n,</annotation>
			<annotation anchor="trono">bn:00077087n</annotation>
			<annotation anchor="dio">bn:00082442v/bn:00088814v</annotation>
			<annotation anchor="bestia">bn:15434180n/bn:00004222n</annotation>
			<annotation anchor="poder">bn:00058685n/bn:00035773n/bn:00064915n</annotation>
			<annotation anchor="autoridad">bn:00007293n</annotation>
			</annotations>
		</seg>
		<seg id="b.REV.13.3" type="verse">
		<text>Vi una de sus cabezas como herida de muerte pero su herida mortal se había sanado Y toda la tierra se maravilló en pos de la bestia</text>
			<annotations>
			<annotation anchor="Vi">bn:00090448v/bn:00086933v</annotation>
			<annotation anchor="muerte">bn:00025582n,</annotation>
			<annotation anchor="cabezas">bn:00015784n</annotation>
			<annotation anchor="tierra">bn:00029424n</annotation>
			<annotation anchor="sanado">bn:00084071v.</annotation>
			<annotation anchor="maravill&#243;">bn:00082566v</annotation>
			<annotation anchor="bestia">bn:15434180n/bn:00004222n</annotation>
			<annotation anchor="herida">bn:00050776n/bn:00081668n/bn:00043011n</annotation>
			</annotations>
		</seg>
		<seg id="b.REV.13.4" type="verse">
		<text>y adoraron al dragón porque le había dado autoridad a la bestia y adoraron a la bestia diciendo "¿Quién es semejante a la bestia y quién puede combatir contra ella?</text>
			<annotations>
			<annotation anchor="diciendo">:bn:00090943v/bn:00082800v</annotation>
			<annotation anchor="dado">bn:00082442v/bn:00088814v</annotation>
			<annotation anchor="combatir">bn:00083173v</annotation>
			<annotation anchor="drag&#243;n">bn:00028582n</annotation>
			<annotation anchor="adoraron">bn:00089322v</annotation>
			<annotation anchor="bestia">bn:15434180n/bn:15434180n,</annotation>
			<annotation anchor="autoridad">bn:00007293n</annotation>
			</annotations>
		</seg>
		<seg id="b.REV.13.5" type="verse">
		<text>Y a la bestia le fue dada una boca que hablara insolencias y blasfemias y le fue dada autoridad para actuar por cuarenta_y_dos meses</text>
			<annotations>
			<annotation anchor="blasfemias">bn:00011133n,</annotation>
			<annotation anchor="dada">bn:00082442v/bn:00088815v/bn:00088814v</annotation>
			<annotation anchor="boca">bn:00056135n</annotation>
			<annotation anchor="meses">bn:00055794n/bn:00014710n</annotation>
			<annotation anchor="hablara">:bn:00090943v/bn:00094090v/bn:00082800v</annotation>
			<annotation anchor="cuarenta_y_dos">bn:01184002n</annotation>
			<annotation anchor="actuar">bn:00093509v</annotation>
			<annotation anchor="bestia">bn:15434180n</annotation>
			<annotation anchor="autoridad">bn:00007293n</annotation>
			<annotation anchor="insolencias">bn:00007756n</annotation>
			</annotations>
		</seg>
		<seg id="b.REV.13.6" type="verse">
		<text>Y abrió su boca en blasfemias contra Dios para blasfemar contra su nombre y contra su tabernáculo es decir contra los que tienen morada en el cielo</text>
			<annotations>
			<annotation anchor="tabern&#225;culo">bn:00075808n,</annotation>
			<annotation anchor="blasfemias">bn:00011133n</annotation>
			<annotation anchor="boca">bn:00056135n</annotation>
			<annotation anchor="cielo">bn:00029734n</annotation>
			<annotation anchor="Dios">bn:00221254n,</annotation>
			<annotation anchor="blasfemar">bn:00083561v</annotation>
			<annotation anchor="decir">:bn:00090943v/bn:00093287v,</annotation>
			<annotation anchor="nombre">bn:00056758n</annotation>
			<annotation anchor="abri&#243;">bn:00091165v</annotation>
			<annotation anchor="morada">bn:00000356n</annotation>
			</annotations>
		</seg>
		<seg id="b.REV.13.7" type="verse">
		<text>Y le fue permitido hacer guerra contra los santos y vencerlos También le fue dado poder sobre toda raza y pueblo y lengua y nación</text>
			<annotations>
			<annotation anchor="lengua">bn:00049910n</annotation>
			<annotation anchor="permitido">bn:00082537v</annotation>
			<annotation anchor="raza">bn:00012986n/bn:00065800n</annotation>
			<annotation anchor="dado">bn:00082442v/bn:00088814v</annotation>
			<annotation anchor="guerra">bn:00080439n</annotation>
			<annotation anchor="pueblo">bn:00061450n</annotation>
			<annotation anchor="vencerlos">bn:00088782v./bn:00086448v/bn:00091320v</annotation>
			<annotation anchor="poder">bn:00058685n/bn:00035773n/bn:00064915n</annotation>
			<annotation anchor="naci&#243;n">bn:00023236n</annotation>
			<annotation anchor="santos">bn:00068856n</annotation>
			</annotations>
		</seg>
		<seg id="b.REV.13.8" type="verse">
		<text>Y le adorarán todos los habitantes sobre la tierra cuyos nombres no están inscritos en el libro_de_la_vida del Cordero quien fue inmolado desde la fundación del mundo</text>
			<annotations>
			<annotation anchor="inmolado">bn:00089606v</annotation>
			<annotation anchor="habitantes">bn:14483122n/bn:00026239n</annotation>
			<annotation anchor="Cordero">bn:00002060n,</annotation>
			<annotation anchor="mundo">bn:00022991n</annotation>
			<annotation anchor="tierra">bn:00029424n,</annotation>
			<annotation anchor="fundaci&#243;n">bn:00059480n</annotation>
			<annotation anchor="adorar&#225;n">bn:00089322v</annotation>
			<annotation anchor="inscritos">bn:00089766v</annotation>
			<annotation anchor="libro_de_la_vida">bn:02865982n</annotation>
			<annotation anchor="nombres">bn:00056758n</annotation>
			</annotations>
		</seg>
		<seg id="b.REV.13.9" type="verse">
		<text>Si alguno tiene oído oiga</text>
			<annotations>
			<annotation anchor="oiga">bn:00089280v</annotation>
			<annotation anchor="tiene">bn:00088078v</annotation>
			<annotation anchor="o&#237;do">bn:00007120n,</annotation>
			</annotations>
		</seg>
		<seg id="b.REV.13.10" type="verse">
		<text>Si alguien lleva en cautividad es llevado en cautividad si alguien mata a espada tiene que ser muerto a espada ¡Aquí está la perseverancia y la fe de los santos</text>
			<annotations>
			<annotation anchor="mata">bn:00084236v</annotation>
			<annotation anchor="cautividad">bn:00015771n,/bn:00015771n;</annotation>
			<annotation anchor="perseverancia">bn:00028079n</annotation>
			<annotation anchor="espada">bn:00011081n,/bn:00011081n.</annotation>
			<annotation anchor="fe">bn:00032768n</annotation>
			<annotation anchor="santos">bn:00068856n</annotation>
			</annotations>
		</seg>
		<seg id="b.REV.13.11" type="verse">
		<text>Y vi otra bestia que subía de la tierra Y tenía dos cuernos semejantes a los de un cordero y hablaba como un dragón</text>
			<annotations>
			<annotation anchor="vi">bn:00090448v/bn:00086933v</annotation>
			<annotation anchor="ten&#237;a">bn:00088078v</annotation>
			<annotation anchor="cuernos">bn:00044775n</annotation>
			<annotation anchor="drag&#243;n">bn:00028582n</annotation>
			<annotation anchor="tierra">bn:00027386n.</annotation>
			<annotation anchor="hablaba">:bn:00090943v/bn:00094090v</annotation>
			<annotation anchor="bestia">bn:15434180n</annotation>
			<annotation anchor="cordero">bn:00049758n,</annotation>
			<annotation anchor="sub&#237;a">bn:00085120v/bn:00082761v</annotation>
			</annotations>
		</seg>
		<seg id="b.REV.13.12" type="verse">
		<text>Y ejerce toda la autoridad de la primera bestia en presencia de ella, y hace que la tierra y sus habitantes adoren a la primera bestia cuya herida mortal fue sanada</text>
			<annotations>
			<annotation anchor="habitantes">bn:14483122n/bn:00026239n</annotation>
			<annotation anchor="adoren">bn:00089322v</annotation>
			<annotation anchor="tierra">bn:00029424n</annotation>
			<annotation anchor="sanada">bn:00084071v</annotation>
			<annotation anchor="ejerce">bn:00093509v/bn:00083228v</annotation>
			<annotation anchor="bestia">bn:15434180n</annotation>
			<annotation anchor="autoridad">bn:00007293n</annotation>
			<annotation anchor="herida">bn:00050776n/bn:00081668n/bn:00043011n</annotation>
			<annotation anchor="presencia">bn:00036630n</annotation>
			</annotations>
		</seg>
		<seg id="b.REV.13.13" type="verse">
		<text>Y hace grandes señales de tal manera que aun hace descender fuego del cielo a la tierra delante de los hombres</text>
			<annotations>
			<annotation anchor="manera">bn:00033729n</annotation>
			<annotation anchor="hombres">bn:00045153n</annotation>
			<annotation anchor="descender">bn:00085356v</annotation>
			<annotation anchor="cielo">bn:00029734n</annotation>
			<annotation anchor="tierra">bn:00029424n</annotation>
			<annotation anchor="fuego">bn:00034625n</annotation>
			<annotation anchor="se&#241;ales">bn:00071538n,</annotation>
			</annotations>
		</seg>
		<seg id="b.REV.13.14" type="verse">
		<text>Y engaña a los habitantes de la tierra a causa de las señales que se le concedió hacer en presencia de la bestia mandándoles a los habitantes de la tierra hacer una imagen en honor de la bestia que tiene la herida de espada y que revivió</text>
			<annotations>
			<annotation anchor="habitantes">bn:14483122n/bn:00026239n</annotation>
			<annotation anchor="enga&#241;a">bn:00085931v</annotation>
			<annotation anchor="honor">bn:00044654n</annotation>
			<annotation anchor="imagen">bn:00045772n</annotation>
			<annotation anchor="revivi&#243;">bn:00085385v</annotation>
			<annotation anchor="mand&#225;ndoles">bn:00087644v</annotation>
			<annotation anchor="herida">bn:00050776n/bn:00081668n/bn:00043011n</annotation>
			<annotation anchor="presencia">bn:00036630n</annotation>
			<annotation anchor="se&#241;ales">bn:00071538n</annotation>
			<annotation anchor="tiene">bn:00088078v</annotation>
			<annotation anchor="concedi&#243;">bn:00082538v</annotation>
			<annotation anchor="tierra">bn:00029424n</annotation>
			<annotation anchor="bestia">bn:15434180n/bn:15434180n,</annotation>
			<annotation anchor="espada">bn:00011081n</annotation>
			</annotations>
		</seg>
		<seg id="b.REV.13.15" type="verse">
		<text>También le fue permitido dar aliento a la imagen de la bestia para que la imagen de la bestia hablase e hiciera que fueran muertos todos los que no adoraran a la imagen de la bestia</text>
			<annotations>
			<annotation anchor="permitido">bn:00082537v</annotation>
			<annotation anchor="hablase">:bn:00090943v/bn:00094090v</annotation>
			<annotation anchor="imagen">bn:00045772n</annotation>
			<annotation anchor="adoraran">bn:00089322v</annotation>
			<annotation anchor="bestia">bn:15434180n/bn:15434180n,</annotation>
			<annotation anchor="aliento">bn:00030704n</annotation>
			</annotations>
		</seg>
		<seg id="b.REV.13.16" type="verse">
		<text>Y ella hace que a todos, a pequeños y a grandes, a ricos y a pobres, a libres y a esclavos, se les ponga una marca en la mano_derecha o en la frente</text>
			<annotations>
			<annotation anchor="marca">bn:00056758n</annotation>
			<annotation anchor="frente">bn:00013389n</annotation>
			<annotation anchor="ponga">bn:00088054v</annotation>
			<annotation anchor="mano_derecha">bn:00042759n</annotation>
			</annotations>
		</seg>
		<seg id="b.REV.13.17" type="verse">
		<text>y que nadie pueda comprar ni vender sino el que tenga la marca es decir el nombre de la bestia o el número de su nombre</text>
			<annotations>
			<annotation anchor="marca">bn:00056758n,</annotation>
			<annotation anchor="comprar">bn:00084331v</annotation>
			<annotation anchor="tenga">bn:00088078v</annotation>
			<annotation anchor="n&#250;mero">bn:00058285n</annotation>
			<annotation anchor="decir">:bn:00090943v/bn:00093287v,</annotation>
			<annotation anchor="vender">bn:00093472v,</annotation>
			<annotation anchor="bestia">bn:15434180n</annotation>
			<annotation anchor="nombre">bn:00056758n</annotation>
			</annotations>
		</seg>
		<seg id="b.REV.13.18" type="verse">
		<text>Aquí hay sabiduría El que tiene entendimiento calcule el número de la bestia porque es número de un hombre y su número es 666</text>
			<annotations>
			<annotation anchor="tiene">bn:00088078v</annotation>
			<annotation anchor="calcule">bn:00084373v</annotation>
			<annotation anchor="666">bn:03228545n</annotation>
			<annotation anchor="sabidur&#237;a">bn:00069220n/bn:00046783n:/bn:00081406n</annotation>
			<annotation anchor="hombre">bn:00045153n;</annotation>
			<annotation anchor="n&#250;mero">bn:00058285n</annotation>
			<annotation anchor="bestia">bn:15434180n,</annotation>
			<annotation anchor="entendimiento">bn:17168157n/bn:00047020n/bn:00047021n</annotation>
			</annotations>
		</seg>
	</div>
</div>
</dataset>
