<?xml version="1.0" encoding="utf-8"?>
<dataset language="EN" title="1PE">
<paragraph id="p.1">
	<text>
		Peter , an apostle of Jesus Christ , to the strangers scattered throughout Pontus , Galatia , Cappadocia , Asia , and Bithynia ,
		Elect according to the foreknowledge of God the Father , through sanctification of the Spirit , unto obedience and sprinkling of the blood of Jesus Christ : Grace unto you , and peace , be multiplied .
		Blessed be the God and Father of our Lord Jesus Christ , which according to his abundant mercy hath begotten us again unto a lively hope by the resurrection of Jesus Christ from the dead ,
		To an inheritance incorruptible , and undefiled , and that fadeth not away , reserved in heaven for you ,
		Who are kept by the power of God through faith unto salvation ready to be revealed in the last time .
		Wherein ye greatly rejoice , though now for a season , if need be , ye are in heaviness through manifold temptations :
		That the trial of your faith , being much more precious than of gold that perisheth , though it be tried with fire , might be found unto praise and honour and glory at the appearing of Jesus Christ :
		Whom having not seen , ye love ; in whom , though now ye see him not , yet believing , ye rejoice with joy unspeakable and full of glory :
		Receiving the end of your faith , even the salvation of your souls .
		Of which salvation the prophets have inquired and searched diligently , who prophesied of the grace that should come unto you :
		Searching what , or what manner of time the Spirit of Christ which was in them did signify , when it testified beforehand the sufferings of Christ , and the glory that should follow .
		Unto whom it was revealed , that not unto themselves , but unto us they did minister the things , which are now reported unto you by them that have preached the gospel unto you with the Holy Ghost sent down from heaven ; which things the angels desire to look into .
		Wherefore gird up the loins of your mind , be sober , and hope to the end for the grace that is to be brought unto you at the revelation of Jesus Christ ;
		As obedient children , not fashioning yourselves according to the former lusts in your ignorance :
		But as he which hath called you is holy , so be ye holy in all manner of conversation ;
		Because it is written , Be ye holy ; for I am holy .
		And if ye call on the Father , who without respect of persons judgeth according to every man&amp;apos;s work , pass the time of your sojourning here in fear :
		Forasmuch as ye know that ye were not redeemed with corruptible things , as silver and gold , from your vain conversation received by tradition from your fathers ;
		But with the precious blood of Christ , as of a lamb without blemish and without spot :
		Who verily was foreordained before the foundation of the world , but was manifest in these last times for you ,
		Who by him do believe in God , that raised him up from the dead , and gave him glory ; that your faith and hope might be in God .
		Seeing ye have purified your souls in obeying the truth through the Spirit unto unfeigned love of the brethren , see that ye love one another with a pure heart fervently :
		Being born again , not of corruptible seed , but of incorruptible , by the word of God , which liveth and abideth for ever .
		For all flesh is as grass , and all the glory of man as the flower of grass . The grass withereth , and the flower thereof falleth away :
		But the word of the Lord endureth for ever . And this is the word which by the gospel is preached unto you .
	</text>
	<annotations>
		<annotation source="BABELFY" anchor="Peter" bfScore="0.7304643261608154" coherenceScore="0.42857142857142855">bn:00061802n</annotation>
		<annotation source="MCS" anchor="apostle" bfScore="--" coherenceScore="--">bn:00004981n</annotation>
		<annotation source="BABELFY" anchor="Jesus" bfScore="0.7854548779850551" coherenceScore="0.7551020408163265">bn:00018805n</annotation>
		<annotation source="BABELFY" anchor="Jesus Christ" bfScore="0.9564200058496637" coherenceScore="0.7551020408163265">bn:00018805n</annotation>
		<annotation source="BABELFY" anchor="Christ" bfScore="0.9689204363169714" coherenceScore="0.7551020408163265">bn:00018805n</annotation>
		<annotation source="BABELFY" anchor="strangers" bfScore="0.7149666348903718" coherenceScore="0.1836734693877551">bn:00074539n</annotation>
		<annotation source="MCS" anchor="scattered" bfScore="--" coherenceScore="--">bn:00083993v</annotation>
		<annotation source="MCS" anchor="Pontus" bfScore="--" coherenceScore="--">bn:00063524n</annotation>
		<annotation source="BABELFY" anchor="Galatia" bfScore="0.7022170361726955" coherenceScore="0.20816326530612245">bn:00037053n</annotation>
		<annotation source="BABELFY" anchor="Asia" bfScore="0.9688368690563277" coherenceScore="0.5387755102040817">bn:00006329n</annotation>
		<annotation source="BABELFY" anchor="Bithynia" bfScore="0.9798206278026906" coherenceScore="0.15510204081632653">bn:00010755n</annotation>
		<annotation source="MCS" anchor="Elect" bfScore="--" coherenceScore="--">bn:00018789n</annotation>
		<annotation source="BABELFY" anchor="according" bfScore="0.8" coherenceScore="0.0163265306122449">bn:00082228v</annotation>
		<annotation source="BABELFY" anchor="foreknowledge" bfScore="1.0" coherenceScore="0.22040816326530613">bn:00035839n</annotation>
		<annotation source="BABELFY" anchor="foreknowledge of God" bfScore="1.0" coherenceScore="0.3224489795918367">bn:00035854n</annotation>
		<annotation source="BABELFY" anchor="God the Father" bfScore="1.0" coherenceScore="0.3795918367346939">bn:03137478n</annotation>
		<annotation source="MCS" anchor="Father" bfScore="--" coherenceScore="--">bn:00009616n</annotation>
		<annotation source="BABELFY" anchor="sanctification" bfScore="0.7768723321691889" coherenceScore="0.3142857142857143">bn:17234447n</annotation>
		<annotation source="MCS" anchor="Spirit" bfScore="--" coherenceScore="--">bn:00073430n</annotation>
		<annotation source="MCS" anchor="obedience" bfScore="--" coherenceScore="--">bn:00058431n</annotation>
		<annotation source="BABELFY" anchor="sprinkling" bfScore="0.9706411024565608" coherenceScore="0.22040816326530613">bn:00006403n</annotation>
		<annotation source="MCS" anchor="blood" bfScore="--" coherenceScore="--">bn:00011346n</annotation>
		<annotation source="BABELFY" anchor="blood of Jesus" bfScore="1.0" coherenceScore="0.16326530612244897">bn:03536010n</annotation>
		<annotation source="BABELFY" anchor="blood of Jesus Christ" bfScore="0.8559288537549408" coherenceScore="0.24897959183673468">bn:03312732n</annotation>
		<annotation source="MCS" anchor="Grace" bfScore="--" coherenceScore="--">bn:00041221n</annotation>
		<annotation source="MCS" anchor="peace" bfScore="--" coherenceScore="--">bn:00061149n</annotation>
		<annotation source="BABELFY" anchor="multiplied" bfScore="0.7003367003367004" coherenceScore="0.053061224489795916">bn:00090978v</annotation>
		<annotation source="MCS" anchor="Blessed" bfScore="--" coherenceScore="--">bn:00083599v</annotation>
		<annotation source="BABELFY" anchor="Lord Jesus" bfScore="1.0" coherenceScore="0.7591836734693878">bn:00018805n</annotation>
		<annotation source="BABELFY" anchor="Lord Jesus Christ" bfScore="1.0" coherenceScore="0.7591836734693878">bn:00018805n</annotation>
		<annotation source="BABELFY" anchor="abundant" bfScore="0.9411764705882353" coherenceScore="0.0163265306122449">bn:00096219a</annotation>
		<annotation source="MCS" anchor="mercy" bfScore="--" coherenceScore="--">bn:00019708n</annotation>
		<annotation source="BABELFY" anchor="begotten" bfScore="1.0" coherenceScore="0.19591836734693877">bn:00083336v</annotation>
		<annotation source="MCS" anchor="lively" bfScore="--" coherenceScore="--">bn:00106080a</annotation>
		<annotation source="MCS" anchor="hope" bfScore="--" coherenceScore="--">bn:00044736n</annotation>
		<annotation source="BABELFY" anchor="resurrection" bfScore="0.8277946639648768" coherenceScore="0.5183673469387755">bn:00018809n</annotation>
		<annotation source="BABELFY" anchor="resurrection of Jesus" bfScore="1.0" coherenceScore="0.5224489795918368">bn:00018809n</annotation>
		<annotation source="BABELFY" anchor="resurrection of Jesus Christ" bfScore="0.9247515115212549" coherenceScore="0.5183673469387755">bn:00018809n</annotation>
		<annotation source="MCS" anchor="dead" bfScore="--" coherenceScore="--">bn:00100948a</annotation>
		<annotation source="MCS" anchor="inheritance" bfScore="--" coherenceScore="--">bn:00043824n</annotation>
		<annotation source="BABELFY" anchor="incorruptible" bfScore="1.0" coherenceScore="0.02040816326530612">bn:00104886a</annotation>
		<annotation source="MCS" anchor="undefiled" bfScore="--" coherenceScore="--">bn:00104581a</annotation>
		<annotation source="MCS" anchor="reserved" bfScore="--" coherenceScore="--">bn:00092878v</annotation>
		<annotation source="MCS" anchor="heaven" bfScore="--" coherenceScore="--">bn:00029734n</annotation>
		<annotation source="MCS" anchor="kept" bfScore="--" coherenceScore="--">bn:00089384v</annotation>
		<annotation source="BABELFY" anchor="power" bfScore="0.7158234660925726" coherenceScore="0.42857142857142855">bn:00025995n</annotation>
		<annotation source="BABELFY" anchor="faith" bfScore="0.8970126110616521" coherenceScore="0.8448979591836735">bn:00032768n</annotation>
		<annotation source="MCS" anchor="salvation" bfScore="--" coherenceScore="--">bn:00066712n</annotation>
		<annotation source="MCS" anchor="ready" bfScore="--" coherenceScore="--">bn:00109485a</annotation>
		<annotation source="BABELFY" anchor="revealed" bfScore="0.950428120775124" coherenceScore="0.23265306122448978">bn:00092981v</annotation>
		<annotation source="BABELFY" anchor="time" bfScore="0.7087308586546941" coherenceScore="0.42448979591836733">bn:00077270n</annotation>
		<annotation source="BABELFY" anchor="greatly" bfScore="1.0" coherenceScore="0.00816326530612245">bn:00115553r</annotation>
		<annotation source="BABELFY" anchor="rejoice" bfScore="0.948566610455312" coherenceScore="0.1836734693877551">bn:00089996v</annotation>
		<annotation source="BABELFY" anchor="season" bfScore="0.7282658170232135" coherenceScore="0.16326530612244897">bn:00070058n</annotation>
		<annotation source="MCS" anchor="need" bfScore="--" coherenceScore="--">bn:00026107n</annotation>
		<annotation source="MCS" anchor="heaviness" bfScore="--" coherenceScore="--">bn:00043467n</annotation>
		<annotation source="MCS" anchor="manifold" bfScore="--" coherenceScore="--">bn:00106391a</annotation>
		<annotation source="MCS" anchor="temptations" bfScore="--" coherenceScore="--">bn:00031021n</annotation>
		<annotation source="MCS" anchor="trial" bfScore="--" coherenceScore="--">bn:00068548n</annotation>
		<annotation source="BABELFY" anchor="precious" bfScore="0.9929742388758782" coherenceScore="0.19591836734693877">bn:00099583a</annotation>
		<annotation source="MCS" anchor="gold" bfScore="--" coherenceScore="--">bn:00040921n</annotation>
		<annotation source="MCS" anchor="tried" bfScore="--" coherenceScore="--">bn:00082844v</annotation>
		<annotation source="MCS" anchor="fire" bfScore="--" coherenceScore="--">bn:00034623n</annotation>
		<annotation source="BABELFY" anchor="found" bfScore="0.7311885136931667" coherenceScore="0.20408163265306123">bn:00085393v</annotation>
		<annotation source="MCS" anchor="praise" bfScore="--" coherenceScore="--">bn:00021834n</annotation>
		<annotation source="MCS" anchor="honour" bfScore="--" coherenceScore="--">bn:00044653n</annotation>
		<annotation source="BABELFY" anchor="honour and glory" bfScore="1.0" coherenceScore="0.004081632653061225">bn:01316783n</annotation>
		<annotation source="BABELFY" anchor="glory" bfScore="0.8857734586585949" coherenceScore="0.32653061224489793">bn:00007184n</annotation>
		<annotation source="MCS" anchor="appearing" bfScore="--" coherenceScore="--">bn:00082690v</annotation>
		<annotation source="BABELFY" anchor="love" bfScore="0.7470360041753003" coherenceScore="0.5591836734693878">bn:00052121n</annotation>
		<annotation source="MCS" anchor="believing" bfScore="--" coherenceScore="--">bn:00083369v</annotation>
		<annotation source="MCS" anchor="joy" bfScore="--" coherenceScore="--">bn:00048468n</annotation>
		<annotation source="BABELFY" anchor="unspeakable" bfScore="0.9712460063897763" coherenceScore="0.0653061224489796">bn:00105003a</annotation>
		<annotation source="MCS" anchor="full" bfScore="--" coherenceScore="--">bn:00103391a</annotation>
		<annotation source="BABELFY" anchor="Receiving" bfScore="0.8456449834619625" coherenceScore="0.24081632653061225">bn:00092494v</annotation>
		<annotation source="BABELFY" anchor="end" bfScore="0.8921438082556591" coherenceScore="0.24489795918367346">bn:00030721n</annotation>
		<annotation source="MCS" anchor="souls" bfScore="--" coherenceScore="--">bn:00065006n</annotation>
		<annotation source="MCS" anchor="prophets" bfScore="--" coherenceScore="--">bn:00059235n</annotation>
		<annotation source="BABELFY" anchor="inquired" bfScore="0.7516339869281046" coherenceScore="0.08163265306122448">bn:00087656v</annotation>
		<annotation source="MCS" anchor="searched" bfScore="--" coherenceScore="--">bn:00090460v</annotation>
		<annotation source="BABELFY" anchor="diligently" bfScore="1.0" coherenceScore="0.02040816326530612">bn:00115022r</annotation>
		<annotation source="MCS" anchor="prophesied" bfScore="--" coherenceScore="--">bn:00092087v</annotation>
		<annotation source="MCS" anchor="grace" bfScore="--" coherenceScore="--">bn:00041221n</annotation>
		<annotation source="MCS" anchor="Searching" bfScore="--" coherenceScore="--">bn:00090460v</annotation>
		<annotation source="MCS" anchor="manner" bfScore="--" coherenceScore="--">bn:00033729n</annotation>
		<annotation source="MCS" anchor="manner of" bfScore="--" coherenceScore="--">bn:00032400n</annotation>
		<annotation source="BABELFY" anchor="Spirit of Christ" bfScore="1.0" coherenceScore="0.19591836734693877">bn:00018811n</annotation>
		<annotation source="MCS" anchor="signify" bfScore="--" coherenceScore="--">bn:00089806v</annotation>
		<annotation source="MCS" anchor="testified" bfScore="--" coherenceScore="--">bn:00082915v</annotation>
		<annotation source="MCS" anchor="sufferings" bfScore="--" coherenceScore="--">bn:00002072n</annotation>
		<annotation source="BABELFY" anchor="sufferings of Christ" bfScore="1.0" coherenceScore="0.2857142857142857">bn:00060910n</annotation>
		<annotation source="BABELFY" anchor="follow" bfScore="0.7143322475570033" coherenceScore="0.17551020408163265">bn:00082139v</annotation>
		<annotation source="MCS" anchor="minister" bfScore="--" coherenceScore="--">bn:00024459n</annotation>
		<annotation source="BABELFY" anchor="things" bfScore="0.9333775273450448" coherenceScore="0.17959183673469387">bn:00006125n</annotation>
		<annotation source="MCS" anchor="reported" bfScore="--" coherenceScore="--">bn:00082233v</annotation>
		<annotation source="BABELFY" anchor="preached" bfScore="0.9902067464635473" coherenceScore="0.22857142857142856">bn:00091922v</annotation>
		<annotation source="MCS" anchor="gospel" bfScore="--" coherenceScore="--">bn:00031976n</annotation>
		<annotation source="MCS" anchor="Holy" bfScore="--" coherenceScore="--">bn:00044465n</annotation>
		<annotation source="BABELFY" anchor="Holy Ghost" bfScore="0.8595981602517551" coherenceScore="0.27346938775510204">bn:00044468n</annotation>
		<annotation source="MCS" anchor="Ghost" bfScore="--" coherenceScore="--">bn:00040368n</annotation>
		<annotation source="BABELFY" anchor="sent" bfScore="0.9367194004995837" coherenceScore="0.1836734693877551">bn:00084807v</annotation>
		<annotation source="BABELFY" anchor="angels" bfScore="0.7704439746300211" coherenceScore="0.5428571428571428">bn:00004063n</annotation>
		<annotation source="MCS" anchor="desire" bfScore="--" coherenceScore="--">bn:00086682v</annotation>
		<annotation source="MCS" anchor="look" bfScore="--" coherenceScore="--">bn:00090448v</annotation>
		<annotation source="MCS" anchor="look into" bfScore="--" coherenceScore="--">bn:00089885v</annotation>
		<annotation source="BABELFY" anchor="gird" bfScore="0.8620689655172413" coherenceScore="0.02040816326530612">bn:00088813v</annotation>
		<annotation source="BABELFY" anchor="loins" bfScore="0.7203389830508474" coherenceScore="0.061224489795918366">bn:00051884n</annotation>
		<annotation source="MCS" anchor="mind" bfScore="--" coherenceScore="--">bn:00012681n</annotation>
		<annotation source="BABELFY" anchor="sober" bfScore="0.7065217391304348" coherenceScore="0.053061224489795916">bn:00103758a</annotation>
		<annotation source="MCS" anchor="hope" bfScore="--" coherenceScore="--">bn:00086683v</annotation>
		<annotation source="MCS" anchor="brought" bfScore="--" coherenceScore="--">bn:00084058v</annotation>
		<annotation source="MCS" anchor="revelation" bfScore="--" coherenceScore="--">bn:00027489n</annotation>
		<annotation source="BABELFY" anchor="obedient" bfScore="1.0" coherenceScore="0.036734693877551024">bn:00107668a</annotation>
		<annotation source="BABELFY" anchor="children" bfScore="0.7053073500845918" coherenceScore="0.45714285714285713">bn:00018346n</annotation>
		<annotation source="BABELFY" anchor="fashioning" bfScore="1.0" coherenceScore="0.00816326530612245">bn:00088048v</annotation>
		<annotation source="MCS" anchor="lusts" bfScore="--" coherenceScore="--">bn:00050478n</annotation>
		<annotation source="MCS" anchor="ignorance" bfScore="--" coherenceScore="--">bn:00045892n</annotation>
		<annotation source="MCS" anchor="called" bfScore="--" coherenceScore="--">bn:00084385v</annotation>
		<annotation source="BABELFY" anchor="holy" bfScore="1.0" coherenceScore="0.24081632653061225">bn:00104250a</annotation>
		<annotation source="MCS" anchor="conversation" bfScore="--" coherenceScore="--">bn:00022349n</annotation>
		<annotation source="MCS" anchor="written" bfScore="--" coherenceScore="--">bn:00085489v</annotation>
		<annotation source="MCS" anchor="holy" bfScore="--" coherenceScore="--">bn:00044465n</annotation>
		<annotation source="MCS" anchor="call" bfScore="--" coherenceScore="--">bn:00014791n</annotation>
		<annotation source="MCS" anchor="respect" bfScore="--" coherenceScore="--">bn:00066865n</annotation>
		<annotation source="BABELFY" anchor="persons" bfScore="0.8428338382661384" coherenceScore="0.689795918367347">bn:00046516n</annotation>
		<annotation source="BABELFY" anchor="man" bfScore="0.7125531382845711" coherenceScore="0.8367346938775511">bn:00044576n</annotation>
		<annotation source="MCS" anchor="work" bfScore="--" coherenceScore="--">bn:00081568n</annotation>
		<annotation source="BABELFY" anchor="pass" bfScore="0.7005405405405405" coherenceScore="0.19591836734693877">bn:00084343v</annotation>
		<annotation source="MCS" anchor="pass the time" bfScore="--" coherenceScore="--">bn:13677977v</annotation>
		<annotation source="BABELFY" anchor="sojourning" bfScore="1.0" coherenceScore="0.02040816326530612">bn:00094022v</annotation>
		<annotation source="BABELFY" anchor="fear" bfScore="0.709011398666571" coherenceScore="0.3510204081632653">bn:00033854n</annotation>
		<annotation source="MCS" anchor="Forasmuch" bfScore="--" coherenceScore="--">bn:13762281r</annotation>
		<annotation source="BABELFY" anchor="redeemed" bfScore="0.9893660531697341" coherenceScore="0.24081632653061225">bn:00086537v</annotation>
		<annotation source="BABELFY" anchor="corruptible" bfScore="1.0" coherenceScore="0.00816326530612245">bn:00098848a</annotation>
		<annotation source="BABELFY" anchor="silver" bfScore="0.7592839967940155" coherenceScore="0.2">bn:00001887n</annotation>
		<annotation source="BABELFY" anchor="silver and gold" bfScore="0.9936406995230525" coherenceScore="0.10204081632653061">bn:00376632n</annotation>
		<annotation source="BABELFY" anchor="vain" bfScore="0.976374156219865" coherenceScore="0.1836734693877551">bn:00100184a</annotation>
		<annotation source="BABELFY" anchor="received" bfScore="0.8608305274971941" coherenceScore="0.24081632653061225">bn:00092494v</annotation>
		<annotation source="MCS" anchor="tradition" bfScore="--" coherenceScore="--">bn:00077883n</annotation>
		<annotation source="MCS" anchor="fathers" bfScore="--" coherenceScore="--">bn:00009616n</annotation>
		<annotation source="BABELFY" anchor="precious blood" bfScore="1.0" coherenceScore="0.2530612244897959">bn:03312732n</annotation>
		<annotation source="BABELFY" anchor="blood of Christ" bfScore="0.8684824902723736" coherenceScore="0.2530612244897959">bn:03312732n</annotation>
		<annotation source="MCS" anchor="lamb" bfScore="--" coherenceScore="--">bn:00049758n</annotation>
		<annotation source="BABELFY" anchor="blemish" bfScore="1.0" coherenceScore="0.04897959183673469">bn:00011197n</annotation>
		<annotation source="MCS" anchor="spot" bfScore="--" coherenceScore="--">bn:00062699n</annotation>
		<annotation source="BABELFY" anchor="verily" bfScore="1.0" coherenceScore="0.0653061224489796">bn:00117557r</annotation>
		<annotation source="MCS" anchor="foreordained" bfScore="--" coherenceScore="--">bn:00088471v</annotation>
		<annotation source="MCS" anchor="foundation" bfScore="--" coherenceScore="--">bn:00036063n</annotation>
		<annotation source="MCS" anchor="world" bfScore="--" coherenceScore="--">bn:00022991n</annotation>
		<annotation source="BABELFY" anchor="manifest" bfScore="1.0" coherenceScore="0.06938775510204082">bn:00097350a</annotation>
		<annotation source="BABELFY" anchor="last times" bfScore="0.9986908358509567" coherenceScore="0.3836734693877551">bn:00031565n</annotation>
		<annotation source="MCS" anchor="times" bfScore="--" coherenceScore="--">bn:00019848n</annotation>
		<annotation source="MCS" anchor="believe" bfScore="--" coherenceScore="--">bn:00083369v</annotation>
		<annotation source="BABELFY" anchor="believe in" bfScore="1.0" coherenceScore="0.00816326530612245">bn:00083374v</annotation>
		<annotation source="BABELFY" anchor="believe in God" bfScore="1.0" coherenceScore="0.18775510204081633">bn:00906158n</annotation>
		<annotation source="MCS" anchor="raised" bfScore="--" coherenceScore="--">bn:00092332v</annotation>
		<annotation source="MCS" anchor="Seeing" bfScore="--" coherenceScore="--">bn:00093430v</annotation>
		<annotation source="BABELFY" anchor="purified" bfScore="0.8252427184466019" coherenceScore="0.20408163265306123">bn:00092187v</annotation>
		<annotation source="BABELFY" anchor="obeying" bfScore="0.951409978308026" coherenceScore="0.17551020408163265">bn:00082139v</annotation>
		<annotation source="MCS" anchor="truth" bfScore="--" coherenceScore="--">bn:00078498n</annotation>
		<annotation source="BABELFY" anchor="unfeigned" bfScore="1.0" coherenceScore="0.012244897959183673">bn:00103538a</annotation>
		<annotation source="MCS" anchor="brethren" bfScore="--" coherenceScore="--">bn:00013012n</annotation>
		<annotation source="MCS" anchor="love" bfScore="--" coherenceScore="--">bn:00090504v</annotation>
		<annotation source="MCS" anchor="pure" bfScore="--" coherenceScore="--">bn:00109244a</annotation>
		<annotation source="BABELFY" anchor="pure heart" bfScore="1.0" coherenceScore="0.2653061224489796">bn:00407981n</annotation>
		<annotation source="MCS" anchor="heart" bfScore="--" coherenceScore="--">bn:00012289n</annotation>
		<annotation source="BABELFY" anchor="fervently" bfScore="1.0" coherenceScore="0.024489795918367346">bn:00115360r</annotation>
		<annotation source="MCS" anchor="born" bfScore="--" coherenceScore="--">bn:00083221v</annotation>
		<annotation source="MCS" anchor="seed" bfScore="--" coherenceScore="--">bn:00070253n</annotation>
		<annotation source="MCS" anchor="word" bfScore="--" coherenceScore="--">bn:00081546n</annotation>
		<annotation source="BABELFY" anchor="word of God" bfScore="0.9279694120458452" coherenceScore="0.7020408163265306">bn:00010217n</annotation>
		<annotation source="MCS" anchor="flesh" bfScore="--" coherenceScore="--">bn:00035182n</annotation>
		<annotation source="MCS" anchor="grass" bfScore="--" coherenceScore="--">bn:00041433n</annotation>
		<annotation source="MCS" anchor="flower" bfScore="--" coherenceScore="--">bn:00035378n</annotation>
	</annotations>
</paragraph>
<paragraph id="p.2">
	<text>
		Wherefore laying aside all malice , and all guile , and hypocrisies , and envies , and all evil speakings ,
		As newborn babes , desire the sincere milk of the word , that ye may grow thereby :
		If so be ye have tasted that the Lord is gracious .
		To whom coming , as unto a living stone , disallowed indeed of men , but chosen of God , and precious ,
		Ye also , as lively stones , are built up a spiritual house , an holy priesthood , to offer up spiritual sacrifices , acceptable to God by Jesus Christ .
		Wherefore also it is contained in the scripture , Behold , I lay in Sion a chief corner stone , elect , precious : and he that believeth on him shall not be confounded .
		Unto you therefore which believe he is precious : but unto them which be disobedient , the stone which the builders disallowed , the same is made the head of the corner ,
		And a stone of stumbling , and a rock of offence , even to them which stumble at the word , being disobedient : whereunto also they were appointed .
		But ye are a chosen generation , a royal priesthood , an holy nation , a peculiar people ; that ye should shew forth the praises of him who hath called you out of darkness into his marvellous light :
		Which in time past were not a people , but are now the people of God : which had not obtained mercy , but now have obtained mercy .
		Dearly beloved , I beseech you as strangers and pilgrims , abstain from fleshly lusts , which war against the soul ;
		Having your conversation honest among the Gentiles : that , whereas they speak against you as evildoers , they may by your good works , which they shall behold , glorify God in the day of visitation .
		Submit yourselves to every ordinance of man for the Lord&amp;apos;s sake : whether it be to the king , as supreme ;
		Or unto governors , as unto them that are sent by him for the punishment of evildoers , and for the praise of them that do well .
		For so is the will of God , that with well doing ye may put to silence the ignorance of foolish men :
		As free , and not using your liberty for a cloke of maliciousness , but as the servants of God .
		Honour all men . Love the brotherhood . Fear God . Honour the king .
		Servants , be subject to your masters with all fear ; not only to the good and gentle , but also to the froward .
		For this is thankworthy , if a man for conscience toward God endure grief , suffering wrongfully .
		For what glory is it , if , when ye be buffeted for your faults , ye shall take it patiently ? but if , when ye do well , and suffer for it , ye take it patiently , this is acceptable with God .
		For even hereunto were ye called : because Christ also suffered for us , leaving us an example , that ye should follow his steps :
		Who did no sin , neither was guile found in his mouth :
		Who , when he was reviled , reviled not again ; when he suffered , he threatened not ; but committed himself to him that judgeth righteously :
		Who his own self bare our sins in his own body on the tree , that we , being dead to sins , should live unto righteousness : by whose stripes ye were healed .
		For ye were as sheep going astray ; but are now returned unto the Shepherd and Bishop of your souls .
	</text>
	<annotations>
		<annotation source="MCS" anchor="laying" bfScore="--" coherenceScore="--">bn:00090224v</annotation>
		<annotation source="MCS" anchor="malice" bfScore="--" coherenceScore="--">bn:00053001n</annotation>
		<annotation source="MCS" anchor="guile" bfScore="--" coherenceScore="--">bn:00023500n</annotation>
		<annotation source="BABELFY" anchor="hypocrisies" bfScore="0.888243831640058" coherenceScore="0.17391304347826086">bn:00027709n</annotation>
		<annotation source="MCS" anchor="envies" bfScore="--" coherenceScore="--">bn:00031073n</annotation>
		<annotation source="MCS" anchor="evil" bfScore="--" coherenceScore="--">bn:00102474a</annotation>
		<annotation source="BABELFY" anchor="newborn" bfScore="0.97911227154047" coherenceScore="0.12077294685990338">bn:00107278a</annotation>
		<annotation source="MCS" anchor="babes" bfScore="--" coherenceScore="--">bn:00007630n</annotation>
		<annotation source="MCS" anchor="desire" bfScore="--" coherenceScore="--">bn:00086682v</annotation>
		<annotation source="BABELFY" anchor="milk" bfScore="0.8756218905472637" coherenceScore="0.15458937198067632">bn:00054996n</annotation>
		<annotation source="MCS" anchor="word" bfScore="--" coherenceScore="--">bn:00081546n</annotation>
		<annotation source="MCS" anchor="grow" bfScore="--" coherenceScore="--">bn:00089082v</annotation>
		<annotation source="MCS" anchor="tasted" bfScore="--" coherenceScore="--">bn:00093282v</annotation>
		<annotation source="BABELFY" anchor="gracious" bfScore="0.8538587848932676" coherenceScore="0.0966183574879227">bn:00098254a</annotation>
		<annotation source="MCS" anchor="coming" bfScore="--" coherenceScore="--">bn:00085319v</annotation>
		<annotation source="MCS" anchor="living" bfScore="--" coherenceScore="--">bn:00087441v</annotation>
		<annotation source="BABELFY" anchor="living stone" bfScore="1.0" coherenceScore="0.057971014492753624">bn:00035407n</annotation>
		<annotation source="MCS" anchor="stone" bfScore="--" coherenceScore="--">bn:00068045n</annotation>
		<annotation source="BABELFY" anchor="disallowed" bfScore="1.0" coherenceScore="0.06763285024154589">bn:00086877v</annotation>
		<annotation source="BABELFY" anchor="men" bfScore="0.753596410188729" coherenceScore="0.821256038647343">bn:00044576n</annotation>
		<annotation source="MCS" anchor="chosen" bfScore="--" coherenceScore="--">bn:00084931v</annotation>
		<annotation source="BABELFY" anchor="God" bfScore="0.7357205389362201" coherenceScore="0.7053140096618358">bn:00040878n</annotation>
		<annotation source="BABELFY" anchor="precious" bfScore="0.8767123287671232" coherenceScore="0.12560386473429952">bn:00099583a</annotation>
		<annotation source="MCS" anchor="lively" bfScore="--" coherenceScore="--">bn:00106080a</annotation>
		<annotation source="MCS" anchor="stones" bfScore="--" coherenceScore="--">bn:00068045n</annotation>
		<annotation source="MCS" anchor="built" bfScore="--" coherenceScore="--">bn:00084198v</annotation>
		<annotation source="BABELFY" anchor="built up" bfScore="0.810126582278481" coherenceScore="0.03864734299516908">bn:00082764v</annotation>
		<annotation source="MCS" anchor="spiritual" bfScore="--" coherenceScore="--">bn:00109661a</annotation>
		<annotation source="BABELFY" anchor="spiritual house" bfScore="1.0" coherenceScore="0.14492753623188406">bn:01024225n</annotation>
		<annotation source="MCS" anchor="house" bfScore="--" coherenceScore="--">bn:00044994n</annotation>
		<annotation source="BABELFY" anchor="holy" bfScore="1.0" coherenceScore="0.14492753623188406">bn:00104250a</annotation>
		<annotation source="MCS" anchor="priesthood" bfScore="--" coherenceScore="--">bn:00064352n</annotation>
		<annotation source="MCS" anchor="offer" bfScore="--" coherenceScore="--">bn:00091135v</annotation>
		<annotation source="BABELFY" anchor="offer up" bfScore="1.0" coherenceScore="0.12560386473429952">bn:00091141v</annotation>
		<annotation source="BABELFY" anchor="sacrifices" bfScore="0.88049669628617" coherenceScore="0.28502415458937197">bn:00067941n</annotation>
		<annotation source="MCS" anchor="acceptable" bfScore="--" coherenceScore="--">bn:00096246a</annotation>
		<annotation source="BABELFY" anchor="Jesus" bfScore="0.9085288828783308" coherenceScore="0.6666666666666666">bn:00018805n</annotation>
		<annotation source="BABELFY" anchor="Jesus Christ" bfScore="0.9784750091207588" coherenceScore="0.6666666666666666">bn:00018805n</annotation>
		<annotation source="BABELFY" anchor="Christ" bfScore="0.9884053316203629" coherenceScore="0.6666666666666666">bn:00018805n</annotation>
		<annotation source="MCS" anchor="contained" bfScore="--" coherenceScore="--">bn:00085499v</annotation>
		<annotation source="BABELFY" anchor="scripture" bfScore="0.9315229159148322" coherenceScore="0.5700483091787439">bn:00010217n</annotation>
		<annotation source="BABELFY" anchor="Behold" bfScore="0.824390243902439" coherenceScore="0.06280193236714976">bn:03100643n</annotation>
		<annotation source="MCS" anchor="lay" bfScore="--" coherenceScore="--">bn:00090321v</annotation>
		<annotation source="BABELFY" anchor="lay in" bfScore="1.0" coherenceScore="0.00966183574879227">bn:00089368v</annotation>
		<annotation source="BABELFY" anchor="Sion" bfScore="0.9873221216041397" coherenceScore="0.5797101449275363">bn:00047679n</annotation>
		<annotation source="BABELFY" anchor="chief" bfScore="1.0" coherenceScore="0.004830917874396135">bn:00099598a</annotation>
		<annotation source="BABELFY" anchor="corner" bfScore="0.8740601503759399" coherenceScore="0.14492753623188406">bn:00022742n</annotation>
		<annotation source="BABELFY" anchor="corner stone" bfScore="1.0" coherenceScore="0.16908212560386474">bn:00022749n</annotation>
		<annotation source="BABELFY" anchor="elect" bfScore="0.7727272727272727" coherenceScore="0.04830917874396135">bn:00087517v</annotation>
		<annotation source="BABELFY" anchor="confounded" bfScore="0.7352941176470589" coherenceScore="0.04830917874396135">bn:00083309v</annotation>
		<annotation source="MCS" anchor="believe" bfScore="--" coherenceScore="--">bn:00083369v</annotation>
		<annotation source="MCS" anchor="disobedient" bfScore="--" coherenceScore="--">bn:00101546a</annotation>
		<annotation source="BABELFY" anchor="builders" bfScore="0.7243460764587525" coherenceScore="0.08695652173913043">bn:00013721n</annotation>
		<annotation source="BABELFY" anchor="head" bfScore="0.9333238068019434" coherenceScore="0.5458937198067633">bn:00012681n</annotation>
		<annotation source="MCS" anchor="stumbling" bfScore="--" coherenceScore="--">bn:00084228v</annotation>
		<annotation source="MCS" anchor="rock" bfScore="--" coherenceScore="--">bn:00068045n</annotation>
		<annotation source="BABELFY" anchor="offence" bfScore="0.9133211678832117" coherenceScore="0.3188405797101449">bn:00023807n</annotation>
		<annotation source="MCS" anchor="stumble" bfScore="--" coherenceScore="--">bn:00084228v</annotation>
		<annotation source="MCS" anchor="whereunto" bfScore="--" coherenceScore="--">bn:13750721r</annotation>
		<annotation source="MCS" anchor="appointed" bfScore="--" coherenceScore="--">bn:00082715v</annotation>
		<annotation source="MCS" anchor="generation" bfScore="--" coherenceScore="--">bn:00020407n</annotation>
		<annotation source="MCS" anchor="royal" bfScore="--" coherenceScore="--">bn:00109969a</annotation>
		<annotation source="BABELFY" anchor="nation" bfScore="0.9022615708274895" coherenceScore="0.6811594202898551">bn:00023236n</annotation>
		<annotation source="BABELFY" anchor="peculiar" bfScore="0.8949152542372881" coherenceScore="0.10628019323671498">bn:00108295a</annotation>
		<annotation source="BABELFY" anchor="peculiar people" bfScore="1.0" coherenceScore="0.0821256038647343">bn:00622692n</annotation>
		<annotation source="BABELFY" anchor="people" bfScore="0.8886363636363637" coherenceScore="0.3285024154589372">bn:00061450n</annotation>
		<annotation source="BABELFY" anchor="shew" bfScore="1.0" coherenceScore="0.014492753623188406">bn:00086567v</annotation>
		<annotation source="MCS" anchor="praises" bfScore="--" coherenceScore="--">bn:00021834n</annotation>
		<annotation source="MCS" anchor="called" bfScore="--" coherenceScore="--">bn:00084385v</annotation>
		<annotation source="MCS" anchor="darkness" bfScore="--" coherenceScore="--">bn:00025233n</annotation>
		<annotation source="BABELFY" anchor="marvellous" bfScore="0.9770773638968482" coherenceScore="0.10628019323671498">bn:00106449a</annotation>
		<annotation source="MCS" anchor="light" bfScore="--" coherenceScore="--">bn:00051108n</annotation>
		<annotation source="BABELFY" anchor="time" bfScore="0.8672134781644868" coherenceScore="0.34782608695652173">bn:00077270n</annotation>
		<annotation source="MCS" anchor="past" bfScore="--" coherenceScore="--">bn:00060927n</annotation>
		<annotation source="BABELFY" anchor="people of God" bfScore="1.0" coherenceScore="0.15942028985507245">bn:01401944n</annotation>
		<annotation source="MCS" anchor="obtained" bfScore="--" coherenceScore="--">bn:00091124v</annotation>
		<annotation source="MCS" anchor="mercy" bfScore="--" coherenceScore="--">bn:00019708n</annotation>
		<annotation source="BABELFY" anchor="Dearly" bfScore="0.9714285714285714" coherenceScore="0.13526570048309178">bn:00114159r</annotation>
		<annotation source="BABELFY" anchor="beloved" bfScore="1.0" coherenceScore="0.024154589371980676">bn:00098224a</annotation>
		<annotation source="BABELFY" anchor="beseech" bfScore="1.0" coherenceScore="0.024154589371980676">bn:00082355v</annotation>
		<annotation source="BABELFY" anchor="strangers" bfScore="0.7607361963190185" coherenceScore="0.11594202898550725">bn:00074539n</annotation>
		<annotation source="MCS" anchor="pilgrims" bfScore="--" coherenceScore="--">bn:00062392n</annotation>
		<annotation source="BABELFY" anchor="abstain" bfScore="0.9667994687915007" coherenceScore="0.12560386473429952">bn:00082179v</annotation>
		<annotation source="BABELFY" anchor="fleshly" bfScore="1.0" coherenceScore="0.05314009661835749">bn:00097119a</annotation>
		<annotation source="MCS" anchor="lusts" bfScore="--" coherenceScore="--">bn:00050478n</annotation>
		<annotation source="BABELFY" anchor="war" bfScore="0.9228835712849387" coherenceScore="0.32367149758454106">bn:00080439n</annotation>
		<annotation source="BABELFY" anchor="war against" bfScore="1.0" coherenceScore="0.01932367149758454">bn:15992781n</annotation>
		<annotation source="MCS" anchor="soul" bfScore="--" coherenceScore="--">bn:00065006n</annotation>
		<annotation source="MCS" anchor="conversation" bfScore="--" coherenceScore="--">bn:00022349n</annotation>
		<annotation source="MCS" anchor="honest" bfScore="--" coherenceScore="--">bn:00104302a</annotation>
		<annotation source="MCS" anchor="Gentiles" bfScore="--" coherenceScore="--">bn:00037763n</annotation>
		<annotation source="MCS" anchor="speak" bfScore="--" coherenceScore="--">bn:00090943v</annotation>
		<annotation source="MCS" anchor="evildoers" bfScore="--" coherenceScore="--">bn:00032053n</annotation>
		<annotation source="MCS" anchor="good" bfScore="--" coherenceScore="--">bn:00103672a</annotation>
		<annotation source="BABELFY" anchor="good works" bfScore="0.8386748289521065" coherenceScore="0.2463768115942029">bn:00041221n</annotation>
		<annotation source="MCS" anchor="works" bfScore="--" coherenceScore="--">bn:00081568n</annotation>
		<annotation source="MCS" anchor="behold" bfScore="--" coherenceScore="--">bn:00083356v</annotation>
		<annotation source="MCS" anchor="glorify" bfScore="--" coherenceScore="--">bn:00087785v</annotation>
		<annotation source="MCS" anchor="day" bfScore="--" coherenceScore="--">bn:00000086n</annotation>
		<annotation source="MCS" anchor="visitation" bfScore="--" coherenceScore="--">bn:00078200n</annotation>
		<annotation source="MCS" anchor="Submit" bfScore="--" coherenceScore="--">bn:00094523v</annotation>
		<annotation source="MCS" anchor="ordinance" bfScore="--" coherenceScore="--">bn:00059436n</annotation>
		<annotation source="BABELFY" anchor="man" bfScore="0.753596410188729" coherenceScore="0.821256038647343">bn:00044576n</annotation>
		<annotation source="BABELFY" anchor="sake" bfScore="0.7619047619047619" coherenceScore="0.03864734299516908">bn:00067720n</annotation>
		<annotation source="BABELFY" anchor="king" bfScore="0.805988515176374" coherenceScore="0.2898550724637681">bn:00024097n</annotation>
		<annotation source="MCS" anchor="governors" bfScore="--" coherenceScore="--">bn:00041204n</annotation>
		<annotation source="BABELFY" anchor="sent" bfScore="0.9315642458100558" coherenceScore="0.1111111111111111">bn:00084807v</annotation>
		<annotation source="BABELFY" anchor="punishment" bfScore="0.9467096529489853" coherenceScore="0.30917874396135264">bn:00061325n</annotation>
		<annotation source="MCS" anchor="praise" bfScore="--" coherenceScore="--">bn:00021834n</annotation>
		<annotation source="BABELFY" anchor="silence" bfScore="0.931740614334471" coherenceScore="0.06280193236714976">bn:00089538v</annotation>
		<annotation source="BABELFY" anchor="ignorance" bfScore="0.7588603196664351" coherenceScore="0.18840579710144928">bn:00045892n</annotation>
		<annotation source="MCS" anchor="foolish" bfScore="--" coherenceScore="--">bn:00103179a</annotation>
		<annotation source="MCS" anchor="free" bfScore="--" coherenceScore="--">bn:00103299a</annotation>
		<annotation source="BABELFY" anchor="liberty" bfScore="0.8004303388918773" coherenceScore="0.2995169082125604">bn:00050954n</annotation>
		<annotation source="BABELFY" anchor="maliciousness" bfScore="0.9829059829059829" coherenceScore="0.1111111111111111">bn:01514028n</annotation>
		<annotation source="MCS" anchor="servants" bfScore="--" coherenceScore="--">bn:00067423n</annotation>
		<annotation source="MCS" anchor="Honour" bfScore="--" coherenceScore="--">bn:00089449v</annotation>
		<annotation source="MCS" anchor="Love" bfScore="--" coherenceScore="--">bn:00090504v</annotation>
		<annotation source="MCS" anchor="brotherhood" bfScore="--" coherenceScore="--">bn:00013376n</annotation>
		<annotation source="BABELFY" anchor="Fear" bfScore="0.7680832610581093" coherenceScore="0.2608695652173913">bn:00033854n</annotation>
		<annotation source="MCS" anchor="Servants" bfScore="--" coherenceScore="--">bn:00067423n</annotation>
		<annotation source="MCS" anchor="subject" bfScore="--" coherenceScore="--">bn:00099216a</annotation>
		<annotation source="MCS" anchor="masters" bfScore="--" coherenceScore="--">bn:00052664n</annotation>
		<annotation source="BABELFY" anchor="fear" bfScore="0.7680832610581093" coherenceScore="0.2608695652173913">bn:00033854n</annotation>
		<annotation source="MCS" anchor="gentle" bfScore="--" coherenceScore="--">bn:00103534a</annotation>
		<annotation source="BABELFY" anchor="froward" bfScore="1.0" coherenceScore="0.024154589371980676">bn:00103370a</annotation>
		<annotation source="MCS" anchor="thankworthy" bfScore="--" coherenceScore="--">bn:13647512a</annotation>
		<annotation source="MCS" anchor="conscience" bfScore="--" coherenceScore="--">bn:00021945n</annotation>
		<annotation source="MCS" anchor="endure" bfScore="--" coherenceScore="--">bn:00082138v</annotation>
		<annotation source="BABELFY" anchor="grief" bfScore="0.8955223880597015" coherenceScore="0.14492753623188406">bn:00013281n</annotation>
		<annotation source="MCS" anchor="suffering" bfScore="--" coherenceScore="--">bn:00087618v</annotation>
		<annotation source="BABELFY" anchor="wrongfully" bfScore="1.0" coherenceScore="0.00966183574879227">bn:00117647r</annotation>
		<annotation source="BABELFY" anchor="glory" bfScore="0.713371266002845" coherenceScore="0.1642512077294686">bn:00007184n</annotation>
		<annotation source="BABELFY" anchor="glory is" bfScore="1.0" coherenceScore="0.11594202898550725">bn:03204230n</annotation>
		<annotation source="MCS" anchor="buffeted" bfScore="--" coherenceScore="--">bn:00083171v</annotation>
		<annotation source="MCS" anchor="faults" bfScore="--" coherenceScore="--">bn:00031485n</annotation>
		<annotation source="BABELFY" anchor="take it" bfScore="1.0" coherenceScore="0.043478260869565216">bn:00082872v</annotation>
		<annotation source="BABELFY" anchor="patiently" bfScore="1.0" coherenceScore="0.024154589371980676">bn:00116548r</annotation>
		<annotation source="MCS" anchor="suffer" bfScore="--" coherenceScore="--">bn:00087618v</annotation>
		<annotation source="MCS" anchor="hereunto" bfScore="--" coherenceScore="--">bn:13621078r</annotation>
		<annotation source="MCS" anchor="suffered" bfScore="--" coherenceScore="--">bn:00087618v</annotation>
		<annotation source="MCS" anchor="leaving" bfScore="--" coherenceScore="--">bn:00088939v</annotation>
		<annotation source="MCS" anchor="example" bfScore="--" coherenceScore="--">bn:00032099n</annotation>
		<annotation source="MCS" anchor="follow" bfScore="--" coherenceScore="--">bn:00088421v</annotation>
		<annotation source="MCS" anchor="steps" bfScore="--" coherenceScore="--">bn:00054018n</annotation>
		<annotation source="BABELFY" anchor="sin" bfScore="0.8623766216973406" coherenceScore="0.3961352657004831">bn:00071707n</annotation>
		<annotation source="MCS" anchor="found" bfScore="--" coherenceScore="--">bn:00084231v</annotation>
		<annotation source="MCS" anchor="mouth" bfScore="--" coherenceScore="--">bn:00056135n</annotation>
		<annotation source="BABELFY" anchor="reviled" bfScore="1.0" coherenceScore="0.04830917874396135">bn:00092327v</annotation>
		<annotation source="BABELFY" anchor="threatened" bfScore="0.8095854922279793" coherenceScore="0.12077294685990338">bn:00094927v</annotation>
		<annotation source="BABELFY" anchor="committed" bfScore="0.7159546061415221" coherenceScore="0.18840579710144928">bn:00085427v</annotation>
		<annotation source="BABELFY" anchor="righteously" bfScore="1.0" coherenceScore="0.01932367149758454">bn:00116867r</annotation>
		<annotation source="MCS" anchor="self" bfScore="--" coherenceScore="--">bn:00029935n</annotation>
		<annotation source="BABELFY" anchor="bare" bfScore="0.8" coherenceScore="0.01932367149758454">bn:00082494v</annotation>
		<annotation source="BABELFY" anchor="sins" bfScore="0.8541302027748132" coherenceScore="0.3961352657004831">bn:00071707n</annotation>
		<annotation source="MCS" anchor="body" bfScore="--" coherenceScore="--">bn:00011744n</annotation>
		<annotation source="MCS" anchor="tree" bfScore="--" coherenceScore="--">bn:00078131n</annotation>
		<annotation source="MCS" anchor="dead" bfScore="--" coherenceScore="--">bn:00100948a</annotation>
		<annotation source="MCS" anchor="live" bfScore="--" coherenceScore="--">bn:00087441v</annotation>
		<annotation source="MCS" anchor="righteousness" bfScore="--" coherenceScore="--">bn:00067848n</annotation>
		<annotation source="BABELFY" anchor="stripes" bfScore="0.7878787878787878" coherenceScore="0.06280193236714976">bn:00008471n</annotation>
		<annotation source="MCS" anchor="healed" bfScore="--" coherenceScore="--">bn:00089271v</annotation>
		<annotation source="BABELFY" anchor="sheep" bfScore="0.7517643448910709" coherenceScore="0.16908212560386474">bn:00070967n</annotation>
		<annotation source="BABELFY" anchor="astray" bfScore="1.0" coherenceScore="0.028985507246376812">bn:00114393r</annotation>
		<annotation source="BABELFY" anchor="returned" bfScore="0.9157733537519143" coherenceScore="0.1111111111111111">bn:00092973v</annotation>
		<annotation source="MCS" anchor="Shepherd" bfScore="--" coherenceScore="--">bn:00071033n</annotation>
		<annotation source="MCS" anchor="Bishop" bfScore="--" coherenceScore="--">bn:00010706n</annotation>
		<annotation source="MCS" anchor="souls" bfScore="--" coherenceScore="--">bn:00065006n</annotation>
	</annotations>
</paragraph>
<paragraph id="p.3">
	<text>
		Likewise , ye wives , be in subjection to your own husbands ; that , if any obey not the word , they also may without the word be won by the conversation of the wives ;
		While they behold your chaste conversation coupled with fear .
		Whose adorning let it not be that outward adorning of plaiting the hair , and of wearing of gold , or of putting on of apparel ;
		But let it be the hidden man of the heart , in that which is not corruptible , even the ornament of a meek and quiet spirit , which is in the sight of God of great price .
		For after this manner in the old time the holy women also , who trusted in God , adorned themselves , being in subjection unto their own husbands :
		Even as Sara obeyed Abraham , calling him lord : whose daughters ye are , as long as ye do well , and are not afraid with any amazement .
		Likewise , ye husbands , dwell with them according to knowledge , giving honour unto the wife , as unto the weaker vessel , and as being heirs together of the grace of life ; that your prayers be not hindered .
		Finally , be ye all of one mind , having compassion one of another , love as brethren , be pitiful , be courteous :
		Not rendering evil for evil , or railing for railing : but contrariwise blessing ; knowing that ye are thereunto called , that ye should inherit a blessing .
		For he that will love life , and see good days , let him refrain his tongue from evil , and his lips that they speak no guile :
		Let him eschew evil , and do good ; let him seek peace , and ensue it .
		For the eyes of the Lord are over the righteous , and his ears are open unto their prayers : but the face of the Lord is against them that do evil .
		And who is he that will harm you , if ye be followers of that which is good ?
		But and if ye suffer for righteousness &amp;apos; sake , happy are ye : and be not afraid of their terror , neither be troubled ;
		But sanctify the Lord God in your hearts : and be ready always to give an answer to every man that asketh you a reason of the hope that is in you with meekness and fear :
		Having a good conscience ; that , whereas they speak evil of you , as of evildoers , they may be ashamed that falsely accuse your good conversation in Christ .
		For it is better , if the will of God be so , that ye suffer for well doing , than for evil doing .
		For Christ also hath once suffered for sins , the just for the unjust , that he might bring us to God , being put to death in the flesh , but quickened by the Spirit :
		By which also he went and preached unto the spirits in prison ;
		Which sometime were disobedient , when once the longsuffering of God waited in the days of Noah , while the ark was a preparing , wherein few , that is , eight souls were saved by water .
		The like figure whereunto even baptism doth also now save us ( not the putting away of the filth of the flesh , but the answer of a good conscience toward God , ) by the resurrection of Jesus Christ :
		Who is gone into heaven , and is on the right hand of God ; angels and authorities and powers being made subject unto him .
	</text>
	<annotations>
		<annotation source="MCS" anchor="Likewise" bfScore="--" coherenceScore="--">bn:00116128r</annotation>
		<annotation source="BABELFY" anchor="wives" bfScore="1.0" coherenceScore="0.1717171717171717">bn:00053531n</annotation>
		<annotation source="BABELFY" anchor="subjection" bfScore="0.9655172413793104" coherenceScore="0.12626262626262627">bn:00074903n</annotation>
		<annotation source="MCS" anchor="husbands" bfScore="--" coherenceScore="--">bn:00045106n</annotation>
		<annotation source="BABELFY" anchor="obey" bfScore="0.7766642806012884" coherenceScore="0.15656565656565657">bn:00082139v</annotation>
		<annotation source="MCS" anchor="word" bfScore="--" coherenceScore="--">bn:00081546n</annotation>
		<annotation source="MCS" anchor="won" bfScore="--" coherenceScore="--">bn:00095777v</annotation>
		<annotation source="MCS" anchor="conversation" bfScore="--" coherenceScore="--">bn:00022349n</annotation>
		<annotation source="MCS" anchor="behold" bfScore="--" coherenceScore="--">bn:00083356v</annotation>
		<annotation source="MCS" anchor="chaste" bfScore="--" coherenceScore="--">bn:00099550a</annotation>
		<annotation source="MCS" anchor="coupled" bfScore="--" coherenceScore="--">bn:00085890v</annotation>
		<annotation source="BABELFY" anchor="fear" bfScore="0.845774914740432" coherenceScore="0.31313131313131315">bn:00033854n</annotation>
		<annotation source="MCS" anchor="adorning" bfScore="--" coherenceScore="--">bn:00082386v</annotation>
		<annotation source="MCS" anchor="outward" bfScore="--" coherenceScore="--">bn:00116499r</annotation>
		<annotation source="BABELFY" anchor="plaiting" bfScore="0.7692307692307693" coherenceScore="0.025252525252525252">bn:00083864v</annotation>
		<annotation source="MCS" anchor="hair" bfScore="--" coherenceScore="--">bn:00042526n</annotation>
		<annotation source="MCS" anchor="wearing" bfScore="--" coherenceScore="--">bn:00089252v</annotation>
		<annotation source="MCS" anchor="gold" bfScore="--" coherenceScore="--">bn:00040921n</annotation>
		<annotation source="MCS" anchor="putting on" bfScore="--" coherenceScore="--">bn:00082876v</annotation>
		<annotation source="BABELFY" anchor="apparel" bfScore="0.8525641025641025" coherenceScore="0.1919191919191919">bn:00006125n</annotation>
		<annotation source="BABELFY" anchor="hidden" bfScore="0.7619047619047619" coherenceScore="0.020202020202020204">bn:00100181a</annotation>
		<annotation source="BABELFY" anchor="man" bfScore="0.7263141426783479" coherenceScore="0.8434343434343434">bn:00044576n</annotation>
		<annotation source="MCS" anchor="heart" bfScore="--" coherenceScore="--">bn:00012289n</annotation>
		<annotation source="BABELFY" anchor="corruptible" bfScore="1.0" coherenceScore="0.015151515151515152">bn:00098848a</annotation>
		<annotation source="BABELFY" anchor="ornament" bfScore="0.9621380846325167" coherenceScore="0.08080808080808081">bn:00025765n</annotation>
		<annotation source="MCS" anchor="meek" bfScore="--" coherenceScore="--">bn:00106570a</annotation>
		<annotation source="MCS" anchor="quiet" bfScore="--" coherenceScore="--">bn:00109358a</annotation>
		<annotation source="MCS" anchor="spirit" bfScore="--" coherenceScore="--">bn:00073430n</annotation>
		<annotation source="BABELFY" anchor="sight" bfScore="0.7134585289514866" coherenceScore="0.23737373737373738">bn:00045979n</annotation>
		<annotation source="BABELFY" anchor="God" bfScore="0.7394643930288461" coherenceScore="0.7575757575757576">bn:00040878n</annotation>
		<annotation source="MCS" anchor="great" bfScore="--" coherenceScore="--">bn:00103779a</annotation>
		<annotation source="BABELFY" anchor="price" bfScore="0.7971758664955071" coherenceScore="0.11616161616161616">bn:00064309n</annotation>
		<annotation source="MCS" anchor="manner" bfScore="--" coherenceScore="--">bn:00033729n</annotation>
		<annotation source="MCS" anchor="old" bfScore="--" coherenceScore="--">bn:00107786a</annotation>
		<annotation source="BABELFY" anchor="old time" bfScore="1.0" coherenceScore="0.010101010101010102">bn:03749604n</annotation>
		<annotation source="BABELFY" anchor="time" bfScore="0.8666789770104331" coherenceScore="0.3181818181818182">bn:00077270n</annotation>
		<annotation source="BABELFY" anchor="holy" bfScore="1.0" coherenceScore="0.1414141414141414">bn:00104250a</annotation>
		<annotation source="BABELFY" anchor="women" bfScore="0.9467505595202905" coherenceScore="0.4797979797979798">bn:00001530n</annotation>
		<annotation source="BABELFY" anchor="trusted" bfScore="0.8646616541353384" coherenceScore="0.10101010101010101">bn:00086683v</annotation>
		<annotation source="MCS" anchor="adorned" bfScore="--" coherenceScore="--">bn:00082386v</annotation>
		<annotation source="BABELFY" anchor="obeyed" bfScore="0.7766642806012884" coherenceScore="0.15656565656565657">bn:00082139v</annotation>
		<annotation source="BABELFY" anchor="Abraham" bfScore="0.8170128585558852" coherenceScore="0.29797979797979796">bn:00000386n</annotation>
		<annotation source="MCS" anchor="calling" bfScore="--" coherenceScore="--">bn:00084385v</annotation>
		<annotation source="BABELFY" anchor="daughters" bfScore="0.9655400927766733" coherenceScore="0.15656565656565657">bn:00025364n</annotation>
		<annotation source="BABELFY" anchor="long" bfScore="0.9" coherenceScore="0.015151515151515152">bn:00116154r</annotation>
		<annotation source="MCS" anchor="afraid" bfScore="--" coherenceScore="--">bn:00096625a</annotation>
		<annotation source="MCS" anchor="amazement" bfScore="--" coherenceScore="--">bn:00003242n</annotation>
		<annotation source="BABELFY" anchor="dwell" bfScore="1.0" coherenceScore="0.005050505050505051">bn:00290062n</annotation>
		<annotation source="BABELFY" anchor="according" bfScore="0.8181818181818182" coherenceScore="0.015151515151515152">bn:00082228v</annotation>
		<annotation source="BABELFY" anchor="knowledge" bfScore="0.81270634424913" coherenceScore="0.5454545454545454">bn:00020452n</annotation>
		<annotation source="MCS" anchor="honour" bfScore="--" coherenceScore="--">bn:00044653n</annotation>
		<annotation source="BABELFY" anchor="wife" bfScore="1.0" coherenceScore="0.1717171717171717">bn:00053531n</annotation>
		<annotation source="BABELFY" anchor="weaker" bfScore="0.7194244604316546" coherenceScore="0.10101010101010101">bn:00102741a</annotation>
		<annotation source="MCS" anchor="weaker vessel" bfScore="--" coherenceScore="--">bn:13777741n</annotation>
		<annotation source="MCS" anchor="vessel" bfScore="--" coherenceScore="--">bn:00079618n</annotation>
		<annotation source="MCS" anchor="heirs" bfScore="--" coherenceScore="--">bn:00043555n</annotation>
		<annotation source="MCS" anchor="grace" bfScore="--" coherenceScore="--">bn:00041221n</annotation>
		<annotation source="BABELFY" anchor="life" bfScore="0.8013476115990855" coherenceScore="0.37373737373737376">bn:00051054n</annotation>
		<annotation source="BABELFY" anchor="prayers" bfScore="0.7724371010138941" coherenceScore="0.3333333333333333">bn:00059529n</annotation>
		<annotation source="BABELFY" anchor="hindered" bfScore="0.7954545454545454" coherenceScore="0.025252525252525252">bn:00083622v</annotation>
		<annotation source="BABELFY" anchor="Finally" bfScore="1.0" coherenceScore="0.025252525252525252">bn:00115252r</annotation>
		<annotation source="MCS" anchor="mind" bfScore="--" coherenceScore="--">bn:00012681n</annotation>
		<annotation source="MCS" anchor="compassion" bfScore="--" coherenceScore="--">bn:00021318n</annotation>
		<annotation source="BABELFY" anchor="love" bfScore="0.8340256245246592" coherenceScore="0.5454545454545454">bn:00052121n</annotation>
		<annotation source="MCS" anchor="brethren" bfScore="--" coherenceScore="--">bn:00013012n</annotation>
		<annotation source="MCS" anchor="pitiful" bfScore="--" coherenceScore="--">bn:00108339a</annotation>
		<annotation source="MCS" anchor="courteous" bfScore="--" coherenceScore="--">bn:00100569a</annotation>
		<annotation source="MCS" anchor="rendering" bfScore="--" coherenceScore="--">bn:00092789v</annotation>
		<annotation source="BABELFY" anchor="evil" bfScore="0.8121204031235401" coherenceScore="0.3939393939393939">bn:00032050n</annotation>
		<annotation source="MCS" anchor="railing" bfScore="--" coherenceScore="--">bn:00066008n</annotation>
		<annotation source="BABELFY" anchor="contrariwise" bfScore="1.0" coherenceScore="0.025252525252525252">bn:00114841r</annotation>
		<annotation source="MCS" anchor="blessing" bfScore="--" coherenceScore="--">bn:00005158n</annotation>
		<annotation source="MCS" anchor="knowing" bfScore="--" coherenceScore="--">bn:00085261v</annotation>
		<annotation source="MCS" anchor="thereunto" bfScore="--" coherenceScore="--">bn:13612626r</annotation>
		<annotation source="MCS" anchor="called" bfScore="--" coherenceScore="--">bn:00084385v</annotation>
		<annotation source="BABELFY" anchor="inherit" bfScore="0.8849270664505673" coherenceScore="0.10606060606060606">bn:00089736v</annotation>
		<annotation source="MCS" anchor="love" bfScore="--" coherenceScore="--">bn:00090504v</annotation>
		<annotation source="MCS" anchor="love life" bfScore="--" coherenceScore="--">bn:00052124n</annotation>
		<annotation source="MCS" anchor="good" bfScore="--" coherenceScore="--">bn:00103672a</annotation>
		<annotation source="BABELFY" anchor="good days" bfScore="0.9096989966555183" coherenceScore="0.08080808080808081">bn:00603706n</annotation>
		<annotation source="MCS" anchor="days" bfScore="--" coherenceScore="--">bn:00000086n</annotation>
		<annotation source="BABELFY" anchor="refrain" bfScore="0.9574468085106383" coherenceScore="0.09090909090909091">bn:00082179v</annotation>
		<annotation source="MCS" anchor="tongue" bfScore="--" coherenceScore="--">bn:00019439n</annotation>
		<annotation source="BABELFY" anchor="lips" bfScore="0.8888888888888888" coherenceScore="0.12121212121212122">bn:00051440n</annotation>
		<annotation source="MCS" anchor="speak" bfScore="--" coherenceScore="--">bn:00090943v</annotation>
		<annotation source="MCS" anchor="guile" bfScore="--" coherenceScore="--">bn:00023500n</annotation>
		<annotation source="BABELFY" anchor="eschew" bfScore="1.0" coherenceScore="0.020202020202020204">bn:00087728v</annotation>
		<annotation source="MCS" anchor="evil" bfScore="--" coherenceScore="--">bn:00102474a</annotation>
		<annotation source="MCS" anchor="seek" bfScore="--" coherenceScore="--">bn:00093452v</annotation>
		<annotation source="MCS" anchor="peace" bfScore="--" coherenceScore="--">bn:00061149n</annotation>
		<annotation source="BABELFY" anchor="ensue" bfScore="1.0" coherenceScore="0.005050505050505051">bn:00087671v</annotation>
		<annotation source="BABELFY" anchor="eyes" bfScore="0.9068441064638784" coherenceScore="0.2676767676767677">bn:00032512n</annotation>
		<annotation source="BABELFY" anchor="righteous" bfScore="0.9940740740740741" coherenceScore="0.2222222222222222">bn:14362002n</annotation>
		<annotation source="BABELFY" anchor="ears" bfScore="0.7772215269086358" coherenceScore="0.13636363636363635">bn:00029372n</annotation>
		<annotation source="MCS" anchor="open" bfScore="--" coherenceScore="--">bn:00107879a</annotation>
		<annotation source="MCS" anchor="face" bfScore="--" coherenceScore="--">bn:00032600n</annotation>
		<annotation source="BABELFY" anchor="harm" bfScore="1.0" coherenceScore="0.04040404040404041">bn:00089215v</annotation>
		<annotation source="MCS" anchor="followers" bfScore="--" coherenceScore="--">bn:00035629n</annotation>
		<annotation source="MCS" anchor="suffer" bfScore="--" coherenceScore="--">bn:00087618v</annotation>
		<annotation source="MCS" anchor="righteousness" bfScore="--" coherenceScore="--">bn:00067848n</annotation>
		<annotation source="MCS" anchor="sake" bfScore="--" coherenceScore="--">bn:00047078n</annotation>
		<annotation source="BABELFY" anchor="happy" bfScore="0.7749287749287749" coherenceScore="0.08080808080808081">bn:00103933a</annotation>
		<annotation source="BABELFY" anchor="terror" bfScore="0.7016384778012685" coherenceScore="0.22727272727272727">bn:00001793n</annotation>
		<annotation source="MCS" anchor="troubled" bfScore="--" coherenceScore="--">bn:00087072v</annotation>
		<annotation source="BABELFY" anchor="sanctify" bfScore="0.7811158798283262" coherenceScore="0.1414141414141414">bn:00083602v</annotation>
		<annotation source="MCS" anchor="hearts" bfScore="--" coherenceScore="--">bn:00012289n</annotation>
		<annotation source="MCS" anchor="ready" bfScore="--" coherenceScore="--">bn:00109485a</annotation>
		<annotation source="MCS" anchor="answer" bfScore="--" coherenceScore="--">bn:00004451n</annotation>
		<annotation source="BABELFY" anchor="reason" bfScore="0.9105912328449823" coherenceScore="0.4292929292929293">bn:00047021n</annotation>
		<annotation source="MCS" anchor="hope" bfScore="--" coherenceScore="--">bn:00044736n</annotation>
		<annotation source="BABELFY" anchor="meekness" bfScore="0.7014809041309431" coherenceScore="0.15151515151515152">bn:01015731n</annotation>
		<annotation source="MCS" anchor="conscience" bfScore="--" coherenceScore="--">bn:00021945n</annotation>
		<annotation source="BABELFY" anchor="evildoers" bfScore="0.7139239049099176" coherenceScore="0.398989898989899">bn:00032050n</annotation>
		<annotation source="BABELFY" anchor="ashamed" bfScore="1.0" coherenceScore="0.15151515151515152">bn:00097581a</annotation>
		<annotation source="BABELFY" anchor="falsely" bfScore="0.9" coherenceScore="0.015151515151515152">bn:00115316r</annotation>
		<annotation source="BABELFY" anchor="accuse" bfScore="0.8620689655172413" coherenceScore="0.025252525252525252">bn:00082249v</annotation>
		<annotation source="BABELFY" anchor="Christ" bfScore="0.9865146714642806" coherenceScore="0.696969696969697">bn:00018805n</annotation>
		<annotation source="MCS" anchor="better" bfScore="--" coherenceScore="--">bn:00103672a</annotation>
		<annotation source="MCS" anchor="suffered" bfScore="--" coherenceScore="--">bn:00087618v</annotation>
		<annotation source="BABELFY" anchor="sins" bfScore="0.8718323078527479" coherenceScore="0.4797979797979798">bn:00071707n</annotation>
		<annotation source="BABELFY" anchor="unjust" bfScore="0.8284023668639053" coherenceScore="0.050505050505050504">bn:00112916a</annotation>
		<annotation source="MCS" anchor="bring" bfScore="--" coherenceScore="--">bn:00084058v</annotation>
		<annotation source="BABELFY" anchor="death" bfScore="0.7734258927199139" coherenceScore="0.5505050505050505">bn:00025582n</annotation>
		<annotation source="MCS" anchor="flesh" bfScore="--" coherenceScore="--">bn:00035182n</annotation>
		<annotation source="MCS" anchor="quickened" bfScore="--" coherenceScore="--">bn:00082193v</annotation>
		<annotation source="MCS" anchor="Spirit" bfScore="--" coherenceScore="--">bn:00073430n</annotation>
		<annotation source="BABELFY" anchor="preached" bfScore="0.9574468085106383" coherenceScore="0.13636363636363635">bn:00091922v</annotation>
		<annotation source="MCS" anchor="spirits" bfScore="--" coherenceScore="--">bn:00073430n</annotation>
		<annotation source="BABELFY" anchor="spirits in prison" bfScore="1.0" coherenceScore="0.15151515151515152">bn:02330503n</annotation>
		<annotation source="MCS" anchor="prison" bfScore="--" coherenceScore="--">bn:00064468n</annotation>
		<annotation source="BABELFY" anchor="disobedient" bfScore="0.90625" coherenceScore="0.08080808080808081">bn:00101546a</annotation>
		<annotation source="MCS" anchor="longsuffering" bfScore="--" coherenceScore="--">bn:13742119n</annotation>
		<annotation source="MCS" anchor="waited" bfScore="--" coherenceScore="--">bn:00095593v</annotation>
		<annotation source="BABELFY" anchor="ark" bfScore="0.8068459657701712" coherenceScore="0.16666666666666666">bn:00005694n</annotation>
		<annotation source="MCS" anchor="preparing" bfScore="--" coherenceScore="--">bn:00088250v</annotation>
		<annotation source="MCS" anchor="souls" bfScore="--" coherenceScore="--">bn:00065006n</annotation>
		<annotation source="BABELFY" anchor="saved" bfScore="0.8141276041666666" coherenceScore="0.20707070707070707">bn:00086537v</annotation>
		<annotation source="BABELFY" anchor="water" bfScore="0.8388271488667043" coherenceScore="0.40404040404040403">bn:00042379n</annotation>
		<annotation source="BABELFY" anchor="like" bfScore="0.8032786885245902" coherenceScore="0.03535353535353535">bn:00105977a</annotation>
		<annotation source="MCS" anchor="figure" bfScore="--" coherenceScore="--">bn:00034369n</annotation>
		<annotation source="MCS" anchor="whereunto" bfScore="--" coherenceScore="--">bn:13750721r</annotation>
		<annotation source="BABELFY" anchor="baptism" bfScore="0.8493850520340587" coherenceScore="0.3383838383838384">bn:00008455n</annotation>
		<annotation source="BABELFY" anchor="save" bfScore="0.8141276041666666" coherenceScore="0.20707070707070707">bn:00086537v</annotation>
		<annotation source="BABELFY" anchor="filth" bfScore="0.8286995515695067" coherenceScore="0.1414141414141414">bn:00027402n</annotation>
		<annotation source="BABELFY" anchor="resurrection" bfScore="0.8603307657453557" coherenceScore="0.35353535353535354">bn:00018809n</annotation>
		<annotation source="BABELFY" anchor="resurrection of Jesus" bfScore="1.0" coherenceScore="0.35858585858585856">bn:00018809n</annotation>
		<annotation source="BABELFY" anchor="resurrection of Jesus Christ" bfScore="0.9383033419023136" coherenceScore="0.35353535353535354">bn:00018809n</annotation>
		<annotation source="BABELFY" anchor="Jesus" bfScore="0.8873958303295942" coherenceScore="0.696969696969697">bn:00018805n</annotation>
		<annotation source="BABELFY" anchor="Jesus Christ" bfScore="0.9793099097962531" coherenceScore="0.696969696969697">bn:00018805n</annotation>
		<annotation source="MCS" anchor="heaven" bfScore="--" coherenceScore="--">bn:00029734n</annotation>
		<annotation source="MCS" anchor="hand" bfScore="--" coherenceScore="--">bn:00042759n</annotation>
		<annotation source="BABELFY" anchor="hand of God" bfScore="0.7855051244509517" coherenceScore="0.14646464646464646">bn:01752033n</annotation>
		<annotation source="BABELFY" anchor="angels" bfScore="0.8089333472265638" coherenceScore="0.4292929292929293">bn:00004063n</annotation>
		<annotation source="MCS" anchor="authorities" bfScore="--" coherenceScore="--">bn:00007293n</annotation>
		<annotation source="BABELFY" anchor="powers" bfScore="0.7337770382695508" coherenceScore="0.3181818181818182">bn:00025995n</annotation>
		<annotation source="MCS" anchor="subject" bfScore="--" coherenceScore="--">bn:00099216a</annotation>
	</annotations>
</paragraph>
<paragraph id="p.4">
	<text>
		Forasmuch then as Christ hath suffered for us in the flesh , arm yourselves likewise with the same mind : for he that hath suffered in the flesh hath ceased from sin ;
		That he no longer should live the rest of his time in the flesh to the lusts of men , but to the will of God .
		For the time past of our life may suffice us to have wrought the will of the Gentiles , when we walked in lasciviousness , lusts , excess of wine , revellings , banquetings , and abominable idolatries :
		Wherein they think it strange that ye run not with them to the same excess of riot , speaking evil of you :
		Who shall give account to him that is ready to judge the quick and the dead .
		For for this cause was the gospel preached also to them that are dead , that they might be judged according to men in the flesh , but live according to God in the spirit .
		But the end of all things is at hand : be ye therefore sober , and watch unto prayer .
		And above all things have fervent charity among yourselves : for charity shall cover the multitude of sins .
		Use hospitality one to another without grudging .
		As every man hath received the gift , even so minister the same one to another , as good stewards of the manifold grace of God .
		If any man speak , let him speak as the oracles of God ; if any man minister , let him do it as of the ability which God giveth : that God in all things may be glorified through Jesus Christ , to whom be praise and dominion for ever and ever . Amen .
		Beloved , think it not strange concerning the fiery trial which is to try you , as though some strange thing happened unto you :
		But rejoice , inasmuch as ye are partakers of Christ&amp;apos;s sufferings ; that , when his glory shall be revealed , ye may be glad also with exceeding joy .
		If ye be reproached for the name of Christ , happy are ye ; for the spirit of glory and of God resteth upon you : on their part he is evil spoken of , but on your part he is glorified .
		But let none of you suffer as a murderer , or as a thief , or as an evildoer , or as a busybody in other men&amp;apos;s matters .
		Yet if any man suffer as a Christian , let him not be ashamed ; but let him glorify God on this behalf .
		For the time is come that judgment must begin at the house of God : and if it first begin at us , what shall the end be of them that obey not the gospel of God ?
		And if the righteous scarcely be saved , where shall the ungodly and the sinner appear ?
		Wherefore let them that suffer according to the will of God commit the keeping of their souls to him in well doing , as unto a faithful Creator .
	</text>
	<annotations>
		<annotation source="MCS" anchor="Forasmuch" bfScore="--" coherenceScore="--">bn:13762280r</annotation>
		<annotation source="BABELFY" anchor="Christ" bfScore="0.9754741514594449" coherenceScore="0.7207792207792207">bn:00018805n</annotation>
		<annotation source="MCS" anchor="suffered" bfScore="--" coherenceScore="--">bn:00087618v</annotation>
		<annotation source="MCS" anchor="flesh" bfScore="--" coherenceScore="--">bn:00035182n</annotation>
		<annotation source="MCS" anchor="arm" bfScore="--" coherenceScore="--">bn:00005702n</annotation>
		<annotation source="MCS" anchor="likewise" bfScore="--" coherenceScore="--">bn:00116128r</annotation>
		<annotation source="MCS" anchor="mind" bfScore="--" coherenceScore="--">bn:00012681n</annotation>
		<annotation source="BABELFY" anchor="ceased" bfScore="0.8536585365853658" coherenceScore="0.045454545454545456">bn:00084711v</annotation>
		<annotation source="BABELFY" anchor="sin" bfScore="0.8322497983201252" coherenceScore="0.4805194805194805">bn:00071707n</annotation>
		<annotation source="BABELFY" anchor="longer" bfScore="1.0" coherenceScore="0.045454545454545456">bn:00116156r</annotation>
		<annotation source="MCS" anchor="live" bfScore="--" coherenceScore="--">bn:00087441v</annotation>
		<annotation source="BABELFY" anchor="rest" bfScore="0.7804878048780488" coherenceScore="0.15584415584415584">bn:00031686n</annotation>
		<annotation source="BABELFY" anchor="time" bfScore="0.815980800451754" coherenceScore="0.44155844155844154">bn:00077270n</annotation>
		<annotation source="BABELFY" anchor="time in" bfScore="0.9" coherenceScore="0.03896103896103896">bn:03697757n</annotation>
		<annotation source="MCS" anchor="lusts" bfScore="--" coherenceScore="--">bn:00050478n</annotation>
		<annotation source="BABELFY" anchor="men" bfScore="0.7224914946171412" coherenceScore="0.8441558441558441">bn:00044576n</annotation>
		<annotation source="BABELFY" anchor="God" bfScore="0.704022628851786" coherenceScore="0.8116883116883117">bn:00040878n</annotation>
		<annotation source="MCS" anchor="past" bfScore="--" coherenceScore="--">bn:00060927n</annotation>
		<annotation source="BABELFY" anchor="life" bfScore="0.708184304649695" coherenceScore="0.4675324675324675">bn:00051054n</annotation>
		<annotation source="BABELFY" anchor="suffice" bfScore="1.0" coherenceScore="0.01948051948051948">bn:00082652v</annotation>
		<annotation source="MCS" anchor="wrought" bfScore="--" coherenceScore="--">bn:00106852a</annotation>
		<annotation source="MCS" anchor="Gentiles" bfScore="--" coherenceScore="--">bn:00037763n</annotation>
		<annotation source="MCS" anchor="walked" bfScore="--" coherenceScore="--">bn:00095597v</annotation>
		<annotation source="MCS" anchor="lasciviousness" bfScore="--" coherenceScore="--">bn:00016125n</annotation>
		<annotation source="BABELFY" anchor="excess" bfScore="1.0" coherenceScore="0.01948051948051948">bn:00102499a</annotation>
		<annotation source="BABELFY" anchor="wine" bfScore="0.8162374508948058" coherenceScore="0.22077922077922077">bn:00080022n</annotation>
		<annotation source="BABELFY" anchor="abominable" bfScore="0.9846153846153847" coherenceScore="0.05194805194805195">bn:00096164a</annotation>
		<annotation source="MCS" anchor="idolatries" bfScore="--" coherenceScore="--">bn:00024348n</annotation>
		<annotation source="MCS" anchor="think" bfScore="--" coherenceScore="--">bn:00083370v</annotation>
		<annotation source="MCS" anchor="strange" bfScore="--" coherenceScore="--">bn:00111281a</annotation>
		<annotation source="BABELFY" anchor="excess" bfScore="0.8571428571428571" coherenceScore="0.07792207792207792">bn:00027727n</annotation>
		<annotation source="BABELFY" anchor="riot" bfScore="0.8606271777003485" coherenceScore="0.2532467532467532">bn:00007690n</annotation>
		<annotation source="MCS" anchor="speaking" bfScore="--" coherenceScore="--">bn:00090943v</annotation>
		<annotation source="BABELFY" anchor="evil" bfScore="0.8194130925507901" coherenceScore="0.21428571428571427">bn:00102475a</annotation>
		<annotation source="MCS" anchor="account" bfScore="--" coherenceScore="--">bn:00000738n</annotation>
		<annotation source="MCS" anchor="ready" bfScore="--" coherenceScore="--">bn:00109485a</annotation>
		<annotation source="MCS" anchor="judge" bfScore="--" coherenceScore="--">bn:00090000v</annotation>
		<annotation source="MCS" anchor="quick" bfScore="--" coherenceScore="--">bn:00109345a</annotation>
		<annotation source="BABELFY" anchor="dead" bfScore="0.7120786516853933" coherenceScore="0.33766233766233766">bn:00025501n</annotation>
		<annotation source="MCS" anchor="gospel" bfScore="--" coherenceScore="--">bn:00031976n</annotation>
		<annotation source="BABELFY" anchor="preached" bfScore="0.968503937007874" coherenceScore="0.17532467532467533">bn:00091922v</annotation>
		<annotation source="MCS" anchor="dead" bfScore="--" coherenceScore="--">bn:00100948a</annotation>
		<annotation source="MCS" anchor="judged" bfScore="--" coherenceScore="--">bn:00090000v</annotation>
		<annotation source="MCS" anchor="according" bfScore="--" coherenceScore="--">bn:00082227v</annotation>
		<annotation source="MCS" anchor="spirit" bfScore="--" coherenceScore="--">bn:00073430n</annotation>
		<annotation source="MCS" anchor="end" bfScore="--" coherenceScore="--">bn:00030718n</annotation>
		<annotation source="BABELFY" anchor="end of all" bfScore="1.0" coherenceScore="0.19480519480519481">bn:01200608n</annotation>
		<annotation source="BABELFY" anchor="things" bfScore="0.894141829393628" coherenceScore="0.18831168831168832">bn:00006125n</annotation>
		<annotation source="MCS" anchor="hand" bfScore="--" coherenceScore="--">bn:00042759n</annotation>
		<annotation source="BABELFY" anchor="sober" bfScore="0.9808429118773946" coherenceScore="0.1038961038961039">bn:00103758a</annotation>
		<annotation source="MCS" anchor="watch" bfScore="--" coherenceScore="--">bn:00095665v</annotation>
		<annotation source="BABELFY" anchor="prayer" bfScore="0.7198076923076923" coherenceScore="0.37012987012987014">bn:00059529n</annotation>
		<annotation source="BABELFY" anchor="fervent" bfScore="0.9821428571428571" coherenceScore="0.06493506493506493">bn:00097467a</annotation>
		<annotation source="MCS" anchor="charity" bfScore="--" coherenceScore="--">bn:00017818n</annotation>
		<annotation source="MCS" anchor="cover" bfScore="--" coherenceScore="--">bn:00085903v</annotation>
		<annotation source="MCS" anchor="multitude" bfScore="--" coherenceScore="--">bn:00009055n</annotation>
		<annotation source="BABELFY" anchor="sins" bfScore="0.8517727051966975" coherenceScore="0.4805194805194805">bn:00071707n</annotation>
		<annotation source="BABELFY" anchor="hospitality" bfScore="0.9326683291770573" coherenceScore="0.21428571428571427">bn:01381978n</annotation>
		<annotation source="BABELFY" anchor="grudging" bfScore="0.9878048780487805" coherenceScore="0.05844155844155844">bn:00103820a</annotation>
		<annotation source="BABELFY" anchor="man" bfScore="0.7224914946171412" coherenceScore="0.8441558441558441">bn:00044576n</annotation>
		<annotation source="MCS" anchor="received" bfScore="--" coherenceScore="--">bn:00089246v</annotation>
		<annotation source="MCS" anchor="gift" bfScore="--" coherenceScore="--">bn:00040436n</annotation>
		<annotation source="BABELFY" anchor="minister" bfScore="0.9985590778097982" coherenceScore="0.13636363636363635">bn:00090806v</annotation>
		<annotation source="MCS" anchor="good" bfScore="--" coherenceScore="--">bn:00103672a</annotation>
		<annotation source="MCS" anchor="stewards" bfScore="--" coherenceScore="--">bn:00074243n</annotation>
		<annotation source="MCS" anchor="manifold" bfScore="--" coherenceScore="--">bn:00106391a</annotation>
		<annotation source="MCS" anchor="grace" bfScore="--" coherenceScore="--">bn:00041221n</annotation>
		<annotation source="BABELFY" anchor="grace of God" bfScore="1.0" coherenceScore="0.22727272727272727">bn:00036349n</annotation>
		<annotation source="MCS" anchor="speak" bfScore="--" coherenceScore="--">bn:00090943v</annotation>
		<annotation source="BABELFY" anchor="oracles" bfScore="1.0" coherenceScore="0.21428571428571427">bn:00059234n</annotation>
		<annotation source="MCS" anchor="minister" bfScore="--" coherenceScore="--">bn:00024459n</annotation>
		<annotation source="BABELFY" anchor="ability" bfScore="0.9305835010060363" coherenceScore="0.16233766233766234">bn:00000318n</annotation>
		<annotation source="MCS" anchor="glorified" bfScore="--" coherenceScore="--">bn:00087785v</annotation>
		<annotation source="BABELFY" anchor="Jesus" bfScore="0.8746161305964119" coherenceScore="0.7207792207792207">bn:00018805n</annotation>
		<annotation source="BABELFY" anchor="Jesus Christ" bfScore="0.9640655042100378" coherenceScore="0.7207792207792207">bn:00018805n</annotation>
		<annotation source="MCS" anchor="praise" bfScore="--" coherenceScore="--">bn:00021834n</annotation>
		<annotation source="MCS" anchor="dominion" bfScore="--" coherenceScore="--">bn:00028191n</annotation>
		<annotation source="BABELFY" anchor="Amen" bfScore="0.9140832595217007" coherenceScore="0.23376623376623376">bn:00003325n</annotation>
		<annotation source="MCS" anchor="Beloved" bfScore="--" coherenceScore="--">bn:00098224a</annotation>
		<annotation source="MCS" anchor="concerning" bfScore="--" coherenceScore="--">bn:00083240v</annotation>
		<annotation source="BABELFY" anchor="fiery" bfScore="0.8477064220183487" coherenceScore="0.13636363636363635">bn:00102944a</annotation>
		<annotation source="MCS" anchor="trial" bfScore="--" coherenceScore="--">bn:00068548n</annotation>
		<annotation source="MCS" anchor="happened" bfScore="--" coherenceScore="--">bn:00085337v</annotation>
		<annotation source="BABELFY" anchor="rejoice" bfScore="0.9656283566058003" coherenceScore="0.18831168831168832">bn:00089996v</annotation>
		<annotation source="BABELFY" anchor="partakers" bfScore="1.0" coherenceScore="0.16883116883116883">bn:00060776n</annotation>
		<annotation source="MCS" anchor="sufferings" bfScore="--" coherenceScore="--">bn:00002072n</annotation>
		<annotation source="MCS" anchor="glory" bfScore="--" coherenceScore="--">bn:00040711n</annotation>
		<annotation source="BABELFY" anchor="revealed" bfScore="0.9658246656760773" coherenceScore="0.16883116883116883">bn:00092981v</annotation>
		<annotation source="MCS" anchor="glad" bfScore="--" coherenceScore="--">bn:00103601a</annotation>
		<annotation source="BABELFY" anchor="exceeding" bfScore="0.9210526315789473" coherenceScore="0.032467532467532464">bn:00087795v</annotation>
		<annotation source="MCS" anchor="joy" bfScore="--" coherenceScore="--">bn:00048468n</annotation>
		<annotation source="BABELFY" anchor="reproached" bfScore="1.0" coherenceScore="0.012987012987012988">bn:00092847v</annotation>
		<annotation source="BABELFY" anchor="happy" bfScore="0.8810572687224669" coherenceScore="0.16233766233766234">bn:00103933a</annotation>
		<annotation source="MCS" anchor="spoken" bfScore="--" coherenceScore="--">bn:00090943v</annotation>
		<annotation source="MCS" anchor="suffer" bfScore="--" coherenceScore="--">bn:00087618v</annotation>
		<annotation source="BABELFY" anchor="murderer" bfScore="0.9152249134948097" coherenceScore="0.14935064935064934">bn:00051488n</annotation>
		<annotation source="MCS" anchor="thief" bfScore="--" coherenceScore="--">bn:00074094n</annotation>
		<annotation source="BABELFY" anchor="evildoer" bfScore="0.7868453105968332" coherenceScore="0.33116883116883117">bn:00023807n</annotation>
		<annotation source="BABELFY" anchor="busybody" bfScore="1.0" coherenceScore="0.08441558441558442">bn:00014197n</annotation>
		<annotation source="MCS" anchor="matters" bfScore="--" coherenceScore="--">bn:00001734n</annotation>
		<annotation source="BABELFY" anchor="Christian" bfScore="0.8236198802007447" coherenceScore="0.35714285714285715">bn:00018818n</annotation>
		<annotation source="BABELFY" anchor="ashamed" bfScore="1.0" coherenceScore="0.19480519480519481">bn:00097581a</annotation>
		<annotation source="MCS" anchor="glorify" bfScore="--" coherenceScore="--">bn:00087785v</annotation>
		<annotation source="MCS" anchor="behalf" bfScore="--" coherenceScore="--">bn:00009652n</annotation>
		<annotation source="MCS" anchor="judgment" bfScore="--" coherenceScore="--">bn:00048493n</annotation>
		<annotation source="MCS" anchor="house" bfScore="--" coherenceScore="--">bn:00044994n</annotation>
		<annotation source="BABELFY" anchor="house of" bfScore="1.0" coherenceScore="0.032467532467532464">bn:00029305n</annotation>
		<annotation source="MCS" anchor="house of God" bfScore="--" coherenceScore="--">bn:00045013n</annotation>
		<annotation source="BABELFY" anchor="obey" bfScore="0.998769987699877" coherenceScore="0.18181818181818182">bn:00082139v</annotation>
		<annotation source="BABELFY" anchor="righteous" bfScore="1.0" coherenceScore="0.22727272727272727">bn:14362002n</annotation>
		<annotation source="MCS" anchor="scarcely" bfScore="--" coherenceScore="--">bn:00114504r</annotation>
		<annotation source="MCS" anchor="saved" bfScore="--" coherenceScore="--">bn:00092745v</annotation>
		<annotation source="BABELFY" anchor="sinner" bfScore="0.8365817091454273" coherenceScore="0.2012987012987013">bn:00032053n</annotation>
		<annotation source="MCS" anchor="appear" bfScore="--" coherenceScore="--">bn:00082690v</annotation>
		<annotation source="BABELFY" anchor="commit" bfScore="0.7142316426949281" coherenceScore="0.24025974025974026">bn:00085427v</annotation>
		<annotation source="MCS" anchor="keeping" bfScore="--" coherenceScore="--">bn:00089384v</annotation>
		<annotation source="MCS" anchor="souls" bfScore="--" coherenceScore="--">bn:00065006n</annotation>
		<annotation source="MCS" anchor="faithful" bfScore="--" coherenceScore="--">bn:00102728a</annotation>
		<annotation source="BABELFY" anchor="Creator" bfScore="0.8324825986078886" coherenceScore="0.2532467532467532">bn:00002966n</annotation>
	</annotations>
</paragraph>
<paragraph id="p.5">
	<text>
		The elders which are among you I exhort , who am also an elder , and a witness of the sufferings of Christ , and also a partaker of the glory that shall be revealed :
		Feed the flock of God which is among you , taking the oversight thereof , not by constraint , but willingly ; not for filthy lucre , but of a ready mind ;
		Neither as being lords over God&amp;apos;s heritage , but being ensamples to the flock .
		And when the chief Shepherd shall appear , ye shall receive a crown of glory that fadeth not away .
		Likewise , ye younger , submit yourselves unto the elder . Yea , all of you be subject one to another , and be clothed with humility : for God resisteth the proud , and giveth grace to the humble .
		Humble yourselves therefore under the mighty hand of God , that he may exalt you in due time :
		Casting all your care upon him ; for he careth for you .
		Be sober , be vigilant ; because your adversary the devil , as a roaring lion , walketh about , seeking whom he may devour :
		Whom resist stedfast in the faith , knowing that the same afflictions are accomplished in your brethren that are in the world .
		But the God of all grace , who hath called us unto his eternal glory by Christ Jesus , after that ye have suffered a while , make you perfect , stablish , strengthen , settle you .
		To him be glory and dominion for ever and ever . Amen .
		By Silvanus , a faithful brother unto you , as I suppose , I have written briefly , exhorting , and testifying that this is the true grace of God wherein ye stand .
		The church that is at Babylon , elected together with you , saluteth you ; and so doth Marcus my son .
		Greet ye one another with a kiss of charity . Peace be with you all that are in Christ Jesus . Amen .
	</text>
	<annotations>
		<annotation source="MCS" anchor="elders" bfScore="--" coherenceScore="--">bn:00030100n</annotation>
		<annotation source="BABELFY" anchor="exhort" bfScore="0.8" coherenceScore="0.018518518518518517">bn:00083132v</annotation>
		<annotation source="BABELFY" anchor="elder" bfScore="1.0" coherenceScore="0.16666666666666666">bn:00102074a</annotation>
		<annotation source="MCS" anchor="witness" bfScore="--" coherenceScore="--">bn:00046703n</annotation>
		<annotation source="MCS" anchor="sufferings" bfScore="--" coherenceScore="--">bn:00002072n</annotation>
		<annotation source="BABELFY" anchor="sufferings of Christ" bfScore="1.0" coherenceScore="0.23148148148148148">bn:00060910n</annotation>
		<annotation source="BABELFY" anchor="Christ" bfScore="0.9787486996581959" coherenceScore="0.6851851851851852">bn:00018805n</annotation>
		<annotation source="BABELFY" anchor="partaker" bfScore="1.0" coherenceScore="0.14814814814814814">bn:00060776n</annotation>
		<annotation source="BABELFY" anchor="glory" bfScore="0.8796356538711776" coherenceScore="0.24074074074074073">bn:00007184n</annotation>
		<annotation source="BABELFY" anchor="revealed" bfScore="0.9899598393574297" coherenceScore="0.1574074074074074">bn:00092981v</annotation>
		<annotation source="BABELFY" anchor="Feed" bfScore="0.782608695652174" coherenceScore="0.027777777777777776">bn:00087462v</annotation>
		<annotation source="BABELFY" anchor="flock" bfScore="0.91792656587473" coherenceScore="0.1574074074074074">bn:00035286n</annotation>
		<annotation source="BABELFY" anchor="oversight" bfScore="1.0" coherenceScore="0.1388888888888889">bn:00059908n</annotation>
		<annotation source="BABELFY" anchor="constraint" bfScore="1.0" coherenceScore="0.018518518518518517">bn:03040251n</annotation>
		<annotation source="BABELFY" anchor="willingly" bfScore="1.0" coherenceScore="0.018518518518518517">bn:00117581r</annotation>
		<annotation source="BABELFY" anchor="filthy" bfScore="1.0" coherenceScore="0.009259259259259259">bn:00100720a</annotation>
		<annotation source="MCS" anchor="filthy lucre" bfScore="--" coherenceScore="--">bn:00034499n</annotation>
		<annotation source="MCS" anchor="lucre" bfScore="--" coherenceScore="--">bn:00012054n</annotation>
		<annotation source="MCS" anchor="ready" bfScore="--" coherenceScore="--">bn:00109485a</annotation>
		<annotation source="MCS" anchor="mind" bfScore="--" coherenceScore="--">bn:00012681n</annotation>
		<annotation source="BABELFY" anchor="heritage" bfScore="0.8563829787234043" coherenceScore="0.19444444444444445">bn:00043823n</annotation>
		<annotation source="MCS" anchor="ensamples" bfScore="--" coherenceScore="--">bn:13739922n</annotation>
		<annotation source="BABELFY" anchor="chief" bfScore="1.0" coherenceScore="0.018518518518518517">bn:00099598a</annotation>
		<annotation source="BABELFY" anchor="chief Shepherd" bfScore="1.0" coherenceScore="0.6944444444444444">bn:00018805n</annotation>
		<annotation source="MCS" anchor="Shepherd" bfScore="--" coherenceScore="--">bn:00071033n</annotation>
		<annotation source="MCS" anchor="appear" bfScore="--" coherenceScore="--">bn:00082690v</annotation>
		<annotation source="BABELFY" anchor="receive" bfScore="0.7590361445783133" coherenceScore="0.19444444444444445">bn:00092494v</annotation>
		<annotation source="MCS" anchor="crown" bfScore="--" coherenceScore="--">bn:00024069n</annotation>
		<annotation source="BABELFY" anchor="Likewise" bfScore="1.0" coherenceScore="0.009259259259259259">bn:00114246r</annotation>
		<annotation source="MCS" anchor="younger" bfScore="--" coherenceScore="--">bn:00104589a</annotation>
		<annotation source="BABELFY" anchor="submit" bfScore="0.8211678832116789" coherenceScore="0.1388888888888889">bn:00091468v</annotation>
		<annotation source="MCS" anchor="elder" bfScore="--" coherenceScore="--">bn:00030100n</annotation>
		<annotation source="MCS" anchor="Yea" bfScore="--" coherenceScore="--">bn:00117651r</annotation>
		<annotation source="BABELFY" anchor="subject" bfScore="0.8" coherenceScore="0.018518518518518517">bn:00099216a</annotation>
		<annotation source="BABELFY" anchor="clothed" bfScore="1.0" coherenceScore="0.12962962962962962">bn:00082388v</annotation>
		<annotation source="MCS" anchor="humility" bfScore="--" coherenceScore="--">bn:00045179n</annotation>
		<annotation source="MCS" anchor="proud" bfScore="--" coherenceScore="--">bn:00109157a</annotation>
		<annotation source="MCS" anchor="grace" bfScore="--" coherenceScore="--">bn:00041221n</annotation>
		<annotation source="BABELFY" anchor="humble" bfScore="0.9777777777777777" coherenceScore="0.10185185185185185">bn:00104396a</annotation>
		<annotation source="BABELFY" anchor="Humble" bfScore="0.9777777777777777" coherenceScore="0.10185185185185185">bn:00104396a</annotation>
		<annotation source="BABELFY" anchor="mighty" bfScore="1.0" coherenceScore="0.018518518518518517">bn:00106713a</annotation>
		<annotation source="MCS" anchor="hand" bfScore="--" coherenceScore="--">bn:00042759n</annotation>
		<annotation source="BABELFY" anchor="hand of God" bfScore="0.7713414634146342" coherenceScore="0.21296296296296297">bn:01752033n</annotation>
		<annotation source="MCS" anchor="exalt" bfScore="--" coherenceScore="--">bn:00087785v</annotation>
		<annotation source="MCS" anchor="due time" bfScore="--" coherenceScore="--">bn:00204608n</annotation>
		<annotation source="BABELFY" anchor="time" bfScore="0.75" coherenceScore="0.3055555555555556">bn:00077270n</annotation>
		<annotation source="BABELFY" anchor="Casting" bfScore="0.9" coherenceScore="0.05555555555555555">bn:00084628v</annotation>
		<annotation source="MCS" anchor="care" bfScore="--" coherenceScore="--">bn:00002157n</annotation>
		<annotation source="BABELFY" anchor="sober" bfScore="1.0" coherenceScore="0.06481481481481481">bn:00103758a</annotation>
		<annotation source="BABELFY" anchor="vigilant" bfScore="1.0" coherenceScore="0.009259259259259259">bn:00097488a</annotation>
		<annotation source="BABELFY" anchor="adversary" bfScore="1.0" coherenceScore="0.18518518518518517">bn:00001582n</annotation>
		<annotation source="BABELFY" anchor="devil" bfScore="0.7007725321888412" coherenceScore="0.48148148148148145">bn:00009586n</annotation>
		<annotation source="MCS" anchor="roaring" bfScore="--" coherenceScore="--">bn:00089498v</annotation>
		<annotation source="MCS" anchor="lion" bfScore="--" coherenceScore="--">bn:00049156n</annotation>
		<annotation source="BABELFY" anchor="seeking" bfScore="0.9090909090909091" coherenceScore="0.046296296296296294">bn:00082844v</annotation>
		<annotation source="MCS" anchor="devour" bfScore="--" coherenceScore="--">bn:00086763v</annotation>
		<annotation source="BABELFY" anchor="resist" bfScore="0.96" coherenceScore="0.1388888888888889">bn:00089411v</annotation>
		<annotation source="BABELFY" anchor="faith" bfScore="0.9051654714882847" coherenceScore="0.7777777777777778">bn:00032768n</annotation>
		<annotation source="MCS" anchor="knowing" bfScore="--" coherenceScore="--">bn:00085261v</annotation>
		<annotation source="BABELFY" anchor="afflictions" bfScore="0.7317073170731707" coherenceScore="0.046296296296296294">bn:00001782n</annotation>
		<annotation source="MCS" anchor="accomplished" bfScore="--" coherenceScore="--">bn:00082225v</annotation>
		<annotation source="MCS" anchor="brethren" bfScore="--" coherenceScore="--">bn:00013012n</annotation>
		<annotation source="MCS" anchor="world" bfScore="--" coherenceScore="--">bn:00022991n</annotation>
		<annotation source="MCS" anchor="called" bfScore="--" coherenceScore="--">bn:00084385v</annotation>
		<annotation source="BABELFY" anchor="eternal" bfScore="1.0" coherenceScore="0.018518518518518517">bn:00102212a</annotation>
		<annotation source="BABELFY" anchor="Christ Jesus" bfScore="1.0" coherenceScore="0.6944444444444444">bn:00018805n</annotation>
		<annotation source="BABELFY" anchor="Jesus" bfScore="0.9002019831068674" coherenceScore="0.6851851851851852">bn:00018805n</annotation>
		<annotation source="MCS" anchor="suffered" bfScore="--" coherenceScore="--">bn:00087618v</annotation>
		<annotation source="MCS" anchor="perfect" bfScore="--" coherenceScore="--">bn:00108442a</annotation>
		<annotation source="MCS" anchor="stablish" bfScore="--" coherenceScore="--">bn:13771875v</annotation>
		<annotation source="BABELFY" anchor="strengthen" bfScore="1.0" coherenceScore="0.009259259259259259">bn:00085583v</annotation>
		<annotation source="BABELFY" anchor="settle" bfScore="0.8797250859106529" coherenceScore="0.14814814814814814">bn:00088756v</annotation>
		<annotation source="MCS" anchor="dominion" bfScore="--" coherenceScore="--">bn:00028191n</annotation>
		<annotation source="BABELFY" anchor="Amen" bfScore="0.86996336996337" coherenceScore="0.23148148148148148">bn:00003325n</annotation>
		<annotation source="MCS" anchor="faithful" bfScore="--" coherenceScore="--">bn:00102728a</annotation>
		<annotation source="BABELFY" anchor="brother" bfScore="0.8846153846153846" coherenceScore="0.3333333333333333">bn:00055630n</annotation>
		<annotation source="MCS" anchor="suppose" bfScore="--" coherenceScore="--">bn:00093288v</annotation>
		<annotation source="MCS" anchor="written" bfScore="--" coherenceScore="--">bn:00085489v</annotation>
		<annotation source="BABELFY" anchor="briefly" bfScore="0.9375" coherenceScore="0.027777777777777776">bn:00114610r</annotation>
		<annotation source="BABELFY" anchor="exhorting" bfScore="0.8" coherenceScore="0.018518518518518517">bn:00083132v</annotation>
		<annotation source="MCS" anchor="testifying" bfScore="--" coherenceScore="--">bn:00082915v</annotation>
		<annotation source="MCS" anchor="true" bfScore="--" coherenceScore="--">bn:00112146a</annotation>
		<annotation source="BABELFY" anchor="grace of God" bfScore="1.0" coherenceScore="0.19444444444444445">bn:00036349n</annotation>
		<annotation source="MCS" anchor="stand" bfScore="--" coherenceScore="--">bn:00008787n</annotation>
		<annotation source="MCS" anchor="church" bfScore="--" coherenceScore="--">bn:00018819n</annotation>
		<annotation source="BABELFY" anchor="elected" bfScore="1.0" coherenceScore="0.009259259259259259">bn:00087517v</annotation>
		<annotation source="BABELFY" anchor="son" bfScore="0.8935611038107752" coherenceScore="0.2962962962962963">bn:00051877n</annotation>
		<annotation source="BABELFY" anchor="Greet" bfScore="1.0" coherenceScore="0.18518518518518517">bn:00041739n</annotation>
		<annotation source="BABELFY" anchor="kiss" bfScore="0.9680851063829787" coherenceScore="0.24074074074074073">bn:00014182n</annotation>
		<annotation source="MCS" anchor="charity" bfScore="--" coherenceScore="--">bn:00017818n</annotation>
		<annotation source="MCS" anchor="Peace" bfScore="--" coherenceScore="--">bn:00061149n</annotation>
		<annotation source="BABELFY" anchor="Peace be with you" bfScore="1.0" coherenceScore="0.2037037037037037">bn:00049235n</annotation>
	</annotations>
</paragraph>
</dataset>
