<?xml version="1.0" encoding="utf-8"?>
<dataset language="EN" title="1TI">
<paragraph id="p.1">
	<text>
		Paul , an apostle of Jesus Christ by the commandment of God our Saviour , and Lord Jesus Christ , which is our hope ;
		Unto Timothy , my own son in the faith : Grace , mercy , and peace , from God our Father and Jesus Christ our Lord .
		As I besought thee to abide still at Ephesus , when I went into Macedonia , that thou mightest charge some that they teach no other doctrine ,
		Neither give heed to fables and endless genealogies , which minister questions , rather than godly edifying which is in faith : so do .
		Now the end of the commandment is charity out of a pure heart , and of a good conscience , and of faith unfeigned :
		From which some having swerved have turned aside unto vain jangling ;
		Desiring to be teachers of the law ; understanding neither what they say , nor whereof they affirm .
		But we know that the law is good , if a man use it lawfully ;
		Knowing this , that the law is not made for a righteous man , but for the lawless and disobedient , for the ungodly and for sinners , for unholy and profane , for murderers of fathers and murderers of mothers , for manslayers ,
		For whoremongers , for them that defile themselves with mankind , for menstealers , for liars , for perjured persons , and if there be any other thing that is contrary to sound doctrine ;
		According to the glorious gospel of the blessed God , which was committed to my trust .
		And I thank Christ Jesus our Lord , who hath enabled me , for that he counted me faithful , putting me into the ministry ;
		Who was before a blasphemer , and a persecutor , and injurious : but I obtained mercy , because I did it ignorantly in unbelief .
		And the grace of our Lord was exceeding abundant with faith and love which is in Christ Jesus .
		This is a faithful saying , and worthy of all acceptation , that Christ Jesus came into the world to save sinners ; of whom I am chief .
		Howbeit for this cause I obtained mercy , that in me first Jesus Christ might shew forth all longsuffering , for a pattern to them which should hereafter believe on him to life everlasting .
		Now unto the King eternal , immortal , invisible , the only wise God , be honour and glory for ever and ever . Amen .
		This charge I commit unto thee , son Timothy , according to the prophecies which went before on thee , that thou by them mightest war a good warfare ;
		Holding faith , and a good conscience ; which some having put away concerning faith have made shipwreck :
		Of whom is Hymenaeus and Alexander ; whom I have delivered unto Satan , that they may learn not to blaspheme .
	</text>
	<annotations>
		<annotation source="BABELFY" anchor="Paul" bfScore="0.918918918918919" coherenceScore="0.5930232558139535">bn:00004984n</annotation>
		<annotation source="MCS" anchor="apostle" bfScore="--" coherenceScore="--">bn:00004981n</annotation>
		<annotation source="BABELFY" anchor="Jesus" bfScore="0.7636252296387018" coherenceScore="0.75">bn:00018805n</annotation>
		<annotation source="BABELFY" anchor="Jesus Christ" bfScore="0.9409307689909916" coherenceScore="0.75">bn:00018805n</annotation>
		<annotation source="BABELFY" anchor="Christ" bfScore="0.9499203708667749" coherenceScore="0.75">bn:00018805n</annotation>
		<annotation source="MCS" anchor="commandment" bfScore="--" coherenceScore="--">bn:00020960n</annotation>
		<annotation source="BABELFY" anchor="Saviour" bfScore="0.9595869878983013" coherenceScore="0.75">bn:00018805n</annotation>
		<annotation source="BABELFY" anchor="Lord Jesus" bfScore="1.0" coherenceScore="0.7558139534883721">bn:00018805n</annotation>
		<annotation source="BABELFY" anchor="Lord Jesus Christ" bfScore="1.0" coherenceScore="0.7558139534883721">bn:00018805n</annotation>
		<annotation source="MCS" anchor="hope" bfScore="--" coherenceScore="--">bn:00044736n</annotation>
		<annotation source="BABELFY" anchor="Timothy" bfScore="0.7339873052510099" coherenceScore="0.27906976744186046">bn:00077326n</annotation>
		<annotation source="BABELFY" anchor="son" bfScore="0.8741726567504092" coherenceScore="0.4127906976744186">bn:00051877n</annotation>
		<annotation source="BABELFY" anchor="faith" bfScore="0.8629821342768532" coherenceScore="0.8430232558139535">bn:00032768n</annotation>
		<annotation source="MCS" anchor="Grace" bfScore="--" coherenceScore="--">bn:00041221n</annotation>
		<annotation source="MCS" anchor="mercy" bfScore="--" coherenceScore="--">bn:00019708n</annotation>
		<annotation source="MCS" anchor="peace" bfScore="--" coherenceScore="--">bn:00061149n</annotation>
		<annotation source="MCS" anchor="Father" bfScore="--" coherenceScore="--">bn:00009616n</annotation>
		<annotation source="BABELFY" anchor="besought" bfScore="1.0" coherenceScore="0.01744186046511628">bn:00082355v</annotation>
		<annotation source="BABELFY" anchor="abide" bfScore="0.9991843393148451" coherenceScore="0.20348837209302326">bn:00082138v</annotation>
		<annotation source="BABELFY" anchor="charge" bfScore="0.7191489361702128" coherenceScore="0.22674418604651161">bn:00084807v</annotation>
		<annotation source="BABELFY" anchor="teach" bfScore="0.756385068762279" coherenceScore="0.28488372093023256">bn:00089791v</annotation>
		<annotation source="MCS" anchor="doctrine" bfScore="--" coherenceScore="--">bn:00028013n</annotation>
		<annotation source="MCS" anchor="heed" bfScore="--" coherenceScore="--">bn:00089295v</annotation>
		<annotation source="MCS" anchor="fables" bfScore="--" coherenceScore="--">bn:00032590n</annotation>
		<annotation source="BABELFY" anchor="endless" bfScore="0.711864406779661" coherenceScore="0.03488372093023256">bn:00102213a</annotation>
		<annotation source="MCS" anchor="genealogies" bfScore="--" coherenceScore="--">bn:00033524n</annotation>
		<annotation source="MCS" anchor="minister" bfScore="--" coherenceScore="--">bn:00024459n</annotation>
		<annotation source="MCS" anchor="questions" bfScore="--" coherenceScore="--">bn:00030951n</annotation>
		<annotation source="MCS" anchor="godly" bfScore="--" coherenceScore="--">bn:00103659a</annotation>
		<annotation source="BABELFY" anchor="edifying" bfScore="1.0" coherenceScore="0.06395348837209303">bn:00087483v</annotation>
		<annotation source="BABELFY" anchor="end" bfScore="0.9048387096774193" coherenceScore="0.29651162790697677">bn:00030721n</annotation>
		<annotation source="MCS" anchor="charity" bfScore="--" coherenceScore="--">bn:00017818n</annotation>
		<annotation source="MCS" anchor="pure" bfScore="--" coherenceScore="--">bn:00109244a</annotation>
		<annotation source="BABELFY" anchor="pure heart" bfScore="1.0" coherenceScore="0.29651162790697677">bn:00407981n</annotation>
		<annotation source="MCS" anchor="heart" bfScore="--" coherenceScore="--">bn:00012289n</annotation>
		<annotation source="MCS" anchor="good" bfScore="--" coherenceScore="--">bn:00103672a</annotation>
		<annotation source="MCS" anchor="conscience" bfScore="--" coherenceScore="--">bn:00021945n</annotation>
		<annotation source="BABELFY" anchor="unfeigned" bfScore="1.0" coherenceScore="0.005813953488372093">bn:00103538a</annotation>
		<annotation source="MCS" anchor="swerved" bfScore="--" coherenceScore="--">bn:00086173v</annotation>
		<annotation source="BABELFY" anchor="turned" bfScore="0.9809815950920245" coherenceScore="0.22674418604651161">bn:00095246v</annotation>
		<annotation source="BABELFY" anchor="vain" bfScore="0.9944064636420137" coherenceScore="0.23255813953488372">bn:00100184a</annotation>
		<annotation source="BABELFY" anchor="jangling" bfScore="1.0" coherenceScore="0.023255813953488372">bn:00089944v</annotation>
		<annotation source="BABELFY" anchor="Desiring" bfScore="0.7822410147991543" coherenceScore="0.21511627906976744">bn:00086683v</annotation>
		<annotation source="BABELFY" anchor="teachers" bfScore="0.7887397367392154" coherenceScore="0.3953488372093023">bn:00046958n</annotation>
		<annotation source="MCS" anchor="law" bfScore="--" coherenceScore="--">bn:00048655n</annotation>
		<annotation source="BABELFY" anchor="understanding" bfScore="0.7035246024228525" coherenceScore="0.4883720930232558">bn:00047021n</annotation>
		<annotation source="MCS" anchor="whereof" bfScore="--" coherenceScore="--">bn:13682927r</annotation>
		<annotation source="MCS" anchor="affirm" bfScore="--" coherenceScore="--">bn:00082434v</annotation>
		<annotation source="MCS" anchor="man" bfScore="--" coherenceScore="--">bn:00001533n</annotation>
		<annotation source="BABELFY" anchor="lawfully" bfScore="0.7628865979381443" coherenceScore="0.19767441860465115">bn:00116091r</annotation>
		<annotation source="MCS" anchor="Knowing" bfScore="--" coherenceScore="--">bn:00085261v</annotation>
		<annotation source="BABELFY" anchor="righteous" bfScore="0.8863636363636364" coherenceScore="0.10465116279069768">bn:00109866a</annotation>
		<annotation source="MCS" anchor="lawless" bfScore="--" coherenceScore="--">bn:00097054a</annotation>
		<annotation source="BABELFY" anchor="disobedient" bfScore="0.9230769230769231" coherenceScore="0.03488372093023256">bn:00101546a</annotation>
		<annotation source="BABELFY" anchor="sinners" bfScore="0.8763567871280807" coherenceScore="0.563953488372093">bn:00071707n</annotation>
		<annotation source="MCS" anchor="unholy" bfScore="--" coherenceScore="--">bn:00112810a</annotation>
		<annotation source="MCS" anchor="profane" bfScore="--" coherenceScore="--">bn:00098533a</annotation>
		<annotation source="MCS" anchor="murderers" bfScore="--" coherenceScore="--">bn:00051488n</annotation>
		<annotation source="MCS" anchor="fathers" bfScore="--" coherenceScore="--">bn:00009616n</annotation>
		<annotation source="MCS" anchor="mothers" bfScore="--" coherenceScore="--">bn:00034027n</annotation>
		<annotation source="BABELFY" anchor="whoremongers" bfScore="0.798740615161056" coherenceScore="0.3953488372093023">bn:00043009n</annotation>
		<annotation source="BABELFY" anchor="defile" bfScore="0.9898477157360406" coherenceScore="0.22674418604651161">bn:00086404v</annotation>
		<annotation source="BABELFY" anchor="mankind" bfScore="0.9966261808367072" coherenceScore="0.5290697674418605">bn:00045153n</annotation>
		<annotation source="MCS" anchor="liars" bfScore="--" coherenceScore="--">bn:00050928n</annotation>
		<annotation source="BABELFY" anchor="persons" bfScore="0.832283408833522" coherenceScore="0.7790697674418605">bn:00046516n</annotation>
		<annotation source="BABELFY" anchor="contrary" bfScore="0.9411764705882353" coherenceScore="0.0872093023255814">bn:00100400a</annotation>
		<annotation source="BABELFY" anchor="sound" bfScore="1.0" coherenceScore="0.011627906976744186">bn:00094056v</annotation>
		<annotation source="BABELFY" anchor="According" bfScore="0.9615384615384616" coherenceScore="0.029069767441860465">bn:00082228v</annotation>
		<annotation source="BABELFY" anchor="glorious" bfScore="0.9090909090909091" coherenceScore="0.023255813953488372">bn:00103627a</annotation>
		<annotation source="MCS" anchor="gospel" bfScore="--" coherenceScore="--">bn:00031976n</annotation>
		<annotation source="MCS" anchor="blessed" bfScore="--" coherenceScore="--">bn:00098556a</annotation>
		<annotation source="MCS" anchor="committed" bfScore="--" coherenceScore="--">bn:00085426v</annotation>
		<annotation source="MCS" anchor="trust" bfScore="--" coherenceScore="--">bn:00078487n</annotation>
		<annotation source="BABELFY" anchor="thank" bfScore="1.0" coherenceScore="0.22674418604651161">bn:00088854v</annotation>
		<annotation source="BABELFY" anchor="Christ Jesus" bfScore="1.0" coherenceScore="0.7558139534883721">bn:00018805n</annotation>
		<annotation source="BABELFY" anchor="enabled" bfScore="1.0" coherenceScore="0.005813953488372093">bn:00087587v</annotation>
		<annotation source="MCS" anchor="counted" bfScore="--" coherenceScore="--">bn:00085859v</annotation>
		<annotation source="MCS" anchor="faithful" bfScore="--" coherenceScore="--">bn:00102728a</annotation>
		<annotation source="MCS" anchor="ministry" bfScore="--" coherenceScore="--">bn:00055178n</annotation>
		<annotation source="BABELFY" anchor="blasphemer" bfScore="1.0" coherenceScore="0.23255813953488372">bn:00011132n</annotation>
		<annotation source="MCS" anchor="persecutor" bfScore="--" coherenceScore="--">bn:00061698n</annotation>
		<annotation source="BABELFY" anchor="injurious" bfScore="0.9" coherenceScore="0.01744186046511628">bn:00101118a</annotation>
		<annotation source="MCS" anchor="obtained" bfScore="--" coherenceScore="--">bn:00091124v</annotation>
		<annotation source="BABELFY" anchor="ignorantly" bfScore="1.0" coherenceScore="0.09883720930232558">bn:00115729r</annotation>
		<annotation source="BABELFY" anchor="unbelief" bfScore="0.8506218300562773" coherenceScore="0.4476744186046512">bn:00009716n</annotation>
		<annotation source="MCS" anchor="grace" bfScore="--" coherenceScore="--">bn:00041221n</annotation>
		<annotation source="BABELFY" anchor="exceeding" bfScore="1.0" coherenceScore="0.005813953488372093">bn:00087795v</annotation>
		<annotation source="BABELFY" anchor="abundant" bfScore="1.0" coherenceScore="0.005813953488372093">bn:00097001a</annotation>
		<annotation source="BABELFY" anchor="love" bfScore="0.7262812308719604" coherenceScore="0.6046511627906976">bn:00052121n</annotation>
		<annotation source="BABELFY" anchor="faithful saying" bfScore="1.0" coherenceScore="0.29651162790697677">bn:02492214n</annotation>
		<annotation source="MCS" anchor="saying" bfScore="--" coherenceScore="--">bn:00032393n</annotation>
		<annotation source="MCS" anchor="worthy" bfScore="--" coherenceScore="--">bn:00113948a</annotation>
		<annotation source="BABELFY" anchor="acceptation" bfScore="0.9853747714808044" coherenceScore="0.2558139534883721">bn:00000657n</annotation>
		<annotation source="MCS" anchor="world" bfScore="--" coherenceScore="--">bn:00022991n</annotation>
		<annotation source="MCS" anchor="save" bfScore="--" coherenceScore="--">bn:00092745v</annotation>
		<annotation source="MCS" anchor="chief" bfScore="--" coherenceScore="--">bn:00099598a</annotation>
		<annotation source="BABELFY" anchor="shew" bfScore="1.0" coherenceScore="0.03488372093023256">bn:00086567v</annotation>
		<annotation source="MCS" anchor="longsuffering" bfScore="--" coherenceScore="--">bn:13742119n</annotation>
		<annotation source="MCS" anchor="pattern" bfScore="--" coherenceScore="--">bn:00035908n</annotation>
		<annotation source="MCS" anchor="believe" bfScore="--" coherenceScore="--">bn:00083369v</annotation>
		<annotation source="MCS" anchor="life" bfScore="--" coherenceScore="--">bn:00051045n</annotation>
		<annotation source="MCS" anchor="life everlasting" bfScore="--" coherenceScore="--">bn:13739870n</annotation>
		<annotation source="BABELFY" anchor="everlasting" bfScore="0.972972972972973" coherenceScore="0.03488372093023256">bn:02050422n</annotation>
		<annotation source="MCS" anchor="King" bfScore="--" coherenceScore="--">bn:00049141n</annotation>
		<annotation source="BABELFY" anchor="eternal" bfScore="0.9259259259259259" coherenceScore="0.029069767441860465">bn:03567844n</annotation>
		<annotation source="BABELFY" anchor="immortal" bfScore="1.0" coherenceScore="0.22674418604651161">bn:00104605a</annotation>
		<annotation source="BABELFY" anchor="invisible" bfScore="0.9" coherenceScore="0.01744186046511628">bn:00105385a</annotation>
		<annotation source="MCS" anchor="wise" bfScore="--" coherenceScore="--">bn:00113905a</annotation>
		<annotation source="MCS" anchor="honour" bfScore="--" coherenceScore="--">bn:00044653n</annotation>
		<annotation source="BABELFY" anchor="glory" bfScore="0.8645817044566068" coherenceScore="0.3313953488372093">bn:00007184n</annotation>
		<annotation source="BABELFY" anchor="Amen" bfScore="0.7589820359281437" coherenceScore="0.3023255813953488">bn:00003325n</annotation>
		<annotation source="MCS" anchor="charge" bfScore="--" coherenceScore="--">bn:00017789n</annotation>
		<annotation source="MCS" anchor="commit" bfScore="--" coherenceScore="--">bn:00085426v</annotation>
		<annotation source="BABELFY" anchor="according" bfScore="0.9615384615384616" coherenceScore="0.029069767441860465">bn:00082228v</annotation>
		<annotation source="MCS" anchor="prophecies" bfScore="--" coherenceScore="--">bn:00064645n</annotation>
		<annotation source="BABELFY" anchor="war" bfScore="0.7930156934822564" coherenceScore="0.45930232558139533">bn:00080439n</annotation>
		<annotation source="BABELFY" anchor="warfare" bfScore="0.9943666930727929" coherenceScore="0.45930232558139533">bn:00080439n</annotation>
		<annotation source="MCS" anchor="Holding" bfScore="--" coherenceScore="--">bn:00044396n</annotation>
		<annotation source="MCS" anchor="concerning" bfScore="--" coherenceScore="--">bn:00083240v</annotation>
		<annotation source="MCS" anchor="shipwreck" bfScore="--" coherenceScore="--">bn:00071132n</annotation>
		<annotation source="BABELFY" anchor="Hymenaeus" bfScore="1.0" coherenceScore="0.27325581395348836">bn:14828127n</annotation>
		<annotation source="MCS" anchor="Alexander" bfScore="--" coherenceScore="--">bn:00002611n</annotation>
		<annotation source="MCS" anchor="delivered" bfScore="--" coherenceScore="--">bn:00086530v</annotation>
		<annotation source="BABELFY" anchor="Satan" bfScore="0.8291103696607314" coherenceScore="0.5465116279069767">bn:00009586n</annotation>
		<annotation source="BABELFY" anchor="learn" bfScore="0.841717791411043" coherenceScore="0.28488372093023256">bn:00089791v</annotation>
		<annotation source="BABELFY" anchor="blaspheme" bfScore="0.9669811320754716" coherenceScore="0.23255813953488372">bn:00083560v</annotation>
	</annotations>
</paragraph>
<paragraph id="p.2">
	<text>
		I exhort therefore , that , first of all , supplications , prayers , intercessions , and giving of thanks , be made for all men ;
		For kings , and for all that are in authority ; that we may lead a quiet and peaceable life in all godliness and honesty .
		For this is good and acceptable in the sight of God our Saviour ;
		Who will have all men to be saved , and to come unto the knowledge of the truth .
		For there is one God , and one mediator between God and men , the man Christ Jesus ;
		Who gave himself a ransom for all , to be testified in due time .
		Whereunto I am ordained a preacher , and an apostle , ( I speak the truth in Christ , and lie not ; ) a teacher of the Gentiles in faith and verity .
		I will therefore that men pray every where , lifting up holy hands , without wrath and doubting .
		In like manner also , that women adorn themselves in modest apparel , with shamefacedness and sobriety ; not with broided hair , or gold , or pearls , or costly array ;
		But ( which becometh women professing godliness ) with good works .
		Let the woman learn in silence with all subjection .
		But I suffer not a woman to teach , nor to usurp authority over the man , but to be in silence .
		For Adam was first formed , then Eve .
		And Adam was not deceived , but the woman being deceived was in the transgression .
		Notwithstanding she shall be saved in childbearing , if they continue in faith and charity and holiness with sobriety .
	</text>
	<annotations>
		<annotation source="BABELFY" anchor="exhort" bfScore="0.8" coherenceScore="0.020833333333333332">bn:00087843v</annotation>
		<annotation source="MCS" anchor="supplications" bfScore="--" coherenceScore="--">bn:00047378n</annotation>
		<annotation source="MCS" anchor="prayers" bfScore="--" coherenceScore="--">bn:00064038n</annotation>
		<annotation source="BABELFY" anchor="intercessions" bfScore="0.9154929577464789" coherenceScore="0.2604166666666667">bn:00047060n</annotation>
		<annotation source="BABELFY" anchor="thanks" bfScore="0.8783783783783784" coherenceScore="0.2604166666666667">bn:00041465n</annotation>
		<annotation source="MCS" anchor="men" bfScore="--" coherenceScore="--">bn:00001533n</annotation>
		<annotation source="MCS" anchor="kings" bfScore="--" coherenceScore="--">bn:00049141n</annotation>
		<annotation source="MCS" anchor="authority" bfScore="--" coherenceScore="--">bn:00007293n</annotation>
		<annotation source="BABELFY" anchor="lead" bfScore="0.7374581939799331" coherenceScore="0.21875">bn:00085567v</annotation>
		<annotation source="MCS" anchor="quiet" bfScore="--" coherenceScore="--">bn:00109358a</annotation>
		<annotation source="MCS" anchor="peaceable" bfScore="--" coherenceScore="--">bn:00108362a</annotation>
		<annotation source="MCS" anchor="life" bfScore="--" coherenceScore="--">bn:00051045n</annotation>
		<annotation source="BABELFY" anchor="godliness" bfScore="0.8835341365461847" coherenceScore="0.4583333333333333">bn:00025995n</annotation>
		<annotation source="BABELFY" anchor="honesty" bfScore="0.8708644610458911" coherenceScore="0.25">bn:00044620n</annotation>
		<annotation source="MCS" anchor="good" bfScore="--" coherenceScore="--">bn:00103672a</annotation>
		<annotation source="BABELFY" anchor="acceptable" bfScore="0.7346938775510204" coherenceScore="0.0625">bn:00096247a</annotation>
		<annotation source="MCS" anchor="sight" bfScore="--" coherenceScore="--">bn:00071507n</annotation>
		<annotation source="BABELFY" anchor="Saviour" bfScore="0.9575782537067545" coherenceScore="0.78125">bn:00018805n</annotation>
		<annotation source="MCS" anchor="saved" bfScore="--" coherenceScore="--">bn:00092745v</annotation>
		<annotation source="BABELFY" anchor="knowledge" bfScore="0.8266165290607373" coherenceScore="0.6666666666666666">bn:00020452n</annotation>
		<annotation source="MCS" anchor="truth" bfScore="--" coherenceScore="--">bn:00078498n</annotation>
		<annotation source="MCS" anchor="mediator" bfScore="--" coherenceScore="--">bn:00040836n</annotation>
		<annotation source="MCS" anchor="man" bfScore="--" coherenceScore="--">bn:00001533n</annotation>
		<annotation source="BABELFY" anchor="Christ" bfScore="0.9829201362604087" coherenceScore="0.78125">bn:00018805n</annotation>
		<annotation source="BABELFY" anchor="Christ Jesus" bfScore="1.0" coherenceScore="0.7916666666666666">bn:00018805n</annotation>
		<annotation source="BABELFY" anchor="Jesus" bfScore="0.8847754279095706" coherenceScore="0.78125">bn:00018805n</annotation>
		<annotation source="MCS" anchor="ransom" bfScore="--" coherenceScore="--">bn:00066164n</annotation>
		<annotation source="MCS" anchor="testified" bfScore="--" coherenceScore="--">bn:00082915v</annotation>
		<annotation source="MCS" anchor="due time" bfScore="--" coherenceScore="--">bn:00204608n</annotation>
		<annotation source="BABELFY" anchor="time" bfScore="0.7297974927675989" coherenceScore="0.4479166666666667">bn:00077270n</annotation>
		<annotation source="MCS" anchor="Whereunto" bfScore="--" coherenceScore="--">bn:13750720r</annotation>
		<annotation source="MCS" anchor="ordained" bfScore="--" coherenceScore="--">bn:00087588v</annotation>
		<annotation source="MCS" anchor="preacher" bfScore="--" coherenceScore="--">bn:00064059n</annotation>
		<annotation source="MCS" anchor="apostle" bfScore="--" coherenceScore="--">bn:00004981n</annotation>
		<annotation source="MCS" anchor="speak" bfScore="--" coherenceScore="--">bn:00090943v</annotation>
		<annotation source="BABELFY" anchor="lie" bfScore="0.9013513513513514" coherenceScore="0.23958333333333334">bn:00090324v</annotation>
		<annotation source="BABELFY" anchor="teacher" bfScore="0.7038183694530443" coherenceScore="0.3229166666666667">bn:00046958n</annotation>
		<annotation source="BABELFY" anchor="Gentiles" bfScore="0.7234771771303942" coherenceScore="0.4479166666666667">bn:00018818n</annotation>
		<annotation source="BABELFY" anchor="faith" bfScore="0.9093148467466657" coherenceScore="0.8854166666666666">bn:00032768n</annotation>
		<annotation source="BABELFY" anchor="verity" bfScore="0.8181818181818182" coherenceScore="0.0625">bn:14346279n</annotation>
		<annotation source="BABELFY" anchor="pray" bfScore="0.9448818897637795" coherenceScore="0.20833333333333334">bn:00091921v</annotation>
		<annotation source="MCS" anchor="lifting" bfScore="--" coherenceScore="--">bn:00084110v</annotation>
		<annotation source="BABELFY" anchor="holy" bfScore="1.0" coherenceScore="0.15625">bn:00104250a</annotation>
		<annotation source="MCS" anchor="hands" bfScore="--" coherenceScore="--">bn:00042759n</annotation>
		<annotation source="MCS" anchor="wrath" bfScore="--" coherenceScore="--">bn:00081680n</annotation>
		<annotation source="BABELFY" anchor="doubting" bfScore="0.7265774378585086" coherenceScore="0.19791666666666666">bn:00087189v</annotation>
		<annotation source="BABELFY" anchor="like" bfScore="1.0" coherenceScore="0.041666666666666664">bn:00105977a</annotation>
		<annotation source="MCS" anchor="manner" bfScore="--" coherenceScore="--">bn:00033729n</annotation>
		<annotation source="BABELFY" anchor="women" bfScore="0.8115419296663661" coherenceScore="0.5">bn:00001530n</annotation>
		<annotation source="MCS" anchor="adorn" bfScore="--" coherenceScore="--">bn:00082386v</annotation>
		<annotation source="BABELFY" anchor="modest" bfScore="0.8873239436619719" coherenceScore="0.07291666666666667">bn:00106570a</annotation>
		<annotation source="BABELFY" anchor="apparel" bfScore="0.7893223819301848" coherenceScore="0.3229166666666667">bn:00006125n</annotation>
		<annotation source="BABELFY" anchor="shamefacedness" bfScore="1.0" coherenceScore="0.010416666666666666">bn:00070887n</annotation>
		<annotation source="MCS" anchor="sobriety" bfScore="--" coherenceScore="--">bn:00072517n</annotation>
		<annotation source="MCS" anchor="hair" bfScore="--" coherenceScore="--">bn:00042526n</annotation>
		<annotation source="MCS" anchor="gold" bfScore="--" coherenceScore="--">bn:00040921n</annotation>
		<annotation source="BABELFY" anchor="pearls" bfScore="1.0" coherenceScore="0.07291666666666667">bn:00091506v</annotation>
		<annotation source="BABELFY" anchor="costly" bfScore="1.0" coherenceScore="0.010416666666666666">bn:00100545a</annotation>
		<annotation source="BABELFY" anchor="array" bfScore="0.9911504424778761" coherenceScore="0.14583333333333334">bn:00005871n</annotation>
		<annotation source="MCS" anchor="professing" bfScore="--" coherenceScore="--">bn:00092040v</annotation>
		<annotation source="BABELFY" anchor="good works" bfScore="0.8450704225352113" coherenceScore="0.40625">bn:00041221n</annotation>
		<annotation source="MCS" anchor="works" bfScore="--" coherenceScore="--">bn:00081568n</annotation>
		<annotation source="BABELFY" anchor="woman" bfScore="0.8115419296663661" coherenceScore="0.5">bn:00001530n</annotation>
		<annotation source="MCS" anchor="learn" bfScore="--" coherenceScore="--">bn:00082281v</annotation>
		<annotation source="MCS" anchor="silence" bfScore="--" coherenceScore="--">bn:00071571n</annotation>
		<annotation source="BABELFY" anchor="subjection" bfScore="0.9974259974259975" coherenceScore="0.2604166666666667">bn:00074903n</annotation>
		<annotation source="MCS" anchor="suffer" bfScore="--" coherenceScore="--">bn:00087618v</annotation>
		<annotation source="MCS" anchor="teach" bfScore="--" coherenceScore="--">bn:00089791v</annotation>
		<annotation source="BABELFY" anchor="usurp" bfScore="1.0" coherenceScore="0.03125">bn:00082793v</annotation>
		<annotation source="MCS" anchor="formed" bfScore="--" coherenceScore="--">bn:00088488v</annotation>
		<annotation source="BABELFY" anchor="deceived" bfScore="0.9397849462365592" coherenceScore="0.19791666666666666">bn:00083460v</annotation>
		<annotation source="BABELFY" anchor="transgression" bfScore="0.9614984391259105" coherenceScore="0.2916666666666667">bn:00032054n</annotation>
		<annotation source="MCS" anchor="Notwithstanding" bfScore="--" coherenceScore="--">bn:00114216r</annotation>
		<annotation source="BABELFY" anchor="childbearing" bfScore="1.0" coherenceScore="0.2916666666666667">bn:00000735n</annotation>
		<annotation source="MCS" anchor="continue" bfScore="--" coherenceScore="--">bn:00085714v</annotation>
		<annotation source="MCS" anchor="charity" bfScore="--" coherenceScore="--">bn:00017818n</annotation>
		<annotation source="BABELFY" anchor="holiness" bfScore="1.0" coherenceScore="0.2604166666666667">bn:00044420n</annotation>
	</annotations>
</paragraph>
<paragraph id="p.3">
	<text>
		This is a true saying , If a man desire the office of a bishop , he desireth a good work .
		A bishop then must be blameless , the husband of one wife , vigilant , sober , of good behaviour , given to hospitality , apt to teach ;
		Not given to wine , no striker , not greedy of filthy lucre ; but patient , not a brawler , not covetous ;
		One that ruleth well his own house , having his children in subjection with all gravity ;
		( For if a man know not how to rule his own house , how shall he take care of the church of God ? )
		Not a novice , lest being lifted up with pride he fall into the condemnation of the devil .
		Moreover he must have a good report of them which are without ; lest he fall into reproach and the snare of the devil .
		Likewise must the deacons be grave , not doubletongued , not given to much wine , not greedy of filthy lucre ;
		Holding the mystery of the faith in a pure conscience .
		And let these also first be proved ; then let them use the office of a deacon , being found blameless .
		Even so must their wives be grave , not slanderers , sober , faithful in all things .
		Let the deacons be the husbands of one wife , ruling their children and their own houses well .
		For they that have used the office of a deacon well purchase to themselves a good degree , and great boldness in the faith which is in Christ Jesus .
		These things write I unto thee , hoping to come unto thee shortly :
		But if I tarry long , that thou mayest know how thou oughtest to behave thyself in the house of God , which is the church of the living God , the pillar and ground of the truth .
		And without controversy great is the mystery of godliness : God was manifest in the flesh , justified in the Spirit , seen of angels , preached unto the Gentiles , believed on in the world , received up into glory .
	</text>
	<annotations>
		<annotation source="MCS" anchor="true" bfScore="--" coherenceScore="--">bn:00112146a</annotation>
		<annotation source="BABELFY" anchor="saying" bfScore="0.8120300751879699" coherenceScore="0.216">bn:00001236n</annotation>
		<annotation source="BABELFY" anchor="man" bfScore="0.7299465240641712" coherenceScore="0.784">bn:00044576n</annotation>
		<annotation source="MCS" anchor="desire" bfScore="--" coherenceScore="--">bn:00026550n</annotation>
		<annotation source="MCS" anchor="office" bfScore="--" coherenceScore="--">bn:00014169n</annotation>
		<annotation source="MCS" anchor="bishop" bfScore="--" coherenceScore="--">bn:00010706n</annotation>
		<annotation source="MCS" anchor="good" bfScore="--" coherenceScore="--">bn:00103672a</annotation>
		<annotation source="MCS" anchor="work" bfScore="--" coherenceScore="--">bn:00081568n</annotation>
		<annotation source="MCS" anchor="blameless" bfScore="--" coherenceScore="--">bn:00098519a</annotation>
		<annotation source="MCS" anchor="husband" bfScore="--" coherenceScore="--">bn:00045106n</annotation>
		<annotation source="BABELFY" anchor="wife" bfScore="1.0" coherenceScore="0.2">bn:00053531n</annotation>
		<annotation source="MCS" anchor="vigilant" bfScore="--" coherenceScore="--">bn:00097488a</annotation>
		<annotation source="MCS" anchor="sober" bfScore="--" coherenceScore="--">bn:00110837a</annotation>
		<annotation source="BABELFY" anchor="behaviour" bfScore="0.7446673706441393" coherenceScore="0.344">bn:00009657n</annotation>
		<annotation source="BABELFY" anchor="hospitality" bfScore="0.9548736462093863" coherenceScore="0.184">bn:01381978n</annotation>
		<annotation source="MCS" anchor="apt" bfScore="--" coherenceScore="--">bn:00097407a</annotation>
		<annotation source="BABELFY" anchor="teach" bfScore="0.8388157894736842" coherenceScore="0.12">bn:00089791v</annotation>
		<annotation source="BABELFY" anchor="wine" bfScore="0.9096209912536443" coherenceScore="0.208">bn:00080022n</annotation>
		<annotation source="MCS" anchor="striker" bfScore="--" coherenceScore="--">bn:00074678n</annotation>
		<annotation source="BABELFY" anchor="greedy" bfScore="0.8857808857808858" coherenceScore="0.152">bn:00097850a</annotation>
		<annotation source="BABELFY" anchor="filthy" bfScore="0.8695652173913043" coherenceScore="0.032">bn:00100720a</annotation>
		<annotation source="MCS" anchor="filthy lucre" bfScore="--" coherenceScore="--">bn:00034499n</annotation>
		<annotation source="BABELFY" anchor="lucre" bfScore="0.8421052631578947" coherenceScore="0.048">bn:00029415n</annotation>
		<annotation source="BABELFY" anchor="patient" bfScore="0.9" coherenceScore="0.072">bn:00061017n</annotation>
		<annotation source="MCS" anchor="brawler" bfScore="--" coherenceScore="--">bn:00012844n</annotation>
		<annotation source="MCS" anchor="covetous" bfScore="--" coherenceScore="--">bn:00100581a</annotation>
		<annotation source="MCS" anchor="house" bfScore="--" coherenceScore="--">bn:00044994n</annotation>
		<annotation source="BABELFY" anchor="children" bfScore="0.8568768619662364" coherenceScore="0.472">bn:00018346n</annotation>
		<annotation source="BABELFY" anchor="subjection" bfScore="0.9333333333333333" coherenceScore="0.112">bn:00074903n</annotation>
		<annotation source="MCS" anchor="gravity" bfScore="--" coherenceScore="--">bn:00041491n</annotation>
		<annotation source="MCS" anchor="rule" bfScore="--" coherenceScore="--">bn:00088992v</annotation>
		<annotation source="MCS" anchor="take care" bfScore="--" coherenceScore="--">bn:00094754v</annotation>
		<annotation source="MCS" anchor="take care of" bfScore="--" coherenceScore="--">bn:13783792v</annotation>
		<annotation source="MCS" anchor="care" bfScore="--" coherenceScore="--">bn:00002157n</annotation>
		<annotation source="BABELFY" anchor="care of" bfScore="1.0" coherenceScore="0.008">bn:15470952n</annotation>
		<annotation source="MCS" anchor="church" bfScore="--" coherenceScore="--">bn:00018819n</annotation>
		<annotation source="BABELFY" anchor="God" bfScore="0.7933433675063187" coherenceScore="0.768">bn:00040878n</annotation>
		<annotation source="MCS" anchor="novice" bfScore="--" coherenceScore="--">bn:00058210n</annotation>
		<annotation source="BABELFY" anchor="lifted" bfScore="0.7369942196531792" coherenceScore="0.12">bn:00087949v</annotation>
		<annotation source="MCS" anchor="pride" bfScore="--" coherenceScore="--">bn:00064338n</annotation>
		<annotation source="MCS" anchor="fall" bfScore="--" coherenceScore="--">bn:00087976v</annotation>
		<annotation source="BABELFY" anchor="fall into" bfScore="1.0" coherenceScore="0.008">bn:00088016v</annotation>
		<annotation source="MCS" anchor="condemnation" bfScore="--" coherenceScore="--">bn:00021624n</annotation>
		<annotation source="MCS" anchor="report" bfScore="--" coherenceScore="--">bn:00067181n</annotation>
		<annotation source="BABELFY" anchor="reproach" bfScore="0.9411764705882353" coherenceScore="0.096">bn:00067210n</annotation>
		<annotation source="MCS" anchor="snare" bfScore="--" coherenceScore="--">bn:00072404n</annotation>
		<annotation source="MCS" anchor="Likewise" bfScore="--" coherenceScore="--">bn:00116128r</annotation>
		<annotation source="BABELFY" anchor="deacons" bfScore="0.7582551977170812" coherenceScore="0.24">bn:00025496n</annotation>
		<annotation source="MCS" anchor="grave" bfScore="--" coherenceScore="--">bn:00103758a</annotation>
		<annotation source="MCS" anchor="Holding" bfScore="--" coherenceScore="--">bn:00089384v</annotation>
		<annotation source="BABELFY" anchor="mystery" bfScore="0.7434402332361516" coherenceScore="0.12">bn:00012686n</annotation>
		<annotation source="BABELFY" anchor="faith" bfScore="0.9565217391304348" coherenceScore="0.808">bn:00032768n</annotation>
		<annotation source="MCS" anchor="pure" bfScore="--" coherenceScore="--">bn:00109244a</annotation>
		<annotation source="MCS" anchor="conscience" bfScore="--" coherenceScore="--">bn:00021945n</annotation>
		<annotation source="MCS" anchor="proved" bfScore="--" coherenceScore="--">bn:00092109v</annotation>
		<annotation source="BABELFY" anchor="deacon" bfScore="0.7639450282942603" coherenceScore="0.24">bn:00025496n</annotation>
		<annotation source="MCS" anchor="found" bfScore="--" coherenceScore="--">bn:00084231v</annotation>
		<annotation source="BABELFY" anchor="wives" bfScore="1.0" coherenceScore="0.2">bn:00053531n</annotation>
		<annotation source="MCS" anchor="slanderers" bfScore="--" coherenceScore="--">bn:00007764n</annotation>
		<annotation source="MCS" anchor="faithful" bfScore="--" coherenceScore="--">bn:00102728a</annotation>
		<annotation source="BABELFY" anchor="things" bfScore="0.9804496578690127" coherenceScore="0.272">bn:00006125n</annotation>
		<annotation source="MCS" anchor="husbands" bfScore="--" coherenceScore="--">bn:00045106n</annotation>
		<annotation source="MCS" anchor="ruling" bfScore="--" coherenceScore="--">bn:00088992v</annotation>
		<annotation source="MCS" anchor="houses" bfScore="--" coherenceScore="--">bn:00044994n</annotation>
		<annotation source="MCS" anchor="used" bfScore="--" coherenceScore="--">bn:13783090v</annotation>
		<annotation source="BABELFY" anchor="purchase" bfScore="1.0" coherenceScore="0.072">bn:00084331v</annotation>
		<annotation source="MCS" anchor="degree" bfScore="--" coherenceScore="--">bn:00025965n</annotation>
		<annotation source="MCS" anchor="great" bfScore="--" coherenceScore="--">bn:00103779a</annotation>
		<annotation source="BABELFY" anchor="boldness" bfScore="0.9862068965517241" coherenceScore="0.088">bn:00011849n</annotation>
		<annotation source="BABELFY" anchor="Christ" bfScore="0.9920692141312184" coherenceScore="0.688">bn:00018805n</annotation>
		<annotation source="BABELFY" anchor="Christ Jesus" bfScore="1.0" coherenceScore="0.696">bn:00018805n</annotation>
		<annotation source="BABELFY" anchor="Jesus" bfScore="0.932866416125726" coherenceScore="0.688">bn:00018805n</annotation>
		<annotation source="MCS" anchor="write" bfScore="--" coherenceScore="--">bn:00085489v</annotation>
		<annotation source="MCS" anchor="hoping" bfScore="--" coherenceScore="--">bn:00086683v</annotation>
		<annotation source="BABELFY" anchor="shortly" bfScore="0.9777777777777777" coherenceScore="0.088">bn:00114513r</annotation>
		<annotation source="BABELFY" anchor="tarry" bfScore="1.0" coherenceScore="0.008">bn:00088445v</annotation>
		<annotation source="BABELFY" anchor="long" bfScore="1.0" coherenceScore="0.008">bn:00116154r</annotation>
		<annotation source="MCS" anchor="behave" bfScore="--" coherenceScore="--">bn:00082286v</annotation>
		<annotation source="MCS" anchor="thyself" bfScore="--" coherenceScore="--">bn:00066821n</annotation>
		<annotation source="BABELFY" anchor="house of" bfScore="1.0" coherenceScore="0.032">bn:00029305n</annotation>
		<annotation source="BABELFY" anchor="house of God" bfScore="0.7516778523489933" coherenceScore="0.16">bn:00045013n</annotation>
		<annotation source="MCS" anchor="living" bfScore="--" coherenceScore="--">bn:00087441v</annotation>
		<annotation source="MCS" anchor="pillar" bfScore="--" coherenceScore="--">bn:00062404n</annotation>
		<annotation source="MCS" anchor="ground" bfScore="--" coherenceScore="--">bn:00028934n</annotation>
		<annotation source="BABELFY" anchor="truth" bfScore="0.8180748411390916" coherenceScore="0.352">bn:00072816n</annotation>
		<annotation source="BABELFY" anchor="controversy" bfScore="0.9696048632218845" coherenceScore="0.176">bn:00005599n</annotation>
		<annotation source="BABELFY" anchor="godliness" bfScore="0.8817204301075269" coherenceScore="0.24">bn:00025995n</annotation>
		<annotation source="BABELFY" anchor="manifest" bfScore="1.0" coherenceScore="0.04">bn:00097350a</annotation>
		<annotation source="MCS" anchor="flesh" bfScore="--" coherenceScore="--">bn:00035182n</annotation>
		<annotation source="MCS" anchor="justified" bfScore="--" coherenceScore="--">bn:00090024v</annotation>
		<annotation source="MCS" anchor="Spirit" bfScore="--" coherenceScore="--">bn:00073430n</annotation>
		<annotation source="BABELFY" anchor="angels" bfScore="0.8166177087704574" coherenceScore="0.336">bn:00004063n</annotation>
		<annotation source="BABELFY" anchor="preached" bfScore="0.9974811083123426" coherenceScore="0.144">bn:00091922v</annotation>
		<annotation source="BABELFY" anchor="Gentiles" bfScore="0.7289430222956235" coherenceScore="0.264">bn:00018818n</annotation>
		<annotation source="MCS" anchor="believed" bfScore="--" coherenceScore="--">bn:00083369v</annotation>
		<annotation source="MCS" anchor="world" bfScore="--" coherenceScore="--">bn:00022991n</annotation>
		<annotation source="MCS" anchor="received" bfScore="--" coherenceScore="--">bn:00089246v</annotation>
		<annotation source="BABELFY" anchor="glory" bfScore="0.8193456614509246" coherenceScore="0.144">bn:00007184n</annotation>
	</annotations>
</paragraph>
<paragraph id="p.4">
	<text>
		Now the Spirit speaketh expressly , that in the latter times some shall depart from the faith , giving heed to seducing spirits , and doctrines of devils ;
		Speaking lies in hypocrisy ; having their conscience seared with a hot iron ;
		Forbidding to marry , and commanding to abstain from meats , which God hath created to be received with thanksgiving of them which believe and know the truth .
		For every creature of God is good , and nothing to be refused , if it be received with thanksgiving :
		For it is sanctified by the word of God and prayer .
		If thou put the brethren in remembrance of these things , thou shalt be a good minister of Jesus Christ , nourished up in the words of faith and of good doctrine , whereunto thou hast attained .
		But refuse profane and old wives &amp;apos; fables , and exercise thyself rather unto godliness .
		For bodily exercise profiteth little : but godliness is profitable unto all things , having promise of the life that now is , and of that which is to come .
		This is a faithful saying and worthy of all acceptation .
		For therefore we both labour and suffer reproach , because we trust in the living God , who is the Saviour of all men , specially of those that believe .
		These things command and teach .
		Let no man despise thy youth ; but be thou an example of the believers , in word , in conversation , in charity , in spirit , in faith , in purity .
		Till I come , give attendance to reading , to exhortation , to doctrine .
		Neglect not the gift that is in thee , which was given thee by prophecy , with the laying on of the hands of the presbytery .
		Meditate upon these things ; give thyself wholly to them ; that thy profiting may appear to all .
		Take heed unto thyself , and unto the doctrine ; continue in them : for in doing this thou shalt both save thyself , and them that hear thee .
	</text>
	<annotations>
		<annotation source="MCS" anchor="Spirit" bfScore="--" coherenceScore="--">bn:00073430n</annotation>
		<annotation source="BABELFY" anchor="expressly" bfScore="1.0" coherenceScore="0.04132231404958678">bn:00115291r</annotation>
		<annotation source="BABELFY" anchor="times" bfScore="0.8706043018094913" coherenceScore="0.4132231404958678">bn:00077270n</annotation>
		<annotation source="MCS" anchor="depart" bfScore="--" coherenceScore="--">bn:00086600v</annotation>
		<annotation source="BABELFY" anchor="faith" bfScore="0.9259270888937734" coherenceScore="0.8016528925619835">bn:00032768n</annotation>
		<annotation source="MCS" anchor="giving heed" bfScore="--" coherenceScore="--">bn:13671432v</annotation>
		<annotation source="BABELFY" anchor="heed" bfScore="1.0" coherenceScore="0.024793388429752067">bn:00007026n</annotation>
		<annotation source="BABELFY" anchor="seducing" bfScore="0.9649122807017544" coherenceScore="0.1652892561983471">bn:00093429v</annotation>
		<annotation source="MCS" anchor="spirits" bfScore="--" coherenceScore="--">bn:00073430n</annotation>
		<annotation source="MCS" anchor="doctrines" bfScore="--" coherenceScore="--">bn:00028013n</annotation>
		<annotation source="MCS" anchor="Speaking" bfScore="--" coherenceScore="--">bn:00090943v</annotation>
		<annotation source="MCS" anchor="lies" bfScore="--" coherenceScore="--">bn:00051016n</annotation>
		<annotation source="BABELFY" anchor="hypocrisy" bfScore="0.7511261261261262" coherenceScore="0.19008264462809918">bn:00027709n</annotation>
		<annotation source="MCS" anchor="conscience" bfScore="--" coherenceScore="--">bn:00021945n</annotation>
		<annotation source="BABELFY" anchor="seared" bfScore="1.0" coherenceScore="0.024793388429752067">bn:00083535v</annotation>
		<annotation source="MCS" anchor="hot" bfScore="--" coherenceScore="--">bn:00104348a</annotation>
		<annotation source="MCS" anchor="iron" bfScore="--" coherenceScore="--">bn:00006856n</annotation>
		<annotation source="BABELFY" anchor="Forbidding" bfScore="0.8181818181818182" coherenceScore="0.049586776859504134">bn:00086877v</annotation>
		<annotation source="BABELFY" anchor="marry" bfScore="0.83125" coherenceScore="0.15702479338842976">bn:00085614v</annotation>
		<annotation source="BABELFY" anchor="commanding" bfScore="0.97165991902834" coherenceScore="0.12396694214876033">bn:00085401v</annotation>
		<annotation source="BABELFY" anchor="abstain" bfScore="1.0" coherenceScore="0.1322314049586777">bn:00082179v</annotation>
		<annotation source="MCS" anchor="meats" bfScore="--" coherenceScore="--">bn:00054026n</annotation>
		<annotation source="BABELFY" anchor="God" bfScore="0.7458850707479064" coherenceScore="0.743801652892562">bn:00040878n</annotation>
		<annotation source="MCS" anchor="created" bfScore="--" coherenceScore="--">bn:00086008v</annotation>
		<annotation source="MCS" anchor="received" bfScore="--" coherenceScore="--">bn:00089246v</annotation>
		<annotation source="MCS" anchor="thanksgiving" bfScore="--" coherenceScore="--">bn:00076770n</annotation>
		<annotation source="MCS" anchor="believe" bfScore="--" coherenceScore="--">bn:00083369v</annotation>
		<annotation source="BABELFY" anchor="truth" bfScore="0.8016175797344728" coherenceScore="0.4214876033057851">bn:00072816n</annotation>
		<annotation source="BABELFY" anchor="creature" bfScore="0.9210908336789714" coherenceScore="0.5206611570247934">bn:00004222n</annotation>
		<annotation source="MCS" anchor="good" bfScore="--" coherenceScore="--">bn:00103672a</annotation>
		<annotation source="MCS" anchor="refused" bfScore="--" coherenceScore="--">bn:00086391v</annotation>
		<annotation source="BABELFY" anchor="sanctified" bfScore="0.9195402298850575" coherenceScore="0.1652892561983471">bn:00083602v</annotation>
		<annotation source="MCS" anchor="word" bfScore="--" coherenceScore="--">bn:00081546n</annotation>
		<annotation source="BABELFY" anchor="word of God" bfScore="0.9489747758141486" coherenceScore="0.6446280991735537">bn:00010217n</annotation>
		<annotation source="BABELFY" anchor="prayer" bfScore="0.7440811724915445" coherenceScore="0.34710743801652894">bn:00059529n</annotation>
		<annotation source="MCS" anchor="brethren" bfScore="--" coherenceScore="--">bn:00013012n</annotation>
		<annotation source="MCS" anchor="remembrance" bfScore="--" coherenceScore="--">bn:00003810n</annotation>
		<annotation source="BABELFY" anchor="things" bfScore="0.8881839809674861" coherenceScore="0.23140495867768596">bn:00006125n</annotation>
		<annotation source="MCS" anchor="minister" bfScore="--" coherenceScore="--">bn:00024459n</annotation>
		<annotation source="BABELFY" anchor="Jesus" bfScore="0.9371643640703171" coherenceScore="0.6776859504132231">bn:00018805n</annotation>
		<annotation source="BABELFY" anchor="Jesus Christ" bfScore="0.9624413145539906" coherenceScore="0.6776859504132231">bn:00018805n</annotation>
		<annotation source="BABELFY" anchor="Christ" bfScore="0.9781077844311378" coherenceScore="0.6776859504132231">bn:00018805n</annotation>
		<annotation source="BABELFY" anchor="nourished" bfScore="0.7538461538461538" coherenceScore="0.05785123966942149">bn:00082521v</annotation>
		<annotation source="MCS" anchor="words" bfScore="--" coherenceScore="--">bn:00081546n</annotation>
		<annotation source="MCS" anchor="doctrine" bfScore="--" coherenceScore="--">bn:00028013n</annotation>
		<annotation source="MCS" anchor="whereunto" bfScore="--" coherenceScore="--">bn:13750721r</annotation>
		<annotation source="MCS" anchor="attained" bfScore="--" coherenceScore="--">bn:00082226v</annotation>
		<annotation source="MCS" anchor="refuse" bfScore="--" coherenceScore="--">bn:00086391v</annotation>
		<annotation source="MCS" anchor="profane" bfScore="--" coherenceScore="--">bn:00098533a</annotation>
		<annotation source="MCS" anchor="old" bfScore="--" coherenceScore="--">bn:00107786a</annotation>
		<annotation source="BABELFY" anchor="old wives" bfScore="1.0" coherenceScore="0.024793388429752067">bn:00008105n</annotation>
		<annotation source="BABELFY" anchor="wives" bfScore="1.0" coherenceScore="0.23140495867768596">bn:00053531n</annotation>
		<annotation source="MCS" anchor="fables" bfScore="--" coherenceScore="--">bn:00032590n</annotation>
		<annotation source="MCS" anchor="exercise" bfScore="--" coherenceScore="--">bn:00032203n</annotation>
		<annotation source="BABELFY" anchor="thyself" bfScore="1.0" coherenceScore="0.024793388429752067">bn:00066821n</annotation>
		<annotation source="BABELFY" anchor="godliness" bfScore="0.8836395450568679" coherenceScore="0.3305785123966942">bn:00025995n</annotation>
		<annotation source="MCS" anchor="bodily" bfScore="--" coherenceScore="--">bn:00098648a</annotation>
		<annotation source="MCS" anchor="profitable" bfScore="--" coherenceScore="--">bn:00109075a</annotation>
		<annotation source="BABELFY" anchor="promise" bfScore="0.8207024029574861" coherenceScore="0.19834710743801653">bn:00064699n</annotation>
		<annotation source="BABELFY" anchor="life" bfScore="0.7912428891570419" coherenceScore="0.371900826446281">bn:00051054n</annotation>
		<annotation source="MCS" anchor="faithful" bfScore="--" coherenceScore="--">bn:00102728a</annotation>
		<annotation source="BABELFY" anchor="faithful saying" bfScore="1.0" coherenceScore="0.14049586776859505">bn:02492214n</annotation>
		<annotation source="BABELFY" anchor="saying" bfScore="0.829363529871144" coherenceScore="0.2975206611570248">bn:00001236n</annotation>
		<annotation source="MCS" anchor="worthy" bfScore="--" coherenceScore="--">bn:00113948a</annotation>
		<annotation source="BABELFY" anchor="acceptation" bfScore="0.788135593220339" coherenceScore="0.19834710743801653">bn:00000657n</annotation>
		<annotation source="BABELFY" anchor="labour" bfScore="0.7194244604316546" coherenceScore="0.08264462809917356">bn:00087335v</annotation>
		<annotation source="MCS" anchor="suffer" bfScore="--" coherenceScore="--">bn:00087618v</annotation>
		<annotation source="BABELFY" anchor="reproach" bfScore="1.0" coherenceScore="0.12396694214876033">bn:00067210n</annotation>
		<annotation source="MCS" anchor="trust" bfScore="--" coherenceScore="--">bn:00083095v</annotation>
		<annotation source="MCS" anchor="living" bfScore="--" coherenceScore="--">bn:00087441v</annotation>
		<annotation source="BABELFY" anchor="Saviour" bfScore="0.9857751808036783" coherenceScore="0.6776859504132231">bn:00018805n</annotation>
		<annotation source="BABELFY" anchor="men" bfScore="0.7195623017478125" coherenceScore="0.859504132231405">bn:00044576n</annotation>
		<annotation source="BABELFY" anchor="specially" bfScore="0.9798994974874372" coherenceScore="0.10743801652892562">bn:00115235r</annotation>
		<annotation source="BABELFY" anchor="command" bfScore="0.97165991902834" coherenceScore="0.12396694214876033">bn:00085401v</annotation>
		<annotation source="BABELFY" anchor="teach" bfScore="0.890625" coherenceScore="0.15702479338842976">bn:00089791v</annotation>
		<annotation source="BABELFY" anchor="man" bfScore="0.7195623017478125" coherenceScore="0.859504132231405">bn:00044576n</annotation>
		<annotation source="BABELFY" anchor="despise" bfScore="1.0" coherenceScore="0.01652892561983471">bn:00085702v</annotation>
		<annotation source="MCS" anchor="youth" bfScore="--" coherenceScore="--">bn:00073643n</annotation>
		<annotation source="MCS" anchor="example" bfScore="--" coherenceScore="--">bn:00032099n</annotation>
		<annotation source="MCS" anchor="believers" bfScore="--" coherenceScore="--">bn:00009719n</annotation>
		<annotation source="MCS" anchor="conversation" bfScore="--" coherenceScore="--">bn:00022349n</annotation>
		<annotation source="MCS" anchor="charity" bfScore="--" coherenceScore="--">bn:00017818n</annotation>
		<annotation source="MCS" anchor="spirit" bfScore="--" coherenceScore="--">bn:00073430n</annotation>
		<annotation source="MCS" anchor="purity" bfScore="--" coherenceScore="--">bn:00065281n</annotation>
		<annotation source="BABELFY" anchor="attendance" bfScore="0.9375" coherenceScore="0.12396694214876033">bn:00007014n</annotation>
		<annotation source="BABELFY" anchor="reading" bfScore="0.915576694411415" coherenceScore="0.18181818181818182">bn:00066372n</annotation>
		<annotation source="MCS" anchor="exhortation" bfScore="--" coherenceScore="--">bn:00032234n</annotation>
		<annotation source="BABELFY" anchor="Neglect" bfScore="0.8909090909090909" coherenceScore="0.17355371900826447">bn:00016032n</annotation>
		<annotation source="MCS" anchor="gift" bfScore="--" coherenceScore="--">bn:00040436n</annotation>
		<annotation source="MCS" anchor="prophecy" bfScore="--" coherenceScore="--">bn:00064645n</annotation>
		<annotation source="MCS" anchor="laying" bfScore="--" coherenceScore="--">bn:00090224v</annotation>
		<annotation source="MCS" anchor="hands" bfScore="--" coherenceScore="--">bn:00042759n</annotation>
		<annotation source="MCS" anchor="presbytery" bfScore="--" coherenceScore="--">bn:00064188n</annotation>
		<annotation source="BABELFY" anchor="Meditate" bfScore="0.9974811083123426" coherenceScore="0.1487603305785124">bn:00085705v</annotation>
		<annotation source="BABELFY" anchor="wholly" bfScore="1.0" coherenceScore="0.049586776859504134">bn:00114203r</annotation>
		<annotation source="BABELFY" anchor="profiting" bfScore="1.0" coherenceScore="0.049586776859504134">bn:00083413v</annotation>
		<annotation source="MCS" anchor="appear" bfScore="--" coherenceScore="--">bn:00082690v</annotation>
		<annotation source="BABELFY" anchor="Take heed" bfScore="1.0" coherenceScore="0.024793388429752067">bn:00089280v</annotation>
		<annotation source="BABELFY" anchor="heed" bfScore="0.875" coherenceScore="0.03305785123966942">bn:00089295v</annotation>
		<annotation source="MCS" anchor="continue" bfScore="--" coherenceScore="--">bn:00085714v</annotation>
		<annotation source="MCS" anchor="save" bfScore="--" coherenceScore="--">bn:00092745v</annotation>
		<annotation source="BABELFY" anchor="hear" bfScore="0.7915194346289752" coherenceScore="0.11570247933884298">bn:00089279v</annotation>
	</annotations>
</paragraph>
<paragraph id="p.5">
	<text>
		Rebuke not an elder , but intreat him as a father ; and the younger men as brethren ;
		The elder women as mothers ; the younger as sisters , with all purity .
		Honour widows that are widows indeed .
		But if any widow have children or nephews , let them learn first to shew piety at home , and to requite their parents : for that is good and acceptable before God .
		Now she that is a widow indeed , and desolate , trusteth in God , and continueth in supplications and prayers night and day .
		But she that liveth in pleasure is dead while she liveth .
		And these things give in charge , that they may be blameless .
		But if any provide not for his own , and specially for those of his own house , he hath denied the faith , and is worse than an infidel .
		Let not a widow be taken into the number under threescore years old , having been the wife of one man ,
		Well reported of for good works ; if she have brought up children , if she have lodged strangers , if she have washed the saints &amp;apos; feet , if she have relieved the afflicted , if she have diligently followed every good work .
		But the younger widows refuse : for when they have begun to wax wanton against Christ , they will marry ;
		Having damnation , because they have cast off their first faith .
		And withal they learn to be idle , wandering about from house to house ; and not only idle , but tattlers also and busybodies , speaking things which they ought not .
		I will therefore that the younger women marry , bear children , guide the house , give none occasion to the adversary to speak reproachfully .
		For some are already turned aside after Satan .
		If any man or woman that believeth have widows , let them relieve them , and let not the church be charged ; that it may relieve them that are widows indeed .
		Let the elders that rule well be counted worthy of double honour , especially they who labour in the word and doctrine .
		For the scripture saith , Thou shalt not muzzle the ox that treadeth out the corn . And , The labourer is worthy of his reward .
		Against an elder receive not an accusation , but before two or three witnesses .
		Them that sin rebuke before all , that others also may fear .
		I charge thee before God , and the Lord Jesus Christ , and the elect angels , that thou observe these things without preferring one before another , doing nothing by partiality .
		Lay hands suddenly on no man , neither be partaker of other men&amp;apos;s sins : keep thyself pure .
		Drink no longer water , but use a little wine for thy stomach&amp;apos;s sake and thine often infirmities .
		Some men&amp;apos;s sins are open beforehand , going before to judgment ; and some men they follow after .
		Likewise also the good works of some are manifest beforehand ; and they that are otherwise cannot be hid .
	</text>
	<annotations>
		<annotation source="BABELFY" anchor="Rebuke" bfScore="1.0" coherenceScore="0.011111111111111112">bn:00083177v</annotation>
		<annotation source="BABELFY" anchor="elder" bfScore="1.0" coherenceScore="0.2">bn:00102074a</annotation>
		<annotation source="MCS" anchor="intreat" bfScore="--" coherenceScore="--">bn:13740965v</annotation>
		<annotation source="MCS" anchor="father" bfScore="--" coherenceScore="--">bn:00009616n</annotation>
		<annotation source="MCS" anchor="younger" bfScore="--" coherenceScore="--">bn:00104589a</annotation>
		<annotation source="MCS" anchor="men" bfScore="--" coherenceScore="--">bn:00001533n</annotation>
		<annotation source="MCS" anchor="brethren" bfScore="--" coherenceScore="--">bn:00013012n</annotation>
		<annotation source="BABELFY" anchor="women" bfScore="0.8767175460697858" coherenceScore="0.5833333333333334">bn:00001530n</annotation>
		<annotation source="MCS" anchor="mothers" bfScore="--" coherenceScore="--">bn:00034027n</annotation>
		<annotation source="MCS" anchor="sisters" bfScore="--" coherenceScore="--">bn:00071838n</annotation>
		<annotation source="MCS" anchor="purity" bfScore="--" coherenceScore="--">bn:00065281n</annotation>
		<annotation source="MCS" anchor="Honour" bfScore="--" coherenceScore="--">bn:00044653n</annotation>
		<annotation source="BABELFY" anchor="widows" bfScore="0.9904214559386973" coherenceScore="0.18333333333333332">bn:00081167n</annotation>
		<annotation source="BABELFY" anchor="widow" bfScore="0.9904214559386973" coherenceScore="0.18333333333333332">bn:00081167n</annotation>
		<annotation source="BABELFY" anchor="children" bfScore="0.7771879431334764" coherenceScore="0.5277777777777778">bn:00018346n</annotation>
		<annotation source="MCS" anchor="nephews" bfScore="--" coherenceScore="--">bn:00057287n</annotation>
		<annotation source="MCS" anchor="learn" bfScore="--" coherenceScore="--">bn:00082281v</annotation>
		<annotation source="BABELFY" anchor="shew" bfScore="1.0" coherenceScore="0.011111111111111112">bn:00086567v</annotation>
		<annotation source="BABELFY" anchor="piety" bfScore="1.0" coherenceScore="0.2111111111111111">bn:00062339n</annotation>
		<annotation source="MCS" anchor="home" bfScore="--" coherenceScore="--">bn:00000356n</annotation>
		<annotation source="BABELFY" anchor="requite" bfScore="1.0" coherenceScore="0.011111111111111112">bn:00092811v</annotation>
		<annotation source="BABELFY" anchor="parents" bfScore="0.872897927258506" coherenceScore="0.26666666666666666">bn:00060643n</annotation>
		<annotation source="MCS" anchor="good" bfScore="--" coherenceScore="--">bn:00103672a</annotation>
		<annotation source="MCS" anchor="acceptable" bfScore="--" coherenceScore="--">bn:00096246a</annotation>
		<annotation source="BABELFY" anchor="God" bfScore="0.7581661891117478" coherenceScore="0.7388888888888889">bn:00040878n</annotation>
		<annotation source="BABELFY" anchor="desolate" bfScore="0.8448275862068966" coherenceScore="0.03888888888888889">bn:00098055a</annotation>
		<annotation source="MCS" anchor="supplications" bfScore="--" coherenceScore="--">bn:00047378n</annotation>
		<annotation source="MCS" anchor="prayers" bfScore="--" coherenceScore="--">bn:00064038n</annotation>
		<annotation source="MCS" anchor="night" bfScore="--" coherenceScore="--">bn:00025236n</annotation>
		<annotation source="BABELFY" anchor="night and day" bfScore="0.7152317880794702" coherenceScore="0.1">bn:03613072n</annotation>
		<annotation source="MCS" anchor="day" bfScore="--" coherenceScore="--">bn:00000086n</annotation>
		<annotation source="MCS" anchor="pleasure" bfScore="--" coherenceScore="--">bn:00062972n</annotation>
		<annotation source="MCS" anchor="dead" bfScore="--" coherenceScore="--">bn:00100948a</annotation>
		<annotation source="BABELFY" anchor="things" bfScore="0.9135831940797327" coherenceScore="0.2388888888888889">bn:00006125n</annotation>
		<annotation source="MCS" anchor="charge" bfScore="--" coherenceScore="--">bn:00017789n</annotation>
		<annotation source="BABELFY" anchor="blameless" bfScore="1.0" coherenceScore="0.022222222222222223">bn:00098519a</annotation>
		<annotation source="MCS" anchor="provide" bfScore="--" coherenceScore="--">bn:00088643v</annotation>
		<annotation source="BABELFY" anchor="specially" bfScore="0.9066666666666666" coherenceScore="0.12222222222222222">bn:00115235r</annotation>
		<annotation source="MCS" anchor="house" bfScore="--" coherenceScore="--">bn:00044994n</annotation>
		<annotation source="MCS" anchor="denied" bfScore="--" coherenceScore="--">bn:00086591v</annotation>
		<annotation source="BABELFY" anchor="faith" bfScore="0.9482024563783573" coherenceScore="0.8111111111111111">bn:00032768n</annotation>
		<annotation source="MCS" anchor="worse" bfScore="--" coherenceScore="--">bn:00097966a</annotation>
		<annotation source="BABELFY" anchor="infidel" bfScore="0.9303322615219721" coherenceScore="0.15555555555555556">bn:00037763n</annotation>
		<annotation source="MCS" anchor="number" bfScore="--" coherenceScore="--">bn:00034394n</annotation>
		<annotation source="BABELFY" anchor="threescore" bfScore="1.0" coherenceScore="0.005555555555555556">bn:00096046a</annotation>
		<annotation source="MCS" anchor="old" bfScore="--" coherenceScore="--">bn:00107786a</annotation>
		<annotation source="BABELFY" anchor="wife" bfScore="1.0" coherenceScore="0.3111111111111111">bn:00053531n</annotation>
		<annotation source="MCS" anchor="man" bfScore="--" coherenceScore="--">bn:00001533n</annotation>
		<annotation source="BABELFY" anchor="reported" bfScore="0.7751937984496124" coherenceScore="0.05555555555555555">bn:00092825v</annotation>
		<annotation source="BABELFY" anchor="good works" bfScore="0.8005299015897047" coherenceScore="0.25">bn:00041221n</annotation>
		<annotation source="MCS" anchor="works" bfScore="--" coherenceScore="--">bn:00081568n</annotation>
		<annotation source="MCS" anchor="brought" bfScore="--" coherenceScore="--">bn:00084058v</annotation>
		<annotation source="MCS" anchor="brought up" bfScore="--" coherenceScore="--">bn:00082770v</annotation>
		<annotation source="MCS" anchor="lodged" bfScore="--" coherenceScore="--">bn:00090436v</annotation>
		<annotation source="BABELFY" anchor="strangers" bfScore="0.7736943907156673" coherenceScore="0.1388888888888889">bn:00074539n</annotation>
		<annotation source="MCS" anchor="washed" bfScore="--" coherenceScore="--">bn:00093049v</annotation>
		<annotation source="BABELFY" anchor="saints" bfScore="0.7008547008547008" coherenceScore="0.28888888888888886">bn:00068856n</annotation>
		<annotation source="MCS" anchor="feet" bfScore="--" coherenceScore="--">bn:00035679n</annotation>
		<annotation source="MCS" anchor="relieved" bfScore="--" coherenceScore="--">bn:00082530v</annotation>
		<annotation source="MCS" anchor="afflicted" bfScore="--" coherenceScore="--">bn:00082439v</annotation>
		<annotation source="MCS" anchor="diligently" bfScore="--" coherenceScore="--">bn:00115022r</annotation>
		<annotation source="MCS" anchor="followed" bfScore="--" coherenceScore="--">bn:00088421v</annotation>
		<annotation source="MCS" anchor="work" bfScore="--" coherenceScore="--">bn:00081568n</annotation>
		<annotation source="MCS" anchor="refuse" bfScore="--" coherenceScore="--">bn:00086391v</annotation>
		<annotation source="MCS" anchor="begun" bfScore="--" coherenceScore="--">bn:00083340v</annotation>
		<annotation source="BABELFY" anchor="wax" bfScore="1.0" coherenceScore="0.05">bn:00095681v</annotation>
		<annotation source="MCS" anchor="wanton" bfScore="--" coherenceScore="--">bn:00106970a</annotation>
		<annotation source="BABELFY" anchor="Christ" bfScore="0.9883470579095732" coherenceScore="0.6722222222222223">bn:00018805n</annotation>
		<annotation source="BABELFY" anchor="marry" bfScore="0.8130311614730878" coherenceScore="0.22777777777777777">bn:00085614v</annotation>
		<annotation source="BABELFY" anchor="damnation" bfScore="0.933568193256165" coherenceScore="0.19444444444444445">bn:00025114n</annotation>
		<annotation source="MCS" anchor="cast" bfScore="--" coherenceScore="--">bn:00084624v</annotation>
		<annotation source="BABELFY" anchor="cast off" bfScore="1.0" coherenceScore="0.005555555555555556">bn:00084636v</annotation>
		<annotation source="MCS" anchor="idle" bfScore="--" coherenceScore="--">bn:00104520a</annotation>
		<annotation source="BABELFY" anchor="wandering" bfScore="0.8032128514056225" coherenceScore="0.1388888888888889">bn:00083458v</annotation>
		<annotation source="BABELFY" anchor="house" bfScore="0.901840490797546" coherenceScore="0.03888888888888889">bn:00087150v</annotation>
		<annotation source="BABELFY" anchor="tattlers" bfScore="1.0" coherenceScore="0.12777777777777777">bn:00010814n</annotation>
		<annotation source="BABELFY" anchor="busybodies" bfScore="1.0" coherenceScore="0.03888888888888889">bn:00014197n</annotation>
		<annotation source="MCS" anchor="speaking" bfScore="--" coherenceScore="--">bn:00090943v</annotation>
		<annotation source="MCS" anchor="bear" bfScore="--" coherenceScore="--">bn:00083221v</annotation>
		<annotation source="BABELFY" anchor="guide" bfScore="0.9586956521739131" coherenceScore="0.11666666666666667">bn:00085567v</annotation>
		<annotation source="BABELFY" anchor="occasion" bfScore="0.9508716323296355" coherenceScore="0.16666666666666666">bn:00001736n</annotation>
		<annotation source="BABELFY" anchor="adversary" bfScore="1.0" coherenceScore="0.15">bn:00001582n</annotation>
		<annotation source="MCS" anchor="speak" bfScore="--" coherenceScore="--">bn:00090943v</annotation>
		<annotation source="BABELFY" anchor="reproachfully" bfScore="1.0" coherenceScore="0.027777777777777776">bn:00116830r</annotation>
		<annotation source="BABELFY" anchor="turned" bfScore="0.7358490566037735" coherenceScore="0.14444444444444443">bn:00095246v</annotation>
		<annotation source="BABELFY" anchor="Satan" bfScore="0.8847457627118644" coherenceScore="0.35">bn:00009586n</annotation>
		<annotation source="BABELFY" anchor="woman" bfScore="0.8767175460697858" coherenceScore="0.5833333333333334">bn:00001530n</annotation>
		<annotation source="MCS" anchor="relieve" bfScore="--" coherenceScore="--">bn:00082530v</annotation>
		<annotation source="MCS" anchor="church" bfScore="--" coherenceScore="--">bn:00018819n</annotation>
		<annotation source="MCS" anchor="charged" bfScore="--" coherenceScore="--">bn:00083234v</annotation>
		<annotation source="MCS" anchor="elders" bfScore="--" coherenceScore="--">bn:00030100n</annotation>
		<annotation source="MCS" anchor="rule" bfScore="--" coherenceScore="--">bn:00088992v</annotation>
		<annotation source="MCS" anchor="counted" bfScore="--" coherenceScore="--">bn:00085859v</annotation>
		<annotation source="BABELFY" anchor="worthy" bfScore="0.7969034608378871" coherenceScore="0.19444444444444445">bn:00101237a</annotation>
		<annotation source="BABELFY" anchor="double" bfScore="0.9829787234042553" coherenceScore="0.06111111111111111">bn:00098472a</annotation>
		<annotation source="MCS" anchor="honour" bfScore="--" coherenceScore="--">bn:00044653n</annotation>
		<annotation source="BABELFY" anchor="especially" bfScore="0.9066666666666666" coherenceScore="0.12222222222222222">bn:00115235r</annotation>
		<annotation source="MCS" anchor="labour" bfScore="--" coherenceScore="--">bn:00049570n</annotation>
		<annotation source="MCS" anchor="word" bfScore="--" coherenceScore="--">bn:00081546n</annotation>
		<annotation source="MCS" anchor="doctrine" bfScore="--" coherenceScore="--">bn:00028013n</annotation>
		<annotation source="BABELFY" anchor="scripture" bfScore="0.9380863039399625" coherenceScore="0.5555555555555556">bn:00010217n</annotation>
		<annotation source="MCS" anchor="saith" bfScore="--" coherenceScore="--">bn:00093287v</annotation>
		<annotation source="BABELFY" anchor="muzzle" bfScore="0.8817567567567568" coherenceScore="0.15">bn:00088655v</annotation>
		<annotation source="MCS" anchor="ox" bfScore="--" coherenceScore="--">bn:00059960n</annotation>
		<annotation source="MCS" anchor="corn" bfScore="--" coherenceScore="--">bn:00022678n</annotation>
		<annotation source="BABELFY" anchor="labourer" bfScore="1.0" coherenceScore="0.15">bn:00047795n</annotation>
		<annotation source="MCS" anchor="reward" bfScore="--" coherenceScore="--">bn:00061123n</annotation>
		<annotation source="MCS" anchor="elder" bfScore="--" coherenceScore="--">bn:00030100n</annotation>
		<annotation source="MCS" anchor="receive" bfScore="--" coherenceScore="--">bn:00089246v</annotation>
		<annotation source="BABELFY" anchor="accusation" bfScore="0.9427168576104746" coherenceScore="0.13333333333333333">bn:00000785n</annotation>
		<annotation source="MCS" anchor="witnesses" bfScore="--" coherenceScore="--">bn:00046703n</annotation>
		<annotation source="BABELFY" anchor="sin" bfScore="0.7903170814865326" coherenceScore="0.3388888888888889">bn:00071707n</annotation>
		<annotation source="BABELFY" anchor="rebuke" bfScore="0.9152542372881356" coherenceScore="0.1">bn:16176234n</annotation>
		<annotation source="MCS" anchor="fear" bfScore="--" coherenceScore="--">bn:00088065v</annotation>
		<annotation source="MCS" anchor="charge" bfScore="--" coherenceScore="--">bn:00083234v</annotation>
		<annotation source="BABELFY" anchor="Lord Jesus" bfScore="1.0" coherenceScore="0.6777777777777778">bn:00018805n</annotation>
		<annotation source="BABELFY" anchor="Lord Jesus Christ" bfScore="1.0" coherenceScore="0.6777777777777778">bn:00018805n</annotation>
		<annotation source="BABELFY" anchor="Jesus" bfScore="0.9028009948220329" coherenceScore="0.6722222222222223">bn:00018805n</annotation>
		<annotation source="BABELFY" anchor="Jesus Christ" bfScore="0.9750818956103953" coherenceScore="0.6722222222222223">bn:00018805n</annotation>
		<annotation source="BABELFY" anchor="elect" bfScore="0.9" coherenceScore="0.03333333333333333">bn:00102077a</annotation>
		<annotation source="MCS" anchor="angels" bfScore="--" coherenceScore="--">bn:00004063n</annotation>
		<annotation source="MCS" anchor="observe" bfScore="--" coherenceScore="--">bn:00086708v</annotation>
		<annotation source="MCS" anchor="preferring" bfScore="--" coherenceScore="--">bn:00091949v</annotation>
		<annotation source="BABELFY" anchor="partiality" bfScore="0.8609271523178808" coherenceScore="0.07222222222222222">bn:00060796n</annotation>
		<annotation source="BABELFY" anchor="Lay" bfScore="0.9289678135405105" coherenceScore="0.15">bn:00105688a</annotation>
		<annotation source="MCS" anchor="hands" bfScore="--" coherenceScore="--">bn:00042759n</annotation>
		<annotation source="BABELFY" anchor="suddenly" bfScore="0.9846153846153847" coherenceScore="0.044444444444444446">bn:00116440r</annotation>
		<annotation source="BABELFY" anchor="partaker" bfScore="1.0" coherenceScore="0.1388888888888889">bn:00060776n</annotation>
		<annotation source="BABELFY" anchor="sins" bfScore="0.7754453458225308" coherenceScore="0.3388888888888889">bn:00071707n</annotation>
		<annotation source="MCS" anchor="keep" bfScore="--" coherenceScore="--">bn:00089384v</annotation>
		<annotation source="BABELFY" anchor="thyself" bfScore="1.0" coherenceScore="0.011111111111111112">bn:00066821n</annotation>
		<annotation source="MCS" anchor="pure" bfScore="--" coherenceScore="--">bn:00109244a</annotation>
		<annotation source="MCS" anchor="Drink" bfScore="--" coherenceScore="--">bn:00087321v</annotation>
		<annotation source="MCS" anchor="longer" bfScore="--" coherenceScore="--">bn:00106124a</annotation>
		<annotation source="BABELFY" anchor="water" bfScore="0.7963187831533202" coherenceScore="0.3888888888888889">bn:00042379n</annotation>
		<annotation source="BABELFY" anchor="wine" bfScore="0.8147001934235977" coherenceScore="0.21666666666666667">bn:00080022n</annotation>
		<annotation source="MCS" anchor="stomach" bfScore="--" coherenceScore="--">bn:00012886n</annotation>
		<annotation source="BABELFY" anchor="sake" bfScore="0.9375" coherenceScore="0.07222222222222222">bn:00067720n</annotation>
		<annotation source="BABELFY" anchor="infirmities" bfScore="0.9469026548672567" coherenceScore="0.36666666666666664">bn:00027546n</annotation>
		<annotation source="MCS" anchor="judgment" bfScore="--" coherenceScore="--">bn:00048493n</annotation>
		<annotation source="MCS" anchor="follow" bfScore="--" coherenceScore="--">bn:00088421v</annotation>
		<annotation source="BABELFY" anchor="Likewise" bfScore="1.0" coherenceScore="0.016666666666666666">bn:00114246r</annotation>
		<annotation source="BABELFY" anchor="manifest" bfScore="1.0" coherenceScore="0.016666666666666666">bn:00097350a</annotation>
		<annotation source="MCS" anchor="hid" bfScore="--" coherenceScore="--">bn:00085509v</annotation>
	</annotations>
</paragraph>
<paragraph id="p.6">
	<text>
		Let as many servants as are under the yoke count their own masters worthy of all honour , that the name of God and his doctrine be not blasphemed .
		And they that have believing masters , let them not despise them , because they are brethren ; but rather do them service , because they are faithful and beloved , partakers of the benefit . These things teach and exhort .
		If any man teach otherwise , and consent not to wholesome words , even the words of our Lord Jesus Christ , and to the doctrine which is according to godliness ;
		He is proud , knowing nothing , but doting about questions and strifes of words , whereof cometh envy , strife , railings , evil surmisings ,
		Perverse disputings of men of corrupt minds , and destitute of the truth , supposing that gain is godliness : from such withdraw thyself .
		But godliness with contentment is great gain .
		For we brought nothing into this world , and it is certain we can carry nothing out .
		And having food and raiment let us be therewith content .
		But they that will be rich fall into temptation and a snare , and into many foolish and hurtful lusts , which drown men in destruction and perdition .
		For the love of money is the root of all evil : which while some coveted after , they have erred from the faith , and pierced themselves through with many sorrows .
		But thou , O man of God , flee these things ; and follow after righteousness , godliness , faith , love , patience , meekness .
		Fight the good fight of faith , lay hold on eternal life , whereunto thou art also called , and hast professed a good profession before many witnesses .
		I give thee charge in the sight of God , who quickeneth all things , and before Christ Jesus , who before Pontius Pilate witnessed a good confession ;
		That thou keep this commandment without spot , unrebukeable , until the appearing of our Lord Jesus Christ :
		Which in his times he shall shew , who is the blessed and only Potentate , the King of kings , and Lord of lords ;
		Who only hath immortality , dwelling in the light which no man can approach unto ; whom no man hath seen , nor can see : to whom be honour and power everlasting . Amen .
		Charge them that are rich in this world , that they be not highminded , nor trust in uncertain riches , but in the living God , who giveth us richly all things to enjoy ;
		That they do good , that they be rich in good works , ready to distribute , willing to communicate ;
		Laying up in store for themselves a good foundation against the time to come , that they may lay hold on eternal life .
		O Timothy , keep that which is committed to thy trust , avoiding profane and vain babblings , and oppositions of science falsely so called :
		Which some professing have erred concerning the faith . Grace be with thee . Amen .
	</text>
	<annotations>
		<annotation source="MCS" anchor="servants" bfScore="--" coherenceScore="--">bn:00067423n</annotation>
		<annotation source="MCS" anchor="yoke" bfScore="--" coherenceScore="--">bn:00081931n</annotation>
		<annotation source="MCS" anchor="count" bfScore="--" coherenceScore="--">bn:00085859v</annotation>
		<annotation source="MCS" anchor="masters" bfScore="--" coherenceScore="--">bn:00052664n</annotation>
		<annotation source="MCS" anchor="worthy" bfScore="--" coherenceScore="--">bn:00113948a</annotation>
		<annotation source="MCS" anchor="honour" bfScore="--" coherenceScore="--">bn:00044653n</annotation>
		<annotation source="BABELFY" anchor="name of God" bfScore="1.0" coherenceScore="0.23696682464454977">bn:03367501n</annotation>
		<annotation source="MCS" anchor="doctrine" bfScore="--" coherenceScore="--">bn:00028013n</annotation>
		<annotation source="BABELFY" anchor="blasphemed" bfScore="0.8347386172006745" coherenceScore="0.14218009478672985">bn:00083560v</annotation>
		<annotation source="MCS" anchor="believing" bfScore="--" coherenceScore="--">bn:00083369v</annotation>
		<annotation source="BABELFY" anchor="despise" bfScore="1.0" coherenceScore="0.04739336492890995">bn:00085702v</annotation>
		<annotation source="MCS" anchor="brethren" bfScore="--" coherenceScore="--">bn:00013012n</annotation>
		<annotation source="MCS" anchor="service" bfScore="--" coherenceScore="--">bn:00070651n</annotation>
		<annotation source="MCS" anchor="faithful" bfScore="--" coherenceScore="--">bn:00102728a</annotation>
		<annotation source="BABELFY" anchor="beloved" bfScore="1.0" coherenceScore="0.014218009478672985">bn:00098224a</annotation>
		<annotation source="BABELFY" anchor="partakers" bfScore="1.0" coherenceScore="0.14691943127962084">bn:00060776n</annotation>
		<annotation source="MCS" anchor="benefit" bfScore="--" coherenceScore="--">bn:00009904n</annotation>
		<annotation source="BABELFY" anchor="things" bfScore="0.896977575560611" coherenceScore="0.1895734597156398">bn:00006125n</annotation>
		<annotation source="BABELFY" anchor="teach" bfScore="0.7730263157894737" coherenceScore="0.1895734597156398">bn:00089791v</annotation>
		<annotation source="BABELFY" anchor="exhort" bfScore="1.0" coherenceScore="0.004739336492890996">bn:00083132v</annotation>
		<annotation source="BABELFY" anchor="man" bfScore="0.7146423345097702" coherenceScore="0.8625592417061612">bn:00044576n</annotation>
		<annotation source="MCS" anchor="consent" bfScore="--" coherenceScore="--">bn:00021959n</annotation>
		<annotation source="MCS" anchor="wholesome" bfScore="--" coherenceScore="--">bn:00113854a</annotation>
		<annotation source="MCS" anchor="words" bfScore="--" coherenceScore="--">bn:00081546n</annotation>
		<annotation source="BABELFY" anchor="Lord Jesus" bfScore="1.0" coherenceScore="0.6682464454976303">bn:00018805n</annotation>
		<annotation source="BABELFY" anchor="Lord Jesus Christ" bfScore="1.0" coherenceScore="0.6682464454976303">bn:00018805n</annotation>
		<annotation source="BABELFY" anchor="Jesus" bfScore="0.8766174594496081" coherenceScore="0.6635071090047393">bn:00018805n</annotation>
		<annotation source="BABELFY" anchor="Jesus Christ" bfScore="0.9679396712711514" coherenceScore="0.6635071090047393">bn:00018805n</annotation>
		<annotation source="BABELFY" anchor="Christ" bfScore="0.9775802868107453" coherenceScore="0.6635071090047393">bn:00018805n</annotation>
		<annotation source="BABELFY" anchor="according" bfScore="0.8" coherenceScore="0.009478672985781991">bn:00082227v</annotation>
		<annotation source="BABELFY" anchor="godliness" bfScore="0.8602487952482349" coherenceScore="0.36018957345971564">bn:00025995n</annotation>
		<annotation source="BABELFY" anchor="proud" bfScore="0.8471760797342193" coherenceScore="0.07109004739336493">bn:00109157a</annotation>
		<annotation source="MCS" anchor="knowing" bfScore="--" coherenceScore="--">bn:00085261v</annotation>
		<annotation source="BABELFY" anchor="doting" bfScore="0.7592295345104334" coherenceScore="0.15639810426540285">bn:00087168v</annotation>
		<annotation source="MCS" anchor="questions" bfScore="--" coherenceScore="--">bn:00030951n</annotation>
		<annotation source="BABELFY" anchor="strifes" bfScore="0.8653846153846154" coherenceScore="0.04265402843601896">bn:00074667n</annotation>
		<annotation source="MCS" anchor="whereof" bfScore="--" coherenceScore="--">bn:13682927r</annotation>
		<annotation source="MCS" anchor="envy" bfScore="--" coherenceScore="--">bn:00031073n</annotation>
		<annotation source="BABELFY" anchor="strife" bfScore="0.8653846153846154" coherenceScore="0.04265402843601896">bn:00074667n</annotation>
		<annotation source="BABELFY" anchor="railings" bfScore="0.8678678678678678" coherenceScore="0.08056872037914692">bn:15085059n</annotation>
		<annotation source="BABELFY" anchor="evil" bfScore="0.7710476190476191" coherenceScore="0.20853080568720378">bn:00102475a</annotation>
		<annotation source="BABELFY" anchor="Perverse" bfScore="1.0" coherenceScore="0.0995260663507109">bn:00061765n</annotation>
		<annotation source="BABELFY" anchor="men" bfScore="0.7146423345097702" coherenceScore="0.8625592417061612">bn:00044576n</annotation>
		<annotation source="MCS" anchor="corrupt" bfScore="--" coherenceScore="--">bn:00100510a</annotation>
		<annotation source="MCS" anchor="minds" bfScore="--" coherenceScore="--">bn:00012681n</annotation>
		<annotation source="BABELFY" anchor="destitute" bfScore="0.8372093023255814" coherenceScore="0.05687203791469194">bn:00098082a</annotation>
		<annotation source="BABELFY" anchor="truth" bfScore="0.8036117381489842" coherenceScore="0.46445497630331756">bn:00072816n</annotation>
		<annotation source="MCS" anchor="supposing" bfScore="--" coherenceScore="--">bn:00093288v</annotation>
		<annotation source="MCS" anchor="gain" bfScore="--" coherenceScore="--">bn:00001294n</annotation>
		<annotation source="MCS" anchor="withdraw" bfScore="--" coherenceScore="--">bn:00087267v</annotation>
		<annotation source="BABELFY" anchor="thyself" bfScore="1.0" coherenceScore="0.018957345971563982">bn:00066821n</annotation>
		<annotation source="BABELFY" anchor="contentment" bfScore="1.0" coherenceScore="0.26540284360189575">bn:00022161n</annotation>
		<annotation source="MCS" anchor="great" bfScore="--" coherenceScore="--">bn:00103779a</annotation>
		<annotation source="MCS" anchor="brought" bfScore="--" coherenceScore="--">bn:00084058v</annotation>
		<annotation source="MCS" anchor="world" bfScore="--" coherenceScore="--">bn:00022991n</annotation>
		<annotation source="MCS" anchor="carry" bfScore="--" coherenceScore="--">bn:00084554v</annotation>
		<annotation source="BABELFY" anchor="food" bfScore="0.8699494949494949" coherenceScore="0.24644549763033174">bn:00035650n</annotation>
		<annotation source="BABELFY" anchor="raiment" bfScore="0.9580006942034016" coherenceScore="0.1895734597156398">bn:00006125n</annotation>
		<annotation source="BABELFY" anchor="therewith" bfScore="1.0" coherenceScore="0.009478672985781991">bn:00117270r</annotation>
		<annotation source="BABELFY" anchor="content" bfScore="1.0" coherenceScore="0.014218009478672985">bn:00100364a</annotation>
		<annotation source="MCS" anchor="rich" bfScore="--" coherenceScore="--">bn:00109833a</annotation>
		<annotation source="MCS" anchor="fall" bfScore="--" coherenceScore="--">bn:00007406n</annotation>
		<annotation source="MCS" anchor="temptation" bfScore="--" coherenceScore="--">bn:00031021n</annotation>
		<annotation source="MCS" anchor="snare" bfScore="--" coherenceScore="--">bn:00072404n</annotation>
		<annotation source="MCS" anchor="foolish" bfScore="--" coherenceScore="--">bn:00103179a</annotation>
		<annotation source="MCS" anchor="hurtful" bfScore="--" coherenceScore="--">bn:00104413a</annotation>
		<annotation source="MCS" anchor="lusts" bfScore="--" coherenceScore="--">bn:00050478n</annotation>
		<annotation source="MCS" anchor="drown" bfScore="--" coherenceScore="--">bn:00087393v</annotation>
		<annotation source="MCS" anchor="destruction" bfScore="--" coherenceScore="--">bn:00026610n</annotation>
		<annotation source="BABELFY" anchor="perdition" bfScore="1.0" coherenceScore="0.36018957345971564">bn:00043604n</annotation>
		<annotation source="BABELFY" anchor="love" bfScore="0.7434434382034235" coherenceScore="0.5118483412322274">bn:00052121n</annotation>
		<annotation source="BABELFY" anchor="love of money" bfScore="1.0" coherenceScore="0.17535545023696683">bn:15920904n</annotation>
		<annotation source="BABELFY" anchor="money" bfScore="0.9556080903598634" coherenceScore="0.3222748815165877">bn:00055644n</annotation>
		<annotation source="BABELFY" anchor="money is the root of all evil" bfScore="1.0" coherenceScore="0.13744075829383887">bn:00711936n</annotation>
		<annotation source="MCS" anchor="root" bfScore="--" coherenceScore="--">bn:00068246n</annotation>
		<annotation source="BABELFY" anchor="root of all evil" bfScore="1.0" coherenceScore="0.023696682464454975">bn:00806047n</annotation>
		<annotation source="BABELFY" anchor="evil" bfScore="0.7057447741558251" coherenceScore="0.3222748815165877">bn:00032050n</annotation>
		<annotation source="BABELFY" anchor="coveted" bfScore="1.0" coherenceScore="0.004739336492890996">bn:00100580a</annotation>
		<annotation source="BABELFY" anchor="erred" bfScore="0.9245283018867925" coherenceScore="0.03317535545023697">bn:00087717v</annotation>
		<annotation source="BABELFY" anchor="faith" bfScore="0.9292722371967655" coherenceScore="0.8009478672985783">bn:00032768n</annotation>
		<annotation source="BABELFY" anchor="pierced" bfScore="0.9983221476510067" coherenceScore="0.16113744075829384">bn:00091616v</annotation>
		<annotation source="MCS" anchor="sorrows" bfScore="--" coherenceScore="--">bn:00072854n</annotation>
		<annotation source="BABELFY" anchor="man of God" bfScore="1.0" coherenceScore="0.13270142180094788">bn:02363046n</annotation>
		<annotation source="BABELFY" anchor="flee" bfScore="1.0" coherenceScore="0.014218009478672985">bn:00088291v</annotation>
		<annotation source="MCS" anchor="follow" bfScore="--" coherenceScore="--">bn:00088421v</annotation>
		<annotation source="MCS" anchor="righteousness" bfScore="--" coherenceScore="--">bn:00067848n</annotation>
		<annotation source="MCS" anchor="patience" bfScore="--" coherenceScore="--">bn:00035762n</annotation>
		<annotation source="BABELFY" anchor="meekness" bfScore="0.8119810201660735" coherenceScore="0.17535545023696683">bn:01015731n</annotation>
		<annotation source="BABELFY" anchor="Fight" bfScore="0.8878648233486943" coherenceScore="0.16113744075829384">bn:00082468v</annotation>
		<annotation source="BABELFY" anchor="Fight the good fight" bfScore="1.0" coherenceScore="0.13270142180094788">bn:16628567n</annotation>
		<annotation source="MCS" anchor="good" bfScore="--" coherenceScore="--">bn:00103672a</annotation>
		<annotation source="MCS" anchor="fight" bfScore="--" coherenceScore="--">bn:00009078n</annotation>
		<annotation source="MCS" anchor="lay" bfScore="--" coherenceScore="--">bn:00090321v</annotation>
		<annotation source="MCS" anchor="hold" bfScore="--" coherenceScore="--">bn:00019475n</annotation>
		<annotation source="BABELFY" anchor="eternal" bfScore="0.8064516129032258" coherenceScore="0.023696682464454975">bn:00096562a</annotation>
		<annotation source="MCS" anchor="eternal life" bfScore="--" coherenceScore="--">bn:00031685n</annotation>
		<annotation source="MCS" anchor="life" bfScore="--" coherenceScore="--">bn:00051045n</annotation>
		<annotation source="MCS" anchor="whereunto" bfScore="--" coherenceScore="--">bn:13750720r</annotation>
		<annotation source="MCS" anchor="called" bfScore="--" coherenceScore="--">bn:00084385v</annotation>
		<annotation source="MCS" anchor="professed" bfScore="--" coherenceScore="--">bn:00092040v</annotation>
		<annotation source="MCS" anchor="profession" bfScore="--" coherenceScore="--">bn:00064607n</annotation>
		<annotation source="MCS" anchor="witnesses" bfScore="--" coherenceScore="--">bn:00046703n</annotation>
		<annotation source="MCS" anchor="charge" bfScore="--" coherenceScore="--">bn:00017789n</annotation>
		<annotation source="MCS" anchor="sight" bfScore="--" coherenceScore="--">bn:00071507n</annotation>
		<annotation source="BABELFY" anchor="Christ Jesus" bfScore="1.0" coherenceScore="0.6682464454976303">bn:00018805n</annotation>
		<annotation source="BABELFY" anchor="Pontius Pilate" bfScore="0.88268156424581" coherenceScore="0.1990521327014218">bn:00062384n</annotation>
		<annotation source="BABELFY" anchor="Pilate" bfScore="1.0" coherenceScore="0.2037914691943128">bn:00062384n</annotation>
		<annotation source="BABELFY" anchor="witnessed" bfScore="0.9339622641509434" coherenceScore="0.08530805687203792">bn:00095806v</annotation>
		<annotation source="MCS" anchor="confession" bfScore="--" coherenceScore="--">bn:00021731n</annotation>
		<annotation source="MCS" anchor="keep" bfScore="--" coherenceScore="--">bn:00089384v</annotation>
		<annotation source="MCS" anchor="commandment" bfScore="--" coherenceScore="--">bn:00020960n</annotation>
		<annotation source="MCS" anchor="spot" bfScore="--" coherenceScore="--">bn:00062699n</annotation>
		<annotation source="MCS" anchor="appearing" bfScore="--" coherenceScore="--">bn:00082690v</annotation>
		<annotation source="BABELFY" anchor="times" bfScore="0.7555594672299478" coherenceScore="0.3744075829383886">bn:00077270n</annotation>
		<annotation source="BABELFY" anchor="shew" bfScore="1.0" coherenceScore="0.014218009478672985">bn:00086567v</annotation>
		<annotation source="MCS" anchor="blessed" bfScore="--" coherenceScore="--">bn:00098556a</annotation>
		<annotation source="BABELFY" anchor="Potentate" bfScore="0.782608695652174" coherenceScore="0.08530805687203792">bn:00068528n</annotation>
		<annotation source="MCS" anchor="King" bfScore="--" coherenceScore="--">bn:00049141n</annotation>
		<annotation source="MCS" anchor="kings" bfScore="--" coherenceScore="--">bn:00049141n</annotation>
		<annotation source="BABELFY" anchor="Lord of lords" bfScore="1.0" coherenceScore="0.12796208530805686">bn:00534904n</annotation>
		<annotation source="BABELFY" anchor="immortality" bfScore="0.9455659697188176" coherenceScore="0.2890995260663507">bn:00046034n</annotation>
		<annotation source="MCS" anchor="dwelling" bfScore="--" coherenceScore="--">bn:00084133v</annotation>
		<annotation source="MCS" anchor="light" bfScore="--" coherenceScore="--">bn:00051108n</annotation>
		<annotation source="BABELFY" anchor="approach" bfScore="0.9711316397228638" coherenceScore="0.13744075829383887">bn:00082736v</annotation>
		<annotation source="MCS" anchor="power" bfScore="--" coherenceScore="--">bn:00063940n</annotation>
		<annotation source="BABELFY" anchor="everlasting" bfScore="0.9878048780487805" coherenceScore="0.04265402843601896">bn:02050422n</annotation>
		<annotation source="BABELFY" anchor="Amen" bfScore="0.862680217442685" coherenceScore="0.23696682464454977">bn:00003325n</annotation>
		<annotation source="MCS" anchor="Charge" bfScore="--" coherenceScore="--">bn:00083234v</annotation>
		<annotation source="MCS" anchor="trust" bfScore="--" coherenceScore="--">bn:00078487n</annotation>
		<annotation source="BABELFY" anchor="uncertain" bfScore="0.7713498622589532" coherenceScore="0.11374407582938388">bn:00104809a</annotation>
		<annotation source="BABELFY" anchor="riches" bfScore="0.8325123152709359" coherenceScore="0.1848341232227488">bn:00067724n</annotation>
		<annotation source="MCS" anchor="living" bfScore="--" coherenceScore="--">bn:00087441v</annotation>
		<annotation source="MCS" anchor="richly" bfScore="--" coherenceScore="--">bn:00114271r</annotation>
		<annotation source="MCS" anchor="enjoy" bfScore="--" coherenceScore="--">bn:00083145v</annotation>
		<annotation source="BABELFY" anchor="good works" bfScore="0.8473177441540578" coherenceScore="0.3127962085308057">bn:00041221n</annotation>
		<annotation source="MCS" anchor="works" bfScore="--" coherenceScore="--">bn:00081568n</annotation>
		<annotation source="MCS" anchor="ready" bfScore="--" coherenceScore="--">bn:00109485a</annotation>
		<annotation source="MCS" anchor="distribute" bfScore="--" coherenceScore="--">bn:00082364v</annotation>
		<annotation source="BABELFY" anchor="willing" bfScore="0.7963340122199593" coherenceScore="0.08056872037914692">bn:00113877a</annotation>
		<annotation source="MCS" anchor="communicate" bfScore="--" coherenceScore="--">bn:00085435v</annotation>
		<annotation source="MCS" anchor="Laying" bfScore="--" coherenceScore="--">bn:00090224v</annotation>
		<annotation source="BABELFY" anchor="Laying up" bfScore="1.0" coherenceScore="0.052132701421800945">bn:00090238v</annotation>
		<annotation source="MCS" anchor="store" bfScore="--" coherenceScore="--">bn:00071215n</annotation>
		<annotation source="MCS" anchor="foundation" bfScore="--" coherenceScore="--">bn:00036063n</annotation>
		<annotation source="BABELFY" anchor="time" bfScore="0.7712890978123305" coherenceScore="0.3744075829383886">bn:00077270n</annotation>
		<annotation source="BABELFY" anchor="time to come" bfScore="0.998703823720026" coherenceScore="0.21800947867298578">bn:00036941n</annotation>
		<annotation source="MCS" anchor="lay" bfScore="--" coherenceScore="--">bn:00090224v</annotation>
		<annotation source="MCS" anchor="hold" bfScore="--" coherenceScore="--">bn:00089384v</annotation>
		<annotation source="MCS" anchor="hold on" bfScore="--" coherenceScore="--">bn:00089017v</annotation>
		<annotation source="MCS" anchor="Timothy" bfScore="--" coherenceScore="--">bn:00043804n</annotation>
		<annotation source="MCS" anchor="committed" bfScore="--" coherenceScore="--">bn:00085426v</annotation>
		<annotation source="BABELFY" anchor="avoiding" bfScore="0.811078140454995" coherenceScore="0.1895734597156398">bn:00082958v</annotation>
		<annotation source="MCS" anchor="profane" bfScore="--" coherenceScore="--">bn:00098533a</annotation>
		<annotation source="BABELFY" anchor="vain" bfScore="0.9197224975222993" coherenceScore="0.13744075829383887">bn:00100184a</annotation>
		<annotation source="BABELFY" anchor="oppositions" bfScore="0.8020555767034641" coherenceScore="0.2037914691943128">bn:00030815n</annotation>
		<annotation source="BABELFY" anchor="science" bfScore="0.9943903069368644" coherenceScore="0.7345971563981043">bn:00069670n</annotation>
		<annotation source="BABELFY" anchor="falsely" bfScore="0.9" coherenceScore="0.02843601895734597">bn:00115316r</annotation>
		<annotation source="MCS" anchor="professing" bfScore="--" coherenceScore="--">bn:00092040v</annotation>
		<annotation source="BABELFY" anchor="concerning" bfScore="0.7043558850787767" coherenceScore="0.18009478672985782">bn:00083240v</annotation>
		<annotation source="MCS" anchor="Grace" bfScore="--" coherenceScore="--">bn:00041221n</annotation>
	</annotations>
</paragraph>
</dataset>
