<?xml version="1.0" encoding="utf-8"?>
<dataset language="EN" title="2TI">
<paragraph id="p.1">
	<text>
		Paul , an apostle of Jesus Christ by the will of God , according to the promise of life which is in Christ Jesus ,
		To Timothy , my dearly beloved son : Grace , mercy , and peace , from God the Father and Christ Jesus our Lord .
		I thank God , whom I serve from my forefathers with pure conscience , that without ceasing I have remembrance of thee in my prayers night and day ;
		Greatly desiring to see thee , being mindful of thy tears , that I may be filled with joy ;
		When I call to remembrance the unfeigned faith that is in thee , which dwelt first in thy grandmother Lois , and thy mother Eunice ; and I am persuaded that in thee also .
		Wherefore I put thee in remembrance that thou stir up the gift of God , which is in thee by the putting on of my hands .
		For God hath not given us the spirit of fear ; but of power , and of love , and of a sound mind .
		Be not thou therefore ashamed of the testimony of our Lord , nor of me his prisoner : but be thou partaker of the afflictions of the gospel according to the power of God ;
		Who hath saved us , and called us with an holy calling , not according to our works , but according to his own purpose and grace , which was given us in Christ Jesus before the world began ,
		But is now made manifest by the appearing of our Saviour Jesus Christ , who hath abolished death , and hath brought life and immortality to light through the gospel :
		Whereunto I am appointed a preacher , and an apostle , and a teacher of the Gentiles .
		For the which cause I also suffer these things : nevertheless I am not ashamed : for I know whom I have believed , and am persuaded that he is able to keep that which I have committed unto him against that day .
		Hold fast the form of sound words , which thou hast heard of me , in faith and love which is in Christ Jesus .
		That good thing which was committed unto thee keep by the Holy Ghost which dwelleth in us .
		This thou knowest , that all they which are in Asia be turned away from me ; of whom are Phygellus and Hermogenes .
		The Lord give mercy unto the house of Onesiphorus ; for he oft refreshed me , and was not ashamed of my chain :
		But , when he was in Rome , he sought me out very diligently , and found me .
		The Lord grant unto him that he may find mercy of the Lord in that day : and in how many things he ministered unto me at Ephesus , thou knowest very well .
	</text>
	<annotations>
		<annotation source="BABELFY" anchor="Paul" bfScore="0.8728696625023308" coherenceScore="0.515527950310559">bn:00004984n</annotation>
		<annotation source="MCS" anchor="apostle" bfScore="--" coherenceScore="--">bn:00004981n</annotation>
		<annotation source="BABELFY" anchor="Jesus" bfScore="0.7721726335077808" coherenceScore="0.7763975155279503">bn:00018805n</annotation>
		<annotation source="BABELFY" anchor="Jesus Christ" bfScore="0.9522395656599932" coherenceScore="0.7763975155279503">bn:00018805n</annotation>
		<annotation source="BABELFY" anchor="Christ" bfScore="0.9591340389819477" coherenceScore="0.7763975155279503">bn:00018805n</annotation>
		<annotation source="BABELFY" anchor="according" bfScore="1.0" coherenceScore="0.018633540372670808">bn:00082228v</annotation>
		<annotation source="BABELFY" anchor="promise" bfScore="0.9224318658280922" coherenceScore="0.2732919254658385">bn:00064699n</annotation>
		<annotation source="MCS" anchor="life" bfScore="--" coherenceScore="--">bn:00051045n</annotation>
		<annotation source="BABELFY" anchor="Christ Jesus" bfScore="1.0" coherenceScore="0.782608695652174">bn:00018805n</annotation>
		<annotation source="BABELFY" anchor="Timothy" bfScore="0.8002853067047075" coherenceScore="0.2732919254658385">bn:00077326n</annotation>
		<annotation source="BABELFY" anchor="dearly" bfScore="0.9972972972972973" coherenceScore="0.2236024844720497">bn:00114159r</annotation>
		<annotation source="BABELFY" anchor="beloved" bfScore="1.0" coherenceScore="0.018633540372670808">bn:00098224a</annotation>
		<annotation source="BABELFY" anchor="son" bfScore="0.8943577430972389" coherenceScore="0.37267080745341613">bn:00051877n</annotation>
		<annotation source="MCS" anchor="Grace" bfScore="--" coherenceScore="--">bn:00041221n</annotation>
		<annotation source="MCS" anchor="mercy" bfScore="--" coherenceScore="--">bn:00019708n</annotation>
		<annotation source="MCS" anchor="peace" bfScore="--" coherenceScore="--">bn:00061149n</annotation>
		<annotation source="BABELFY" anchor="God the Father" bfScore="1.0" coherenceScore="0.35403726708074534">bn:03137478n</annotation>
		<annotation source="MCS" anchor="Father" bfScore="--" coherenceScore="--">bn:00009616n</annotation>
		<annotation source="BABELFY" anchor="thank" bfScore="1.0" coherenceScore="0.2111801242236025">bn:00088854v</annotation>
		<annotation source="BABELFY" anchor="serve" bfScore="0.7288758265980897" coherenceScore="0.19254658385093168">bn:00092036v</annotation>
		<annotation source="MCS" anchor="forefathers" bfScore="--" coherenceScore="--">bn:00033776n</annotation>
		<annotation source="BABELFY" anchor="pure" bfScore="0.7025582283314242" coherenceScore="0.2484472049689441">bn:00109249a</annotation>
		<annotation source="MCS" anchor="conscience" bfScore="--" coherenceScore="--">bn:00021945n</annotation>
		<annotation source="MCS" anchor="ceasing" bfScore="--" coherenceScore="--">bn:00084710v</annotation>
		<annotation source="MCS" anchor="remembrance" bfScore="--" coherenceScore="--">bn:00003810n</annotation>
		<annotation source="BABELFY" anchor="prayers" bfScore="0.7229158092102255" coherenceScore="0.4720496894409938">bn:00059529n</annotation>
		<annotation source="MCS" anchor="night" bfScore="--" coherenceScore="--">bn:00025236n</annotation>
		<annotation source="BABELFY" anchor="night and day" bfScore="0.977818853974122" coherenceScore="0.14285714285714285">bn:03613072n</annotation>
		<annotation source="MCS" anchor="day" bfScore="--" coherenceScore="--">bn:00000086n</annotation>
		<annotation source="MCS" anchor="Greatly" bfScore="--" coherenceScore="--">bn:00115553r</annotation>
		<annotation source="MCS" anchor="desiring" bfScore="--" coherenceScore="--">bn:00086682v</annotation>
		<annotation source="BABELFY" anchor="mindful" bfScore="1.0" coherenceScore="0.037267080745341616">bn:00097880a</annotation>
		<annotation source="MCS" anchor="tears" bfScore="--" coherenceScore="--">bn:00076312n</annotation>
		<annotation source="MCS" anchor="filled" bfScore="--" coherenceScore="--">bn:00088175v</annotation>
		<annotation source="MCS" anchor="joy" bfScore="--" coherenceScore="--">bn:00048468n</annotation>
		<annotation source="MCS" anchor="call" bfScore="--" coherenceScore="--">bn:00084385v</annotation>
		<annotation source="BABELFY" anchor="unfeigned" bfScore="1.0" coherenceScore="0.012422360248447204">bn:00103538a</annotation>
		<annotation source="BABELFY" anchor="faith" bfScore="0.9153787218303348" coherenceScore="0.8819875776397516">bn:00032768n</annotation>
		<annotation source="BABELFY" anchor="dwelt" bfScore="0.810126582278481" coherenceScore="0.049689440993788817">bn:00087442v</annotation>
		<annotation source="MCS" anchor="grandmother" bfScore="--" coherenceScore="--">bn:00041313n</annotation>
		<annotation source="BABELFY" anchor="Lois" bfScore="0.998812351543943" coherenceScore="0.18012422360248448">bn:14207847n</annotation>
		<annotation source="MCS" anchor="mother" bfScore="--" coherenceScore="--">bn:00034027n</annotation>
		<annotation source="BABELFY" anchor="Eunice" bfScore="0.9865771812080537" coherenceScore="0.08695652173913043">bn:12521884n</annotation>
		<annotation source="BABELFY" anchor="persuaded" bfScore="0.9863945578231292" coherenceScore="0.18012422360248448">bn:00091565v</annotation>
		<annotation source="BABELFY" anchor="stir" bfScore="0.8248945147679325" coherenceScore="0.10559006211180125">bn:00082770v</annotation>
		<annotation source="BABELFY" anchor="stir up" bfScore="0.9473684210526315" coherenceScore="0.16770186335403728">bn:00088229v</annotation>
		<annotation source="MCS" anchor="gift" bfScore="--" coherenceScore="--">bn:00040436n</annotation>
		<annotation source="MCS" anchor="putting on" bfScore="--" coherenceScore="--">bn:00082876v</annotation>
		<annotation source="MCS" anchor="hands" bfScore="--" coherenceScore="--">bn:00042759n</annotation>
		<annotation source="BABELFY" anchor="spirit" bfScore="0.7203278356774259" coherenceScore="0.391304347826087">bn:00027551n</annotation>
		<annotation source="MCS" anchor="fear" bfScore="--" coherenceScore="--">bn:00033854n</annotation>
		<annotation source="BABELFY" anchor="power" bfScore="0.7331476969486019" coherenceScore="0.4409937888198758">bn:00025995n</annotation>
		<annotation source="BABELFY" anchor="love" bfScore="0.7185185185185186" coherenceScore="0.6024844720496895">bn:00052121n</annotation>
		<annotation source="MCS" anchor="sound" bfScore="--" coherenceScore="--">bn:00110939a</annotation>
		<annotation source="BABELFY" anchor="sound mind" bfScore="1.0" coherenceScore="0.08074534161490683">bn:00069170n</annotation>
		<annotation source="MCS" anchor="mind" bfScore="--" coherenceScore="--">bn:00012681n</annotation>
		<annotation source="BABELFY" anchor="ashamed" bfScore="1.0" coherenceScore="0.2111801242236025">bn:00097581a</annotation>
		<annotation source="BABELFY" anchor="testimony" bfScore="0.9897260273972602" coherenceScore="0.2111801242236025">bn:00076677n</annotation>
		<annotation source="MCS" anchor="prisoner" bfScore="--" coherenceScore="--">bn:00015767n</annotation>
		<annotation source="BABELFY" anchor="partaker" bfScore="1.0" coherenceScore="0.18633540372670807">bn:00060776n</annotation>
		<annotation source="MCS" anchor="afflictions" bfScore="--" coherenceScore="--">bn:00001782n</annotation>
		<annotation source="MCS" anchor="gospel" bfScore="--" coherenceScore="--">bn:00031976n</annotation>
		<annotation source="BABELFY" anchor="saved" bfScore="0.7006550840216462" coherenceScore="0.2546583850931677">bn:00086537v</annotation>
		<annotation source="MCS" anchor="called" bfScore="--" coherenceScore="--">bn:00084385v</annotation>
		<annotation source="BABELFY" anchor="holy" bfScore="1.0" coherenceScore="0.2608695652173913">bn:00104250a</annotation>
		<annotation source="BABELFY" anchor="calling" bfScore="0.9998113919275745" coherenceScore="0.35403726708074534">bn:00014839n</annotation>
		<annotation source="MCS" anchor="works" bfScore="--" coherenceScore="--">bn:00081568n</annotation>
		<annotation source="BABELFY" anchor="purpose" bfScore="0.9750346740638003" coherenceScore="0.22981366459627328">bn:00002178n</annotation>
		<annotation source="MCS" anchor="grace" bfScore="--" coherenceScore="--">bn:00041221n</annotation>
		<annotation source="MCS" anchor="world" bfScore="--" coherenceScore="--">bn:00022991n</annotation>
		<annotation source="BABELFY" anchor="manifest" bfScore="1.0" coherenceScore="0.043478260869565216">bn:00097350a</annotation>
		<annotation source="MCS" anchor="appearing" bfScore="--" coherenceScore="--">bn:00082690v</annotation>
		<annotation source="BABELFY" anchor="Saviour" bfScore="0.9767829544862556" coherenceScore="0.7763975155279503">bn:00018805n</annotation>
		<annotation source="MCS" anchor="abolished" bfScore="--" coherenceScore="--">bn:00082148v</annotation>
		<annotation source="MCS" anchor="death" bfScore="--" coherenceScore="--">bn:00025582n</annotation>
		<annotation source="MCS" anchor="brought" bfScore="--" coherenceScore="--">bn:00084058v</annotation>
		<annotation source="BABELFY" anchor="immortality" bfScore="0.9234048600255791" coherenceScore="0.35403726708074534">bn:00046034n</annotation>
		<annotation source="MCS" anchor="light" bfScore="--" coherenceScore="--">bn:00089584v</annotation>
		<annotation source="MCS" anchor="Whereunto" bfScore="--" coherenceScore="--">bn:13750721r</annotation>
		<annotation source="MCS" anchor="appointed" bfScore="--" coherenceScore="--">bn:00082715v</annotation>
		<annotation source="MCS" anchor="preacher" bfScore="--" coherenceScore="--">bn:00064059n</annotation>
		<annotation source="BABELFY" anchor="teacher" bfScore="0.7788637751985339" coherenceScore="0.3167701863354037">bn:00046958n</annotation>
		<annotation source="MCS" anchor="Gentiles" bfScore="--" coherenceScore="--">bn:00037763n</annotation>
		<annotation source="MCS" anchor="suffer" bfScore="--" coherenceScore="--">bn:00087618v</annotation>
		<annotation source="BABELFY" anchor="things" bfScore="0.9827586206896551" coherenceScore="0.11801242236024845">bn:00006125n</annotation>
		<annotation source="MCS" anchor="believed" bfScore="--" coherenceScore="--">bn:00083369v</annotation>
		<annotation source="MCS" anchor="able" bfScore="--" coherenceScore="--">bn:00096151a</annotation>
		<annotation source="MCS" anchor="keep" bfScore="--" coherenceScore="--">bn:00089384v</annotation>
		<annotation source="MCS" anchor="committed" bfScore="--" coherenceScore="--">bn:00085426v</annotation>
		<annotation source="MCS" anchor="Hold" bfScore="--" coherenceScore="--">bn:00089384v</annotation>
		<annotation source="BABELFY" anchor="Hold fast" bfScore="1.0" coherenceScore="0.006211180124223602">bn:00082347v</annotation>
		<annotation source="BABELFY" anchor="fast" bfScore="1.0" coherenceScore="0.012422360248447204">bn:00115336r</annotation>
		<annotation source="MCS" anchor="form" bfScore="--" coherenceScore="--">bn:00026512n</annotation>
		<annotation source="BABELFY" anchor="sound words" bfScore="1.0" coherenceScore="0.024844720496894408">bn:00059025n</annotation>
		<annotation source="MCS" anchor="words" bfScore="--" coherenceScore="--">bn:00081546n</annotation>
		<annotation source="BABELFY" anchor="heard" bfScore="0.893312101910828" coherenceScore="0.20496894409937888">bn:00089279v</annotation>
		<annotation source="MCS" anchor="heard of" bfScore="--" coherenceScore="--">bn:13712849v</annotation>
		<annotation source="MCS" anchor="good" bfScore="--" coherenceScore="--">bn:00103672a</annotation>
		<annotation source="MCS" anchor="Holy" bfScore="--" coherenceScore="--">bn:00044465n</annotation>
		<annotation source="BABELFY" anchor="Holy Ghost" bfScore="0.83330045373841" coherenceScore="0.2981366459627329">bn:00044468n</annotation>
		<annotation source="MCS" anchor="Ghost" bfScore="--" coherenceScore="--">bn:00040368n</annotation>
		<annotation source="BABELFY" anchor="knowest" bfScore="1.0" coherenceScore="0.6149068322981367">bn:00020452n</annotation>
		<annotation source="BABELFY" anchor="Asia" bfScore="0.9502438518211062" coherenceScore="0.6149068322981367">bn:00006329n</annotation>
		<annotation source="BABELFY" anchor="turned" bfScore="0.9177215189873418" coherenceScore="0.18012422360248448">bn:00095246v</annotation>
		<annotation source="BABELFY" anchor="turned away" bfScore="0.9523809523809523" coherenceScore="0.18633540372670807">bn:00095252v</annotation>
		<annotation source="MCS" anchor="house" bfScore="--" coherenceScore="--">bn:00044994n</annotation>
		<annotation source="BABELFY" anchor="house of" bfScore="1.0" coherenceScore="0.062111801242236024">bn:00029305n</annotation>
		<annotation source="BABELFY" anchor="refreshed" bfScore="0.875" coherenceScore="0.043478260869565216">bn:00084163v</annotation>
		<annotation source="BABELFY" anchor="chain" bfScore="0.8891625615763546" coherenceScore="0.11801242236024845">bn:00017487n</annotation>
		<annotation source="BABELFY" anchor="sought" bfScore="0.9375" coherenceScore="0.06832298136645963">bn:00082844v</annotation>
		<annotation source="MCS" anchor="diligently" bfScore="--" coherenceScore="--">bn:00115022r</annotation>
		<annotation source="BABELFY" anchor="found" bfScore="0.8224543080939948" coherenceScore="0.21739130434782608">bn:00085393v</annotation>
		<annotation source="BABELFY" anchor="grant" bfScore="0.8051750380517504" coherenceScore="0.14285714285714285">bn:00638359n</annotation>
		<annotation source="BABELFY" anchor="ministered" bfScore="0.998805256869773" coherenceScore="0.2360248447204969">bn:00090806v</annotation>
	</annotations>
</paragraph>
<paragraph id="p.2">
	<text>
		Thou therefore , my son , be strong in the grace that is in Christ Jesus .
		And the things that thou hast heard of me among many witnesses , the same commit thou to faithful men , who shall be able to teach others also .
		Thou therefore endure hardness , as a good soldier of Jesus Christ .
		No man that warreth entangleth himself with the affairs of this life ; that he may please him who hath chosen him to be a soldier .
		And if a man also strive for masteries , yet is he not crowned , except he strive lawfully .
		The husbandman that laboureth must be first partaker of the fruits .
		Consider what I say ; and the Lord give thee understanding in all things .
		Remember that Jesus Christ of the seed of David was raised from the dead according to my gospel :
		Wherein I suffer trouble , as an evil doer , even unto bonds ; but the word of God is not bound .
		Therefore I endure all things for the elect&amp;apos;s sakes , that they may also obtain the salvation which is in Christ Jesus with eternal glory .
		It is a faithful saying : For if we be dead with him , we shall also live with him :
		If we suffer , we shall also reign with him : if we deny him , he also will deny us :
		If we believe not , yet he abideth faithful : he cannot deny himself .
		Of these things put them in remembrance , charging them before the Lord that they strive not about words to no profit , but to the subverting of the hearers .
		Study to shew thyself approved unto God , a workman that needeth not to be ashamed , rightly dividing the word of truth .
		But shun profane and vain babblings : for they will increase unto more ungodliness .
		And their word will eat as doth a canker : of whom is Hymenaeus and Philetus ;
		Who concerning the truth have erred , saying that the resurrection is past already ; and overthrow the faith of some .
		Nevertheless the foundation of God standeth sure , having this seal , The Lord knoweth them that are his . And , Let every one that nameth the name of Christ depart from iniquity .
		But in a great house there are not only vessels of gold and of silver , but also of wood and of earth ; and some to honour , and some to dishonour .
		If a man therefore purge himself from these , he shall be a vessel unto honour , sanctified , and meet for the master&amp;apos;s use , and prepared unto every good work .
		Flee also youthful lusts : but follow righteousness , faith , charity , peace , with them that call on the Lord out of a pure heart .
		But foolish and unlearned questions avoid , knowing that they do gender strifes .
		And the servant of the Lord must not strive ; but be gentle unto all men , apt to teach , patient ,
		In meekness instructing those that oppose themselves ; if God peradventure will give them repentance to the acknowledging of the truth ;
		And that they may recover themselves out of the snare of the devil , who are taken captive by him at his will .
	</text>
	<annotations>
		<annotation source="BABELFY" anchor="son" bfScore="0.8720445062586927" coherenceScore="0.29842931937172773">bn:00051877n</annotation>
		<annotation source="MCS" anchor="strong" bfScore="--" coherenceScore="--">bn:00111312a</annotation>
		<annotation source="MCS" anchor="grace" bfScore="--" coherenceScore="--">bn:00041221n</annotation>
		<annotation source="BABELFY" anchor="Christ" bfScore="0.9705717235009689" coherenceScore="0.6649214659685864">bn:00018805n</annotation>
		<annotation source="BABELFY" anchor="Christ Jesus" bfScore="1.0" coherenceScore="0.6701570680628273">bn:00018805n</annotation>
		<annotation source="BABELFY" anchor="Jesus" bfScore="0.8489845291908067" coherenceScore="0.6649214659685864">bn:00018805n</annotation>
		<annotation source="BABELFY" anchor="things" bfScore="0.945979381443299" coherenceScore="0.193717277486911">bn:00006125n</annotation>
		<annotation source="BABELFY" anchor="heard" bfScore="0.8404588112617309" coherenceScore="0.13612565445026178">bn:00089279v</annotation>
		<annotation source="MCS" anchor="heard of" bfScore="--" coherenceScore="--">bn:13712849v</annotation>
		<annotation source="MCS" anchor="witnesses" bfScore="--" coherenceScore="--">bn:00046703n</annotation>
		<annotation source="BABELFY" anchor="commit" bfScore="0.7222429906542056" coherenceScore="0.2198952879581152">bn:00085427v</annotation>
		<annotation source="MCS" anchor="faithful" bfScore="--" coherenceScore="--">bn:00102728a</annotation>
		<annotation source="BABELFY" anchor="men" bfScore="0.753579978428054" coherenceScore="0.8586387434554974">bn:00044576n</annotation>
		<annotation source="BABELFY" anchor="able" bfScore="0.8639523336643495" coherenceScore="0.1518324607329843">bn:00096151a</annotation>
		<annotation source="BABELFY" anchor="teach" bfScore="0.7577092511013216" coherenceScore="0.16753926701570682">bn:00089791v</annotation>
		<annotation source="BABELFY" anchor="endure" bfScore="0.7185244587008821" coherenceScore="0.14659685863874344">bn:00082138v</annotation>
		<annotation source="MCS" anchor="hardness" bfScore="--" coherenceScore="--">bn:00042967n</annotation>
		<annotation source="MCS" anchor="good" bfScore="--" coherenceScore="--">bn:00103672a</annotation>
		<annotation source="MCS" anchor="soldier" bfScore="--" coherenceScore="--">bn:00072698n</annotation>
		<annotation source="BABELFY" anchor="Jesus Christ" bfScore="0.9542765787370104" coherenceScore="0.6649214659685864">bn:00018805n</annotation>
		<annotation source="BABELFY" anchor="man" bfScore="0.753579978428054" coherenceScore="0.8586387434554974">bn:00044576n</annotation>
		<annotation source="MCS" anchor="affairs" bfScore="--" coherenceScore="--">bn:00001734n</annotation>
		<annotation source="MCS" anchor="life" bfScore="--" coherenceScore="--">bn:00051045n</annotation>
		<annotation source="MCS" anchor="chosen" bfScore="--" coherenceScore="--">bn:00084931v</annotation>
		<annotation source="MCS" anchor="strive" bfScore="--" coherenceScore="--">bn:00087615v</annotation>
		<annotation source="MCS" anchor="masteries" bfScore="--" coherenceScore="--">bn:00020944n</annotation>
		<annotation source="BABELFY" anchor="crowned" bfScore="0.9113924050632911" coherenceScore="0.1256544502617801">bn:00085827v</annotation>
		<annotation source="MCS" anchor="lawfully" bfScore="--" coherenceScore="--">bn:00116091r</annotation>
		<annotation source="BABELFY" anchor="husbandman" bfScore="0.854419410745234" coherenceScore="0.08900523560209424">bn:00033687n</annotation>
		<annotation source="BABELFY" anchor="partaker" bfScore="1.0" coherenceScore="0.14136125654450263">bn:00060776n</annotation>
		<annotation source="MCS" anchor="fruits" bfScore="--" coherenceScore="--">bn:00036686n</annotation>
		<annotation source="BABELFY" anchor="Consider" bfScore="0.7959183673469388" coherenceScore="0.1518324607329843">bn:00083370v</annotation>
		<annotation source="MCS" anchor="understanding" bfScore="--" coherenceScore="--">bn:00005134n</annotation>
		<annotation source="MCS" anchor="Remember" bfScore="--" coherenceScore="--">bn:00084413v</annotation>
		<annotation source="MCS" anchor="seed" bfScore="--" coherenceScore="--">bn:00070253n</annotation>
		<annotation source="BABELFY" anchor="seed of David" bfScore="1.0" coherenceScore="0.16753926701570682">bn:01565464n</annotation>
		<annotation source="MCS" anchor="raised" bfScore="--" coherenceScore="--">bn:00092332v</annotation>
		<annotation source="MCS" anchor="dead" bfScore="--" coherenceScore="--">bn:00100948a</annotation>
		<annotation source="BABELFY" anchor="according" bfScore="1.0" coherenceScore="0.03664921465968586">bn:00082227v</annotation>
		<annotation source="MCS" anchor="gospel" bfScore="--" coherenceScore="--">bn:00031976n</annotation>
		<annotation source="MCS" anchor="suffer" bfScore="--" coherenceScore="--">bn:00087618v</annotation>
		<annotation source="MCS" anchor="trouble" bfScore="--" coherenceScore="--">bn:00064527n</annotation>
		<annotation source="BABELFY" anchor="evil" bfScore="0.7960199004975125" coherenceScore="0.18848167539267016">bn:00102475a</annotation>
		<annotation source="BABELFY" anchor="evil doer" bfScore="1.0" coherenceScore="0.3036649214659686">bn:00032050n</annotation>
		<annotation source="BABELFY" anchor="doer" bfScore="0.9984025559105432" coherenceScore="0.13089005235602094">bn:00001177n</annotation>
		<annotation source="BABELFY" anchor="bonds" bfScore="0.813953488372093" coherenceScore="0.15706806282722513">bn:00002860n</annotation>
		<annotation source="MCS" anchor="word" bfScore="--" coherenceScore="--">bn:00081546n</annotation>
		<annotation source="BABELFY" anchor="word of God" bfScore="0.915956856405183" coherenceScore="0.5445026178010471">bn:00010217n</annotation>
		<annotation source="MCS" anchor="bound" bfScore="--" coherenceScore="--">bn:00082347v</annotation>
		<annotation source="MCS" anchor="elect" bfScore="--" coherenceScore="--">bn:00018789n</annotation>
		<annotation source="MCS" anchor="sakes" bfScore="--" coherenceScore="--">bn:00047078n</annotation>
		<annotation source="BABELFY" anchor="obtain" bfScore="0.7232142857142857" coherenceScore="0.04712041884816754">bn:00089389v</annotation>
		<annotation source="MCS" anchor="salvation" bfScore="--" coherenceScore="--">bn:00066712n</annotation>
		<annotation source="BABELFY" anchor="eternal" bfScore="1.0" coherenceScore="0.015706806282722512">bn:00096562a</annotation>
		<annotation source="BABELFY" anchor="glory" bfScore="0.8787010506208214" coherenceScore="0.2094240837696335">bn:00007184n</annotation>
		<annotation source="BABELFY" anchor="faithful saying" bfScore="1.0" coherenceScore="0.17277486910994763">bn:02492214n</annotation>
		<annotation source="BABELFY" anchor="saying" bfScore="0.8069336521219367" coherenceScore="0.31413612565445026">bn:00001236n</annotation>
		<annotation source="MCS" anchor="live" bfScore="--" coherenceScore="--">bn:00087441v</annotation>
		<annotation source="BABELFY" anchor="live with" bfScore="1.0" coherenceScore="0.020942408376963352">bn:00082203v</annotation>
		<annotation source="BABELFY" anchor="reign" bfScore="1.0" coherenceScore="0.015706806282722512">bn:00087151v</annotation>
		<annotation source="MCS" anchor="deny" bfScore="--" coherenceScore="--">bn:00086591v</annotation>
		<annotation source="MCS" anchor="believe" bfScore="--" coherenceScore="--">bn:00083369v</annotation>
		<annotation source="MCS" anchor="faithful" bfScore="--" coherenceScore="--">bn:00032773n</annotation>
		<annotation source="MCS" anchor="remembrance" bfScore="--" coherenceScore="--">bn:00003810n</annotation>
		<annotation source="MCS" anchor="charging" bfScore="--" coherenceScore="--">bn:00083234v</annotation>
		<annotation source="MCS" anchor="words" bfScore="--" coherenceScore="--">bn:00081546n</annotation>
		<annotation source="MCS" anchor="profit" bfScore="--" coherenceScore="--">bn:00029415n</annotation>
		<annotation source="BABELFY" anchor="subverting" bfScore="0.9107142857142857" coherenceScore="0.07853403141361257">bn:00085844v</annotation>
		<annotation source="BABELFY" anchor="hearers" bfScore="0.9477351916376306" coherenceScore="0.08376963350785341">bn:00007120n</annotation>
		<annotation source="MCS" anchor="Study" bfScore="--" coherenceScore="--">bn:00074790n</annotation>
		<annotation source="MCS" anchor="shew" bfScore="--" coherenceScore="--">bn:00086567v</annotation>
		<annotation source="BABELFY" anchor="thyself" bfScore="1.0" coherenceScore="0.02617801047120419">bn:00066821n</annotation>
		<annotation source="MCS" anchor="approved" bfScore="--" coherenceScore="--">bn:00082740v</annotation>
		<annotation source="BABELFY" anchor="workman" bfScore="0.9" coherenceScore="0.031413612565445025">bn:00081605n</annotation>
		<annotation source="MCS" anchor="needeth" bfScore="--" coherenceScore="--">bn:13751362v</annotation>
		<annotation source="BABELFY" anchor="ashamed" bfScore="1.0" coherenceScore="0.17801047120418848">bn:00097581a</annotation>
		<annotation source="BABELFY" anchor="rightly" bfScore="1.0" coherenceScore="0.08900523560209424">bn:00116059r</annotation>
		<annotation source="BABELFY" anchor="dividing" bfScore="0.8181818181818182" coherenceScore="0.015706806282722512">bn:00087076v</annotation>
		<annotation source="BABELFY" anchor="word of truth" bfScore="1.0" coherenceScore="0.16230366492146597">bn:00140022n</annotation>
		<annotation source="BABELFY" anchor="truth" bfScore="0.7226527760132131" coherenceScore="0.41361256544502617">bn:00072816n</annotation>
		<annotation source="MCS" anchor="shun" bfScore="--" coherenceScore="--">bn:00087728v</annotation>
		<annotation source="MCS" anchor="profane" bfScore="--" coherenceScore="--">bn:00098533a</annotation>
		<annotation source="BABELFY" anchor="vain" bfScore="0.8666666666666667" coherenceScore="0.13089005235602094">bn:00100184a</annotation>
		<annotation source="BABELFY" anchor="increase" bfScore="0.9615384615384616" coherenceScore="0.02617801047120419">bn:00089667v</annotation>
		<annotation source="BABELFY" anchor="ungodliness" bfScore="1.0" coherenceScore="0.1518324607329843">bn:00040893n</annotation>
		<annotation source="MCS" anchor="eat" bfScore="--" coherenceScore="--">bn:00087460v</annotation>
		<annotation source="BABELFY" anchor="canker" bfScore="0.7292817679558011" coherenceScore="0.05759162303664921">bn:00015276n</annotation>
		<annotation source="BABELFY" anchor="Hymenaeus" bfScore="1.0" coherenceScore="0.18848167539267016">bn:14828127n</annotation>
		<annotation source="MCS" anchor="Philetus" bfScore="--" coherenceScore="--">bn:16337803n</annotation>
		<annotation source="MCS" anchor="concerning" bfScore="--" coherenceScore="--">bn:00083240v</annotation>
		<annotation source="MCS" anchor="erred" bfScore="--" coherenceScore="--">bn:00087717v</annotation>
		<annotation source="MCS" anchor="saying" bfScore="--" coherenceScore="--">bn:00093287v</annotation>
		<annotation source="BABELFY" anchor="resurrection" bfScore="0.7802490619392027" coherenceScore="0.35602094240837695">bn:00018809n</annotation>
		<annotation source="BABELFY" anchor="past" bfScore="0.9014084507042254" coherenceScore="0.1256544502617801">bn:00108321a</annotation>
		<annotation source="MCS" anchor="overthrow" bfScore="--" coherenceScore="--">bn:00084075v</annotation>
		<annotation source="BABELFY" anchor="faith" bfScore="0.9193942231050494" coherenceScore="0.774869109947644">bn:00032768n</annotation>
		<annotation source="MCS" anchor="foundation" bfScore="--" coherenceScore="--">bn:00036063n</annotation>
		<annotation source="MCS" anchor="sure" bfScore="--" coherenceScore="--">bn:00099475a</annotation>
		<annotation source="MCS" anchor="seal" bfScore="--" coherenceScore="--">bn:00070012n</annotation>
		<annotation source="MCS" anchor="depart" bfScore="--" coherenceScore="--">bn:00086600v</annotation>
		<annotation source="BABELFY" anchor="iniquity" bfScore="0.9005847953216374" coherenceScore="0.18324607329842932">bn:00032048n</annotation>
		<annotation source="MCS" anchor="great" bfScore="--" coherenceScore="--">bn:00103779a</annotation>
		<annotation source="MCS" anchor="great house" bfScore="--" coherenceScore="--">bn:00585041n</annotation>
		<annotation source="MCS" anchor="house" bfScore="--" coherenceScore="--">bn:00044994n</annotation>
		<annotation source="BABELFY" anchor="vessels" bfScore="0.717391304347826" coherenceScore="0.05759162303664921">bn:00079862n</annotation>
		<annotation source="MCS" anchor="gold" bfScore="--" coherenceScore="--">bn:00040921n</annotation>
		<annotation source="BABELFY" anchor="silver" bfScore="0.8561020036429873" coherenceScore="0.24607329842931938">bn:00001887n</annotation>
		<annotation source="BABELFY" anchor="wood" bfScore="0.743699476937708" coherenceScore="0.24083769633507854">bn:00081492n</annotation>
		<annotation source="BABELFY" anchor="earth" bfScore="0.8359421270835096" coherenceScore="0.4973821989528796">bn:00029424n</annotation>
		<annotation source="MCS" anchor="honour" bfScore="--" coherenceScore="--">bn:00089449v</annotation>
		<annotation source="BABELFY" anchor="dishonour" bfScore="0.7608881298035867" coherenceScore="0.14136125654450263">bn:00082842v</annotation>
		<annotation source="BABELFY" anchor="purge" bfScore="0.812743823146944" coherenceScore="0.13089005235602094">bn:00092186v</annotation>
		<annotation source="BABELFY" anchor="vessel" bfScore="0.717391304347826" coherenceScore="0.05759162303664921">bn:00079862n</annotation>
		<annotation source="MCS" anchor="honour" bfScore="--" coherenceScore="--">bn:00044653n</annotation>
		<annotation source="BABELFY" anchor="sanctified" bfScore="0.9620253164556962" coherenceScore="0.19895287958115182">bn:00083602v</annotation>
		<annotation source="MCS" anchor="meet" bfScore="--" coherenceScore="--">bn:00085339v</annotation>
		<annotation source="MCS" anchor="master" bfScore="--" coherenceScore="--">bn:00052664n</annotation>
		<annotation source="MCS" anchor="prepared" bfScore="--" coherenceScore="--">bn:00088250v</annotation>
		<annotation source="MCS" anchor="work" bfScore="--" coherenceScore="--">bn:00081568n</annotation>
		<annotation source="BABELFY" anchor="Flee" bfScore="1.0" coherenceScore="0.005235602094240838">bn:00088291v</annotation>
		<annotation source="BABELFY" anchor="youthful" bfScore="1.0" coherenceScore="0.04712041884816754">bn:00113562a</annotation>
		<annotation source="MCS" anchor="lusts" bfScore="--" coherenceScore="--">bn:00050478n</annotation>
		<annotation source="MCS" anchor="follow" bfScore="--" coherenceScore="--">bn:00088421v</annotation>
		<annotation source="MCS" anchor="righteousness" bfScore="--" coherenceScore="--">bn:00067848n</annotation>
		<annotation source="MCS" anchor="charity" bfScore="--" coherenceScore="--">bn:00017818n</annotation>
		<annotation source="MCS" anchor="peace" bfScore="--" coherenceScore="--">bn:00061149n</annotation>
		<annotation source="MCS" anchor="call" bfScore="--" coherenceScore="--">bn:00084385v</annotation>
		<annotation source="BABELFY" anchor="call on" bfScore="1.0" coherenceScore="0.005235602094240838">bn:00084426v</annotation>
		<annotation source="MCS" anchor="pure" bfScore="--" coherenceScore="--">bn:00109244a</annotation>
		<annotation source="BABELFY" anchor="pure heart" bfScore="1.0" coherenceScore="0.2094240837696335">bn:00407981n</annotation>
		<annotation source="MCS" anchor="heart" bfScore="--" coherenceScore="--">bn:00012289n</annotation>
		<annotation source="MCS" anchor="foolish" bfScore="--" coherenceScore="--">bn:00103179a</annotation>
		<annotation source="MCS" anchor="unlearned" bfScore="--" coherenceScore="--">bn:00105129a</annotation>
		<annotation source="MCS" anchor="questions" bfScore="--" coherenceScore="--">bn:00030951n</annotation>
		<annotation source="BABELFY" anchor="avoid" bfScore="0.7658703071672355" coherenceScore="0.17277486910994763">bn:00082958v</annotation>
		<annotation source="MCS" anchor="knowing" bfScore="--" coherenceScore="--">bn:00085261v</annotation>
		<annotation source="BABELFY" anchor="gender" bfScore="0.8485727369867195" coherenceScore="0.2670157068062827">bn:00037634n</annotation>
		<annotation source="BABELFY" anchor="strifes" bfScore="0.782608695652174" coherenceScore="0.031413612565445025">bn:00074667n</annotation>
		<annotation source="BABELFY" anchor="servant" bfScore="0.8374164810690423" coherenceScore="0.2094240837696335">bn:00067423n</annotation>
		<annotation source="MCS" anchor="gentle" bfScore="--" coherenceScore="--">bn:00103534a</annotation>
		<annotation source="BABELFY" anchor="apt" bfScore="0.7764705882352941" coherenceScore="0.05759162303664921">bn:00097382a</annotation>
		<annotation source="MCS" anchor="patient" bfScore="--" coherenceScore="--">bn:00061017n</annotation>
		<annotation source="BABELFY" anchor="meekness" bfScore="0.7746563060370592" coherenceScore="0.18848167539267016">bn:01015731n</annotation>
		<annotation source="BABELFY" anchor="instructing" bfScore="0.9880701754385965" coherenceScore="0.16753926701570682">bn:00089791v</annotation>
		<annotation source="MCS" anchor="oppose" bfScore="--" coherenceScore="--">bn:00091180v</annotation>
		<annotation source="BABELFY" anchor="peradventure" bfScore="1.0" coherenceScore="0.16753926701570682">bn:00061494n</annotation>
		<annotation source="MCS" anchor="repentance" bfScore="--" coherenceScore="--">bn:00061330n</annotation>
		<annotation source="MCS" anchor="acknowledging" bfScore="--" coherenceScore="--">bn:00082267v</annotation>
		<annotation source="BABELFY" anchor="recover" bfScore="0.782608695652174" coherenceScore="0.031413612565445025">bn:00085750v</annotation>
		<annotation source="MCS" anchor="snare" bfScore="--" coherenceScore="--">bn:00072404n</annotation>
		<annotation source="BABELFY" anchor="captive" bfScore="1.0" coherenceScore="0.005235602094240838">bn:00099242a</annotation>
	</annotations>
</paragraph>
<paragraph id="p.3">
	<text>
		This know also , that in the last days perilous times shall come .
		For men shall be lovers of their own selves , covetous , boasters , proud , blasphemers , disobedient to parents , unthankful , unholy ,
		Without natural affection , trucebreakers , false accusers , incontinent , fierce , despisers of those that are good ,
		Traitors , heady , highminded , lovers of pleasures more than lovers of God ;
		Having a form of godliness , but denying the power thereof : from such turn away .
		For of this sort are they which creep into houses , and lead captive silly women laden with sins , led away with divers lusts ,
		Ever learning , and never able to come to the knowledge of the truth .
		Now as Jannes and Jambres withstood Moses , so do these also resist the truth : men of corrupt minds , reprobate concerning the faith .
		But they shall proceed no further : for their folly shall be manifest unto all men , as theirs also was .
		But thou hast fully known my doctrine , manner of life , purpose , faith , longsuffering , charity , patience ,
		Persecutions , afflictions , which came unto me at Antioch , at Iconium , at Lystra ; what persecutions I endured : but out of them all the Lord delivered me .
		Yea , and all that will live godly in Christ Jesus shall suffer persecution .
		But evil men and seducers shall wax worse and worse , deceiving , and being deceived .
		But continue thou in the things which thou hast learned and hast been assured of , knowing of whom thou hast learned them ;
		And that from a child thou hast known the holy scriptures , which are able to make thee wise unto salvation through faith which is in Christ Jesus .
		All scripture is given by inspiration of God , and is profitable for doctrine , for reproof , for correction , for instruction in righteousness :
		That the man of God may be perfect , throughly furnished unto all good works .
	</text>
	<annotations>
		<annotation source="BABELFY" anchor="last days" bfScore="0.9098360655737705" coherenceScore="0.3308270676691729">bn:00023469n</annotation>
		<annotation source="MCS" anchor="days" bfScore="--" coherenceScore="--">bn:00000086n</annotation>
		<annotation source="MCS" anchor="perilous" bfScore="--" coherenceScore="--">bn:00108279a</annotation>
		<annotation source="BABELFY" anchor="perilous times" bfScore="1.0" coherenceScore="0.045112781954887216">bn:02828717n</annotation>
		<annotation source="BABELFY" anchor="times" bfScore="0.7766621438263229" coherenceScore="0.40601503759398494">bn:00077270n</annotation>
		<annotation source="BABELFY" anchor="men" bfScore="0.7197900191809402" coherenceScore="0.8646616541353384">bn:00044576n</annotation>
		<annotation source="MCS" anchor="lovers" bfScore="--" coherenceScore="--">bn:00052143n</annotation>
		<annotation source="MCS" anchor="selves" bfScore="--" coherenceScore="--">bn:00029935n</annotation>
		<annotation source="MCS" anchor="covetous" bfScore="--" coherenceScore="--">bn:00100581a</annotation>
		<annotation source="MCS" anchor="boasters" bfScore="--" coherenceScore="--">bn:00011459n</annotation>
		<annotation source="BABELFY" anchor="blasphemers" bfScore="0.7515086971955982" coherenceScore="0.21804511278195488">bn:00011133n</annotation>
		<annotation source="BABELFY" anchor="disobedient" bfScore="0.9746835443037974" coherenceScore="0.05263157894736842">bn:00101546a</annotation>
		<annotation source="BABELFY" anchor="parents" bfScore="0.8688293370944993" coherenceScore="0.21052631578947367">bn:00060643n</annotation>
		<annotation source="BABELFY" anchor="unthankful" bfScore="1.0" coherenceScore="0.15037593984962405">bn:00111791a</annotation>
		<annotation source="MCS" anchor="unholy" bfScore="--" coherenceScore="--">bn:00112810a</annotation>
		<annotation source="BABELFY" anchor="natural" bfScore="0.740530303030303" coherenceScore="0.12781954887218044">bn:00105208a</annotation>
		<annotation source="BABELFY" anchor="affection" bfScore="0.7266610597140454" coherenceScore="0.2706766917293233">bn:00001744n</annotation>
		<annotation source="MCS" anchor="false" bfScore="--" coherenceScore="--">bn:00102746a</annotation>
		<annotation source="BABELFY" anchor="false accusers" bfScore="1.0" coherenceScore="0.16541353383458646">bn:14884989n</annotation>
		<annotation source="BABELFY" anchor="accusers" bfScore="1.0" coherenceScore="0.15037593984962405">bn:00000788n</annotation>
		<annotation source="BABELFY" anchor="fierce" bfScore="0.9090909090909091" coherenceScore="0.07518796992481203">bn:00102943a</annotation>
		<annotation source="MCS" anchor="despisers" bfScore="--" coherenceScore="--">bn:13652327n</annotation>
		<annotation source="MCS" anchor="good" bfScore="--" coherenceScore="--">bn:00103672a</annotation>
		<annotation source="MCS" anchor="Traitors" bfScore="--" coherenceScore="--">bn:00077931n</annotation>
		<annotation source="BABELFY" anchor="heady" bfScore="0.7071129707112971" coherenceScore="0.09774436090225563">bn:00104021a</annotation>
		<annotation source="BABELFY" anchor="pleasures" bfScore="0.7495919033627163" coherenceScore="0.3082706766917293">bn:00062972n</annotation>
		<annotation source="BABELFY" anchor="God" bfScore="0.7372984361072846" coherenceScore="0.8120300751879699">bn:00040878n</annotation>
		<annotation source="MCS" anchor="form" bfScore="--" coherenceScore="--">bn:00026512n</annotation>
		<annotation source="BABELFY" anchor="godliness" bfScore="0.8340904602014616" coherenceScore="0.3082706766917293">bn:00025995n</annotation>
		<annotation source="MCS" anchor="denying" bfScore="--" coherenceScore="--">bn:00086591v</annotation>
		<annotation source="MCS" anchor="power" bfScore="--" coherenceScore="--">bn:00063940n</annotation>
		<annotation source="MCS" anchor="turn" bfScore="--" coherenceScore="--">bn:00009867n</annotation>
		<annotation source="BABELFY" anchor="creep" bfScore="0.8333333333333334" coherenceScore="0.03759398496240601">bn:00085991v</annotation>
		<annotation source="MCS" anchor="creep into" bfScore="--" coherenceScore="--">bn:13607900v</annotation>
		<annotation source="MCS" anchor="houses" bfScore="--" coherenceScore="--">bn:00044994n</annotation>
		<annotation source="BABELFY" anchor="lead" bfScore="0.7797270955165692" coherenceScore="0.15037593984962405">bn:00085567v</annotation>
		<annotation source="BABELFY" anchor="captive" bfScore="1.0" coherenceScore="0.022556390977443608">bn:00099242a</annotation>
		<annotation source="MCS" anchor="silly" bfScore="--" coherenceScore="--">bn:00099949a</annotation>
		<annotation source="BABELFY" anchor="women" bfScore="0.8522954091816367" coherenceScore="0.45864661654135336">bn:00001530n</annotation>
		<annotation source="BABELFY" anchor="laden" bfScore="1.0" coherenceScore="0.007518796992481203">bn:00090164v</annotation>
		<annotation source="BABELFY" anchor="sins" bfScore="0.8223211851313278" coherenceScore="0.43609022556390975">bn:00071707n</annotation>
		<annotation source="BABELFY" anchor="led" bfScore="0.7797270955165692" coherenceScore="0.15037593984962405">bn:00085567v</annotation>
		<annotation source="MCS" anchor="divers" bfScore="--" coherenceScore="--">bn:00027854n</annotation>
		<annotation source="MCS" anchor="lusts" bfScore="--" coherenceScore="--">bn:00050478n</annotation>
		<annotation source="MCS" anchor="learning" bfScore="--" coherenceScore="--">bn:00082281v</annotation>
		<annotation source="MCS" anchor="able" bfScore="--" coherenceScore="--">bn:00096151a</annotation>
		<annotation source="BABELFY" anchor="knowledge" bfScore="0.7550894509561998" coherenceScore="0.5864661654135338">bn:00020452n</annotation>
		<annotation source="BABELFY" anchor="truth" bfScore="0.7699890470974808" coherenceScore="0.42857142857142855">bn:00072816n</annotation>
		<annotation source="BABELFY" anchor="Jannes" bfScore="1.0" coherenceScore="0.14285714285714285">bn:01258276n</annotation>
		<annotation source="BABELFY" anchor="Jannes and Jambres" bfScore="1.0" coherenceScore="0.14285714285714285">bn:01258276n</annotation>
		<annotation source="BABELFY" anchor="Jambres" bfScore="1.0" coherenceScore="0.14285714285714285">bn:01258276n</annotation>
		<annotation source="BABELFY" anchor="withstood" bfScore="0.9011857707509882" coherenceScore="0.14285714285714285">bn:00089411v</annotation>
		<annotation source="BABELFY" anchor="Moses" bfScore="0.7955903271692746" coherenceScore="0.3533834586466165">bn:00055973n</annotation>
		<annotation source="BABELFY" anchor="resist" bfScore="0.7669724770642202" coherenceScore="0.14285714285714285">bn:00089411v</annotation>
		<annotation source="BABELFY" anchor="corrupt" bfScore="0.7272727272727273" coherenceScore="0.06015037593984962">bn:00100511a</annotation>
		<annotation source="MCS" anchor="minds" bfScore="--" coherenceScore="--">bn:00012681n</annotation>
		<annotation source="MCS" anchor="reprobate" bfScore="--" coherenceScore="--">bn:00055283n</annotation>
		<annotation source="MCS" anchor="concerning" bfScore="--" coherenceScore="--">bn:00083240v</annotation>
		<annotation source="BABELFY" anchor="faith" bfScore="0.9160725288266878" coherenceScore="0.8646616541353384">bn:00032768n</annotation>
		<annotation source="MCS" anchor="proceed" bfScore="--" coherenceScore="--">bn:00084594v</annotation>
		<annotation source="MCS" anchor="folly" bfScore="--" coherenceScore="--">bn:00035632n</annotation>
		<annotation source="BABELFY" anchor="manifest" bfScore="1.0" coherenceScore="0.07518796992481203">bn:00097350a</annotation>
		<annotation source="BABELFY" anchor="fully" bfScore="0.9" coherenceScore="0.022556390977443608">bn:00115474r</annotation>
		<annotation source="MCS" anchor="known" bfScore="--" coherenceScore="--">bn:00085261v</annotation>
		<annotation source="BABELFY" anchor="doctrine" bfScore="0.7003095975232199" coherenceScore="0.21804511278195488">bn:00028013n</annotation>
		<annotation source="MCS" anchor="manner" bfScore="--" coherenceScore="--">bn:00033729n</annotation>
		<annotation source="MCS" anchor="manner of" bfScore="--" coherenceScore="--">bn:00032400n</annotation>
		<annotation source="MCS" anchor="life" bfScore="--" coherenceScore="--">bn:00051045n</annotation>
		<annotation source="BABELFY" anchor="purpose" bfScore="0.9353635798632691" coherenceScore="0.2631578947368421">bn:00002178n</annotation>
		<annotation source="MCS" anchor="longsuffering" bfScore="--" coherenceScore="--">bn:13742119n</annotation>
		<annotation source="MCS" anchor="charity" bfScore="--" coherenceScore="--">bn:00017818n</annotation>
		<annotation source="MCS" anchor="patience" bfScore="--" coherenceScore="--">bn:00035762n</annotation>
		<annotation source="BABELFY" anchor="Persecutions" bfScore="1.0" coherenceScore="0.15037593984962405">bn:00061697n</annotation>
		<annotation source="BABELFY" anchor="afflictions" bfScore="0.9074074074074074" coherenceScore="0.05263157894736842">bn:00001783n</annotation>
		<annotation source="BABELFY" anchor="Antioch" bfScore="0.9776021080368906" coherenceScore="0.21052631578947367">bn:00004474n</annotation>
		<annotation source="BABELFY" anchor="Iconium" bfScore="1.0" coherenceScore="0.10526315789473684">bn:01164725n</annotation>
		<annotation source="BABELFY" anchor="Lystra" bfScore="0.8973305954825462" coherenceScore="0.14285714285714285">bn:01045282n</annotation>
		<annotation source="BABELFY" anchor="persecutions" bfScore="1.0" coherenceScore="0.15037593984962405">bn:00061697n</annotation>
		<annotation source="MCS" anchor="endured" bfScore="--" coherenceScore="--">bn:00082138v</annotation>
		<annotation source="MCS" anchor="delivered" bfScore="--" coherenceScore="--">bn:00086530v</annotation>
		<annotation source="BABELFY" anchor="Yea" bfScore="1.0" coherenceScore="0.03759398496240601">bn:00117651r</annotation>
		<annotation source="MCS" anchor="live" bfScore="--" coherenceScore="--">bn:00087441v</annotation>
		<annotation source="BABELFY" anchor="godly" bfScore="0.7616777883698761" coherenceScore="0.2556390977443609">bn:00101637a</annotation>
		<annotation source="BABELFY" anchor="Christ" bfScore="0.982444465570238" coherenceScore="0.7744360902255639">bn:00018805n</annotation>
		<annotation source="BABELFY" anchor="Christ Jesus" bfScore="1.0" coherenceScore="0.7819548872180451">bn:00018805n</annotation>
		<annotation source="BABELFY" anchor="Jesus" bfScore="0.8919944389735271" coherenceScore="0.7744360902255639">bn:00018805n</annotation>
		<annotation source="MCS" anchor="suffer" bfScore="--" coherenceScore="--">bn:00087618v</annotation>
		<annotation source="BABELFY" anchor="persecution" bfScore="1.0" coherenceScore="0.15037593984962405">bn:00061697n</annotation>
		<annotation source="MCS" anchor="evil" bfScore="--" coherenceScore="--">bn:00102474a</annotation>
		<annotation source="BABELFY" anchor="seducers" bfScore="0.9264367816091954" coherenceScore="0.19548872180451127">bn:00049657n</annotation>
		<annotation source="BABELFY" anchor="wax" bfScore="1.0" coherenceScore="0.03759398496240601">bn:00095681v</annotation>
		<annotation source="MCS" anchor="worse" bfScore="--" coherenceScore="--">bn:00097966a</annotation>
		<annotation source="BABELFY" anchor="deceiving" bfScore="0.8672798948751642" coherenceScore="0.16541353383458646">bn:00083460v</annotation>
		<annotation source="BABELFY" anchor="deceived" bfScore="0.8672798948751642" coherenceScore="0.16541353383458646">bn:00083460v</annotation>
		<annotation source="MCS" anchor="continue" bfScore="--" coherenceScore="--">bn:00085714v</annotation>
		<annotation source="BABELFY" anchor="things" bfScore="0.9425511197663097" coherenceScore="0.16541353383458646">bn:00006125n</annotation>
		<annotation source="MCS" anchor="learned" bfScore="--" coherenceScore="--">bn:00082281v</annotation>
		<annotation source="MCS" anchor="assured" bfScore="--" coherenceScore="--">bn:00082877v</annotation>
		<annotation source="MCS" anchor="knowing" bfScore="--" coherenceScore="--">bn:00085261v</annotation>
		<annotation source="BABELFY" anchor="child" bfScore="0.7675813192803925" coherenceScore="0.49624060150375937">bn:00018346n</annotation>
		<annotation source="BABELFY" anchor="holy" bfScore="1.0" coherenceScore="0.18045112781954886">bn:00104250a</annotation>
		<annotation source="BABELFY" anchor="holy scriptures" bfScore="0.9165487977369166" coherenceScore="0.6090225563909775">bn:00010217n</annotation>
		<annotation source="BABELFY" anchor="scriptures" bfScore="0.9165487977369166" coherenceScore="0.6090225563909775">bn:00010217n</annotation>
		<annotation source="MCS" anchor="wise" bfScore="--" coherenceScore="--">bn:13753545v</annotation>
		<annotation source="MCS" anchor="salvation" bfScore="--" coherenceScore="--">bn:00066712n</annotation>
		<annotation source="BABELFY" anchor="scripture" bfScore="0.9165487977369166" coherenceScore="0.6090225563909775">bn:00010217n</annotation>
		<annotation source="MCS" anchor="given by" bfScore="--" coherenceScore="--">bn:13625007v</annotation>
		<annotation source="MCS" anchor="inspiration" bfScore="--" coherenceScore="--">bn:00046926n</annotation>
		<annotation source="BABELFY" anchor="profitable" bfScore="0.7058823529411765" coherenceScore="0.03007518796992481">bn:00109075a</annotation>
		<annotation source="BABELFY" anchor="reproof" bfScore="1.0" coherenceScore="0.015037593984962405">bn:00066467n</annotation>
		<annotation source="BABELFY" anchor="correction" bfScore="0.8159340659340659" coherenceScore="0.16541353383458646">bn:01276226n</annotation>
		<annotation source="BABELFY" anchor="instruction" bfScore="0.8925869894099848" coherenceScore="0.37593984962406013">bn:00026980n</annotation>
		<annotation source="MCS" anchor="righteousness" bfScore="--" coherenceScore="--">bn:00067848n</annotation>
		<annotation source="BABELFY" anchor="man" bfScore="0.7197900191809402" coherenceScore="0.8646616541353384">bn:00044576n</annotation>
		<annotation source="BABELFY" anchor="man of God" bfScore="1.0" coherenceScore="0.14285714285714285">bn:02363046n</annotation>
		<annotation source="BABELFY" anchor="perfect" bfScore="1.0" coherenceScore="0.03007518796992481">bn:00108442a</annotation>
		<annotation source="MCS" anchor="throughly" bfScore="--" coherenceScore="--">bn:13618905r</annotation>
		<annotation source="BABELFY" anchor="furnished" bfScore="0.9603174603174603" coherenceScore="0.08270676691729323">bn:00088644v</annotation>
		<annotation source="BABELFY" anchor="good works" bfScore="0.8194233687405159" coherenceScore="0.3383458646616541">bn:00041221n</annotation>
		<annotation source="MCS" anchor="works" bfScore="--" coherenceScore="--">bn:00081568n</annotation>
	</annotations>
</paragraph>
<paragraph id="p.4">
	<text>
		I charge thee therefore before God , and the Lord Jesus Christ , who shall judge the quick and the dead at his appearing and his kingdom ;
		Preach the word ; be instant in season , out of season ; reprove , rebuke , exhort with all longsuffering and doctrine .
		For the time will come when they will not endure sound doctrine ; but after their own lusts shall they heap to themselves teachers , having itching ears ;
		And they shall turn away their ears from the truth , and shall be turned unto fables .
		But watch thou in all things , endure afflictions , do the work of an evangelist , make full proof of thy ministry .
		For I am now ready to be offered , and the time of my departure is at hand .
		I have fought a good fight , I have finished my course , I have kept the faith :
		Henceforth there is laid up for me a crown of righteousness , which the Lord , the righteous judge , shall give me at that day : and not to me only , but unto all them also that love his appearing .
		Do thy diligence to come shortly unto me :
		For Demas hath forsaken me , having loved this present world , and is departed unto Thessalonica ; Crescens to Galatia , Titus unto Dalmatia .
		Only Luke is with me . Take Mark , and bring him with thee : for he is profitable to me for the ministry .
		And Tychicus have I sent to Ephesus .
		The cloke that I left at Troas with Carpus , when thou comest , bring with thee , and the books , but especially the parchments .
		Alexander the coppersmith did me much evil : the Lord reward him according to his works :
		Of whom be thou ware also ; for he hath greatly withstood our words .
		At my first answer no man stood with me , but all men forsook me : I pray God that it may not be laid to their charge .
		Notwithstanding the Lord stood with me , and strengthened me ; that by me the preaching might be fully known , and that all the Gentiles might hear : and I was delivered out of the mouth of the lion .
		And the Lord shall deliver me from every evil work , and will preserve me unto his heavenly kingdom : to whom be glory for ever and ever . Amen .
		Salute Prisca and Aquila , and the household of Onesiphorus .
		Erastus abode at Corinth : but Trophimus have I left at Miletum sick .
		Do thy diligence to come before winter . Eubulus greeteth thee , and Pudens , and Linus , and Claudia , and all the brethren .
		The Lord Jesus Christ be with thy spirit . Grace be with you . Amen .
	</text>
	<annotations>
		<annotation source="MCS" anchor="charge" bfScore="--" coherenceScore="--">bn:00083234v</annotation>
		<annotation source="BABELFY" anchor="God" bfScore="0.7338811630847029" coherenceScore="0.7818181818181819">bn:00040878n</annotation>
		<annotation source="BABELFY" anchor="Lord" bfScore="0.7212305667516657" coherenceScore="0.3878787878787879">bn:00019003n</annotation>
		<annotation source="BABELFY" anchor="Lord Jesus" bfScore="1.0" coherenceScore="0.7090909090909091">bn:00018805n</annotation>
		<annotation source="BABELFY" anchor="Lord Jesus Christ" bfScore="1.0" coherenceScore="0.7090909090909091">bn:00018805n</annotation>
		<annotation source="BABELFY" anchor="Jesus" bfScore="0.8799351730968352" coherenceScore="0.703030303030303">bn:00018805n</annotation>
		<annotation source="BABELFY" anchor="Jesus Christ" bfScore="0.9719396530542042" coherenceScore="0.703030303030303">bn:00018805n</annotation>
		<annotation source="BABELFY" anchor="Christ" bfScore="0.9830998554264918" coherenceScore="0.703030303030303">bn:00018805n</annotation>
		<annotation source="MCS" anchor="judge" bfScore="--" coherenceScore="--">bn:00090000v</annotation>
		<annotation source="MCS" anchor="quick" bfScore="--" coherenceScore="--">bn:00109345a</annotation>
		<annotation source="MCS" anchor="dead" bfScore="--" coherenceScore="--">bn:00025500n</annotation>
		<annotation source="MCS" anchor="appearing" bfScore="--" coherenceScore="--">bn:00082690v</annotation>
		<annotation source="BABELFY" anchor="kingdom" bfScore="0.86592" coherenceScore="0.24848484848484848">bn:00055624n</annotation>
		<annotation source="BABELFY" anchor="Preach" bfScore="1.0" coherenceScore="0.23636363636363636">bn:00027522n</annotation>
		<annotation source="BABELFY" anchor="word" bfScore="0.7334075616013942" coherenceScore="0.6121212121212121">bn:00010217n</annotation>
		<annotation source="MCS" anchor="instant" bfScore="--" coherenceScore="--">bn:00105206a</annotation>
		<annotation source="MCS" anchor="season" bfScore="--" coherenceScore="--">bn:00070056n</annotation>
		<annotation source="BABELFY" anchor="reprove" bfScore="1.0" coherenceScore="0.01818181818181818">bn:00082377v</annotation>
		<annotation source="BABELFY" anchor="rebuke" bfScore="1.0" coherenceScore="0.01818181818181818">bn:00083177v</annotation>
		<annotation source="MCS" anchor="exhort" bfScore="--" coherenceScore="--">bn:00083132v</annotation>
		<annotation source="MCS" anchor="longsuffering" bfScore="--" coherenceScore="--">bn:13742119n</annotation>
		<annotation source="MCS" anchor="doctrine" bfScore="--" coherenceScore="--">bn:00028013n</annotation>
		<annotation source="BABELFY" anchor="time" bfScore="0.8895739910313901" coherenceScore="0.41818181818181815">bn:00077270n</annotation>
		<annotation source="MCS" anchor="endure" bfScore="--" coherenceScore="--">bn:00082138v</annotation>
		<annotation source="BABELFY" anchor="sound" bfScore="0.847457627118644" coherenceScore="0.030303030303030304">bn:00110941a</annotation>
		<annotation source="MCS" anchor="lusts" bfScore="--" coherenceScore="--">bn:00050478n</annotation>
		<annotation source="MCS" anchor="heap" bfScore="--" coherenceScore="--">bn:00089273v</annotation>
		<annotation source="BABELFY" anchor="teachers" bfScore="0.8658070678127985" coherenceScore="0.22424242424242424">bn:00046958n</annotation>
		<annotation source="MCS" anchor="itching" bfScore="--" coherenceScore="--">bn:00089924v</annotation>
		<annotation source="BABELFY" anchor="itching ears" bfScore="1.0" coherenceScore="0.20606060606060606">bn:01235295n</annotation>
		<annotation source="BABELFY" anchor="ears" bfScore="0.752895752895753" coherenceScore="0.09090909090909091">bn:00029372n</annotation>
		<annotation source="MCS" anchor="turn" bfScore="--" coherenceScore="--">bn:00095233v</annotation>
		<annotation source="BABELFY" anchor="turn away" bfScore="0.8843537414965986" coherenceScore="0.12121212121212122">bn:00095252v</annotation>
		<annotation source="BABELFY" anchor="truth" bfScore="0.7136485280999108" coherenceScore="0.30303030303030304">bn:00072816n</annotation>
		<annotation source="MCS" anchor="turned" bfScore="--" coherenceScore="--">bn:00095233v</annotation>
		<annotation source="MCS" anchor="fables" bfScore="--" coherenceScore="--">bn:00032590n</annotation>
		<annotation source="MCS" anchor="watch" bfScore="--" coherenceScore="--">bn:00077172n</annotation>
		<annotation source="BABELFY" anchor="things" bfScore="0.96513470681458" coherenceScore="0.12727272727272726">bn:00006125n</annotation>
		<annotation source="MCS" anchor="afflictions" bfScore="--" coherenceScore="--">bn:00001782n</annotation>
		<annotation source="MCS" anchor="work" bfScore="--" coherenceScore="--">bn:00081568n</annotation>
		<annotation source="MCS" anchor="evangelist" bfScore="--" coherenceScore="--">bn:00031981n</annotation>
		<annotation source="MCS" anchor="full" bfScore="--" coherenceScore="--">bn:00103391a</annotation>
		<annotation source="MCS" anchor="proof" bfScore="--" coherenceScore="--">bn:00020446n</annotation>
		<annotation source="MCS" anchor="ministry" bfScore="--" coherenceScore="--">bn:00055178n</annotation>
		<annotation source="BABELFY" anchor="ready" bfScore="0.7619047619047619" coherenceScore="0.024242424242424242">bn:00109485a</annotation>
		<annotation source="MCS" anchor="offered" bfScore="--" coherenceScore="--">bn:00091135v</annotation>
		<annotation source="BABELFY" anchor="departure" bfScore="0.9545454545454546" coherenceScore="0.12727272727272726">bn:00026345n</annotation>
		<annotation source="MCS" anchor="hand" bfScore="--" coherenceScore="--">bn:00042759n</annotation>
		<annotation source="MCS" anchor="fought" bfScore="--" coherenceScore="--">bn:00085711v</annotation>
		<annotation source="MCS" anchor="good" bfScore="--" coherenceScore="--">bn:00103672a</annotation>
		<annotation source="BABELFY" anchor="fight" bfScore="0.8048780487804879" coherenceScore="0.12727272727272726">bn:00009078n</annotation>
		<annotation source="BABELFY" anchor="finished" bfScore="0.7731958762886598" coherenceScore="0.09090909090909091">bn:00088223v</annotation>
		<annotation source="MCS" anchor="course" bfScore="--" coherenceScore="--">bn:00019479n</annotation>
		<annotation source="MCS" anchor="kept" bfScore="--" coherenceScore="--">bn:00089384v</annotation>
		<annotation source="BABELFY" anchor="faith" bfScore="0.9467005076142132" coherenceScore="0.7818181818181819">bn:00032768n</annotation>
		<annotation source="BABELFY" anchor="Henceforth" bfScore="1.0" coherenceScore="0.048484848484848485">bn:00115638r</annotation>
		<annotation source="BABELFY" anchor="laid" bfScore="0.8141592920353983" coherenceScore="0.07272727272727272">bn:00090224v</annotation>
		<annotation source="BABELFY" anchor="laid up" bfScore="1.0" coherenceScore="0.012121212121212121">bn:00090238v</annotation>
		<annotation source="MCS" anchor="crown" bfScore="--" coherenceScore="--">bn:00024069n</annotation>
		<annotation source="MCS" anchor="righteousness" bfScore="--" coherenceScore="--">bn:00067848n</annotation>
		<annotation source="BABELFY" anchor="righteous" bfScore="0.9659090909090909" coherenceScore="0.06060606060606061">bn:00109866a</annotation>
		<annotation source="BABELFY" anchor="judge" bfScore="0.7453333333333333" coherenceScore="0.23636363636363636">bn:00048488n</annotation>
		<annotation source="MCS" anchor="day" bfScore="--" coherenceScore="--">bn:00000086n</annotation>
		<annotation source="MCS" anchor="love" bfScore="--" coherenceScore="--">bn:00090504v</annotation>
		<annotation source="BABELFY" anchor="diligence" bfScore="0.9591160220994475" coherenceScore="0.1696969696969697">bn:00027133n</annotation>
		<annotation source="MCS" anchor="shortly" bfScore="--" coherenceScore="--">bn:00116971r</annotation>
		<annotation source="BABELFY" anchor="Demas" bfScore="1.0" coherenceScore="0.2">bn:02769353n</annotation>
		<annotation source="BABELFY" anchor="forsaken" bfScore="1.0" coherenceScore="0.12121212121212122">bn:00082122v</annotation>
		<annotation source="MCS" anchor="loved" bfScore="--" coherenceScore="--">bn:00090504v</annotation>
		<annotation source="BABELFY" anchor="present" bfScore="0.9763313609467456" coherenceScore="0.06666666666666667">bn:00108977a</annotation>
		<annotation source="MCS" anchor="world" bfScore="--" coherenceScore="--">bn:00022991n</annotation>
		<annotation source="MCS" anchor="departed" bfScore="--" coherenceScore="--">bn:00086600v</annotation>
		<annotation source="BABELFY" anchor="Thessalonica" bfScore="0.984009840098401" coherenceScore="0.15151515151515152">bn:00068981n</annotation>
		<annotation source="BABELFY" anchor="Crescens" bfScore="1.0" coherenceScore="0.19393939393939394">bn:03083643n</annotation>
		<annotation source="MCS" anchor="Mark" bfScore="--" coherenceScore="--">bn:00041241n</annotation>
		<annotation source="MCS" anchor="bring" bfScore="--" coherenceScore="--">bn:00084058v</annotation>
		<annotation source="MCS" anchor="profitable" bfScore="--" coherenceScore="--">bn:00109075a</annotation>
		<annotation source="BABELFY" anchor="Tychicus" bfScore="0.9865996649916248" coherenceScore="0.18787878787878787">bn:03098140n</annotation>
		<annotation source="BABELFY" anchor="sent" bfScore="0.878419452887538" coherenceScore="0.10303030303030303">bn:00084807v</annotation>
		<annotation source="MCS" anchor="left" bfScore="--" coherenceScore="--">bn:00088939v</annotation>
		<annotation source="BABELFY" anchor="Troas" bfScore="1.0" coherenceScore="0.024242424242424242">bn:14582697n</annotation>
		<annotation source="BABELFY" anchor="Carpus" bfScore="1.0" coherenceScore="0.04242424242424243">bn:00006143n</annotation>
		<annotation source="MCS" anchor="books" bfScore="--" coherenceScore="--">bn:00012059n</annotation>
		<annotation source="BABELFY" anchor="especially" bfScore="0.9529411764705882" coherenceScore="0.05454545454545454">bn:00115235r</annotation>
		<annotation source="BABELFY" anchor="parchments" bfScore="0.9760765550239234" coherenceScore="0.14545454545454545">bn:00049774n</annotation>
		<annotation source="MCS" anchor="Alexander" bfScore="--" coherenceScore="--">bn:00002611n</annotation>
		<annotation source="BABELFY" anchor="Alexander the coppersmith" bfScore="1.0" coherenceScore="0.4727272727272727">bn:00004984n</annotation>
		<annotation source="BABELFY" anchor="coppersmith" bfScore="1.0" coherenceScore="0.01818181818181818">bn:00022505n</annotation>
		<annotation source="BABELFY" anchor="evil" bfScore="0.8518518518518519" coherenceScore="0.13333333333333333">bn:00102475a</annotation>
		<annotation source="BABELFY" anchor="reward" bfScore="0.8393782383419689" coherenceScore="0.10909090909090909">bn:00091499v</annotation>
		<annotation source="BABELFY" anchor="according" bfScore="1.0" coherenceScore="0.01818181818181818">bn:00082228v</annotation>
		<annotation source="MCS" anchor="works" bfScore="--" coherenceScore="--">bn:00081568n</annotation>
		<annotation source="BABELFY" anchor="ware" bfScore="1.0" coherenceScore="0.012121212121212121">bn:00085690v</annotation>
		<annotation source="BABELFY" anchor="greatly" bfScore="1.0" coherenceScore="0.01818181818181818">bn:00115553r</annotation>
		<annotation source="BABELFY" anchor="withstood" bfScore="0.8683729433272395" coherenceScore="0.15151515151515152">bn:00089411v</annotation>
		<annotation source="BABELFY" anchor="words" bfScore="0.7257832710549008" coherenceScore="0.6121212121212121">bn:00010217n</annotation>
		<annotation source="MCS" anchor="answer" bfScore="--" coherenceScore="--">bn:00004451n</annotation>
		<annotation source="BABELFY" anchor="man" bfScore="0.7756884629382507" coherenceScore="0.8424242424242424">bn:00044576n</annotation>
		<annotation source="MCS" anchor="stood" bfScore="--" coherenceScore="--">bn:00094275v</annotation>
		<annotation source="BABELFY" anchor="men" bfScore="0.7795258882017704" coherenceScore="0.8424242424242424">bn:00044576n</annotation>
		<annotation source="BABELFY" anchor="forsook" bfScore="1.0" coherenceScore="0.12121212121212122">bn:00082122v</annotation>
		<annotation source="BABELFY" anchor="pray" bfScore="0.9978308026030369" coherenceScore="0.12121212121212122">bn:00091921v</annotation>
		<annotation source="MCS" anchor="charge" bfScore="--" coherenceScore="--">bn:00017789n</annotation>
		<annotation source="MCS" anchor="strengthened" bfScore="--" coherenceScore="--">bn:00083317v</annotation>
		<annotation source="BABELFY" anchor="preaching" bfScore="0.9903769045709703" coherenceScore="0.23030303030303031">bn:00027522n</annotation>
		<annotation source="BABELFY" anchor="fully" bfScore="0.8" coherenceScore="0.024242424242424242">bn:00115474r</annotation>
		<annotation source="MCS" anchor="known" bfScore="--" coherenceScore="--">bn:00085261v</annotation>
		<annotation source="MCS" anchor="Gentiles" bfScore="--" coherenceScore="--">bn:00037763n</annotation>
		<annotation source="BABELFY" anchor="hear" bfScore="0.7327586206896551" coherenceScore="0.09090909090909091">bn:00089279v</annotation>
		<annotation source="MCS" anchor="delivered" bfScore="--" coherenceScore="--">bn:00086530v</annotation>
		<annotation source="MCS" anchor="mouth" bfScore="--" coherenceScore="--">bn:00056135n</annotation>
		<annotation source="MCS" anchor="lion" bfScore="--" coherenceScore="--">bn:00049156n</annotation>
		<annotation source="MCS" anchor="deliver" bfScore="--" coherenceScore="--">bn:00086530v</annotation>
		<annotation source="MCS" anchor="preserve" bfScore="--" coherenceScore="--">bn:00083242v</annotation>
		<annotation source="MCS" anchor="heavenly" bfScore="--" coherenceScore="--">bn:00099415a</annotation>
		<annotation source="BABELFY" anchor="heavenly kingdom" bfScore="1.0" coherenceScore="0.09696969696969697">bn:01424191n</annotation>
		<annotation source="BABELFY" anchor="glory" bfScore="0.8958517210944396" coherenceScore="0.21212121212121213">bn:00007184n</annotation>
		<annotation source="BABELFY" anchor="Amen" bfScore="0.8663461538461539" coherenceScore="0.20606060606060606">bn:00003325n</annotation>
		<annotation source="MCS" anchor="Salute" bfScore="--" coherenceScore="--">bn:00069021n</annotation>
		<annotation source="BABELFY" anchor="household" bfScore="1.0" coherenceScore="0.06060606060606061">bn:00032892n</annotation>
		<annotation source="BABELFY" anchor="Onesiphorus" bfScore="0.7361477572559367" coherenceScore="0.18787878787878787">bn:03312526n</annotation>
		<annotation source="BABELFY" anchor="Erastus" bfScore="1.0" coherenceScore="0.030303030303030304">bn:16482967n</annotation>
		<annotation source="BABELFY" anchor="abode" bfScore="0.8634361233480177" coherenceScore="0.08484848484848485">bn:00082138v</annotation>
		<annotation source="BABELFY" anchor="Corinth" bfScore="0.8334089877439855" coherenceScore="0.21818181818181817">bn:00022652n</annotation>
		<annotation source="BABELFY" anchor="Trophimus" bfScore="1.0" coherenceScore="0.18787878787878787">bn:03547551n</annotation>
		<annotation source="MCS" anchor="sick" bfScore="--" coherenceScore="--">bn:00104538a</annotation>
		<annotation source="MCS" anchor="winter" bfScore="--" coherenceScore="--">bn:00081370n</annotation>
		<annotation source="BABELFY" anchor="Eubulus" bfScore="0.764179104477612" coherenceScore="0.09696969696969697">bn:17255910n</annotation>
		<annotation source="MCS" anchor="Claudia" bfScore="--" coherenceScore="--">bn:16350573n</annotation>
		<annotation source="MCS" anchor="brethren" bfScore="--" coherenceScore="--">bn:00013012n</annotation>
		<annotation source="MCS" anchor="spirit" bfScore="--" coherenceScore="--">bn:00073430n</annotation>
		<annotation source="MCS" anchor="Grace" bfScore="--" coherenceScore="--">bn:00041221n</annotation>
	</annotations>
</paragraph>
</dataset>
