<?xml version="1.0" encoding="utf-8"?>
<dataset language="EN" title="3JO">
<paragraph id="p.1">
	<text>
		The elder unto the wellbeloved Gaius , whom I love in the truth .
		Beloved , I wish above all things that thou mayest prosper and be in health , even as thy soul prospereth .
		For I rejoiced greatly , when the brethren came and testified of the truth that is in thee , even as thou walkest in the truth .
		I have no greater joy than to hear that my children walk in truth .
		Beloved , thou doest faithfully whatsoever thou doest to the brethren , and to strangers ;
		Which have borne witness of thy charity before the church : whom if thou bring forward on their journey after a godly sort , thou shalt do well :
		Because that for his name&amp;apos;s sake they went forth , taking nothing of the Gentiles .
		We therefore ought to receive such , that we might be fellowhelpers to the truth .
		I wrote unto the church : but Diotrephes , who loveth to have the preeminence among them , receiveth us not .
		Wherefore , if I come , I will remember his deeds which he doeth , prating against us with malicious words : and not content therewith , neither doth he himself receive the brethren , and forbiddeth them that would , and casteth them out of the church .
		Beloved , follow not that which is evil , but that which is good . He that doeth good is of God : but he that doeth evil hath not seen God .
		Demetrius hath good report of all men , and of the truth itself : yea , and we also bear record ; and ye know that our record is true .
		I had many things to write , but I will not with ink and pen write unto thee :
		But I trust I shall shortly see thee , and we shall speak face to face . Peace be to thee . Our friends salute thee . Greet the friends by name .
	</text>
	<annotations>
		<annotation source="BABELFY" anchor="elder" bfScore="0.7485380116959064" coherenceScore="0.1797752808988764">bn:03795744n</annotation>
		<annotation source="BABELFY" anchor="Gaius" bfScore="0.8247422680412371" coherenceScore="0.0898876404494382">bn:15099216n</annotation>
		<annotation source="MCS" anchor="love" bfScore="--" coherenceScore="--">bn:00090504v</annotation>
		<annotation source="BABELFY" anchor="truth" bfScore="0.8239277652370203" coherenceScore="0.33707865168539325">bn:00072816n</annotation>
		<annotation source="BABELFY" anchor="Beloved" bfScore="1.0" coherenceScore="0.011235955056179775">bn:00098224a</annotation>
		<annotation source="MCS" anchor="wish" bfScore="--" coherenceScore="--">bn:00095802v</annotation>
		<annotation source="BABELFY" anchor="things" bfScore="0.9088145896656535" coherenceScore="0.14606741573033707">bn:00006125n</annotation>
		<annotation source="MCS" anchor="prosper" bfScore="--" coherenceScore="--">bn:00088347v</annotation>
		<annotation source="BABELFY" anchor="health" bfScore="0.9545454545454546" coherenceScore="0.23595505617977527">bn:00043358n</annotation>
		<annotation source="MCS" anchor="soul" bfScore="--" coherenceScore="--">bn:00065006n</annotation>
		<annotation source="BABELFY" anchor="rejoiced" bfScore="0.8888888888888888" coherenceScore="0.0449438202247191">bn:00089996v</annotation>
		<annotation source="BABELFY" anchor="greatly" bfScore="1.0" coherenceScore="0.011235955056179775">bn:00115553r</annotation>
		<annotation source="MCS" anchor="brethren" bfScore="--" coherenceScore="--">bn:00013012n</annotation>
		<annotation source="MCS" anchor="testified" bfScore="--" coherenceScore="--">bn:00082915v</annotation>
		<annotation source="MCS" anchor="greater" bfScore="--" coherenceScore="--">bn:00103779a</annotation>
		<annotation source="MCS" anchor="joy" bfScore="--" coherenceScore="--">bn:00048468n</annotation>
		<annotation source="BABELFY" anchor="hear" bfScore="0.7741935483870968" coherenceScore="0.06741573033707865">bn:00089279v</annotation>
		<annotation source="BABELFY" anchor="children" bfScore="0.9293361884368309" coherenceScore="0.39325842696629215">bn:00018346n</annotation>
		<annotation source="MCS" anchor="walk" bfScore="--" coherenceScore="--">bn:00095597v</annotation>
		<annotation source="BABELFY" anchor="walk in" bfScore="1.0" coherenceScore="0.02247191011235955">bn:00095609v</annotation>
		<annotation source="BABELFY" anchor="faithfully" bfScore="1.0" coherenceScore="0.011235955056179775">bn:00114987r</annotation>
		<annotation source="MCS" anchor="strangers" bfScore="--" coherenceScore="--">bn:00002726n</annotation>
		<annotation source="MCS" anchor="borne" bfScore="--" coherenceScore="--">bn:00083221v</annotation>
		<annotation source="MCS" anchor="borne witness" bfScore="--" coherenceScore="--">bn:00083245v</annotation>
		<annotation source="MCS" anchor="witness" bfScore="--" coherenceScore="--">bn:00046703n</annotation>
		<annotation source="MCS" anchor="charity" bfScore="--" coherenceScore="--">bn:00017818n</annotation>
		<annotation source="MCS" anchor="church" bfScore="--" coherenceScore="--">bn:00018819n</annotation>
		<annotation source="MCS" anchor="bring" bfScore="--" coherenceScore="--">bn:00084058v</annotation>
		<annotation source="MCS" anchor="bring forward" bfScore="--" coherenceScore="--">bn:00082398v</annotation>
		<annotation source="MCS" anchor="forward" bfScore="--" coherenceScore="--">bn:00115431r</annotation>
		<annotation source="BABELFY" anchor="journey" bfScore="0.7804878048780488" coherenceScore="0.0898876404494382">bn:00048463n</annotation>
		<annotation source="BABELFY" anchor="godly" bfScore="0.8205980066445183" coherenceScore="0.14606741573033707">bn:00101637a</annotation>
		<annotation source="BABELFY" anchor="sake" bfScore="0.8" coherenceScore="0.0449438202247191">bn:00047078n</annotation>
		<annotation source="BABELFY" anchor="Gentiles" bfScore="0.8072289156626506" coherenceScore="0.30337078651685395">bn:00018818n</annotation>
		<annotation source="MCS" anchor="receive" bfScore="--" coherenceScore="--">bn:00089246v</annotation>
		<annotation source="MCS" anchor="wrote" bfScore="--" coherenceScore="--">bn:00085489v</annotation>
		<annotation source="BABELFY" anchor="Diotrephes" bfScore="0.984375" coherenceScore="0.07865168539325842">bn:03147254n</annotation>
		<annotation source="MCS" anchor="loveth" bfScore="--" coherenceScore="--">bn:13729784n</annotation>
		<annotation source="BABELFY" anchor="preeminence" bfScore="1.0" coherenceScore="0.02247191011235955">bn:00027765n</annotation>
		<annotation source="MCS" anchor="remember" bfScore="--" coherenceScore="--">bn:00084413v</annotation>
		<annotation source="BABELFY" anchor="deeds" bfScore="0.7100840336134454" coherenceScore="0.14606741573033707">bn:00001077n</annotation>
		<annotation source="BABELFY" anchor="prating" bfScore="1.0" coherenceScore="0.02247191011235955">bn:00083525v</annotation>
		<annotation source="BABELFY" anchor="malicious" bfScore="0.9615384615384616" coherenceScore="0.056179775280898875">bn:00106361a</annotation>
		<annotation source="MCS" anchor="words" bfScore="--" coherenceScore="--">bn:00081546n</annotation>
		<annotation source="BABELFY" anchor="content" bfScore="1.0" coherenceScore="0.02247191011235955">bn:00085712v</annotation>
		<annotation source="BABELFY" anchor="therewith" bfScore="1.0" coherenceScore="0.011235955056179775">bn:00117270r</annotation>
		<annotation source="MCS" anchor="follow" bfScore="--" coherenceScore="--">bn:00088421v</annotation>
		<annotation source="MCS" anchor="evil" bfScore="--" coherenceScore="--">bn:00102474a</annotation>
		<annotation source="MCS" anchor="good" bfScore="--" coherenceScore="--">bn:00103672a</annotation>
		<annotation source="BABELFY" anchor="doeth" bfScore="1.0" coherenceScore="0.011235955056179775">bn:03186519n</annotation>
		<annotation source="MCS" anchor="good" bfScore="--" coherenceScore="--">bn:00041059n</annotation>
		<annotation source="BABELFY" anchor="God" bfScore="0.8196408100878869" coherenceScore="0.7303370786516854">bn:00040878n</annotation>
		<annotation source="BABELFY" anchor="evil" bfScore="0.9210950080515298" coherenceScore="0.24719101123595505">bn:00032050n</annotation>
		<annotation source="BABELFY" anchor="Demetrius" bfScore="0.7446808510638298" coherenceScore="0.056179775280898875">bn:16363519n</annotation>
		<annotation source="MCS" anchor="report" bfScore="--" coherenceScore="--">bn:00067181n</annotation>
		<annotation source="BABELFY" anchor="men" bfScore="0.7949628044926338" coherenceScore="0.8426966292134831">bn:00044576n</annotation>
		<annotation source="BABELFY" anchor="yea" bfScore="1.0" coherenceScore="0.02247191011235955">bn:00117651r</annotation>
		<annotation source="MCS" anchor="bear" bfScore="--" coherenceScore="--">bn:00083221v</annotation>
		<annotation source="MCS" anchor="record" bfScore="--" coherenceScore="--">bn:00066574n</annotation>
		<annotation source="MCS" anchor="true" bfScore="--" coherenceScore="--">bn:00112146a</annotation>
		<annotation source="MCS" anchor="write" bfScore="--" coherenceScore="--">bn:00085489v</annotation>
		<annotation source="MCS" anchor="ink" bfScore="--" coherenceScore="--">bn:00046794n</annotation>
		<annotation source="BABELFY" anchor="pen" bfScore="0.7865168539325843" coherenceScore="0.07865168539325842">bn:00061314n</annotation>
		<annotation source="BABELFY" anchor="write" bfScore="1.0" coherenceScore="0.2247191011235955">bn:00081714n</annotation>
		<annotation source="MCS" anchor="trust" bfScore="--" coherenceScore="--">bn:00083095v</annotation>
		<annotation source="BABELFY" anchor="shortly" bfScore="0.75" coherenceScore="0.06741573033707865">bn:00114513r</annotation>
		<annotation source="BABELFY" anchor="speak" bfScore="0.7636363636363637" coherenceScore="0.20224719101123595">bn:00090943v</annotation>
		<annotation source="MCS" anchor="face" bfScore="--" coherenceScore="--">bn:00032600n</annotation>
		<annotation source="BABELFY" anchor="face to face" bfScore="0.7903225806451613" coherenceScore="0.07865168539325842">bn:01012225n</annotation>
		<annotation source="MCS" anchor="face" bfScore="--" coherenceScore="--">bn:00085596v</annotation>
		<annotation source="MCS" anchor="Peace" bfScore="--" coherenceScore="--">bn:00061149n</annotation>
		<annotation source="MCS" anchor="friends" bfScore="--" coherenceScore="--">bn:00036538n</annotation>
		<annotation source="MCS" anchor="salute" bfScore="--" coherenceScore="--">bn:00087322v</annotation>
		<annotation source="MCS" anchor="Greet" bfScore="--" coherenceScore="--">bn:00089039v</annotation>
	</annotations>
</paragraph>
