<?xml version="1.0" encoding="utf-8"?>
<dataset language="EN" title="COL">
<paragraph id="p.1">
	<text>
		Paul , an apostle of Jesus Christ by the will of God , and Timotheus our brother ,
		To the saints and faithful brethren in Christ which are at Colosse : Grace be unto you , and peace , from God our Father and the Lord Jesus Christ .
		We give thanks to God and the Father of our Lord Jesus Christ , praying always for you ,
		Since we heard of your faith in Christ Jesus , and of the love which ye have to all the saints ,
		For the hope which is laid up for you in heaven , whereof ye heard before in the word of the truth of the gospel ;
		Which is come unto you , as it is in all the world ; and bringeth forth fruit , as it doth also in you , since the day ye heard of it , and knew the grace of God in truth :
		As ye also learned of Epaphras our dear fellowservant , who is for you a faithful minister of Christ ;
		Who also declared unto us your love in the Spirit .
		For this cause we also , since the day we heard it , do not cease to pray for you , and to desire that ye might be filled with the knowledge of his will in all wisdom and spiritual understanding ;
		That ye might walk worthy of the Lord unto all pleasing , being fruitful in every good work , and increasing in the knowledge of God ;
		Strengthened with all might , according to his glorious power , unto all patience and longsuffering with joyfulness ;
		Giving thanks unto the Father , which hath made us meet to be partakers of the inheritance of the saints in light :
		Who hath delivered us from the power of darkness , and hath translated us into the kingdom of his dear Son :
		In whom we have redemption through his blood , even the forgiveness of sins :
		Who is the image of the invisible God , the firstborn of every creature :
		For by him were all things created , that are in heaven , and that are in earth , visible and invisible , whether they be thrones , or dominions , or principalities , or powers : all things were created by him , and for him :
		And he is before all things , and by him all things consist .
		And he is the head of the body , the church : who is the beginning , the firstborn from the dead ; that in all things he might have the preeminence .
		For it pleased the Father that in him should all fulness dwell ;
		And , having made peace through the blood of his cross , by him to reconcile all things unto himself ; by him , I say , whether they be things in earth , or things in heaven .
		And you , that were sometime alienated and enemies in your mind by wicked works , yet now hath he reconciled
		In the body of his flesh through death , to present you holy and unblameable and unreproveable in his sight :
		If ye continue in the faith grounded and settled , and be not moved away from the hope of the gospel , which ye have heard , and which was preached to every creature which is under heaven ; whereof I Paul am made a minister ;
		Who now rejoice in my sufferings for you , and fill up that which is behind of the afflictions of Christ in my flesh for his body&amp;apos;s sake , which is the church :
		Whereof I am made a minister , according to the dispensation of God which is given to me for you , to fulfil the word of God ;
		Even the mystery which hath been hid from ages and from generations , but now is made manifest to his saints :
		To whom God would make known what is the riches of the glory of this mystery among the Gentiles ; which is Christ in you , the hope of glory :
		Whom we preach , warning every man , and teaching every man in all wisdom ; that we may present every man perfect in Christ Jesus :
		Whereunto I also labour , striving according to his working , which worketh in me mightily .
	</text>
	<annotations>
		<annotation source="BABELFY" anchor="Paul" bfScore="0.9047619047619048" coherenceScore="0.5833333333333334">bn:00004984n</annotation>
		<annotation source="MCS" anchor="apostle" bfScore="--" coherenceScore="--">bn:00004981n</annotation>
		<annotation source="BABELFY" anchor="Jesus" bfScore="0.7695303987796905" coherenceScore="0.7543859649122807">bn:00018805n</annotation>
		<annotation source="BABELFY" anchor="Jesus Christ" bfScore="0.9539760188627" coherenceScore="0.7543859649122807">bn:00018805n</annotation>
		<annotation source="BABELFY" anchor="Christ" bfScore="0.9665883314601001" coherenceScore="0.7543859649122807">bn:00018805n</annotation>
		<annotation source="BABELFY" anchor="Timotheus" bfScore="0.7037319116527038" coherenceScore="0.2631578947368421">bn:02446901n</annotation>
		<annotation source="MCS" anchor="brother" bfScore="--" coherenceScore="--">bn:00011357n</annotation>
		<annotation source="BABELFY" anchor="saints" bfScore="0.734687669744704" coherenceScore="0.4649122807017544">bn:00068856n</annotation>
		<annotation source="MCS" anchor="faithful" bfScore="--" coherenceScore="--">bn:00102728a</annotation>
		<annotation source="MCS" anchor="brethren" bfScore="--" coherenceScore="--">bn:00013012n</annotation>
		<annotation source="BABELFY" anchor="brethren in Christ" bfScore="1.0" coherenceScore="0.2543859649122807">bn:03148855n</annotation>
		<annotation source="BABELFY" anchor="Colosse" bfScore="1.0" coherenceScore="0.25">bn:00020778n</annotation>
		<annotation source="MCS" anchor="Grace" bfScore="--" coherenceScore="--">bn:00041221n</annotation>
		<annotation source="MCS" anchor="peace" bfScore="--" coherenceScore="--">bn:00061149n</annotation>
		<annotation source="MCS" anchor="Father" bfScore="--" coherenceScore="--">bn:00009616n</annotation>
		<annotation source="BABELFY" anchor="Lord Jesus" bfScore="1.0" coherenceScore="0.7587719298245614">bn:00018805n</annotation>
		<annotation source="BABELFY" anchor="Lord Jesus Christ" bfScore="1.0" coherenceScore="0.7587719298245614">bn:00018805n</annotation>
		<annotation source="BABELFY" anchor="thanks" bfScore="0.8245243128964059" coherenceScore="0.2850877192982456">bn:00041465n</annotation>
		<annotation source="BABELFY" anchor="praying" bfScore="0.9961408586589484" coherenceScore="0.25877192982456143">bn:00091921v</annotation>
		<annotation source="BABELFY" anchor="heard" bfScore="0.8616456536164565" coherenceScore="0.2149122807017544">bn:00089279v</annotation>
		<annotation source="MCS" anchor="heard of" bfScore="--" coherenceScore="--">bn:13712849v</annotation>
		<annotation source="BABELFY" anchor="faith" bfScore="0.8835659764686037" coherenceScore="0.8508771929824561">bn:00032768n</annotation>
		<annotation source="BABELFY" anchor="Christ Jesus" bfScore="1.0" coherenceScore="0.7587719298245614">bn:00018805n</annotation>
		<annotation source="BABELFY" anchor="love" bfScore="0.7340115584849788" coherenceScore="0.5964912280701754">bn:00052121n</annotation>
		<annotation source="MCS" anchor="hope" bfScore="--" coherenceScore="--">bn:00044736n</annotation>
		<annotation source="MCS" anchor="laid" bfScore="--" coherenceScore="--">bn:00090224v</annotation>
		<annotation source="BABELFY" anchor="laid up" bfScore="1.0" coherenceScore="0.039473684210526314">bn:00090238v</annotation>
		<annotation source="MCS" anchor="heaven" bfScore="--" coherenceScore="--">bn:00029734n</annotation>
		<annotation source="MCS" anchor="whereof" bfScore="--" coherenceScore="--">bn:13682926r</annotation>
		<annotation source="BABELFY" anchor="word" bfScore="0.7128331117807952" coherenceScore="0.7280701754385965">bn:00010217n</annotation>
		<annotation source="MCS" anchor="truth" bfScore="--" coherenceScore="--">bn:00078498n</annotation>
		<annotation source="MCS" anchor="gospel" bfScore="--" coherenceScore="--">bn:00031976n</annotation>
		<annotation source="MCS" anchor="world" bfScore="--" coherenceScore="--">bn:00022991n</annotation>
		<annotation source="BABELFY" anchor="fruit" bfScore="0.7369281045751634" coherenceScore="0.17982456140350878">bn:00296835n</annotation>
		<annotation source="MCS" anchor="day" bfScore="--" coherenceScore="--">bn:00000086n</annotation>
		<annotation source="MCS" anchor="knew" bfScore="--" coherenceScore="--">bn:00085261v</annotation>
		<annotation source="MCS" anchor="grace" bfScore="--" coherenceScore="--">bn:00041221n</annotation>
		<annotation source="BABELFY" anchor="grace of God" bfScore="1.0" coherenceScore="0.3201754385964912">bn:00036349n</annotation>
		<annotation source="MCS" anchor="learned" bfScore="--" coherenceScore="--">bn:00082281v</annotation>
		<annotation source="BABELFY" anchor="Epaphras" bfScore="1.0" coherenceScore="0.25877192982456143">bn:00724166n</annotation>
		<annotation source="BABELFY" anchor="dear" bfScore="0.8032786885245902" coherenceScore="0.03070175438596491">bn:00100981a</annotation>
		<annotation source="MCS" anchor="minister" bfScore="--" coherenceScore="--">bn:00024459n</annotation>
		<annotation source="MCS" anchor="declared" bfScore="--" coherenceScore="--">bn:00086380v</annotation>
		<annotation source="BABELFY" anchor="love in" bfScore="1.0" coherenceScore="0.008771929824561403">bn:01215560n</annotation>
		<annotation source="MCS" anchor="Spirit" bfScore="--" coherenceScore="--">bn:00073430n</annotation>
		<annotation source="BABELFY" anchor="cease" bfScore="0.8490566037735849" coherenceScore="0.039473684210526314">bn:00084711v</annotation>
		<annotation source="BABELFY" anchor="pray" bfScore="0.9961408586589484" coherenceScore="0.25877192982456143">bn:00091921v</annotation>
		<annotation source="MCS" anchor="desire" bfScore="--" coherenceScore="--">bn:00086682v</annotation>
		<annotation source="MCS" anchor="filled" bfScore="--" coherenceScore="--">bn:00088175v</annotation>
		<annotation source="BABELFY" anchor="knowledge" bfScore="0.7599297710935171" coherenceScore="0.6491228070175439">bn:00020452n</annotation>
		<annotation source="MCS" anchor="wisdom" bfScore="--" coherenceScore="--">bn:00081406n</annotation>
		<annotation source="MCS" anchor="spiritual" bfScore="--" coherenceScore="--">bn:00109661a</annotation>
		<annotation source="MCS" anchor="understanding" bfScore="--" coherenceScore="--">bn:00005134n</annotation>
		<annotation source="MCS" anchor="walk" bfScore="--" coherenceScore="--">bn:00095597v</annotation>
		<annotation source="BABELFY" anchor="worthy" bfScore="0.824505424377792" coherenceScore="0.14912280701754385">bn:00101237a</annotation>
		<annotation source="BABELFY" anchor="pleasing" bfScore="1.0" coherenceScore="0.017543859649122806">bn:00062977n</annotation>
		<annotation source="BABELFY" anchor="fruitful" bfScore="1.0" coherenceScore="0.02631578947368421">bn:00103378a</annotation>
		<annotation source="MCS" anchor="good" bfScore="--" coherenceScore="--">bn:00103672a</annotation>
		<annotation source="MCS" anchor="work" bfScore="--" coherenceScore="--">bn:00081568n</annotation>
		<annotation source="BABELFY" anchor="increasing" bfScore="1.0" coherenceScore="0.0043859649122807015">bn:00089667v</annotation>
		<annotation source="BABELFY" anchor="knowledge of God" bfScore="1.0" coherenceScore="0.29385964912280704">bn:00058950n</annotation>
		<annotation source="BABELFY" anchor="according" bfScore="0.875" coherenceScore="0.017543859649122806">bn:00082227v</annotation>
		<annotation source="BABELFY" anchor="glorious" bfScore="0.7241379310344828" coherenceScore="0.03070175438596491">bn:00103627a</annotation>
		<annotation source="MCS" anchor="power" bfScore="--" coherenceScore="--">bn:00063940n</annotation>
		<annotation source="MCS" anchor="patience" bfScore="--" coherenceScore="--">bn:00035762n</annotation>
		<annotation source="MCS" anchor="longsuffering" bfScore="--" coherenceScore="--">bn:13742119n</annotation>
		<annotation source="BABELFY" anchor="joyfulness" bfScore="1.0" coherenceScore="0.23684210526315788">bn:00048468n</annotation>
		<annotation source="BABELFY" anchor="Giving" bfScore="0.7177033492822966" coherenceScore="0.043859649122807015">bn:00040437n</annotation>
		<annotation source="BABELFY" anchor="Giving thanks" bfScore="1.0" coherenceScore="0.2894736842105263">bn:00041465n</annotation>
		<annotation source="MCS" anchor="meet" bfScore="--" coherenceScore="--">bn:00085339v</annotation>
		<annotation source="BABELFY" anchor="partakers" bfScore="1.0" coherenceScore="0.19298245614035087">bn:00060776n</annotation>
		<annotation source="MCS" anchor="inheritance" bfScore="--" coherenceScore="--">bn:00043824n</annotation>
		<annotation source="MCS" anchor="light" bfScore="--" coherenceScore="--">bn:00051108n</annotation>
		<annotation source="MCS" anchor="delivered" bfScore="--" coherenceScore="--">bn:00086530v</annotation>
		<annotation source="BABELFY" anchor="power of darkness" bfScore="1.0" coherenceScore="0.013157894736842105">bn:14670725n</annotation>
		<annotation source="MCS" anchor="darkness" bfScore="--" coherenceScore="--">bn:00025233n</annotation>
		<annotation source="MCS" anchor="translated" bfScore="--" coherenceScore="--">bn:00089840v</annotation>
		<annotation source="BABELFY" anchor="kingdom" bfScore="0.7696795987306787" coherenceScore="0.3201754385964912">bn:00055624n</annotation>
		<annotation source="BABELFY" anchor="Son" bfScore="0.8888624181060155" coherenceScore="0.3991228070175439">bn:00051877n</annotation>
		<annotation source="MCS" anchor="redemption" bfScore="--" coherenceScore="--">bn:00066712n</annotation>
		<annotation source="MCS" anchor="blood" bfScore="--" coherenceScore="--">bn:00011346n</annotation>
		<annotation source="BABELFY" anchor="forgiveness" bfScore="0.8964022540095362" coherenceScore="0.2894736842105263">bn:00035897n</annotation>
		<annotation source="BABELFY" anchor="forgiveness of sins" bfScore="1.0" coherenceScore="0.29385964912280704">bn:00035897n</annotation>
		<annotation source="BABELFY" anchor="sins" bfScore="0.8198486178511685" coherenceScore="0.5482456140350878">bn:00071707n</annotation>
		<annotation source="MCS" anchor="image" bfScore="--" coherenceScore="--">bn:00045970n</annotation>
		<annotation source="MCS" anchor="image of" bfScore="--" coherenceScore="--">bn:00045972n</annotation>
		<annotation source="BABELFY" anchor="invisible" bfScore="0.7090909090909091" coherenceScore="0.05263157894736842">bn:00105385a</annotation>
		<annotation source="MCS" anchor="firstborn" bfScore="--" coherenceScore="--">bn:00030108n</annotation>
		<annotation source="BABELFY" anchor="creature" bfScore="0.8872074110741814" coherenceScore="0.5394736842105263">bn:00004222n</annotation>
		<annotation source="BABELFY" anchor="things" bfScore="0.880349344978166" coherenceScore="0.15789473684210525">bn:00006125n</annotation>
		<annotation source="MCS" anchor="created" bfScore="--" coherenceScore="--">bn:00086008v</annotation>
		<annotation source="BABELFY" anchor="earth" bfScore="0.8276762402088773" coherenceScore="0.6447368421052632">bn:00029424n</annotation>
		<annotation source="BABELFY" anchor="visible" bfScore="0.7460815047021944" coherenceScore="0.06140350877192982">bn:00110277a</annotation>
		<annotation source="MCS" anchor="thrones" bfScore="--" coherenceScore="--">bn:00077086n</annotation>
		<annotation source="BABELFY" anchor="dominions" bfScore="1.0" coherenceScore="0.021929824561403508">bn:00028192n</annotation>
		<annotation source="BABELFY" anchor="principalities" bfScore="0.9976679104477612" coherenceScore="0.3026315789473684">bn:03191402n</annotation>
		<annotation source="MCS" anchor="powers" bfScore="--" coherenceScore="--">bn:00063940n</annotation>
		<annotation source="BABELFY" anchor="head" bfScore="0.8344144759303517" coherenceScore="0.6271929824561403">bn:00012681n</annotation>
		<annotation source="MCS" anchor="body" bfScore="--" coherenceScore="--">bn:00011744n</annotation>
		<annotation source="MCS" anchor="church" bfScore="--" coherenceScore="--">bn:00018819n</annotation>
		<annotation source="MCS" anchor="beginning" bfScore="--" coherenceScore="--">bn:00009632n</annotation>
		<annotation source="MCS" anchor="dead" bfScore="--" coherenceScore="--">bn:00100948a</annotation>
		<annotation source="BABELFY" anchor="preeminence" bfScore="1.0" coherenceScore="0.11842105263157894">bn:00027765n</annotation>
		<annotation source="MCS" anchor="fulness" bfScore="--" coherenceScore="--">bn:13671985n</annotation>
		<annotation source="BABELFY" anchor="dwell" bfScore="1.0" coherenceScore="0.021929824561403508">bn:00290062n</annotation>
		<annotation source="BABELFY" anchor="made peace" bfScore="1.0" coherenceScore="0.013157894736842105">bn:00090600v</annotation>
		<annotation source="MCS" anchor="cross" bfScore="--" coherenceScore="--">bn:00023946n</annotation>
		<annotation source="MCS" anchor="reconcile" bfScore="--" coherenceScore="--">bn:00082220v</annotation>
		<annotation source="BABELFY" anchor="alienated" bfScore="0.9978835978835979" coherenceScore="0.17982456140350878">bn:00082514v</annotation>
		<annotation source="MCS" anchor="enemies" bfScore="--" coherenceScore="--">bn:00030814n</annotation>
		<annotation source="MCS" anchor="mind" bfScore="--" coherenceScore="--">bn:00012681n</annotation>
		<annotation source="BABELFY" anchor="wicked" bfScore="0.9826435246995995" coherenceScore="0.20175438596491227">bn:00110660a</annotation>
		<annotation source="MCS" anchor="works" bfScore="--" coherenceScore="--">bn:00081568n</annotation>
		<annotation source="MCS" anchor="reconciled" bfScore="--" coherenceScore="--">bn:00082220v</annotation>
		<annotation source="MCS" anchor="flesh" bfScore="--" coherenceScore="--">bn:00035182n</annotation>
		<annotation source="BABELFY" anchor="death" bfScore="0.7155342641818075" coherenceScore="0.6535087719298246">bn:00025582n</annotation>
		<annotation source="MCS" anchor="present" bfScore="--" coherenceScore="--">bn:00086557v</annotation>
		<annotation source="BABELFY" anchor="holy" bfScore="1.0" coherenceScore="0.2631578947368421">bn:00104250a</annotation>
		<annotation source="MCS" anchor="unblameable" bfScore="--" coherenceScore="--">bn:13691157a</annotation>
		<annotation source="MCS" anchor="unreproveable" bfScore="--" coherenceScore="--">bn:13744406a</annotation>
		<annotation source="BABELFY" anchor="sight" bfScore="0.7332215735013584" coherenceScore="0.3684210526315789">bn:00045979n</annotation>
		<annotation source="MCS" anchor="continue" bfScore="--" coherenceScore="--">bn:00085714v</annotation>
		<annotation source="BABELFY" anchor="grounded" bfScore="0.7352941176470589" coherenceScore="0.20175438596491227">bn:00089070v</annotation>
		<annotation source="BABELFY" anchor="settled" bfScore="0.8412192902638762" coherenceScore="0.18859649122807018">bn:00088756v</annotation>
		<annotation source="BABELFY" anchor="preached" bfScore="0.988037109375" coherenceScore="0.25">bn:00091922v</annotation>
		<annotation source="MCS" anchor="whereof" bfScore="--" coherenceScore="--">bn:13682927r</annotation>
		<annotation source="BABELFY" anchor="rejoice" bfScore="0.9904952476238119" coherenceScore="0.19298245614035087">bn:00089996v</annotation>
		<annotation source="MCS" anchor="sufferings" bfScore="--" coherenceScore="--">bn:00002072n</annotation>
		<annotation source="MCS" anchor="fill" bfScore="--" coherenceScore="--">bn:00088175v</annotation>
		<annotation source="BABELFY" anchor="fill up" bfScore="0.9056603773584906" coherenceScore="0.02631578947368421">bn:00088181v</annotation>
		<annotation source="MCS" anchor="afflictions" bfScore="--" coherenceScore="--">bn:00001782n</annotation>
		<annotation source="BABELFY" anchor="sake" bfScore="0.9603174603174603" coherenceScore="0.04824561403508772">bn:00067720n</annotation>
		<annotation source="MCS" anchor="Whereof" bfScore="--" coherenceScore="--">bn:13682926r</annotation>
		<annotation source="MCS" anchor="dispensation" bfScore="--" coherenceScore="--">bn:00027653n</annotation>
		<annotation source="MCS" anchor="fulfil" bfScore="--" coherenceScore="--">bn:00082225v</annotation>
		<annotation source="BABELFY" anchor="word of God" bfScore="0.9184283559846869" coherenceScore="0.7280701754385965">bn:00010217n</annotation>
		<annotation source="BABELFY" anchor="mystery" bfScore="0.8515300340007556" coherenceScore="0.20175438596491227">bn:00012686n</annotation>
		<annotation source="BABELFY" anchor="hid" bfScore="0.9197860962566845" coherenceScore="0.18859649122807018">bn:00085918v</annotation>
		<annotation source="MCS" anchor="ages" bfScore="--" coherenceScore="--">bn:00001936n</annotation>
		<annotation source="BABELFY" anchor="generations" bfScore="0.9033163712932093" coherenceScore="0.2894736842105263">bn:00037681n</annotation>
		<annotation source="BABELFY" anchor="manifest" bfScore="1.0" coherenceScore="0.043859649122807015">bn:00097350a</annotation>
		<annotation source="MCS" anchor="known" bfScore="--" coherenceScore="--">bn:00085261v</annotation>
		<annotation source="MCS" anchor="riches" bfScore="--" coherenceScore="--">bn:00067741n</annotation>
		<annotation source="BABELFY" anchor="glory" bfScore="0.8964753958794484" coherenceScore="0.34210526315789475">bn:00007184n</annotation>
		<annotation source="MCS" anchor="Gentiles" bfScore="--" coherenceScore="--">bn:00037763n</annotation>
		<annotation source="BABELFY" anchor="preach" bfScore="0.988037109375" coherenceScore="0.25">bn:00091922v</annotation>
		<annotation source="BABELFY" anchor="warning" bfScore="0.9803921568627451" coherenceScore="0.17543859649122806">bn:00082375v</annotation>
		<annotation source="MCS" anchor="man" bfScore="--" coherenceScore="--">bn:00001533n</annotation>
		<annotation source="BABELFY" anchor="teaching" bfScore="0.7238717339667459" coherenceScore="0.20175438596491227">bn:00089791v</annotation>
		<annotation source="MCS" anchor="perfect" bfScore="--" coherenceScore="--">bn:00108442a</annotation>
		<annotation source="MCS" anchor="Whereunto" bfScore="--" coherenceScore="--">bn:13750721r</annotation>
		<annotation source="MCS" anchor="labour" bfScore="--" coherenceScore="--">bn:00086809v</annotation>
		<annotation source="BABELFY" anchor="striving" bfScore="0.7142857142857143" coherenceScore="0.021929824561403508">bn:00092416v</annotation>
		<annotation source="BABELFY" anchor="working" bfScore="0.9" coherenceScore="0.02631578947368421">bn:03264056n</annotation>
		<annotation source="BABELFY" anchor="mightily" bfScore="1.0" coherenceScore="0.008771929824561403">bn:00116255r</annotation>
	</annotations>
</paragraph>
<paragraph id="p.2">
	<text>
		For I would that ye knew what great conflict I have for you , and for them at Laodicea , and for as many as have not seen my face in the flesh ;
		That their hearts might be comforted , being knit together in love , and unto all riches of the full assurance of understanding , to the acknowledgement of the mystery of God , and of the Father , and of Christ ;
		In whom are hid all the treasures of wisdom and knowledge .
		And this I say , lest any man should beguile you with enticing words .
		For though I be absent in the flesh , yet am I with you in the spirit , joying and beholding your order , and the stedfastness of your faith in Christ .
		As ye have therefore received Christ Jesus the Lord , so walk ye in him :
		Rooted and built up in him , and stablished in the faith , as ye have been taught , abounding therein with thanksgiving .
		Beware lest any man spoil you through philosophy and vain deceit , after the tradition of men , after the rudiments of the world , and not after Christ .
		For in him dwelleth all the fulness of the Godhead bodily .
		And ye are complete in him , which is the head of all principality and power :
		In whom also ye are circumcised with the circumcision made without hands , in putting off the body of the sins of the flesh by the circumcision of Christ :
		Buried with him in baptism , wherein also ye are risen with him through the faith of the operation of God , who hath raised him from the dead .
		And you , being dead in your sins and the uncircumcision of your flesh , hath he quickened together with him , having forgiven you all trespasses ;
		Blotting out the handwriting of ordinances that was against us , which was contrary to us , and took it out of the way , nailing it to his cross ;
		And having spoiled principalities and powers , he made a shew of them openly , triumphing over them in it .
		Let no man therefore judge you in meat , or in drink , or in respect of an holyday , or of the new moon , or of the sabbath days :
		Which are a shadow of things to come ; but the body is of Christ .
		Let no man beguile you of your reward in a voluntary humility and worshipping of angels , intruding into those things which he hath not seen , vainly puffed up by his fleshly mind ,
		And not holding the Head , from which all the body by joints and bands having nourishment ministered , and knit together , increaseth with the increase of God .
		Wherefore if ye be dead with Christ from the rudiments of the world , why , as though living in the world , are ye subject to ordinances ,
		( Touch not ; taste not ; handle not ;
		Which all are to perish with the using ; ) after the commandments and doctrines of men ?
		Which things have indeed a shew of wisdom in will worship , and humility , and neglecting of the body ; not in any honour to the satisfying of the flesh .
	</text>
	<annotations>
		<annotation source="MCS" anchor="knew" bfScore="--" coherenceScore="--">bn:00085261v</annotation>
		<annotation source="MCS" anchor="great" bfScore="--" coherenceScore="--">bn:00103779a</annotation>
		<annotation source="MCS" anchor="conflict" bfScore="--" coherenceScore="--">bn:00009080n</annotation>
		<annotation source="BABELFY" anchor="Laodicea" bfScore="0.9418604651162791" coherenceScore="0.05389221556886228">bn:16134756n</annotation>
		<annotation source="MCS" anchor="face" bfScore="--" coherenceScore="--">bn:00032600n</annotation>
		<annotation source="MCS" anchor="flesh" bfScore="--" coherenceScore="--">bn:00035182n</annotation>
		<annotation source="MCS" anchor="hearts" bfScore="--" coherenceScore="--">bn:00012289n</annotation>
		<annotation source="MCS" anchor="comforted" bfScore="--" coherenceScore="--">bn:00085398v</annotation>
		<annotation source="BABELFY" anchor="knit" bfScore="0.7352941176470589" coherenceScore="0.029940119760479042">bn:00090127v</annotation>
		<annotation source="MCS" anchor="love" bfScore="--" coherenceScore="--">bn:00052121n</annotation>
		<annotation source="BABELFY" anchor="riches" bfScore="1.0" coherenceScore="0.017964071856287425">bn:00067741n</annotation>
		<annotation source="MCS" anchor="full" bfScore="--" coherenceScore="--">bn:00103391a</annotation>
		<annotation source="MCS" anchor="assurance" bfScore="--" coherenceScore="--">bn:00006565n</annotation>
		<annotation source="BABELFY" anchor="understanding" bfScore="0.7044433349975038" coherenceScore="0.40718562874251496">bn:00047021n</annotation>
		<annotation source="BABELFY" anchor="acknowledgement" bfScore="0.8108108108108109" coherenceScore="0.05389221556886228">bn:00000938n</annotation>
		<annotation source="MCS" anchor="mystery" bfScore="--" coherenceScore="--">bn:00019934n</annotation>
		<annotation source="MCS" anchor="Father" bfScore="--" coherenceScore="--">bn:00009616n</annotation>
		<annotation source="BABELFY" anchor="Christ" bfScore="0.9842092858826302" coherenceScore="0.6946107784431138">bn:00018805n</annotation>
		<annotation source="BABELFY" anchor="hid" bfScore="0.821917808219178" coherenceScore="0.1437125748502994">bn:00085918v</annotation>
		<annotation source="BABELFY" anchor="treasures" bfScore="0.8620689655172413" coherenceScore="0.1497005988023952">bn:00078112n</annotation>
		<annotation source="MCS" anchor="wisdom" bfScore="--" coherenceScore="--">bn:00081406n</annotation>
		<annotation source="BABELFY" anchor="knowledge" bfScore="0.7643075980392157" coherenceScore="0.6047904191616766">bn:00020452n</annotation>
		<annotation source="MCS" anchor="man" bfScore="--" coherenceScore="--">bn:00001533n</annotation>
		<annotation source="BABELFY" anchor="beguile" bfScore="0.9333333333333333" coherenceScore="0.023952095808383235">bn:00083288v</annotation>
		<annotation source="MCS" anchor="enticing" bfScore="--" coherenceScore="--">bn:00087689v</annotation>
		<annotation source="MCS" anchor="words" bfScore="--" coherenceScore="--">bn:00081546n</annotation>
		<annotation source="BABELFY" anchor="absent" bfScore="0.7370689655172413" coherenceScore="0.10778443113772455">bn:00096194a</annotation>
		<annotation source="MCS" anchor="spirit" bfScore="--" coherenceScore="--">bn:00073430n</annotation>
		<annotation source="BABELFY" anchor="joying" bfScore="0.9876160990712074" coherenceScore="0.17365269461077845">bn:00089996v</annotation>
		<annotation source="MCS" anchor="beholding" bfScore="--" coherenceScore="--">bn:00083356v</annotation>
		<annotation source="MCS" anchor="order" bfScore="--" coherenceScore="--">bn:00059303n</annotation>
		<annotation source="BABELFY" anchor="faith" bfScore="0.9113847830138636" coherenceScore="0.7784431137724551">bn:00032768n</annotation>
		<annotation source="MCS" anchor="received" bfScore="--" coherenceScore="--">bn:00089246v</annotation>
		<annotation source="BABELFY" anchor="Christ Jesus" bfScore="1.0" coherenceScore="0.7005988023952096">bn:00018805n</annotation>
		<annotation source="BABELFY" anchor="Jesus" bfScore="0.8910203922486061" coherenceScore="0.6946107784431138">bn:00018805n</annotation>
		<annotation source="MCS" anchor="walk" bfScore="--" coherenceScore="--">bn:00095597v</annotation>
		<annotation source="BABELFY" anchor="Rooted" bfScore="0.835272504592774" coherenceScore="0.18562874251497005">bn:00093110v</annotation>
		<annotation source="MCS" anchor="built" bfScore="--" coherenceScore="--">bn:00084198v</annotation>
		<annotation source="MCS" anchor="built up" bfScore="--" coherenceScore="--">bn:00084210v</annotation>
		<annotation source="MCS" anchor="stablished" bfScore="--" coherenceScore="--">bn:13771875v</annotation>
		<annotation source="BABELFY" anchor="taught" bfScore="0.8440925700365408" coherenceScore="0.19760479041916168">bn:00089791v</annotation>
		<annotation source="BABELFY" anchor="abounding" bfScore="0.9230769230769231" coherenceScore="0.017964071856287425">bn:00082153v</annotation>
		<annotation source="BABELFY" anchor="thanksgiving" bfScore="0.7119323241317899" coherenceScore="0.23353293413173654">bn:00041465n</annotation>
		<annotation source="BABELFY" anchor="Beware" bfScore="1.0" coherenceScore="0.005988023952095809">bn:00083463v</annotation>
		<annotation source="MCS" anchor="spoil" bfScore="--" coherenceScore="--">bn:00083055v</annotation>
		<annotation source="BABELFY" anchor="philosophy" bfScore="0.9263390263738818" coherenceScore="0.7125748502994012">bn:00061984n</annotation>
		<annotation source="BABELFY" anchor="vain" bfScore="0.8810572687224669" coherenceScore="0.1437125748502994">bn:00100184a</annotation>
		<annotation source="BABELFY" anchor="deceit" bfScore="0.7789799072642968" coherenceScore="0.2155688622754491">bn:00025681n</annotation>
		<annotation source="BABELFY" anchor="tradition" bfScore="0.7219162630216973" coherenceScore="0.40718562874251496">bn:00077884n</annotation>
		<annotation source="MCS" anchor="men" bfScore="--" coherenceScore="--">bn:00001533n</annotation>
		<annotation source="MCS" anchor="rudiments" bfScore="--" coherenceScore="--">bn:00000242n</annotation>
		<annotation source="MCS" anchor="world" bfScore="--" coherenceScore="--">bn:00022991n</annotation>
		<annotation source="MCS" anchor="fulness" bfScore="--" coherenceScore="--">bn:13671983n</annotation>
		<annotation source="MCS" anchor="bodily" bfScore="--" coherenceScore="--">bn:00098648a</annotation>
		<annotation source="BABELFY" anchor="complete" bfScore="0.9210526315789473" coherenceScore="0.041916167664670656">bn:00100144a</annotation>
		<annotation source="BABELFY" anchor="head" bfScore="0.8188320041162851" coherenceScore="0.6526946107784432">bn:00012681n</annotation>
		<annotation source="BABELFY" anchor="principality" bfScore="0.9918492103922567" coherenceScore="0.19760479041916168">bn:03191402n</annotation>
		<annotation source="MCS" anchor="power" bfScore="--" coherenceScore="--">bn:00063940n</annotation>
		<annotation source="BABELFY" anchor="circumcised" bfScore="0.7697368421052632" coherenceScore="0.16167664670658682">bn:00084994v</annotation>
		<annotation source="MCS" anchor="circumcision" bfScore="--" coherenceScore="--">bn:00019203n</annotation>
		<annotation source="MCS" anchor="hands" bfScore="--" coherenceScore="--">bn:00042759n</annotation>
		<annotation source="MCS" anchor="putting off" bfScore="--" coherenceScore="--">bn:00086459v</annotation>
		<annotation source="MCS" anchor="body" bfScore="--" coherenceScore="--">bn:00011744n</annotation>
		<annotation source="BABELFY" anchor="sins" bfScore="0.8396237507348618" coherenceScore="0.4431137724550898">bn:00071707n</annotation>
		<annotation source="BABELFY" anchor="sins of the flesh" bfScore="1.0" coherenceScore="0.005988023952095809">bn:02919132n</annotation>
		<annotation source="BABELFY" anchor="circumcision of Christ" bfScore="0.7994652406417112" coherenceScore="0.1377245508982036">bn:00713289n</annotation>
		<annotation source="BABELFY" anchor="Buried" bfScore="0.7115384615384616" coherenceScore="0.16766467065868262">bn:00084298v</annotation>
		<annotation source="BABELFY" anchor="baptism" bfScore="0.8178168610208373" coherenceScore="0.41317365269461076">bn:00008455n</annotation>
		<annotation source="MCS" anchor="risen" bfScore="--" coherenceScore="--">bn:00082761v</annotation>
		<annotation source="MCS" anchor="operation" bfScore="--" coherenceScore="--">bn:00059125n</annotation>
		<annotation source="MCS" anchor="raised" bfScore="--" coherenceScore="--">bn:00092332v</annotation>
		<annotation source="MCS" anchor="dead" bfScore="--" coherenceScore="--">bn:00025500n</annotation>
		<annotation source="MCS" anchor="dead" bfScore="--" coherenceScore="--">bn:00100948a</annotation>
		<annotation source="BABELFY" anchor="uncircumcision" bfScore="1.0" coherenceScore="0.16167664670658682">bn:03523388n</annotation>
		<annotation source="BABELFY" anchor="quickened" bfScore="0.735632183908046" coherenceScore="0.04790419161676647">bn:00092268v</annotation>
		<annotation source="BABELFY" anchor="forgiven" bfScore="1.0" coherenceScore="0.011976047904191617">bn:00088484v</annotation>
		<annotation source="BABELFY" anchor="trespasses" bfScore="0.8901098901098901" coherenceScore="0.05389221556886228">bn:00078183n</annotation>
		<annotation source="BABELFY" anchor="Blotting" bfScore="1.0" coherenceScore="0.023952095808383235">bn:00083648v</annotation>
		<annotation source="BABELFY" anchor="handwriting" bfScore="0.8344370860927153" coherenceScore="0.08383233532934131">bn:00042761n</annotation>
		<annotation source="MCS" anchor="ordinances" bfScore="--" coherenceScore="--">bn:00059436n</annotation>
		<annotation source="BABELFY" anchor="contrary" bfScore="0.9086021505376344" coherenceScore="0.07784431137724551">bn:00100400a</annotation>
		<annotation source="BABELFY" anchor="nailing" bfScore="0.7641509433962265" coherenceScore="0.05389221556886228">bn:00091002v</annotation>
		<annotation source="MCS" anchor="cross" bfScore="--" coherenceScore="--">bn:00023946n</annotation>
		<annotation source="BABELFY" anchor="spoiled" bfScore="0.8" coherenceScore="0.011976047904191617">bn:00097969a</annotation>
		<annotation source="BABELFY" anchor="principalities" bfScore="0.9918492103922567" coherenceScore="0.19760479041916168">bn:03191402n</annotation>
		<annotation source="MCS" anchor="powers" bfScore="--" coherenceScore="--">bn:00063940n</annotation>
		<annotation source="BABELFY" anchor="shew" bfScore="1.0" coherenceScore="0.04790419161676647">bn:00086567v</annotation>
		<annotation source="BABELFY" anchor="openly" bfScore="1.0" coherenceScore="0.005988023952095809">bn:00116455r</annotation>
		<annotation source="BABELFY" anchor="triumphing" bfScore="0.9536423841059603" coherenceScore="0.0718562874251497">bn:00092006v</annotation>
		<annotation source="BABELFY" anchor="judge" bfScore="0.7954545454545454" coherenceScore="0.15568862275449102">bn:00083370v</annotation>
		<annotation source="MCS" anchor="meat" bfScore="--" coherenceScore="--">bn:00054026n</annotation>
		<annotation source="MCS" anchor="drink" bfScore="--" coherenceScore="--">bn:00028749n</annotation>
		<annotation source="MCS" anchor="respect" bfScore="--" coherenceScore="--">bn:00066865n</annotation>
		<annotation source="MCS" anchor="new" bfScore="--" coherenceScore="--">bn:00107267a</annotation>
		<annotation source="MCS" anchor="new moon" bfScore="--" coherenceScore="--">bn:00057489n</annotation>
		<annotation source="BABELFY" anchor="moon" bfScore="0.7222124361458517" coherenceScore="0.24550898203592814">bn:00055809n</annotation>
		<annotation source="MCS" anchor="sabbath" bfScore="--" coherenceScore="--">bn:00068691n</annotation>
		<annotation source="BABELFY" anchor="sabbath days" bfScore="1.0" coherenceScore="0.16766467065868262">bn:00068691n</annotation>
		<annotation source="MCS" anchor="days" bfScore="--" coherenceScore="--">bn:00000086n</annotation>
		<annotation source="MCS" anchor="shadow" bfScore="--" coherenceScore="--">bn:00070830n</annotation>
		<annotation source="BABELFY" anchor="things" bfScore="0.9377007064868337" coherenceScore="0.23952095808383234">bn:00006125n</annotation>
		<annotation source="BABELFY" anchor="things to come" bfScore="0.9655172413793104" coherenceScore="0.023952095808383235">bn:00165518n</annotation>
		<annotation source="MCS" anchor="reward" bfScore="--" coherenceScore="--">bn:00061123n</annotation>
		<annotation source="MCS" anchor="voluntary" bfScore="--" coherenceScore="--">bn:00113672a</annotation>
		<annotation source="MCS" anchor="humility" bfScore="--" coherenceScore="--">bn:00045179n</annotation>
		<annotation source="BABELFY" anchor="worshipping" bfScore="0.7131341868183974" coherenceScore="0.19161676646706588">bn:00095832v</annotation>
		<annotation source="BABELFY" anchor="angels" bfScore="0.7977921245872555" coherenceScore="0.4550898203592814">bn:00004063n</annotation>
		<annotation source="BABELFY" anchor="intruding" bfScore="0.9845722300140253" coherenceScore="0.15568862275449102">bn:00089869v</annotation>
		<annotation source="BABELFY" anchor="vainly" bfScore="1.0" coherenceScore="0.0658682634730539">bn:00115850r</annotation>
		<annotation source="MCS" anchor="puffed" bfScore="--" coherenceScore="--">bn:00092131v</annotation>
		<annotation source="BABELFY" anchor="puffed up" bfScore="0.9911894273127754" coherenceScore="0.08982035928143713">bn:00092136v</annotation>
		<annotation source="BABELFY" anchor="fleshly" bfScore="1.0" coherenceScore="0.15568862275449102">bn:00097119a</annotation>
		<annotation source="MCS" anchor="mind" bfScore="--" coherenceScore="--">bn:00012681n</annotation>
		<annotation source="MCS" anchor="holding" bfScore="--" coherenceScore="--">bn:00089384v</annotation>
		<annotation source="BABELFY" anchor="Head" bfScore="0.8053439943321272" coherenceScore="0.6526946107784432">bn:00012681n</annotation>
		<annotation source="MCS" anchor="joints" bfScore="--" coherenceScore="--">bn:00006137n</annotation>
		<annotation source="MCS" anchor="bands" bfScore="--" coherenceScore="--">bn:00008279n</annotation>
		<annotation source="BABELFY" anchor="nourishment" bfScore="0.9038461538461539" coherenceScore="0.281437125748503">bn:00002745n</annotation>
		<annotation source="BABELFY" anchor="ministered" bfScore="1.0" coherenceScore="0.11976047904191617">bn:00090806v</annotation>
		<annotation source="BABELFY" anchor="increase" bfScore="0.8125" coherenceScore="0.05389221556886228">bn:00041979n</annotation>
		<annotation source="MCS" anchor="living" bfScore="--" coherenceScore="--">bn:00087441v</annotation>
		<annotation source="BABELFY" anchor="subject" bfScore="0.8" coherenceScore="0.011976047904191617">bn:00099216a</annotation>
		<annotation source="MCS" anchor="Touch" bfScore="--" coherenceScore="--">bn:00077726n</annotation>
		<annotation source="MCS" anchor="taste" bfScore="--" coherenceScore="--">bn:00093282v</annotation>
		<annotation source="BABELFY" anchor="handle" bfScore="0.8659638554216867" coherenceScore="0.1377245508982036">bn:00089172v</annotation>
		<annotation source="BABELFY" anchor="perish" bfScore="1.0" coherenceScore="0.18562874251497005">bn:00084343v</annotation>
		<annotation source="MCS" anchor="commandments" bfScore="--" coherenceScore="--">bn:00020960n</annotation>
		<annotation source="BABELFY" anchor="doctrines" bfScore="0.7517554729450641" coherenceScore="0.20958083832335328">bn:00028013n</annotation>
		<annotation source="MCS" anchor="worship" bfScore="--" coherenceScore="--">bn:00081651n</annotation>
		<annotation source="BABELFY" anchor="neglecting" bfScore="0.7619047619047619" coherenceScore="0.023952095808383235">bn:00087376v</annotation>
		<annotation source="MCS" anchor="honour" bfScore="--" coherenceScore="--">bn:00044653n</annotation>
		<annotation source="BABELFY" anchor="satisfying" bfScore="0.896551724137931" coherenceScore="0.07784431137724551">bn:00086519v</annotation>
	</annotations>
</paragraph>
<paragraph id="p.3">
	<text>
		If ye then be risen with Christ , seek those things which are above , where Christ sitteth on the right hand of God .
		Set your affection on things above , not on things on the earth .
		For ye are dead , and your life is hid with Christ in God .
		When Christ , who is our life , shall appear , then shall ye also appear with him in glory .
		Mortify therefore your members which are upon the earth ; fornication , uncleanness , inordinate affection , evil concupiscence , and covetousness , which is idolatry :
		For which things &amp;apos; sake the wrath of God cometh on the children of disobedience :
		In the which ye also walked some time , when ye lived in them .
		But now ye also put off all these ; anger , wrath , malice , blasphemy , filthy communication out of your mouth .
		Lie not one to another , seeing that ye have put off the old man with his deeds ;
		And have put on the new man , which is renewed in knowledge after the image of him that created him :
		Where there is neither Greek nor Jew , circumcision nor uncircumcision , Barbarian , Scythian , bond nor free : but Christ is all , and in all .
		Put on therefore , as the elect of God , holy and beloved , bowels of mercies , kindness , humbleness of mind , meekness , longsuffering ;
		Forbearing one another , and forgiving one another , if any man have a quarrel against any : even as Christ forgave you , so also do ye .
		And above all these things put on charity , which is the bond of perfectness .
		And let the peace of God rule in your hearts , to the which also ye are called in one body ; and be ye thankful .
		Let the word of Christ dwell in you richly in all wisdom ; teaching and admonishing one another in psalms and hymns and spiritual songs , singing with grace in your hearts to the Lord .
		And whatsoever ye do in word or deed , do all in the name of the Lord Jesus , giving thanks to God and the Father by him .
		Wives , submit yourselves unto your own husbands , as it is fit in the Lord .
		Husbands , love your wives , and be not bitter against them .
		Children , obey your parents in all things : for this is well pleasing unto the Lord .
		Fathers , provoke not your children to anger , lest they be discouraged .
		Servants , obey in all things your masters according to the flesh ; not with eyeservice , as menpleasers ; but in singleness of heart , fearing God :
		And whatsoever ye do , do it heartily , as to the Lord , and not unto men ;
		Knowing that of the Lord ye shall receive the reward of the inheritance : for ye serve the Lord Christ .
		But he that doeth wrong shall receive for the wrong which he hath done : and there is no respect of persons .
	</text>
	<annotations>
		<annotation source="MCS" anchor="risen" bfScore="--" coherenceScore="--">bn:00082761v</annotation>
		<annotation source="BABELFY" anchor="Christ" bfScore="0.9800672131439037" coherenceScore="0.7341040462427746">bn:00018805n</annotation>
		<annotation source="BABELFY" anchor="seek" bfScore="0.9180327868852459" coherenceScore="0.04046242774566474">bn:00082844v</annotation>
		<annotation source="BABELFY" anchor="things" bfScore="0.9505347593582888" coherenceScore="0.26011560693641617">bn:00006125n</annotation>
		<annotation source="MCS" anchor="hand" bfScore="--" coherenceScore="--">bn:00042759n</annotation>
		<annotation source="BABELFY" anchor="hand of God" bfScore="0.7381776239907728" coherenceScore="0.18497109826589594">bn:01752033n</annotation>
		<annotation source="BABELFY" anchor="affection" bfScore="0.8851522842639594" coherenceScore="0.3583815028901734">bn:00001744n</annotation>
		<annotation source="BABELFY" anchor="earth" bfScore="0.8662270166397344" coherenceScore="0.5433526011560693">bn:00029424n</annotation>
		<annotation source="MCS" anchor="dead" bfScore="--" coherenceScore="--">bn:00100948a</annotation>
		<annotation source="MCS" anchor="life" bfScore="--" coherenceScore="--">bn:00051045n</annotation>
		<annotation source="BABELFY" anchor="hid" bfScore="0.8448275862068966" coherenceScore="0.12138728323699421">bn:00085918v</annotation>
		<annotation source="MCS" anchor="appear" bfScore="--" coherenceScore="--">bn:00082690v</annotation>
		<annotation source="BABELFY" anchor="glory" bfScore="0.8225034199726402" coherenceScore="0.2138728323699422">bn:00007184n</annotation>
		<annotation source="MCS" anchor="Mortify" bfScore="--" coherenceScore="--">bn:00090922v</annotation>
		<annotation source="MCS" anchor="members" bfScore="--" coherenceScore="--">bn:00034004n</annotation>
		<annotation source="BABELFY" anchor="fornication" bfScore="0.7768397871169022" coherenceScore="0.2947976878612717">bn:00001543n</annotation>
		<annotation source="BABELFY" anchor="uncleanness" bfScore="1.0" coherenceScore="0.10404624277456648">bn:00027392n</annotation>
		<annotation source="BABELFY" anchor="inordinate" bfScore="1.0" coherenceScore="0.017341040462427744">bn:00102500a</annotation>
		<annotation source="BABELFY" anchor="evil" bfScore="0.8987915407854985" coherenceScore="0.19653179190751446">bn:00102475a</annotation>
		<annotation source="MCS" anchor="concupiscence" bfScore="--" coherenceScore="--">bn:00021614n</annotation>
		<annotation source="MCS" anchor="covetousness" bfScore="--" coherenceScore="--">bn:00023377n</annotation>
		<annotation source="BABELFY" anchor="idolatry" bfScore="0.7099697885196374" coherenceScore="0.27167630057803466">bn:00045856n</annotation>
		<annotation source="MCS" anchor="sake" bfScore="--" coherenceScore="--">bn:00047078n</annotation>
		<annotation source="MCS" anchor="wrath" bfScore="--" coherenceScore="--">bn:00081680n</annotation>
		<annotation source="BABELFY" anchor="wrath of God" bfScore="1.0" coherenceScore="0.12138728323699421">bn:02528981n</annotation>
		<annotation source="BABELFY" anchor="children" bfScore="0.7645462319217756" coherenceScore="0.5606936416184971">bn:00018346n</annotation>
		<annotation source="BABELFY" anchor="disobedience" bfScore="0.9239130434782609" coherenceScore="0.17341040462427745">bn:00027632n</annotation>
		<annotation source="MCS" anchor="walked" bfScore="--" coherenceScore="--">bn:00095597v</annotation>
		<annotation source="BABELFY" anchor="time" bfScore="0.8260744366856237" coherenceScore="0.43352601156069365">bn:00077270n</annotation>
		<annotation source="MCS" anchor="lived" bfScore="--" coherenceScore="--">bn:00087441v</annotation>
		<annotation source="MCS" anchor="anger" bfScore="--" coherenceScore="--">bn:00004085n</annotation>
		<annotation source="BABELFY" anchor="malice" bfScore="0.7903981264637002" coherenceScore="0.14450867052023122">bn:00052992n</annotation>
		<annotation source="MCS" anchor="blasphemy" bfScore="--" coherenceScore="--">bn:00011133n</annotation>
		<annotation source="BABELFY" anchor="filthy" bfScore="0.7058823529411765" coherenceScore="0.023121387283236993">bn:00100720a</annotation>
		<annotation source="BABELFY" anchor="communication" bfScore="0.8660200383713494" coherenceScore="0.37572254335260113">bn:00021221n</annotation>
		<annotation source="BABELFY" anchor="mouth" bfScore="0.7080223880597015" coherenceScore="0.1907514450867052">bn:00056135n</annotation>
		<annotation source="BABELFY" anchor="Lie" bfScore="0.8622754491017964" coherenceScore="0.13872832369942195">bn:00090324v</annotation>
		<annotation source="MCS" anchor="seeing" bfScore="--" coherenceScore="--">bn:00093430v</annotation>
		<annotation source="MCS" anchor="old" bfScore="--" coherenceScore="--">bn:00107786a</annotation>
		<annotation source="BABELFY" anchor="old man" bfScore="0.7245355541319667" coherenceScore="0.2254335260115607">bn:00058828n</annotation>
		<annotation source="MCS" anchor="man" bfScore="--" coherenceScore="--">bn:00001533n</annotation>
		<annotation source="MCS" anchor="deeds" bfScore="--" coherenceScore="--">bn:00025804n</annotation>
		<annotation source="BABELFY" anchor="new" bfScore="0.7615384615384615" coherenceScore="0.10404624277456648">bn:00106833a</annotation>
		<annotation source="BABELFY" anchor="new man" bfScore="0.7980997624703088" coherenceScore="0.13872832369942195">bn:02744935n</annotation>
		<annotation source="MCS" anchor="renewed" bfScore="--" coherenceScore="--">bn:00092663v</annotation>
		<annotation source="BABELFY" anchor="knowledge" bfScore="0.8310480091644392" coherenceScore="0.6069364161849711">bn:00020452n</annotation>
		<annotation source="MCS" anchor="image" bfScore="--" coherenceScore="--">bn:00045970n</annotation>
		<annotation source="MCS" anchor="image of" bfScore="--" coherenceScore="--">bn:00045972n</annotation>
		<annotation source="BABELFY" anchor="created" bfScore="0.7054500918554807" coherenceScore="0.18497109826589594">bn:00086009v</annotation>
		<annotation source="BABELFY" anchor="Greek" bfScore="0.7975155757249442" coherenceScore="0.5144508670520231">bn:00041634n</annotation>
		<annotation source="BABELFY" anchor="Jew" bfScore="0.988233930330957" coherenceScore="0.6358381502890174">bn:00043492n</annotation>
		<annotation source="MCS" anchor="circumcision" bfScore="--" coherenceScore="--">bn:00019203n</annotation>
		<annotation source="BABELFY" anchor="uncircumcision" bfScore="1.0" coherenceScore="0.1676300578034682">bn:03523388n</annotation>
		<annotation source="BABELFY" anchor="Barbarian" bfScore="0.9153046062407132" coherenceScore="0.12716763005780346">bn:00008511n</annotation>
		<annotation source="BABELFY" anchor="Scythian" bfScore="1.0" coherenceScore="0.017341040462427744">bn:00110213a</annotation>
		<annotation source="BABELFY" anchor="bond" bfScore="0.8592162554426706" coherenceScore="0.18497109826589594">bn:00002860n</annotation>
		<annotation source="MCS" anchor="free" bfScore="--" coherenceScore="--">bn:00103299a</annotation>
		<annotation source="MCS" anchor="elect" bfScore="--" coherenceScore="--">bn:00018789n</annotation>
		<annotation source="BABELFY" anchor="holy" bfScore="1.0" coherenceScore="0.1791907514450867">bn:00104250a</annotation>
		<annotation source="BABELFY" anchor="beloved" bfScore="1.0" coherenceScore="0.03468208092485549">bn:00098224a</annotation>
		<annotation source="MCS" anchor="bowels" bfScore="--" coherenceScore="--">bn:00012484n</annotation>
		<annotation source="MCS" anchor="mercies" bfScore="--" coherenceScore="--">bn:00019708n</annotation>
		<annotation source="BABELFY" anchor="kindness" bfScore="0.9208080808080809" coherenceScore="0.24855491329479767">bn:00049132n</annotation>
		<annotation source="BABELFY" anchor="humbleness" bfScore="0.7550516736078976" coherenceScore="0.3179190751445087">bn:00045179n</annotation>
		<annotation source="MCS" anchor="mind" bfScore="--" coherenceScore="--">bn:00012681n</annotation>
		<annotation source="BABELFY" anchor="meekness" bfScore="0.8729388942774006" coherenceScore="0.17341040462427745">bn:01015731n</annotation>
		<annotation source="MCS" anchor="longsuffering" bfScore="--" coherenceScore="--">bn:13742119n</annotation>
		<annotation source="BABELFY" anchor="forgiving" bfScore="0.9375" coherenceScore="0.017341040462427744">bn:00088483v</annotation>
		<annotation source="MCS" anchor="quarrel" bfScore="--" coherenceScore="--">bn:00029212n</annotation>
		<annotation source="BABELFY" anchor="forgave" bfScore="0.9375" coherenceScore="0.017341040462427744">bn:00088483v</annotation>
		<annotation source="BABELFY" anchor="charity" bfScore="0.7407662759775436" coherenceScore="0.3988439306358382">bn:00013380n</annotation>
		<annotation source="BABELFY" anchor="perfectness" bfScore="1.0" coherenceScore="0.1907514450867052">bn:00009423n</annotation>
		<annotation source="MCS" anchor="peace" bfScore="--" coherenceScore="--">bn:00061149n</annotation>
		<annotation source="BABELFY" anchor="peace of God" bfScore="0.7846975088967971" coherenceScore="0.12138728323699421">bn:01848076n</annotation>
		<annotation source="MCS" anchor="rule" bfScore="--" coherenceScore="--">bn:00066933n</annotation>
		<annotation source="MCS" anchor="hearts" bfScore="--" coherenceScore="--">bn:00012289n</annotation>
		<annotation source="MCS" anchor="called" bfScore="--" coherenceScore="--">bn:00084385v</annotation>
		<annotation source="MCS" anchor="called in" bfScore="--" coherenceScore="--">bn:00084419v</annotation>
		<annotation source="MCS" anchor="body" bfScore="--" coherenceScore="--">bn:00011744n</annotation>
		<annotation source="BABELFY" anchor="thankful" bfScore="1.0" coherenceScore="0.23121387283236994">bn:00103751a</annotation>
		<annotation source="MCS" anchor="word" bfScore="--" coherenceScore="--">bn:00081546n</annotation>
		<annotation source="BABELFY" anchor="dwell" bfScore="1.0" coherenceScore="0.005780346820809248">bn:00290062n</annotation>
		<annotation source="MCS" anchor="richly" bfScore="--" coherenceScore="--">bn:00114271r</annotation>
		<annotation source="MCS" anchor="wisdom" bfScore="--" coherenceScore="--">bn:00081406n</annotation>
		<annotation source="BABELFY" anchor="teaching" bfScore="0.8247422680412371" coherenceScore="0.19653179190751446">bn:00089791v</annotation>
		<annotation source="BABELFY" anchor="admonishing" bfScore="0.9857433808553971" coherenceScore="0.12716763005780346">bn:00082375v</annotation>
		<annotation source="BABELFY" anchor="hymns" bfScore="0.7669921141569658" coherenceScore="0.24855491329479767">bn:00004527n</annotation>
		<annotation source="BABELFY" anchor="hymns and spiritual songs" bfScore="0.9" coherenceScore="0.12138728323699421">bn:01023630n</annotation>
		<annotation source="MCS" anchor="spiritual" bfScore="--" coherenceScore="--">bn:00109661a</annotation>
		<annotation source="BABELFY" anchor="songs" bfScore="0.7220550798426291" coherenceScore="0.23121387283236994">bn:00072794n</annotation>
		<annotation source="MCS" anchor="singing" bfScore="--" coherenceScore="--">bn:00093757v</annotation>
		<annotation source="MCS" anchor="grace" bfScore="--" coherenceScore="--">bn:00041221n</annotation>
		<annotation source="MCS" anchor="deed" bfScore="--" coherenceScore="--">bn:00025804n</annotation>
		<annotation source="BABELFY" anchor="Lord Jesus" bfScore="1.0" coherenceScore="0.7398843930635838">bn:00018805n</annotation>
		<annotation source="BABELFY" anchor="Jesus" bfScore="0.8640272134555419" coherenceScore="0.7341040462427746">bn:00018805n</annotation>
		<annotation source="BABELFY" anchor="giving thanks" bfScore="1.0" coherenceScore="0.2774566473988439">bn:00041465n</annotation>
		<annotation source="BABELFY" anchor="thanks" bfScore="0.9025604551920341" coherenceScore="0.27167630057803466">bn:00041465n</annotation>
		<annotation source="MCS" anchor="Father" bfScore="--" coherenceScore="--">bn:00009616n</annotation>
		<annotation source="BABELFY" anchor="Wives" bfScore="1.0" coherenceScore="0.2774566473988439">bn:00053531n</annotation>
		<annotation source="MCS" anchor="submit" bfScore="--" coherenceScore="--">bn:00094523v</annotation>
		<annotation source="MCS" anchor="husbands" bfScore="--" coherenceScore="--">bn:00045106n</annotation>
		<annotation source="MCS" anchor="fit" bfScore="--" coherenceScore="--">bn:00082214v</annotation>
		<annotation source="BABELFY" anchor="fit in" bfScore="1.0" coherenceScore="0.023121387283236993">bn:00082227v</annotation>
		<annotation source="MCS" anchor="Husbands" bfScore="--" coherenceScore="--">bn:00045106n</annotation>
		<annotation source="MCS" anchor="love" bfScore="--" coherenceScore="--">bn:00090504v</annotation>
		<annotation source="BABELFY" anchor="wives" bfScore="1.0" coherenceScore="0.2774566473988439">bn:00053531n</annotation>
		<annotation source="MCS" anchor="bitter" bfScore="--" coherenceScore="--">bn:00096355a</annotation>
		<annotation source="BABELFY" anchor="Children" bfScore="0.7645462319217756" coherenceScore="0.5606936416184971">bn:00018346n</annotation>
		<annotation source="BABELFY" anchor="obey" bfScore="0.9698275862068966" coherenceScore="0.14450867052023122">bn:00082139v</annotation>
		<annotation source="BABELFY" anchor="parents" bfScore="0.9246819338422392" coherenceScore="0.2658959537572254">bn:00060643n</annotation>
		<annotation source="MCS" anchor="Fathers" bfScore="--" coherenceScore="--">bn:00009616n</annotation>
		<annotation source="MCS" anchor="provoke" bfScore="--" coherenceScore="--">bn:00082768v</annotation>
		<annotation source="BABELFY" anchor="discouraged" bfScore="0.8946515397082658" coherenceScore="0.1329479768786127">bn:00082375v</annotation>
		<annotation source="MCS" anchor="Servants" bfScore="--" coherenceScore="--">bn:00067423n</annotation>
		<annotation source="MCS" anchor="masters" bfScore="--" coherenceScore="--">bn:00052664n</annotation>
		<annotation source="BABELFY" anchor="according" bfScore="0.9696969696969697" coherenceScore="0.023121387283236993">bn:00082227v</annotation>
		<annotation source="MCS" anchor="flesh" bfScore="--" coherenceScore="--">bn:00035182n</annotation>
		<annotation source="MCS" anchor="eyeservice" bfScore="--" coherenceScore="--">bn:13682077n</annotation>
		<annotation source="BABELFY" anchor="singleness" bfScore="0.9842562432138979" coherenceScore="0.2138728323699422">bn:00302651n</annotation>
		<annotation source="BABELFY" anchor="singleness of heart" bfScore="1.0" coherenceScore="0.20809248554913296">bn:03844745n</annotation>
		<annotation source="MCS" anchor="heart" bfScore="--" coherenceScore="--">bn:00012289n</annotation>
		<annotation source="MCS" anchor="fearing" bfScore="--" coherenceScore="--">bn:00088065v</annotation>
		<annotation source="BABELFY" anchor="heartily" bfScore="1.0" coherenceScore="0.028901734104046242">bn:00114859r</annotation>
		<annotation source="MCS" anchor="men" bfScore="--" coherenceScore="--">bn:00001533n</annotation>
		<annotation source="MCS" anchor="Knowing" bfScore="--" coherenceScore="--">bn:00085261v</annotation>
		<annotation source="BABELFY" anchor="receive" bfScore="0.7894736842105263" coherenceScore="0.17341040462427745">bn:00092494v</annotation>
		<annotation source="MCS" anchor="reward" bfScore="--" coherenceScore="--">bn:00061123n</annotation>
		<annotation source="MCS" anchor="inheritance" bfScore="--" coherenceScore="--">bn:00043824n</annotation>
		<annotation source="MCS" anchor="serve" bfScore="--" coherenceScore="--">bn:00088630v</annotation>
		<annotation source="BABELFY" anchor="doeth" bfScore="1.0" coherenceScore="0.023121387283236993">bn:03186519n</annotation>
		<annotation source="BABELFY" anchor="wrong" bfScore="1.0" coherenceScore="0.017341040462427744">bn:00115879r</annotation>
		<annotation source="MCS" anchor="wrong" bfScore="--" coherenceScore="--">bn:00104880a</annotation>
		<annotation source="MCS" anchor="respect" bfScore="--" coherenceScore="--">bn:00066865n</annotation>
		<annotation source="BABELFY" anchor="persons" bfScore="0.8509529050570585" coherenceScore="0.7514450867052023">bn:00046516n</annotation>
	</annotations>
</paragraph>
<paragraph id="p.4">
	<text>
		Masters , give unto your servants that which is just and equal ; knowing that ye also have a Master in heaven .
		Continue in prayer , and watch in the same with thanksgiving ;
		Withal praying also for us , that God would open unto us a door of utterance , to speak the mystery of Christ , for which I am also in bonds :
		That I may make it manifest , as I ought to speak .
		Walk in wisdom toward them that are without , redeeming the time .
		Let your speech be alway with grace , seasoned with salt , that ye may know how ye ought to answer every man .
		All my state shall Tychicus declare unto you , who is a beloved brother , and a faithful minister and fellowservant in the Lord :
		Whom I have sent unto you for the same purpose , that he might know your estate , and comfort your hearts ;
		With Onesimus , a faithful and beloved brother , who is one of you . They shall make known unto you all things which are done here .
		Aristarchus my fellowprisoner saluteth you , and Marcus , sister&amp;apos;s son to Barnabas , ( touching whom ye received commandments : if he come unto you , receive him ; )
		And Jesus , which is called Justus , who are of the circumcision . These only are my fellowworkers unto the kingdom of God , which have been a comfort unto me .
		Epaphras , who is one of you , a servant of Christ , saluteth you , always labouring fervently for you in prayers , that ye may stand perfect and complete in all the will of God .
		For I bear him record , that he hath a great zeal for you , and them that are in Laodicea , and them in Hierapolis .
		Luke , the beloved physician , and Demas , greet you .
		Salute the brethren which are in Laodicea , and Nymphas , and the church which is in his house .
		And when this epistle is read among you , cause that it be read also in the church of the Laodiceans ; and that ye likewise read the epistle from Laodicea .
		And say to Archippus , Take heed to the ministry which thou hast received in the Lord , that thou fulfil it .
		The salutation by the hand of me Paul . Remember my bonds . Grace be with you . Amen .
	</text>
	<annotations>
		<annotation source="MCS" anchor="Masters" bfScore="--" coherenceScore="--">bn:00052664n</annotation>
		<annotation source="MCS" anchor="servants" bfScore="--" coherenceScore="--">bn:00067423n</annotation>
		<annotation source="BABELFY" anchor="equal" bfScore="1.0" coherenceScore="0.008620689655172414">bn:00096446a</annotation>
		<annotation source="MCS" anchor="knowing" bfScore="--" coherenceScore="--">bn:00085261v</annotation>
		<annotation source="MCS" anchor="Master" bfScore="--" coherenceScore="--">bn:00052664n</annotation>
		<annotation source="MCS" anchor="heaven" bfScore="--" coherenceScore="--">bn:00029734n</annotation>
		<annotation source="BABELFY" anchor="Continue" bfScore="0.7407407407407407" coherenceScore="0.034482758620689655">bn:00084594v</annotation>
		<annotation source="BABELFY" anchor="prayer" bfScore="0.8081199460916442" coherenceScore="0.33620689655172414">bn:00059529n</annotation>
		<annotation source="MCS" anchor="watch" bfScore="--" coherenceScore="--">bn:00095665v</annotation>
		<annotation source="MCS" anchor="thanksgiving" bfScore="--" coherenceScore="--">bn:00076770n</annotation>
		<annotation source="BABELFY" anchor="praying" bfScore="0.987460815047022" coherenceScore="0.15517241379310345">bn:00091921v</annotation>
		<annotation source="BABELFY" anchor="God" bfScore="0.7148586520590825" coherenceScore="0.7241379310344828">bn:00040878n</annotation>
		<annotation source="BABELFY" anchor="open" bfScore="0.7894736842105263" coherenceScore="0.04310344827586207">bn:00091168v</annotation>
		<annotation source="BABELFY" anchor="door" bfScore="0.8444444444444444" coherenceScore="0.1206896551724138">bn:00028247n</annotation>
		<annotation source="BABELFY" anchor="utterance" bfScore="1.0" coherenceScore="0.16379310344827586">bn:00079416n</annotation>
		<annotation source="BABELFY" anchor="speak" bfScore="0.7385398981324278" coherenceScore="0.12931034482758622">bn:00090943v</annotation>
		<annotation source="MCS" anchor="mystery" bfScore="--" coherenceScore="--">bn:00019934n</annotation>
		<annotation source="BABELFY" anchor="Christ" bfScore="0.9959234095120445" coherenceScore="0.75">bn:00018805n</annotation>
		<annotation source="MCS" anchor="bonds" bfScore="--" coherenceScore="--">bn:00011973n</annotation>
		<annotation source="BABELFY" anchor="manifest" bfScore="1.0" coherenceScore="0.02586206896551724">bn:00097350a</annotation>
		<annotation source="MCS" anchor="Walk" bfScore="--" coherenceScore="--">bn:00095597v</annotation>
		<annotation source="BABELFY" anchor="Walk in" bfScore="1.0" coherenceScore="0.008620689655172414">bn:00095609v</annotation>
		<annotation source="MCS" anchor="wisdom" bfScore="--" coherenceScore="--">bn:00081406n</annotation>
		<annotation source="BABELFY" anchor="redeeming" bfScore="0.9672727272727273" coherenceScore="0.1206896551724138">bn:00086537v</annotation>
		<annotation source="BABELFY" anchor="time" bfScore="0.83947532792005" coherenceScore="0.2413793103448276">bn:00077270n</annotation>
		<annotation source="BABELFY" anchor="speech" bfScore="0.774986638161411" coherenceScore="0.25">bn:00049911n</annotation>
		<annotation source="MCS" anchor="grace" bfScore="--" coherenceScore="--">bn:00041221n</annotation>
		<annotation source="BABELFY" anchor="seasoned" bfScore="0.75" coherenceScore="0.017241379310344827">bn:00088287v</annotation>
		<annotation source="MCS" anchor="salt" bfScore="--" coherenceScore="--">bn:00068991n</annotation>
		<annotation source="MCS" anchor="answer" bfScore="--" coherenceScore="--">bn:00082646v</annotation>
		<annotation source="BABELFY" anchor="man" bfScore="0.7540946314831665" coherenceScore="0.7844827586206896">bn:00044576n</annotation>
		<annotation source="BABELFY" anchor="Tychicus" bfScore="0.984375" coherenceScore="0.1206896551724138">bn:03098140n</annotation>
		<annotation source="MCS" anchor="declare" bfScore="--" coherenceScore="--">bn:00086380v</annotation>
		<annotation source="BABELFY" anchor="beloved" bfScore="1.0" coherenceScore="0.008620689655172414">bn:00098224a</annotation>
		<annotation source="BABELFY" anchor="brother" bfScore="0.742745353765895" coherenceScore="0.29310344827586204">bn:00055630n</annotation>
		<annotation source="MCS" anchor="faithful" bfScore="--" coherenceScore="--">bn:00102728a</annotation>
		<annotation source="MCS" anchor="minister" bfScore="--" coherenceScore="--">bn:00024459n</annotation>
		<annotation source="BABELFY" anchor="Lord" bfScore="0.8184049079754602" coherenceScore="0.39655172413793105">bn:00019003n</annotation>
		<annotation source="BABELFY" anchor="sent" bfScore="0.9846153846153847" coherenceScore="0.06896551724137931">bn:00084807v</annotation>
		<annotation source="BABELFY" anchor="purpose" bfScore="0.8666666666666667" coherenceScore="0.09482758620689655">bn:00002178n</annotation>
		<annotation source="MCS" anchor="estate" bfScore="--" coherenceScore="--">bn:00031647n</annotation>
		<annotation source="MCS" anchor="comfort" bfScore="--" coherenceScore="--">bn:00085398v</annotation>
		<annotation source="MCS" anchor="hearts" bfScore="--" coherenceScore="--">bn:00012289n</annotation>
		<annotation source="BABELFY" anchor="Onesimus" bfScore="0.8093385214007782" coherenceScore="0.11206896551724138">bn:03557017n</annotation>
		<annotation source="MCS" anchor="faithful" bfScore="--" coherenceScore="--">bn:00032773n</annotation>
		<annotation source="MCS" anchor="known" bfScore="--" coherenceScore="--">bn:00085261v</annotation>
		<annotation source="BABELFY" anchor="things" bfScore="0.9855072463768116" coherenceScore="0.15517241379310345">bn:00006125n</annotation>
		<annotation source="MCS" anchor="sister" bfScore="--" coherenceScore="--">bn:00071838n</annotation>
		<annotation source="BABELFY" anchor="son" bfScore="0.949898442789438" coherenceScore="0.19827586206896552">bn:00051877n</annotation>
		<annotation source="BABELFY" anchor="Barnabas" bfScore="0.95" coherenceScore="0.16379310344827586">bn:03225097n</annotation>
		<annotation source="MCS" anchor="touching" bfScore="--" coherenceScore="--">bn:00095040v</annotation>
		<annotation source="MCS" anchor="received" bfScore="--" coherenceScore="--">bn:00089246v</annotation>
		<annotation source="MCS" anchor="commandments" bfScore="--" coherenceScore="--">bn:00020960n</annotation>
		<annotation source="MCS" anchor="receive" bfScore="--" coherenceScore="--">bn:00089246v</annotation>
		<annotation source="BABELFY" anchor="Jesus" bfScore="0.9331851158436696" coherenceScore="0.75">bn:00018805n</annotation>
		<annotation source="MCS" anchor="called" bfScore="--" coherenceScore="--">bn:00084385v</annotation>
		<annotation source="BABELFY" anchor="Justus" bfScore="0.7880794701986755" coherenceScore="0.14655172413793102">bn:03445432n</annotation>
		<annotation source="MCS" anchor="circumcision" bfScore="--" coherenceScore="--">bn:00019203n</annotation>
		<annotation source="BABELFY" anchor="kingdom" bfScore="0.9164086687306502" coherenceScore="0.20689655172413793">bn:00055624n</annotation>
		<annotation source="MCS" anchor="kingdom of God" bfScore="--" coherenceScore="--">bn:00049176n</annotation>
		<annotation source="MCS" anchor="comfort" bfScore="--" coherenceScore="--">bn:00020912n</annotation>
		<annotation source="BABELFY" anchor="Epaphras" bfScore="1.0" coherenceScore="0.16379310344827586">bn:00724166n</annotation>
		<annotation source="BABELFY" anchor="servant" bfScore="0.9216300940438872" coherenceScore="0.1206896551724138">bn:00067423n</annotation>
		<annotation source="BABELFY" anchor="labouring" bfScore="0.8" coherenceScore="0.06896551724137931">bn:00090155v</annotation>
		<annotation source="BABELFY" anchor="fervently" bfScore="1.0" coherenceScore="0.017241379310344827">bn:00115360r</annotation>
		<annotation source="BABELFY" anchor="prayers" bfScore="0.8081199460916442" coherenceScore="0.33620689655172414">bn:00059529n</annotation>
		<annotation source="MCS" anchor="stand" bfScore="--" coherenceScore="--">bn:00094275v</annotation>
		<annotation source="BABELFY" anchor="perfect" bfScore="0.8275862068965517" coherenceScore="0.034482758620689655">bn:00108442a</annotation>
		<annotation source="MCS" anchor="complete" bfScore="--" coherenceScore="--">bn:00100144a</annotation>
		<annotation source="MCS" anchor="bear" bfScore="--" coherenceScore="--">bn:00083221v</annotation>
		<annotation source="MCS" anchor="record" bfScore="--" coherenceScore="--">bn:00066574n</annotation>
		<annotation source="MCS" anchor="great" bfScore="--" coherenceScore="--">bn:00103779a</annotation>
		<annotation source="MCS" anchor="zeal" bfScore="--" coherenceScore="--">bn:00005509n</annotation>
		<annotation source="BABELFY" anchor="Laodicea" bfScore="1.0" coherenceScore="0.017241379310344827">bn:16134756n</annotation>
		<annotation source="BABELFY" anchor="Hierapolis" bfScore="1.0" coherenceScore="0.14655172413793102">bn:03204330n</annotation>
		<annotation source="BABELFY" anchor="Luke" bfScore="0.7419354838709677" coherenceScore="0.39655172413793105">bn:00041150n</annotation>
		<annotation source="BABELFY" anchor="beloved physician" bfScore="1.0" coherenceScore="0.06896551724137931">bn:03840661n</annotation>
		<annotation source="BABELFY" anchor="physician" bfScore="0.9960474308300395" coherenceScore="0.1206896551724138">bn:00027976n</annotation>
		<annotation source="BABELFY" anchor="Demas" bfScore="1.0" coherenceScore="0.12931034482758622">bn:02769353n</annotation>
		<annotation source="MCS" anchor="greet" bfScore="--" coherenceScore="--">bn:00089039v</annotation>
		<annotation source="MCS" anchor="Salute" bfScore="--" coherenceScore="--">bn:00087322v</annotation>
		<annotation source="MCS" anchor="brethren" bfScore="--" coherenceScore="--">bn:00013012n</annotation>
		<annotation source="BABELFY" anchor="Nymphas" bfScore="1.0" coherenceScore="0.14655172413793102">bn:03746908n</annotation>
		<annotation source="BABELFY" anchor="church" bfScore="0.7352846574461241" coherenceScore="0.46551724137931033">bn:00018995n</annotation>
		<annotation source="MCS" anchor="house" bfScore="--" coherenceScore="--">bn:00044994n</annotation>
		<annotation source="BABELFY" anchor="epistle" bfScore="0.8021712907117008" coherenceScore="0.16379310344827586">bn:00031239n</annotation>
		<annotation source="MCS" anchor="read" bfScore="--" coherenceScore="--">bn:00092424v</annotation>
		<annotation source="BABELFY" anchor="Laodiceans" bfScore="1.0" coherenceScore="0.13793103448275862">bn:00151925n</annotation>
		<annotation source="BABELFY" anchor="likewise" bfScore="1.0" coherenceScore="0.04310344827586207">bn:00114246r</annotation>
		<annotation source="BABELFY" anchor="Archippus" bfScore="0.9166666666666666" coherenceScore="0.15517241379310345">bn:03453748n</annotation>
		<annotation source="BABELFY" anchor="Take heed" bfScore="1.0" coherenceScore="0.034482758620689655">bn:00089280v</annotation>
		<annotation source="BABELFY" anchor="heed" bfScore="0.8571428571428571" coherenceScore="0.02586206896551724">bn:00089280v</annotation>
		<annotation source="MCS" anchor="ministry" bfScore="--" coherenceScore="--">bn:00055178n</annotation>
		<annotation source="BABELFY" anchor="fulfil" bfScore="0.7058823529411765" coherenceScore="0.06896551724137931">bn:00082225v</annotation>
		<annotation source="BABELFY" anchor="salutation" bfScore="0.7924528301886793" coherenceScore="0.1810344827586207">bn:00041739n</annotation>
		<annotation source="MCS" anchor="hand" bfScore="--" coherenceScore="--">bn:00042759n</annotation>
		<annotation source="BABELFY" anchor="Paul" bfScore="0.9837067209775967" coherenceScore="0.46551724137931033">bn:00004984n</annotation>
		<annotation source="MCS" anchor="Remember" bfScore="--" coherenceScore="--">bn:00084413v</annotation>
		<annotation source="MCS" anchor="Grace" bfScore="--" coherenceScore="--">bn:00041221n</annotation>
		<annotation source="BABELFY" anchor="Amen" bfScore="0.9620253164556962" coherenceScore="0.15517241379310345">bn:00003325n</annotation>
	</annotations>
</paragraph>
</dataset>
