<?xml version="1.0" encoding="utf-8"?>
<dataset language="EN" title="GAL">
<paragraph id="p.1">
	<text>
		Paul , an apostle , ( not of men , neither by man , but by Jesus Christ , and God the Father , who raised him from the dead ; )
		And all the brethren which are with me , unto the churches of Galatia :
		Grace be to you and peace from God the Father , and from our Lord Jesus Christ ,
		Who gave himself for our sins , that he might deliver us from this present evil world , according to the will of God and our Father :
		To whom be glory for ever and ever . Amen .
		I marvel that ye are so soon removed from him that called you into the grace of Christ unto another gospel :
		Which is not another ; but there be some that trouble you , and would pervert the gospel of Christ .
		But though we , or an angel from heaven , preach any other gospel unto you than that which we have preached unto you , let him be accursed .
		As we said before , so say I now again , If any man preach any other gospel unto you than that ye have received , let him be accursed .
		For do I now persuade men , or God ? or do I seek to please men ? for if I yet pleased men , I should not be the servant of Christ .
		But I certify you , brethren , that the gospel which was preached of me is not after man .
		For I neither received it of man , neither was I taught it , but by the revelation of Jesus Christ .
		For ye have heard of my conversation in time past in the Jews &amp;apos; religion , how that beyond measure I persecuted the church of God , and wasted it :
		And profited in the Jews &amp;apos; religion above many my equals in mine own nation , being more exceedingly zealous of the traditions of my fathers .
		But when it pleased God , who separated me from my mother&amp;apos;s womb , and called me by his grace ,
		To reveal his Son in me , that I might preach him among the heathen ; immediately I conferred not with flesh and blood :
		Neither went I up to Jerusalem to them which were apostles before me ; but I went into Arabia , and returned again unto Damascus .
		Then after three years I went up to Jerusalem to see Peter , and abode with him fifteen days .
		But other of the apostles saw I none , save James the Lord&amp;apos;s brother .
		Now the things which I write unto you , behold , before God , I lie not .
		Afterwards I came into the regions of Syria and Cilicia ;
		And was unknown by face unto the churches of Judaea which were in Christ :
		But they had heard only , That he which persecuted us in times past now preacheth the faith which once he destroyed .
		And they glorified God in me .
	</text>
	<annotations>
		<annotation source="BABELFY" anchor="Paul" bfScore="0.8870456208831422" coherenceScore="0.6778523489932886">bn:00004984n</annotation>
		<annotation source="MCS" anchor="apostle" bfScore="--" coherenceScore="--">bn:00004981n</annotation>
		<annotation source="MCS" anchor="men" bfScore="--" coherenceScore="--">bn:00001533n</annotation>
		<annotation source="MCS" anchor="man" bfScore="--" coherenceScore="--">bn:00001533n</annotation>
		<annotation source="BABELFY" anchor="Jesus" bfScore="0.7108995937318631" coherenceScore="0.8187919463087249">bn:00018805n</annotation>
		<annotation source="BABELFY" anchor="Jesus Christ" bfScore="0.9156164546427298" coherenceScore="0.8187919463087249">bn:00018805n</annotation>
		<annotation source="BABELFY" anchor="Christ" bfScore="0.958697787548529" coherenceScore="0.8187919463087249">bn:00018805n</annotation>
		<annotation source="BABELFY" anchor="God the Father" bfScore="1.0" coherenceScore="0.5033557046979866">bn:03137478n</annotation>
		<annotation source="MCS" anchor="Father" bfScore="--" coherenceScore="--">bn:00009616n</annotation>
		<annotation source="MCS" anchor="raised" bfScore="--" coherenceScore="--">bn:00092332v</annotation>
		<annotation source="MCS" anchor="dead" bfScore="--" coherenceScore="--">bn:00100948a</annotation>
		<annotation source="MCS" anchor="brethren" bfScore="--" coherenceScore="--">bn:00013012n</annotation>
		<annotation source="MCS" anchor="churches" bfScore="--" coherenceScore="--">bn:00018819n</annotation>
		<annotation source="BABELFY" anchor="Galatia" bfScore="0.7171860245514636" coherenceScore="0.3288590604026846">bn:00037053n</annotation>
		<annotation source="MCS" anchor="Grace" bfScore="--" coherenceScore="--">bn:00041221n</annotation>
		<annotation source="MCS" anchor="peace" bfScore="--" coherenceScore="--">bn:00061149n</annotation>
		<annotation source="BABELFY" anchor="Lord Jesus" bfScore="1.0" coherenceScore="0.825503355704698">bn:00018805n</annotation>
		<annotation source="BABELFY" anchor="Lord Jesus Christ" bfScore="1.0" coherenceScore="0.825503355704698">bn:00018805n</annotation>
		<annotation source="BABELFY" anchor="sins" bfScore="0.780012551926123" coherenceScore="0.5838926174496645">bn:00071707n</annotation>
		<annotation source="MCS" anchor="deliver" bfScore="--" coherenceScore="--">bn:00086530v</annotation>
		<annotation source="BABELFY" anchor="present" bfScore="0.9990262901655307" coherenceScore="0.18120805369127516">bn:00108977a</annotation>
		<annotation source="BABELFY" anchor="evil" bfScore="0.8936170212765957" coherenceScore="0.28187919463087246">bn:00102475a</annotation>
		<annotation source="MCS" anchor="world" bfScore="--" coherenceScore="--">bn:00022991n</annotation>
		<annotation source="MCS" anchor="according" bfScore="--" coherenceScore="--">bn:00082227v</annotation>
		<annotation source="BABELFY" anchor="glory" bfScore="0.8719175561280824" coherenceScore="0.46308724832214765">bn:00007184n</annotation>
		<annotation source="BABELFY" anchor="Amen" bfScore="0.8943902152181583" coherenceScore="0.436241610738255">bn:00003325n</annotation>
		<annotation source="MCS" anchor="marvel" bfScore="--" coherenceScore="--">bn:00090682v</annotation>
		<annotation source="BABELFY" anchor="removed" bfScore="0.9170305676855895" coherenceScore="0.09395973154362416">bn:00084236v</annotation>
		<annotation source="MCS" anchor="called" bfScore="--" coherenceScore="--">bn:00084385v</annotation>
		<annotation source="MCS" anchor="grace" bfScore="--" coherenceScore="--">bn:00041221n</annotation>
		<annotation source="MCS" anchor="gospel" bfScore="--" coherenceScore="--">bn:00031976n</annotation>
		<annotation source="BABELFY" anchor="trouble" bfScore="0.8363201911589009" coherenceScore="0.28187919463087246">bn:00078425n</annotation>
		<annotation source="MCS" anchor="pervert" bfScore="--" coherenceScore="--">bn:00085844v</annotation>
		<annotation source="BABELFY" anchor="angel" bfScore="0.7566358181633276" coherenceScore="0.6241610738255033">bn:00004063n</annotation>
		<annotation source="MCS" anchor="heaven" bfScore="--" coherenceScore="--">bn:00029734n</annotation>
		<annotation source="BABELFY" anchor="preach" bfScore="1.0" coherenceScore="0.3288590604026846">bn:00091922v</annotation>
		<annotation source="BABELFY" anchor="preached" bfScore="1.0" coherenceScore="0.3288590604026846">bn:00091922v</annotation>
		<annotation source="BABELFY" anchor="accursed" bfScore="1.0" coherenceScore="0.06711409395973154">bn:00096294a</annotation>
		<annotation source="BABELFY" anchor="received" bfScore="0.8045384218669417" coherenceScore="0.348993288590604">bn:00092494v</annotation>
		<annotation source="BABELFY" anchor="persuade" bfScore="1.0" coherenceScore="0.21476510067114093">bn:00091565v</annotation>
		<annotation source="BABELFY" anchor="seek" bfScore="0.7352941176470589" coherenceScore="0.03355704697986577">bn:00082844v</annotation>
		<annotation source="BABELFY" anchor="pleased" bfScore="0.993103448275862" coherenceScore="0.08053691275167785">bn:00108684a</annotation>
		<annotation source="BABELFY" anchor="servant" bfScore="0.7921810699588477" coherenceScore="0.2348993288590604">bn:00067423n</annotation>
		<annotation source="BABELFY" anchor="certify" bfScore="0.7272727272727273" coherenceScore="0.026845637583892617">bn:00084738v</annotation>
		<annotation source="BABELFY" anchor="taught" bfScore="0.7839934667211107" coherenceScore="0.2684563758389262">bn:00089791v</annotation>
		<annotation source="MCS" anchor="revelation" bfScore="--" coherenceScore="--">bn:00027489n</annotation>
		<annotation source="BABELFY" anchor="heard" bfScore="0.8370565045992115" coherenceScore="0.26174496644295303">bn:00089279v</annotation>
		<annotation source="MCS" anchor="heard of" bfScore="--" coherenceScore="--">bn:13712849v</annotation>
		<annotation source="MCS" anchor="conversation" bfScore="--" coherenceScore="--">bn:00022349n</annotation>
		<annotation source="BABELFY" anchor="time" bfScore="0.7037037037037037" coherenceScore="0.42953020134228187">bn:00077270n</annotation>
		<annotation source="MCS" anchor="past" bfScore="--" coherenceScore="--">bn:00060927n</annotation>
		<annotation source="BABELFY" anchor="Jews" bfScore="1.0" coherenceScore="0.738255033557047">bn:00043492n</annotation>
		<annotation source="BABELFY" anchor="religion" bfScore="0.9213609045533259" coherenceScore="0.8993288590604027">bn:00032768n</annotation>
		<annotation source="MCS" anchor="measure" bfScore="--" coherenceScore="--">bn:00054018n</annotation>
		<annotation source="BABELFY" anchor="persecuted" bfScore="1.0" coherenceScore="0.1342281879194631">bn:00091182v</annotation>
		<annotation source="MCS" anchor="church" bfScore="--" coherenceScore="--">bn:00018819n</annotation>
		<annotation source="BABELFY" anchor="wasted" bfScore="0.7917871602082128" coherenceScore="0.2483221476510067">bn:00087118v</annotation>
		<annotation source="MCS" anchor="profited" bfScore="--" coherenceScore="--">bn:00083413v</annotation>
		<annotation source="MCS" anchor="equals" bfScore="--" coherenceScore="--">bn:00021326n</annotation>
		<annotation source="BABELFY" anchor="nation" bfScore="0.8508234135863242" coherenceScore="0.785234899328859">bn:00023236n</annotation>
		<annotation source="BABELFY" anchor="exceedingly" bfScore="1.0" coherenceScore="0.006711409395973154">bn:00115271r</annotation>
		<annotation source="BABELFY" anchor="zealous" bfScore="1.0" coherenceScore="0.28859060402684567">bn:00097865a</annotation>
		<annotation source="MCS" anchor="traditions" bfScore="--" coherenceScore="--">bn:00077883n</annotation>
		<annotation source="MCS" anchor="fathers" bfScore="--" coherenceScore="--">bn:00009616n</annotation>
		<annotation source="BABELFY" anchor="separated" bfScore="0.7820773930753564" coherenceScore="0.10738255033557047">bn:00086940v</annotation>
		<annotation source="MCS" anchor="mother" bfScore="--" coherenceScore="--">bn:00034027n</annotation>
		<annotation source="BABELFY" anchor="womb" bfScore="0.8860759493670886" coherenceScore="0.10067114093959731">bn:00079392n</annotation>
		<annotation source="BABELFY" anchor="reveal" bfScore="0.9886826618379357" coherenceScore="0.37583892617449666">bn:00092981v</annotation>
		<annotation source="BABELFY" anchor="Son" bfScore="0.854017375864037" coherenceScore="0.44966442953020136">bn:00051877n</annotation>
		<annotation source="BABELFY" anchor="heathen" bfScore="1.0" coherenceScore="0.28859060402684567">bn:00102421a</annotation>
		<annotation source="BABELFY" anchor="immediately" bfScore="0.9192200557103064" coherenceScore="0.1476510067114094">bn:00114424r</annotation>
		<annotation source="BABELFY" anchor="conferred" bfScore="1.0" coherenceScore="0.006711409395973154">bn:00083445v</annotation>
		<annotation source="MCS" anchor="flesh" bfScore="--" coherenceScore="--">bn:00035182n</annotation>
		<annotation source="MCS" anchor="blood" bfScore="--" coherenceScore="--">bn:00011346n</annotation>
		<annotation source="BABELFY" anchor="Jerusalem" bfScore="0.8364754911688828" coherenceScore="0.6040268456375839">bn:00015555n</annotation>
		<annotation source="MCS" anchor="apostles" bfScore="--" coherenceScore="--">bn:00004981n</annotation>
		<annotation source="BABELFY" anchor="returned" bfScore="0.9815705128205128" coherenceScore="0.2348993288590604">bn:00092973v</annotation>
		<annotation source="BABELFY" anchor="Damascus" bfScore="0.9965675057208238" coherenceScore="0.436241610738255">bn:00015626n</annotation>
		<annotation source="BABELFY" anchor="Peter" bfScore="0.7100338620566744" coherenceScore="0.5570469798657718">bn:00061802n</annotation>
		<annotation source="BABELFY" anchor="abode" bfScore="0.9917440660474717" coherenceScore="0.2080536912751678">bn:00082138v</annotation>
		<annotation source="MCS" anchor="days" bfScore="--" coherenceScore="--">bn:00000086n</annotation>
		<annotation source="BABELFY" anchor="save" bfScore="0.7067307692307693" coherenceScore="0.3288590604026846">bn:00086537v</annotation>
		<annotation source="MCS" anchor="brother" bfScore="--" coherenceScore="--">bn:00011357n</annotation>
		<annotation source="BABELFY" anchor="things" bfScore="0.8834645669291339" coherenceScore="0.1476510067114094">bn:00006125n</annotation>
		<annotation source="MCS" anchor="write" bfScore="--" coherenceScore="--">bn:00085489v</annotation>
		<annotation source="MCS" anchor="behold" bfScore="--" coherenceScore="--">bn:00083356v</annotation>
		<annotation source="BABELFY" anchor="lie" bfScore="0.9825625473843821" coherenceScore="0.24161073825503357">bn:00090324v</annotation>
		<annotation source="BABELFY" anchor="regions" bfScore="0.7475165562913907" coherenceScore="0.14093959731543623">bn:00066884n</annotation>
		<annotation source="BABELFY" anchor="Syria" bfScore="0.7974340984263807" coherenceScore="0.5234899328859061">bn:00075752n</annotation>
		<annotation source="BABELFY" anchor="unknown" bfScore="0.7111111111111111" coherenceScore="0.053691275167785234">bn:00107108a</annotation>
		<annotation source="MCS" anchor="face" bfScore="--" coherenceScore="--">bn:00032600n</annotation>
		<annotation source="BABELFY" anchor="Judaea" bfScore="1.0" coherenceScore="0.40939597315436244">bn:00048478n</annotation>
		<annotation source="MCS" anchor="times" bfScore="--" coherenceScore="--">bn:00019848n</annotation>
		<annotation source="BABELFY" anchor="faith" bfScore="0.8460509329890857" coherenceScore="0.8993288590604027">bn:00032768n</annotation>
		<annotation source="BABELFY" anchor="destroyed" bfScore="1.0" coherenceScore="0.026845637583892617">bn:00086700v</annotation>
		<annotation source="BABELFY" anchor="glorified" bfScore="0.9126760563380282" coherenceScore="0.24161073825503357">bn:00088896v</annotation>
		<annotation source="BABELFY" anchor="God in me" bfScore="1.0" coherenceScore="0.03355704697986577">bn:01529225n</annotation>
	</annotations>
</paragraph>
<paragraph id="p.2">
	<text>
		Then fourteen years after I went up again to Jerusalem with Barnabas , and took Titus with me also .
		And I went up by revelation , and communicated unto them that gospel which I preach among the Gentiles , but privately to them which were of reputation , lest by any means I should run , or had run , in vain .
		But neither Titus , who was with me , being a Greek , was compelled to be circumcised :
		And that because of false brethren unawares brought in , who came in privily to spy out our liberty which we have in Christ Jesus , that they might bring us into bondage :
		To whom we gave place by subjection , no , not for an hour ; that the truth of the gospel might continue with you .
		But of these who seemed to be somewhat , ( whatsoever they were , it maketh no matter to me : God accepteth no man&amp;apos;s person : ) for they who seemed to be somewhat in conference added nothing to me :
		But contrariwise , when they saw that the gospel of the uncircumcision was committed unto me , as the gospel of the circumcision was unto Peter ;
		( For he that wrought effectually in Peter to the apostleship of the circumcision , the same was mighty in me toward the Gentiles : )
		And when James , Cephas , and John , who seemed to be pillars , perceived the grace that was given unto me , they gave to me and Barnabas the right hands of fellowship ; that we should go unto the heathen , and they unto the circumcision .
		Only they would that we should remember the poor ; the same which I also was forward to do .
		But when Peter was come to Antioch , I withstood him to the face , because he was to be blamed .
		For before that certain came from James , he did eat with the Gentiles : but when they were come , he withdrew and separated himself , fearing them which were of the circumcision .
		And the other Jews dissembled likewise with him ; insomuch that Barnabas also was carried away with their dissimulation .
		But when I saw that they walked not uprightly according to the truth of the gospel , I said unto Peter before them all , If thou , being a Jew , livest after the manner of Gentiles , and not as do the Jews , why compellest thou the Gentiles to live as do the Jews ?
		We who are Jews by nature , and not sinners of the Gentiles ,
		Knowing that a man is not justified by the works of the law , but by the faith of Jesus Christ , even we have believed in Jesus Christ , that we might be justified by the faith of Christ , and not by the works of the law : for by the works of the law shall no flesh be justified .
		But if , while we seek to be justified by Christ , we ourselves also are found sinners , is therefore Christ the minister of sin ? God forbid .
		For if I build again the things which I destroyed , I make myself a transgressor .
		For I through the law am dead to the law , that I might live unto God .
		I am crucified with Christ : nevertheless I live ; yet not I , but Christ liveth in me : and the life which I now live in the flesh I live by the faith of the Son of God , who loved me , and gave himself for me .
		I do not frustrate the grace of God : for if righteousness come by the law , then Christ is dead in vain .
	</text>
	<annotations>
		<annotation source="BABELFY" anchor="fourteen" bfScore="0.995575221238938" coherenceScore="0.0847457627118644">bn:00000024n</annotation>
		<annotation source="BABELFY" anchor="Jerusalem" bfScore="0.8648163316741226" coherenceScore="0.5480225988700564">bn:00015555n</annotation>
		<annotation source="BABELFY" anchor="Barnabas" bfScore="0.8911044930726402" coherenceScore="0.3502824858757062">bn:03225097n</annotation>
		<annotation source="MCS" anchor="revelation" bfScore="--" coherenceScore="--">bn:00027489n</annotation>
		<annotation source="MCS" anchor="communicated" bfScore="--" coherenceScore="--">bn:00085435v</annotation>
		<annotation source="MCS" anchor="gospel" bfScore="--" coherenceScore="--">bn:00031976n</annotation>
		<annotation source="BABELFY" anchor="preach" bfScore="0.9965792474344356" coherenceScore="0.2598870056497175">bn:00091922v</annotation>
		<annotation source="MCS" anchor="Gentiles" bfScore="--" coherenceScore="--">bn:00037763n</annotation>
		<annotation source="BABELFY" anchor="privately" bfScore="0.9868613138686131" coherenceScore="0.14689265536723164">bn:00116702r</annotation>
		<annotation source="BABELFY" anchor="reputation" bfScore="0.7368852459016394" coherenceScore="0.1638418079096045">bn:00067184n</annotation>
		<annotation source="MCS" anchor="means" bfScore="--" coherenceScore="--">bn:00054001n</annotation>
		<annotation source="BABELFY" anchor="vain" bfScore="0.9886506935687264" coherenceScore="0.15819209039548024">bn:00100184a</annotation>
		<annotation source="BABELFY" anchor="Greek" bfScore="1.0" coherenceScore="0.14689265536723164">bn:00103785a</annotation>
		<annotation source="BABELFY" anchor="compelled" bfScore="1.0" coherenceScore="0.1977401129943503">bn:00085459v</annotation>
		<annotation source="BABELFY" anchor="circumcised" bfScore="0.967663702506063" coherenceScore="0.23728813559322035">bn:00084994v</annotation>
		<annotation source="MCS" anchor="false" bfScore="--" coherenceScore="--">bn:00102746a</annotation>
		<annotation source="MCS" anchor="brethren" bfScore="--" coherenceScore="--">bn:00013012n</annotation>
		<annotation source="BABELFY" anchor="unawares" bfScore="0.8888888888888888" coherenceScore="0.022598870056497175">bn:00117379r</annotation>
		<annotation source="MCS" anchor="brought" bfScore="--" coherenceScore="--">bn:00084058v</annotation>
		<annotation source="BABELFY" anchor="privily" bfScore="1.0" coherenceScore="0.022598870056497175">bn:00116703r</annotation>
		<annotation source="MCS" anchor="spy" bfScore="--" coherenceScore="--">bn:00086664v</annotation>
		<annotation source="MCS" anchor="liberty" bfScore="--" coherenceScore="--">bn:00007389n</annotation>
		<annotation source="BABELFY" anchor="Christ" bfScore="0.9696103070745588" coherenceScore="0.7740112994350282">bn:00018805n</annotation>
		<annotation source="BABELFY" anchor="Christ Jesus" bfScore="1.0" coherenceScore="0.7796610169491526">bn:00018805n</annotation>
		<annotation source="BABELFY" anchor="Jesus" bfScore="0.747602079691632" coherenceScore="0.7740112994350282">bn:00018805n</annotation>
		<annotation source="MCS" anchor="bring" bfScore="--" coherenceScore="--">bn:00084058v</annotation>
		<annotation source="BABELFY" anchor="bondage" bfScore="0.982713710632252" coherenceScore="0.4689265536723164">bn:00011984n</annotation>
		<annotation source="MCS" anchor="gave place" bfScore="--" coherenceScore="--">bn:13641724v</annotation>
		<annotation source="MCS" anchor="place" bfScore="--" coherenceScore="--">bn:00062699n</annotation>
		<annotation source="BABELFY" anchor="subjection" bfScore="0.9995695221696083" coherenceScore="0.24293785310734464">bn:00074903n</annotation>
		<annotation source="BABELFY" anchor="hour" bfScore="0.7034883720930233" coherenceScore="0.12429378531073447">bn:00044982n</annotation>
		<annotation source="BABELFY" anchor="truth" bfScore="0.7267638555699083" coherenceScore="0.480225988700565">bn:00072816n</annotation>
		<annotation source="MCS" anchor="continue" bfScore="--" coherenceScore="--">bn:00085714v</annotation>
		<annotation source="MCS" anchor="seemed" bfScore="--" coherenceScore="--">bn:00082690v</annotation>
		<annotation source="MCS" anchor="somewhat" bfScore="--" coherenceScore="--">bn:00116286r</annotation>
		<annotation source="BABELFY" anchor="matter" bfScore="0.7483424618045547" coherenceScore="0.24858757062146894">bn:03558850n</annotation>
		<annotation source="BABELFY" anchor="man" bfScore="0.7188820213956584" coherenceScore="0.864406779661017">bn:00044576n</annotation>
		<annotation source="BABELFY" anchor="person" bfScore="0.8225419664268585" coherenceScore="0.7344632768361582">bn:00046516n</annotation>
		<annotation source="BABELFY" anchor="conference" bfScore="0.8181818181818182" coherenceScore="0.2033898305084746">bn:00447815n</annotation>
		<annotation source="BABELFY" anchor="added" bfScore="0.8888888888888888" coherenceScore="0.022598870056497175">bn:00082317v</annotation>
		<annotation source="BABELFY" anchor="contrariwise" bfScore="1.0" coherenceScore="0.01694915254237288">bn:00114841r</annotation>
		<annotation source="BABELFY" anchor="uncircumcision" bfScore="1.0" coherenceScore="0.1977401129943503">bn:03523388n</annotation>
		<annotation source="MCS" anchor="committed" bfScore="--" coherenceScore="--">bn:00085426v</annotation>
		<annotation source="MCS" anchor="circumcision" bfScore="--" coherenceScore="--">bn:00019203n</annotation>
		<annotation source="BABELFY" anchor="Peter" bfScore="0.78217966522915" coherenceScore="0.4915254237288136">bn:00061802n</annotation>
		<annotation source="BABELFY" anchor="effectually" bfScore="1.0" coherenceScore="0.011299435028248588">bn:00115179r</annotation>
		<annotation source="MCS" anchor="apostleship" bfScore="--" coherenceScore="--">bn:00004985n</annotation>
		<annotation source="BABELFY" anchor="mighty" bfScore="1.0" coherenceScore="0.011299435028248588">bn:00106713a</annotation>
		<annotation source="BABELFY" anchor="Cephas" bfScore="1.0" coherenceScore="0.4971751412429379">bn:00061802n</annotation>
		<annotation source="MCS" anchor="John" bfScore="--" coherenceScore="--">bn:00009020n</annotation>
		<annotation source="MCS" anchor="pillars" bfScore="--" coherenceScore="--">bn:00062404n</annotation>
		<annotation source="MCS" anchor="perceived" bfScore="--" coherenceScore="--">bn:00085496v</annotation>
		<annotation source="MCS" anchor="grace" bfScore="--" coherenceScore="--">bn:00041221n</annotation>
		<annotation source="MCS" anchor="hands" bfScore="--" coherenceScore="--">bn:00042759n</annotation>
		<annotation source="MCS" anchor="fellowship" bfScore="--" coherenceScore="--">bn:00032897n</annotation>
		<annotation source="BABELFY" anchor="heathen" bfScore="0.7208213800392571" coherenceScore="0.3502824858757062">bn:00037763n</annotation>
		<annotation source="MCS" anchor="remember" bfScore="--" coherenceScore="--">bn:00084413v</annotation>
		<annotation source="MCS" anchor="poor" bfScore="--" coherenceScore="--">bn:00103931a</annotation>
		<annotation source="BABELFY" anchor="forward" bfScore="0.8461538461538461" coherenceScore="0.062146892655367235">bn:00114183r</annotation>
		<annotation source="BABELFY" anchor="Antioch" bfScore="0.9997175939000282" coherenceScore="0.4519774011299435">bn:00004474n</annotation>
		<annotation source="BABELFY" anchor="withstood" bfScore="0.9638916750250752" coherenceScore="0.1751412429378531">bn:00089411v</annotation>
		<annotation source="MCS" anchor="face" bfScore="--" coherenceScore="--">bn:00032600n</annotation>
		<annotation source="BABELFY" anchor="blamed" bfScore="0.7058823529411765" coherenceScore="0.03389830508474576">bn:00083545v</annotation>
		<annotation source="MCS" anchor="eat" bfScore="--" coherenceScore="--">bn:00087460v</annotation>
		<annotation source="MCS" anchor="withdrew" bfScore="--" coherenceScore="--">bn:00087267v</annotation>
		<annotation source="MCS" anchor="separated" bfScore="--" coherenceScore="--">bn:00087099v</annotation>
		<annotation source="BABELFY" anchor="fearing" bfScore="0.7774086378737541" coherenceScore="0.07344632768361582">bn:00088068v</annotation>
		<annotation source="BABELFY" anchor="Jews" bfScore="0.9814482204471333" coherenceScore="0.615819209039548">bn:00043492n</annotation>
		<annotation source="BABELFY" anchor="dissembled" bfScore="0.96875" coherenceScore="0.1751412429378531">bn:00082429v</annotation>
		<annotation source="MCS" anchor="likewise" bfScore="--" coherenceScore="--">bn:00116128r</annotation>
		<annotation source="BABELFY" anchor="insomuch" bfScore="1.0" coherenceScore="0.011299435028248588">bn:00115970r</annotation>
		<annotation source="MCS" anchor="carried" bfScore="--" coherenceScore="--">bn:00084554v</annotation>
		<annotation source="BABELFY" anchor="carried away" bfScore="1.0" coherenceScore="0.05649717514124294">bn:00083231v</annotation>
		<annotation source="BABELFY" anchor="dissimulation" bfScore="0.9925373134328358" coherenceScore="0.2768361581920904">bn:00027709n</annotation>
		<annotation source="MCS" anchor="walked" bfScore="--" coherenceScore="--">bn:00095597v</annotation>
		<annotation source="BABELFY" anchor="uprightly" bfScore="1.0" coherenceScore="0.01694915254237288">bn:00115683r</annotation>
		<annotation source="MCS" anchor="according" bfScore="--" coherenceScore="--">bn:00082227v</annotation>
		<annotation source="BABELFY" anchor="Jew" bfScore="0.9814482204471333" coherenceScore="0.615819209039548">bn:00043492n</annotation>
		<annotation source="BABELFY" anchor="livest" bfScore="0.853185595567867" coherenceScore="0.062146892655367235">bn:00096787a</annotation>
		<annotation source="MCS" anchor="manner" bfScore="--" coherenceScore="--">bn:00033729n</annotation>
		<annotation source="MCS" anchor="manner of" bfScore="--" coherenceScore="--">bn:00032400n</annotation>
		<annotation source="MCS" anchor="live" bfScore="--" coherenceScore="--">bn:00087441v</annotation>
		<annotation source="BABELFY" anchor="nature" bfScore="0.757532281205165" coherenceScore="0.384180790960452">bn:00057017n</annotation>
		<annotation source="BABELFY" anchor="sinners" bfScore="0.9215822765654793" coherenceScore="0.5932203389830508">bn:00071707n</annotation>
		<annotation source="MCS" anchor="Knowing" bfScore="--" coherenceScore="--">bn:00085261v</annotation>
		<annotation source="MCS" anchor="justified" bfScore="--" coherenceScore="--">bn:00090024v</annotation>
		<annotation source="MCS" anchor="works" bfScore="--" coherenceScore="--">bn:00081568n</annotation>
		<annotation source="MCS" anchor="law" bfScore="--" coherenceScore="--">bn:00048655n</annotation>
		<annotation source="BABELFY" anchor="faith" bfScore="0.9019908627071731" coherenceScore="0.8305084745762712">bn:00032768n</annotation>
		<annotation source="BABELFY" anchor="Jesus Christ" bfScore="0.9569924598093612" coherenceScore="0.7740112994350282">bn:00018805n</annotation>
		<annotation source="MCS" anchor="believed" bfScore="--" coherenceScore="--">bn:00083369v</annotation>
		<annotation source="BABELFY" anchor="believed in" bfScore="1.0" coherenceScore="0.01694915254237288">bn:00083374v</annotation>
		<annotation source="MCS" anchor="flesh" bfScore="--" coherenceScore="--">bn:00035182n</annotation>
		<annotation source="MCS" anchor="seek" bfScore="--" coherenceScore="--">bn:00093452v</annotation>
		<annotation source="MCS" anchor="found" bfScore="--" coherenceScore="--">bn:00084231v</annotation>
		<annotation source="MCS" anchor="minister" bfScore="--" coherenceScore="--">bn:00024459n</annotation>
		<annotation source="BABELFY" anchor="sin" bfScore="0.8692102775629458" coherenceScore="0.5932203389830508">bn:00071707n</annotation>
		<annotation source="BABELFY" anchor="forbid" bfScore="0.9696969696969697" coherenceScore="0.04519774011299435">bn:00086877v</annotation>
		<annotation source="MCS" anchor="build" bfScore="--" coherenceScore="--">bn:00084198v</annotation>
		<annotation source="BABELFY" anchor="things" bfScore="0.8571428571428571" coherenceScore="0.1016949152542373">bn:00006125n</annotation>
		<annotation source="MCS" anchor="destroyed" bfScore="--" coherenceScore="--">bn:00086698v</annotation>
		<annotation source="BABELFY" anchor="transgressor" bfScore="1.0" coherenceScore="0.1807909604519774">bn:00077999n</annotation>
		<annotation source="MCS" anchor="dead" bfScore="--" coherenceScore="--">bn:00100948a</annotation>
		<annotation source="BABELFY" anchor="crucified" bfScore="0.8105263157894737" coherenceScore="0.23728813559322035">bn:00086098v</annotation>
		<annotation source="BABELFY" anchor="crucified with Christ" bfScore="1.0" coherenceScore="0.12994350282485875">bn:02968937n</annotation>
		<annotation source="MCS" anchor="life" bfScore="--" coherenceScore="--">bn:00051045n</annotation>
		<annotation source="BABELFY" anchor="live in" bfScore="1.0" coherenceScore="0.03389830508474576">bn:00090411v</annotation>
		<annotation source="BABELFY" anchor="Son" bfScore="0.8881735340729001" coherenceScore="0.3446327683615819">bn:00051877n</annotation>
		<annotation source="MCS" anchor="loved" bfScore="--" coherenceScore="--">bn:00090504v</annotation>
		<annotation source="BABELFY" anchor="frustrate" bfScore="0.8421052631578947" coherenceScore="0.03389830508474576">bn:00083024v</annotation>
		<annotation source="BABELFY" anchor="grace of God" bfScore="1.0" coherenceScore="0.3446327683615819">bn:00036349n</annotation>
		<annotation source="BABELFY" anchor="righteousness" bfScore="0.7795535960319647" coherenceScore="0.3898305084745763">bn:14362002n</annotation>
	</annotations>
</paragraph>
<paragraph id="p.3">
	<text>
		O foolish Galatians , who hath bewitched you , that ye should not obey the truth , before whose eyes Jesus Christ hath been evidently set forth , crucified among you ?
		This only would I learn of you , Received ye the Spirit by the works of the law , or by the hearing of faith ?
		Are ye so foolish ? having begun in the Spirit , are ye now made perfect by the flesh ?
		Have ye suffered so many things in vain ? if it be yet in vain .
		He therefore that ministereth to you the Spirit , and worketh miracles among you , doeth he it by the works of the law , or by the hearing of faith ?
		Even as Abraham believed God , and it was accounted to him for righteousness .
		Know ye therefore that they which are of faith , the same are the children of Abraham .
		And the scripture , foreseeing that God would justify the heathen through faith , preached before the gospel unto Abraham , saying , In thee shall all nations be blessed .
		So then they which be of faith are blessed with faithful Abraham .
		For as many as are of the works of the law are under the curse : for it is written , Cursed is every one that continueth not in all things which are written in the book of the law to do them .
		But that no man is justified by the law in the sight of God , it is evident : for , The just shall live by faith .
		And the law is not of faith : but , The man that doeth them shall live in them .
		Christ hath redeemed us from the curse of the law , being made a curse for us : for it is written , Cursed is every one that hangeth on a tree :
		That the blessing of Abraham might come on the Gentiles through Jesus Christ ; that we might receive the promise of the Spirit through faith .
		Brethren , I speak after the manner of men ; Though it be but a man&amp;apos;s covenant , yet if it be confirmed , no man disannulleth , or addeth thereto .
		Now to Abraham and his seed were the promises made . He saith not , And to seeds , as of many ; but as of one , And to thy seed , which is Christ .
		And this I say , that the covenant , that was confirmed before of God in Christ , the law , which was four hundred and thirty years after , cannot disannul , that it should make the promise of none effect .
		For if the inheritance be of the law , it is no more of promise : but God gave it to Abraham by promise .
		Wherefore then serveth the law ? It was added because of transgressions , till the seed should come to whom the promise was made ; and it was ordained by angels in the hand of a mediator .
		Now a mediator is not a mediator of one , but God is one .
		Is the law then against the promises of God ? God forbid : for if there had been a law given which could have given life , verily righteousness should have been by the law .
		But the scripture hath concluded all under sin , that the promise by faith of Jesus Christ might be given to them that believe .
		But before faith came , we were kept under the law , shut up unto the faith which should afterwards be revealed .
		Wherefore the law was our schoolmaster to bring us unto Christ , that we might be justified by faith .
		But after that faith is come , we are no longer under a schoolmaster .
		For ye are all the children of God by faith in Christ Jesus .
		For as many of you as have been baptized into Christ have put on Christ .
		There is neither Jew nor Greek , there is neither bond nor free , there is neither male nor female : for ye are all one in Christ Jesus .
		And if ye be Christ&amp;apos;s , then are ye Abraham&amp;apos;s seed , and heirs according to the promise .
	</text>
	<annotations>
		<annotation source="MCS" anchor="foolish" bfScore="--" coherenceScore="--">bn:00103179a</annotation>
		<annotation source="BABELFY" anchor="Galatians" bfScore="1.0" coherenceScore="0.465">bn:00031244n</annotation>
		<annotation source="BABELFY" anchor="bewitched" bfScore="0.9977771603223118" coherenceScore="0.285">bn:00083466v</annotation>
		<annotation source="BABELFY" anchor="obey" bfScore="0.9938861291555215" coherenceScore="0.255">bn:00082139v</annotation>
		<annotation source="MCS" anchor="truth" bfScore="--" coherenceScore="--">bn:00078498n</annotation>
		<annotation source="MCS" anchor="eyes" bfScore="--" coherenceScore="--">bn:00032512n</annotation>
		<annotation source="BABELFY" anchor="Jesus" bfScore="0.819054117446373" coherenceScore="0.825">bn:00018805n</annotation>
		<annotation source="BABELFY" anchor="Jesus Christ" bfScore="0.9316175688610018" coherenceScore="0.825">bn:00018805n</annotation>
		<annotation source="BABELFY" anchor="Christ" bfScore="0.9541261654433644" coherenceScore="0.825">bn:00018805n</annotation>
		<annotation source="BABELFY" anchor="evidently" bfScore="1.0" coherenceScore="0.02">bn:00114319r</annotation>
		<annotation source="BABELFY" anchor="crucified" bfScore="0.8152173913043478" coherenceScore="0.25">bn:00086098v</annotation>
		<annotation source="BABELFY" anchor="learn" bfScore="0.7437617386638047" coherenceScore="0.36">bn:00089791v</annotation>
		<annotation source="BABELFY" anchor="Received" bfScore="0.9938271604938271" coherenceScore="0.115">bn:00109519a</annotation>
		<annotation source="MCS" anchor="Spirit" bfScore="--" coherenceScore="--">bn:00073430n</annotation>
		<annotation source="MCS" anchor="works" bfScore="--" coherenceScore="--">bn:00081568n</annotation>
		<annotation source="MCS" anchor="law" bfScore="--" coherenceScore="--">bn:00048655n</annotation>
		<annotation source="MCS" anchor="hearing" bfScore="--" coherenceScore="--">bn:00043372n</annotation>
		<annotation source="BABELFY" anchor="faith" bfScore="0.8870748116795567" coherenceScore="0.93">bn:00032768n</annotation>
		<annotation source="BABELFY" anchor="begun" bfScore="0.8753387533875339" coherenceScore="0.085">bn:00083340v</annotation>
		<annotation source="BABELFY" anchor="perfect" bfScore="1.0" coherenceScore="0.005">bn:00108443a</annotation>
		<annotation source="MCS" anchor="flesh" bfScore="--" coherenceScore="--">bn:00035182n</annotation>
		<annotation source="MCS" anchor="suffered" bfScore="--" coherenceScore="--">bn:00087618v</annotation>
		<annotation source="BABELFY" anchor="things" bfScore="0.940808670279283" coherenceScore="0.185">bn:00006125n</annotation>
		<annotation source="BABELFY" anchor="vain" bfScore="0.9475409836065574" coherenceScore="0.255">bn:00100184a</annotation>
		<annotation source="BABELFY" anchor="miracles" bfScore="0.7251309997904003" coherenceScore="0.465">bn:00055251n</annotation>
		<annotation source="MCS" anchor="believed" bfScore="--" coherenceScore="--">bn:00083369v</annotation>
		<annotation source="MCS" anchor="accounted" bfScore="--" coherenceScore="--">bn:00082231v</annotation>
		<annotation source="MCS" anchor="accounted to" bfScore="--" coherenceScore="--">bn:13634533v</annotation>
		<annotation source="MCS" anchor="righteousness" bfScore="--" coherenceScore="--">bn:00067848n</annotation>
		<annotation source="MCS" anchor="children" bfScore="--" coherenceScore="--">bn:00018345n</annotation>
		<annotation source="BABELFY" anchor="scripture" bfScore="0.8870682640778879" coherenceScore="0.78">bn:00010217n</annotation>
		<annotation source="BABELFY" anchor="foreseeing" bfScore="0.8571428571428571" coherenceScore="0.03">bn:00087702v</annotation>
		<annotation source="MCS" anchor="justify" bfScore="--" coherenceScore="--">bn:00090024v</annotation>
		<annotation source="MCS" anchor="heathen" bfScore="--" coherenceScore="--">bn:00037763n</annotation>
		<annotation source="BABELFY" anchor="preached" bfScore="0.9987608426270136" coherenceScore="0.26">bn:00091922v</annotation>
		<annotation source="MCS" anchor="gospel" bfScore="--" coherenceScore="--">bn:00031976n</annotation>
		<annotation source="MCS" anchor="saying" bfScore="--" coherenceScore="--">bn:00093287v</annotation>
		<annotation source="BABELFY" anchor="nations" bfScore="0.8220799538885916" coherenceScore="0.815">bn:00023236n</annotation>
		<annotation source="MCS" anchor="blessed" bfScore="--" coherenceScore="--">bn:00083599v</annotation>
		<annotation source="MCS" anchor="faithful" bfScore="--" coherenceScore="--">bn:00102728a</annotation>
		<annotation source="MCS" anchor="curse" bfScore="--" coherenceScore="--">bn:00024525n</annotation>
		<annotation source="BABELFY" anchor="written" bfScore="0.7337031900138696" coherenceScore="0.115">bn:00085488v</annotation>
		<annotation source="BABELFY" anchor="Cursed" bfScore="0.8348319924278277" coherenceScore="0.21">bn:00608870n</annotation>
		<annotation source="MCS" anchor="book" bfScore="--" coherenceScore="--">bn:00012059n</annotation>
		<annotation source="BABELFY" anchor="book of the law" bfScore="1.0" coherenceScore="0.28">bn:02422663n</annotation>
		<annotation source="MCS" anchor="man" bfScore="--" coherenceScore="--">bn:00001533n</annotation>
		<annotation source="MCS" anchor="justified" bfScore="--" coherenceScore="--">bn:00090024v</annotation>
		<annotation source="MCS" anchor="sight" bfScore="--" coherenceScore="--">bn:00071507n</annotation>
		<annotation source="BABELFY" anchor="evident" bfScore="1.0" coherenceScore="0.085">bn:00097350a</annotation>
		<annotation source="MCS" anchor="live" bfScore="--" coherenceScore="--">bn:00087441v</annotation>
		<annotation source="BABELFY" anchor="live in" bfScore="1.0" coherenceScore="0.01">bn:00090411v</annotation>
		<annotation source="BABELFY" anchor="redeemed" bfScore="0.8930528999362651" coherenceScore="0.31">bn:00086537v</annotation>
		<annotation source="MCS" anchor="tree" bfScore="--" coherenceScore="--">bn:00078131n</annotation>
		<annotation source="MCS" anchor="blessing" bfScore="--" coherenceScore="--">bn:00005158n</annotation>
		<annotation source="MCS" anchor="Gentiles" bfScore="--" coherenceScore="--">bn:00037763n</annotation>
		<annotation source="MCS" anchor="receive" bfScore="--" coherenceScore="--">bn:00089246v</annotation>
		<annotation source="BABELFY" anchor="promise" bfScore="0.8532809043991153" coherenceScore="0.42">bn:00064699n</annotation>
		<annotation source="MCS" anchor="Brethren" bfScore="--" coherenceScore="--">bn:00013012n</annotation>
		<annotation source="MCS" anchor="speak" bfScore="--" coherenceScore="--">bn:00090943v</annotation>
		<annotation source="MCS" anchor="manner" bfScore="--" coherenceScore="--">bn:00033729n</annotation>
		<annotation source="MCS" anchor="manner of" bfScore="--" coherenceScore="--">bn:00032400n</annotation>
		<annotation source="MCS" anchor="men" bfScore="--" coherenceScore="--">bn:00001533n</annotation>
		<annotation source="MCS" anchor="covenant" bfScore="--" coherenceScore="--">bn:00021275n</annotation>
		<annotation source="MCS" anchor="confirmed" bfScore="--" coherenceScore="--">bn:00082434v</annotation>
		<annotation source="MCS" anchor="thereto" bfScore="--" coherenceScore="--">bn:00117267r</annotation>
		<annotation source="MCS" anchor="seed" bfScore="--" coherenceScore="--">bn:00070253n</annotation>
		<annotation source="MCS" anchor="promises" bfScore="--" coherenceScore="--">bn:00064699n</annotation>
		<annotation source="MCS" anchor="saith" bfScore="--" coherenceScore="--">bn:00093287v</annotation>
		<annotation source="MCS" anchor="seeds" bfScore="--" coherenceScore="--">bn:00070253n</annotation>
		<annotation source="MCS" anchor="disannul" bfScore="--" coherenceScore="--">bn:13693478v</annotation>
		<annotation source="MCS" anchor="effect" bfScore="--" coherenceScore="--">bn:00021961n</annotation>
		<annotation source="MCS" anchor="inheritance" bfScore="--" coherenceScore="--">bn:00043824n</annotation>
		<annotation source="BABELFY" anchor="added" bfScore="0.96" coherenceScore="0.02">bn:00082318v</annotation>
		<annotation source="BABELFY" anchor="transgressions" bfScore="0.991304347826087" coherenceScore="0.38">bn:00032054n</annotation>
		<annotation source="MCS" anchor="ordained" bfScore="--" coherenceScore="--">bn:00087588v</annotation>
		<annotation source="MCS" anchor="angels" bfScore="--" coherenceScore="--">bn:00004063n</annotation>
		<annotation source="MCS" anchor="hand" bfScore="--" coherenceScore="--">bn:00042759n</annotation>
		<annotation source="MCS" anchor="mediator" bfScore="--" coherenceScore="--">bn:00040836n</annotation>
		<annotation source="BABELFY" anchor="forbid" bfScore="0.9526627218934911" coherenceScore="0.105">bn:00086877v</annotation>
		<annotation source="BABELFY" anchor="given life" bfScore="1.0" coherenceScore="0.11">bn:00033895n</annotation>
		<annotation source="MCS" anchor="life" bfScore="--" coherenceScore="--">bn:00051045n</annotation>
		<annotation source="BABELFY" anchor="verily" bfScore="1.0" coherenceScore="0.14">bn:00117557r</annotation>
		<annotation source="BABELFY" anchor="concluded" bfScore="0.970873786407767" coherenceScore="0.1">bn:00085530v</annotation>
		<annotation source="BABELFY" anchor="sin" bfScore="0.7432464454976303" coherenceScore="0.615">bn:00071707n</annotation>
		<annotation source="MCS" anchor="believe" bfScore="--" coherenceScore="--">bn:00083369v</annotation>
		<annotation source="MCS" anchor="kept" bfScore="--" coherenceScore="--">bn:00089384v</annotation>
		<annotation source="BABELFY" anchor="shut" bfScore="0.7058823529411765" coherenceScore="0.015">bn:00087812v</annotation>
		<annotation source="BABELFY" anchor="shut up" bfScore="0.9445544554455445" coherenceScore="0.265">bn:00090430v</annotation>
		<annotation source="BABELFY" anchor="revealed" bfScore="0.9351726472579553" coherenceScore="0.325">bn:00092981v</annotation>
		<annotation source="MCS" anchor="schoolmaster" bfScore="--" coherenceScore="--">bn:00043325n</annotation>
		<annotation source="MCS" anchor="bring" bfScore="--" coherenceScore="--">bn:00084058v</annotation>
		<annotation source="BABELFY" anchor="longer" bfScore="1.0" coherenceScore="0.005">bn:00116156r</annotation>
		<annotation source="BABELFY" anchor="Christ Jesus" bfScore="1.0" coherenceScore="0.83">bn:00018805n</annotation>
		<annotation source="BABELFY" anchor="baptized" bfScore="1.0" coherenceScore="0.265">bn:00083101v</annotation>
		<annotation source="BABELFY" anchor="Jew" bfScore="0.9536174222594492" coherenceScore="0.72">bn:00043492n</annotation>
		<annotation source="BABELFY" anchor="Greek" bfScore="0.7407592574075925" coherenceScore="0.635">bn:00041634n</annotation>
		<annotation source="MCS" anchor="bond" bfScore="--" coherenceScore="--">bn:00011973n</annotation>
		<annotation source="MCS" anchor="free" bfScore="--" coherenceScore="--">bn:00103299a</annotation>
		<annotation source="BABELFY" anchor="male" bfScore="0.7249620637329287" coherenceScore="0.195">bn:00106356a</annotation>
		<annotation source="MCS" anchor="female" bfScore="--" coherenceScore="--">bn:00102884a</annotation>
		<annotation source="MCS" anchor="heirs" bfScore="--" coherenceScore="--">bn:00043555n</annotation>
		<annotation source="BABELFY" anchor="according" bfScore="1.0" coherenceScore="0.075">bn:00082228v</annotation>
	</annotations>
</paragraph>
<paragraph id="p.4">
	<text>
		Now I say , That the heir , as long as he is a child , differeth nothing from a servant , though he be lord of all ;
		But is under tutors and governors until the time appointed of the father .
		Even so we , when we were children , were in bondage under the elements of the world :
		But when the fulness of the time was come , God sent forth his Son , made of a woman , made under the law ,
		To redeem them that were under the law , that we might receive the adoption of sons .
		And because ye are sons , God hath sent forth the Spirit of his Son into your hearts , crying , Abba , Father .
		Wherefore thou art no more a servant , but a son ; and if a son , then an heir of God through Christ .
		Howbeit then , when ye knew not God , ye did service unto them which by nature are no gods .
		But now , after that ye have known God , or rather are known of God , how turn ye again to the weak and beggarly elements , whereunto ye desire again to be in bondage ?
		Ye observe days , and months , and times , and years .
		I am afraid of you , lest I have bestowed upon you labour in vain .
		Brethren , I beseech you , be as I am ; for I am as ye are : ye have not injured me at all .
		Ye know how through infirmity of the flesh I preached the gospel unto you at the first .
		And my temptation which was in my flesh ye despised not , nor rejected ; but received me as an angel of God , even as Christ Jesus .
		Where is then the blessedness ye spake of ? for I bear you record , that , if it had been possible , ye would have plucked out your own eyes , and have given them to me .
		Am I therefore become your enemy , because I tell you the truth ?
		They zealously affect you , but not well ; yea , they would exclude you , that ye might affect them .
		But it is good to be zealously affected always in a good thing , and not only when I am present with you .
		My little children , of whom I travail in birth again until Christ be formed in you ,
		I desire to be present with you now , and to change my voice ; for I stand in doubt of you .
		Tell me , ye that desire to be under the law , do ye not hear the law ?
		For it is written , that Abraham had two sons , the one by a bondmaid , the other by a freewoman .
		But he who was of the bondwoman was born after the flesh ; but he of the freewoman was by promise .
		Which things are an allegory : for these are the two covenants ; the one from the mount Sinai , which gendereth to bondage , which is Agar .
		For this Agar is mount Sinai in Arabia , and answereth to Jerusalem which now is , and is in bondage with her children .
		But Jerusalem which is above is free , which is the mother of us all .
		For it is written , Rejoice , thou barren that bearest not ; break forth and cry , thou that travailest not : for the desolate hath many more children than she which hath an husband .
		Now we , brethren , as Isaac was , are the children of promise .
		But as then he that was born after the flesh persecuted him that was born after the Spirit , even so it is now .
		Nevertheless what saith the scripture ? Cast out the bondwoman and her son : for the son of the bondwoman shall not be heir with the son of the freewoman .
		So then , brethren , we are not children of the bondwoman , but of the free .
	</text>
	<annotations>
		<annotation source="MCS" anchor="heir" bfScore="--" coherenceScore="--">bn:00043555n</annotation>
		<annotation source="BABELFY" anchor="long" bfScore="1.0" coherenceScore="0.03389830508474576">bn:00116154r</annotation>
		<annotation source="BABELFY" anchor="child" bfScore="0.7424496931884406" coherenceScore="0.5536723163841808">bn:00018346n</annotation>
		<annotation source="BABELFY" anchor="servant" bfScore="0.9684711481261155" coherenceScore="0.20903954802259886">bn:00067423n</annotation>
		<annotation source="BABELFY" anchor="tutors" bfScore="1.0" coherenceScore="0.05649717514124294">bn:00020120n</annotation>
		<annotation source="MCS" anchor="governors" bfScore="--" coherenceScore="--">bn:00041204n</annotation>
		<annotation source="BABELFY" anchor="time" bfScore="0.8221859706362153" coherenceScore="0.3559322033898305">bn:00077270n</annotation>
		<annotation source="BABELFY" anchor="appointed" bfScore="1.0" coherenceScore="0.07909604519774012">bn:00082716v</annotation>
		<annotation source="MCS" anchor="father" bfScore="--" coherenceScore="--">bn:00009616n</annotation>
		<annotation source="BABELFY" anchor="children" bfScore="0.7424496931884406" coherenceScore="0.5536723163841808">bn:00018346n</annotation>
		<annotation source="BABELFY" anchor="bondage" bfScore="0.9696534386783983" coherenceScore="0.4519774011299435">bn:00011984n</annotation>
		<annotation source="MCS" anchor="elements" bfScore="--" coherenceScore="--">bn:00021394n</annotation>
		<annotation source="MCS" anchor="world" bfScore="--" coherenceScore="--">bn:00022991n</annotation>
		<annotation source="MCS" anchor="fulness" bfScore="--" coherenceScore="--">bn:13671983n</annotation>
		<annotation source="BABELFY" anchor="time was" bfScore="1.0" coherenceScore="0.005649717514124294">bn:00341238n</annotation>
		<annotation source="BABELFY" anchor="God" bfScore="0.7245141493351517" coherenceScore="0.7627118644067796">bn:00040878n</annotation>
		<annotation source="BABELFY" anchor="sent" bfScore="0.98" coherenceScore="0.07909604519774012">bn:00084807v</annotation>
		<annotation source="MCS" anchor="sent forth" bfScore="--" coherenceScore="--">bn:13762961v</annotation>
		<annotation source="BABELFY" anchor="Son" bfScore="0.7942583732057417" coherenceScore="0.327683615819209">bn:00051877n</annotation>
		<annotation source="BABELFY" anchor="woman" bfScore="0.9107233181588265" coherenceScore="0.5875706214689266">bn:00001530n</annotation>
		<annotation source="MCS" anchor="law" bfScore="--" coherenceScore="--">bn:00048655n</annotation>
		<annotation source="BABELFY" anchor="redeem" bfScore="0.9333333333333333" coherenceScore="0.12429378531073447">bn:00086537v</annotation>
		<annotation source="MCS" anchor="receive" bfScore="--" coherenceScore="--">bn:00089246v</annotation>
		<annotation source="BABELFY" anchor="adoption" bfScore="0.7862737784408803" coherenceScore="0.288135593220339">bn:00001494n</annotation>
		<annotation source="BABELFY" anchor="sons" bfScore="0.7942583732057417" coherenceScore="0.327683615819209">bn:00051877n</annotation>
		<annotation source="BABELFY" anchor="Spirit" bfScore="0.7510226343059722" coherenceScore="0.288135593220339">bn:00027551n</annotation>
		<annotation source="MCS" anchor="hearts" bfScore="--" coherenceScore="--">bn:00012289n</annotation>
		<annotation source="MCS" anchor="crying" bfScore="--" coherenceScore="--">bn:00084388v</annotation>
		<annotation source="MCS" anchor="Father" bfScore="--" coherenceScore="--">bn:00009616n</annotation>
		<annotation source="BABELFY" anchor="son" bfScore="0.7942583732057417" coherenceScore="0.327683615819209">bn:00051877n</annotation>
		<annotation source="BABELFY" anchor="Christ" bfScore="0.9908381341758038" coherenceScore="0.7401129943502824">bn:00018805n</annotation>
		<annotation source="MCS" anchor="knew" bfScore="--" coherenceScore="--">bn:00085261v</annotation>
		<annotation source="MCS" anchor="service" bfScore="--" coherenceScore="--">bn:00070651n</annotation>
		<annotation source="BABELFY" anchor="nature" bfScore="0.8166013712047012" coherenceScore="0.3898305084745763">bn:00057017n</annotation>
		<annotation source="BABELFY" anchor="gods" bfScore="0.7245141493351517" coherenceScore="0.7627118644067796">bn:00040878n</annotation>
		<annotation source="MCS" anchor="known" bfScore="--" coherenceScore="--">bn:00085261v</annotation>
		<annotation source="MCS" anchor="turn" bfScore="--" coherenceScore="--">bn:00009867n</annotation>
		<annotation source="BABELFY" anchor="weak" bfScore="0.8727272727272727" coherenceScore="0.06779661016949153">bn:00102741a</annotation>
		<annotation source="BABELFY" anchor="beggarly" bfScore="1.0" coherenceScore="0.005649717514124294">bn:00098196a</annotation>
		<annotation source="MCS" anchor="whereunto" bfScore="--" coherenceScore="--">bn:13750720r</annotation>
		<annotation source="MCS" anchor="desire" bfScore="--" coherenceScore="--">bn:00026550n</annotation>
		<annotation source="MCS" anchor="observe" bfScore="--" coherenceScore="--">bn:00086708v</annotation>
		<annotation source="MCS" anchor="days" bfScore="--" coherenceScore="--">bn:00000086n</annotation>
		<annotation source="BABELFY" anchor="months" bfScore="0.9703791469194313" coherenceScore="0.11864406779661017">bn:00014710n</annotation>
		<annotation source="BABELFY" anchor="times" bfScore="0.8221859706362153" coherenceScore="0.3559322033898305">bn:00077270n</annotation>
		<annotation source="MCS" anchor="afraid" bfScore="--" coherenceScore="--">bn:00096625a</annotation>
		<annotation source="BABELFY" anchor="bestowed" bfScore="0.9347079037800687" coherenceScore="0.0903954802259887">bn:00083446v</annotation>
		<annotation source="MCS" anchor="labour" bfScore="--" coherenceScore="--">bn:00086809v</annotation>
		<annotation source="BABELFY" anchor="vain" bfScore="0.847457627118644" coherenceScore="0.11299435028248588">bn:00100184a</annotation>
		<annotation source="MCS" anchor="Brethren" bfScore="--" coherenceScore="--">bn:00013012n</annotation>
		<annotation source="BABELFY" anchor="beseech" bfScore="1.0" coherenceScore="0.022598870056497175">bn:00082355v</annotation>
		<annotation source="MCS" anchor="injured" bfScore="--" coherenceScore="--">bn:00089751v</annotation>
		<annotation source="BABELFY" anchor="infirmity" bfScore="0.9775160599571735" coherenceScore="0.3107344632768362">bn:00027546n</annotation>
		<annotation source="MCS" anchor="flesh" bfScore="--" coherenceScore="--">bn:00035182n</annotation>
		<annotation source="BABELFY" anchor="preached" bfScore="0.9708029197080292" coherenceScore="0.10734463276836158">bn:00091922v</annotation>
		<annotation source="BABELFY" anchor="gospel" bfScore="0.7127715640920537" coherenceScore="0.384180790960452">bn:00031976n</annotation>
		<annotation source="BABELFY" anchor="temptation" bfScore="0.7031019202363368" coherenceScore="0.192090395480226">bn:00031022n</annotation>
		<annotation source="BABELFY" anchor="despised" bfScore="1.0" coherenceScore="0.005649717514124294">bn:00085702v</annotation>
		<annotation source="MCS" anchor="rejected" bfScore="--" coherenceScore="--">bn:00092723v</annotation>
		<annotation source="MCS" anchor="received" bfScore="--" coherenceScore="--">bn:00089246v</annotation>
		<annotation source="BABELFY" anchor="angel" bfScore="0.8818897637795275" coherenceScore="0.3954802259887006">bn:00004063n</annotation>
		<annotation source="BABELFY" anchor="angel of God" bfScore="1.0" coherenceScore="0.15254237288135594">bn:01228038n</annotation>
		<annotation source="BABELFY" anchor="Christ Jesus" bfScore="1.0" coherenceScore="0.7457627118644068">bn:00018805n</annotation>
		<annotation source="BABELFY" anchor="Jesus" bfScore="0.918335554670867" coherenceScore="0.7401129943502824">bn:00018805n</annotation>
		<annotation source="BABELFY" anchor="blessedness" bfScore="0.891566265060241" coherenceScore="0.2033898305084746">bn:02733866n</annotation>
		<annotation source="MCS" anchor="spake" bfScore="--" coherenceScore="--">bn:00090943v</annotation>
		<annotation source="MCS" anchor="bear" bfScore="--" coherenceScore="--">bn:00083221v</annotation>
		<annotation source="MCS" anchor="record" bfScore="--" coherenceScore="--">bn:00066574n</annotation>
		<annotation source="BABELFY" anchor="possible" bfScore="1.0" coherenceScore="0.005649717514124294">bn:00108830a</annotation>
		<annotation source="MCS" anchor="plucked" bfScore="--" coherenceScore="--">bn:00091597v</annotation>
		<annotation source="BABELFY" anchor="eyes" bfScore="0.8093255620316403" coherenceScore="0.2033898305084746">bn:00032512n</annotation>
		<annotation source="MCS" anchor="enemy" bfScore="--" coherenceScore="--">bn:00030814n</annotation>
		<annotation source="MCS" anchor="tell" bfScore="--" coherenceScore="--">bn:00093287v</annotation>
		<annotation source="BABELFY" anchor="truth" bfScore="0.7660996354799514" coherenceScore="0.2937853107344633">bn:00072816n</annotation>
		<annotation source="MCS" anchor="zealously" bfScore="--" coherenceScore="--">bn:00117657r</annotation>
		<annotation source="MCS" anchor="affect" bfScore="--" coherenceScore="--">bn:00082426v</annotation>
		<annotation source="MCS" anchor="yea" bfScore="--" coherenceScore="--">bn:00117651r</annotation>
		<annotation source="MCS" anchor="exclude" bfScore="--" coherenceScore="--">bn:00087798v</annotation>
		<annotation source="MCS" anchor="good" bfScore="--" coherenceScore="--">bn:00103672a</annotation>
		<annotation source="MCS" anchor="affected" bfScore="--" coherenceScore="--">bn:00082426v</annotation>
		<annotation source="BABELFY" anchor="present" bfScore="0.958904109589041" coherenceScore="0.07909604519774012">bn:00108977a</annotation>
		<annotation source="BABELFY" anchor="travail" bfScore="1.0" coherenceScore="0.07909604519774012">bn:00086809v</annotation>
		<annotation source="MCS" anchor="birth" bfScore="--" coherenceScore="--">bn:00010663n</annotation>
		<annotation source="MCS" anchor="formed" bfScore="--" coherenceScore="--">bn:00088488v</annotation>
		<annotation source="MCS" anchor="desire" bfScore="--" coherenceScore="--">bn:00086682v</annotation>
		<annotation source="MCS" anchor="change" bfScore="--" coherenceScore="--">bn:00082553v</annotation>
		<annotation source="BABELFY" anchor="voice" bfScore="0.7364716234051913" coherenceScore="0.1751412429378531">bn:00072794n</annotation>
		<annotation source="MCS" anchor="stand" bfScore="--" coherenceScore="--">bn:00094275v</annotation>
		<annotation source="MCS" anchor="stand in" bfScore="--" coherenceScore="--">bn:00088187v</annotation>
		<annotation source="BABELFY" anchor="doubt" bfScore="0.7234726688102894" coherenceScore="0.14124293785310735">bn:00028425n</annotation>
		<annotation source="MCS" anchor="Tell" bfScore="--" coherenceScore="--">bn:00093287v</annotation>
		<annotation source="BABELFY" anchor="hear" bfScore="0.7114337568058077" coherenceScore="0.15819209039548024">bn:00089279v</annotation>
		<annotation source="MCS" anchor="written" bfScore="--" coherenceScore="--">bn:00085489v</annotation>
		<annotation source="BABELFY" anchor="Abraham" bfScore="0.8105395232120451" coherenceScore="0.3220338983050847">bn:00000386n</annotation>
		<annotation source="MCS" anchor="bondmaid" bfScore="--" coherenceScore="--">bn:00011991n</annotation>
		<annotation source="BABELFY" anchor="freewoman" bfScore="1.0" coherenceScore="0.05649717514124294">bn:00036399n</annotation>
		<annotation source="MCS" anchor="bondwoman" bfScore="--" coherenceScore="--">bn:00011991n</annotation>
		<annotation source="MCS" anchor="born" bfScore="--" coherenceScore="--">bn:00083221v</annotation>
		<annotation source="BABELFY" anchor="promise" bfScore="0.8141592920353983" coherenceScore="0.14689265536723164">bn:00064699n</annotation>
		<annotation source="BABELFY" anchor="things" bfScore="0.9934508816120907" coherenceScore="0.192090395480226">bn:00006125n</annotation>
		<annotation source="BABELFY" anchor="allegory" bfScore="0.7585074626865672" coherenceScore="0.1864406779661017">bn:00002823n</annotation>
		<annotation source="MCS" anchor="covenants" bfScore="--" coherenceScore="--">bn:00021275n</annotation>
		<annotation source="BABELFY" anchor="mount" bfScore="0.9572301425661914" coherenceScore="0.1694915254237288">bn:00056068n</annotation>
		<annotation source="BABELFY" anchor="mount Sinai" bfScore="1.0" coherenceScore="0.1977401129943503">bn:00056082n</annotation>
		<annotation source="BABELFY" anchor="Agar" bfScore="0.9135802469135802" coherenceScore="0.1807909604519774">bn:02422931n</annotation>
		<annotation source="BABELFY" anchor="Arabia" bfScore="0.8064146620847652" coherenceScore="0.1807909604519774">bn:00005258n</annotation>
		<annotation source="BABELFY" anchor="Jerusalem" bfScore="0.8863521907000168" coherenceScore="0.3615819209039548">bn:00015555n</annotation>
		<annotation source="MCS" anchor="free" bfScore="--" coherenceScore="--">bn:00103299a</annotation>
		<annotation source="BABELFY" anchor="mother" bfScore="0.7021883920076119" coherenceScore="0.3559322033898305">bn:00034027n</annotation>
		<annotation source="MCS" anchor="barren" bfScore="--" coherenceScore="--">bn:00098055a</annotation>
		<annotation source="MCS" anchor="break" bfScore="--" coherenceScore="--">bn:00083900v</annotation>
		<annotation source="MCS" anchor="cry" bfScore="--" coherenceScore="--">bn:00084388v</annotation>
		<annotation source="BABELFY" anchor="desolate" bfScore="0.9230769230769231" coherenceScore="0.01694915254237288">bn:00101240a</annotation>
		<annotation source="MCS" anchor="husband" bfScore="--" coherenceScore="--">bn:00045106n</annotation>
		<annotation source="MCS" anchor="brethren" bfScore="--" coherenceScore="--">bn:00013012n</annotation>
		<annotation source="BABELFY" anchor="Isaac" bfScore="0.9076711858589326" coherenceScore="0.24293785310734464">bn:00047576n</annotation>
		<annotation source="BABELFY" anchor="persecuted" bfScore="1.0" coherenceScore="0.02824858757062147">bn:00091182v</annotation>
		<annotation source="MCS" anchor="saith" bfScore="--" coherenceScore="--">bn:00093287v</annotation>
		<annotation source="BABELFY" anchor="scripture" bfScore="0.91837124376447" coherenceScore="0.615819209039548">bn:00010217n</annotation>
		<annotation source="MCS" anchor="Cast" bfScore="--" coherenceScore="--">bn:00084624v</annotation>
		<annotation source="BABELFY" anchor="Cast out" bfScore="0.9818181818181818" coherenceScore="0.03389830508474576">bn:00083066v</annotation>
		<annotation source="BABELFY" anchor="children" bfScore="0.9358752166377816" coherenceScore="0.1694915254237288">bn:00007646n</annotation>
	</annotations>
</paragraph>
<paragraph id="p.5">
	<text>
		Stand fast therefore in the liberty wherewith Christ hath made us free , and be not entangled again with the yoke of bondage .
		Behold , I Paul say unto you , that if ye be circumcised , Christ shall profit you nothing .
		For I testify again to every man that is circumcised , that he is a debtor to do the whole law .
		Christ is become of no effect unto you , whosoever of you are justified by the law ; ye are fallen from grace .
		For we through the Spirit wait for the hope of righteousness by faith .
		For in Jesus Christ neither circumcision availeth anything , nor uncircumcision ; but faith which worketh by love .
		Ye did run well ; who did hinder you that ye should not obey the truth ?
		This persuasion cometh not of him that calleth you .
		A little leaven leaveneth the whole lump .
		I have confidence in you through the Lord , that ye will be none otherwise minded : but he that troubleth you shall bear his judgment , whosoever he be .
		And I , brethren , if I yet preach circumcision , why do I yet suffer persecution ? then is the offence of the cross ceased .
		I would they were even cut off which trouble you .
		For , brethren , ye have been called unto liberty ; only use not liberty for an occasion to the flesh , but by love serve one another .
		For all the law is fulfilled in one word , even in this ; Thou shalt love thy neighbour as thyself .
		But if ye bite and devour one another , take heed that ye be not consumed one of another .
		This I say then , Walk in the Spirit , and ye shall not fulful the lust of the flesh .
		For the flesh lusteth against the Spirit , and the Spirit against the flesh : and these are contrary the one to the other : so that ye cannot do the things that ye would .
		But if ye be led of the Spirit , ye are not under the law .
		Now the works of the flesh are manifest , which are these ; Adultery , fornication , uncleanness , lasciviousness ,
		Idolatry , witchcraft , hatred , variance , emulations , wrath , strife , seditions , heresies ,
		Envyings , murders , drunkenness , revellings , and such like : of the which I tell you before , as I have also told you in time past , that they which do such things shall not inherit the kingdom of God .
		But the fruit of the Spirit is love , joy , peace , longsuffering , gentleness , goodness , faith ,
		Meekness , temperance : against such there is no law .
		And they that are Christ&amp;apos;s have crucified the flesh with the affections and lusts .
		If we live in the Spirit , let us also walk in the Spirit .
		Let us not be desirous of vain glory , provoking one another , envying one another .
	</text>
	<annotations>
		<annotation source="MCS" anchor="Stand" bfScore="--" coherenceScore="--">bn:00094275v</annotation>
		<annotation source="MCS" anchor="Stand fast" bfScore="--" coherenceScore="--">bn:00089404v</annotation>
		<annotation source="BABELFY" anchor="fast" bfScore="0.8" coherenceScore="0.013605442176870748">bn:00115335r</annotation>
		<annotation source="BABELFY" anchor="liberty" bfScore="0.8687958567112646" coherenceScore="0.41496598639455784">bn:00050954n</annotation>
		<annotation source="MCS" anchor="wherewith" bfScore="--" coherenceScore="--">bn:13677466r</annotation>
		<annotation source="BABELFY" anchor="Christ" bfScore="0.9923685778319953" coherenceScore="0.7482993197278912">bn:00018805n</annotation>
		<annotation source="MCS" anchor="free" bfScore="--" coherenceScore="--">bn:00103299a</annotation>
		<annotation source="BABELFY" anchor="entangled" bfScore="0.8287671232876712" coherenceScore="0.07482993197278912">bn:00083062v</annotation>
		<annotation source="MCS" anchor="yoke" bfScore="--" coherenceScore="--">bn:00081931n</annotation>
		<annotation source="BABELFY" anchor="bondage" bfScore="0.9183455161347834" coherenceScore="0.3469387755102041">bn:00011984n</annotation>
		<annotation source="BABELFY" anchor="Behold" bfScore="0.8533333333333334" coherenceScore="0.05442176870748299">bn:00086708v</annotation>
		<annotation source="BABELFY" anchor="Paul" bfScore="0.9629429266973222" coherenceScore="0.54421768707483">bn:00004984n</annotation>
		<annotation source="BABELFY" anchor="circumcised" bfScore="0.7482394366197183" coherenceScore="0.11564625850340136">bn:00084994v</annotation>
		<annotation source="BABELFY" anchor="profit" bfScore="0.8571428571428571" coherenceScore="0.013605442176870748">bn:00083413v</annotation>
		<annotation source="MCS" anchor="testify" bfScore="--" coherenceScore="--">bn:00082915v</annotation>
		<annotation source="BABELFY" anchor="man" bfScore="0.7197802197802198" coherenceScore="0.891156462585034">bn:00044576n</annotation>
		<annotation source="BABELFY" anchor="debtor" bfScore="1.0" coherenceScore="0.08163265306122448">bn:00025631n</annotation>
		<annotation source="MCS" anchor="law" bfScore="--" coherenceScore="--">bn:00048655n</annotation>
		<annotation source="MCS" anchor="become of" bfScore="--" coherenceScore="--">bn:13763203v</annotation>
		<annotation source="MCS" anchor="effect" bfScore="--" coherenceScore="--">bn:00021961n</annotation>
		<annotation source="MCS" anchor="justified" bfScore="--" coherenceScore="--">bn:00090024v</annotation>
		<annotation source="MCS" anchor="fallen" bfScore="--" coherenceScore="--">bn:00087976v</annotation>
		<annotation source="MCS" anchor="fallen from grace" bfScore="--" coherenceScore="--">bn:00088011v</annotation>
		<annotation source="BABELFY" anchor="grace" bfScore="0.7486586183769283" coherenceScore="0.3197278911564626">bn:00041221n</annotation>
		<annotation source="MCS" anchor="Spirit" bfScore="--" coherenceScore="--">bn:00073430n</annotation>
		<annotation source="BABELFY" anchor="wait" bfScore="0.8015267175572519" coherenceScore="0.09523809523809523">bn:14976787n</annotation>
		<annotation source="BABELFY" anchor="hope" bfScore="0.7133492252681763" coherenceScore="0.2585034013605442">bn:15688867n</annotation>
		<annotation source="MCS" anchor="righteousness" bfScore="--" coherenceScore="--">bn:00067848n</annotation>
		<annotation source="BABELFY" anchor="faith" bfScore="0.9566290066769791" coherenceScore="0.8435374149659864">bn:00032768n</annotation>
		<annotation source="BABELFY" anchor="Jesus" bfScore="0.9449656376131778" coherenceScore="0.7482993197278912">bn:00018805n</annotation>
		<annotation source="BABELFY" anchor="Jesus Christ" bfScore="0.9876716955640622" coherenceScore="0.7482993197278912">bn:00018805n</annotation>
		<annotation source="MCS" anchor="circumcision" bfScore="--" coherenceScore="--">bn:00019203n</annotation>
		<annotation source="BABELFY" anchor="uncircumcision" bfScore="1.0" coherenceScore="0.10884353741496598">bn:03523388n</annotation>
		<annotation source="BABELFY" anchor="love" bfScore="0.7162785527705219" coherenceScore="0.4897959183673469">bn:00052121n</annotation>
		<annotation source="MCS" anchor="hinder" bfScore="--" coherenceScore="--">bn:00089340v</annotation>
		<annotation source="BABELFY" anchor="obey" bfScore="0.864406779661017" coherenceScore="0.10204081632653061">bn:00082139v</annotation>
		<annotation source="BABELFY" anchor="truth" bfScore="0.8668478260869565" coherenceScore="0.3945578231292517">bn:00072816n</annotation>
		<annotation source="BABELFY" anchor="persuasion" bfScore="0.8144179249878227" coherenceScore="0.2585034013605442">bn:00059168n</annotation>
		<annotation source="BABELFY" anchor="leaven" bfScore="0.9" coherenceScore="0.02040816326530612">bn:00050464n</annotation>
		<annotation source="BABELFY" anchor="lump" bfScore="0.8235294117647058" coherenceScore="0.09523809523809523">bn:00019901n</annotation>
		<annotation source="MCS" anchor="confidence" bfScore="--" coherenceScore="--">bn:00006565n</annotation>
		<annotation source="BABELFY" anchor="Lord" bfScore="0.7407595579829798" coherenceScore="0.3673469387755102">bn:00019003n</annotation>
		<annotation source="BABELFY" anchor="minded" bfScore="0.7368421052631579" coherenceScore="0.09523809523809523">bn:00090794v</annotation>
		<annotation source="MCS" anchor="bear" bfScore="--" coherenceScore="--">bn:00083221v</annotation>
		<annotation source="MCS" anchor="judgment" bfScore="--" coherenceScore="--">bn:00048493n</annotation>
		<annotation source="MCS" anchor="brethren" bfScore="--" coherenceScore="--">bn:00013012n</annotation>
		<annotation source="BABELFY" anchor="preach" bfScore="1.0" coherenceScore="0.09523809523809523">bn:00091922v</annotation>
		<annotation source="MCS" anchor="suffer" bfScore="--" coherenceScore="--">bn:00087618v</annotation>
		<annotation source="BABELFY" anchor="persecution" bfScore="1.0" coherenceScore="0.1836734693877551">bn:00061697n</annotation>
		<annotation source="BABELFY" anchor="offence" bfScore="0.9359653346172364" coherenceScore="0.3673469387755102">bn:00023807n</annotation>
		<annotation source="MCS" anchor="cross" bfScore="--" coherenceScore="--">bn:00023946n</annotation>
		<annotation source="MCS" anchor="ceased" bfScore="--" coherenceScore="--">bn:00084710v</annotation>
		<annotation source="MCS" anchor="cut" bfScore="--" coherenceScore="--">bn:00086178v</annotation>
		<annotation source="BABELFY" anchor="cut off" bfScore="0.7346938775510204" coherenceScore="0.08163265306122448">bn:00082590v</annotation>
		<annotation source="BABELFY" anchor="trouble" bfScore="0.9192229038854806" coherenceScore="0.19727891156462585">bn:00078425n</annotation>
		<annotation source="MCS" anchor="called" bfScore="--" coherenceScore="--">bn:00084385v</annotation>
		<annotation source="BABELFY" anchor="occasion" bfScore="0.7555555555555555" coherenceScore="0.10884353741496598">bn:00001736n</annotation>
		<annotation source="MCS" anchor="flesh" bfScore="--" coherenceScore="--">bn:00035182n</annotation>
		<annotation source="BABELFY" anchor="serve" bfScore="0.7624309392265194" coherenceScore="0.12244897959183673">bn:00092036v</annotation>
		<annotation source="BABELFY" anchor="fulfilled" bfScore="0.9692307692307692" coherenceScore="0.061224489795918366">bn:00082225v</annotation>
		<annotation source="BABELFY" anchor="word" bfScore="0.7475500950709375" coherenceScore="0.6462585034013606">bn:00010217n</annotation>
		<annotation source="BABELFY" anchor="neighbour" bfScore="1.0" coherenceScore="0.013605442176870748">bn:00091039v</annotation>
		<annotation source="BABELFY" anchor="thyself" bfScore="1.0" coherenceScore="0.006802721088435374">bn:00066821n</annotation>
		<annotation source="MCS" anchor="bite" bfScore="--" coherenceScore="--">bn:00010744n</annotation>
		<annotation source="MCS" anchor="devour" bfScore="--" coherenceScore="--">bn:00086763v</annotation>
		<annotation source="BABELFY" anchor="take heed" bfScore="1.0" coherenceScore="0.013605442176870748">bn:00089280v</annotation>
		<annotation source="BABELFY" anchor="heed" bfScore="0.9375" coherenceScore="0.02040816326530612">bn:00089295v</annotation>
		<annotation source="BABELFY" anchor="consumed" bfScore="0.9285714285714286" coherenceScore="0.08843537414965986">bn:00085689v</annotation>
		<annotation source="MCS" anchor="Walk" bfScore="--" coherenceScore="--">bn:00095597v</annotation>
		<annotation source="BABELFY" anchor="Walk in" bfScore="1.0" coherenceScore="0.05442176870748299">bn:00095609v</annotation>
		<annotation source="MCS" anchor="lust" bfScore="--" coherenceScore="--">bn:00050478n</annotation>
		<annotation source="BABELFY" anchor="contrary" bfScore="0.978494623655914" coherenceScore="0.08843537414965986">bn:00100400a</annotation>
		<annotation source="BABELFY" anchor="things" bfScore="0.9063444108761329" coherenceScore="0.20408163265306123">bn:00006125n</annotation>
		<annotation source="MCS" anchor="led" bfScore="--" coherenceScore="--">bn:00085567v</annotation>
		<annotation source="MCS" anchor="works" bfScore="--" coherenceScore="--">bn:00081568n</annotation>
		<annotation source="BABELFY" anchor="works of the flesh" bfScore="1.0" coherenceScore="0.3469387755102041">bn:00031244n</annotation>
		<annotation source="BABELFY" anchor="manifest" bfScore="1.0" coherenceScore="0.027210884353741496">bn:00097350a</annotation>
		<annotation source="BABELFY" anchor="Adultery" bfScore="0.9922057677318784" coherenceScore="0.2585034013605442">bn:00001543n</annotation>
		<annotation source="BABELFY" anchor="fornication" bfScore="0.8283582089552238" coherenceScore="0.25170068027210885">bn:00001543n</annotation>
		<annotation source="BABELFY" anchor="uncleanness" bfScore="1.0" coherenceScore="0.027210884353741496">bn:00027392n</annotation>
		<annotation source="MCS" anchor="lasciviousness" bfScore="--" coherenceScore="--">bn:00016125n</annotation>
		<annotation source="BABELFY" anchor="Idolatry" bfScore="0.708502024291498" coherenceScore="0.17006802721088435">bn:00045856n</annotation>
		<annotation source="MCS" anchor="witchcraft" bfScore="--" coherenceScore="--">bn:00081431n</annotation>
		<annotation source="BABELFY" anchor="hatred" bfScore="0.9860257126886529" coherenceScore="0.3333333333333333">bn:00043140n</annotation>
		<annotation source="MCS" anchor="variance" bfScore="--" coherenceScore="--">bn:00027533n</annotation>
		<annotation source="MCS" anchor="emulations" bfScore="--" coherenceScore="--">bn:00030642n</annotation>
		<annotation source="MCS" anchor="wrath" bfScore="--" coherenceScore="--">bn:00081680n</annotation>
		<annotation source="BABELFY" anchor="strife" bfScore="1.0" coherenceScore="0.013605442176870748">bn:00074667n</annotation>
		<annotation source="BABELFY" anchor="seditions" bfScore="0.9951219512195122" coherenceScore="0.08163265306122448">bn:00070244n</annotation>
		<annotation source="BABELFY" anchor="heresies" bfScore="0.8527918781725888" coherenceScore="0.2857142857142857">bn:00043819n</annotation>
		<annotation source="MCS" anchor="murders" bfScore="--" coherenceScore="--">bn:00032175n</annotation>
		<annotation source="MCS" anchor="drunkenness" bfScore="--" coherenceScore="--">bn:00028916n</annotation>
		<annotation source="MCS" anchor="tell" bfScore="--" coherenceScore="--">bn:00093287v</annotation>
		<annotation source="MCS" anchor="told" bfScore="--" coherenceScore="--">bn:00093287v</annotation>
		<annotation source="BABELFY" anchor="time" bfScore="0.738030095759234" coherenceScore="0.35374149659863946">bn:00077270n</annotation>
		<annotation source="MCS" anchor="past" bfScore="--" coherenceScore="--">bn:00060927n</annotation>
		<annotation source="BABELFY" anchor="inherit" bfScore="0.8475836431226765" coherenceScore="0.1292517006802721">bn:00089736v</annotation>
		<annotation source="BABELFY" anchor="kingdom" bfScore="0.9052037111738604" coherenceScore="0.22448979591836735">bn:00055624n</annotation>
		<annotation source="BABELFY" anchor="kingdom of God" bfScore="0.7104885057471264" coherenceScore="0.2925170068027211">bn:15686337n</annotation>
		<annotation source="BABELFY" anchor="God" bfScore="0.751673011420557" coherenceScore="0.7687074829931972">bn:00040878n</annotation>
		<annotation source="MCS" anchor="fruit" bfScore="--" coherenceScore="--">bn:00036686n</annotation>
		<annotation source="BABELFY" anchor="fruit of the Spirit" bfScore="1.0" coherenceScore="0.17687074829931973">bn:01637115n</annotation>
		<annotation source="MCS" anchor="joy" bfScore="--" coherenceScore="--">bn:00048468n</annotation>
		<annotation source="MCS" anchor="peace" bfScore="--" coherenceScore="--">bn:00061149n</annotation>
		<annotation source="MCS" anchor="longsuffering" bfScore="--" coherenceScore="--">bn:13742119n</annotation>
		<annotation source="MCS" anchor="gentleness" bfScore="--" coherenceScore="--">bn:00037773n</annotation>
		<annotation source="BABELFY" anchor="goodness" bfScore="0.944300518134715" coherenceScore="0.1836734693877551">bn:00041060n</annotation>
		<annotation source="MCS" anchor="Meekness" bfScore="--" coherenceScore="--">bn:00054179n</annotation>
		<annotation source="BABELFY" anchor="temperance" bfScore="0.8383233532934131" coherenceScore="0.20408163265306123">bn:00055459n</annotation>
		<annotation source="MCS" anchor="crucified" bfScore="--" coherenceScore="--">bn:00086098v</annotation>
		<annotation source="BABELFY" anchor="affections" bfScore="0.8807565789473685" coherenceScore="0.23129251700680273">bn:00001744n</annotation>
		<annotation source="MCS" anchor="lusts" bfScore="--" coherenceScore="--">bn:00050478n</annotation>
		<annotation source="MCS" anchor="live" bfScore="--" coherenceScore="--">bn:00087441v</annotation>
		<annotation source="BABELFY" anchor="live in" bfScore="1.0" coherenceScore="0.027210884353741496">bn:00090411v</annotation>
		<annotation source="BABELFY" anchor="Spirit" bfScore="0.7577821011673151" coherenceScore="0.2585034013605442">bn:00030584n</annotation>
		<annotation source="MCS" anchor="walk" bfScore="--" coherenceScore="--">bn:00095597v</annotation>
		<annotation source="BABELFY" anchor="walk in" bfScore="1.0" coherenceScore="0.05442176870748299">bn:00095609v</annotation>
		<annotation source="BABELFY" anchor="Spirit" bfScore="0.7625916292267676" coherenceScore="0.2925170068027211">bn:00027551n</annotation>
		<annotation source="BABELFY" anchor="desirous" bfScore="1.0" coherenceScore="0.06802721088435375">bn:00101238a</annotation>
		<annotation source="BABELFY" anchor="vain" bfScore="0.9863481228668942" coherenceScore="0.11564625850340136">bn:00100184a</annotation>
		<annotation source="BABELFY" anchor="glory" bfScore="0.9015706806282723" coherenceScore="0.14285714285714285">bn:00007184n</annotation>
		<annotation source="MCS" anchor="provoking" bfScore="--" coherenceScore="--">bn:00082768v</annotation>
		<annotation source="BABELFY" anchor="envying" bfScore="0.7148514851485148" coherenceScore="0.1292517006802721">bn:00083351v</annotation>
	</annotations>
</paragraph>
<paragraph id="p.6">
	<text>
		Brethren , if a man be overtaken in a fault , ye which are spiritual , restore such an one in the spirit of meekness ; considering thyself , lest thou also be tempted .
		Bear ye one another&amp;apos;s burdens , and so fulfil the law of Christ .
		For if a man think himself to be something , when he is nothing , he deceiveth himself .
		But let every man prove his own work , and then shall he have rejoicing in himself alone , and not in another .
		For every man shall bear his own burden .
		Let him that is taught in the word communicate unto him that teacheth in all good things .
		Be not deceived ; God is not mocked : for whatsoever a man soweth , that shall he also reap .
		For he that soweth to his flesh shall of the flesh reap corruption ; but he that soweth to the Spirit shall of the Spirit reap life everlasting .
		And let us not be weary in well doing : for in due season we shall reap , if we faint not .
		As we have therefore opportunity , let us do good unto all men , especially unto them who are of the household of faith .
		Ye see how large a letter I have written unto you with mine own hand .
		As many as desire to make a fair shew in the flesh , they constrain you to be circumcised ; only lest they should suffer persecution for the cross of Christ .
		For neither they themselves who are circumcised keep the law ; but desire to have you circumcised , that they may glory in your flesh .
		But God forbid that I should glory , save in the cross of our Lord Jesus Christ , by whom the world is crucified unto me , and I unto the world .
		For in Christ Jesus neither circumcision availeth anything , nor uncircumcision , but a new creature .
		And as many as walk according to this rule , peace be on them , and mercy , and upon the Israel of God .
		From henceforth let no man trouble me : for I bear in my body the marks of the Lord Jesus .
		Brethren , the grace of our Lord Jesus Christ be with your spirit . Amen .
	</text>
	<annotations>
		<annotation source="MCS" anchor="Brethren" bfScore="--" coherenceScore="--">bn:00013012n</annotation>
		<annotation source="MCS" anchor="man" bfScore="--" coherenceScore="--">bn:00001533n</annotation>
		<annotation source="BABELFY" anchor="overtaken" bfScore="1.0" coherenceScore="0.056451612903225805">bn:00091282v</annotation>
		<annotation source="MCS" anchor="fault" bfScore="--" coherenceScore="--">bn:00031485n</annotation>
		<annotation source="MCS" anchor="spiritual" bfScore="--" coherenceScore="--">bn:00109661a</annotation>
		<annotation source="BABELFY" anchor="restore" bfScore="0.9965156794425087" coherenceScore="0.10483870967741936">bn:00092614v</annotation>
		<annotation source="MCS" anchor="spirit" bfScore="--" coherenceScore="--">bn:00073430n</annotation>
		<annotation source="MCS" anchor="meekness" bfScore="--" coherenceScore="--">bn:00054179n</annotation>
		<annotation source="MCS" anchor="considering" bfScore="--" coherenceScore="--">bn:00085647v</annotation>
		<annotation source="BABELFY" anchor="thyself" bfScore="1.0" coherenceScore="0.008064516129032258">bn:00066821n</annotation>
		<annotation source="MCS" anchor="tempted" bfScore="--" coherenceScore="--">bn:00082548v</annotation>
		<annotation source="BABELFY" anchor="Bear" bfScore="0.7142857142857143" coherenceScore="0.21774193548387097">bn:00009342n</annotation>
		<annotation source="MCS" anchor="&amp;apos;s" bfScore="--" coherenceScore="--">bn:13666728v</annotation>
		<annotation source="MCS" anchor="burdens" bfScore="--" coherenceScore="--">bn:00013941n</annotation>
		<annotation source="MCS" anchor="fulfil" bfScore="--" coherenceScore="--">bn:00082225v</annotation>
		<annotation source="MCS" anchor="law" bfScore="--" coherenceScore="--">bn:00048655n</annotation>
		<annotation source="BABELFY" anchor="law of Christ" bfScore="1.0" coherenceScore="0.24193548387096775">bn:01433010n</annotation>
		<annotation source="BABELFY" anchor="Christ" bfScore="0.9398721262413278" coherenceScore="0.6774193548387096">bn:00018805n</annotation>
		<annotation source="MCS" anchor="think" bfScore="--" coherenceScore="--">bn:00083370v</annotation>
		<annotation source="MCS" anchor="prove" bfScore="--" coherenceScore="--">bn:00092109v</annotation>
		<annotation source="MCS" anchor="work" bfScore="--" coherenceScore="--">bn:00081568n</annotation>
		<annotation source="BABELFY" anchor="rejoicing" bfScore="0.9763779527559056" coherenceScore="0.25">bn:00089996v</annotation>
		<annotation source="MCS" anchor="bear" bfScore="--" coherenceScore="--">bn:00083221v</annotation>
		<annotation source="MCS" anchor="burden" bfScore="--" coherenceScore="--">bn:00013941n</annotation>
		<annotation source="BABELFY" anchor="taught" bfScore="0.7016706443914081" coherenceScore="0.28225806451612906">bn:00089791v</annotation>
		<annotation source="MCS" anchor="word" bfScore="--" coherenceScore="--">bn:00081546n</annotation>
		<annotation source="MCS" anchor="communicate" bfScore="--" coherenceScore="--">bn:00085435v</annotation>
		<annotation source="BABELFY" anchor="teacheth" bfScore="1.0" coherenceScore="0.3709677419354839">bn:00046958n</annotation>
		<annotation source="MCS" anchor="good" bfScore="--" coherenceScore="--">bn:00103672a</annotation>
		<annotation source="BABELFY" anchor="good things" bfScore="0.927536231884058" coherenceScore="0.06451612903225806">bn:03451245n</annotation>
		<annotation source="BABELFY" anchor="things" bfScore="0.8885542168674698" coherenceScore="0.24193548387096775">bn:00006125n</annotation>
		<annotation source="BABELFY" anchor="deceived" bfScore="0.9851042701092354" coherenceScore="0.25">bn:00083460v</annotation>
		<annotation source="BABELFY" anchor="mocked" bfScore="0.9074074074074074" coherenceScore="0.056451612903225805">bn:00090874v</annotation>
		<annotation source="BABELFY" anchor="reap" bfScore="1.0" coherenceScore="0.024193548387096774">bn:00088884v</annotation>
		<annotation source="MCS" anchor="flesh" bfScore="--" coherenceScore="--">bn:00035182n</annotation>
		<annotation source="MCS" anchor="corruption" bfScore="--" coherenceScore="--">bn:00022881n</annotation>
		<annotation source="MCS" anchor="Spirit" bfScore="--" coherenceScore="--">bn:00073430n</annotation>
		<annotation source="MCS" anchor="life" bfScore="--" coherenceScore="--">bn:00051045n</annotation>
		<annotation source="MCS" anchor="life everlasting" bfScore="--" coherenceScore="--">bn:13739870n</annotation>
		<annotation source="MCS" anchor="everlasting" bfScore="--" coherenceScore="--">bn:00032037n</annotation>
		<annotation source="BABELFY" anchor="weary" bfScore="1.0" coherenceScore="0.06451612903225806">bn:00097884a</annotation>
		<annotation source="MCS" anchor="season" bfScore="--" coherenceScore="--">bn:00070056n</annotation>
		<annotation source="BABELFY" anchor="faint" bfScore="1.0" coherenceScore="0.10483870967741936">bn:00085620v</annotation>
		<annotation source="BABELFY" anchor="opportunity" bfScore="0.8832116788321168" coherenceScore="0.08870967741935484">bn:03447030n</annotation>
		<annotation source="MCS" anchor="men" bfScore="--" coherenceScore="--">bn:00001533n</annotation>
		<annotation source="BABELFY" anchor="especially" bfScore="0.9692307692307692" coherenceScore="0.056451612903225805">bn:00115235r</annotation>
		<annotation source="BABELFY" anchor="household" bfScore="1.0" coherenceScore="0.12096774193548387">bn:00032892n</annotation>
		<annotation source="BABELFY" anchor="faith" bfScore="0.8968189754290338" coherenceScore="0.8709677419354839">bn:00032768n</annotation>
		<annotation source="MCS" anchor="letter" bfScore="--" coherenceScore="--">bn:00050802n</annotation>
		<annotation source="MCS" anchor="written" bfScore="--" coherenceScore="--">bn:00085489v</annotation>
		<annotation source="MCS" anchor="hand" bfScore="--" coherenceScore="--">bn:00042759n</annotation>
		<annotation source="MCS" anchor="desire" bfScore="--" coherenceScore="--">bn:00026550n</annotation>
		<annotation source="MCS" anchor="fair" bfScore="--" coherenceScore="--">bn:00102719a</annotation>
		<annotation source="BABELFY" anchor="shew" bfScore="1.0" coherenceScore="0.024193548387096774">bn:00086567v</annotation>
		<annotation source="BABELFY" anchor="constrain" bfScore="1.0" coherenceScore="0.016129032258064516">bn:00085675v</annotation>
		<annotation source="BABELFY" anchor="circumcised" bfScore="0.8379052369077307" coherenceScore="0.25806451612903225">bn:00084994v</annotation>
		<annotation source="MCS" anchor="suffer" bfScore="--" coherenceScore="--">bn:00087618v</annotation>
		<annotation source="BABELFY" anchor="persecution" bfScore="1.0" coherenceScore="0.28225806451612906">bn:00061697n</annotation>
		<annotation source="MCS" anchor="cross" bfScore="--" coherenceScore="--">bn:00023946n</annotation>
		<annotation source="MCS" anchor="keep" bfScore="--" coherenceScore="--">bn:00089384v</annotation>
		<annotation source="MCS" anchor="desire" bfScore="--" coherenceScore="--">bn:00086682v</annotation>
		<annotation source="BABELFY" anchor="glory" bfScore="1.0" coherenceScore="0.008064516129032258">bn:00088898v</annotation>
		<annotation source="BABELFY" anchor="forbid" bfScore="0.765625" coherenceScore="0.056451612903225805">bn:00086877v</annotation>
		<annotation source="MCS" anchor="save" bfScore="--" coherenceScore="--">bn:00092745v</annotation>
		<annotation source="BABELFY" anchor="Lord Jesus" bfScore="1.0" coherenceScore="0.6854838709677419">bn:00018805n</annotation>
		<annotation source="BABELFY" anchor="Lord Jesus Christ" bfScore="1.0" coherenceScore="0.6854838709677419">bn:00018805n</annotation>
		<annotation source="BABELFY" anchor="Jesus" bfScore="0.7742044589757321" coherenceScore="0.6774193548387096">bn:00018805n</annotation>
		<annotation source="BABELFY" anchor="Jesus Christ" bfScore="0.9211138432910214" coherenceScore="0.6774193548387096">bn:00018805n</annotation>
		<annotation source="MCS" anchor="world" bfScore="--" coherenceScore="--">bn:00022991n</annotation>
		<annotation source="MCS" anchor="crucified" bfScore="--" coherenceScore="--">bn:00086098v</annotation>
		<annotation source="BABELFY" anchor="Christ Jesus" bfScore="1.0" coherenceScore="0.6854838709677419">bn:00018805n</annotation>
		<annotation source="MCS" anchor="circumcision" bfScore="--" coherenceScore="--">bn:00019203n</annotation>
		<annotation source="BABELFY" anchor="uncircumcision" bfScore="1.0" coherenceScore="0.25806451612903225">bn:03523388n</annotation>
		<annotation source="MCS" anchor="new" bfScore="--" coherenceScore="--">bn:00107267a</annotation>
		<annotation source="BABELFY" anchor="creature" bfScore="0.8155483298847177" coherenceScore="0.5">bn:00004222n</annotation>
		<annotation source="MCS" anchor="walk" bfScore="--" coherenceScore="--">bn:00080357n</annotation>
		<annotation source="MCS" anchor="according" bfScore="--" coherenceScore="--">bn:00082227v</annotation>
		<annotation source="MCS" anchor="rule" bfScore="--" coherenceScore="--">bn:00066933n</annotation>
		<annotation source="MCS" anchor="peace" bfScore="--" coherenceScore="--">bn:00061149n</annotation>
		<annotation source="MCS" anchor="mercy" bfScore="--" coherenceScore="--">bn:00019708n</annotation>
		<annotation source="BABELFY" anchor="Israel" bfScore="0.7918908677529367" coherenceScore="0.6532258064516129">bn:00047679n</annotation>
		<annotation source="BABELFY" anchor="Israel of God" bfScore="1.0" coherenceScore="0.3225806451612903">bn:03310408n</annotation>
		<annotation source="BABELFY" anchor="henceforth" bfScore="1.0" coherenceScore="0.08870967741935484">bn:00115638r</annotation>
		<annotation source="BABELFY" anchor="trouble" bfScore="0.8751279426816786" coherenceScore="0.3064516129032258">bn:00078425n</annotation>
		<annotation source="MCS" anchor="body" bfScore="--" coherenceScore="--">bn:00011744n</annotation>
		<annotation source="MCS" anchor="marks" bfScore="--" coherenceScore="--">bn:00041241n</annotation>
		<annotation source="MCS" anchor="grace" bfScore="--" coherenceScore="--">bn:00041221n</annotation>
		<annotation source="MCS" anchor="Amen" bfScore="--" coherenceScore="--">bn:00003325n</annotation>
	</annotations>
</paragraph>
</dataset>
