<?xml version="1.0" encoding="utf-8"?>
<dataset language="EN" title="HAB">
<paragraph id="p.1">
	<text>
		The burden which Habakkuk the prophet did see .
		O LORD , how long shall I cry , and thou wilt not hear ! even cry out unto thee of violence , and thou wilt not save !
		Why dost thou shew me iniquity , and cause me to behold grievance ? for spoiling and violence are before me : and there are that raise up strife and contention .
		Therefore the law is slacked , and judgment doth never go forth : for the wicked doth compass about the righteous ; therefore wrong judgment proceedeth .
		Behold ye among the heathen , and regard , and wonder marvellously : for I will work a work in your days , which ye will not believe , though it be told you .
		For , lo , I raise up the Chaldeans , that bitter and hasty nation , which shall march through the breadth of the land , to possess the dwellingplaces that are not theirs .
		They are terrible and dreadful : their judgment and their dignity shall proceed of themselves .
		Their horses also are swifter than the leopards , and are more fierce than the evening wolves : and their horsemen shall spread themselves , and their horsemen shall come from far ; they shall fly as the eagle that hasteth to eat .
		They shall come all for violence : their faces shall sup up as the east wind , and they shall gather the captivity as the sand .
		And they shall scoff at the kings , and the princes shall be a scorn unto them : they shall deride every strong hold ; for they shall heap dust , and take it .
		Then shall his mind change , and he shall pass over , and offend , imputing this his power unto his god .
		Art thou not from everlasting , O LORD my God , mine Holy One ? we shall not die . O LORD , thou hast ordained them for judgment ; and , O mighty God , thou hast established them for correction .
		Thou art of purer eyes than to behold evil , and canst not look on iniquity : wherefore lookest thou upon them that deal treacherously , and holdest thy tongue when the wicked devoureth the man that is more righteous than he ?
		And makest men as the fishes of the sea , as the creeping things , that have no ruler over them ?
		They take up all of them with the angle , they catch them in their net , and gather them in their drag : therefore they rejoice and are glad .
		Therefore they sacrifice unto their net , and burn incense unto their drag ; because by them their portion is fat , and their meat plenteous .
		Shall they therefore empty their net , and not spare continually to slay the nations ?
	</text>
	<annotations>
		<annotation source="BABELFY" anchor="burden" bfScore="0.8654545454545455" coherenceScore="0.09333333333333334">bn:00013944n</annotation>
		<annotation source="BABELFY" anchor="Habakkuk" bfScore="0.7991543340380549" coherenceScore="0.09333333333333334">bn:00012085n</annotation>
		<annotation source="BABELFY" anchor="prophet" bfScore="0.8462055070517126" coherenceScore="0.13333333333333333">bn:00064759n</annotation>
		<annotation source="BABELFY" anchor="long" bfScore="1.0" coherenceScore="0.02666666666666667">bn:00116154r</annotation>
		<annotation source="MCS" anchor="cry" bfScore="--" coherenceScore="--">bn:00084388v</annotation>
		<annotation source="BABELFY" anchor="wilt" bfScore="1.0" coherenceScore="0.013333333333333334">bn:00095776v</annotation>
		<annotation source="MCS" anchor="hear" bfScore="--" coherenceScore="--">bn:00089277v</annotation>
		<annotation source="BABELFY" anchor="cry out" bfScore="1.0" coherenceScore="0.06666666666666667">bn:00084428v</annotation>
		<annotation source="BABELFY" anchor="violence" bfScore="0.9250191277735271" coherenceScore="0.26">bn:00035772n</annotation>
		<annotation source="MCS" anchor="save" bfScore="--" coherenceScore="--">bn:00092745v</annotation>
		<annotation source="BABELFY" anchor="shew" bfScore="1.0" coherenceScore="0.03333333333333333">bn:00086567v</annotation>
		<annotation source="BABELFY" anchor="iniquity" bfScore="0.7310704960835509" coherenceScore="0.09333333333333334">bn:00032048n</annotation>
		<annotation source="MCS" anchor="behold" bfScore="--" coherenceScore="--">bn:00083356v</annotation>
		<annotation source="MCS" anchor="grievance" bfScore="--" coherenceScore="--">bn:00041785n</annotation>
		<annotation source="MCS" anchor="spoiling" bfScore="--" coherenceScore="--">bn:00083055v</annotation>
		<annotation source="MCS" anchor="raise" bfScore="--" coherenceScore="--">bn:00044138n</annotation>
		<annotation source="BABELFY" anchor="raise up" bfScore="1.0" coherenceScore="0.013333333333333334">bn:02976710n</annotation>
		<annotation source="BABELFY" anchor="strife" bfScore="0.8953488372093024" coherenceScore="0.07333333333333333">bn:00074667n</annotation>
		<annotation source="MCS" anchor="contention" bfScore="--" coherenceScore="--">bn:00022159n</annotation>
		<annotation source="MCS" anchor="law" bfScore="--" coherenceScore="--">bn:00048655n</annotation>
		<annotation source="MCS" anchor="slacked" bfScore="--" coherenceScore="--">bn:00093833v</annotation>
		<annotation source="MCS" anchor="judgment" bfScore="--" coherenceScore="--">bn:00048493n</annotation>
		<annotation source="MCS" anchor="wicked" bfScore="--" coherenceScore="--">bn:14713858n</annotation>
		<annotation source="MCS" anchor="compass" bfScore="--" coherenceScore="--">bn:00021309n</annotation>
		<annotation source="BABELFY" anchor="righteous" bfScore="1.0" coherenceScore="0.09333333333333334">bn:14362002n</annotation>
		<annotation source="MCS" anchor="wrong" bfScore="--" coherenceScore="--">bn:00104880a</annotation>
		<annotation source="MCS" anchor="Behold" bfScore="--" coherenceScore="--">bn:00083356v</annotation>
		<annotation source="BABELFY" anchor="heathen" bfScore="1.0" coherenceScore="0.03333333333333333">bn:00102421a</annotation>
		<annotation source="BABELFY" anchor="regard" bfScore="0.756043956043956" coherenceScore="0.16">bn:00031654n</annotation>
		<annotation source="MCS" anchor="wonder" bfScore="--" coherenceScore="--">bn:00087656v</annotation>
		<annotation source="BABELFY" anchor="marvellously" bfScore="1.0" coherenceScore="0.006666666666666667">bn:00116199r</annotation>
		<annotation source="MCS" anchor="work" bfScore="--" coherenceScore="--">bn:00095812v</annotation>
		<annotation source="MCS" anchor="work" bfScore="--" coherenceScore="--">bn:00081568n</annotation>
		<annotation source="BABELFY" anchor="work in" bfScore="1.0" coherenceScore="0.04">bn:00081573n</annotation>
		<annotation source="MCS" anchor="days" bfScore="--" coherenceScore="--">bn:00000086n</annotation>
		<annotation source="MCS" anchor="believe" bfScore="--" coherenceScore="--">bn:00083369v</annotation>
		<annotation source="MCS" anchor="told" bfScore="--" coherenceScore="--">bn:00093287v</annotation>
		<annotation source="MCS" anchor="lo" bfScore="--" coherenceScore="--">bn:02282049n</annotation>
		<annotation source="MCS" anchor="raise" bfScore="--" coherenceScore="--">bn:00092332v</annotation>
		<annotation source="BABELFY" anchor="raise up" bfScore="1.0" coherenceScore="0.006666666666666667">bn:00082471v</annotation>
		<annotation source="MCS" anchor="bitter" bfScore="--" coherenceScore="--">bn:00096355a</annotation>
		<annotation source="MCS" anchor="hasty" bfScore="--" coherenceScore="--">bn:00103993a</annotation>
		<annotation source="BABELFY" anchor="nation" bfScore="0.8663767306387903" coherenceScore="0.6266666666666667">bn:00023236n</annotation>
		<annotation source="BABELFY" anchor="march" bfScore="0.7933884297520661" coherenceScore="0.05333333333333334">bn:00082188v</annotation>
		<annotation source="MCS" anchor="breadth" bfScore="--" coherenceScore="--">bn:00012892n</annotation>
		<annotation source="BABELFY" anchor="land" bfScore="0.8579513750498207" coherenceScore="0.6266666666666667">bn:00023236n</annotation>
		<annotation source="MCS" anchor="possess" bfScore="--" coherenceScore="--">bn:00091873v</annotation>
		<annotation source="BABELFY" anchor="dwellingplaces" bfScore="1.0" coherenceScore="0.04666666666666667">bn:00075808n</annotation>
		<annotation source="MCS" anchor="terrible" bfScore="--" coherenceScore="--">bn:00097890a</annotation>
		<annotation source="BABELFY" anchor="dreadful" bfScore="0.742671009771987" coherenceScore="0.08">bn:00097890a</annotation>
		<annotation source="MCS" anchor="dignity" bfScore="--" coherenceScore="--">bn:00027103n</annotation>
		<annotation source="MCS" anchor="proceed" bfScore="--" coherenceScore="--">bn:00084594v</annotation>
		<annotation source="BABELFY" anchor="horses" bfScore="0.9271523178807947" coherenceScore="0.23333333333333334">bn:00031345n</annotation>
		<annotation source="MCS" anchor="swifter" bfScore="--" coherenceScore="--">bn:00103088a</annotation>
		<annotation source="BABELFY" anchor="leopards" bfScore="0.725925925925926" coherenceScore="0.09333333333333334">bn:00050713n</annotation>
		<annotation source="MCS" anchor="fierce" bfScore="--" coherenceScore="--">bn:00102901a</annotation>
		<annotation source="MCS" anchor="evening" bfScore="--" coherenceScore="--">bn:00031998n</annotation>
		<annotation source="MCS" anchor="wolves" bfScore="--" coherenceScore="--">bn:00081469n</annotation>
		<annotation source="MCS" anchor="horsemen" bfScore="--" coherenceScore="--">bn:00031301n</annotation>
		<annotation source="MCS" anchor="spread" bfScore="--" coherenceScore="--">bn:00087063v</annotation>
		<annotation source="MCS" anchor="fly" bfScore="--" coherenceScore="--">bn:00088378v</annotation>
		<annotation source="MCS" anchor="eagle" bfScore="--" coherenceScore="--">bn:00010631n</annotation>
		<annotation source="MCS" anchor="eat" bfScore="--" coherenceScore="--">bn:00087460v</annotation>
		<annotation source="MCS" anchor="faces" bfScore="--" coherenceScore="--">bn:00032600n</annotation>
		<annotation source="BABELFY" anchor="sup" bfScore="1.0" coherenceScore="0.04">bn:00094593v</annotation>
		<annotation source="BABELFY" anchor="east" bfScore="1.0" coherenceScore="0.05333333333333334">bn:00101959a</annotation>
		<annotation source="BABELFY" anchor="east wind" bfScore="0.8235294117647058" coherenceScore="0.04">bn:00029496n</annotation>
		<annotation source="BABELFY" anchor="wind" bfScore="0.9272727272727272" coherenceScore="0.19333333333333333">bn:00002216n</annotation>
		<annotation source="MCS" anchor="gather" bfScore="--" coherenceScore="--">bn:00085289v</annotation>
		<annotation source="BABELFY" anchor="captivity" bfScore="0.8888888888888888" coherenceScore="0.13333333333333333">bn:00015771n</annotation>
		<annotation source="MCS" anchor="sand" bfScore="--" coherenceScore="--">bn:00069126n</annotation>
		<annotation source="BABELFY" anchor="scoff" bfScore="0.75" coherenceScore="0.06666666666666667">bn:00088348v</annotation>
		<annotation source="BABELFY" anchor="kings" bfScore="0.8731012658227848" coherenceScore="0.20666666666666667">bn:00024097n</annotation>
		<annotation source="MCS" anchor="princes" bfScore="--" coherenceScore="--">bn:00064405n</annotation>
		<annotation source="BABELFY" anchor="scorn" bfScore="0.8283898305084746" coherenceScore="0.11333333333333333">bn:00022146n</annotation>
		<annotation source="MCS" anchor="deride" bfScore="--" coherenceScore="--">bn:00086651v</annotation>
		<annotation source="MCS" anchor="strong" bfScore="--" coherenceScore="--">bn:00111312a</annotation>
		<annotation source="MCS" anchor="hold" bfScore="--" coherenceScore="--">bn:00019475n</annotation>
		<annotation source="MCS" anchor="heap" bfScore="--" coherenceScore="--">bn:00089273v</annotation>
		<annotation source="MCS" anchor="dust" bfScore="--" coherenceScore="--">bn:00029192n</annotation>
		<annotation source="BABELFY" anchor="take it" bfScore="1.0" coherenceScore="0.04666666666666667">bn:00082872v</annotation>
		<annotation source="MCS" anchor="mind" bfScore="--" coherenceScore="--">bn:00012681n</annotation>
		<annotation source="BABELFY" anchor="change" bfScore="0.9158915495745102" coherenceScore="0.3466666666666667">bn:00053823n</annotation>
		<annotation source="MCS" anchor="pass" bfScore="--" coherenceScore="--">bn:00088932v</annotation>
		<annotation source="MCS" anchor="pass over" bfScore="--" coherenceScore="--">bn:00090018v</annotation>
		<annotation source="BABELFY" anchor="offend" bfScore="0.773286467486819" coherenceScore="0.13333333333333333">bn:00083897v</annotation>
		<annotation source="BABELFY" anchor="imputing" bfScore="0.8608695652173913" coherenceScore="0.06">bn:00082815v</annotation>
		<annotation source="MCS" anchor="power" bfScore="--" coherenceScore="--">bn:00063940n</annotation>
		<annotation source="BABELFY" anchor="god" bfScore="0.8382394699479413" coherenceScore="0.5466666666666666">bn:00040878n</annotation>
		<annotation source="MCS" anchor="everlasting" bfScore="--" coherenceScore="--">bn:00032037n</annotation>
		<annotation source="BABELFY" anchor="God" bfScore="0.8382394699479413" coherenceScore="0.5466666666666666">bn:00040878n</annotation>
		<annotation source="MCS" anchor="Holy" bfScore="--" coherenceScore="--">bn:00044465n</annotation>
		<annotation source="MCS" anchor="die" bfScore="--" coherenceScore="--">bn:00084343v</annotation>
		<annotation source="MCS" anchor="ordained" bfScore="--" coherenceScore="--">bn:00087588v</annotation>
		<annotation source="BABELFY" anchor="mighty" bfScore="1.0" coherenceScore="0.05333333333333334">bn:00106713a</annotation>
		<annotation source="MCS" anchor="established" bfScore="--" coherenceScore="--">bn:00087732v</annotation>
		<annotation source="MCS" anchor="correction" bfScore="--" coherenceScore="--">bn:00022841n</annotation>
		<annotation source="MCS" anchor="purer" bfScore="--" coherenceScore="--">bn:00109244a</annotation>
		<annotation source="BABELFY" anchor="eyes" bfScore="0.9283819628647215" coherenceScore="0.23333333333333334">bn:00032512n</annotation>
		<annotation source="MCS" anchor="evil" bfScore="--" coherenceScore="--">bn:00102474a</annotation>
		<annotation source="MCS" anchor="canst" bfScore="--" coherenceScore="--">bn:00313316n</annotation>
		<annotation source="MCS" anchor="look" bfScore="--" coherenceScore="--">bn:00090448v</annotation>
		<annotation source="MCS" anchor="look on" bfScore="--" coherenceScore="--">bn:00090463v</annotation>
		<annotation source="BABELFY" anchor="deal" bfScore="0.7130801687763713" coherenceScore="0.08666666666666667">bn:00008568n</annotation>
		<annotation source="BABELFY" anchor="treacherously" bfScore="1.0" coherenceScore="0.02">bn:00115314r</annotation>
		<annotation source="MCS" anchor="tongue" bfScore="--" coherenceScore="--">bn:00019439n</annotation>
		<annotation source="MCS" anchor="wicked" bfScore="--" coherenceScore="--">bn:00113857a</annotation>
		<annotation source="BABELFY" anchor="man" bfScore="0.8190197675279485" coherenceScore="0.8333333333333334">bn:00044576n</annotation>
		<annotation source="BABELFY" anchor="righteous" bfScore="0.9506172839506173" coherenceScore="0.04666666666666667">bn:00109866a</annotation>
		<annotation source="BABELFY" anchor="men" bfScore="0.8190197675279485" coherenceScore="0.8333333333333334">bn:00044576n</annotation>
		<annotation source="BABELFY" anchor="fishes" bfScore="0.9372256365232661" coherenceScore="0.23333333333333334">bn:00062612n</annotation>
		<annotation source="MCS" anchor="sea" bfScore="--" coherenceScore="--">bn:00069946n</annotation>
		<annotation source="MCS" anchor="creeping" bfScore="--" coherenceScore="--">bn:00085991v</annotation>
		<annotation source="BABELFY" anchor="things" bfScore="0.9276073619631902" coherenceScore="0.14">bn:00006125n</annotation>
		<annotation source="MCS" anchor="ruler" bfScore="--" coherenceScore="--">bn:00068528n</annotation>
		<annotation source="MCS" anchor="take up" bfScore="--" coherenceScore="--">bn:00094792v</annotation>
		<annotation source="BABELFY" anchor="angle" bfScore="0.7941176470588235" coherenceScore="0.06">bn:00004117n</annotation>
		<annotation source="MCS" anchor="catch" bfScore="--" coherenceScore="--">bn:00084651v</annotation>
		<annotation source="BABELFY" anchor="net" bfScore="0.9444444444444444" coherenceScore="0.4533333333333333">bn:00024712n</annotation>
		<annotation source="MCS" anchor="drag" bfScore="--" coherenceScore="--">bn:00028568n</annotation>
		<annotation source="BABELFY" anchor="rejoice" bfScore="1.0" coherenceScore="0.04666666666666667">bn:00089996v</annotation>
		<annotation source="MCS" anchor="glad" bfScore="--" coherenceScore="--">bn:00103601a</annotation>
		<annotation source="MCS" anchor="sacrifice" bfScore="--" coherenceScore="--">bn:00088824v</annotation>
		<annotation source="MCS" anchor="burn" bfScore="--" coherenceScore="--">bn:00084270v</annotation>
		<annotation source="BABELFY" anchor="incense" bfScore="0.9592169657422512" coherenceScore="0.14">bn:00046267n</annotation>
		<annotation source="MCS" anchor="portion" bfScore="--" coherenceScore="--">bn:00021395n</annotation>
		<annotation source="MCS" anchor="fat" bfScore="--" coherenceScore="--">bn:00102820a</annotation>
		<annotation source="MCS" anchor="meat" bfScore="--" coherenceScore="--">bn:00054026n</annotation>
		<annotation source="BABELFY" anchor="plenteous" bfScore="1.0" coherenceScore="0.013333333333333334">bn:00097001a</annotation>
		<annotation source="MCS" anchor="empty" bfScore="--" coherenceScore="--">bn:00087578v</annotation>
		<annotation source="MCS" anchor="spare" bfScore="--" coherenceScore="--">bn:00110980a</annotation>
		<annotation source="BABELFY" anchor="continually" bfScore="1.0" coherenceScore="0.006666666666666667">bn:00114251r</annotation>
		<annotation source="BABELFY" anchor="slay" bfScore="1.0" coherenceScore="0.08666666666666667">bn:00084236v</annotation>
		<annotation source="BABELFY" anchor="nations" bfScore="0.8650076018244378" coherenceScore="0.6266666666666667">bn:00023236n</annotation>
	</annotations>
</paragraph>
<paragraph id="p.2">
	<text>
		I will stand upon my watch , and set me upon the tower , and will watch to see what he will say unto me , and what I shall answer when I am reproved .
		And the LORD answered me , and said , Write the vision , and make it plain upon tables , that he may run that readeth it .
		For the vision is yet for an appointed time , but at the end it shall speak , and not lie : though it tarry , wait for it ; because it will surely come , it will not tarry .
		Behold , his soul which is lifted up is not upright in him : but the just shall live by his faith .
		Yea also , because he transgresseth by wine , he is a proud man , neither keepeth at home , who enlargeth his desire as hell , and is as death , and cannot be satisfied , but gathereth unto him all nations , and heapeth unto him all people :
		Shall not all these take up a parable against him , and a taunting proverb against him , and say , Woe to him that increaseth that which is not his ! how long ? and to him that ladeth himself with thick clay !
		Shall they not rise up suddenly that shall bite thee , and awake that shall vex thee , and thou shalt be for booties unto them ?
		Because thou hast spoiled many nations , all the remnant of the people shall spoil thee ; because of men&amp;apos;s blood , and for the violence of the land , of the city , and of all that dwell therein .
		Woe to him that coveteth an evil covetousness to his house , that he may set his nest on high , that he may be delivered from the power of evil !
		Thou hast consulted shame to thy house by cutting off many people , and hast sinned against thy soul .
		For the stone shall cry out of the wall , and the beam out of the timber shall answer it .
		Woe to him that buildeth a town with blood , and stablisheth a city by iniquity !
		Behold , is it not of the LORD of hosts that the people shall labour in the very fire , and the people shall weary themselves for very vanity ?
		For the earth shall be filled with the knowledge of the glory of the LORD , as the waters cover the sea .
		Woe unto him that giveth his neighbour drink , that puttest thy bottle to him , and makest him drunken also , that thou mayest look on their nakedness !
		Thou art filled with shame for glory : drink thou also , and let thy foreskin be uncovered : the cup of the LORD&amp;apos;s right hand shall be turned unto thee , and shameful spewing shall be on thy glory .
		For the violence of Lebanon shall cover thee , and the spoil of beasts , which made them afraid , because of men&amp;apos;s blood , and for the violence of the land , of the city , and of all that dwell therein .
		What profiteth the graven image that the maker thereof hath graven it ; the molten image , and a teacher of lies , that the maker of his work trusteth therein , to make dumb idols ?
		Woe unto him that saith to the wood , Awake ; to the dumb stone , Arise , it shall teach ! Behold , it is laid over with gold and silver , and there is no breath at all in the midst of it .
		But the LORD is in his holy temple : let all the earth keep silence before him .
	</text>
	<annotations>
		<annotation source="MCS" anchor="stand" bfScore="--" coherenceScore="--">bn:00094275v</annotation>
		<annotation source="MCS" anchor="watch" bfScore="--" coherenceScore="--">bn:00077172n</annotation>
		<annotation source="MCS" anchor="tower" bfScore="--" coherenceScore="--">bn:00077766n</annotation>
		<annotation source="MCS" anchor="watch" bfScore="--" coherenceScore="--">bn:00095665v</annotation>
		<annotation source="MCS" anchor="answer" bfScore="--" coherenceScore="--">bn:00082646v</annotation>
		<annotation source="BABELFY" anchor="reproved" bfScore="1.0" coherenceScore="0.011235955056179775">bn:00082377v</annotation>
		<annotation source="MCS" anchor="answered" bfScore="--" coherenceScore="--">bn:00082646v</annotation>
		<annotation source="BABELFY" anchor="Write" bfScore="1.0" coherenceScore="0.19101123595505617">bn:00081714n</annotation>
		<annotation source="MCS" anchor="vision" bfScore="--" coherenceScore="--">bn:00080106n</annotation>
		<annotation source="MCS" anchor="plain" bfScore="--" coherenceScore="--">bn:00097350a</annotation>
		<annotation source="MCS" anchor="tables" bfScore="--" coherenceScore="--">bn:00075812n</annotation>
		<annotation source="MCS" anchor="appointed" bfScore="--" coherenceScore="--">bn:00082715v</annotation>
		<annotation source="BABELFY" anchor="time" bfScore="0.9147163120567375" coherenceScore="0.43258426966292135">bn:00077270n</annotation>
		<annotation source="MCS" anchor="end" bfScore="--" coherenceScore="--">bn:00030718n</annotation>
		<annotation source="MCS" anchor="speak" bfScore="--" coherenceScore="--">bn:00090943v</annotation>
		<annotation source="MCS" anchor="lie" bfScore="--" coherenceScore="--">bn:00090321v</annotation>
		<annotation source="BABELFY" anchor="tarry" bfScore="1.0" coherenceScore="0.06741573033707865">bn:00088445v</annotation>
		<annotation source="MCS" anchor="wait" bfScore="--" coherenceScore="--">bn:00095593v</annotation>
		<annotation source="MCS" anchor="wait for" bfScore="--" coherenceScore="--">bn:13610289v</annotation>
		<annotation source="BABELFY" anchor="surely" bfScore="1.0" coherenceScore="0.0056179775280898875">bn:00114694r</annotation>
		<annotation source="MCS" anchor="Behold" bfScore="--" coherenceScore="--">bn:00083356v</annotation>
		<annotation source="MCS" anchor="soul" bfScore="--" coherenceScore="--">bn:00065006n</annotation>
		<annotation source="MCS" anchor="lifted" bfScore="--" coherenceScore="--">bn:00084110v</annotation>
		<annotation source="MCS" anchor="upright" bfScore="--" coherenceScore="--">bn:00113248a</annotation>
		<annotation source="MCS" anchor="live" bfScore="--" coherenceScore="--">bn:00087441v</annotation>
		<annotation source="BABELFY" anchor="faith" bfScore="0.9650112866817155" coherenceScore="0.7303370786516854">bn:00032768n</annotation>
		<annotation source="BABELFY" anchor="Yea" bfScore="1.0" coherenceScore="0.016853932584269662">bn:00117651r</annotation>
		<annotation source="BABELFY" anchor="wine" bfScore="0.9402410874583227" coherenceScore="0.2640449438202247">bn:00080022n</annotation>
		<annotation source="BABELFY" anchor="proud" bfScore="1.0" coherenceScore="0.05056179775280899">bn:00109157a</annotation>
		<annotation source="BABELFY" anchor="man" bfScore="0.7597816295299391" coherenceScore="0.8314606741573034">bn:00044576n</annotation>
		<annotation source="MCS" anchor="home" bfScore="--" coherenceScore="--">bn:00000356n</annotation>
		<annotation source="MCS" anchor="desire" bfScore="--" coherenceScore="--">bn:00026550n</annotation>
		<annotation source="BABELFY" anchor="hell" bfScore="0.7359605911330049" coherenceScore="0.25280898876404495">bn:00043604n</annotation>
		<annotation source="BABELFY" anchor="death" bfScore="0.8163372512968678" coherenceScore="0.4157303370786517">bn:00025582n</annotation>
		<annotation source="MCS" anchor="satisfied" bfScore="--" coherenceScore="--">bn:00088614v</annotation>
		<annotation source="BABELFY" anchor="nations" bfScore="0.8248158742314016" coherenceScore="0.6573033707865169">bn:00023236n</annotation>
		<annotation source="BABELFY" anchor="people" bfScore="0.7517985611510791" coherenceScore="0.24719101123595505">bn:00061450n</annotation>
		<annotation source="MCS" anchor="take up" bfScore="--" coherenceScore="--">bn:00094792v</annotation>
		<annotation source="MCS" anchor="parable" bfScore="--" coherenceScore="--">bn:00002822n</annotation>
		<annotation source="MCS" anchor="taunting" bfScore="--" coherenceScore="--">bn:00083038v</annotation>
		<annotation source="BABELFY" anchor="proverb" bfScore="0.9538050734312417" coherenceScore="0.2640449438202247">bn:00001236n</annotation>
		<annotation source="BABELFY" anchor="Woe" bfScore="0.9230769230769231" coherenceScore="0.016853932584269662">bn:00075069n</annotation>
		<annotation source="BABELFY" anchor="long" bfScore="1.0" coherenceScore="0.016853932584269662">bn:00116154r</annotation>
		<annotation source="BABELFY" anchor="thick" bfScore="0.7054263565891473" coherenceScore="0.07303370786516854">bn:00101051a</annotation>
		<annotation source="MCS" anchor="clay" bfScore="--" coherenceScore="--">bn:00019624n</annotation>
		<annotation source="MCS" anchor="rise" bfScore="--" coherenceScore="--">bn:00082761v</annotation>
		<annotation source="MCS" anchor="rise up" bfScore="--" coherenceScore="--">bn:00085391v</annotation>
		<annotation source="BABELFY" anchor="suddenly" bfScore="0.824390243902439" coherenceScore="0.07303370786516854">bn:00116440r</annotation>
		<annotation source="MCS" anchor="bite" bfScore="--" coherenceScore="--">bn:00083515v</annotation>
		<annotation source="MCS" anchor="vex" bfScore="--" coherenceScore="--">bn:00082641v</annotation>
		<annotation source="BABELFY" anchor="booties" bfScore="0.958904109589041" coherenceScore="0.07865168539325842">bn:00012193n</annotation>
		<annotation source="MCS" anchor="spoiled" bfScore="--" coherenceScore="--">bn:00083055v</annotation>
		<annotation source="BABELFY" anchor="remnant" bfScore="0.8152866242038217" coherenceScore="0.0898876404494382">bn:00050539n</annotation>
		<annotation source="MCS" anchor="spoil" bfScore="--" coherenceScore="--">bn:00083055v</annotation>
		<annotation source="BABELFY" anchor="men" bfScore="0.7597816295299391" coherenceScore="0.8314606741573034">bn:00044576n</annotation>
		<annotation source="BABELFY" anchor="blood" bfScore="0.7822878228782287" coherenceScore="0.3146067415730337">bn:00011346n</annotation>
		<annotation source="BABELFY" anchor="violence" bfScore="0.9454395717521104" coherenceScore="0.3146067415730337">bn:00035772n</annotation>
		<annotation source="BABELFY" anchor="land" bfScore="0.7991522445752438" coherenceScore="0.6573033707865169">bn:00023236n</annotation>
		<annotation source="BABELFY" anchor="city" bfScore="0.7388663967611336" coherenceScore="0.4101123595505618">bn:03335997n</annotation>
		<annotation source="BABELFY" anchor="dwell" bfScore="0.823943661971831" coherenceScore="0.05056179775280899">bn:00290062n</annotation>
		<annotation source="BABELFY" anchor="evil" bfScore="0.7068273092369478" coherenceScore="0.06179775280898876">bn:00102475a</annotation>
		<annotation source="MCS" anchor="covetousness" bfScore="--" coherenceScore="--">bn:00023377n</annotation>
		<annotation source="BABELFY" anchor="house" bfScore="0.7013817607579945" coherenceScore="0.3539325842696629">bn:00044994n</annotation>
		<annotation source="MCS" anchor="nest" bfScore="--" coherenceScore="--">bn:00057353n</annotation>
		<annotation source="MCS" anchor="high" bfScore="--" coherenceScore="--">bn:00104162a</annotation>
		<annotation source="MCS" anchor="delivered" bfScore="--" coherenceScore="--">bn:00086530v</annotation>
		<annotation source="MCS" anchor="power" bfScore="--" coherenceScore="--">bn:00063940n</annotation>
		<annotation source="BABELFY" anchor="evil" bfScore="0.702557200538358" coherenceScore="0.20224719101123595">bn:00032050n</annotation>
		<annotation source="MCS" anchor="consulted" bfScore="--" coherenceScore="--">bn:00085574v</annotation>
		<annotation source="BABELFY" anchor="shame" bfScore="0.8404099560761347" coherenceScore="0.15730337078651685">bn:00027566n</annotation>
		<annotation source="MCS" anchor="cutting" bfScore="--" coherenceScore="--">bn:00086178v</annotation>
		<annotation source="BABELFY" anchor="cutting off" bfScore="0.75" coherenceScore="0.05056179775280899">bn:00082590v</annotation>
		<annotation source="MCS" anchor="sinned" bfScore="--" coherenceScore="--">bn:00093756v</annotation>
		<annotation source="MCS" anchor="stone" bfScore="--" coherenceScore="--">bn:00068045n</annotation>
		<annotation source="MCS" anchor="cry" bfScore="--" coherenceScore="--">bn:00084388v</annotation>
		<annotation source="BABELFY" anchor="cry out" bfScore="1.0" coherenceScore="0.03932584269662921">bn:00084428v</annotation>
		<annotation source="BABELFY" anchor="wall" bfScore="0.7438249823570925" coherenceScore="0.19101123595505617">bn:00080386n</annotation>
		<annotation source="MCS" anchor="beam" bfScore="--" coherenceScore="--">bn:00009313n</annotation>
		<annotation source="MCS" anchor="timber" bfScore="--" coherenceScore="--">bn:00052293n</annotation>
		<annotation source="MCS" anchor="town" bfScore="--" coherenceScore="--">bn:00077773n</annotation>
		<annotation source="BABELFY" anchor="iniquity" bfScore="0.76" coherenceScore="0.07865168539325842">bn:00032048n</annotation>
		<annotation source="BABELFY" anchor="LORD of hosts" bfScore="1.0" coherenceScore="0.08426966292134831">bn:03152811n</annotation>
		<annotation source="MCS" anchor="hosts" bfScore="--" coherenceScore="--">bn:00044910n</annotation>
		<annotation source="MCS" anchor="labour" bfScore="--" coherenceScore="--">bn:00086809v</annotation>
		<annotation source="BABELFY" anchor="fire" bfScore="0.8291757840991977" coherenceScore="0.3258426966292135">bn:00034625n</annotation>
		<annotation source="MCS" anchor="weary" bfScore="--" coherenceScore="--">bn:00087962v</annotation>
		<annotation source="MCS" anchor="vanity" bfScore="--" coherenceScore="--">bn:00003605n</annotation>
		<annotation source="BABELFY" anchor="earth" bfScore="0.936780020274629" coherenceScore="0.601123595505618">bn:00029424n</annotation>
		<annotation source="MCS" anchor="filled" bfScore="--" coherenceScore="--">bn:00088175v</annotation>
		<annotation source="BABELFY" anchor="knowledge" bfScore="0.813110281447444" coherenceScore="0.42134831460674155">bn:00020452n</annotation>
		<annotation source="MCS" anchor="glory" bfScore="--" coherenceScore="--">bn:00040711n</annotation>
		<annotation source="BABELFY" anchor="waters" bfScore="0.8763705103969754" coherenceScore="0.5337078651685393">bn:00042379n</annotation>
		<annotation source="MCS" anchor="cover" bfScore="--" coherenceScore="--">bn:00085903v</annotation>
		<annotation source="MCS" anchor="sea" bfScore="--" coherenceScore="--">bn:00069946n</annotation>
		<annotation source="MCS" anchor="neighbour" bfScore="--" coherenceScore="--">bn:00057219n</annotation>
		<annotation source="MCS" anchor="drink" bfScore="--" coherenceScore="--">bn:00028749n</annotation>
		<annotation source="BABELFY" anchor="bottle" bfScore="0.7239747634069401" coherenceScore="0.09550561797752809">bn:00012339n</annotation>
		<annotation source="BABELFY" anchor="drunken" bfScore="0.9130434782608695" coherenceScore="0.06741573033707865">bn:00098312a</annotation>
		<annotation source="MCS" anchor="look" bfScore="--" coherenceScore="--">bn:00090448v</annotation>
		<annotation source="MCS" anchor="look on" bfScore="--" coherenceScore="--">bn:00090463v</annotation>
		<annotation source="BABELFY" anchor="nakedness" bfScore="0.9453458582408198" coherenceScore="0.15168539325842698">bn:00056748n</annotation>
		<annotation source="MCS" anchor="foreskin" bfScore="--" coherenceScore="--">bn:00035866n</annotation>
		<annotation source="BABELFY" anchor="uncovered" bfScore="0.7988826815642458" coherenceScore="0.06179775280898876">bn:00087889v</annotation>
		<annotation source="MCS" anchor="cup" bfScore="--" coherenceScore="--">bn:00024410n</annotation>
		<annotation source="MCS" anchor="hand" bfScore="--" coherenceScore="--">bn:00042759n</annotation>
		<annotation source="MCS" anchor="turned" bfScore="--" coherenceScore="--">bn:00095233v</annotation>
		<annotation source="MCS" anchor="shameful" bfScore="--" coherenceScore="--">bn:00098491a</annotation>
		<annotation source="MCS" anchor="spewing" bfScore="--" coherenceScore="--">bn:00092122v</annotation>
		<annotation source="MCS" anchor="spoil" bfScore="--" coherenceScore="--">bn:00073515n</annotation>
		<annotation source="BABELFY" anchor="beasts" bfScore="0.9816147999426359" coherenceScore="0.6966292134831461">bn:00004222n</annotation>
		<annotation source="MCS" anchor="afraid" bfScore="--" coherenceScore="--">bn:00096625a</annotation>
		<annotation source="BABELFY" anchor="graven" bfScore="0.8490566037735849" coherenceScore="0.05056179775280899">bn:00103761a</annotation>
		<annotation source="BABELFY" anchor="graven image" bfScore="1.0" coherenceScore="0.05056179775280899">bn:00040880n</annotation>
		<annotation source="MCS" anchor="image" bfScore="--" coherenceScore="--">bn:00045970n</annotation>
		<annotation source="MCS" anchor="maker" bfScore="--" coherenceScore="--">bn:00052910n</annotation>
		<annotation source="MCS" anchor="graven" bfScore="--" coherenceScore="--">bn:00089029v</annotation>
		<annotation source="BABELFY" anchor="molten" bfScore="1.0" coherenceScore="0.0056179775280898875">bn:00106031a</annotation>
		<annotation source="BABELFY" anchor="teacher" bfScore="0.7870318613750699" coherenceScore="0.1797752808988764">bn:00046958n</annotation>
		<annotation source="MCS" anchor="lies" bfScore="--" coherenceScore="--">bn:00051016n</annotation>
		<annotation source="MCS" anchor="work" bfScore="--" coherenceScore="--">bn:00081568n</annotation>
		<annotation source="MCS" anchor="dumb" bfScore="--" coherenceScore="--">bn:00101180a</annotation>
		<annotation source="BABELFY" anchor="idols" bfScore="0.7476635514018691" coherenceScore="0.11235955056179775">bn:00009423n</annotation>
		<annotation source="MCS" anchor="saith" bfScore="--" coherenceScore="--">bn:00093287v</annotation>
		<annotation source="MCS" anchor="wood" bfScore="--" coherenceScore="--">bn:00081492n</annotation>
		<annotation source="BABELFY" anchor="Awake" bfScore="0.9480916030534351" coherenceScore="0.12921348314606743">bn:00080351n</annotation>
		<annotation source="BABELFY" anchor="Arise" bfScore="0.8175675675675675" coherenceScore="0.06179775280898876">bn:01768975n</annotation>
		<annotation source="BABELFY" anchor="teach" bfScore="0.9041095890410958" coherenceScore="0.08426966292134831">bn:00089791v</annotation>
		<annotation source="MCS" anchor="laid" bfScore="--" coherenceScore="--">bn:00090224v</annotation>
		<annotation source="BABELFY" anchor="laid over" bfScore="0.875" coherenceScore="0.028089887640449437">bn:00090236v</annotation>
		<annotation source="BABELFY" anchor="gold" bfScore="0.8249566724436742" coherenceScore="0.29213483146067415">bn:00006911n</annotation>
		<annotation source="BABELFY" anchor="silver" bfScore="0.8613445378151261" coherenceScore="0.2247191011235955">bn:00001887n</annotation>
		<annotation source="MCS" anchor="breath" bfScore="--" coherenceScore="--">bn:00012965n</annotation>
		<annotation source="BABELFY" anchor="midst" bfScore="1.0" coherenceScore="0.056179775280898875">bn:00054889n</annotation>
		<annotation source="BABELFY" anchor="holy" bfScore="1.0" coherenceScore="0.056179775280898875">bn:00104250a</annotation>
		<annotation source="BABELFY" anchor="holy temple" bfScore="1.0" coherenceScore="0.2303370786516854">bn:00076469n</annotation>
		<annotation source="MCS" anchor="temple" bfScore="--" coherenceScore="--">bn:00076465n</annotation>
		<annotation source="MCS" anchor="keep" bfScore="--" coherenceScore="--">bn:00089384v</annotation>
		<annotation source="MCS" anchor="keep silence" bfScore="--" coherenceScore="--">bn:13605845v</annotation>
		<annotation source="BABELFY" anchor="silence" bfScore="0.9424964936886395" coherenceScore="0.1348314606741573">bn:00065703n</annotation>
	</annotations>
</paragraph>
<paragraph id="p.3">
	<text>
		A prayer of Habakkuk the prophet upon Shigionoth .
		O LORD , I have heard thy speech , and was afraid : O LORD , revive thy work in the midst of the years , in the midst of the years make known ; in wrath remember mercy .
		God came from Teman , and the Holy One from mount Paran . Selah . His glory covered the heavens , and the earth was full of his praise .
		And his brightness was as the light ; he had horns coming out of his hand : and there was the hiding of his power .
		Before him went the pestilence , and burning coals went forth at his feet .
		He stood , and measured the earth : he beheld , and drove asunder the nations ; and the everlasting mountains were scattered , the perpetual hills did bow : his ways are everlasting .
		I saw the tents of Cushan in affliction : and the curtains of the land of Midian did tremble .
		Was the LORD displeased against the rivers ? was thine anger against the rivers ? was thy wrath against the sea , that thou didst ride upon thine horses and thy chariots of salvation ?
		Thy bow was made quite naked , according to the oaths of the tribes , even thy word . Selah . Thou didst cleave the earth with rivers .
		The mountains saw thee , and they trembled : the overflowing of the water passed by : the deep uttered his voice , and lifted up his hands on high .
		The sun and moon stood still in their habitation : at the light of thine arrows they went , and at the shining of thy glittering spear .
		Thou didst march through the land in indignation , thou didst thresh the heathen in anger .
		Thou wentest forth for the salvation of thy people , even for salvation with thine anointed ; thou woundedst the head out of the house of the wicked , by discovering the foundation unto the neck . Selah .
		Thou didst strike through with his staves the head of his villages : they came out as a whirlwind to scatter me : their rejoicing was as to devour the poor secretly .
		Thou didst walk through the sea with thine horses , through the heap of great waters .
		When I heard , my belly trembled ; my lips quivered at the voice : rottenness entered into my bones , and I trembled in myself , that I might rest in the day of trouble : when he cometh up unto the people , he will invade them with his troops .
		Although the fig tree shall not blossom , neither shall fruit be in the vines ; the labour of the olive shall fail , and the fields shall yield no meat ; the flock shall be cut off from the fold , and there shall be no herd in the stalls :
		Yet I will rejoice in the LORD , I will joy in the God of my salvation .
		The LORD God is my strength , and he will make my feet like hinds &amp;apos; feet , and he will make me to walk upon mine high places . To the chief singer on my stringed instruments .
	</text>
	<annotations>
		<annotation source="BABELFY" anchor="prayer" bfScore="0.9020162716660771" coherenceScore="0.25380710659898476">bn:00059529n</annotation>
		<annotation source="BABELFY" anchor="Habakkuk" bfScore="0.9517998779743746" coherenceScore="0.15228426395939088">bn:00012085n</annotation>
		<annotation source="BABELFY" anchor="prophet" bfScore="0.9438040345821326" coherenceScore="0.27918781725888325">bn:00064759n</annotation>
		<annotation source="MCS" anchor="heard" bfScore="--" coherenceScore="--">bn:00089277v</annotation>
		<annotation source="BABELFY" anchor="speech" bfScore="0.9091576885406464" coherenceScore="0.23857868020304568">bn:00049911n</annotation>
		<annotation source="MCS" anchor="afraid" bfScore="--" coherenceScore="--">bn:00096625a</annotation>
		<annotation source="MCS" anchor="revive" bfScore="--" coherenceScore="--">bn:00092923v</annotation>
		<annotation source="MCS" anchor="work" bfScore="--" coherenceScore="--">bn:00081568n</annotation>
		<annotation source="BABELFY" anchor="work in" bfScore="1.0" coherenceScore="0.025380710659898477">bn:00081573n</annotation>
		<annotation source="BABELFY" anchor="midst" bfScore="1.0" coherenceScore="0.08121827411167512">bn:00054889n</annotation>
		<annotation source="MCS" anchor="known" bfScore="--" coherenceScore="--">bn:00085261v</annotation>
		<annotation source="MCS" anchor="wrath" bfScore="--" coherenceScore="--">bn:00081680n</annotation>
		<annotation source="MCS" anchor="remember" bfScore="--" coherenceScore="--">bn:00084413v</annotation>
		<annotation source="BABELFY" anchor="mercy" bfScore="0.8708644610458911" coherenceScore="0.1218274111675127">bn:00019708n</annotation>
		<annotation source="BABELFY" anchor="God" bfScore="0.7571118792537089" coherenceScore="0.5888324873096447">bn:00040878n</annotation>
		<annotation source="BABELFY" anchor="Teman" bfScore="1.0" coherenceScore="0.025380710659898477">bn:02171187n</annotation>
		<annotation source="MCS" anchor="Holy" bfScore="--" coherenceScore="--">bn:00044465n</annotation>
		<annotation source="BABELFY" anchor="Holy One" bfScore="1.0" coherenceScore="0.01015228426395939">bn:00492853n</annotation>
		<annotation source="BABELFY" anchor="mount" bfScore="0.9540034071550255" coherenceScore="0.28426395939086296">bn:00056068n</annotation>
		<annotation source="BABELFY" anchor="mount Paran" bfScore="1.0" coherenceScore="0.050761421319796954">bn:02356246n</annotation>
		<annotation source="BABELFY" anchor="Paran" bfScore="0.8" coherenceScore="0.030456852791878174">bn:16953336n</annotation>
		<annotation source="MCS" anchor="Selah" bfScore="--" coherenceScore="--">bn:00693376n</annotation>
		<annotation source="MCS" anchor="glory" bfScore="--" coherenceScore="--">bn:00040711n</annotation>
		<annotation source="MCS" anchor="covered" bfScore="--" coherenceScore="--">bn:00085903v</annotation>
		<annotation source="MCS" anchor="heavens" bfScore="--" coherenceScore="--">bn:00029734n</annotation>
		<annotation source="BABELFY" anchor="earth" bfScore="0.9379345813618597" coherenceScore="0.6446700507614214">bn:00029424n</annotation>
		<annotation source="BABELFY" anchor="full" bfScore="0.7983870967741935" coherenceScore="0.04568527918781726">bn:00098890a</annotation>
		<annotation source="BABELFY" anchor="praise" bfScore="0.8622366288492707" coherenceScore="0.09644670050761421">bn:01193643n</annotation>
		<annotation source="MCS" anchor="brightness" bfScore="--" coherenceScore="--">bn:00013121n</annotation>
		<annotation source="BABELFY" anchor="light" bfScore="0.8510463684858433" coherenceScore="0.3096446700507614">bn:00051108n</annotation>
		<annotation source="MCS" anchor="horns" bfScore="--" coherenceScore="--">bn:00044774n</annotation>
		<annotation source="MCS" anchor="coming" bfScore="--" coherenceScore="--">bn:00085319v</annotation>
		<annotation source="MCS" anchor="coming out" bfScore="--" coherenceScore="--">bn:00085373v</annotation>
		<annotation source="BABELFY" anchor="hand" bfScore="0.8101101749837978" coherenceScore="0.25380710659898476">bn:00042759n</annotation>
		<annotation source="MCS" anchor="hiding" bfScore="--" coherenceScore="--">bn:00021524n</annotation>
		<annotation source="BABELFY" anchor="power" bfScore="0.7067022883029388" coherenceScore="0.2639593908629442">bn:00025995n</annotation>
		<annotation source="BABELFY" anchor="pestilence" bfScore="0.9598811292719168" coherenceScore="0.17258883248730963">bn:00061778n</annotation>
		<annotation source="MCS" anchor="burning" bfScore="--" coherenceScore="--">bn:00014023n</annotation>
		<annotation source="BABELFY" anchor="coals" bfScore="0.927327781983346" coherenceScore="0.17766497461928935">bn:00020133n</annotation>
		<annotation source="MCS" anchor="feet" bfScore="--" coherenceScore="--">bn:00035679n</annotation>
		<annotation source="MCS" anchor="stood" bfScore="--" coherenceScore="--">bn:00094275v</annotation>
		<annotation source="MCS" anchor="measured" bfScore="--" coherenceScore="--">bn:00090714v</annotation>
		<annotation source="MCS" anchor="beheld" bfScore="--" coherenceScore="--">bn:00083356v</annotation>
		<annotation source="MCS" anchor="drove" bfScore="--" coherenceScore="--">bn:00087327v</annotation>
		<annotation source="BABELFY" anchor="asunder" bfScore="1.0" coherenceScore="0.005076142131979695">bn:00114313r</annotation>
		<annotation source="BABELFY" anchor="nations" bfScore="0.896036493122629" coherenceScore="0.6345177664974619">bn:00023236n</annotation>
		<annotation source="MCS" anchor="everlasting" bfScore="--" coherenceScore="--">bn:00096562a</annotation>
		<annotation source="BABELFY" anchor="mountains" bfScore="0.956029011786038" coherenceScore="0.2893401015228426">bn:00056068n</annotation>
		<annotation source="MCS" anchor="scattered" bfScore="--" coherenceScore="--">bn:00083993v</annotation>
		<annotation source="MCS" anchor="perpetual" bfScore="--" coherenceScore="--">bn:00096562a</annotation>
		<annotation source="MCS" anchor="hills" bfScore="--" coherenceScore="--">bn:00044141n</annotation>
		<annotation source="MCS" anchor="bow" bfScore="--" coherenceScore="--">bn:00083838v</annotation>
		<annotation source="MCS" anchor="ways" bfScore="--" coherenceScore="--">bn:00033729n</annotation>
		<annotation source="BABELFY" anchor="tents" bfScore="0.8858267716535433" coherenceScore="0.12690355329949238">bn:00020602n</annotation>
		<annotation source="BABELFY" anchor="Cushan" bfScore="1.0" coherenceScore="0.06598984771573604">bn:03743902n</annotation>
		<annotation source="MCS" anchor="affliction" bfScore="--" coherenceScore="--">bn:00001782n</annotation>
		<annotation source="MCS" anchor="curtains" bfScore="--" coherenceScore="--">bn:00024534n</annotation>
		<annotation source="BABELFY" anchor="land" bfScore="0.85591532591913" coherenceScore="0.6345177664974619">bn:00023236n</annotation>
		<annotation source="BABELFY" anchor="Midian" bfScore="0.832579185520362" coherenceScore="0.08121827411167512">bn:02517397n</annotation>
		<annotation source="BABELFY" anchor="tremble" bfScore="0.9033816425120773" coherenceScore="0.05583756345177665">bn:00070860n</annotation>
		<annotation source="MCS" anchor="displeased" bfScore="--" coherenceScore="--">bn:00087015v</annotation>
		<annotation source="BABELFY" anchor="rivers" bfScore="0.9770642201834863" coherenceScore="0.3604060913705584">bn:00067948n</annotation>
		<annotation source="MCS" anchor="anger" bfScore="--" coherenceScore="--">bn:00004085n</annotation>
		<annotation source="MCS" anchor="sea" bfScore="--" coherenceScore="--">bn:00069946n</annotation>
		<annotation source="BABELFY" anchor="ride" bfScore="1.0" coherenceScore="0.025380710659898477">bn:03392824n</annotation>
		<annotation source="BABELFY" anchor="horses" bfScore="0.9307706837929732" coherenceScore="0.37055837563451777">bn:00031345n</annotation>
		<annotation source="MCS" anchor="chariots" bfScore="--" coherenceScore="--">bn:00017811n</annotation>
		<annotation source="MCS" anchor="salvation" bfScore="--" coherenceScore="--">bn:00066712n</annotation>
		<annotation source="MCS" anchor="bow" bfScore="--" coherenceScore="--">bn:00012465n</annotation>
		<annotation source="MCS" anchor="naked" bfScore="--" coherenceScore="--">bn:00097745a</annotation>
		<annotation source="MCS" anchor="according" bfScore="--" coherenceScore="--">bn:00082227v</annotation>
		<annotation source="BABELFY" anchor="oaths" bfScore="0.7292965271593945" coherenceScore="0.1065989847715736">bn:00058421n</annotation>
		<annotation source="BABELFY" anchor="tribes" bfScore="0.9246507967735589" coherenceScore="0.25380710659898476">bn:00019429n</annotation>
		<annotation source="BABELFY" anchor="word" bfScore="0.7300515705578997" coherenceScore="0.5177664974619289">bn:00010217n</annotation>
		<annotation source="MCS" anchor="cleave" bfScore="--" coherenceScore="--">bn:00085106v</annotation>
		<annotation source="BABELFY" anchor="trembled" bfScore="1.0" coherenceScore="0.025380710659898477">bn:00095149v</annotation>
		<annotation source="BABELFY" anchor="overflowing" bfScore="0.8888888888888888" coherenceScore="0.08121827411167512">bn:00084056v</annotation>
		<annotation source="BABELFY" anchor="water" bfScore="0.9156608736265087" coherenceScore="0.6345177664974619">bn:00042379n</annotation>
		<annotation source="MCS" anchor="passed" bfScore="--" coherenceScore="--">bn:00088932v</annotation>
		<annotation source="BABELFY" anchor="deep" bfScore="1.0" coherenceScore="0.02030456852791878">bn:00114954r</annotation>
		<annotation source="MCS" anchor="uttered" bfScore="--" coherenceScore="--">bn:00087894v</annotation>
		<annotation source="BABELFY" anchor="voice" bfScore="0.820293122886133" coherenceScore="0.34517766497461927">bn:00072794n</annotation>
		<annotation source="MCS" anchor="lifted" bfScore="--" coherenceScore="--">bn:00084110v</annotation>
		<annotation source="BABELFY" anchor="hands" bfScore="0.7333994053518335" coherenceScore="0.25380710659898476">bn:00042759n</annotation>
		<annotation source="MCS" anchor="high" bfScore="--" coherenceScore="--">bn:00104162a</annotation>
		<annotation source="BABELFY" anchor="sun" bfScore="0.8679087696755541" coherenceScore="0.4010152284263959">bn:00075170n</annotation>
		<annotation source="BABELFY" anchor="sun and moon" bfScore="1.0" coherenceScore="0.02030456852791878">bn:00371828n</annotation>
		<annotation source="BABELFY" anchor="moon" bfScore="0.8355011476664116" coherenceScore="0.2639593908629442">bn:00055809n</annotation>
		<annotation source="MCS" anchor="habitation" bfScore="--" coherenceScore="--">bn:00042410n</annotation>
		<annotation source="BABELFY" anchor="arrows" bfScore="0.8065843621399177" coherenceScore="0.1065989847715736">bn:00005897n</annotation>
		<annotation source="MCS" anchor="shining" bfScore="--" coherenceScore="--">bn:00092637v</annotation>
		<annotation source="BABELFY" anchor="glittering" bfScore="1.0" coherenceScore="0.050761421319796954">bn:00088881v</annotation>
		<annotation source="MCS" anchor="spear" bfScore="--" coherenceScore="--">bn:00049823n</annotation>
		<annotation source="MCS" anchor="march" bfScore="--" coherenceScore="--">bn:00053318n</annotation>
		<annotation source="BABELFY" anchor="indignation" bfScore="0.824773413897281" coherenceScore="0.06598984771573604">bn:00046491n</annotation>
		<annotation source="MCS" anchor="thresh" bfScore="--" coherenceScore="--">bn:00085777v</annotation>
		<annotation source="BABELFY" anchor="heathen" bfScore="0.7089552238805971" coherenceScore="0.07614213197969544">bn:00037763n</annotation>
		<annotation source="BABELFY" anchor="people" bfScore="0.9052550824702723" coherenceScore="0.20304568527918782">bn:00061450n</annotation>
		<annotation source="BABELFY" anchor="anointed" bfScore="1.0" coherenceScore="0.04060913705583756">bn:00082609v</annotation>
		<annotation source="MCS" anchor="head" bfScore="--" coherenceScore="--">bn:00015784n</annotation>
		<annotation source="BABELFY" anchor="house" bfScore="0.7186046511627907" coherenceScore="0.2893401015228426">bn:00044994n</annotation>
		<annotation source="BABELFY" anchor="house of" bfScore="1.0" coherenceScore="0.05583756345177665">bn:00029305n</annotation>
		<annotation source="MCS" anchor="wicked" bfScore="--" coherenceScore="--">bn:14713858n</annotation>
		<annotation source="MCS" anchor="discovering" bfScore="--" coherenceScore="--">bn:00086708v</annotation>
		<annotation source="MCS" anchor="foundation" bfScore="--" coherenceScore="--">bn:00036063n</annotation>
		<annotation source="BABELFY" anchor="neck" bfScore="0.7054199420769549" coherenceScore="0.15736040609137056">bn:00017395n</annotation>
		<annotation source="BABELFY" anchor="strike" bfScore="0.7346938775510204" coherenceScore="0.18274111675126903">bn:00051161n</annotation>
		<annotation source="MCS" anchor="strike through" bfScore="--" coherenceScore="--">bn:03530481n</annotation>
		<annotation source="MCS" anchor="staves" bfScore="--" coherenceScore="--">bn:00073805n</annotation>
		<annotation source="MCS" anchor="villages" bfScore="--" coherenceScore="--">bn:00070724n</annotation>
		<annotation source="BABELFY" anchor="whirlwind" bfScore="0.941952506596306" coherenceScore="0.08629441624365482">bn:00081027n</annotation>
		<annotation source="MCS" anchor="scatter" bfScore="--" coherenceScore="--">bn:00083993v</annotation>
		<annotation source="BABELFY" anchor="rejoicing" bfScore="0.7078651685393258" coherenceScore="0.04568527918781726">bn:00089996v</annotation>
		<annotation source="BABELFY" anchor="devour" bfScore="1.0" coherenceScore="0.01015228426395939">bn:00083503v</annotation>
		<annotation source="MCS" anchor="poor" bfScore="--" coherenceScore="--">bn:00103931a</annotation>
		<annotation source="MCS" anchor="secretly" bfScore="--" coherenceScore="--">bn:00115822r</annotation>
		<annotation source="MCS" anchor="walk" bfScore="--" coherenceScore="--">bn:00080357n</annotation>
		<annotation source="MCS" anchor="heap" bfScore="--" coherenceScore="--">bn:00001992n</annotation>
		<annotation source="MCS" anchor="great" bfScore="--" coherenceScore="--">bn:00103779a</annotation>
		<annotation source="BABELFY" anchor="waters" bfScore="0.9156608736265087" coherenceScore="0.6345177664974619">bn:00042379n</annotation>
		<annotation source="BABELFY" anchor="belly" bfScore="0.88" coherenceScore="0.1116751269035533">bn:00000249n</annotation>
		<annotation source="BABELFY" anchor="lips" bfScore="0.8659265584970111" coherenceScore="0.1319796954314721">bn:00051440n</annotation>
		<annotation source="MCS" anchor="quivered" bfScore="--" coherenceScore="--">bn:00091400v</annotation>
		<annotation source="BABELFY" anchor="rottenness" bfScore="1.0" coherenceScore="0.005076142131979695">bn:00022882n</annotation>
		<annotation source="MCS" anchor="entered" bfScore="--" coherenceScore="--">bn:00085363v</annotation>
		<annotation source="BABELFY" anchor="bones" bfScore="0.7455988954090439" coherenceScore="0.18274111675126903">bn:00011999n</annotation>
		<annotation source="MCS" anchor="rest" bfScore="--" coherenceScore="--">bn:00092903v</annotation>
		<annotation source="BABELFY" anchor="day" bfScore="0.7291206363234645" coherenceScore="0.15228426395939088">bn:00000086n</annotation>
		<annotation source="MCS" anchor="trouble" bfScore="--" coherenceScore="--">bn:00064527n</annotation>
		<annotation source="BABELFY" anchor="invade" bfScore="0.7831325301204819" coherenceScore="0.050761421319796954">bn:00089874v</annotation>
		<annotation source="MCS" anchor="troops" bfScore="--" coherenceScore="--">bn:00078393n</annotation>
		<annotation source="BABELFY" anchor="fig" bfScore="0.9073319755600815" coherenceScore="0.13705583756345177">bn:00021090n</annotation>
		<annotation source="BABELFY" anchor="fig tree" bfScore="1.0" coherenceScore="0.08629441624365482">bn:00034375n</annotation>
		<annotation source="BABELFY" anchor="tree" bfScore="0.9380453752181501" coherenceScore="0.38071065989847713">bn:00078131n</annotation>
		<annotation source="MCS" anchor="blossom" bfScore="--" coherenceScore="--">bn:00083646v</annotation>
		<annotation source="MCS" anchor="fruit" bfScore="--" coherenceScore="--">bn:00088604v</annotation>
		<annotation source="MCS" anchor="vines" bfScore="--" coherenceScore="--">bn:00080013n</annotation>
		<annotation source="MCS" anchor="labour" bfScore="--" coherenceScore="--">bn:00049570n</annotation>
		<annotation source="MCS" anchor="olive" bfScore="--" coherenceScore="--">bn:00058888n</annotation>
		<annotation source="MCS" anchor="fail" bfScore="--" coherenceScore="--">bn:00087966v</annotation>
		<annotation source="MCS" anchor="fields" bfScore="--" coherenceScore="--">bn:00034265n</annotation>
		<annotation source="BABELFY" anchor="yield" bfScore="0.7774390243902439" coherenceScore="0.07614213197969544">bn:00087459v</annotation>
		<annotation source="BABELFY" anchor="meat" bfScore="0.7609120521172639" coherenceScore="0.2436548223350254">bn:00054026n</annotation>
		<annotation source="MCS" anchor="flock" bfScore="--" coherenceScore="--">bn:00035286n</annotation>
		<annotation source="MCS" anchor="cut" bfScore="--" coherenceScore="--">bn:00086178v</annotation>
		<annotation source="BABELFY" anchor="cut off" bfScore="0.7313432835820896" coherenceScore="0.03553299492385787">bn:00082590v</annotation>
		<annotation source="MCS" anchor="fold" bfScore="--" coherenceScore="--">bn:00009870n</annotation>
		<annotation source="BABELFY" anchor="herd" bfScore="0.7529880478087649" coherenceScore="0.1065989847715736">bn:00043801n</annotation>
		<annotation source="BABELFY" anchor="stalls" bfScore="0.7869757174392936" coherenceScore="0.116751269035533">bn:00044825n</annotation>
		<annotation source="BABELFY" anchor="rejoice" bfScore="0.7078651685393258" coherenceScore="0.04568527918781726">bn:00089996v</annotation>
		<annotation source="BABELFY" anchor="rejoice in the LORD" bfScore="1.0" coherenceScore="0.01015228426395939">bn:01417856n</annotation>
		<annotation source="BABELFY" anchor="joy" bfScore="0.8727272727272727" coherenceScore="0.04568527918781726">bn:00089996v</annotation>
		<annotation source="MCS" anchor="strength" bfScore="--" coherenceScore="--">bn:00074615n</annotation>
		<annotation source="BABELFY" anchor="hinds" bfScore="0.7956337174044875" coherenceScore="0.16243654822335024">bn:00017393n</annotation>
		<annotation source="MCS" anchor="walk" bfScore="--" coherenceScore="--">bn:00095597v</annotation>
		<annotation source="BABELFY" anchor="high places" bfScore="1.0" coherenceScore="0.030456852791878174">bn:01100299n</annotation>
		<annotation source="MCS" anchor="places" bfScore="--" coherenceScore="--">bn:00062699n</annotation>
		<annotation source="BABELFY" anchor="chief" bfScore="1.0" coherenceScore="0.01015228426395939">bn:00099598a</annotation>
		<annotation source="BABELFY" anchor="chief singer" bfScore="1.0" coherenceScore="0.03553299492385787">bn:03059345n</annotation>
		<annotation source="BABELFY" anchor="singer" bfScore="0.7384997927890593" coherenceScore="0.16751269035532995">bn:00071734n</annotation>
		<annotation source="MCS" anchor="stringed" bfScore="--" coherenceScore="--">bn:13701485a</annotation>
		<annotation source="BABELFY" anchor="stringed instruments" bfScore="0.8698553948832035" coherenceScore="0.116751269035533">bn:00074695n</annotation>
		<annotation source="BABELFY" anchor="instruments" bfScore="0.855072463768116" coherenceScore="0.16243654822335024">bn:00046965n</annotation>
	</annotations>
</paragraph>
</dataset>
