<?xml version="1.0" encoding="utf-8"?>
<dataset language="EN" title="HAG">
<paragraph id="p.1">
	<text>
		In the second year of Darius the king , in the sixth month , in the first day of the month , came the word of the LORD by Haggai the prophet unto Zerubbabel the son of Shealtiel , governor of Judah , and to Joshua the son of Josedech , the high priest , saying ,
		Thus speaketh the LORD of hosts , saying , This people say , The time is not come , the time that the LORD&amp;apos;s house should be built .
		Then came the word of the LORD by Haggai the prophet , saying ,
		Is it time for you , O ye , to dwell in your cieled houses , and this house lie waste ?
		Now therefore thus saith the LORD of hosts ; Consider your ways .
		Ye have sown much , and bring in little ; ye eat , but ye have not enough ; ye drink , but ye are not filled with drink ; ye clothe you , but there is none warm ; and he that earneth wages earneth wages to put it into a bag with holes .
		Thus saith the LORD of hosts ; Consider your ways .
		Go up to the mountain , and bring wood , and build the house ; and I will take pleasure in it , and I will be glorified , saith the LORD .
		Ye looked for much , and , lo , it came to little ; and when ye brought it home , I did blow upon it . Why ? saith the LORD of hosts . Because of mine house that is waste , and ye run every man unto his own house .
		Therefore the heaven over you is stayed from dew , and the earth is stayed from her fruit .
		And I called for a drought upon the land , and upon the mountains , and upon the corn , and upon the new wine , and upon the oil , and upon that which the ground bringeth forth , and upon men , and upon cattle , and upon all the labour of the hands .
		Then Zerubbabel the son of Shealtiel , and Joshua the son of Josedech , the high priest , with all the remnant of the people , obeyed the voice of the LORD their God , and the words of Haggai the prophet , as the LORD their God had sent him , and the people did fear before the LORD .
		Then spake Haggai the LORD&amp;apos;s messenger in the LORD&amp;apos;s message unto the people , saying , I am with you , saith the LORD .
		And the LORD stirred up the spirit of Zerubbabel the son of Shealtiel , governor of Judah , and the spirit of Joshua the son of Josedech , the high priest , and the spirit of all the remnant of the people ; and they came and did work in the house of the LORD of hosts , their God ,
		In the four and twentieth day of the sixth month , in the second year of Darius the king .
	</text>
	<annotations>
		<annotation source="MCS" anchor="year" bfScore="--" coherenceScore="--">bn:00078738n</annotation>
		<annotation source="BABELFY" anchor="Darius" bfScore="0.9074074074074074" coherenceScore="0.0374331550802139">bn:14338236n</annotation>
		<annotation source="BABELFY" anchor="king" bfScore="0.9409701928696669" coherenceScore="0.37433155080213903">bn:00024097n</annotation>
		<annotation source="BABELFY" anchor="sixth" bfScore="1.0" coherenceScore="0.0053475935828877">bn:00096059a</annotation>
		<annotation source="BABELFY" anchor="month" bfScore="0.8976982097186701" coherenceScore="0.13903743315508021">bn:00014710n</annotation>
		<annotation source="BABELFY" anchor="day" bfScore="0.7737556561085973" coherenceScore="0.24064171122994651">bn:00000086n</annotation>
		<annotation source="BABELFY" anchor="day of the month" bfScore="1.0" coherenceScore="0.11764705882352941">bn:00025336n</annotation>
		<annotation source="BABELFY" anchor="word" bfScore="0.767018062608472" coherenceScore="0.6898395721925134">bn:00010217n</annotation>
		<annotation source="BABELFY" anchor="Haggai the prophet" bfScore="1.0" coherenceScore="0.17647058823529413">bn:00001990n</annotation>
		<annotation source="BABELFY" anchor="prophet" bfScore="0.9582342056568861" coherenceScore="0.46524064171123">bn:00064759n</annotation>
		<annotation source="BABELFY" anchor="Zerubbabel" bfScore="1.0" coherenceScore="0.21390374331550802">bn:03546304n</annotation>
		<annotation source="BABELFY" anchor="son" bfScore="0.9344528710725893" coherenceScore="0.32085561497326204">bn:00051877n</annotation>
		<annotation source="BABELFY" anchor="Shealtiel" bfScore="1.0" coherenceScore="0.12834224598930483">bn:03506077n</annotation>
		<annotation source="BABELFY" anchor="governor" bfScore="0.7520661157024794" coherenceScore="0.0748663101604278">bn:00041204n</annotation>
		<annotation source="BABELFY" anchor="governor of" bfScore="1.0" coherenceScore="0.016042780748663103">bn:02415397n</annotation>
		<annotation source="BABELFY" anchor="Joshua" bfScore="0.721132196847861" coherenceScore="0.3048128342245989">bn:00012093n</annotation>
		<annotation source="MCS" anchor="high" bfScore="--" coherenceScore="--">bn:00104162a</annotation>
		<annotation source="MCS" anchor="high priest" bfScore="--" coherenceScore="--">bn:00044077n</annotation>
		<annotation source="BABELFY" anchor="priest" bfScore="0.7944117647058824" coherenceScore="0.39037433155080214">bn:00064346n</annotation>
		<annotation source="MCS" anchor="saying" bfScore="--" coherenceScore="--">bn:00093287v</annotation>
		<annotation source="BABELFY" anchor="LORD of hosts" bfScore="1.0" coherenceScore="0.16042780748663102">bn:03152811n</annotation>
		<annotation source="MCS" anchor="hosts" bfScore="--" coherenceScore="--">bn:00044910n</annotation>
		<annotation source="BABELFY" anchor="people" bfScore="0.8332986472424557" coherenceScore="0.27807486631016043">bn:00061450n</annotation>
		<annotation source="BABELFY" anchor="people say" bfScore="1.0" coherenceScore="0.0106951871657754">bn:02841523n</annotation>
		<annotation source="BABELFY" anchor="time" bfScore="0.9202182568942634" coherenceScore="0.41711229946524064">bn:00077270n</annotation>
		<annotation source="BABELFY" anchor="time is" bfScore="1.0" coherenceScore="0.0106951871657754">bn:00296119n</annotation>
		<annotation source="BABELFY" anchor="house" bfScore="0.7435488161745145" coherenceScore="0.34759358288770054">bn:00044994n</annotation>
		<annotation source="MCS" anchor="built" bfScore="--" coherenceScore="--">bn:00084198v</annotation>
		<annotation source="BABELFY" anchor="dwell" bfScore="0.8559782608695652" coherenceScore="0.0962566844919786">bn:00087441v</annotation>
		<annotation source="BABELFY" anchor="houses" bfScore="0.7523553162853297" coherenceScore="0.34759358288770054">bn:00044994n</annotation>
		<annotation source="MCS" anchor="lie" bfScore="--" coherenceScore="--">bn:00051016n</annotation>
		<annotation source="MCS" anchor="waste" bfScore="--" coherenceScore="--">bn:00080543n</annotation>
		<annotation source="MCS" anchor="saith" bfScore="--" coherenceScore="--">bn:00093287v</annotation>
		<annotation source="BABELFY" anchor="Consider" bfScore="0.73767258382643" coherenceScore="0.09090909090909091">bn:00083370v</annotation>
		<annotation source="MCS" anchor="ways" bfScore="--" coherenceScore="--">bn:00033729n</annotation>
		<annotation source="BABELFY" anchor="sown" bfScore="0.7769784172661871" coherenceScore="0.0481283422459893">bn:00093447v</annotation>
		<annotation source="MCS" anchor="bring" bfScore="--" coherenceScore="--">bn:00084058v</annotation>
		<annotation source="MCS" anchor="bring in" bfScore="--" coherenceScore="--">bn:00084088v</annotation>
		<annotation source="MCS" anchor="eat" bfScore="--" coherenceScore="--">bn:00087460v</annotation>
		<annotation source="BABELFY" anchor="drink" bfScore="0.9723320158102767" coherenceScore="0.2192513368983957">bn:00012196n</annotation>
		<annotation source="BABELFY" anchor="filled" bfScore="0.7124394184168013" coherenceScore="0.11229946524064172">bn:00083228v</annotation>
		<annotation source="MCS" anchor="drink" bfScore="--" coherenceScore="--">bn:00028749n</annotation>
		<annotation source="BABELFY" anchor="clothe" bfScore="0.7058823529411765" coherenceScore="0.03208556149732621">bn:00082388v</annotation>
		<annotation source="MCS" anchor="warm" bfScore="--" coherenceScore="--">bn:00113698a</annotation>
		<annotation source="BABELFY" anchor="wages" bfScore="1.0" coherenceScore="0.016042780748663103">bn:00087631v</annotation>
		<annotation source="BABELFY" anchor="wages" bfScore="0.994475138121547" coherenceScore="0.0481283422459893">bn:00029416n</annotation>
		<annotation source="MCS" anchor="bag" bfScore="--" coherenceScore="--">bn:00007922n</annotation>
		<annotation source="MCS" anchor="holes" bfScore="--" coherenceScore="--">bn:00044407n</annotation>
		<annotation source="BABELFY" anchor="mountain" bfScore="0.8885542168674698" coherenceScore="0.18716577540106952">bn:00056068n</annotation>
		<annotation source="MCS" anchor="wood" bfScore="--" coherenceScore="--">bn:00081492n</annotation>
		<annotation source="MCS" anchor="build" bfScore="--" coherenceScore="--">bn:00084198v</annotation>
		<annotation source="MCS" anchor="take pleasure" bfScore="--" coherenceScore="--">bn:13680787v</annotation>
		<annotation source="MCS" anchor="pleasure" bfScore="--" coherenceScore="--">bn:00062972n</annotation>
		<annotation source="MCS" anchor="glorified" bfScore="--" coherenceScore="--">bn:00087785v</annotation>
		<annotation source="MCS" anchor="looked" bfScore="--" coherenceScore="--">bn:00090448v</annotation>
		<annotation source="BABELFY" anchor="looked for" bfScore="1.0" coherenceScore="0.016042780748663103">bn:00090460v</annotation>
		<annotation source="BABELFY" anchor="lo" bfScore="0.735632183908046" coherenceScore="0.0427807486631016">bn:02518688n</annotation>
		<annotation source="MCS" anchor="brought" bfScore="--" coherenceScore="--">bn:00084058v</annotation>
		<annotation source="MCS" anchor="brought it" bfScore="--" coherenceScore="--">bn:13726649v</annotation>
		<annotation source="BABELFY" anchor="home" bfScore="0.9911894273127754" coherenceScore="0.08021390374331551">bn:00115677r</annotation>
		<annotation source="BABELFY" anchor="blow" bfScore="0.8552631578947368" coherenceScore="0.06951871657754011">bn:00011136n</annotation>
		<annotation source="MCS" anchor="mine" bfScore="--" coherenceScore="--">bn:00055114n</annotation>
		<annotation source="MCS" anchor="man" bfScore="--" coherenceScore="--">bn:00001533n</annotation>
		<annotation source="MCS" anchor="heaven" bfScore="--" coherenceScore="--">bn:00029734n</annotation>
		<annotation source="MCS" anchor="stayed" bfScore="--" coherenceScore="--">bn:00092756v</annotation>
		<annotation source="BABELFY" anchor="dew" bfScore="0.9174311926605505" coherenceScore="0.053475935828877004">bn:00026758n</annotation>
		<annotation source="BABELFY" anchor="earth" bfScore="0.9536749561956288" coherenceScore="0.5989304812834224">bn:00029424n</annotation>
		<annotation source="BABELFY" anchor="fruit" bfScore="0.7128129602356407" coherenceScore="0.11764705882352941">bn:00036686n</annotation>
		<annotation source="MCS" anchor="called" bfScore="--" coherenceScore="--">bn:00084385v</annotation>
		<annotation source="BABELFY" anchor="drought" bfScore="0.8745031232254401" coherenceScore="0.18716577540106952">bn:00028863n</annotation>
		<annotation source="BABELFY" anchor="land" bfScore="0.8681242580134547" coherenceScore="0.6684491978609626">bn:00023236n</annotation>
		<annotation source="BABELFY" anchor="mountains" bfScore="0.875" coherenceScore="0.18716577540106952">bn:00056068n</annotation>
		<annotation source="BABELFY" anchor="corn" bfScore="0.8969465648854962" coherenceScore="0.16042780748663102">bn:00022678n</annotation>
		<annotation source="MCS" anchor="new" bfScore="--" coherenceScore="--">bn:00107267a</annotation>
		<annotation source="BABELFY" anchor="new wine" bfScore="0.9883126369612856" coherenceScore="0.17647058823529413">bn:03202826n</annotation>
		<annotation source="BABELFY" anchor="wine" bfScore="0.9682592716338122" coherenceScore="0.22459893048128343">bn:00080022n</annotation>
		<annotation source="BABELFY" anchor="oil" bfScore="0.7041564792176039" coherenceScore="0.12834224598930483">bn:00024112n</annotation>
		<annotation source="BABELFY" anchor="ground" bfScore="0.8315602836879432" coherenceScore="0.22459893048128343">bn:00027386n</annotation>
		<annotation source="MCS" anchor="men" bfScore="--" coherenceScore="--">bn:00001533n</annotation>
		<annotation source="BABELFY" anchor="cattle" bfScore="1.0" coherenceScore="0.19786096256684493">bn:00012273n</annotation>
		<annotation source="MCS" anchor="labour" bfScore="--" coherenceScore="--">bn:00049570n</annotation>
		<annotation source="MCS" anchor="hands" bfScore="--" coherenceScore="--">bn:00042759n</annotation>
		<annotation source="MCS" anchor="remnant" bfScore="--" coherenceScore="--">bn:00050539n</annotation>
		<annotation source="MCS" anchor="obeyed" bfScore="--" coherenceScore="--">bn:00091112v</annotation>
		<annotation source="BABELFY" anchor="voice" bfScore="0.8124793661274348" coherenceScore="0.3689839572192513">bn:00072794n</annotation>
		<annotation source="BABELFY" anchor="words" bfScore="0.7484745762711864" coherenceScore="0.6898395721925134">bn:00010217n</annotation>
		<annotation source="MCS" anchor="sent" bfScore="--" coherenceScore="--">bn:00086868v</annotation>
		<annotation source="BABELFY" anchor="fear" bfScore="0.7953216374269005" coherenceScore="0.1497326203208556">bn:00033854n</annotation>
		<annotation source="BABELFY" anchor="fear before" bfScore="1.0" coherenceScore="0.0053475935828877">bn:01198305n</annotation>
		<annotation source="MCS" anchor="spake" bfScore="--" coherenceScore="--">bn:00090943v</annotation>
		<annotation source="MCS" anchor="messenger" bfScore="--" coherenceScore="--">bn:00023284n</annotation>
		<annotation source="BABELFY" anchor="message" bfScore="0.837696335078534" coherenceScore="0.10695187165775401">bn:00022154n</annotation>
		<annotation source="MCS" anchor="stirred" bfScore="--" coherenceScore="--">bn:00094373v</annotation>
		<annotation source="MCS" anchor="stirred up" bfScore="--" coherenceScore="--">bn:00082466v</annotation>
		<annotation source="BABELFY" anchor="spirit" bfScore="0.8741848868431147" coherenceScore="0.28342245989304815">bn:00027551n</annotation>
		<annotation source="MCS" anchor="work" bfScore="--" coherenceScore="--">bn:00081568n</annotation>
		<annotation source="BABELFY" anchor="work in" bfScore="1.0" coherenceScore="0.0106951871657754">bn:00081573n</annotation>
		<annotation source="BABELFY" anchor="house of" bfScore="1.0" coherenceScore="0.053475935828877004">bn:00029305n</annotation>
		<annotation source="BABELFY" anchor="house of the LORD" bfScore="0.986377396569122" coherenceScore="0.36363636363636365">bn:00076465n</annotation>
		<annotation source="BABELFY" anchor="twentieth" bfScore="1.0" coherenceScore="0.0106951871657754">bn:00095955a</annotation>
	</annotations>
</paragraph>
<paragraph id="p.2">
	<text>
		In the seventh month , in the one and twentieth day of the month , came the word of the LORD by the prophet Haggai , saying ,
		Speak now to Zerubbabel the son of Shealtiel , governor of Judah , and to Joshua the son of Josedech , the high priest , and to the residue of the people , saying ,
		Who is left among you that saw this house in her first glory ? and how do ye see it now ? is it not in your eyes in comparison of it as nothing ?
		Yet now be strong , O Zerubbabel , saith the LORD ; and be strong , O Joshua , son of Josedech , the high priest ; and be strong , all ye people of the land , saith the LORD , and work : for I am with you , saith the LORD of hosts :
		According to the word that I covenanted with you when ye came out of Egypt , so my spirit remaineth among you : fear ye not .
		For thus saith the LORD of hosts ; Yet once , it is a little while , and I will shake the heavens , and the earth , and the sea , and the dry land ;
		And I will shake all nations , and the desire of all nations shall come : and I will fill this house with glory , saith the LORD of hosts .
		The silver is mine , and the gold is mine , saith the LORD of hosts .
		The glory of this latter house shall be greater than of the former , saith the LORD of hosts : and in this place will I give peace , saith the LORD of hosts .
		In the four and twentieth day of the ninth month , in the second year of Darius , came the word of the LORD by Haggai the prophet , saying ,
		Thus saith the LORD of hosts ; Ask now the priests concerning the law , saying ,
		If one bear holy flesh in the skirt of his garment , and with his skirt do touch bread , or pottage , or wine , or oil , or any meat , shall it be holy ? And the priests answered and said , No .
		Then said Haggai , If one that is unclean by a dead body touch any of these , shall it be unclean ? And the priests answered and said , It shall be unclean .
		Then answered Haggai , and said , So is this people , and so is this nation before me , saith the LORD ; and so is every work of their hands ; and that which they offer there is unclean .
		And now , I pray you , consider from this day and upward , from before a stone was laid upon a stone in the temple of the LORD :
		Since those days were , when one came to an heap of twenty measures , there were but ten : when one came to the pressfat for to draw out fifty vessels out of the press , there were but twenty .
		I smote you with blasting and with mildew and with hail in all the labours of your hands ; yet ye turned not to me , saith the LORD .
		Consider now from this day and upward , from the four and twentieth day of the ninth month , even from the day that the foundation of the LORD&amp;apos;s temple was laid , consider it .
		Is the seed yet in the barn ? yea , as yet the vine , and the fig tree , and the pomegranate , and the olive tree , hath not brought forth : from this day will I bless you .
		And again the word of the LORD came unto Haggai in the four and twentieth day of the month , saying ,
		Speak to Zerubbabel , governor of Judah , saying , I will shake the heavens and the earth ;
		And I will overthrow the throne of kingdoms , and I will destroy the strength of the kingdoms of the heathen ; and I will overthrow the chariots , and those that ride in them ; and the horses and their riders shall come down , every one by the sword of his brother .
		In that day , saith the LORD of hosts , will I take thee , O Zerubbabel , my servant , the son of Shealtiel , saith the LORD , and will make thee as a signet : for I have chosen thee , saith the LORD of hosts .
	</text>
	<annotations>
		<annotation source="BABELFY" anchor="seventh" bfScore="1.0" coherenceScore="0.023622047244094488">bn:00096074a</annotation>
		<annotation source="BABELFY" anchor="month" bfScore="0.8679668235821565" coherenceScore="0.1732283464566929">bn:00014710n</annotation>
		<annotation source="BABELFY" anchor="twentieth" bfScore="1.0" coherenceScore="0.011811023622047244">bn:00095955a</annotation>
		<annotation source="BABELFY" anchor="day" bfScore="0.7047931333783393" coherenceScore="0.2283464566929134">bn:00000086n</annotation>
		<annotation source="BABELFY" anchor="day of the month" bfScore="1.0" coherenceScore="0.16535433070866143">bn:00025336n</annotation>
		<annotation source="BABELFY" anchor="word" bfScore="0.7051560409676075" coherenceScore="0.6220472440944882">bn:00010217n</annotation>
		<annotation source="BABELFY" anchor="LORD" bfScore="0.723128769067045" coherenceScore="0.3188976377952756">bn:00019003n</annotation>
		<annotation source="BABELFY" anchor="prophet" bfScore="0.9876513702995539" coherenceScore="0.3858267716535433">bn:00064759n</annotation>
		<annotation source="BABELFY" anchor="Haggai" bfScore="0.7380410022779044" coherenceScore="0.11811023622047244">bn:00001990n</annotation>
		<annotation source="MCS" anchor="saying" bfScore="--" coherenceScore="--">bn:00093287v</annotation>
		<annotation source="BABELFY" anchor="Zerubbabel" bfScore="1.0" coherenceScore="0.13385826771653545">bn:03546304n</annotation>
		<annotation source="BABELFY" anchor="son" bfScore="0.9693990278391516" coherenceScore="0.2952755905511811">bn:00051877n</annotation>
		<annotation source="BABELFY" anchor="Shealtiel" bfScore="1.0" coherenceScore="0.09055118110236221">bn:03506077n</annotation>
		<annotation source="BABELFY" anchor="governor" bfScore="0.7810810810810811" coherenceScore="0.06692913385826772">bn:00041204n</annotation>
		<annotation source="BABELFY" anchor="governor of" bfScore="1.0" coherenceScore="0.027559055118110236">bn:02415397n</annotation>
		<annotation source="BABELFY" anchor="Joshua" bfScore="0.811706239646604" coherenceScore="0.2755905511811024">bn:00012093n</annotation>
		<annotation source="MCS" anchor="high" bfScore="--" coherenceScore="--">bn:00104162a</annotation>
		<annotation source="MCS" anchor="high priest" bfScore="--" coherenceScore="--">bn:00044077n</annotation>
		<annotation source="BABELFY" anchor="priest" bfScore="0.7755665664852571" coherenceScore="0.3464566929133858">bn:00064346n</annotation>
		<annotation source="MCS" anchor="residue" bfScore="--" coherenceScore="--">bn:00067319n</annotation>
		<annotation source="BABELFY" anchor="people" bfScore="0.8320950965824666" coherenceScore="0.19291338582677164">bn:00061450n</annotation>
		<annotation source="MCS" anchor="left" bfScore="--" coherenceScore="--">bn:00088939v</annotation>
		<annotation source="BABELFY" anchor="house" bfScore="0.7482392796647945" coherenceScore="0.3031496062992126">bn:00044994n</annotation>
		<annotation source="BABELFY" anchor="glory" bfScore="0.7210857592446892" coherenceScore="0.15354330708661418">bn:00007184n</annotation>
		<annotation source="BABELFY" anchor="eyes" bfScore="0.8964781216648879" coherenceScore="0.1889763779527559">bn:00032512n</annotation>
		<annotation source="MCS" anchor="comparison" bfScore="--" coherenceScore="--">bn:00021303n</annotation>
		<annotation source="MCS" anchor="strong" bfScore="--" coherenceScore="--">bn:00111312a</annotation>
		<annotation source="MCS" anchor="saith" bfScore="--" coherenceScore="--">bn:00093287v</annotation>
		<annotation source="BABELFY" anchor="land" bfScore="0.8722164058741971" coherenceScore="0.5905511811023622">bn:00023236n</annotation>
		<annotation source="MCS" anchor="work" bfScore="--" coherenceScore="--">bn:00081568n</annotation>
		<annotation source="BABELFY" anchor="LORD of hosts" bfScore="1.0" coherenceScore="0.11811023622047244">bn:03152811n</annotation>
		<annotation source="MCS" anchor="hosts" bfScore="--" coherenceScore="--">bn:00044910n</annotation>
		<annotation source="BABELFY" anchor="According" bfScore="1.0" coherenceScore="0.003937007874015748">bn:00082228v</annotation>
		<annotation source="BABELFY" anchor="covenanted" bfScore="0.8350515463917526" coherenceScore="0.03543307086614173">bn:00085901v</annotation>
		<annotation source="BABELFY" anchor="Egypt" bfScore="0.9639954175986034" coherenceScore="0.6456692913385826">bn:00005255n</annotation>
		<annotation source="BABELFY" anchor="spirit" bfScore="0.8796363636363637" coherenceScore="0.23228346456692914">bn:00027551n</annotation>
		<annotation source="BABELFY" anchor="fear" bfScore="0.7692307692307693" coherenceScore="0.07874015748031496">bn:00088066v</annotation>
		<annotation source="MCS" anchor="shake" bfScore="--" coherenceScore="--">bn:00082470v</annotation>
		<annotation source="MCS" anchor="heavens" bfScore="--" coherenceScore="--">bn:00029734n</annotation>
		<annotation source="BABELFY" anchor="earth" bfScore="0.9667621653059906" coherenceScore="0.5196850393700787">bn:00029424n</annotation>
		<annotation source="MCS" anchor="sea" bfScore="--" coherenceScore="--">bn:00069946n</annotation>
		<annotation source="MCS" anchor="dry" bfScore="--" coherenceScore="--">bn:00101839a</annotation>
		<annotation source="BABELFY" anchor="dry land" bfScore="1.0" coherenceScore="0.05511811023622047">bn:00028934n</annotation>
		<annotation source="BABELFY" anchor="nations" bfScore="0.9077689155246111" coherenceScore="0.5905511811023622">bn:00023236n</annotation>
		<annotation source="BABELFY" anchor="desire" bfScore="0.7344262295081967" coherenceScore="0.09448818897637795">bn:00026551n</annotation>
		<annotation source="BABELFY" anchor="fill" bfScore="0.8796445880452343" coherenceScore="0.12992125984251968">bn:00083228v</annotation>
		<annotation source="BABELFY" anchor="silver" bfScore="0.9092892201417924" coherenceScore="0.24015748031496062">bn:00001887n</annotation>
		<annotation source="BABELFY" anchor="gold" bfScore="0.7468753945208938" coherenceScore="0.2283464566929134">bn:00006911n</annotation>
		<annotation source="MCS" anchor="greater" bfScore="--" coherenceScore="--">bn:00103779a</annotation>
		<annotation source="MCS" anchor="place" bfScore="--" coherenceScore="--">bn:00062699n</annotation>
		<annotation source="MCS" anchor="peace" bfScore="--" coherenceScore="--">bn:00061149n</annotation>
		<annotation source="BABELFY" anchor="ninth" bfScore="1.0" coherenceScore="0.01968503937007874">bn:00096104a</annotation>
		<annotation source="MCS" anchor="year" bfScore="--" coherenceScore="--">bn:00078738n</annotation>
		<annotation source="BABELFY" anchor="Darius" bfScore="0.7539267015706806" coherenceScore="0.047244094488188976">bn:14338236n</annotation>
		<annotation source="BABELFY" anchor="Haggai the prophet" bfScore="1.0" coherenceScore="0.1220472440944882">bn:00001990n</annotation>
		<annotation source="BABELFY" anchor="priests" bfScore="0.7755665664852571" coherenceScore="0.3464566929133858">bn:00064346n</annotation>
		<annotation source="BABELFY" anchor="concerning" bfScore="0.8571428571428571" coherenceScore="0.08661417322834646">bn:00083240v</annotation>
		<annotation source="MCS" anchor="law" bfScore="--" coherenceScore="--">bn:00048655n</annotation>
		<annotation source="BABELFY" anchor="bear" bfScore="0.9327115256495669" coherenceScore="0.1968503937007874">bn:00009342n</annotation>
		<annotation source="BABELFY" anchor="holy" bfScore="1.0" coherenceScore="0.13385826771653545">bn:00104250a</annotation>
		<annotation source="MCS" anchor="flesh" bfScore="--" coherenceScore="--">bn:00035182n</annotation>
		<annotation source="MCS" anchor="skirt" bfScore="--" coherenceScore="--">bn:00072003n</annotation>
		<annotation source="BABELFY" anchor="garment" bfScore="0.9858557284299858" coherenceScore="0.16141732283464566">bn:00006125n</annotation>
		<annotation source="MCS" anchor="touch" bfScore="--" coherenceScore="--">bn:00077726n</annotation>
		<annotation source="BABELFY" anchor="bread" bfScore="0.9878260869565217" coherenceScore="0.2795275590551181">bn:00012873n</annotation>
		<annotation source="MCS" anchor="pottage" bfScore="--" coherenceScore="--">bn:00063893n</annotation>
		<annotation source="BABELFY" anchor="wine" bfScore="0.927221833449965" coherenceScore="0.20866141732283464">bn:00080022n</annotation>
		<annotation source="BABELFY" anchor="oil" bfScore="0.7013986013986014" coherenceScore="0.13385826771653545">bn:00024112n</annotation>
		<annotation source="MCS" anchor="meat" bfScore="--" coherenceScore="--">bn:00054026n</annotation>
		<annotation source="BABELFY" anchor="answered" bfScore="0.9777695442756577" coherenceScore="0.1141732283464567">bn:00082646v</annotation>
		<annotation source="BABELFY" anchor="unclean" bfScore="0.868421052631579" coherenceScore="0.04330708661417323">bn:00104724a</annotation>
		<annotation source="MCS" anchor="dead" bfScore="--" coherenceScore="--">bn:00100948a</annotation>
		<annotation source="MCS" anchor="dead body" bfScore="--" coherenceScore="--">bn:00011746n</annotation>
		<annotation source="MCS" anchor="body" bfScore="--" coherenceScore="--">bn:00011744n</annotation>
		<annotation source="BABELFY" anchor="touch" bfScore="0.7924528301886793" coherenceScore="0.08267716535433071">bn:00083240v</annotation>
		<annotation source="BABELFY" anchor="nation" bfScore="0.9077689155246111" coherenceScore="0.5905511811023622">bn:00023236n</annotation>
		<annotation source="MCS" anchor="hands" bfScore="--" coherenceScore="--">bn:00042759n</annotation>
		<annotation source="MCS" anchor="offer" bfScore="--" coherenceScore="--">bn:00091135v</annotation>
		<annotation source="BABELFY" anchor="pray" bfScore="1.0" coherenceScore="0.12992125984251968">bn:00091921v</annotation>
		<annotation source="MCS" anchor="consider" bfScore="--" coherenceScore="--">bn:00085647v</annotation>
		<annotation source="BABELFY" anchor="upward" bfScore="1.0" coherenceScore="0.027559055118110236">bn:00117522r</annotation>
		<annotation source="MCS" anchor="stone" bfScore="--" coherenceScore="--">bn:00068045n</annotation>
		<annotation source="MCS" anchor="laid" bfScore="--" coherenceScore="--">bn:00090224v</annotation>
		<annotation source="MCS" anchor="temple" bfScore="--" coherenceScore="--">bn:00076465n</annotation>
		<annotation source="MCS" anchor="days" bfScore="--" coherenceScore="--">bn:00000086n</annotation>
		<annotation source="MCS" anchor="heap" bfScore="--" coherenceScore="--">bn:00001992n</annotation>
		<annotation source="BABELFY" anchor="measures" bfScore="0.7220462850182704" coherenceScore="0.15354330708661418">bn:00054019n</annotation>
		<annotation source="MCS" anchor="draw" bfScore="--" coherenceScore="--">bn:00087234v</annotation>
		<annotation source="MCS" anchor="draw out" bfScore="--" coherenceScore="--">bn:00087273v</annotation>
		<annotation source="BABELFY" anchor="vessels" bfScore="0.867579908675799" coherenceScore="0.07480314960629922">bn:00079862n</annotation>
		<annotation source="MCS" anchor="press" bfScore="--" coherenceScore="--">bn:00046094n</annotation>
		<annotation source="BABELFY" anchor="smote" bfScore="0.9824561403508771" coherenceScore="0.027559055118110236">bn:00093936v</annotation>
		<annotation source="MCS" anchor="blasting" bfScore="--" coherenceScore="--">bn:00083557v</annotation>
		<annotation source="BABELFY" anchor="mildew" bfScore="1.0" coherenceScore="0.011811023622047244">bn:00054927n</annotation>
		<annotation source="MCS" anchor="hail" bfScore="--" coherenceScore="--">bn:00042519n</annotation>
		<annotation source="MCS" anchor="labours" bfScore="--" coherenceScore="--">bn:00049570n</annotation>
		<annotation source="MCS" anchor="turned" bfScore="--" coherenceScore="--">bn:00095233v</annotation>
		<annotation source="MCS" anchor="Consider" bfScore="--" coherenceScore="--">bn:00085647v</annotation>
		<annotation source="MCS" anchor="foundation" bfScore="--" coherenceScore="--">bn:00036063n</annotation>
		<annotation source="MCS" anchor="seed" bfScore="--" coherenceScore="--">bn:00070253n</annotation>
		<annotation source="BABELFY" anchor="barn" bfScore="0.9242144177449169" coherenceScore="0.07874015748031496">bn:00008614n</annotation>
		<annotation source="BABELFY" anchor="yea" bfScore="1.0" coherenceScore="0.015748031496062992">bn:00117651r</annotation>
		<annotation source="MCS" anchor="vine" bfScore="--" coherenceScore="--">bn:00080013n</annotation>
		<annotation source="BABELFY" anchor="fig" bfScore="0.8465346534653465" coherenceScore="0.1062992125984252">bn:00021090n</annotation>
		<annotation source="BABELFY" anchor="fig tree" bfScore="1.0" coherenceScore="0.07874015748031496">bn:00034375n</annotation>
		<annotation source="BABELFY" anchor="tree" bfScore="0.9224598930481284" coherenceScore="0.27165354330708663">bn:00078131n</annotation>
		<annotation source="BABELFY" anchor="pomegranate" bfScore="0.9906934854398078" coherenceScore="0.1968503937007874">bn:00063486n</annotation>
		<annotation source="BABELFY" anchor="olive" bfScore="1.0" coherenceScore="0.027559055118110236">bn:00107803a</annotation>
		<annotation source="MCS" anchor="olive tree" bfScore="--" coherenceScore="--">bn:00058899n</annotation>
		<annotation source="BABELFY" anchor="brought" bfScore="0.8075422626788037" coherenceScore="0.09055118110236221">bn:00084064v</annotation>
		<annotation source="BABELFY" anchor="brought forth" bfScore="0.9292604501607717" coherenceScore="0.06692913385826772">bn:00083336v</annotation>
		<annotation source="BABELFY" anchor="bless" bfScore="0.9396911519198664" coherenceScore="0.22440944881889763">bn:00083602v</annotation>
		<annotation source="BABELFY" anchor="overthrow" bfScore="0.7707006369426752" coherenceScore="0.04330708661417323">bn:00084075v</annotation>
		<annotation source="MCS" anchor="throne" bfScore="--" coherenceScore="--">bn:00077086n</annotation>
		<annotation source="BABELFY" anchor="kingdoms" bfScore="0.905022376926902" coherenceScore="0.2559055118110236">bn:00055624n</annotation>
		<annotation source="BABELFY" anchor="destroy" bfScore="0.7317073170731707" coherenceScore="0.03543307086614173">bn:00086700v</annotation>
		<annotation source="MCS" anchor="strength" bfScore="--" coherenceScore="--">bn:00074615n</annotation>
		<annotation source="BABELFY" anchor="heathen" bfScore="1.0" coherenceScore="0.031496062992125984">bn:00102421a</annotation>
		<annotation source="MCS" anchor="chariots" bfScore="--" coherenceScore="--">bn:00017811n</annotation>
		<annotation source="MCS" anchor="ride" bfScore="--" coherenceScore="--">bn:00093013v</annotation>
		<annotation source="BABELFY" anchor="horses" bfScore="0.9547920433996383" coherenceScore="0.23622047244094488">bn:00031345n</annotation>
		<annotation source="MCS" anchor="riders" bfScore="--" coherenceScore="--">bn:00067757n</annotation>
		<annotation source="BABELFY" anchor="sword" bfScore="0.8887900355871886" coherenceScore="0.1062992125984252">bn:00011081n</annotation>
		<annotation source="BABELFY" anchor="brother" bfScore="0.8075582953631734" coherenceScore="0.27165354330708663">bn:00055630n</annotation>
		<annotation source="BABELFY" anchor="servant" bfScore="0.8838427947598253" coherenceScore="0.09055118110236221">bn:00067423n</annotation>
		<annotation source="BABELFY" anchor="signet" bfScore="1.0" coherenceScore="0.051181102362204724">bn:00071553n</annotation>
		<annotation source="MCS" anchor="chosen" bfScore="--" coherenceScore="--">bn:00084931v</annotation>
	</annotations>
</paragraph>
</dataset>
