<?xml version="1.0" encoding="utf-8"?>
<dataset language="EN" title="MAL">
<paragraph id="p.1">
	<text>
		The burden of the word of the LORD to Israel by Malachi .
		I have loved you , saith the LORD . Yet ye say , Wherein hast thou loved us ? Was not Esau Jacob&amp;apos;s brother ? saith the LORD : yet I loved Jacob ,
		And I hated Esau , and laid his mountains and his heritage waste for the dragons of the wilderness .
		Whereas Edom saith , We are impoverished , but we will return and build the desolate places ; thus saith the LORD of hosts , They shall build , but I will throw down ; and they shall call them , The border of wickedness , and , The people against whom the LORD hath indignation for ever .
		And your eyes shall see , and ye shall say , The LORD will be magnified from the border of Israel .
		A son honoureth his father , and a servant his master : if then I be a father , where is mine honour ? and if I be a master , where is my fear ? saith the LORD of hosts unto you , O priests , that despise my name . And ye say , Wherein have we despised thy name ?
		Ye offer polluted bread upon mine altar ; and ye say , Wherein have we polluted thee ? In that ye say , The table of the LORD is contemptible .
		And if ye offer the blind for sacrifice , is it not evil ? and if ye offer the lame and sick , is it not evil ? offer it now unto thy governor ; will he be pleased with thee , or accept thy person ? saith the LORD of hosts .
		And now , I pray you , beseech God that he will be gracious unto us : this hath been by your means : will he regard your persons ? saith the LORD of hosts .
		Who is there even among you that would shut the doors for nought ? neither do ye kindle fire on mine altar for nought . I have no pleasure in you , saith the LORD of hosts , neither will I accept an offering at your hand .
		For from the rising of the sun even unto the going down of the same my name shall be great among the Gentiles ; and in every place incense shall be offered unto my name , and a pure offering : for my name shall be great among the heathen , saith the LORD of hosts .
		But ye have profaned it , in that ye say , The table of the LORD is polluted ; and the fruit thereof , even his meat , is contemptible .
		Ye said also , Behold , what a weariness is it ! and ye have snuffed at it , saith the LORD of hosts ; and ye brought that which was torn , and the lame , and the sick ; thus ye brought an offering : should I accept this of your hand ? saith the LORD .
		But cursed be the deceiver , which hath in his flock a male , and voweth , and sacrificeth unto the LORD a corrupt thing : for I am a great King , saith the LORD of hosts , and my name is dreadful among the heathen .
	</text>
	<annotations>
		<annotation source="MCS" anchor="burden" bfScore="--" coherenceScore="--">bn:00013941n</annotation>
		<annotation source="BABELFY" anchor="word" bfScore="0.7110006215040398" coherenceScore="0.6904761904761905">bn:00010217n</annotation>
		<annotation source="BABELFY" anchor="LORD" bfScore="0.7185952273750563" coherenceScore="0.3392857142857143">bn:00019003n</annotation>
		<annotation source="BABELFY" anchor="Israel" bfScore="0.9448904711737567" coherenceScore="0.6071428571428571">bn:00047679n</annotation>
		<annotation source="BABELFY" anchor="Malachi" bfScore="0.9278642149929278" coherenceScore="0.19047619047619047">bn:00012099n</annotation>
		<annotation source="MCS" anchor="loved" bfScore="--" coherenceScore="--">bn:00090504v</annotation>
		<annotation source="MCS" anchor="saith" bfScore="--" coherenceScore="--">bn:00093287v</annotation>
		<annotation source="BABELFY" anchor="Esau" bfScore="1.0" coherenceScore="0.07738095238095238">bn:00031533n</annotation>
		<annotation source="BABELFY" anchor="Jacob" bfScore="0.791537025513379" coherenceScore="0.14285714285714285">bn:00047849n</annotation>
		<annotation source="BABELFY" anchor="brother" bfScore="0.761262117468162" coherenceScore="0.26785714285714285">bn:00055630n</annotation>
		<annotation source="BABELFY" anchor="hated" bfScore="1.0" coherenceScore="0.08928571428571429">bn:00086717v</annotation>
		<annotation source="MCS" anchor="laid" bfScore="--" coherenceScore="--">bn:00090224v</annotation>
		<annotation source="BABELFY" anchor="mountains" bfScore="0.9357798165137615" coherenceScore="0.10119047619047619">bn:00056068n</annotation>
		<annotation source="BABELFY" anchor="heritage" bfScore="0.9448818897637795" coherenceScore="0.08928571428571429">bn:00043823n</annotation>
		<annotation source="MCS" anchor="waste" bfScore="--" coherenceScore="--">bn:00080543n</annotation>
		<annotation source="BABELFY" anchor="dragons" bfScore="0.7107231920199502" coherenceScore="0.08928571428571429">bn:00028582n</annotation>
		<annotation source="BABELFY" anchor="wilderness" bfScore="0.7428571428571429" coherenceScore="0.07142857142857142">bn:01858002n</annotation>
		<annotation source="BABELFY" anchor="Edom" bfScore="0.8521739130434782" coherenceScore="0.08333333333333333">bn:01432049n</annotation>
		<annotation source="BABELFY" anchor="impoverished" bfScore="0.8" coherenceScore="0.023809523809523808">bn:00086638v</annotation>
		<annotation source="MCS" anchor="return" bfScore="--" coherenceScore="--">bn:00092969v</annotation>
		<annotation source="MCS" anchor="build" bfScore="--" coherenceScore="--">bn:00084198v</annotation>
		<annotation source="BABELFY" anchor="desolate" bfScore="1.0" coherenceScore="0.005952380952380952">bn:00098055a</annotation>
		<annotation source="MCS" anchor="places" bfScore="--" coherenceScore="--">bn:00062699n</annotation>
		<annotation source="BABELFY" anchor="LORD of hosts" bfScore="1.0" coherenceScore="0.15476190476190477">bn:03152811n</annotation>
		<annotation source="MCS" anchor="hosts" bfScore="--" coherenceScore="--">bn:00044910n</annotation>
		<annotation source="BABELFY" anchor="throw" bfScore="0.8433382137628112" coherenceScore="0.07142857142857142">bn:00089529v</annotation>
		<annotation source="MCS" anchor="throw down" bfScore="--" coherenceScore="--">bn:13620908v</annotation>
		<annotation source="MCS" anchor="call" bfScore="--" coherenceScore="--">bn:00084385v</annotation>
		<annotation source="BABELFY" anchor="border" bfScore="0.7741935483870968" coherenceScore="0.07142857142857142">bn:00012212n</annotation>
		<annotation source="BABELFY" anchor="wickedness" bfScore="0.9656652360515021" coherenceScore="0.39285714285714285">bn:00071707n</annotation>
		<annotation source="BABELFY" anchor="people" bfScore="0.8851261620185923" coherenceScore="0.18452380952380953">bn:00061450n</annotation>
		<annotation source="BABELFY" anchor="indignation" bfScore="0.8547008547008547" coherenceScore="0.05952380952380952">bn:00046491n</annotation>
		<annotation source="BABELFY" anchor="eyes" bfScore="0.9764309764309764" coherenceScore="0.17261904761904762">bn:00032512n</annotation>
		<annotation source="MCS" anchor="magnified" bfScore="--" coherenceScore="--">bn:00082586v</annotation>
		<annotation source="BABELFY" anchor="son" bfScore="0.932475884244373" coherenceScore="0.23809523809523808">bn:00051877n</annotation>
		<annotation source="MCS" anchor="father" bfScore="--" coherenceScore="--">bn:00009616n</annotation>
		<annotation source="BABELFY" anchor="servant" bfScore="0.8610567514677103" coherenceScore="0.11904761904761904">bn:00067423n</annotation>
		<annotation source="MCS" anchor="master" bfScore="--" coherenceScore="--">bn:00052664n</annotation>
		<annotation source="MCS" anchor="honour" bfScore="--" coherenceScore="--">bn:00044653n</annotation>
		<annotation source="BABELFY" anchor="fear" bfScore="0.8852459016393442" coherenceScore="0.10714285714285714">bn:00033854n</annotation>
		<annotation source="BABELFY" anchor="priests" bfScore="0.7092280905397562" coherenceScore="0.30952380952380953">bn:00064346n</annotation>
		<annotation source="BABELFY" anchor="despise" bfScore="1.0" coherenceScore="0.05357142857142857">bn:00085702v</annotation>
		<annotation source="BABELFY" anchor="despised" bfScore="1.0" coherenceScore="0.05357142857142857">bn:00085702v</annotation>
		<annotation source="MCS" anchor="offer" bfScore="--" coherenceScore="--">bn:00058678n</annotation>
		<annotation source="BABELFY" anchor="polluted" bfScore="1.0" coherenceScore="0.011904761904761904">bn:00100355a</annotation>
		<annotation source="BABELFY" anchor="bread" bfScore="0.9976507439310884" coherenceScore="0.2916666666666667">bn:00012873n</annotation>
		<annotation source="MCS" anchor="mine" bfScore="--" coherenceScore="--">bn:00055114n</annotation>
		<annotation source="BABELFY" anchor="altar" bfScore="0.7932027649769585" coherenceScore="0.30357142857142855">bn:00003117n</annotation>
		<annotation source="MCS" anchor="polluted" bfScore="--" coherenceScore="--">bn:00085700v</annotation>
		<annotation source="MCS" anchor="table" bfScore="--" coherenceScore="--">bn:00075812n</annotation>
		<annotation source="BABELFY" anchor="contemptible" bfScore="1.0" coherenceScore="0.023809523809523808">bn:00100362a</annotation>
		<annotation source="MCS" anchor="offer" bfScore="--" coherenceScore="--">bn:00091135v</annotation>
		<annotation source="MCS" anchor="blind" bfScore="--" coherenceScore="--">bn:00011246n</annotation>
		<annotation source="BABELFY" anchor="sacrifice" bfScore="1.0" coherenceScore="0.35119047619047616">bn:00067941n</annotation>
		<annotation source="BABELFY" anchor="evil" bfScore="0.7300613496932515" coherenceScore="0.041666666666666664">bn:00102474a</annotation>
		<annotation source="BABELFY" anchor="lame" bfScore="0.813953488372093" coherenceScore="0.02976190476190476">bn:00100661a</annotation>
		<annotation source="MCS" anchor="sick" bfScore="--" coherenceScore="--">bn:00104538a</annotation>
		<annotation source="BABELFY" anchor="governor" bfScore="0.8888888888888888" coherenceScore="0.047619047619047616">bn:00041204n</annotation>
		<annotation source="MCS" anchor="accept" bfScore="--" coherenceScore="--">bn:00082197v</annotation>
		<annotation source="BABELFY" anchor="person" bfScore="0.8961322162286239" coherenceScore="0.7261904761904762">bn:00046516n</annotation>
		<annotation source="BABELFY" anchor="pray" bfScore="0.9610894941634242" coherenceScore="0.1130952380952381">bn:00091921v</annotation>
		<annotation source="BABELFY" anchor="beseech" bfScore="1.0" coherenceScore="0.023809523809523808">bn:00082355v</annotation>
		<annotation source="BABELFY" anchor="God" bfScore="0.7126523632459089" coherenceScore="0.6666666666666666">bn:00040878n</annotation>
		<annotation source="BABELFY" anchor="gracious" bfScore="0.8" coherenceScore="0.03571428571428571">bn:00098254a</annotation>
		<annotation source="BABELFY" anchor="means" bfScore="0.8835690968443961" coherenceScore="0.16666666666666666">bn:00001965n</annotation>
		<annotation source="BABELFY" anchor="regard" bfScore="0.7860262008733624" coherenceScore="0.07142857142857142">bn:00083370v</annotation>
		<annotation source="BABELFY" anchor="persons" bfScore="0.8982318494513617" coherenceScore="0.7261904761904762">bn:00046516n</annotation>
		<annotation source="BABELFY" anchor="shut" bfScore="0.7142857142857143" coherenceScore="0.02976190476190476">bn:00087812v</annotation>
		<annotation source="MCS" anchor="doors" bfScore="--" coherenceScore="--">bn:00028247n</annotation>
		<annotation source="BABELFY" anchor="nought" bfScore="1.0" coherenceScore="0.047619047619047616">bn:00000004n</annotation>
		<annotation source="MCS" anchor="kindle" bfScore="--" coherenceScore="--">bn:00089718v</annotation>
		<annotation source="BABELFY" anchor="kindle fire" bfScore="1.0" coherenceScore="0.05357142857142857">bn:02682532n</annotation>
		<annotation source="BABELFY" anchor="fire" bfScore="0.896358543417367" coherenceScore="0.23809523809523808">bn:00034625n</annotation>
		<annotation source="BABELFY" anchor="pleasure" bfScore="0.8354430379746836" coherenceScore="0.10714285714285714">bn:00062972n</annotation>
		<annotation source="MCS" anchor="offering" bfScore="--" coherenceScore="--">bn:00058679n</annotation>
		<annotation source="MCS" anchor="hand" bfScore="--" coherenceScore="--">bn:00042759n</annotation>
		<annotation source="MCS" anchor="rising" bfScore="--" coherenceScore="--">bn:00082761v</annotation>
		<annotation source="MCS" anchor="great" bfScore="--" coherenceScore="--">bn:00103779a</annotation>
		<annotation source="MCS" anchor="Gentiles" bfScore="--" coherenceScore="--">bn:00037763n</annotation>
		<annotation source="MCS" anchor="place" bfScore="--" coherenceScore="--">bn:00062699n</annotation>
		<annotation source="BABELFY" anchor="incense" bfScore="0.946969696969697" coherenceScore="0.1488095238095238">bn:00046267n</annotation>
		<annotation source="MCS" anchor="offered" bfScore="--" coherenceScore="--">bn:00091135v</annotation>
		<annotation source="BABELFY" anchor="pure" bfScore="0.9173272933182333" coherenceScore="0.16071428571428573">bn:00109249a</annotation>
		<annotation source="BABELFY" anchor="heathen" bfScore="0.8936170212765957" coherenceScore="0.16666666666666666">bn:00037763n</annotation>
		<annotation source="MCS" anchor="profaned" bfScore="--" coherenceScore="--">bn:00085844v</annotation>
		<annotation source="MCS" anchor="fruit" bfScore="--" coherenceScore="--">bn:00036686n</annotation>
		<annotation source="BABELFY" anchor="meat" bfScore="0.7008456659619451" coherenceScore="0.23214285714285715">bn:00054026n</annotation>
		<annotation source="BABELFY" anchor="weariness" bfScore="1.0" coherenceScore="0.017857142857142856">bn:00033794n</annotation>
		<annotation source="BABELFY" anchor="snuffed" bfScore="0.8" coherenceScore="0.011904761904761904">bn:00093996v</annotation>
		<annotation source="MCS" anchor="brought" bfScore="--" coherenceScore="--">bn:00084058v</annotation>
		<annotation source="MCS" anchor="torn" bfScore="--" coherenceScore="--">bn:00084314v</annotation>
		<annotation source="BABELFY" anchor="lame" bfScore="0.9259259259259259" coherenceScore="0.02976190476190476">bn:00049775n</annotation>
		<annotation source="BABELFY" anchor="cursed" bfScore="0.9615384615384616" coherenceScore="0.02976190476190476">bn:00100795a</annotation>
		<annotation source="BABELFY" anchor="deceiver" bfScore="0.9577464788732394" coherenceScore="0.09523809523809523">bn:00009646n</annotation>
		<annotation source="BABELFY" anchor="flock" bfScore="0.7624309392265194" coherenceScore="0.13690476190476192">bn:00035286n</annotation>
		<annotation source="BABELFY" anchor="male" bfScore="0.9512411347517731" coherenceScore="0.34523809523809523">bn:00001533n</annotation>
		<annotation source="MCS" anchor="corrupt" bfScore="--" coherenceScore="--">bn:00100510a</annotation>
		<annotation source="BABELFY" anchor="great King" bfScore="1.0" coherenceScore="0.011904761904761904">bn:00165678n</annotation>
		<annotation source="BABELFY" anchor="King" bfScore="0.9734251968503937" coherenceScore="0.27380952380952384">bn:00024097n</annotation>
		<annotation source="BABELFY" anchor="dreadful" bfScore="0.9230769230769231" coherenceScore="0.03571428571428571">bn:00097890a</annotation>
	</annotations>
</paragraph>
<paragraph id="p.2">
	<text>
		And now , O ye priests , this commandment is for you .
		If ye will not hear , and if ye will not lay it to heart , to give glory unto my name , saith the LORD of hosts , I will even send a curse upon you , and I will curse your blessings : yea , I have cursed them already , because ye do not lay it to heart .
		Behold , I will corrupt your seed , and spread dung upon your faces , even the dung of your solemn feasts ; and one shall take you away with it .
		And ye shall know that I have sent this commandment unto you , that my covenant might be with Levi , saith the LORD of hosts .
		My covenant was with him of life and peace ; and I gave them to him for the fear wherewith he feared me , and was afraid before my name .
		The law of truth was in his mouth , and iniquity was not found in his lips : he walked with me in peace and equity , and did turn many away from iniquity .
		For the priest&amp;apos;s lips should keep knowledge , and they should seek the law at his mouth : for he is the messenger of the LORD of hosts .
		But ye are departed out of the way ; ye have caused many to stumble at the law ; ye have corrupted the covenant of Levi , saith the LORD of hosts .
		Therefore have I also made you contemptible and base before all the people , according as ye have not kept my ways , but have been partial in the law .
		Have we not all one father ? hath not one God created us ? why do we deal treacherously every man against his brother , by profaning the covenant of our fathers ?
		Judah hath dealt treacherously , and an abomination is committed in Israel and in Jerusalem ; for Judah hath profaned the holiness of the LORD which he loved , and hath married the daughter of a strange god .
		The LORD will cut off the man that doeth this , the master and the scholar , out of the tabernacles of Jacob , and him that offereth an offering unto the LORD of hosts .
		And this have ye done again , covering the altar of the LORD with tears , with weeping , and with crying out , insomuch that he regardeth not the offering any more , or receiveth it with good will at your hand .
		Yet ye say , Wherefore ? Because the LORD hath been witness between thee and the wife of thy youth , against whom thou hast dealt treacherously : yet is she thy companion , and the wife of thy covenant .
		And did not he make one ? Yet had he the residue of the spirit . And wherefore one ? That he might seek a godly seed . Therefore take heed to your spirit , and let none deal treacherously against the wife of his youth .
		For the LORD , the God of Israel , saith that he hateth putting away : for one covereth violence with his garment , saith the LORD of hosts : therefore take heed to your spirit , that ye deal not treacherously .
		Ye have wearied the LORD with your words . Yet ye say , Wherein have we wearied him ? When ye say , Every one that doeth evil is good in the sight of the LORD , and he delighteth in them ; or , Where is the God of judgment ?
	</text>
	<annotations>
		<annotation source="BABELFY" anchor="priests" bfScore="0.803160585637927" coherenceScore="0.367816091954023">bn:00064346n</annotation>
		<annotation source="MCS" anchor="commandment" bfScore="--" coherenceScore="--">bn:00020960n</annotation>
		<annotation source="MCS" anchor="hear" bfScore="--" coherenceScore="--">bn:00089277v</annotation>
		<annotation source="MCS" anchor="lay" bfScore="--" coherenceScore="--">bn:00090224v</annotation>
		<annotation source="MCS" anchor="heart" bfScore="--" coherenceScore="--">bn:00012289n</annotation>
		<annotation source="BABELFY" anchor="glory" bfScore="0.9221757322175732" coherenceScore="0.16666666666666666">bn:00007184n</annotation>
		<annotation source="MCS" anchor="saith" bfScore="--" coherenceScore="--">bn:00093287v</annotation>
		<annotation source="BABELFY" anchor="LORD of hosts" bfScore="1.0" coherenceScore="0.14942528735632185">bn:03152811n</annotation>
		<annotation source="MCS" anchor="hosts" bfScore="--" coherenceScore="--">bn:00044910n</annotation>
		<annotation source="MCS" anchor="send" bfScore="--" coherenceScore="--">bn:00086868v</annotation>
		<annotation source="MCS" anchor="curse" bfScore="--" coherenceScore="--">bn:00024525n</annotation>
		<annotation source="BABELFY" anchor="curse" bfScore="0.7274611398963731" coherenceScore="0.10344827586206896">bn:00083560v</annotation>
		<annotation source="MCS" anchor="blessings" bfScore="--" coherenceScore="--">bn:00005158n</annotation>
		<annotation source="BABELFY" anchor="yea" bfScore="1.0" coherenceScore="0.017241379310344827">bn:00117651r</annotation>
		<annotation source="BABELFY" anchor="cursed" bfScore="0.7274611398963731" coherenceScore="0.10344827586206896">bn:00083560v</annotation>
		<annotation source="MCS" anchor="Behold" bfScore="--" coherenceScore="--">bn:00083356v</annotation>
		<annotation source="BABELFY" anchor="corrupt" bfScore="0.7083333333333334" coherenceScore="0.08045977011494253">bn:00084040v</annotation>
		<annotation source="MCS" anchor="seed" bfScore="--" coherenceScore="--">bn:00070253n</annotation>
		<annotation source="MCS" anchor="spread" bfScore="--" coherenceScore="--">bn:00073625n</annotation>
		<annotation source="BABELFY" anchor="dung" bfScore="1.0" coherenceScore="0.011494252873563218">bn:00028852n</annotation>
		<annotation source="MCS" anchor="faces" bfScore="--" coherenceScore="--">bn:00032600n</annotation>
		<annotation source="BABELFY" anchor="solemn" bfScore="0.8892307692307693" coherenceScore="0.09770114942528736">bn:00103758a</annotation>
		<annotation source="BABELFY" anchor="feasts" bfScore="0.8506849315068493" coherenceScore="0.13218390804597702">bn:00034151n</annotation>
		<annotation source="MCS" anchor="sent" bfScore="--" coherenceScore="--">bn:00086868v</annotation>
		<annotation source="MCS" anchor="covenant" bfScore="--" coherenceScore="--">bn:00021275n</annotation>
		<annotation source="BABELFY" anchor="Levi" bfScore="0.8962585034013606" coherenceScore="0.29310344827586204">bn:00050874n</annotation>
		<annotation source="MCS" anchor="life" bfScore="--" coherenceScore="--">bn:00051045n</annotation>
		<annotation source="MCS" anchor="peace" bfScore="--" coherenceScore="--">bn:00061149n</annotation>
		<annotation source="BABELFY" anchor="fear" bfScore="0.881407804131599" coherenceScore="0.20689655172413793">bn:00033854n</annotation>
		<annotation source="MCS" anchor="wherewith" bfScore="--" coherenceScore="--">bn:13677466r</annotation>
		<annotation source="MCS" anchor="feared" bfScore="--" coherenceScore="--">bn:00088065v</annotation>
		<annotation source="MCS" anchor="afraid" bfScore="--" coherenceScore="--">bn:00096625a</annotation>
		<annotation source="MCS" anchor="law" bfScore="--" coherenceScore="--">bn:00048655n</annotation>
		<annotation source="BABELFY" anchor="truth" bfScore="0.758989489212613" coherenceScore="0.28160919540229884">bn:00072816n</annotation>
		<annotation source="BABELFY" anchor="mouth" bfScore="0.7407614781634938" coherenceScore="0.15517241379310345">bn:00056135n</annotation>
		<annotation source="MCS" anchor="iniquity" bfScore="--" coherenceScore="--">bn:00025234n</annotation>
		<annotation source="MCS" anchor="found" bfScore="--" coherenceScore="--">bn:00084231v</annotation>
		<annotation source="MCS" anchor="lips" bfScore="--" coherenceScore="--">bn:00051440n</annotation>
		<annotation source="MCS" anchor="walked" bfScore="--" coherenceScore="--">bn:00095597v</annotation>
		<annotation source="BABELFY" anchor="equity" bfScore="0.7011070110701108" coherenceScore="0.11494252873563218">bn:15463522n</annotation>
		<annotation source="MCS" anchor="turn" bfScore="--" coherenceScore="--">bn:00095233v</annotation>
		<annotation source="BABELFY" anchor="priest" bfScore="0.803160585637927" coherenceScore="0.367816091954023">bn:00064346n</annotation>
		<annotation source="MCS" anchor="keep" bfScore="--" coherenceScore="--">bn:00089384v</annotation>
		<annotation source="BABELFY" anchor="knowledge" bfScore="0.8674550061724384" coherenceScore="0.4540229885057471">bn:00020452n</annotation>
		<annotation source="BABELFY" anchor="seek" bfScore="0.8076923076923077" coherenceScore="0.034482758620689655">bn:00082844v</annotation>
		<annotation source="MCS" anchor="messenger" bfScore="--" coherenceScore="--">bn:00023284n</annotation>
		<annotation source="BABELFY" anchor="departed" bfScore="0.8421052631578947" coherenceScore="0.04597701149425287">bn:00088939v</annotation>
		<annotation source="MCS" anchor="stumble" bfScore="--" coherenceScore="--">bn:00084228v</annotation>
		<annotation source="BABELFY" anchor="corrupted" bfScore="0.7083333333333334" coherenceScore="0.08045977011494253">bn:00084040v</annotation>
		<annotation source="MCS" anchor="contemptible" bfScore="--" coherenceScore="--">bn:00100362a</annotation>
		<annotation source="MCS" anchor="base" bfScore="--" coherenceScore="--">bn:00008781n</annotation>
		<annotation source="BABELFY" anchor="people" bfScore="0.8509366281387006" coherenceScore="0.20114942528735633">bn:00061450n</annotation>
		<annotation source="BABELFY" anchor="according" bfScore="0.8974358974358975" coherenceScore="0.040229885057471264">bn:00082228v</annotation>
		<annotation source="MCS" anchor="kept" bfScore="--" coherenceScore="--">bn:00089384v</annotation>
		<annotation source="MCS" anchor="ways" bfScore="--" coherenceScore="--">bn:00033729n</annotation>
		<annotation source="BABELFY" anchor="partial" bfScore="0.7291666666666666" coherenceScore="0.040229885057471264">bn:00108291a</annotation>
		<annotation source="MCS" anchor="father" bfScore="--" coherenceScore="--">bn:00009616n</annotation>
		<annotation source="BABELFY" anchor="God" bfScore="0.7279361889209899" coherenceScore="0.7873563218390804">bn:00040878n</annotation>
		<annotation source="BABELFY" anchor="created" bfScore="0.8206686930091185" coherenceScore="0.08620689655172414">bn:00086009v</annotation>
		<annotation source="MCS" anchor="deal" bfScore="--" coherenceScore="--">bn:00082339v</annotation>
		<annotation source="BABELFY" anchor="treacherously" bfScore="1.0" coherenceScore="0.005747126436781609">bn:00115314r</annotation>
		<annotation source="BABELFY" anchor="man" bfScore="0.7386998287288703" coherenceScore="0.8908045977011494">bn:00044576n</annotation>
		<annotation source="BABELFY" anchor="brother" bfScore="0.7281287970838396" coherenceScore="0.27011494252873564">bn:00055630n</annotation>
		<annotation source="MCS" anchor="profaning" bfScore="--" coherenceScore="--">bn:00085844v</annotation>
		<annotation source="MCS" anchor="fathers" bfScore="--" coherenceScore="--">bn:00009616n</annotation>
		<annotation source="MCS" anchor="dealt" bfScore="--" coherenceScore="--">bn:00082339v</annotation>
		<annotation source="MCS" anchor="abomination" bfScore="--" coherenceScore="--">bn:00000363n</annotation>
		<annotation source="MCS" anchor="committed" bfScore="--" coherenceScore="--">bn:00085426v</annotation>
		<annotation source="BABELFY" anchor="Israel" bfScore="0.8963792885175339" coherenceScore="0.6839080459770115">bn:00047679n</annotation>
		<annotation source="BABELFY" anchor="Jerusalem" bfScore="0.9602580108198085" coherenceScore="0.40804597701149425">bn:00015555n</annotation>
		<annotation source="MCS" anchor="profaned" bfScore="--" coherenceScore="--">bn:00085844v</annotation>
		<annotation source="BABELFY" anchor="holiness" bfScore="1.0" coherenceScore="0.25862068965517243">bn:00044420n</annotation>
		<annotation source="MCS" anchor="loved" bfScore="--" coherenceScore="--">bn:00090504v</annotation>
		<annotation source="BABELFY" anchor="married" bfScore="0.989010989010989" coherenceScore="0.10344827586206896">bn:00085614v</annotation>
		<annotation source="BABELFY" anchor="daughter" bfScore="1.0" coherenceScore="0.14942528735632185">bn:00025364n</annotation>
		<annotation source="MCS" anchor="strange" bfScore="--" coherenceScore="--">bn:00111281a</annotation>
		<annotation source="BABELFY" anchor="god" bfScore="0.7279361889209899" coherenceScore="0.7873563218390804">bn:00040878n</annotation>
		<annotation source="MCS" anchor="cut" bfScore="--" coherenceScore="--">bn:00086178v</annotation>
		<annotation source="BABELFY" anchor="cut off" bfScore="0.75" coherenceScore="0.034482758620689655">bn:00082590v</annotation>
		<annotation source="MCS" anchor="master" bfScore="--" coherenceScore="--">bn:00052664n</annotation>
		<annotation source="MCS" anchor="scholar" bfScore="--" coherenceScore="--">bn:00012135n</annotation>
		<annotation source="BABELFY" anchor="tabernacles" bfScore="0.7885250826073896" coherenceScore="0.28735632183908044">bn:00075688n</annotation>
		<annotation source="BABELFY" anchor="Jacob" bfScore="0.7947473594062232" coherenceScore="0.1839080459770115">bn:00047849n</annotation>
		<annotation source="BABELFY" anchor="offering" bfScore="0.725609756097561" coherenceScore="0.09770114942528736">bn:16290317n</annotation>
		<annotation source="MCS" anchor="covering" bfScore="--" coherenceScore="--">bn:00085903v</annotation>
		<annotation source="BABELFY" anchor="altar" bfScore="0.7449685534591195" coherenceScore="0.26436781609195403">bn:00003117n</annotation>
		<annotation source="MCS" anchor="tears" bfScore="--" coherenceScore="--">bn:00076312n</annotation>
		<annotation source="BABELFY" anchor="weeping" bfScore="1.0" coherenceScore="0.034482758620689655">bn:00086122v</annotation>
		<annotation source="MCS" anchor="crying" bfScore="--" coherenceScore="--">bn:00084388v</annotation>
		<annotation source="BABELFY" anchor="crying out" bfScore="1.0" coherenceScore="0.06321839080459771">bn:00084428v</annotation>
		<annotation source="BABELFY" anchor="insomuch" bfScore="1.0" coherenceScore="0.011494252873563218">bn:00115970r</annotation>
		<annotation source="MCS" anchor="offering" bfScore="--" coherenceScore="--">bn:00058679n</annotation>
		<annotation source="MCS" anchor="good" bfScore="--" coherenceScore="--">bn:00103672a</annotation>
		<annotation source="BABELFY" anchor="hand" bfScore="0.7233851674641149" coherenceScore="0.23563218390804597">bn:00042759n</annotation>
		<annotation source="MCS" anchor="witness" bfScore="--" coherenceScore="--">bn:00046703n</annotation>
		<annotation source="BABELFY" anchor="wife" bfScore="1.0" coherenceScore="0.23563218390804597">bn:00053531n</annotation>
		<annotation source="BABELFY" anchor="youth" bfScore="0.8257638315441783" coherenceScore="0.14367816091954022">bn:00073643n</annotation>
		<annotation source="MCS" anchor="companion" bfScore="--" coherenceScore="--">bn:00006532n</annotation>
		<annotation source="BABELFY" anchor="residue" bfScore="0.9790794979079498" coherenceScore="0.10344827586206896">bn:01575823n</annotation>
		<annotation source="BABELFY" anchor="spirit" bfScore="0.768775872264932" coherenceScore="0.22988505747126436">bn:00027551n</annotation>
		<annotation source="BABELFY" anchor="godly" bfScore="0.8545765611633875" coherenceScore="0.15517241379310345">bn:00101637a</annotation>
		<annotation source="BABELFY" anchor="take heed" bfScore="1.0" coherenceScore="0.017241379310344827">bn:00089280v</annotation>
		<annotation source="BABELFY" anchor="heed" bfScore="1.0" coherenceScore="0.034482758620689655">bn:00007026n</annotation>
		<annotation source="MCS" anchor="deal" bfScore="--" coherenceScore="--">bn:00014152n</annotation>
		<annotation source="BABELFY" anchor="violence" bfScore="0.9870763228480859" coherenceScore="0.26436781609195403">bn:00035772n</annotation>
		<annotation source="BABELFY" anchor="garment" bfScore="0.9927272727272727" coherenceScore="0.16091954022988506">bn:00006125n</annotation>
		<annotation source="BABELFY" anchor="wearied" bfScore="0.8235294117647058" coherenceScore="0.040229885057471264">bn:00088059v</annotation>
		<annotation source="BABELFY" anchor="words" bfScore="0.7937851491754837" coherenceScore="0.6264367816091954">bn:00010217n</annotation>
		<annotation source="BABELFY" anchor="evil" bfScore="0.837893864013267" coherenceScore="0.27011494252873564">bn:00032050n</annotation>
		<annotation source="BABELFY" anchor="sight" bfScore="0.7133808392715756" coherenceScore="0.19540229885057472">bn:00045979n</annotation>
		<annotation source="MCS" anchor="judgment" bfScore="--" coherenceScore="--">bn:00048493n</annotation>
	</annotations>
</paragraph>
<paragraph id="p.3">
	<text>
		Behold , I will send my messenger , and he shall prepare the way before me : and the Lord , whom ye seek , shall suddenly come to this temple , even the messenger of the covenant , whom ye delight in : behold , he shall come , saith the LORD of hosts .
		But who may abide the day of his coming ? and who shall stand when he appeareth ? for he is like a refiner&amp;apos;s fire , and like fullers &amp;apos; soap :
		And he shall sit as a refiner and purifer of silver : and he shall purify the sons of Levi , and purge them as gold and silver , that they may offer unto the LORD an offering in righteousness .
		Then shall the offering of Judah and Jerusalem be pleasant unto the LORD , as in the days of old , and as in former years .
		And I will come near to you to judgment ; and I will be a swift witness against the sorcerers , and against the adulterers , and against false swearers , and against those that oppress the hireling in his wages , the widow , and the fatherless , and that turn aside the stranger from his right , and fear not me , saith the LORD of hosts .
		For I am the LORD , I change not ; therefore ye sons of Jacob are not consumed .
		Even from the days of your fathers ye are gone away from mine ordinances , and have not kept them . Return unto me , and I will return unto you , saith the LORD of hosts . But ye said , Wherein shall we return ?
		Will a man rob God ? Yet ye have robbed me . But ye say , Wherein have we robbed thee ? In tithes and offerings .
		Ye are cursed with a curse : for ye have robbed me , even this whole nation .
		Bring ye all the tithes into the storehouse , that there may be meat in mine house , and prove me now herewith , saith the LORD of hosts , if I will not open you the windows of heaven , and pour you out a blessing , that there shall not be room enough to receive it .
		And I will rebuke the devourer for your sakes , and he shall not destroy the fruits of your ground ; neither shall your vine cast her fruit before the time in the field , saith the LORD of hosts .
		And all nations shall call you blessed : for ye shall be a delightsome land , saith the LORD of hosts .
		Your words have been stout against me , saith the LORD . Yet ye say , What have we spoken so much against thee ?
		Ye have said , It is vain to serve God : and what profit is it that we have kept his ordinance , and that we have walked mournfully before the LORD of hosts ?
		And now we call the proud happy ; yea , they that work wickedness are set up ; yea , they that tempt God are even delivered .
		Then they that feared the LORD spake often one to another : and the LORD hearkened , and heard it , and a book of remembrance was written before him for them that feared the LORD , and that thought upon his name .
		And they shall be mine , saith the LORD of hosts , in that day when I make up my jewels ; and I will spare them , as a man spareth his own son that serveth him .
		Then shall ye return , and discern between the righteous and the wicked , between him that serveth God and him that serveth him not .
	</text>
	<annotations>
		<annotation source="MCS" anchor="Behold" bfScore="--" coherenceScore="--">bn:00083356v</annotation>
		<annotation source="MCS" anchor="send" bfScore="--" coherenceScore="--">bn:00086868v</annotation>
		<annotation source="MCS" anchor="messenger" bfScore="--" coherenceScore="--">bn:00023284n</annotation>
		<annotation source="MCS" anchor="prepare" bfScore="--" coherenceScore="--">bn:00088250v</annotation>
		<annotation source="MCS" anchor="seek" bfScore="--" coherenceScore="--">bn:00093452v</annotation>
		<annotation source="BABELFY" anchor="suddenly" bfScore="0.9278350515463918" coherenceScore="0.047619047619047616">bn:00116440r</annotation>
		<annotation source="MCS" anchor="temple" bfScore="--" coherenceScore="--">bn:00076465n</annotation>
		<annotation source="BABELFY" anchor="messenger of the covenant" bfScore="1.0" coherenceScore="0.031746031746031744">bn:03087833n</annotation>
		<annotation source="MCS" anchor="covenant" bfScore="--" coherenceScore="--">bn:00021275n</annotation>
		<annotation source="MCS" anchor="delight" bfScore="--" coherenceScore="--">bn:00026022n</annotation>
		<annotation source="MCS" anchor="behold" bfScore="--" coherenceScore="--">bn:00083356v</annotation>
		<annotation source="BABELFY" anchor="saith" bfScore="0.7605633802816901" coherenceScore="0.19047619047619047">bn:00093287v</annotation>
		<annotation source="BABELFY" anchor="LORD of hosts" bfScore="1.0" coherenceScore="0.15873015873015872">bn:03152811n</annotation>
		<annotation source="MCS" anchor="hosts" bfScore="--" coherenceScore="--">bn:00044910n</annotation>
		<annotation source="BABELFY" anchor="abide" bfScore="0.8648648648648649" coherenceScore="0.042328042328042326">bn:00082138v</annotation>
		<annotation source="BABELFY" anchor="day" bfScore="0.7076247942951179" coherenceScore="0.15873015873015872">bn:00000086n</annotation>
		<annotation source="MCS" anchor="coming" bfScore="--" coherenceScore="--">bn:00085319v</annotation>
		<annotation source="MCS" anchor="stand" bfScore="--" coherenceScore="--">bn:00094275v</annotation>
		<annotation source="BABELFY" anchor="refiner" bfScore="1.0" coherenceScore="0.021164021164021163">bn:00066805n</annotation>
		<annotation source="BABELFY" anchor="fire" bfScore="0.8757355486327449" coherenceScore="0.291005291005291">bn:00034625n</annotation>
		<annotation source="MCS" anchor="soap" bfScore="--" coherenceScore="--">bn:00072496n</annotation>
		<annotation source="MCS" anchor="sit" bfScore="--" coherenceScore="--">bn:00093776v</annotation>
		<annotation source="BABELFY" anchor="silver" bfScore="0.94" coherenceScore="0.24867724867724866">bn:00001887n</annotation>
		<annotation source="MCS" anchor="purify" bfScore="--" coherenceScore="--">bn:00087054v</annotation>
		<annotation source="BABELFY" anchor="sons" bfScore="0.9251984956122022" coherenceScore="0.21693121693121692">bn:00051877n</annotation>
		<annotation source="BABELFY" anchor="Levi" bfScore="0.9267643142476698" coherenceScore="0.25396825396825395">bn:00050874n</annotation>
		<annotation source="MCS" anchor="purge" bfScore="--" coherenceScore="--">bn:00092182v</annotation>
		<annotation source="MCS" anchor="gold" bfScore="--" coherenceScore="--">bn:00040921n</annotation>
		<annotation source="MCS" anchor="offer" bfScore="--" coherenceScore="--">bn:00091135v</annotation>
		<annotation source="MCS" anchor="offering" bfScore="--" coherenceScore="--">bn:00058679n</annotation>
		<annotation source="BABELFY" anchor="righteousness" bfScore="0.8984984984984985" coherenceScore="0.17989417989417988">bn:14362002n</annotation>
		<annotation source="BABELFY" anchor="Jerusalem" bfScore="0.9593536804308798" coherenceScore="0.3862433862433862">bn:00015555n</annotation>
		<annotation source="MCS" anchor="pleasant" bfScore="--" coherenceScore="--">bn:00108680a</annotation>
		<annotation source="MCS" anchor="days" bfScore="--" coherenceScore="--">bn:00000086n</annotation>
		<annotation source="MCS" anchor="old" bfScore="--" coherenceScore="--">bn:00107786a</annotation>
		<annotation source="MCS" anchor="judgment" bfScore="--" coherenceScore="--">bn:00048493n</annotation>
		<annotation source="BABELFY" anchor="swift" bfScore="0.8712871287128713" coherenceScore="0.042328042328042326">bn:00109438a</annotation>
		<annotation source="MCS" anchor="witness" bfScore="--" coherenceScore="--">bn:00046703n</annotation>
		<annotation source="MCS" anchor="sorcerers" bfScore="--" coherenceScore="--">bn:00052696n</annotation>
		<annotation source="BABELFY" anchor="adulterers" bfScore="0.8034934497816594" coherenceScore="0.12169312169312169">bn:00001543n</annotation>
		<annotation source="MCS" anchor="false" bfScore="--" coherenceScore="--">bn:00102746a</annotation>
		<annotation source="BABELFY" anchor="false swearers" bfScore="1.0" coherenceScore="0.07407407407407407">bn:00009383n</annotation>
		<annotation source="BABELFY" anchor="swearers" bfScore="0.7357555739058629" coherenceScore="0.14285714285714285">bn:00075522n</annotation>
		<annotation source="BABELFY" anchor="oppress" bfScore="1.0" coherenceScore="0.010582010582010581">bn:00086114v</annotation>
		<annotation source="BABELFY" anchor="hireling" bfScore="0.7578579743888242" coherenceScore="0.1111111111111111">bn:00030616n</annotation>
		<annotation source="BABELFY" anchor="wages" bfScore="0.9974025974025974" coherenceScore="0.08465608465608465">bn:00029416n</annotation>
		<annotation source="BABELFY" anchor="widow" bfScore="0.9256198347107438" coherenceScore="0.07407407407407407">bn:00081167n</annotation>
		<annotation source="BABELFY" anchor="fatherless" bfScore="0.8664353859496965" coherenceScore="0.14285714285714285">bn:00102832a</annotation>
		<annotation source="MCS" anchor="turn" bfScore="--" coherenceScore="--">bn:00095233v</annotation>
		<annotation source="MCS" anchor="stranger" bfScore="--" coherenceScore="--">bn:00002726n</annotation>
		<annotation source="MCS" anchor="fear" bfScore="--" coherenceScore="--">bn:00088065v</annotation>
		<annotation source="MCS" anchor="change" bfScore="--" coherenceScore="--">bn:00082553v</annotation>
		<annotation source="BABELFY" anchor="sons of Jacob" bfScore="1.0" coherenceScore="0.164021164021164">bn:00047849n</annotation>
		<annotation source="BABELFY" anchor="Jacob" bfScore="0.7849829351535836" coherenceScore="0.15873015873015872">bn:00047849n</annotation>
		<annotation source="MCS" anchor="consumed" bfScore="--" coherenceScore="--">bn:00085688v</annotation>
		<annotation source="MCS" anchor="fathers" bfScore="--" coherenceScore="--">bn:00009616n</annotation>
		<annotation source="MCS" anchor="mine" bfScore="--" coherenceScore="--">bn:00055114n</annotation>
		<annotation source="MCS" anchor="ordinances" bfScore="--" coherenceScore="--">bn:00059436n</annotation>
		<annotation source="MCS" anchor="kept" bfScore="--" coherenceScore="--">bn:00089384v</annotation>
		<annotation source="MCS" anchor="Return" bfScore="--" coherenceScore="--">bn:00046318n</annotation>
		<annotation source="MCS" anchor="return" bfScore="--" coherenceScore="--">bn:00092969v</annotation>
		<annotation source="BABELFY" anchor="man" bfScore="0.7781362007168459" coherenceScore="0.8835978835978836">bn:00044576n</annotation>
		<annotation source="BABELFY" anchor="rob" bfScore="0.9615384615384616" coherenceScore="0.026455026455026454">bn:00093070v</annotation>
		<annotation source="BABELFY" anchor="God" bfScore="0.7134398337240496" coherenceScore="0.7619047619047619">bn:00040878n</annotation>
		<annotation source="BABELFY" anchor="robbed" bfScore="0.9615384615384616" coherenceScore="0.026455026455026454">bn:00093070v</annotation>
		<annotation source="BABELFY" anchor="tithes" bfScore="1.0" coherenceScore="0.20634920634920634">bn:00077401n</annotation>
		<annotation source="MCS" anchor="offerings" bfScore="--" coherenceScore="--">bn:00058679n</annotation>
		<annotation source="MCS" anchor="cursed" bfScore="--" coherenceScore="--">bn:00083560v</annotation>
		<annotation source="MCS" anchor="curse" bfScore="--" coherenceScore="--">bn:00024525n</annotation>
		<annotation source="BABELFY" anchor="whole nation" bfScore="1.0" coherenceScore="0.0582010582010582">bn:14033398n</annotation>
		<annotation source="BABELFY" anchor="nation" bfScore="0.9630606860158312" coherenceScore="0.7724867724867724">bn:00023236n</annotation>
		<annotation source="MCS" anchor="Bring" bfScore="--" coherenceScore="--">bn:00084058v</annotation>
		<annotation source="MCS" anchor="storehouse" bfScore="--" coherenceScore="--">bn:00026388n</annotation>
		<annotation source="MCS" anchor="meat" bfScore="--" coherenceScore="--">bn:00054026n</annotation>
		<annotation source="BABELFY" anchor="house" bfScore="0.7210702341137124" coherenceScore="0.25925925925925924">bn:00044994n</annotation>
		<annotation source="MCS" anchor="prove" bfScore="--" coherenceScore="--">bn:00092109v</annotation>
		<annotation source="BABELFY" anchor="herewith" bfScore="1.0" coherenceScore="0.05291005291005291">bn:00115648r</annotation>
		<annotation source="MCS" anchor="open" bfScore="--" coherenceScore="--">bn:00091165v</annotation>
		<annotation source="MCS" anchor="windows" bfScore="--" coherenceScore="--">bn:00081285n</annotation>
		<annotation source="MCS" anchor="heaven" bfScore="--" coherenceScore="--">bn:00029734n</annotation>
		<annotation source="MCS" anchor="pour" bfScore="--" coherenceScore="--">bn:00091897v</annotation>
		<annotation source="MCS" anchor="blessing" bfScore="--" coherenceScore="--">bn:00005158n</annotation>
		<annotation source="MCS" anchor="room" bfScore="--" coherenceScore="--">bn:00068233n</annotation>
		<annotation source="BABELFY" anchor="receive" bfScore="0.7222222222222222" coherenceScore="0.1746031746031746">bn:00092494v</annotation>
		<annotation source="BABELFY" anchor="rebuke" bfScore="1.0" coherenceScore="0.005291005291005291">bn:00083177v</annotation>
		<annotation source="MCS" anchor="devourer" bfScore="--" coherenceScore="--">bn:00026756n</annotation>
		<annotation source="BABELFY" anchor="sakes" bfScore="0.9878048780487805" coherenceScore="0.047619047619047616">bn:00067720n</annotation>
		<annotation source="MCS" anchor="destroy" bfScore="--" coherenceScore="--">bn:00086698v</annotation>
		<annotation source="MCS" anchor="fruits" bfScore="--" coherenceScore="--">bn:00036686n</annotation>
		<annotation source="MCS" anchor="ground" bfScore="--" coherenceScore="--">bn:00028934n</annotation>
		<annotation source="BABELFY" anchor="vine" bfScore="0.8598726114649682" coherenceScore="0.07936507936507936">bn:01889901n</annotation>
		<annotation source="MCS" anchor="cast" bfScore="--" coherenceScore="--">bn:00084624v</annotation>
		<annotation source="MCS" anchor="fruit" bfScore="--" coherenceScore="--">bn:00036686n</annotation>
		<annotation source="BABELFY" anchor="time" bfScore="0.8471171047199669" coherenceScore="0.2857142857142857">bn:00077270n</annotation>
		<annotation source="MCS" anchor="field" bfScore="--" coherenceScore="--">bn:00034265n</annotation>
		<annotation source="BABELFY" anchor="nations" bfScore="0.9630606860158312" coherenceScore="0.7724867724867724">bn:00023236n</annotation>
		<annotation source="MCS" anchor="call" bfScore="--" coherenceScore="--">bn:00084385v</annotation>
		<annotation source="BABELFY" anchor="blessed" bfScore="0.8732572877059569" coherenceScore="0.20634920634920634">bn:00083602v</annotation>
		<annotation source="MCS" anchor="delightsome" bfScore="--" coherenceScore="--">bn:13776673a</annotation>
		<annotation source="BABELFY" anchor="land" bfScore="0.9495225102319236" coherenceScore="0.7724867724867724">bn:00023236n</annotation>
		<annotation source="BABELFY" anchor="words" bfScore="0.7244530600941568" coherenceScore="0.5767195767195767">bn:00010217n</annotation>
		<annotation source="BABELFY" anchor="stout" bfScore="1.0" coherenceScore="0.015873015873015872">bn:00108818a</annotation>
		<annotation source="BABELFY" anchor="spoken" bfScore="0.707395498392283" coherenceScore="0.10582010582010581">bn:00090943v</annotation>
		<annotation source="BABELFY" anchor="vain" bfScore="0.935251798561151" coherenceScore="0.05291005291005291">bn:00100184a</annotation>
		<annotation source="MCS" anchor="serve" bfScore="--" coherenceScore="--">bn:00088630v</annotation>
		<annotation source="MCS" anchor="profit" bfScore="--" coherenceScore="--">bn:00029415n</annotation>
		<annotation source="MCS" anchor="ordinance" bfScore="--" coherenceScore="--">bn:00059436n</annotation>
		<annotation source="MCS" anchor="walked" bfScore="--" coherenceScore="--">bn:00095597v</annotation>
		<annotation source="MCS" anchor="mournfully" bfScore="--" coherenceScore="--">bn:00116293r</annotation>
		<annotation source="BABELFY" anchor="proud" bfScore="0.9032258064516129" coherenceScore="0.037037037037037035">bn:00109157a</annotation>
		<annotation source="BABELFY" anchor="happy" bfScore="0.9090909090909091" coherenceScore="0.047619047619047616">bn:00103933a</annotation>
		<annotation source="BABELFY" anchor="yea" bfScore="1.0" coherenceScore="0.015873015873015872">bn:00117651r</annotation>
		<annotation source="MCS" anchor="work" bfScore="--" coherenceScore="--">bn:00081568n</annotation>
		<annotation source="BABELFY" anchor="wickedness" bfScore="0.9806737899223449" coherenceScore="0.4021164021164021">bn:00071707n</annotation>
		<annotation source="MCS" anchor="tempt" bfScore="--" coherenceScore="--">bn:00082548v</annotation>
		<annotation source="BABELFY" anchor="delivered" bfScore="0.7388535031847133" coherenceScore="0.12698412698412698">bn:00086537v</annotation>
		<annotation source="MCS" anchor="feared" bfScore="--" coherenceScore="--">bn:00088065v</annotation>
		<annotation source="BABELFY" anchor="spake" bfScore="0.707395498392283" coherenceScore="0.10582010582010581">bn:00090943v</annotation>
		<annotation source="BABELFY" anchor="hearkened" bfScore="1.0" coherenceScore="0.005291005291005291">bn:00089213v</annotation>
		<annotation source="MCS" anchor="heard" bfScore="--" coherenceScore="--">bn:00089277v</annotation>
		<annotation source="MCS" anchor="book" bfScore="--" coherenceScore="--">bn:00012059n</annotation>
		<annotation source="BABELFY" anchor="book of remembrance" bfScore="1.0" coherenceScore="0.005291005291005291">bn:03618735n</annotation>
		<annotation source="MCS" anchor="remembrance" bfScore="--" coherenceScore="--">bn:00003810n</annotation>
		<annotation source="MCS" anchor="written" bfScore="--" coherenceScore="--">bn:00085489v</annotation>
		<annotation source="BABELFY" anchor="thought" bfScore="0.72782874617737" coherenceScore="0.4126984126984127">bn:00017339n</annotation>
		<annotation source="BABELFY" anchor="jewels" bfScore="0.804177545691906" coherenceScore="0.07407407407407407">bn:00037606n</annotation>
		<annotation source="BABELFY" anchor="spare" bfScore="0.8333333333333334" coherenceScore="0.05291005291005291">bn:00094077v</annotation>
		<annotation source="BABELFY" anchor="son" bfScore="0.9322105263157895" coherenceScore="0.21693121693121692">bn:00051877n</annotation>
		<annotation source="MCS" anchor="return" bfScore="--" coherenceScore="--">bn:00046318n</annotation>
		<annotation source="MCS" anchor="discern" bfScore="--" coherenceScore="--">bn:00086904v</annotation>
		<annotation source="BABELFY" anchor="righteous" bfScore="1.0" coherenceScore="0.17989417989417988">bn:14362002n</annotation>
		<annotation source="BABELFY" anchor="wicked" bfScore="1.0" coherenceScore="0.010582010582010581">bn:00152225n</annotation>
	</annotations>
</paragraph>
<paragraph id="p.4">
	<text>
		For , behold , the day cometh , that shall burn as an oven ; and all the proud , yea , and all that do wickedly , shall be stubble : and the day that cometh shall burn them up , saith the LORD of hosts , that it shall leave them neither root nor branch .
		But unto you that fear my name shall the Sun of righteousness arise with healing in his wings ; and ye shall go forth , and grow up as calves of the stall .
		And ye shall tread down the wicked ; for they shall be ashes under the soles of your feet in the day that I shall do this , saith the LORD of hosts .
		Remember ye the law of Moses my servant , which I commanded unto him in Horeb for all Israel , with the statutes and judgments .
		Behold , I will send you Elijah the prophet before the coming of the great and dreadful day of the LORD :
		And he shall turn the heart of the fathers to the children , and the heart of the children to their fathers , lest I come and smite the earth with a curse .
	</text>
	<annotations>
		<annotation source="MCS" anchor="behold" bfScore="--" coherenceScore="--">bn:00083356v</annotation>
		<annotation source="BABELFY" anchor="day" bfScore="0.757847533632287" coherenceScore="0.19696969696969696">bn:00000086n</annotation>
		<annotation source="MCS" anchor="burn" bfScore="--" coherenceScore="--">bn:00084270v</annotation>
		<annotation source="BABELFY" anchor="oven" bfScore="1.0" coherenceScore="0.10606060606060606">bn:00059829n</annotation>
		<annotation source="MCS" anchor="proud" bfScore="--" coherenceScore="--">bn:00109157a</annotation>
		<annotation source="MCS" anchor="yea" bfScore="--" coherenceScore="--">bn:00117651r</annotation>
		<annotation source="BABELFY" anchor="wickedly" bfScore="1.0" coherenceScore="0.015151515151515152">bn:00115261r</annotation>
		<annotation source="BABELFY" anchor="stubble" bfScore="0.8448275862068966" coherenceScore="0.10606060606060606">bn:00074774n</annotation>
		<annotation source="MCS" anchor="saith" bfScore="--" coherenceScore="--">bn:00093287v</annotation>
		<annotation source="BABELFY" anchor="LORD" bfScore="0.7650531286894924" coherenceScore="0.2727272727272727">bn:00019003n</annotation>
		<annotation source="BABELFY" anchor="LORD of hosts" bfScore="1.0" coherenceScore="0.13636363636363635">bn:03152811n</annotation>
		<annotation source="MCS" anchor="hosts" bfScore="--" coherenceScore="--">bn:00044910n</annotation>
		<annotation source="MCS" anchor="leave" bfScore="--" coherenceScore="--">bn:00088939v</annotation>
		<annotation source="BABELFY" anchor="root" bfScore="0.7272727272727273" coherenceScore="0.24242424242424243">bn:00003890n</annotation>
		<annotation source="MCS" anchor="branch" bfScore="--" coherenceScore="--">bn:00005706n</annotation>
		<annotation source="MCS" anchor="fear" bfScore="--" coherenceScore="--">bn:00088065v</annotation>
		<annotation source="BABELFY" anchor="righteousness" bfScore="0.9918032786885246" coherenceScore="0.16666666666666666">bn:14362002n</annotation>
		<annotation source="MCS" anchor="arise" bfScore="--" coherenceScore="--">bn:00082757v</annotation>
		<annotation source="BABELFY" anchor="healing" bfScore="0.8" coherenceScore="0.030303030303030304">bn:00043357n</annotation>
		<annotation source="MCS" anchor="wings" bfScore="--" coherenceScore="--">bn:00081336n</annotation>
		<annotation source="MCS" anchor="grow" bfScore="--" coherenceScore="--">bn:00089082v</annotation>
		<annotation source="BABELFY" anchor="grow up" bfScore="1.0" coherenceScore="0.09090909090909091">bn:00089089v</annotation>
		<annotation source="MCS" anchor="calves" bfScore="--" coherenceScore="--">bn:00014717n</annotation>
		<annotation source="MCS" anchor="stall" bfScore="--" coherenceScore="--">bn:00073878n</annotation>
		<annotation source="MCS" anchor="tread" bfScore="--" coherenceScore="--">bn:00094338v</annotation>
		<annotation source="BABELFY" anchor="tread down" bfScore="1.0" coherenceScore="0.030303030303030304">bn:00095072v</annotation>
		<annotation source="MCS" anchor="wicked" bfScore="--" coherenceScore="--">bn:00113857a</annotation>
		<annotation source="MCS" anchor="ashes" bfScore="--" coherenceScore="--">bn:00006305n</annotation>
		<annotation source="BABELFY" anchor="soles" bfScore="1.0" coherenceScore="0.06060606060606061">bn:15908786n</annotation>
		<annotation source="MCS" anchor="feet" bfScore="--" coherenceScore="--">bn:00035679n</annotation>
		<annotation source="BABELFY" anchor="Remember" bfScore="0.8032786885245902" coherenceScore="0.10606060606060606">bn:00085414v</annotation>
		<annotation source="MCS" anchor="law" bfScore="--" coherenceScore="--">bn:00048655n</annotation>
		<annotation source="BABELFY" anchor="law of Moses" bfScore="1.0" coherenceScore="0.16666666666666666">bn:00050267n</annotation>
		<annotation source="BABELFY" anchor="Moses" bfScore="0.9611650485436893" coherenceScore="0.4090909090909091">bn:00055973n</annotation>
		<annotation source="BABELFY" anchor="servant" bfScore="0.8571428571428571" coherenceScore="0.06060606060606061">bn:00067423n</annotation>
		<annotation source="MCS" anchor="commanded" bfScore="--" coherenceScore="--">bn:00085400v</annotation>
		<annotation source="BABELFY" anchor="Israel" bfScore="0.97125" coherenceScore="0.6363636363636364">bn:00047679n</annotation>
		<annotation source="BABELFY" anchor="statutes" bfScore="1.0" coherenceScore="0.07575757575757576">bn:00050588n</annotation>
		<annotation source="MCS" anchor="judgments" bfScore="--" coherenceScore="--">bn:00048493n</annotation>
		<annotation source="MCS" anchor="Behold" bfScore="--" coherenceScore="--">bn:00083356v</annotation>
		<annotation source="BABELFY" anchor="send" bfScore="0.9722222222222222" coherenceScore="0.07575757575757576">bn:00084807v</annotation>
		<annotation source="BABELFY" anchor="Elijah" bfScore="0.8366533864541833" coherenceScore="0.15151515151515152">bn:00030356n</annotation>
		<annotation source="BABELFY" anchor="Elijah the prophet" bfScore="1.0" coherenceScore="0.16666666666666666">bn:00030356n</annotation>
		<annotation source="BABELFY" anchor="prophet" bfScore="0.9864972200158856" coherenceScore="0.3484848484848485">bn:00064759n</annotation>
		<annotation source="MCS" anchor="coming" bfScore="--" coherenceScore="--">bn:00085319v</annotation>
		<annotation source="MCS" anchor="coming of" bfScore="--" coherenceScore="--">bn:13618179v</annotation>
		<annotation source="BABELFY" anchor="great" bfScore="0.8571428571428571" coherenceScore="0.06060606060606061">bn:00098352a</annotation>
		<annotation source="BABELFY" anchor="dreadful" bfScore="0.7894736842105263" coherenceScore="0.07575757575757576">bn:00097890a</annotation>
		<annotation source="BABELFY" anchor="day of the LORD" bfScore="1.0" coherenceScore="0.21212121212121213">bn:01057217n</annotation>
		<annotation source="MCS" anchor="turn" bfScore="--" coherenceScore="--">bn:00095233v</annotation>
		<annotation source="MCS" anchor="heart" bfScore="--" coherenceScore="--">bn:00012289n</annotation>
		<annotation source="MCS" anchor="fathers" bfScore="--" coherenceScore="--">bn:00009616n</annotation>
		<annotation source="BABELFY" anchor="children" bfScore="0.8709175738724728" coherenceScore="0.45454545454545453">bn:00018346n</annotation>
		<annotation source="BABELFY" anchor="smite" bfScore="1.0" coherenceScore="0.030303030303030304">bn:00082440v</annotation>
		<annotation source="BABELFY" anchor="earth" bfScore="0.9869516310461193" coherenceScore="0.6212121212121212">bn:00029424n</annotation>
		<annotation source="MCS" anchor="curse" bfScore="--" coherenceScore="--">bn:00024525n</annotation>
	</annotations>
</paragraph>
</dataset>
