<?xml version="1.0" encoding="utf-8"?>
<dataset language="EN" title="NAH">
<paragraph id="p.1">
	<text>
		The burden of Nineveh . The book of the vision of Nahum the Elkoshite .
		God is jealous , and the LORD revengeth ; the LORD revengeth , and is furious ; the LORD will take vengeance on his adversaries , and he reserveth wrath for his enemies .
		The LORD is slow to anger , and great in power , and will not at all acquit the wicked : the LORD hath his way in the whirlwind and in the storm , and the clouds are the dust of his feet .
		He rebuketh the sea , and maketh it dry , and drieth up all the rivers : Bashan languisheth , and Carmel , and the flower of Lebanon languisheth .
		The mountains quake at him , and the hills melt , and the earth is burned at his presence , yea , the world , and all that dwell therein .
		Who can stand before his indignation ? and who can abide in the fierceness of his anger ? his fury is poured out like fire , and the rocks are thrown down by him .
		The LORD is good , a strong hold in the day of trouble ; and he knoweth them that trust in him .
		But with an overrunning flood he will make an utter end of the place thereof , and darkness shall pursue his enemies .
		What do ye imagine against the LORD ? he will make an utter end : affliction shall not rise up the second time .
		For while they be folden together as thorns , and while they are drunken as drunkards , they shall be devoured as stubble fully dry .
		There is one come out of thee , that imagineth evil against the LORD , a wicked counseller .
		Thus saith the LORD : Though they be quiet , and likewise many , yet thus shall they be cut down , when he shall pass through . Though I have afflicted thee , I will afflict thee no more .
		For now will I break his yoke from off thee , and will burst thy bonds in sunder .
		And the LORD hath given a commandment concerning thee , that no more of thy name be sown : out of the house of thy gods will I cut off the graven image and the molten image : I will make thy grave ; for thou art vile .
		Behold upon the mountains the feet of him that bringeth good tidings , that publisheth peace ! O Judah , keep thy solemn feasts , perform thy vows : for the wicked shall no more pass through thee ; he is utterly cut off .
	</text>
	<annotations>
		<annotation source="MCS" anchor="burden" bfScore="--" coherenceScore="--">bn:00013941n</annotation>
		<annotation source="BABELFY" anchor="Nineveh" bfScore="1.0" coherenceScore="0.1111111111111111">bn:00057739n</annotation>
		<annotation source="BABELFY" anchor="book" bfScore="0.7005991408546236" coherenceScore="0.4962962962962963">bn:00010217n</annotation>
		<annotation source="BABELFY" anchor="vision" bfScore="0.7460443037974683" coherenceScore="0.17037037037037037">bn:00045979n</annotation>
		<annotation source="BABELFY" anchor="Nahum" bfScore="0.869215291750503" coherenceScore="0.11851851851851852">bn:00012102n</annotation>
		<annotation source="BABELFY" anchor="God" bfScore="0.7547835287893484" coherenceScore="0.5925925925925926">bn:00040878n</annotation>
		<annotation source="BABELFY" anchor="jealous" bfScore="1.0" coherenceScore="0.037037037037037035">bn:00100581a</annotation>
		<annotation source="MCS" anchor="furious" bfScore="--" coherenceScore="--">bn:00102901a</annotation>
		<annotation source="BABELFY" anchor="vengeance" bfScore="0.7238979118329466" coherenceScore="0.0962962962962963">bn:00067427n</annotation>
		<annotation source="BABELFY" anchor="adversaries" bfScore="0.9855072463768116" coherenceScore="0.1259259259259259">bn:00001582n</annotation>
		<annotation source="MCS" anchor="wrath" bfScore="--" coherenceScore="--">bn:00081680n</annotation>
		<annotation source="MCS" anchor="enemies" bfScore="--" coherenceScore="--">bn:00030814n</annotation>
		<annotation source="MCS" anchor="slow" bfScore="--" coherenceScore="--">bn:00110767a</annotation>
		<annotation source="MCS" anchor="anger" bfScore="--" coherenceScore="--">bn:00004085n</annotation>
		<annotation source="MCS" anchor="great" bfScore="--" coherenceScore="--">bn:00103779a</annotation>
		<annotation source="BABELFY" anchor="power" bfScore="0.7554073175662017" coherenceScore="0.2740740740740741">bn:00025995n</annotation>
		<annotation source="BABELFY" anchor="acquit" bfScore="1.0" coherenceScore="0.037037037037037035">bn:00082284v</annotation>
		<annotation source="MCS" anchor="wicked" bfScore="--" coherenceScore="--">bn:00113857a</annotation>
		<annotation source="BABELFY" anchor="whirlwind" bfScore="0.908256880733945" coherenceScore="0.06666666666666667">bn:00081027n</annotation>
		<annotation source="BABELFY" anchor="storm" bfScore="0.7927527018436109" coherenceScore="0.21481481481481482">bn:00074458n</annotation>
		<annotation source="BABELFY" anchor="clouds" bfScore="0.8697674418604651" coherenceScore="0.1259259259259259">bn:00020002n</annotation>
		<annotation source="MCS" anchor="dust" bfScore="--" coherenceScore="--">bn:00029192n</annotation>
		<annotation source="MCS" anchor="feet" bfScore="--" coherenceScore="--">bn:00035679n</annotation>
		<annotation source="MCS" anchor="sea" bfScore="--" coherenceScore="--">bn:00069946n</annotation>
		<annotation source="MCS" anchor="dry" bfScore="--" coherenceScore="--">bn:00101839a</annotation>
		<annotation source="BABELFY" anchor="rivers" bfScore="0.9763282482903735" coherenceScore="0.23703703703703705">bn:00067948n</annotation>
		<annotation source="BABELFY" anchor="Bashan" bfScore="1.0" coherenceScore="0.05185185185185185">bn:02518887n</annotation>
		<annotation source="BABELFY" anchor="flower" bfScore="0.8953488372093024" coherenceScore="0.05185185185185185">bn:00035378n</annotation>
		<annotation source="BABELFY" anchor="Lebanon" bfScore="0.9728434504792333" coherenceScore="0.21481481481481482">bn:00050469n</annotation>
		<annotation source="BABELFY" anchor="mountains" bfScore="0.9752508361204013" coherenceScore="0.2">bn:00056068n</annotation>
		<annotation source="BABELFY" anchor="quake" bfScore="0.9802816901408451" coherenceScore="0.21481481481481482">bn:00029448n</annotation>
		<annotation source="BABELFY" anchor="hills" bfScore="0.7358490566037735" coherenceScore="0.0962962962962963">bn:00044141n</annotation>
		<annotation source="BABELFY" anchor="melt" bfScore="1.0" coherenceScore="0.07407407407407407">bn:00054268n</annotation>
		<annotation source="BABELFY" anchor="earth" bfScore="0.962572234914662" coherenceScore="0.5555555555555556">bn:00029424n</annotation>
		<annotation source="MCS" anchor="burned" bfScore="--" coherenceScore="--">bn:00084270v</annotation>
		<annotation source="MCS" anchor="presence" bfScore="--" coherenceScore="--">bn:00064201n</annotation>
		<annotation source="MCS" anchor="yea" bfScore="--" coherenceScore="--">bn:00117651r</annotation>
		<annotation source="MCS" anchor="world" bfScore="--" coherenceScore="--">bn:00022991n</annotation>
		<annotation source="BABELFY" anchor="dwell" bfScore="0.9375" coherenceScore="0.022222222222222223">bn:00290062n</annotation>
		<annotation source="MCS" anchor="stand" bfScore="--" coherenceScore="--">bn:00094275v</annotation>
		<annotation source="BABELFY" anchor="indignation" bfScore="0.9572649572649573" coherenceScore="0.05925925925925926">bn:00046491n</annotation>
		<annotation source="BABELFY" anchor="abide" bfScore="0.875" coherenceScore="0.05185185185185185">bn:00082138v</annotation>
		<annotation source="BABELFY" anchor="fierceness" bfScore="1.0" coherenceScore="0.05925925925925926">bn:00034115n</annotation>
		<annotation source="MCS" anchor="fury" bfScore="--" coherenceScore="--">bn:00036910n</annotation>
		<annotation source="BABELFY" anchor="poured" bfScore="0.75" coherenceScore="0.044444444444444446">bn:00091526v</annotation>
		<annotation source="BABELFY" anchor="fire" bfScore="0.8725406330196749" coherenceScore="0.2518518518518518">bn:00034625n</annotation>
		<annotation source="MCS" anchor="rocks" bfScore="--" coherenceScore="--">bn:00068045n</annotation>
		<annotation source="MCS" anchor="thrown" bfScore="--" coherenceScore="--">bn:00094934v</annotation>
		<annotation source="MCS" anchor="thrown down" bfScore="--" coherenceScore="--">bn:13620911v</annotation>
		<annotation source="MCS" anchor="good" bfScore="--" coherenceScore="--">bn:00103672a</annotation>
		<annotation source="MCS" anchor="strong" bfScore="--" coherenceScore="--">bn:00111312a</annotation>
		<annotation source="MCS" anchor="hold" bfScore="--" coherenceScore="--">bn:00019475n</annotation>
		<annotation source="BABELFY" anchor="day" bfScore="0.7368421052631579" coherenceScore="0.1259259259259259">bn:00000086n</annotation>
		<annotation source="MCS" anchor="trouble" bfScore="--" coherenceScore="--">bn:00064527n</annotation>
		<annotation source="MCS" anchor="trust" bfScore="--" coherenceScore="--">bn:00078487n</annotation>
		<annotation source="BABELFY" anchor="overrunning" bfScore="0.9504950495049505" coherenceScore="0.05925925925925926">bn:00084056v</annotation>
		<annotation source="MCS" anchor="flood" bfScore="--" coherenceScore="--">bn:00002954n</annotation>
		<annotation source="BABELFY" anchor="utter" bfScore="0.8974358974358975" coherenceScore="0.037037037037037035">bn:00100961a</annotation>
		<annotation source="MCS" anchor="end" bfScore="--" coherenceScore="--">bn:00030718n</annotation>
		<annotation source="BABELFY" anchor="place" bfScore="0.789179104477612" coherenceScore="0.2">bn:00062699n</annotation>
		<annotation source="MCS" anchor="darkness" bfScore="--" coherenceScore="--">bn:00025233n</annotation>
		<annotation source="MCS" anchor="pursue" bfScore="--" coherenceScore="--">bn:00087628v</annotation>
		<annotation source="MCS" anchor="imagine" bfScore="--" coherenceScore="--">bn:00085516v</annotation>
		<annotation source="MCS" anchor="affliction" bfScore="--" coherenceScore="--">bn:00001782n</annotation>
		<annotation source="MCS" anchor="rise" bfScore="--" coherenceScore="--">bn:00082761v</annotation>
		<annotation source="BABELFY" anchor="rise up" bfScore="0.9395973154362416" coherenceScore="0.07407407407407407">bn:00085391v</annotation>
		<annotation source="BABELFY" anchor="time" bfScore="0.9393063583815029" coherenceScore="0.37037037037037035">bn:00077270n</annotation>
		<annotation source="MCS" anchor="thorns" bfScore="--" coherenceScore="--">bn:00047566n</annotation>
		<annotation source="BABELFY" anchor="drunken" bfScore="0.8888888888888888" coherenceScore="0.02962962962962963">bn:00101836a</annotation>
		<annotation source="MCS" anchor="drunkards" bfScore="--" coherenceScore="--">bn:00028913n</annotation>
		<annotation source="BABELFY" anchor="devoured" bfScore="0.8571428571428571" coherenceScore="0.014814814814814815">bn:00086763v</annotation>
		<annotation source="MCS" anchor="stubble" bfScore="--" coherenceScore="--">bn:00017474n</annotation>
		<annotation source="BABELFY" anchor="fully" bfScore="1.0" coherenceScore="0.007407407407407408">bn:00115476r</annotation>
		<annotation source="MCS" anchor="evil" bfScore="--" coherenceScore="--">bn:00102474a</annotation>
		<annotation source="BABELFY" anchor="saith" bfScore="0.7692307692307693" coherenceScore="0.02962962962962963">bn:00087644v</annotation>
		<annotation source="MCS" anchor="quiet" bfScore="--" coherenceScore="--">bn:00109358a</annotation>
		<annotation source="BABELFY" anchor="likewise" bfScore="1.0" coherenceScore="0.037037037037037035">bn:00114246r</annotation>
		<annotation source="MCS" anchor="cut" bfScore="--" coherenceScore="--">bn:00086178v</annotation>
		<annotation source="MCS" anchor="cut down" bfScore="--" coherenceScore="--">bn:00084079v</annotation>
		<annotation source="MCS" anchor="pass" bfScore="--" coherenceScore="--">bn:00088932v</annotation>
		<annotation source="MCS" anchor="pass through" bfScore="--" coherenceScore="--">bn:00090962v</annotation>
		<annotation source="MCS" anchor="afflicted" bfScore="--" coherenceScore="--">bn:00082439v</annotation>
		<annotation source="MCS" anchor="afflict" bfScore="--" coherenceScore="--">bn:00082439v</annotation>
		<annotation source="MCS" anchor="break" bfScore="--" coherenceScore="--">bn:00083900v</annotation>
		<annotation source="MCS" anchor="yoke" bfScore="--" coherenceScore="--">bn:00081931n</annotation>
		<annotation source="MCS" anchor="burst" bfScore="--" coherenceScore="--">bn:00083983v</annotation>
		<annotation source="MCS" anchor="bonds" bfScore="--" coherenceScore="--">bn:00011973n</annotation>
		<annotation source="BABELFY" anchor="sunder" bfScore="1.0" coherenceScore="0.014814814814814815">bn:00094591v</annotation>
		<annotation source="MCS" anchor="commandment" bfScore="--" coherenceScore="--">bn:00020960n</annotation>
		<annotation source="MCS" anchor="concerning" bfScore="--" coherenceScore="--">bn:00083240v</annotation>
		<annotation source="MCS" anchor="sown" bfScore="--" coherenceScore="--">bn:00093447v</annotation>
		<annotation source="BABELFY" anchor="house" bfScore="0.8494208494208494" coherenceScore="0.23703703703703705">bn:00044994n</annotation>
		<annotation source="BABELFY" anchor="house of" bfScore="1.0" coherenceScore="0.022222222222222223">bn:00029305n</annotation>
		<annotation source="BABELFY" anchor="gods" bfScore="0.7547835287893484" coherenceScore="0.5925925925925926">bn:00040878n</annotation>
		<annotation source="MCS" anchor="cut off" bfScore="--" coherenceScore="--">bn:00083995v</annotation>
		<annotation source="MCS" anchor="graven" bfScore="--" coherenceScore="--">bn:00103761a</annotation>
		<annotation source="BABELFY" anchor="graven image" bfScore="0.9818181818181818" coherenceScore="0.044444444444444446">bn:00040880n</annotation>
		<annotation source="MCS" anchor="image" bfScore="--" coherenceScore="--">bn:00045970n</annotation>
		<annotation source="BABELFY" anchor="molten" bfScore="1.0" coherenceScore="0.007407407407407408">bn:00106031a</annotation>
		<annotation source="MCS" anchor="grave" bfScore="--" coherenceScore="--">bn:00103758a</annotation>
		<annotation source="BABELFY" anchor="vile" bfScore="0.8" coherenceScore="0.037037037037037035">bn:00101247a</annotation>
		<annotation source="MCS" anchor="Behold" bfScore="--" coherenceScore="--">bn:00083356v</annotation>
		<annotation source="BABELFY" anchor="tidings" bfScore="0.9411764705882353" coherenceScore="0.02962962962962963">bn:00047028n</annotation>
		<annotation source="MCS" anchor="publisheth" bfScore="--" coherenceScore="--">bn:13764133v</annotation>
		<annotation source="MCS" anchor="peace" bfScore="--" coherenceScore="--">bn:00061149n</annotation>
		<annotation source="MCS" anchor="keep" bfScore="--" coherenceScore="--">bn:00089384v</annotation>
		<annotation source="BABELFY" anchor="solemn" bfScore="0.8571428571428571" coherenceScore="0.044444444444444446">bn:00103758a</annotation>
		<annotation source="BABELFY" anchor="feasts" bfScore="0.9081081081081082" coherenceScore="0.11851851851851852">bn:00034151n</annotation>
		<annotation source="MCS" anchor="perform" bfScore="--" coherenceScore="--">bn:00087107v</annotation>
		<annotation source="BABELFY" anchor="vows" bfScore="0.9923857868020305" coherenceScore="0.1259259259259259">bn:00080266n</annotation>
		<annotation source="BABELFY" anchor="wicked" bfScore="1.0" coherenceScore="0.02962962962962963">bn:00152225n</annotation>
		<annotation source="BABELFY" anchor="utterly" bfScore="1.0" coherenceScore="0.014814814814814815">bn:00114091r</annotation>
	</annotations>
</paragraph>
<paragraph id="p.2">
	<text>
		He that dasheth in pieces is come up before thy face : keep the munition , watch the way , make thy loins strong , fortify thy power mightily .
		For the LORD hath turned away the excellency of Jacob , as the excellency of Israel : for the emptiers have emptied them out , and marred their vine branches .
		The shield of his mighty men is made red , the valiant men are in scarlet : the chariots shall be with flaming torches in the day of his preparation , and the fir trees shall be terribly shaken .
		The chariots shall rage in the streets , they shall justle one against another in the broad ways : they shall seem like torches , they shall run like the lightnings .
		He shall recount his worthies : they shall stumble in their walk ; they shall make hast to the wall thereof , and the defence shall be prepared .
		The gates of the rivers shall be opened , and the palace shall be dissolved .
		And Huzzab shall be led away captive , she shall be brought up , and her maids shall lead her as with the voice of doves , tabering upon their breasts .
		But Nineveh is of old like a pool of water : yet they shall flee away . Stand , stand , shall they cry ; but none shall look back .
		Take ye the spoil of silver , take the spoil of gold : for there is none end of the store and glory out of all the pleasant furniture .
		She is empty , and void , and waste : and the heart melteth , and the knees smite together , and much pain is in all loins , and the faces of them all gather blackness .
		Where is the dwelling of the lions , and the feedingplace of the young lions , where the lion , even the old lion , walked , and the lion&amp;apos;s whelp , and none made them afraid ?
		The lion did tear in pieces enough for his whelps , and strangled for his lionesses , and filled his holes with prey , and his dens with ravin .
		Behold , I am against thee , saith the LORD of hosts , and I will burn her chariots in the smoke , and the sword shall devour thy young lions : and I will cut off thy prey from the earth , and the voice of thy messengers shall no more be heard .
	</text>
	<annotations>
		<annotation source="MCS" anchor="pieces" bfScore="--" coherenceScore="--">bn:00062297n</annotation>
		<annotation source="MCS" anchor="face" bfScore="--" coherenceScore="--">bn:00032600n</annotation>
		<annotation source="MCS" anchor="keep" bfScore="--" coherenceScore="--">bn:00089384v</annotation>
		<annotation source="BABELFY" anchor="munition" bfScore="1.0" coherenceScore="0.050359712230215826">bn:00090981v</annotation>
		<annotation source="MCS" anchor="watch" bfScore="--" coherenceScore="--">bn:00095665v</annotation>
		<annotation source="MCS" anchor="loins" bfScore="--" coherenceScore="--">bn:00051881n</annotation>
		<annotation source="MCS" anchor="strong" bfScore="--" coherenceScore="--">bn:00111312a</annotation>
		<annotation source="MCS" anchor="fortify" bfScore="--" coherenceScore="--">bn:00083317v</annotation>
		<annotation source="MCS" anchor="power" bfScore="--" coherenceScore="--">bn:00063940n</annotation>
		<annotation source="BABELFY" anchor="mightily" bfScore="0.75" coherenceScore="0.02158273381294964">bn:00116254r</annotation>
		<annotation source="MCS" anchor="turned" bfScore="--" coherenceScore="--">bn:00095233v</annotation>
		<annotation source="MCS" anchor="turned away" bfScore="--" coherenceScore="--">bn:00095252v</annotation>
		<annotation source="BABELFY" anchor="excellency" bfScore="0.8620689655172413" coherenceScore="0.03597122302158273">bn:00032116n</annotation>
		<annotation source="BABELFY" anchor="Jacob" bfScore="0.7575757575757576" coherenceScore="0.03597122302158273">bn:16511733n</annotation>
		<annotation source="BABELFY" anchor="Israel" bfScore="0.9843384961495197" coherenceScore="0.5179856115107914">bn:00047679n</annotation>
		<annotation source="MCS" anchor="emptiers" bfScore="--" coherenceScore="--">bn:13629218n</annotation>
		<annotation source="MCS" anchor="emptied" bfScore="--" coherenceScore="--">bn:00087578v</annotation>
		<annotation source="BABELFY" anchor="marred" bfScore="1.0" coherenceScore="0.02877697841726619">bn:00086480v</annotation>
		<annotation source="MCS" anchor="vine" bfScore="--" coherenceScore="--">bn:00080013n</annotation>
		<annotation source="MCS" anchor="branches" bfScore="--" coherenceScore="--">bn:00005706n</annotation>
		<annotation source="MCS" anchor="shield" bfScore="--" coherenceScore="--">bn:00071055n</annotation>
		<annotation source="BABELFY" anchor="mighty" bfScore="1.0" coherenceScore="0.03597122302158273">bn:00106713a</annotation>
		<annotation source="BABELFY" anchor="men" bfScore="0.7904412544263268" coherenceScore="0.8201438848920863">bn:00044576n</annotation>
		<annotation source="MCS" anchor="red" bfScore="--" coherenceScore="--">bn:00098581a</annotation>
		<annotation source="BABELFY" anchor="valiant" bfScore="1.0" coherenceScore="0.02877697841726619">bn:00113485a</annotation>
		<annotation source="BABELFY" anchor="scarlet" bfScore="1.0" coherenceScore="0.03597122302158273">bn:00098581a</annotation>
		<annotation source="MCS" anchor="chariots" bfScore="--" coherenceScore="--">bn:00017811n</annotation>
		<annotation source="BABELFY" anchor="flaming" bfScore="1.0" coherenceScore="0.007194244604316547">bn:00098006a</annotation>
		<annotation source="MCS" anchor="torches" bfScore="--" coherenceScore="--">bn:00077657n</annotation>
		<annotation source="BABELFY" anchor="day" bfScore="0.7769784172661871" coherenceScore="0.08633093525179857">bn:00000086n</annotation>
		<annotation source="BABELFY" anchor="preparation" bfScore="0.7151664611590629" coherenceScore="0.14388489208633093">bn:00022412n</annotation>
		<annotation source="MCS" anchor="fir" bfScore="--" coherenceScore="--">bn:00034619n</annotation>
		<annotation source="BABELFY" anchor="fir trees" bfScore="1.0" coherenceScore="0.05755395683453238">bn:00034620n</annotation>
		<annotation source="BABELFY" anchor="trees" bfScore="0.9922639362912401" coherenceScore="0.35251798561151076">bn:00078131n</annotation>
		<annotation source="MCS" anchor="terribly" bfScore="--" coherenceScore="--">bn:00114463r</annotation>
		<annotation source="MCS" anchor="shaken" bfScore="--" coherenceScore="--">bn:00082470v</annotation>
		<annotation source="MCS" anchor="rage" bfScore="--" coherenceScore="--">bn:00092315v</annotation>
		<annotation source="BABELFY" anchor="streets" bfScore="0.8408408408408409" coherenceScore="0.14388489208633093">bn:00074595n</annotation>
		<annotation source="MCS" anchor="justle" bfScore="--" coherenceScore="--">bn:13766965v</annotation>
		<annotation source="MCS" anchor="broad" bfScore="--" coherenceScore="--">bn:00098887a</annotation>
		<annotation source="BABELFY" anchor="ways" bfScore="0.9247787610619469" coherenceScore="0.31654676258992803">bn:00033729n</annotation>
		<annotation source="BABELFY" anchor="lightnings" bfScore="0.8467741935483871" coherenceScore="0.1079136690647482">bn:00051161n</annotation>
		<annotation source="BABELFY" anchor="recount" bfScore="0.9615384615384616" coherenceScore="0.03597122302158273">bn:00091011v</annotation>
		<annotation source="MCS" anchor="worthies" bfScore="--" coherenceScore="--">bn:00081665n</annotation>
		<annotation source="MCS" anchor="stumble" bfScore="--" coherenceScore="--">bn:00084228v</annotation>
		<annotation source="MCS" anchor="walk" bfScore="--" coherenceScore="--">bn:00080357n</annotation>
		<annotation source="BABELFY" anchor="wall" bfScore="0.8571428571428571" coherenceScore="0.15827338129496402">bn:00080386n</annotation>
		<annotation source="BABELFY" anchor="defence" bfScore="0.7534246575342466" coherenceScore="0.07913669064748201">bn:00025878n</annotation>
		<annotation source="MCS" anchor="prepared" bfScore="--" coherenceScore="--">bn:00088250v</annotation>
		<annotation source="MCS" anchor="gates" bfScore="--" coherenceScore="--">bn:00037486n</annotation>
		<annotation source="BABELFY" anchor="rivers" bfScore="0.9954568399798082" coherenceScore="0.2446043165467626">bn:00067948n</annotation>
		<annotation source="MCS" anchor="opened" bfScore="--" coherenceScore="--">bn:00091165v</annotation>
		<annotation source="BABELFY" anchor="palace" bfScore="0.8148148148148148" coherenceScore="0.07913669064748201">bn:00060224n</annotation>
		<annotation source="MCS" anchor="dissolved" bfScore="--" coherenceScore="--">bn:00087040v</annotation>
		<annotation source="MCS" anchor="led" bfScore="--" coherenceScore="--">bn:00085567v</annotation>
		<annotation source="BABELFY" anchor="captive" bfScore="1.0" coherenceScore="0.014388489208633094">bn:00099242a</annotation>
		<annotation source="MCS" anchor="brought" bfScore="--" coherenceScore="--">bn:00084058v</annotation>
		<annotation source="MCS" anchor="brought up" bfScore="--" coherenceScore="--">bn:00082770v</annotation>
		<annotation source="MCS" anchor="maids" bfScore="--" coherenceScore="--">bn:00003200n</annotation>
		<annotation source="MCS" anchor="lead" bfScore="--" coherenceScore="--">bn:00085567v</annotation>
		<annotation source="BABELFY" anchor="voice" bfScore="0.8623574144486692" coherenceScore="0.2589928057553957">bn:00072794n</annotation>
		<annotation source="MCS" anchor="doves" bfScore="--" coherenceScore="--">bn:00028446n</annotation>
		<annotation source="MCS" anchor="breasts" bfScore="--" coherenceScore="--">bn:00012950n</annotation>
		<annotation source="BABELFY" anchor="Nineveh" bfScore="1.0" coherenceScore="0.1510791366906475">bn:00057739n</annotation>
		<annotation source="MCS" anchor="old" bfScore="--" coherenceScore="--">bn:00107786a</annotation>
		<annotation source="MCS" anchor="pool" bfScore="--" coherenceScore="--">bn:00063534n</annotation>
		<annotation source="BABELFY" anchor="water" bfScore="0.9501607717041801" coherenceScore="0.6474820143884892">bn:00042379n</annotation>
		<annotation source="BABELFY" anchor="flee" bfScore="1.0" coherenceScore="0.007194244604316547">bn:00088291v</annotation>
		<annotation source="MCS" anchor="Stand" bfScore="--" coherenceScore="--">bn:00008787n</annotation>
		<annotation source="MCS" anchor="stand" bfScore="--" coherenceScore="--">bn:00094275v</annotation>
		<annotation source="MCS" anchor="cry" bfScore="--" coherenceScore="--">bn:00084388v</annotation>
		<annotation source="MCS" anchor="look" bfScore="--" coherenceScore="--">bn:00090448v</annotation>
		<annotation source="BABELFY" anchor="look back" bfScore="0.9629629629629629" coherenceScore="0.05755395683453238">bn:00090457v</annotation>
		<annotation source="MCS" anchor="spoil" bfScore="--" coherenceScore="--">bn:00073515n</annotation>
		<annotation source="BABELFY" anchor="silver" bfScore="0.7150916784203103" coherenceScore="0.18705035971223022">bn:00001887n</annotation>
		<annotation source="BABELFY" anchor="gold" bfScore="0.7455960671855797" coherenceScore="0.2517985611510791">bn:00006911n</annotation>
		<annotation source="MCS" anchor="end" bfScore="--" coherenceScore="--">bn:00030718n</annotation>
		<annotation source="MCS" anchor="store" bfScore="--" coherenceScore="--">bn:00071215n</annotation>
		<annotation source="BABELFY" anchor="glory" bfScore="1.0" coherenceScore="0.007194244604316547">bn:00088898v</annotation>
		<annotation source="BABELFY" anchor="pleasant" bfScore="0.8264462809917356" coherenceScore="0.07194244604316546">bn:00108680a</annotation>
		<annotation source="BABELFY" anchor="furniture" bfScore="0.9411764705882353" coherenceScore="0.1510791366906475">bn:00006129n</annotation>
		<annotation source="BABELFY" anchor="empty" bfScore="0.8389830508474576" coherenceScore="0.06474820143884892">bn:00102179a</annotation>
		<annotation source="BABELFY" anchor="void" bfScore="0.8666666666666667" coherenceScore="0.09352517985611511">bn:00030635n</annotation>
		<annotation source="MCS" anchor="waste" bfScore="--" coherenceScore="--">bn:00080543n</annotation>
		<annotation source="BABELFY" anchor="heart" bfScore="0.7189292543021033" coherenceScore="0.3381294964028777">bn:00043383n</annotation>
		<annotation source="MCS" anchor="knees" bfScore="--" coherenceScore="--">bn:00006140n</annotation>
		<annotation source="BABELFY" anchor="smite" bfScore="0.7258064516129032" coherenceScore="0.03597122302158273">bn:00082440v</annotation>
		<annotation source="BABELFY" anchor="pain" bfScore="0.8741379310344828" coherenceScore="0.18705035971223022">bn:00060182n</annotation>
		<annotation source="MCS" anchor="loins" bfScore="--" coherenceScore="--">bn:00051884n</annotation>
		<annotation source="MCS" anchor="faces" bfScore="--" coherenceScore="--">bn:00085596v</annotation>
		<annotation source="MCS" anchor="gather" bfScore="--" coherenceScore="--">bn:00085289v</annotation>
		<annotation source="BABELFY" anchor="blackness" bfScore="0.8430296377607025" coherenceScore="0.17266187050359713">bn:00010816n</annotation>
		<annotation source="BABELFY" anchor="dwelling" bfScore="0.8746347165400351" coherenceScore="0.2949640287769784">bn:00044994n</annotation>
		<annotation source="BABELFY" anchor="lions" bfScore="0.8532180106843043" coherenceScore="0.2805755395683453">bn:00049156n</annotation>
		<annotation source="MCS" anchor="young" bfScore="--" coherenceScore="--">bn:00104589a</annotation>
		<annotation source="BABELFY" anchor="young lions" bfScore="0.9411764705882353" coherenceScore="0.05755395683453238">bn:14810730n</annotation>
		<annotation source="BABELFY" anchor="lion" bfScore="0.8532180106843043" coherenceScore="0.2805755395683453">bn:00049156n</annotation>
		<annotation source="MCS" anchor="walked" bfScore="--" coherenceScore="--">bn:00095597v</annotation>
		<annotation source="MCS" anchor="whelp" bfScore="--" coherenceScore="--">bn:00065247n</annotation>
		<annotation source="BABELFY" anchor="afraid" bfScore="0.7313432835820896" coherenceScore="0.050359712230215826">bn:00096625a</annotation>
		<annotation source="MCS" anchor="tear" bfScore="--" coherenceScore="--">bn:00076312n</annotation>
		<annotation source="MCS" anchor="whelps" bfScore="--" coherenceScore="--">bn:00065247n</annotation>
		<annotation source="MCS" anchor="strangled" bfScore="--" coherenceScore="--">bn:00094418v</annotation>
		<annotation source="BABELFY" anchor="lionesses" bfScore="0.9569247546346783" coherenceScore="0.2805755395683453">bn:00049156n</annotation>
		<annotation source="MCS" anchor="filled" bfScore="--" coherenceScore="--">bn:00088175v</annotation>
		<annotation source="MCS" anchor="holes" bfScore="--" coherenceScore="--">bn:00044407n</annotation>
		<annotation source="MCS" anchor="prey" bfScore="--" coherenceScore="--">bn:00032742n</annotation>
		<annotation source="MCS" anchor="dens" bfScore="--" coherenceScore="--">bn:00026199n</annotation>
		<annotation source="MCS" anchor="Behold" bfScore="--" coherenceScore="--">bn:00083356v</annotation>
		<annotation source="MCS" anchor="saith" bfScore="--" coherenceScore="--">bn:00093287v</annotation>
		<annotation source="BABELFY" anchor="LORD of hosts" bfScore="1.0" coherenceScore="0.04316546762589928">bn:03152811n</annotation>
		<annotation source="MCS" anchor="hosts" bfScore="--" coherenceScore="--">bn:00044910n</annotation>
		<annotation source="MCS" anchor="burn" bfScore="--" coherenceScore="--">bn:00084270v</annotation>
		<annotation source="MCS" anchor="smoke" bfScore="--" coherenceScore="--">bn:00036806n</annotation>
		<annotation source="BABELFY" anchor="sword" bfScore="1.0" coherenceScore="0.1510791366906475">bn:00011081n</annotation>
		<annotation source="MCS" anchor="devour" bfScore="--" coherenceScore="--">bn:00086763v</annotation>
		<annotation source="MCS" anchor="cut" bfScore="--" coherenceScore="--">bn:00086178v</annotation>
		<annotation source="MCS" anchor="cut off" bfScore="--" coherenceScore="--">bn:00083995v</annotation>
		<annotation source="BABELFY" anchor="prey" bfScore="0.9941176470588236" coherenceScore="0.09352517985611511">bn:00091936v</annotation>
		<annotation source="BABELFY" anchor="earth" bfScore="0.9836774193548387" coherenceScore="0.5683453237410072">bn:00029424n</annotation>
		<annotation source="MCS" anchor="messengers" bfScore="--" coherenceScore="--">bn:00023284n</annotation>
		<annotation source="MCS" anchor="heard" bfScore="--" coherenceScore="--">bn:00089277v</annotation>
	</annotations>
</paragraph>
<paragraph id="p.3">
	<text>
		Woe to the bloody city ! it is all full of lies and robbery ; the prey departeth not ;
		The noise of a whip , and the noise of the rattling of the wheels , and of the pransing horses , and of the jumping chariots .
		The horseman lifteth up both the bright sword and the glittering spear : and there is a multitude of slain , and a great number of carcases ; and there is none end of their corpses ; they stumble upon their corpses :
		Because of the multitude of the whoredoms of the wellfavoured harlot , the mistress of witchcrafts , that selleth nations through her whoredoms , and families through her witchcrafts .
		Behold , I am against thee , saith the LORD of hosts ; and I will discover thy skirts upon thy face , and I will shew the nations thy nakedness , and the kingdoms thy shame .
		And I will cast abominable filth upon thee , and make thee vile , and will set thee as a gazingstock .
		And it shall come to pass , that all they that look upon thee shall flee from thee , and say , Nineveh is laid waste : who will bemoan her ? whence shall I seek comforters for thee ?
		Art thou better than populous No , that was situate among the rivers , that had the waters round about it , whose rampart was the sea , and her wall was from the sea ?
		Ethiopia and Egypt were her strength , and it was infinite ; Put and Lubim were thy helpers .
		Yet was she carried away , she went into captivity : her young children also were dashed in pieces at the top of all the streets : and they cast lots for her honourable men , and all her great men were bound in chains .
		Thou also shalt be drunken : thou shalt be hid , thou also shalt seek strength because of the enemy .
		All thy strong holds shall be like fig trees with the firstripe figs : if they be shaken , they shall even fall into the mouth of the eater .
		Behold , thy people in the midst of thee are women : the gates of thy land shall be set wide open unto thine enemies : the fire shall devour thy bars .
		Draw thee waters for the siege , fortify thy strong holds : go into clay , and tread the morter , make strong the brickkiln .
		There shall the fire devour thee ; the sword shall cut thee off , it shall eat thee up like the cankerworm : make thyself many as the cankerworm , make thyself many as the locusts .
		Thou hast multiplied thy merchants above the stars of heaven : the cankerworm spoileth , and flieth away .
		Thy crowned are as the locusts , and thy captains as the great grasshoppers , which camp in the hedges in the cold day , but when the sun ariseth they flee away , and their place is not known where they are .
		Thy shepherds slumber , O king of Assyria : thy nobles shall dwell in the dust : thy people is scattered upon the mountains , and no man gathereth them .
		There is no healing of thy bruise ; thy wound is grievous : all that hear the bruit of thee shall clap the hands over thee : for upon whom hath not thy wickedness passed continually ?
	</text>
	<annotations>
		<annotation source="MCS" anchor="Woe" bfScore="--" coherenceScore="--">bn:00075069n</annotation>
		<annotation source="MCS" anchor="bloody" bfScore="--" coherenceScore="--">bn:00098594a</annotation>
		<annotation source="BABELFY" anchor="city" bfScore="0.8402489626556017" coherenceScore="0.43315508021390375">bn:03335997n</annotation>
		<annotation source="MCS" anchor="full" bfScore="--" coherenceScore="--">bn:00103391a</annotation>
		<annotation source="MCS" anchor="lies" bfScore="--" coherenceScore="--">bn:00051016n</annotation>
		<annotation source="MCS" anchor="robbery" bfScore="--" coherenceScore="--">bn:00068014n</annotation>
		<annotation source="MCS" anchor="prey" bfScore="--" coherenceScore="--">bn:00032742n</annotation>
		<annotation source="MCS" anchor="noise" bfScore="--" coherenceScore="--">bn:00057863n</annotation>
		<annotation source="BABELFY" anchor="whip" bfScore="0.7275922671353251" coherenceScore="0.0962566844919786">bn:00081007n</annotation>
		<annotation source="MCS" anchor="rattling" bfScore="--" coherenceScore="--">bn:00092387v</annotation>
		<annotation source="MCS" anchor="wheels" bfScore="--" coherenceScore="--">bn:00080972n</annotation>
		<annotation source="BABELFY" anchor="horses" bfScore="0.9477841158402808" coherenceScore="0.32085561497326204">bn:00031345n</annotation>
		<annotation source="MCS" anchor="jumping" bfScore="--" coherenceScore="--">bn:00083833v</annotation>
		<annotation source="MCS" anchor="chariots" bfScore="--" coherenceScore="--">bn:00017811n</annotation>
		<annotation source="BABELFY" anchor="horseman" bfScore="0.7245283018867924" coherenceScore="0.06417112299465241">bn:00031301n</annotation>
		<annotation source="MCS" anchor="bright" bfScore="--" coherenceScore="--">bn:00098857a</annotation>
		<annotation source="BABELFY" anchor="sword" bfScore="0.9801714898177921" coherenceScore="0.1657754010695187">bn:00011081n</annotation>
		<annotation source="BABELFY" anchor="glittering" bfScore="1.0" coherenceScore="0.03208556149732621">bn:00088881v</annotation>
		<annotation source="MCS" anchor="spear" bfScore="--" coherenceScore="--">bn:00049823n</annotation>
		<annotation source="MCS" anchor="multitude" bfScore="--" coherenceScore="--">bn:00009055n</annotation>
		<annotation source="BABELFY" anchor="slain" bfScore="1.0" coherenceScore="0.06417112299465241">bn:00084236v</annotation>
		<annotation source="MCS" anchor="great" bfScore="--" coherenceScore="--">bn:00103779a</annotation>
		<annotation source="BABELFY" anchor="number" bfScore="0.745775165319618" coherenceScore="0.15508021390374332">bn:00058285n</annotation>
		<annotation source="BABELFY" anchor="carcases" bfScore="1.0" coherenceScore="0.08021390374331551">bn:00015897n</annotation>
		<annotation source="MCS" anchor="end" bfScore="--" coherenceScore="--">bn:00030718n</annotation>
		<annotation source="MCS" anchor="corpses" bfScore="--" coherenceScore="--">bn:00005810n</annotation>
		<annotation source="MCS" anchor="stumble" bfScore="--" coherenceScore="--">bn:00084228v</annotation>
		<annotation source="MCS" anchor="stumble upon" bfScore="--" coherenceScore="--">bn:13749824v</annotation>
		<annotation source="BABELFY" anchor="whoredoms" bfScore="1.0" coherenceScore="0.16042780748663102">bn:00043009n</annotation>
		<annotation source="MCS" anchor="harlot" bfScore="--" coherenceScore="--">bn:00009205n</annotation>
		<annotation source="MCS" anchor="mistress" bfScore="--" coherenceScore="--">bn:00033624n</annotation>
		<annotation source="BABELFY" anchor="witchcrafts" bfScore="0.827037773359841" coherenceScore="0.0855614973262032">bn:00081431n</annotation>
		<annotation source="BABELFY" anchor="nations" bfScore="0.8621022179363549" coherenceScore="0.6577540106951871">bn:00023236n</annotation>
		<annotation source="BABELFY" anchor="families" bfScore="0.7715000658501251" coherenceScore="0.31016042780748665">bn:00032893n</annotation>
		<annotation source="MCS" anchor="Behold" bfScore="--" coherenceScore="--">bn:00083356v</annotation>
		<annotation source="MCS" anchor="saith" bfScore="--" coherenceScore="--">bn:00093287v</annotation>
		<annotation source="BABELFY" anchor="LORD of hosts" bfScore="1.0" coherenceScore="0.03208556149732621">bn:03152811n</annotation>
		<annotation source="MCS" anchor="hosts" bfScore="--" coherenceScore="--">bn:00044910n</annotation>
		<annotation source="MCS" anchor="discover" bfScore="--" coherenceScore="--">bn:00086708v</annotation>
		<annotation source="MCS" anchor="skirts" bfScore="--" coherenceScore="--">bn:00072003n</annotation>
		<annotation source="MCS" anchor="face" bfScore="--" coherenceScore="--">bn:00032600n</annotation>
		<annotation source="BABELFY" anchor="shew" bfScore="1.0" coherenceScore="0.0053475935828877">bn:00086567v</annotation>
		<annotation source="BABELFY" anchor="nakedness" bfScore="0.9445983379501385" coherenceScore="0.1657754010695187">bn:00056748n</annotation>
		<annotation source="BABELFY" anchor="kingdoms" bfScore="0.8177538668459986" coherenceScore="0.1711229946524064">bn:00055624n</annotation>
		<annotation source="BABELFY" anchor="shame" bfScore="0.9044414535666218" coherenceScore="0.11229946524064172">bn:00027566n</annotation>
		<annotation source="MCS" anchor="cast" bfScore="--" coherenceScore="--">bn:00084624v</annotation>
		<annotation source="BABELFY" anchor="abominable" bfScore="1.0" coherenceScore="0.03208556149732621">bn:00096164a</annotation>
		<annotation source="BABELFY" anchor="filth" bfScore="0.792507204610951" coherenceScore="0.11764705882352941">bn:00027402n</annotation>
		<annotation source="MCS" anchor="vile" bfScore="--" coherenceScore="--">bn:00101247a</annotation>
		<annotation source="MCS" anchor="gazingstock" bfScore="--" coherenceScore="--">bn:13665360n</annotation>
		<annotation source="MCS" anchor="pass" bfScore="--" coherenceScore="--">bn:00088932v</annotation>
		<annotation source="MCS" anchor="look" bfScore="--" coherenceScore="--">bn:00090448v</annotation>
		<annotation source="BABELFY" anchor="look upon" bfScore="1.0" coherenceScore="0.09090909090909091">bn:00087737v</annotation>
		<annotation source="BABELFY" anchor="flee" bfScore="1.0" coherenceScore="0.026737967914438502">bn:00088291v</annotation>
		<annotation source="BABELFY" anchor="Nineveh" bfScore="1.0" coherenceScore="0.06951871657754011">bn:00057739n</annotation>
		<annotation source="BABELFY" anchor="laid" bfScore="0.7032374100719424" coherenceScore="0.09090909090909091">bn:00090224v</annotation>
		<annotation source="BABELFY" anchor="laid waste" bfScore="1.0" coherenceScore="0.0053475935828877">bn:00086685v</annotation>
		<annotation source="MCS" anchor="waste" bfScore="--" coherenceScore="--">bn:00080543n</annotation>
		<annotation source="BABELFY" anchor="bemoan" bfScore="1.0" coherenceScore="0.0374331550802139">bn:00083397v</annotation>
		<annotation source="MCS" anchor="seek" bfScore="--" coherenceScore="--">bn:00093452v</annotation>
		<annotation source="MCS" anchor="comforters" bfScore="--" coherenceScore="--">bn:00020924n</annotation>
		<annotation source="BABELFY" anchor="better" bfScore="1.0" coherenceScore="0.016042780748663103">bn:00114537r</annotation>
		<annotation source="BABELFY" anchor="populous" bfScore="1.0" coherenceScore="0.016042780748663103">bn:00108809a</annotation>
		<annotation source="MCS" anchor="situate" bfScore="--" coherenceScore="--">bn:13682105a</annotation>
		<annotation source="BABELFY" anchor="rivers" bfScore="0.9798422436459246" coherenceScore="0.22994652406417113">bn:00067948n</annotation>
		<annotation source="BABELFY" anchor="waters" bfScore="0.9184859749915512" coherenceScore="0.5721925133689839">bn:00042379n</annotation>
		<annotation source="MCS" anchor="round" bfScore="--" coherenceScore="--">bn:00093134v</annotation>
		<annotation source="MCS" anchor="rampart" bfScore="--" coherenceScore="--">bn:00013848n</annotation>
		<annotation source="BABELFY" anchor="sea" bfScore="0.7028053153343177" coherenceScore="0.2994652406417112">bn:00069946n</annotation>
		<annotation source="BABELFY" anchor="wall" bfScore="0.8635097493036211" coherenceScore="0.1657754010695187">bn:00080386n</annotation>
		<annotation source="BABELFY" anchor="Ethiopia" bfScore="0.9315320847405588" coherenceScore="0.2192513368983957">bn:00000536n</annotation>
		<annotation source="BABELFY" anchor="Egypt" bfScore="0.9833860759493671" coherenceScore="0.5294117647058824">bn:00005255n</annotation>
		<annotation source="MCS" anchor="strength" bfScore="--" coherenceScore="--">bn:00074615n</annotation>
		<annotation source="MCS" anchor="infinite" bfScore="--" coherenceScore="--">bn:00105064a</annotation>
		<annotation source="BABELFY" anchor="Lubim" bfScore="1.0" coherenceScore="0.0106951871657754">bn:03229908n</annotation>
		<annotation source="MCS" anchor="helpers" bfScore="--" coherenceScore="--">bn:00006523n</annotation>
		<annotation source="MCS" anchor="carried" bfScore="--" coherenceScore="--">bn:00084554v</annotation>
		<annotation source="BABELFY" anchor="carried away" bfScore="1.0" coherenceScore="0.0748663101604278">bn:00083231v</annotation>
		<annotation source="BABELFY" anchor="captivity" bfScore="0.8076923076923077" coherenceScore="0.11229946524064172">bn:00015771n</annotation>
		<annotation source="MCS" anchor="young" bfScore="--" coherenceScore="--">bn:00104589a</annotation>
		<annotation source="BABELFY" anchor="children" bfScore="0.8057123504177015" coherenceScore="0.32620320855614976">bn:00018346n</annotation>
		<annotation source="MCS" anchor="dashed" bfScore="--" coherenceScore="--">bn:00086287v</annotation>
		<annotation source="MCS" anchor="pieces" bfScore="--" coherenceScore="--">bn:00062297n</annotation>
		<annotation source="BABELFY" anchor="streets" bfScore="0.793505834601725" coherenceScore="0.18181818181818182">bn:00074595n</annotation>
		<annotation source="BABELFY" anchor="cast lots" bfScore="1.0" coherenceScore="0.016042780748663103">bn:03285056n</annotation>
		<annotation source="MCS" anchor="lots" bfScore="--" coherenceScore="--">bn:00008985n</annotation>
		<annotation source="BABELFY" anchor="honourable" bfScore="1.0" coherenceScore="0.0374331550802139">bn:00102419a</annotation>
		<annotation source="BABELFY" anchor="men" bfScore="0.8050345919813287" coherenceScore="0.8235294117647058">bn:00044576n</annotation>
		<annotation source="BABELFY" anchor="great men" bfScore="1.0" coherenceScore="0.0481283422459893">bn:00370379n</annotation>
		<annotation source="MCS" anchor="bound" bfScore="--" coherenceScore="--">bn:00082347v</annotation>
		<annotation source="MCS" anchor="chains" bfScore="--" coherenceScore="--">bn:00017487n</annotation>
		<annotation source="BABELFY" anchor="drunken" bfScore="0.8" coherenceScore="0.0427807486631016">bn:00098312a</annotation>
		<annotation source="BABELFY" anchor="hid" bfScore="0.7258064516129032" coherenceScore="0.0481283422459893">bn:00089332v</annotation>
		<annotation source="MCS" anchor="enemy" bfScore="--" coherenceScore="--">bn:00030814n</annotation>
		<annotation source="MCS" anchor="strong" bfScore="--" coherenceScore="--">bn:00111312a</annotation>
		<annotation source="MCS" anchor="holds" bfScore="--" coherenceScore="--">bn:00019475n</annotation>
		<annotation source="BABELFY" anchor="fig" bfScore="0.709838107098381" coherenceScore="0.10160427807486631">bn:00021090n</annotation>
		<annotation source="MCS" anchor="fig trees" bfScore="--" coherenceScore="--">bn:00034375n</annotation>
		<annotation source="BABELFY" anchor="trees" bfScore="0.9471941122355105" coherenceScore="0.27807486631016043">bn:00078131n</annotation>
		<annotation source="MCS" anchor="firstripe" bfScore="--" coherenceScore="--">bn:13611451a</annotation>
		<annotation source="MCS" anchor="figs" bfScore="--" coherenceScore="--">bn:00034369n</annotation>
		<annotation source="MCS" anchor="shaken" bfScore="--" coherenceScore="--">bn:00082470v</annotation>
		<annotation source="MCS" anchor="fall" bfScore="--" coherenceScore="--">bn:00087976v</annotation>
		<annotation source="BABELFY" anchor="fall into" bfScore="1.0" coherenceScore="0.0053475935828877">bn:00088016v</annotation>
		<annotation source="BABELFY" anchor="mouth" bfScore="0.716821639898563" coherenceScore="0.1711229946524064">bn:00056135n</annotation>
		<annotation source="MCS" anchor="eater" bfScore="--" coherenceScore="--">bn:00029543n</annotation>
		<annotation source="BABELFY" anchor="people" bfScore="0.76875" coherenceScore="0.2192513368983957">bn:00061450n</annotation>
		<annotation source="BABELFY" anchor="midst" bfScore="1.0" coherenceScore="0.0481283422459893">bn:00054889n</annotation>
		<annotation source="BABELFY" anchor="women" bfScore="0.9097651421508035" coherenceScore="0.3689839572192513">bn:00001530n</annotation>
		<annotation source="MCS" anchor="gates" bfScore="--" coherenceScore="--">bn:00037486n</annotation>
		<annotation source="BABELFY" anchor="land" bfScore="0.8468552288797916" coherenceScore="0.6577540106951871">bn:00023236n</annotation>
		<annotation source="BABELFY" anchor="wide" bfScore="0.8" coherenceScore="0.0213903743315508">bn:00117624r</annotation>
		<annotation source="MCS" anchor="wide open" bfScore="--" coherenceScore="--">bn:13703169a</annotation>
		<annotation source="MCS" anchor="open" bfScore="--" coherenceScore="--">bn:00107879a</annotation>
		<annotation source="MCS" anchor="enemies" bfScore="--" coherenceScore="--">bn:00030814n</annotation>
		<annotation source="BABELFY" anchor="fire" bfScore="1.0" coherenceScore="0.27807486631016043">bn:00034625n</annotation>
		<annotation source="MCS" anchor="devour" bfScore="--" coherenceScore="--">bn:00086763v</annotation>
		<annotation source="MCS" anchor="bars" bfScore="--" coherenceScore="--">bn:00008462n</annotation>
		<annotation source="MCS" anchor="Draw" bfScore="--" coherenceScore="--">bn:00087234v</annotation>
		<annotation source="BABELFY" anchor="siege" bfScore="0.968421052631579" coherenceScore="0.12299465240641712">bn:00009696n</annotation>
		<annotation source="MCS" anchor="fortify" bfScore="--" coherenceScore="--">bn:00083317v</annotation>
		<annotation source="MCS" anchor="clay" bfScore="--" coherenceScore="--">bn:00019624n</annotation>
		<annotation source="MCS" anchor="tread" bfScore="--" coherenceScore="--">bn:00094338v</annotation>
		<annotation source="BABELFY" anchor="morter" bfScore="0.9921259842519685" coherenceScore="0.0962566844919786">bn:00045073n</annotation>
		<annotation source="BABELFY" anchor="brickkiln" bfScore="1.0" coherenceScore="0.0481283422459893">bn:00013056n</annotation>
		<annotation source="MCS" anchor="cut" bfScore="--" coherenceScore="--">bn:00086178v</annotation>
		<annotation source="MCS" anchor="eat" bfScore="--" coherenceScore="--">bn:00087460v</annotation>
		<annotation source="BABELFY" anchor="cankerworm" bfScore="1.0" coherenceScore="0.0106951871657754">bn:00015281n</annotation>
		<annotation source="BABELFY" anchor="thyself" bfScore="1.0" coherenceScore="0.0053475935828877">bn:00066821n</annotation>
		<annotation source="BABELFY" anchor="locusts" bfScore="0.7220630372492837" coherenceScore="0.0748663101604278">bn:00051807n</annotation>
		<annotation source="MCS" anchor="multiplied" bfScore="--" coherenceScore="--">bn:00090977v</annotation>
		<annotation source="BABELFY" anchor="merchants" bfScore="0.9259259259259259" coherenceScore="0.08021390374331551">bn:00054417n</annotation>
		<annotation source="BABELFY" anchor="stars" bfScore="0.891640866873065" coherenceScore="0.21390374331550802">bn:00073964n</annotation>
		<annotation source="MCS" anchor="heaven" bfScore="--" coherenceScore="--">bn:00029734n</annotation>
		<annotation source="MCS" anchor="crowned" bfScore="--" coherenceScore="--">bn:00085827v</annotation>
		<annotation source="MCS" anchor="captains" bfScore="--" coherenceScore="--">bn:00015749n</annotation>
		<annotation source="BABELFY" anchor="grasshoppers" bfScore="0.9039735099337748" coherenceScore="0.11229946524064172">bn:00041452n</annotation>
		<annotation source="BABELFY" anchor="camp" bfScore="0.8918918918918919" coherenceScore="0.058823529411764705">bn:00083524v</annotation>
		<annotation source="BABELFY" anchor="hedges" bfScore="0.8925" coherenceScore="0.09090909090909091">bn:00043507n</annotation>
		<annotation source="MCS" anchor="cold" bfScore="--" coherenceScore="--">bn:00099981a</annotation>
		<annotation source="BABELFY" anchor="day" bfScore="0.7714033539276258" coherenceScore="0.12299465240641712">bn:00000086n</annotation>
		<annotation source="BABELFY" anchor="sun" bfScore="0.901656314699793" coherenceScore="0.34759358288770054">bn:00075170n</annotation>
		<annotation source="MCS" anchor="ariseth" bfScore="--" coherenceScore="--">bn:13708237v</annotation>
		<annotation source="MCS" anchor="place" bfScore="--" coherenceScore="--">bn:00062699n</annotation>
		<annotation source="MCS" anchor="known" bfScore="--" coherenceScore="--">bn:00085261v</annotation>
		<annotation source="MCS" anchor="shepherds" bfScore="--" coherenceScore="--">bn:00071033n</annotation>
		<annotation source="BABELFY" anchor="slumber" bfScore="0.9994138335287222" coherenceScore="0.1657754010695187">bn:00072101n</annotation>
		<annotation source="BABELFY" anchor="king" bfScore="0.894328077194634" coherenceScore="0.21390374331550802">bn:00024097n</annotation>
		<annotation source="BABELFY" anchor="Assyria" bfScore="0.9138448349764252" coherenceScore="0.2192513368983957">bn:00006569n</annotation>
		<annotation source="BABELFY" anchor="nobles" bfScore="0.8757521058965102" coherenceScore="0.2192513368983957">bn:00005659n</annotation>
		<annotation source="BABELFY" anchor="dwell" bfScore="0.9915254237288136" coherenceScore="0.06951871657754011">bn:00087441v</annotation>
		<annotation source="MCS" anchor="dust" bfScore="--" coherenceScore="--">bn:00029192n</annotation>
		<annotation source="MCS" anchor="scattered" bfScore="--" coherenceScore="--">bn:00083993v</annotation>
		<annotation source="BABELFY" anchor="mountains" bfScore="0.9017341040462428" coherenceScore="0.18181818181818182">bn:00056068n</annotation>
		<annotation source="BABELFY" anchor="man" bfScore="0.802827965435978" coherenceScore="0.8235294117647058">bn:00044576n</annotation>
		<annotation source="BABELFY" anchor="healing" bfScore="0.9863013698630136" coherenceScore="0.0427807486631016">bn:00043357n</annotation>
		<annotation source="MCS" anchor="bruise" bfScore="--" coherenceScore="--">bn:00013464n</annotation>
		<annotation source="BABELFY" anchor="wound" bfScore="0.7182587666263603" coherenceScore="0.11764705882352941">bn:00081668n</annotation>
		<annotation source="MCS" anchor="grievous" bfScore="--" coherenceScore="--">bn:00100896a</annotation>
		<annotation source="MCS" anchor="hear" bfScore="--" coherenceScore="--">bn:00089277v</annotation>
		<annotation source="BABELFY" anchor="bruit" bfScore="1.0" coherenceScore="0.026737967914438502">bn:01955205n</annotation>
		<annotation source="MCS" anchor="clap" bfScore="--" coherenceScore="--">bn:00085031v</annotation>
		<annotation source="BABELFY" anchor="hands" bfScore="0.7188014487981561" coherenceScore="0.19786096256684493">bn:00042759n</annotation>
		<annotation source="BABELFY" anchor="wickedness" bfScore="0.7922077922077922" coherenceScore="0.1925133689839572">bn:00071707n</annotation>
		<annotation source="MCS" anchor="passed" bfScore="--" coherenceScore="--">bn:00088932v</annotation>
		<annotation source="BABELFY" anchor="continually" bfScore="0.8" coherenceScore="0.0106951871657754">bn:00114251r</annotation>
	</annotations>
</paragraph>
</dataset>
