<?xml version="1.0" encoding="utf-8"?>
<dataset language="EN" title="PHI">
<paragraph id="p.1">
	<text>
		Paul and Timotheus , the servants of Jesus Christ , to all the saints in Christ Jesus which are at Philippi , with the bishops and deacons :
		Grace be unto you , and peace , from God our Father , and from the Lord Jesus Christ .
		I thank my God upon every remembrance of you ,
		Always in every prayer of mine for you all making request with joy ,
		For your fellowship in the gospel from the first day until now ;
		Being confident of this very thing , that he which hath begun a good work in you will perform it until the day of Jesus Christ :
		Even as it is meet for me to think this of you all , because I have you in my heart ; inasmuch as both in my bonds , and in the defence and confirmation of the gospel , ye all are partakers of my grace .
		For God is my record , how greatly I long after you all in the bowels of Jesus Christ .
		And this I pray , that your love may abound yet more and more in knowledge and in all judgment ;
		That ye may approve things that are excellent ; that ye may be sincere and without offence till the day of Christ ;
		Being filled with the fruits of righteousness , which are by Jesus Christ , unto the glory and praise of God .
		But I would ye should understand , brethren , that the things which happened unto me have fallen out rather unto the furtherance of the gospel ;
		So that my bonds in Christ are manifest in all the palace , and in all other places ;
		And many of the brethren in the Lord , waxing confident by my bonds , are much more bold to speak the word without fear .
		Some indeed preach Christ even of envy and strife ; and some also of good will :
		The one preach Christ of contention , not sincerely , supposing to add affliction to my bonds :
		But the other of love , knowing that I am set for the defence of the gospel .
		What then ? notwithstanding , every way , whether in pretence , or in truth , Christ is preached ; and I therein do rejoice , yea , and will rejoice .
		For I know that this shall turn to my salvation through your prayer , and the supply of the Spirit of Jesus Christ ,
		According to my earnest expectation and my hope , that in nothing I shall be ashamed , but that with all boldness , as always , so now also Christ shall be magnified in my body , whether it be by life , or by death .
		For to me to live is Christ , and to die is gain .
		But if I live in the flesh , this is the fruit of my labour : yet what I shall choose I wot not .
		For I am in a strait betwixt two , having a desire to depart , and to be with Christ ; which is far better :
		Nevertheless to abide in the flesh is more needful for you .
		And having this confidence , I know that I shall abide and continue with you all for your furtherance and joy of faith ;
		That your rejoicing may be more abundant in Jesus Christ for me by my coming to you again .
		Only let your conversation be as it becometh the gospel of Christ : that whether I come and see you , or else be absent , I may hear of your affairs , that ye stand fast in one spirit , with one mind striving together for the faith of the gospel ;
		And in nothing terrified by your adversaries : which is to them an evident token of perdition , but to you of salvation , and that of God .
		For unto you it is given in the behalf of Christ , not only to believe on him , but also to suffer for his sake ;
		Having the same conflict which ye saw in me , and now hear to be in me .
	</text>
	<annotations>
		<annotation source="BABELFY" anchor="Paul" bfScore="0.8455552229871296" coherenceScore="0.4854368932038835">bn:00004984n</annotation>
		<annotation source="MCS" anchor="servants" bfScore="--" coherenceScore="--">bn:00067423n</annotation>
		<annotation source="BABELFY" anchor="Jesus" bfScore="0.720152569619874" coherenceScore="0.7087378640776699">bn:00018805n</annotation>
		<annotation source="BABELFY" anchor="Jesus Christ" bfScore="0.9269486728371452" coherenceScore="0.7087378640776699">bn:00018805n</annotation>
		<annotation source="BABELFY" anchor="Christ" bfScore="0.9168467204932843" coherenceScore="0.7087378640776699">bn:00018805n</annotation>
		<annotation source="BABELFY" anchor="saints" bfScore="0.719384113388396" coherenceScore="0.41262135922330095">bn:00068856n</annotation>
		<annotation source="BABELFY" anchor="Christ Jesus" bfScore="1.0" coherenceScore="0.7135922330097088">bn:00018805n</annotation>
		<annotation source="MCS" anchor="bishops" bfScore="--" coherenceScore="--">bn:00010706n</annotation>
		<annotation source="MCS" anchor="deacons" bfScore="--" coherenceScore="--">bn:00025495n</annotation>
		<annotation source="MCS" anchor="Grace" bfScore="--" coherenceScore="--">bn:00041221n</annotation>
		<annotation source="MCS" anchor="peace" bfScore="--" coherenceScore="--">bn:00061149n</annotation>
		<annotation source="MCS" anchor="Father" bfScore="--" coherenceScore="--">bn:00009616n</annotation>
		<annotation source="BABELFY" anchor="Lord Jesus" bfScore="1.0" coherenceScore="0.7135922330097088">bn:00018805n</annotation>
		<annotation source="BABELFY" anchor="Lord Jesus Christ" bfScore="1.0" coherenceScore="0.7135922330097088">bn:00018805n</annotation>
		<annotation source="BABELFY" anchor="thank" bfScore="1.0" coherenceScore="0.2524271844660194">bn:00088854v</annotation>
		<annotation source="MCS" anchor="remembrance" bfScore="--" coherenceScore="--">bn:00003810n</annotation>
		<annotation source="MCS" anchor="prayer" bfScore="--" coherenceScore="--">bn:00064038n</annotation>
		<annotation source="MCS" anchor="mine" bfScore="--" coherenceScore="--">bn:00055114n</annotation>
		<annotation source="BABELFY" anchor="request" bfScore="0.8704663212435233" coherenceScore="0.24757281553398058">bn:03683735n</annotation>
		<annotation source="MCS" anchor="joy" bfScore="--" coherenceScore="--">bn:00048468n</annotation>
		<annotation source="MCS" anchor="fellowship" bfScore="--" coherenceScore="--">bn:00032897n</annotation>
		<annotation source="MCS" anchor="gospel" bfScore="--" coherenceScore="--">bn:00031976n</annotation>
		<annotation source="MCS" anchor="day" bfScore="--" coherenceScore="--">bn:00000086n</annotation>
		<annotation source="BABELFY" anchor="confident" bfScore="0.8181818181818182" coherenceScore="0.043689320388349516">bn:00100224a</annotation>
		<annotation source="MCS" anchor="begun" bfScore="--" coherenceScore="--">bn:00083340v</annotation>
		<annotation source="MCS" anchor="good" bfScore="--" coherenceScore="--">bn:00103672a</annotation>
		<annotation source="MCS" anchor="work" bfScore="--" coherenceScore="--">bn:00081568n</annotation>
		<annotation source="BABELFY" anchor="work in" bfScore="1.0" coherenceScore="0.014563106796116505">bn:00081573n</annotation>
		<annotation source="MCS" anchor="perform" bfScore="--" coherenceScore="--">bn:00087107v</annotation>
		<annotation source="BABELFY" anchor="meet" bfScore="1.0" coherenceScore="0.0048543689320388345">bn:00103032a</annotation>
		<annotation source="MCS" anchor="think" bfScore="--" coherenceScore="--">bn:00083370v</annotation>
		<annotation source="MCS" anchor="heart" bfScore="--" coherenceScore="--">bn:00012289n</annotation>
		<annotation source="BABELFY" anchor="bonds" bfScore="0.9579358196010408" coherenceScore="0.22815533980582525">bn:00002860n</annotation>
		<annotation source="MCS" anchor="defence" bfScore="--" coherenceScore="--">bn:00025870n</annotation>
		<annotation source="MCS" anchor="confirmation" bfScore="--" coherenceScore="--">bn:00017984n</annotation>
		<annotation source="BABELFY" anchor="partakers" bfScore="1.0" coherenceScore="0.22330097087378642">bn:00060776n</annotation>
		<annotation source="MCS" anchor="grace" bfScore="--" coherenceScore="--">bn:00041221n</annotation>
		<annotation source="MCS" anchor="record" bfScore="--" coherenceScore="--">bn:00066574n</annotation>
		<annotation source="BABELFY" anchor="greatly" bfScore="1.0" coherenceScore="0.009708737864077669">bn:00115553r</annotation>
		<annotation source="MCS" anchor="long" bfScore="--" coherenceScore="--">bn:00106124a</annotation>
		<annotation source="MCS" anchor="bowels" bfScore="--" coherenceScore="--">bn:00012484n</annotation>
		<annotation source="BABELFY" anchor="pray" bfScore="0.9808917197452229" coherenceScore="0.23786407766990292">bn:00091921v</annotation>
		<annotation source="BABELFY" anchor="love" bfScore="0.7052343879410303" coherenceScore="0.6310679611650486">bn:00052121n</annotation>
		<annotation source="MCS" anchor="abound" bfScore="--" coherenceScore="--">bn:00082152v</annotation>
		<annotation source="BABELFY" anchor="knowledge" bfScore="0.7560649955913843" coherenceScore="0.5970873786407767">bn:00020452n</annotation>
		<annotation source="MCS" anchor="judgment" bfScore="--" coherenceScore="--">bn:00048493n</annotation>
		<annotation source="MCS" anchor="approve" bfScore="--" coherenceScore="--">bn:00082740v</annotation>
		<annotation source="BABELFY" anchor="things" bfScore="0.9230769230769231" coherenceScore="0.07281553398058252">bn:00006125n</annotation>
		<annotation source="BABELFY" anchor="things that are" bfScore="1.0" coherenceScore="0.009708737864077669">bn:01246537n</annotation>
		<annotation source="BABELFY" anchor="excellent" bfScore="1.0" coherenceScore="0.024271844660194174">bn:00102496a</annotation>
		<annotation source="BABELFY" anchor="offence" bfScore="0.9844399938376214" coherenceScore="0.3446601941747573">bn:00023807n</annotation>
		<annotation source="MCS" anchor="filled" bfScore="--" coherenceScore="--">bn:00088175v</annotation>
		<annotation source="BABELFY" anchor="fruits" bfScore="0.9093253115599484" coherenceScore="0.22330097087378642">bn:00296835n</annotation>
		<annotation source="MCS" anchor="righteousness" bfScore="--" coherenceScore="--">bn:00067848n</annotation>
		<annotation source="BABELFY" anchor="glory" bfScore="0.7555376095985233" coherenceScore="0.28640776699029125">bn:00007184n</annotation>
		<annotation source="BABELFY" anchor="glory and praise" bfScore="1.0" coherenceScore="0.2087378640776699">bn:00164248n</annotation>
		<annotation source="MCS" anchor="praise" bfScore="--" coherenceScore="--">bn:00021834n</annotation>
		<annotation source="MCS" anchor="understand" bfScore="--" coherenceScore="--">bn:00095375v</annotation>
		<annotation source="MCS" anchor="brethren" bfScore="--" coherenceScore="--">bn:00013012n</annotation>
		<annotation source="MCS" anchor="happened" bfScore="--" coherenceScore="--">bn:00085337v</annotation>
		<annotation source="MCS" anchor="fallen" bfScore="--" coherenceScore="--">bn:00087976v</annotation>
		<annotation source="BABELFY" anchor="fallen out" bfScore="0.988255033557047" coherenceScore="0.15048543689320387">bn:00085337v</annotation>
		<annotation source="MCS" anchor="furtherance" bfScore="--" coherenceScore="--">bn:00001556n</annotation>
		<annotation source="BABELFY" anchor="manifest" bfScore="1.0" coherenceScore="0.043689320388349516">bn:00097350a</annotation>
		<annotation source="BABELFY" anchor="palace" bfScore="0.9953727506426735" coherenceScore="0.21359223300970873">bn:00060224n</annotation>
		<annotation source="MCS" anchor="places" bfScore="--" coherenceScore="--">bn:00062699n</annotation>
		<annotation source="MCS" anchor="waxing" bfScore="--" coherenceScore="--">bn:00095681v</annotation>
		<annotation source="MCS" anchor="bold" bfScore="--" coherenceScore="--">bn:00098661a</annotation>
		<annotation source="BABELFY" anchor="speak" bfScore="0.7126696832579186" coherenceScore="0.07281553398058252">bn:00090943v</annotation>
		<annotation source="MCS" anchor="word" bfScore="--" coherenceScore="--">bn:00081546n</annotation>
		<annotation source="BABELFY" anchor="fear" bfScore="0.7026348808030113" coherenceScore="0.3883495145631068">bn:00033854n</annotation>
		<annotation source="BABELFY" anchor="preach" bfScore="0.9980154355016538" coherenceScore="0.30097087378640774">bn:00091922v</annotation>
		<annotation source="MCS" anchor="envy" bfScore="--" coherenceScore="--">bn:00031073n</annotation>
		<annotation source="MCS" anchor="strife" bfScore="--" coherenceScore="--">bn:00027509n</annotation>
		<annotation source="BABELFY" anchor="contention" bfScore="0.9897285399853265" coherenceScore="0.2766990291262136">bn:00005599n</annotation>
		<annotation source="BABELFY" anchor="sincerely" bfScore="0.9230769230769231" coherenceScore="0.02912621359223301">bn:00116990r</annotation>
		<annotation source="MCS" anchor="supposing" bfScore="--" coherenceScore="--">bn:00093288v</annotation>
		<annotation source="MCS" anchor="affliction" bfScore="--" coherenceScore="--">bn:00001782n</annotation>
		<annotation source="MCS" anchor="knowing" bfScore="--" coherenceScore="--">bn:00085261v</annotation>
		<annotation source="BABELFY" anchor="notwithstanding" bfScore="1.0" coherenceScore="0.0048543689320388345">bn:00114216r</annotation>
		<annotation source="BABELFY" anchor="pretence" bfScore="0.9978561219628395" coherenceScore="0.28640776699029125">bn:00027710n</annotation>
		<annotation source="MCS" anchor="truth" bfScore="--" coherenceScore="--">bn:00078498n</annotation>
		<annotation source="BABELFY" anchor="preached" bfScore="0.9980154355016538" coherenceScore="0.30097087378640774">bn:00091922v</annotation>
		<annotation source="BABELFY" anchor="rejoice" bfScore="0.9658491151816206" coherenceScore="0.24757281553398058">bn:00089996v</annotation>
		<annotation source="BABELFY" anchor="yea" bfScore="1.0" coherenceScore="0.0048543689320388345">bn:00117651r</annotation>
		<annotation source="BABELFY" anchor="turn" bfScore="0.8796090626388272" coherenceScore="0.21359223300970873">bn:00095246v</annotation>
		<annotation source="BABELFY" anchor="turn to" bfScore="1.0" coherenceScore="0.0048543689320388345">bn:00082332v</annotation>
		<annotation source="MCS" anchor="salvation" bfScore="--" coherenceScore="--">bn:00066712n</annotation>
		<annotation source="BABELFY" anchor="supply" bfScore="0.7894736842105263" coherenceScore="0.02912621359223301">bn:03251267n</annotation>
		<annotation source="MCS" anchor="Spirit" bfScore="--" coherenceScore="--">bn:00073430n</annotation>
		<annotation source="BABELFY" anchor="According" bfScore="1.0" coherenceScore="0.009708737864077669">bn:00082227v</annotation>
		<annotation source="BABELFY" anchor="earnest" bfScore="0.8323699421965318" coherenceScore="0.05825242718446602">bn:00099055a</annotation>
		<annotation source="MCS" anchor="expectation" bfScore="--" coherenceScore="--">bn:00032286n</annotation>
		<annotation source="MCS" anchor="hope" bfScore="--" coherenceScore="--">bn:00044736n</annotation>
		<annotation source="BABELFY" anchor="ashamed" bfScore="1.0" coherenceScore="0.24271844660194175">bn:00097581a</annotation>
		<annotation source="BABELFY" anchor="boldness" bfScore="0.97165991902834" coherenceScore="0.0970873786407767">bn:00011849n</annotation>
		<annotation source="BABELFY" anchor="magnified" bfScore="1.0" coherenceScore="0.0048543689320388345">bn:00082586v</annotation>
		<annotation source="MCS" anchor="body" bfScore="--" coherenceScore="--">bn:00011744n</annotation>
		<annotation source="MCS" anchor="life" bfScore="--" coherenceScore="--">bn:00051045n</annotation>
		<annotation source="BABELFY" anchor="death" bfScore="0.7049527626681935" coherenceScore="0.5533980582524272">bn:00025582n</annotation>
		<annotation source="BABELFY" anchor="live" bfScore="0.7707664884135472" coherenceScore="0.22330097087378642">bn:00090409v</annotation>
		<annotation source="MCS" anchor="die" bfScore="--" coherenceScore="--">bn:00084343v</annotation>
		<annotation source="MCS" anchor="gain" bfScore="--" coherenceScore="--">bn:00086652v</annotation>
		<annotation source="BABELFY" anchor="live in" bfScore="1.0" coherenceScore="0.024271844660194174">bn:00090411v</annotation>
		<annotation source="MCS" anchor="flesh" bfScore="--" coherenceScore="--">bn:00035182n</annotation>
		<annotation source="BABELFY" anchor="fruit" bfScore="0.9062098501070663" coherenceScore="0.22330097087378642">bn:00296835n</annotation>
		<annotation source="BABELFY" anchor="labour" bfScore="0.7089590885551528" coherenceScore="0.1796116504854369">bn:03052208n</annotation>
		<annotation source="BABELFY" anchor="choose" bfScore="0.782608695652174" coherenceScore="0.04854368932038835">bn:00084933v</annotation>
		<annotation source="MCS" anchor="wot" bfScore="--" coherenceScore="--">bn:13674669v</annotation>
		<annotation source="BABELFY" anchor="strait" bfScore="1.0" coherenceScore="0.0048543689320388345">bn:00072895n</annotation>
		<annotation source="MCS" anchor="desire" bfScore="--" coherenceScore="--">bn:00026550n</annotation>
		<annotation source="MCS" anchor="depart" bfScore="--" coherenceScore="--">bn:00086600v</annotation>
		<annotation source="MCS" anchor="better" bfScore="--" coherenceScore="--">bn:00103672a</annotation>
		<annotation source="BABELFY" anchor="abide" bfScore="0.9882352941176471" coherenceScore="0.20388349514563106">bn:00082138v</annotation>
		<annotation source="BABELFY" anchor="needful" bfScore="1.0" coherenceScore="0.009708737864077669">bn:00107194a</annotation>
		<annotation source="MCS" anchor="confidence" bfScore="--" coherenceScore="--">bn:00006565n</annotation>
		<annotation source="MCS" anchor="continue" bfScore="--" coherenceScore="--">bn:00085714v</annotation>
		<annotation source="BABELFY" anchor="faith" bfScore="0.8729574874442951" coherenceScore="0.8349514563106796">bn:00032768n</annotation>
		<annotation source="BABELFY" anchor="rejoicing" bfScore="0.9658491151816206" coherenceScore="0.24757281553398058">bn:00089996v</annotation>
		<annotation source="BABELFY" anchor="abundant" bfScore="0.813953488372093" coherenceScore="0.024271844660194174">bn:00096219a</annotation>
		<annotation source="BABELFY" anchor="coming" bfScore="0.7338972023422251" coherenceScore="0.22815533980582525">bn:00085319v</annotation>
		<annotation source="BABELFY" anchor="coming to" bfScore="0.9443786982248521" coherenceScore="0.18446601941747573">bn:00083240v</annotation>
		<annotation source="BABELFY" anchor="conversation" bfScore="0.9207836456558773" coherenceScore="0.22330097087378642">bn:01982567n</annotation>
		<annotation source="MCS" anchor="absent" bfScore="--" coherenceScore="--">bn:00096192a</annotation>
		<annotation source="BABELFY" anchor="hear" bfScore="0.9559322033898305" coherenceScore="0.22815533980582525">bn:00089279v</annotation>
		<annotation source="MCS" anchor="hear of" bfScore="--" coherenceScore="--">bn:13712849v</annotation>
		<annotation source="MCS" anchor="affairs" bfScore="--" coherenceScore="--">bn:00001734n</annotation>
		<annotation source="BABELFY" anchor="stand" bfScore="0.9" coherenceScore="0.20388349514563106">bn:00082138v</annotation>
		<annotation source="MCS" anchor="stand fast" bfScore="--" coherenceScore="--">bn:00089404v</annotation>
		<annotation source="BABELFY" anchor="fast" bfScore="1.0" coherenceScore="0.0048543689320388345">bn:00115336r</annotation>
		<annotation source="MCS" anchor="spirit" bfScore="--" coherenceScore="--">bn:00073430n</annotation>
		<annotation source="MCS" anchor="mind" bfScore="--" coherenceScore="--">bn:00012681n</annotation>
		<annotation source="BABELFY" anchor="striving" bfScore="0.8620689655172413" coherenceScore="0.024271844660194174">bn:00087615v</annotation>
		<annotation source="BABELFY" anchor="terrified" bfScore="1.0" coherenceScore="0.024271844660194174">bn:00094881v</annotation>
		<annotation source="BABELFY" anchor="adversaries" bfScore="0.9996492458786391" coherenceScore="0.24271844660194175">bn:00001582n</annotation>
		<annotation source="BABELFY" anchor="evident" bfScore="0.898876404494382" coherenceScore="0.038834951456310676">bn:00097350a</annotation>
		<annotation source="BABELFY" anchor="token" bfScore="0.9302752293577982" coherenceScore="0.18932038834951456">bn:00047732n</annotation>
		<annotation source="BABELFY" anchor="perdition" bfScore="1.0" coherenceScore="0.41262135922330095">bn:00043604n</annotation>
		<annotation source="BABELFY" anchor="given in" bfScore="0.984375" coherenceScore="0.03398058252427184">bn:00082190v</annotation>
		<annotation source="MCS" anchor="behalf" bfScore="--" coherenceScore="--">bn:00009652n</annotation>
		<annotation source="MCS" anchor="believe" bfScore="--" coherenceScore="--">bn:00083369v</annotation>
		<annotation source="MCS" anchor="suffer" bfScore="--" coherenceScore="--">bn:00087618v</annotation>
		<annotation source="MCS" anchor="sake" bfScore="--" coherenceScore="--">bn:00047078n</annotation>
		<annotation source="BABELFY" anchor="conflict" bfScore="0.7824486038662166" coherenceScore="0.24271844660194175">bn:00021766n</annotation>
	</annotations>
</paragraph>
<paragraph id="p.2">
	<text>
		If there be therefore any consolation in Christ , if any comfort of love , if any fellowship of the Spirit , if any bowels and mercies ,
		Fulfil ye my joy , that ye be likeminded , having the same love , being of one accord , of one mind .
		Let nothing be done through strife or vainglory ; but in lowliness of mind let each esteem other better than themselves .
		Look not every man on his own things , but every man also on the things of others .
		Let this mind be in you , which was also in Christ Jesus :
		Who , being in the form of God , thought it not robbery to be equal with God :
		But made himself of no reputation , and took upon him the form of a servant , and was made in the likeness of men :
		And being found in fashion as a man , he humbled himself , and became obedient unto death , even the death of the cross .
		Wherefore God also hath highly exalted him , and given him a name which is above every name :
		That at the name of Jesus every knee should bow , of things in heaven , and things in earth , and things under the earth ;
		And that every tongue should confess that Jesus Christ is Lord , to the glory of God the Father .
		Wherefore , my beloved , as ye have always obeyed , not as in my presence only , but now much more in my absence , work out your own salvation with fear and trembling .
		For it is God which worketh in you both to will and to do of his good pleasure .
		Do all things without murmurings and disputings :
		That ye may be blameless and harmless , the sons of God , without rebuke , in the midst of a crooked and perverse nation , among whom ye shine as lights in the world ;
		Holding forth the word of life ; that I may rejoice in the day of Christ , that I have not run in vain , neither laboured in vain .
		Yea , and if I be offered upon the sacrifice and service of your faith , I joy , and rejoice with you all .
		For the same cause also do ye joy , and rejoice with me .
		But I trust in the Lord Jesus to send Timotheus shortly unto you , that I also may be of good comfort , when I know your state .
		For I have no man likeminded , who will naturally care for your state .
		For all seek their own , not the things which are Jesus Christ&amp;apos;s .
		But ye know the proof of him , that , as a son with the father , he hath served with me in the gospel .
		Him therefore I hope to send presently , so soon as I shall see how it will go with me .
		But I trust in the Lord that I also myself shall come shortly .
		Yet I supposed it necessary to send to you Epaphroditus , my brother , and companion in labour , and fellowsoldier , but your messenger , and he that ministered to my wants .
		For he longed after you all , and was full of heaviness , because that ye had heard that he had been sick .
		For indeed he was sick nigh unto death : but God had mercy on him ; and not on him only , but on me also , lest I should have sorrow upon sorrow .
		I sent him therefore the more carefully , that , when ye see him again , ye may rejoice , and that I may be the less sorrowful .
		Receive him therefore in the Lord with all gladness ; and hold such in reputation :
		Because for the work of Christ he was nigh unto death , not regarding his life , to supply your lack of service toward me .
	</text>
	<annotations>
		<annotation source="BABELFY" anchor="consolation" bfScore="0.9974151857835218" coherenceScore="0.2692307692307692">bn:00022000n</annotation>
		<annotation source="BABELFY" anchor="Christ" bfScore="0.9630864010503459" coherenceScore="0.7032967032967034">bn:00018805n</annotation>
		<annotation source="MCS" anchor="comfort" bfScore="--" coherenceScore="--">bn:00020912n</annotation>
		<annotation source="BABELFY" anchor="love" bfScore="0.7674613232586499" coherenceScore="0.6483516483516484">bn:00052121n</annotation>
		<annotation source="MCS" anchor="fellowship" bfScore="--" coherenceScore="--">bn:00032897n</annotation>
		<annotation source="MCS" anchor="Spirit" bfScore="--" coherenceScore="--">bn:00073430n</annotation>
		<annotation source="MCS" anchor="bowels" bfScore="--" coherenceScore="--">bn:00012484n</annotation>
		<annotation source="MCS" anchor="mercies" bfScore="--" coherenceScore="--">bn:00019708n</annotation>
		<annotation source="MCS" anchor="joy" bfScore="--" coherenceScore="--">bn:00048468n</annotation>
		<annotation source="BABELFY" anchor="accord" bfScore="0.8138297872340425" coherenceScore="0.04945054945054945">bn:00000728n</annotation>
		<annotation source="MCS" anchor="mind" bfScore="--" coherenceScore="--">bn:00012681n</annotation>
		<annotation source="MCS" anchor="strife" bfScore="--" coherenceScore="--">bn:00027509n</annotation>
		<annotation source="BABELFY" anchor="vainglory" bfScore="0.9986068542769574" coherenceScore="0.3076923076923077">bn:00011673n</annotation>
		<annotation source="BABELFY" anchor="lowliness" bfScore="0.9649122807017544" coherenceScore="0.054945054945054944">bn:00052177n</annotation>
		<annotation source="MCS" anchor="esteem" bfScore="--" coherenceScore="--">bn:00087736v</annotation>
		<annotation source="MCS" anchor="better" bfScore="--" coherenceScore="--">bn:00103672a</annotation>
		<annotation source="MCS" anchor="Look" bfScore="--" coherenceScore="--">bn:00090448v</annotation>
		<annotation source="MCS" anchor="man" bfScore="--" coherenceScore="--">bn:00001533n</annotation>
		<annotation source="BABELFY" anchor="things" bfScore="0.9378627517924206" coherenceScore="0.22527472527472528">bn:00006125n</annotation>
		<annotation source="BABELFY" anchor="Christ Jesus" bfScore="1.0" coherenceScore="0.7087912087912088">bn:00018805n</annotation>
		<annotation source="BABELFY" anchor="Jesus" bfScore="0.801783245393753" coherenceScore="0.7032967032967034">bn:00018805n</annotation>
		<annotation source="MCS" anchor="form" bfScore="--" coherenceScore="--">bn:00026512n</annotation>
		<annotation source="MCS" anchor="thought" bfScore="--" coherenceScore="--">bn:00083370v</annotation>
		<annotation source="MCS" anchor="robbery" bfScore="--" coherenceScore="--">bn:00068014n</annotation>
		<annotation source="MCS" anchor="equal" bfScore="--" coherenceScore="--">bn:00102336a</annotation>
		<annotation source="BABELFY" anchor="reputation" bfScore="0.8055850123718629" coherenceScore="0.23626373626373626">bn:00067184n</annotation>
		<annotation source="BABELFY" anchor="servant" bfScore="0.8835616438356164" coherenceScore="0.23626373626373626">bn:00067423n</annotation>
		<annotation source="BABELFY" anchor="likeness" bfScore="0.9836233367451381" coherenceScore="0.17032967032967034">bn:00051183n</annotation>
		<annotation source="MCS" anchor="men" bfScore="--" coherenceScore="--">bn:00001533n</annotation>
		<annotation source="MCS" anchor="found" bfScore="--" coherenceScore="--">bn:00084231v</annotation>
		<annotation source="MCS" anchor="fashion" bfScore="--" coherenceScore="--">bn:00033729n</annotation>
		<annotation source="BABELFY" anchor="humbled" bfScore="0.968" coherenceScore="0.06043956043956044">bn:00082123v</annotation>
		<annotation source="BABELFY" anchor="obedient" bfScore="1.0" coherenceScore="0.03296703296703297">bn:00107668a</annotation>
		<annotation source="BABELFY" anchor="death" bfScore="0.7092545272747472" coherenceScore="0.5769230769230769">bn:00025582n</annotation>
		<annotation source="MCS" anchor="cross" bfScore="--" coherenceScore="--">bn:00023946n</annotation>
		<annotation source="BABELFY" anchor="highly" bfScore="0.9" coherenceScore="0.016483516483516484">bn:00115669r</annotation>
		<annotation source="MCS" anchor="exalted" bfScore="--" coherenceScore="--">bn:00087785v</annotation>
		<annotation source="BABELFY" anchor="name of Jesus" bfScore="1.0" coherenceScore="0.24725274725274726">bn:03792498n</annotation>
		<annotation source="BABELFY" anchor="knee" bfScore="0.7567567567567568" coherenceScore="0.13186813186813187">bn:00006140n</annotation>
		<annotation source="MCS" anchor="bow" bfScore="--" coherenceScore="--">bn:00083838v</annotation>
		<annotation source="MCS" anchor="heaven" bfScore="--" coherenceScore="--">bn:00029734n</annotation>
		<annotation source="BABELFY" anchor="earth" bfScore="0.8189801608922791" coherenceScore="0.554945054945055">bn:00029424n</annotation>
		<annotation source="MCS" anchor="tongue" bfScore="--" coherenceScore="--">bn:00019439n</annotation>
		<annotation source="BABELFY" anchor="confess" bfScore="0.9927066450567261" coherenceScore="0.19230769230769232">bn:00085576v</annotation>
		<annotation source="BABELFY" anchor="Jesus Christ" bfScore="0.9592505854800937" coherenceScore="0.7032967032967034">bn:00018805n</annotation>
		<annotation source="BABELFY" anchor="glory" bfScore="0.7831779408847451" coherenceScore="0.25824175824175827">bn:00007184n</annotation>
		<annotation source="BABELFY" anchor="glory of God" bfScore="1.0" coherenceScore="0.26373626373626374">bn:00007184n</annotation>
		<annotation source="BABELFY" anchor="God the Father" bfScore="1.0" coherenceScore="0.29120879120879123">bn:03137478n</annotation>
		<annotation source="MCS" anchor="Father" bfScore="--" coherenceScore="--">bn:00009616n</annotation>
		<annotation source="BABELFY" anchor="beloved" bfScore="1.0" coherenceScore="0.01098901098901099">bn:00098224a</annotation>
		<annotation source="BABELFY" anchor="obeyed" bfScore="0.9894179894179894" coherenceScore="0.1813186813186813">bn:00082139v</annotation>
		<annotation source="MCS" anchor="presence" bfScore="--" coherenceScore="--">bn:00064201n</annotation>
		<annotation source="MCS" anchor="absence" bfScore="--" coherenceScore="--">bn:00000427n</annotation>
		<annotation source="MCS" anchor="work" bfScore="--" coherenceScore="--">bn:00095812v</annotation>
		<annotation source="MCS" anchor="work out" bfScore="--" coherenceScore="--">bn:00095826v</annotation>
		<annotation source="MCS" anchor="salvation" bfScore="--" coherenceScore="--">bn:00066712n</annotation>
		<annotation source="BABELFY" anchor="fear" bfScore="0.7041355037395512" coherenceScore="0.3626373626373626">bn:00033854n</annotation>
		<annotation source="BABELFY" anchor="fear and trembling" bfScore="1.0" coherenceScore="0.24175824175824176">bn:01882726n</annotation>
		<annotation source="BABELFY" anchor="trembling" bfScore="1.0" coherenceScore="0.005494505494505495">bn:00095149v</annotation>
		<annotation source="MCS" anchor="good" bfScore="--" coherenceScore="--">bn:00103672a</annotation>
		<annotation source="MCS" anchor="pleasure" bfScore="--" coherenceScore="--">bn:00062972n</annotation>
		<annotation source="BABELFY" anchor="murmurings" bfScore="0.824390243902439" coherenceScore="0.07142857142857142">bn:00041999n</annotation>
		<annotation source="BABELFY" anchor="blameless" bfScore="1.0" coherenceScore="0.005494505494505495">bn:00098519a</annotation>
		<annotation source="BABELFY" anchor="harmless" bfScore="1.0" coherenceScore="0.04395604395604396">bn:00103975a</annotation>
		<annotation source="BABELFY" anchor="sons" bfScore="0.8912478336221837" coherenceScore="0.3626373626373626">bn:00051877n</annotation>
		<annotation source="BABELFY" anchor="sons of God" bfScore="1.0" coherenceScore="0.22527472527472528">bn:02160876n</annotation>
		<annotation source="BABELFY" anchor="rebuke" bfScore="0.9958549222797928" coherenceScore="0.17032967032967034">bn:16176234n</annotation>
		<annotation source="BABELFY" anchor="midst" bfScore="1.0" coherenceScore="0.027472527472527472">bn:00054889n</annotation>
		<annotation source="MCS" anchor="crooked" bfScore="--" coherenceScore="--">bn:00100684a</annotation>
		<annotation source="BABELFY" anchor="perverse" bfScore="0.9940828402366864" coherenceScore="0.06593406593406594">bn:00100400a</annotation>
		<annotation source="BABELFY" anchor="nation" bfScore="0.8461389086672276" coherenceScore="0.7087912087912088">bn:00023236n</annotation>
		<annotation source="MCS" anchor="shine" bfScore="--" coherenceScore="--">bn:00029903n</annotation>
		<annotation source="MCS" anchor="lights" bfScore="--" coherenceScore="--">bn:00051108n</annotation>
		<annotation source="MCS" anchor="world" bfScore="--" coherenceScore="--">bn:00022991n</annotation>
		<annotation source="MCS" anchor="Holding" bfScore="--" coherenceScore="--">bn:00089384v</annotation>
		<annotation source="MCS" anchor="word" bfScore="--" coherenceScore="--">bn:00081546n</annotation>
		<annotation source="MCS" anchor="life" bfScore="--" coherenceScore="--">bn:00051045n</annotation>
		<annotation source="BABELFY" anchor="rejoice" bfScore="0.8829721362229103" coherenceScore="0.25274725274725274">bn:00089996v</annotation>
		<annotation source="MCS" anchor="day" bfScore="--" coherenceScore="--">bn:00000086n</annotation>
		<annotation source="BABELFY" anchor="vain" bfScore="0.9615384615384616" coherenceScore="0.16483516483516483">bn:00100184a</annotation>
		<annotation source="MCS" anchor="laboured" bfScore="--" coherenceScore="--">bn:00086809v</annotation>
		<annotation source="BABELFY" anchor="Yea" bfScore="1.0" coherenceScore="0.03296703296703297">bn:00117651r</annotation>
		<annotation source="MCS" anchor="offered" bfScore="--" coherenceScore="--">bn:00091135v</annotation>
		<annotation source="BABELFY" anchor="sacrifice" bfScore="0.8678051865907653" coherenceScore="0.3076923076923077">bn:00067941n</annotation>
		<annotation source="MCS" anchor="service" bfScore="--" coherenceScore="--">bn:00070651n</annotation>
		<annotation source="BABELFY" anchor="faith" bfScore="0.908114915051652" coherenceScore="0.8626373626373627">bn:00032768n</annotation>
		<annotation source="BABELFY" anchor="joy" bfScore="0.9316455696202531" coherenceScore="0.25274725274725274">bn:00089996v</annotation>
		<annotation source="BABELFY" anchor="trust" bfScore="0.7585513078470825" coherenceScore="0.14285714285714285">bn:00086683v</annotation>
		<annotation source="BABELFY" anchor="Lord Jesus" bfScore="1.0" coherenceScore="0.7087912087912088">bn:00018805n</annotation>
		<annotation source="BABELFY" anchor="send" bfScore="0.8349900596421471" coherenceScore="0.19230769230769232">bn:00084807v</annotation>
		<annotation source="BABELFY" anchor="shortly" bfScore="0.9667519181585678" coherenceScore="0.14835164835164835">bn:00114513r</annotation>
		<annotation source="BABELFY" anchor="naturally" bfScore="0.9827586206896551" coherenceScore="0.0989010989010989">bn:00116323r</annotation>
		<annotation source="BABELFY" anchor="care" bfScore="0.7625954198473283" coherenceScore="0.14835164835164835">bn:00084526v</annotation>
		<annotation source="BABELFY" anchor="care for" bfScore="0.7575757575757576" coherenceScore="0.054945054945054944">bn:00084530v</annotation>
		<annotation source="MCS" anchor="seek" bfScore="--" coherenceScore="--">bn:00093452v</annotation>
		<annotation source="MCS" anchor="proof" bfScore="--" coherenceScore="--">bn:00020446n</annotation>
		<annotation source="BABELFY" anchor="son" bfScore="0.8964264962231261" coherenceScore="0.3626373626373626">bn:00051877n</annotation>
		<annotation source="MCS" anchor="father" bfScore="--" coherenceScore="--">bn:00009616n</annotation>
		<annotation source="MCS" anchor="served" bfScore="--" coherenceScore="--">bn:00088630v</annotation>
		<annotation source="MCS" anchor="gospel" bfScore="--" coherenceScore="--">bn:00031976n</annotation>
		<annotation source="MCS" anchor="hope" bfScore="--" coherenceScore="--">bn:00086683v</annotation>
		<annotation source="BABELFY" anchor="presently" bfScore="0.9986789960369881" coherenceScore="0.14835164835164835">bn:00114513r</annotation>
		<annotation source="MCS" anchor="supposed" bfScore="--" coherenceScore="--">bn:00093288v</annotation>
		<annotation source="MCS" anchor="necessary" bfScore="--" coherenceScore="--">bn:00107182a</annotation>
		<annotation source="MCS" anchor="brother" bfScore="--" coherenceScore="--">bn:00011357n</annotation>
		<annotation source="MCS" anchor="companion" bfScore="--" coherenceScore="--">bn:00006532n</annotation>
		<annotation source="MCS" anchor="labour" bfScore="--" coherenceScore="--">bn:00049570n</annotation>
		<annotation source="BABELFY" anchor="messenger" bfScore="0.7083333333333334" coherenceScore="0.09340659340659341">bn:02311096n</annotation>
		<annotation source="BABELFY" anchor="ministered" bfScore="0.952638700947226" coherenceScore="0.17582417582417584">bn:00090806v</annotation>
		<annotation source="BABELFY" anchor="wants" bfScore="0.9090457873185259" coherenceScore="0.3626373626373626">bn:00080435n</annotation>
		<annotation source="BABELFY" anchor="longed" bfScore="1.0" coherenceScore="0.07692307692307693">bn:00089198v</annotation>
		<annotation source="MCS" anchor="full" bfScore="--" coherenceScore="--">bn:00103391a</annotation>
		<annotation source="BABELFY" anchor="heaviness" bfScore="0.7263581488933601" coherenceScore="0.1043956043956044">bn:00043468n</annotation>
		<annotation source="BABELFY" anchor="heard" bfScore="0.9072426937738246" coherenceScore="0.18681318681318682">bn:00089279v</annotation>
		<annotation source="BABELFY" anchor="sick" bfScore="0.7858376511226253" coherenceScore="0.19230769230769232">bn:00098805a</annotation>
		<annotation source="MCS" anchor="mercy" bfScore="--" coherenceScore="--">bn:00019708n</annotation>
		<annotation source="MCS" anchor="sorrow" bfScore="--" coherenceScore="--">bn:00072854n</annotation>
		<annotation source="BABELFY" anchor="sent" bfScore="0.8349900596421471" coherenceScore="0.19230769230769232">bn:00084807v</annotation>
		<annotation source="BABELFY" anchor="carefully" bfScore="1.0" coherenceScore="0.038461538461538464">bn:00114672r</annotation>
		<annotation source="MCS" anchor="sorrowful" bfScore="--" coherenceScore="--">bn:00110928a</annotation>
		<annotation source="BABELFY" anchor="Receive" bfScore="0.7026768642447419" coherenceScore="0.19230769230769232">bn:00092494v</annotation>
		<annotation source="BABELFY" anchor="gladness" bfScore="1.0" coherenceScore="0.3626373626373626">bn:00040584n</annotation>
		<annotation source="MCS" anchor="hold" bfScore="--" coherenceScore="--">bn:00089384v</annotation>
		<annotation source="MCS" anchor="work" bfScore="--" coherenceScore="--">bn:00081568n</annotation>
		<annotation source="MCS" anchor="regarding" bfScore="--" coherenceScore="--">bn:00085647v</annotation>
		<annotation source="BABELFY" anchor="supply" bfScore="0.7043478260869566" coherenceScore="0.04945054945054945">bn:00089921v</annotation>
		<annotation source="MCS" anchor="lack" bfScore="--" coherenceScore="--">bn:00025913n</annotation>
	</annotations>
</paragraph>
<paragraph id="p.3">
	<text>
		Finally , my brethren , rejoice in the Lord . To write the same things to you , to me indeed is not grievous , but for you it is safe .
		Beware of dogs , beware of evil workers , beware of the concision .
		For we are the circumcision , which worship God in the spirit , and rejoice in Christ Jesus , and have no confidence in the flesh .
		Though I might also have confidence in the flesh . If any other man thinketh that he hath whereof he might trust in the flesh , I more :
		Circumcised the eighth day , of the stock of Israel , of the tribe of Benjamin , an Hebrew of the Hebrews ; as touching the law , a Pharisee ;
		Concerning zeal , persecuting the church ; touching the righteousness which is in the law , blameless .
		But what things were gain to me , those I counted loss for Christ .
		Yea doubtless , and I count all things but loss for the excellency of the knowledge of Christ Jesus my Lord : for whom I have suffered the loss of all things , and do count them but dung , that I may win Christ ,
		And be found in him , not having mine own righteousness , which is of the law , but that which is through the faith of Christ , the righteousness which is of God by faith :
		That I may know him , and the power of his resurrection , and the fellowship of his sufferings , being made conformable unto his death ;
		If by any means I might attain unto the resurrection of the dead .
		Not as though I had already attained , either were already perfect : but I follow after , if that I may apprehend that for which also I am apprehended of Christ Jesus .
		Brethren , I count not myself to have apprehended : but this one thing I do , forgetting those things which are behind , and reaching forth unto those things which are before ,
		I press toward the mark for the prize of the high calling of God in Christ Jesus .
		Let us therefore , as many as be perfect , be thus minded : and if in any thing ye be otherwise minded , God shall reveal even this unto you .
		Nevertheless , whereto we have already attained , let us walk by the same rule , let us mind the same thing .
		Brethren , be followers together of me , and mark them which walk so as ye have us for an ensample .
		( For many walk , of whom I have told you often , and now tell you even weeping , that they are the enemies of the cross of Christ :
		Whose end is destruction , whose God is their belly , and whose glory is in their shame , who mind earthly things . )
		For our conversation is in heaven ; from whence also we look for the Saviour , the Lord Jesus Christ :
		Who shall change our vile body , that it may be fashioned like unto his glorious body , according to the working whereby he is able even to subdue all things unto himself .
	</text>
	<annotations>
		<annotation source="BABELFY" anchor="Finally" bfScore="1.0" coherenceScore="0.005847953216374269">bn:00114417r</annotation>
		<annotation source="MCS" anchor="brethren" bfScore="--" coherenceScore="--">bn:00013012n</annotation>
		<annotation source="BABELFY" anchor="rejoice" bfScore="0.9870654810024252" coherenceScore="0.19298245614035087">bn:00089996v</annotation>
		<annotation source="BABELFY" anchor="rejoice in the Lord" bfScore="1.0" coherenceScore="0.14619883040935672">bn:01417856n</annotation>
		<annotation source="MCS" anchor="write" bfScore="--" coherenceScore="--">bn:00085489v</annotation>
		<annotation source="BABELFY" anchor="things" bfScore="0.9288389513108615" coherenceScore="0.18128654970760233">bn:00006125n</annotation>
		<annotation source="MCS" anchor="grievous" bfScore="--" coherenceScore="--">bn:00100896a</annotation>
		<annotation source="BABELFY" anchor="safe" bfScore="0.9259259259259259" coherenceScore="0.029239766081871343">bn:00110048a</annotation>
		<annotation source="BABELFY" anchor="Beware" bfScore="1.0" coherenceScore="0.011695906432748537">bn:00083463v</annotation>
		<annotation source="BABELFY" anchor="Beware of dogs" bfScore="0.9615384615384616" coherenceScore="0.029239766081871343">bn:01688516n</annotation>
		<annotation source="MCS" anchor="dogs" bfScore="--" coherenceScore="--">bn:00015267n</annotation>
		<annotation source="BABELFY" anchor="beware" bfScore="1.0" coherenceScore="0.011695906432748537">bn:00083463v</annotation>
		<annotation source="BABELFY" anchor="evil" bfScore="0.8556624722427831" coherenceScore="0.19883040935672514">bn:00102475a</annotation>
		<annotation source="MCS" anchor="workers" bfScore="--" coherenceScore="--">bn:00081593n</annotation>
		<annotation source="BABELFY" anchor="concision" bfScore="0.967741935483871" coherenceScore="0.029239766081871343">bn:00021582n</annotation>
		<annotation source="MCS" anchor="circumcision" bfScore="--" coherenceScore="--">bn:00019203n</annotation>
		<annotation source="MCS" anchor="worship" bfScore="--" coherenceScore="--">bn:00089322v</annotation>
		<annotation source="MCS" anchor="spirit" bfScore="--" coherenceScore="--">bn:00073430n</annotation>
		<annotation source="BABELFY" anchor="Christ" bfScore="0.9355027507901206" coherenceScore="0.6491228070175439">bn:00018805n</annotation>
		<annotation source="BABELFY" anchor="Christ Jesus" bfScore="1.0" coherenceScore="0.6549707602339181">bn:00018805n</annotation>
		<annotation source="BABELFY" anchor="Jesus" bfScore="0.7367941542866705" coherenceScore="0.6491228070175439">bn:00018805n</annotation>
		<annotation source="MCS" anchor="confidence" bfScore="--" coherenceScore="--">bn:00006565n</annotation>
		<annotation source="MCS" anchor="flesh" bfScore="--" coherenceScore="--">bn:00035182n</annotation>
		<annotation source="MCS" anchor="man" bfScore="--" coherenceScore="--">bn:00001533n</annotation>
		<annotation source="MCS" anchor="whereof" bfScore="--" coherenceScore="--">bn:13682926r</annotation>
		<annotation source="MCS" anchor="trust" bfScore="--" coherenceScore="--">bn:00083095v</annotation>
		<annotation source="BABELFY" anchor="Circumcised" bfScore="0.978494623655914" coherenceScore="0.2046783625730994">bn:00084994v</annotation>
		<annotation source="MCS" anchor="eighth" bfScore="--" coherenceScore="--">bn:00096089a</annotation>
		<annotation source="BABELFY" anchor="eighth day" bfScore="1.0" coherenceScore="0.27485380116959063">bn:00028190n</annotation>
		<annotation source="MCS" anchor="day" bfScore="--" coherenceScore="--">bn:00000086n</annotation>
		<annotation source="MCS" anchor="stock" bfScore="--" coherenceScore="--">bn:00074332n</annotation>
		<annotation source="BABELFY" anchor="Israel" bfScore="0.7503643556110764" coherenceScore="0.6198830409356725">bn:00047679n</annotation>
		<annotation source="MCS" anchor="tribe" bfScore="--" coherenceScore="--">bn:00035607n</annotation>
		<annotation source="BABELFY" anchor="tribe of Benjamin" bfScore="1.0" coherenceScore="0.21052631578947367">bn:02685837n</annotation>
		<annotation source="MCS" anchor="Benjamin" bfScore="--" coherenceScore="--">bn:00006220n</annotation>
		<annotation source="MCS" anchor="Hebrew" bfScore="--" coherenceScore="--">bn:00043491n</annotation>
		<annotation source="MCS" anchor="Hebrews" bfScore="--" coherenceScore="--">bn:00043491n</annotation>
		<annotation source="MCS" anchor="touching" bfScore="--" coherenceScore="--">bn:00095040v</annotation>
		<annotation source="MCS" anchor="law" bfScore="--" coherenceScore="--">bn:00048655n</annotation>
		<annotation source="BABELFY" anchor="Pharisee" bfScore="0.8469493278179938" coherenceScore="0.30409356725146197">bn:00061886n</annotation>
		<annotation source="MCS" anchor="Concerning" bfScore="--" coherenceScore="--">bn:00083240v</annotation>
		<annotation source="BABELFY" anchor="zeal" bfScore="0.8413284132841329" coherenceScore="0.2222222222222222">bn:00005509n</annotation>
		<annotation source="BABELFY" anchor="persecuting" bfScore="1.0" coherenceScore="0.15789473684210525">bn:00091182v</annotation>
		<annotation source="MCS" anchor="church" bfScore="--" coherenceScore="--">bn:00018819n</annotation>
		<annotation source="MCS" anchor="righteousness" bfScore="--" coherenceScore="--">bn:00067848n</annotation>
		<annotation source="BABELFY" anchor="blameless" bfScore="1.0" coherenceScore="0.017543859649122806">bn:00098519a</annotation>
		<annotation source="BABELFY" anchor="gain" bfScore="1.0" coherenceScore="0.017543859649122806">bn:00037023n</annotation>
		<annotation source="MCS" anchor="counted" bfScore="--" coherenceScore="--">bn:00085859v</annotation>
		<annotation source="MCS" anchor="loss" bfScore="--" coherenceScore="--">bn:00052050n</annotation>
		<annotation source="BABELFY" anchor="Yea" bfScore="1.0" coherenceScore="0.005847953216374269">bn:00117651r</annotation>
		<annotation source="BABELFY" anchor="doubtless" bfScore="1.0" coherenceScore="0.023391812865497075">bn:00115106r</annotation>
		<annotation source="MCS" anchor="count" bfScore="--" coherenceScore="--">bn:00085859v</annotation>
		<annotation source="BABELFY" anchor="excellency" bfScore="0.9949238578680203" coherenceScore="0.16374269005847952">bn:00032116n</annotation>
		<annotation source="BABELFY" anchor="knowledge" bfScore="0.7915007719184204" coherenceScore="0.5964912280701754">bn:00020452n</annotation>
		<annotation source="BABELFY" anchor="knowledge of Christ" bfScore="1.0" coherenceScore="0.23976608187134502">bn:02385872n</annotation>
		<annotation source="MCS" anchor="suffered" bfScore="--" coherenceScore="--">bn:00087618v</annotation>
		<annotation source="BABELFY" anchor="dung" bfScore="1.0" coherenceScore="0.011695906432748537">bn:00087430v</annotation>
		<annotation source="MCS" anchor="win" bfScore="--" coherenceScore="--">bn:00095777v</annotation>
		<annotation source="BABELFY" anchor="found" bfScore="0.7348345588235294" coherenceScore="0.22807017543859648">bn:00085393v</annotation>
		<annotation source="BABELFY" anchor="faith" bfScore="0.896930215955738" coherenceScore="0.8070175438596491">bn:00032768n</annotation>
		<annotation source="MCS" anchor="power" bfScore="--" coherenceScore="--">bn:00063940n</annotation>
		<annotation source="BABELFY" anchor="resurrection" bfScore="0.7507476324970925" coherenceScore="0.43859649122807015">bn:00018809n</annotation>
		<annotation source="MCS" anchor="fellowship" bfScore="--" coherenceScore="--">bn:00032897n</annotation>
		<annotation source="MCS" anchor="sufferings" bfScore="--" coherenceScore="--">bn:00002072n</annotation>
		<annotation source="MCS" anchor="conformable" bfScore="--" coherenceScore="--">bn:00100244a</annotation>
		<annotation source="MCS" anchor="death" bfScore="--" coherenceScore="--">bn:00025582n</annotation>
		<annotation source="MCS" anchor="means" bfScore="--" coherenceScore="--">bn:00054001n</annotation>
		<annotation source="MCS" anchor="attain" bfScore="--" coherenceScore="--">bn:00082226v</annotation>
		<annotation source="BABELFY" anchor="resurrection of the dead" bfScore="1.0" coherenceScore="0.26900584795321636">bn:03553388n</annotation>
		<annotation source="MCS" anchor="dead" bfScore="--" coherenceScore="--">bn:00025500n</annotation>
		<annotation source="MCS" anchor="attained" bfScore="--" coherenceScore="--">bn:00082226v</annotation>
		<annotation source="MCS" anchor="perfect" bfScore="--" coherenceScore="--">bn:00108442a</annotation>
		<annotation source="BABELFY" anchor="follow" bfScore="0.8188041989958923" coherenceScore="0.22807017543859648">bn:00082139v</annotation>
		<annotation source="MCS" anchor="apprehend" bfScore="--" coherenceScore="--">bn:00082727v</annotation>
		<annotation source="MCS" anchor="apprehended" bfScore="--" coherenceScore="--">bn:00082727v</annotation>
		<annotation source="MCS" anchor="Brethren" bfScore="--" coherenceScore="--">bn:00013012n</annotation>
		<annotation source="BABELFY" anchor="forgetting" bfScore="0.8719723183391004" coherenceScore="0.08187134502923976">bn:00084302v</annotation>
		<annotation source="MCS" anchor="reaching" bfScore="--" coherenceScore="--">bn:00082790v</annotation>
		<annotation source="BABELFY" anchor="press" bfScore="0.8454011741682974" coherenceScore="0.21052631578947367">bn:00082468v</annotation>
		<annotation source="MCS" anchor="mark" bfScore="--" coherenceScore="--">bn:00041241n</annotation>
		<annotation source="MCS" anchor="prize" bfScore="--" coherenceScore="--">bn:00064497n</annotation>
		<annotation source="BABELFY" anchor="high" bfScore="0.8996598639455783" coherenceScore="0.13450292397660818">bn:00102158a</annotation>
		<annotation source="BABELFY" anchor="calling" bfScore="0.9991426121749071" coherenceScore="0.26900584795321636">bn:00014839n</annotation>
		<annotation source="BABELFY" anchor="minded" bfScore="0.8259887005649718" coherenceScore="0.19883040935672514">bn:00090794v</annotation>
		<annotation source="BABELFY" anchor="reveal" bfScore="0.897367417016406" coherenceScore="0.24561403508771928">bn:00092981v</annotation>
		<annotation source="MCS" anchor="walk" bfScore="--" coherenceScore="--">bn:00095597v</annotation>
		<annotation source="MCS" anchor="rule" bfScore="--" coherenceScore="--">bn:00066933n</annotation>
		<annotation source="BABELFY" anchor="mind" bfScore="0.8259887005649718" coherenceScore="0.19883040935672514">bn:00090794v</annotation>
		<annotation source="MCS" anchor="followers" bfScore="--" coherenceScore="--">bn:00035629n</annotation>
		<annotation source="MCS" anchor="mark" bfScore="--" coherenceScore="--">bn:00090151v</annotation>
		<annotation source="MCS" anchor="ensample" bfScore="--" coherenceScore="--">bn:13739922n</annotation>
		<annotation source="MCS" anchor="walk" bfScore="--" coherenceScore="--">bn:00080357n</annotation>
		<annotation source="BABELFY" anchor="told" bfScore="0.7510668563300142" coherenceScore="0.1871345029239766">bn:00087644v</annotation>
		<annotation source="BABELFY" anchor="tell" bfScore="0.7510668563300142" coherenceScore="0.1871345029239766">bn:00087644v</annotation>
		<annotation source="BABELFY" anchor="weeping" bfScore="0.9523809523809523" coherenceScore="0.023391812865497075">bn:00101677a</annotation>
		<annotation source="MCS" anchor="enemies" bfScore="--" coherenceScore="--">bn:00030814n</annotation>
		<annotation source="MCS" anchor="cross" bfScore="--" coherenceScore="--">bn:00023946n</annotation>
		<annotation source="BABELFY" anchor="end" bfScore="0.8618581907090465" coherenceScore="0.27485380116959063">bn:00030721n</annotation>
		<annotation source="MCS" anchor="destruction" bfScore="--" coherenceScore="--">bn:00026610n</annotation>
		<annotation source="MCS" anchor="belly" bfScore="--" coherenceScore="--">bn:00000249n</annotation>
		<annotation source="BABELFY" anchor="glory" bfScore="0.8342627704662057" coherenceScore="0.2573099415204678">bn:00007184n</annotation>
		<annotation source="BABELFY" anchor="glory is" bfScore="1.0" coherenceScore="0.24561403508771928">bn:03204230n</annotation>
		<annotation source="BABELFY" anchor="shame" bfScore="0.8795860771401693" coherenceScore="0.2982456140350877">bn:00027566n</annotation>
		<annotation source="BABELFY" anchor="earthly" bfScore="1.0" coherenceScore="0.2222222222222222">bn:00101953a</annotation>
		<annotation source="BABELFY" anchor="conversation" bfScore="0.8758782201405152" coherenceScore="0.19298245614035087">bn:01982567n</annotation>
		<annotation source="MCS" anchor="heaven" bfScore="--" coherenceScore="--">bn:00029734n</annotation>
		<annotation source="MCS" anchor="look" bfScore="--" coherenceScore="--">bn:00090448v</annotation>
		<annotation source="BABELFY" anchor="look for" bfScore="0.8279569892473119" coherenceScore="0.04093567251461988">bn:00082669v</annotation>
		<annotation source="BABELFY" anchor="Saviour" bfScore="0.9582429113109007" coherenceScore="0.6491228070175439">bn:00018805n</annotation>
		<annotation source="BABELFY" anchor="Lord Jesus" bfScore="1.0" coherenceScore="0.6549707602339181">bn:00018805n</annotation>
		<annotation source="BABELFY" anchor="Lord Jesus Christ" bfScore="1.0" coherenceScore="0.6549707602339181">bn:00018805n</annotation>
		<annotation source="BABELFY" anchor="Jesus Christ" bfScore="0.9316670541734481" coherenceScore="0.6491228070175439">bn:00018805n</annotation>
		<annotation source="MCS" anchor="change" bfScore="--" coherenceScore="--">bn:00082553v</annotation>
		<annotation source="BABELFY" anchor="vile" bfScore="0.7894736842105263" coherenceScore="0.017543859649122806">bn:00101247a</annotation>
		<annotation source="MCS" anchor="body" bfScore="--" coherenceScore="--">bn:00011744n</annotation>
		<annotation source="MCS" anchor="fashioned" bfScore="--" coherenceScore="--">bn:00088048v</annotation>
		<annotation source="BABELFY" anchor="glorious" bfScore="0.9545454545454546" coherenceScore="0.03508771929824561">bn:00103627a</annotation>
		<annotation source="BABELFY" anchor="according" bfScore="0.9696969696969697" coherenceScore="0.04678362573099415">bn:00082228v</annotation>
		<annotation source="BABELFY" anchor="working" bfScore="1.0" coherenceScore="0.017543859649122806">bn:03264056n</annotation>
		<annotation source="BABELFY" anchor="able" bfScore="0.8994197292069632" coherenceScore="0.17543859649122806">bn:00096151a</annotation>
		<annotation source="BABELFY" anchor="subdue" bfScore="0.7484599589322382" coherenceScore="0.15789473684210525">bn:00086099v</annotation>
	</annotations>
</paragraph>
<paragraph id="p.4">
	<text>
		Therefore , my brethren dearly beloved and longed for , my joy and crown , so stand fast in the Lord , my dearly beloved .
		I beseech Euodias , and beseech Syntyche , that they be of the same mind in the Lord .
		And I intreat thee also , true yokefellow , help those women which laboured with me in the gospel , with Clement also , and with other my fellowlabourers , whose names are in the book of life .
		Rejoice in the Lord alway : and again I say , Rejoice .
		Let your moderation be known unto all men . The Lord is at hand .
		Be careful for nothing ; but in every thing by prayer and supplication with thanksgiving let your requests be made known unto God .
		And the peace of God , which passeth all understanding , shall keep your hearts and minds through Christ Jesus .
		Finally , brethren , whatsoever things are true , whatsoever things are honest , whatsoever things are just , whatsoever things are pure , whatsoever things are lovely , whatsoever things are of good report ; if there be any virtue , and if there be any praise , think on these things .
		Those things , which ye have both learned , and received , and heard , and seen in me , do : and the God of peace shall be with you .
		But I rejoiced in the Lord greatly , that now at the last your care of me hath flourished again ; wherein ye were also careful , but ye lacked opportunity .
		Not that I speak in respect of want : for I have learned , in whatsoever state I am , therewith to be content .
		I know both how to be abased , and I know how to abound : every where and in all things I am instructed both to be full and to be hungry , both to abound and to suffer need .
		I can do all things through Christ which strengtheneth me .
		Notwithstanding ye have well done , that ye did communicate with my affliction .
		Now ye Philippians know also , that in the beginning of the gospel , when I departed from Macedonia , no church communicated with me as concerning giving and receiving , but ye only .
		For even in Thessalonica ye sent once and again unto my necessity .
		Not because I desire a gift : but I desire fruit that may abound to your account .
		But I have all , and abound : I am full , having received of Epaphroditus the things which were sent from you , an odour of a sweet smell , a sacrifice acceptable , wellpleasing to God .
		But my God shall supply all your need according to his riches in glory by Christ Jesus .
		Now unto God and our Father be glory for ever and ever . Amen .
		Salute every saint in Christ Jesus . The brethren which are with me greet you .
		All the saints salute you , chiefly they that are of Caesar&amp;apos;s household .
		The grace of our Lord Jesus Christ be with you all . Amen .
	</text>
	<annotations>
		<annotation source="MCS" anchor="brethren" bfScore="--" coherenceScore="--">bn:00013012n</annotation>
		<annotation source="BABELFY" anchor="dearly" bfScore="0.9817131857555341" coherenceScore="0.17341040462427745">bn:00114159r</annotation>
		<annotation source="BABELFY" anchor="beloved" bfScore="1.0" coherenceScore="0.017341040462427744">bn:00098224a</annotation>
		<annotation source="BABELFY" anchor="longed" bfScore="1.0" coherenceScore="0.04046242774566474">bn:00089198v</annotation>
		<annotation source="MCS" anchor="longed for" bfScore="--" coherenceScore="--">bn:13710964v</annotation>
		<annotation source="MCS" anchor="joy" bfScore="--" coherenceScore="--">bn:00048468n</annotation>
		<annotation source="MCS" anchor="crown" bfScore="--" coherenceScore="--">bn:00024069n</annotation>
		<annotation source="BABELFY" anchor="stand" bfScore="0.9164222873900293" coherenceScore="0.14450867052023122">bn:00082138v</annotation>
		<annotation source="MCS" anchor="stand fast" bfScore="--" coherenceScore="--">bn:00089404v</annotation>
		<annotation source="BABELFY" anchor="fast" bfScore="1.0" coherenceScore="0.005780346820809248">bn:00115335r</annotation>
		<annotation source="BABELFY" anchor="beseech" bfScore="1.0" coherenceScore="0.017341040462427744">bn:00082355v</annotation>
		<annotation source="BABELFY" anchor="Euodias" bfScore="1.0" coherenceScore="0.21965317919075145">bn:01846881n</annotation>
		<annotation source="BABELFY" anchor="Syntyche" bfScore="1.0" coherenceScore="0.21965317919075145">bn:01846881n</annotation>
		<annotation source="BABELFY" anchor="mind" bfScore="0.7106561871687077" coherenceScore="0.5202312138728323">bn:00012681n</annotation>
		<annotation source="MCS" anchor="intreat" bfScore="--" coherenceScore="--">bn:13740965v</annotation>
		<annotation source="MCS" anchor="true" bfScore="--" coherenceScore="--">bn:00112146a</annotation>
		<annotation source="MCS" anchor="yokefellow" bfScore="--" coherenceScore="--">bn:13738620n</annotation>
		<annotation source="MCS" anchor="help" bfScore="--" coherenceScore="--">bn:00082481v</annotation>
		<annotation source="BABELFY" anchor="women" bfScore="0.9083585095669687" coherenceScore="0.44508670520231214">bn:00001530n</annotation>
		<annotation source="MCS" anchor="laboured" bfScore="--" coherenceScore="--">bn:00086809v</annotation>
		<annotation source="MCS" anchor="gospel" bfScore="--" coherenceScore="--">bn:00031976n</annotation>
		<annotation source="BABELFY" anchor="Clement" bfScore="0.9383281137075403" coherenceScore="0.23699421965317918">bn:03602013n</annotation>
		<annotation source="BABELFY" anchor="names" bfScore="0.7320692497938994" coherenceScore="0.2138728323699422">bn:00056758n</annotation>
		<annotation source="MCS" anchor="book" bfScore="--" coherenceScore="--">bn:00012059n</annotation>
		<annotation source="BABELFY" anchor="book of life" bfScore="0.7548566142460684" coherenceScore="0.19653179190751446">bn:02865982n</annotation>
		<annotation source="MCS" anchor="life" bfScore="--" coherenceScore="--">bn:00051045n</annotation>
		<annotation source="BABELFY" anchor="Rejoice" bfScore="0.9486652977412731" coherenceScore="0.16184971098265896">bn:00089996v</annotation>
		<annotation source="BABELFY" anchor="Rejoice in the Lord" bfScore="1.0" coherenceScore="0.10404624277456648">bn:01417856n</annotation>
		<annotation source="BABELFY" anchor="Rejoice" bfScore="0.8458646616541353" coherenceScore="0.08670520231213873">bn:03463481n</annotation>
		<annotation source="BABELFY" anchor="moderation" bfScore="0.7349006890960681" coherenceScore="0.2138728323699422">bn:00055459n</annotation>
		<annotation source="MCS" anchor="known" bfScore="--" coherenceScore="--">bn:00085261v</annotation>
		<annotation source="BABELFY" anchor="men" bfScore="0.7067008" coherenceScore="0.791907514450867">bn:00044576n</annotation>
		<annotation source="MCS" anchor="hand" bfScore="--" coherenceScore="--">bn:00042759n</annotation>
		<annotation source="MCS" anchor="careful" bfScore="--" coherenceScore="--">bn:00099268a</annotation>
		<annotation source="MCS" anchor="prayer" bfScore="--" coherenceScore="--">bn:00064038n</annotation>
		<annotation source="MCS" anchor="supplication" bfScore="--" coherenceScore="--">bn:00047378n</annotation>
		<annotation source="MCS" anchor="thanksgiving" bfScore="--" coherenceScore="--">bn:00076770n</annotation>
		<annotation source="MCS" anchor="requests" bfScore="--" coherenceScore="--">bn:00061826n</annotation>
		<annotation source="MCS" anchor="peace" bfScore="--" coherenceScore="--">bn:00061149n</annotation>
		<annotation source="MCS" anchor="understanding" bfScore="--" coherenceScore="--">bn:00005134n</annotation>
		<annotation source="MCS" anchor="keep" bfScore="--" coherenceScore="--">bn:00089384v</annotation>
		<annotation source="MCS" anchor="hearts" bfScore="--" coherenceScore="--">bn:00012289n</annotation>
		<annotation source="BABELFY" anchor="hearts and minds" bfScore="0.9" coherenceScore="0.017341040462427744">bn:15474967n</annotation>
		<annotation source="BABELFY" anchor="minds" bfScore="0.7106561871687077" coherenceScore="0.5202312138728323">bn:00012681n</annotation>
		<annotation source="BABELFY" anchor="Christ" bfScore="0.9654861267764494" coherenceScore="0.6184971098265896">bn:00018805n</annotation>
		<annotation source="BABELFY" anchor="Christ Jesus" bfScore="1.0" coherenceScore="0.6242774566473989">bn:00018805n</annotation>
		<annotation source="BABELFY" anchor="Jesus" bfScore="0.8250269222485462" coherenceScore="0.6184971098265896">bn:00018805n</annotation>
		<annotation source="BABELFY" anchor="Finally" bfScore="1.0" coherenceScore="0.005780346820809248">bn:00115252r</annotation>
		<annotation source="BABELFY" anchor="things" bfScore="0.858684985279686" coherenceScore="0.14450867052023122">bn:00006125n</annotation>
		<annotation source="BABELFY" anchor="whatsoever" bfScore="1.0" coherenceScore="0.011560693641618497">bn:00097285a</annotation>
		<annotation source="MCS" anchor="honest" bfScore="--" coherenceScore="--">bn:00104302a</annotation>
		<annotation source="MCS" anchor="pure" bfScore="--" coherenceScore="--">bn:00109244a</annotation>
		<annotation source="BABELFY" anchor="lovely" bfScore="0.8064516129032258" coherenceScore="0.028901734104046242">bn:00106201a</annotation>
		<annotation source="MCS" anchor="good" bfScore="--" coherenceScore="--">bn:00103672a</annotation>
		<annotation source="MCS" anchor="report" bfScore="--" coherenceScore="--">bn:00067181n</annotation>
		<annotation source="MCS" anchor="virtue" bfScore="--" coherenceScore="--">bn:00055848n</annotation>
		<annotation source="MCS" anchor="praise" bfScore="--" coherenceScore="--">bn:00021834n</annotation>
		<annotation source="MCS" anchor="think" bfScore="--" coherenceScore="--">bn:00083370v</annotation>
		<annotation source="MCS" anchor="think on" bfScore="--" coherenceScore="--">bn:13660737v</annotation>
		<annotation source="BABELFY" anchor="learned" bfScore="0.7470101195952162" coherenceScore="0.16184971098265896">bn:00089791v</annotation>
		<annotation source="BABELFY" anchor="received" bfScore="0.7608695652173914" coherenceScore="0.2023121387283237">bn:00092494v</annotation>
		<annotation source="BABELFY" anchor="heard" bfScore="0.8513881328252586" coherenceScore="0.19653179190751446">bn:00089279v</annotation>
		<annotation source="BABELFY" anchor="rejoiced" bfScore="0.9486652977412731" coherenceScore="0.16184971098265896">bn:00089996v</annotation>
		<annotation source="BABELFY" anchor="greatly" bfScore="1.0" coherenceScore="0.005780346820809248">bn:00115553r</annotation>
		<annotation source="MCS" anchor="care" bfScore="--" coherenceScore="--">bn:00002157n</annotation>
		<annotation source="BABELFY" anchor="care of" bfScore="1.0" coherenceScore="0.005780346820809248">bn:15470952n</annotation>
		<annotation source="BABELFY" anchor="flourished" bfScore="1.0" coherenceScore="0.005780346820809248">bn:00083885v</annotation>
		<annotation source="BABELFY" anchor="lacked" bfScore="1.0" coherenceScore="0.057803468208092484">bn:00090161v</annotation>
		<annotation source="MCS" anchor="opportunity" bfScore="--" coherenceScore="--">bn:00017621n</annotation>
		<annotation source="MCS" anchor="speak" bfScore="--" coherenceScore="--">bn:00090943v</annotation>
		<annotation source="MCS" anchor="respect" bfScore="--" coherenceScore="--">bn:00066865n</annotation>
		<annotation source="BABELFY" anchor="therewith" bfScore="1.0" coherenceScore="0.03468208092485549">bn:00117270r</annotation>
		<annotation source="BABELFY" anchor="content" bfScore="1.0" coherenceScore="0.03468208092485549">bn:00100364a</annotation>
		<annotation source="BABELFY" anchor="abased" bfScore="1.0" coherenceScore="0.011560693641618497">bn:00082123v</annotation>
		<annotation source="MCS" anchor="abound" bfScore="--" coherenceScore="--">bn:00082152v</annotation>
		<annotation source="BABELFY" anchor="instructed" bfScore="0.9806763285024155" coherenceScore="0.16184971098265896">bn:00089791v</annotation>
		<annotation source="MCS" anchor="full" bfScore="--" coherenceScore="--">bn:00103391a</annotation>
		<annotation source="BABELFY" anchor="hungry" bfScore="0.8372093023255814" coherenceScore="0.10404624277456648">bn:00097690a</annotation>
		<annotation source="MCS" anchor="suffer" bfScore="--" coherenceScore="--">bn:00087618v</annotation>
		<annotation source="MCS" anchor="need" bfScore="--" coherenceScore="--">bn:00026107n</annotation>
		<annotation source="MCS" anchor="communicate" bfScore="--" coherenceScore="--">bn:00085435v</annotation>
		<annotation source="MCS" anchor="affliction" bfScore="--" coherenceScore="--">bn:00001782n</annotation>
		<annotation source="BABELFY" anchor="Philippians" bfScore="1.0" coherenceScore="0.2543352601156069">bn:00031245n</annotation>
		<annotation source="BABELFY" anchor="beginning" bfScore="0.8" coherenceScore="0.011560693641618497">bn:00009636n</annotation>
		<annotation source="MCS" anchor="departed" bfScore="--" coherenceScore="--">bn:00086600v</annotation>
		<annotation source="MCS" anchor="church" bfScore="--" coherenceScore="--">bn:00018819n</annotation>
		<annotation source="MCS" anchor="communicated" bfScore="--" coherenceScore="--">bn:00085435v</annotation>
		<annotation source="MCS" anchor="concerning" bfScore="--" coherenceScore="--">bn:00083240v</annotation>
		<annotation source="BABELFY" anchor="receiving" bfScore="0.7871640153592978" coherenceScore="0.2023121387283237">bn:00092494v</annotation>
		<annotation source="BABELFY" anchor="Thessalonica" bfScore="0.9840546697038725" coherenceScore="0.13872832369942195">bn:00068981n</annotation>
		<annotation source="BABELFY" anchor="sent" bfScore="0.9878419452887538" coherenceScore="0.14450867052023122">bn:00084807v</annotation>
		<annotation source="MCS" anchor="necessity" bfScore="--" coherenceScore="--">bn:00057131n</annotation>
		<annotation source="MCS" anchor="desire" bfScore="--" coherenceScore="--">bn:00086682v</annotation>
		<annotation source="MCS" anchor="gift" bfScore="--" coherenceScore="--">bn:00040436n</annotation>
		<annotation source="BABELFY" anchor="fruit" bfScore="0.700507614213198" coherenceScore="0.1329479768786127">bn:00296835n</annotation>
		<annotation source="MCS" anchor="account" bfScore="--" coherenceScore="--">bn:00000738n</annotation>
		<annotation source="BABELFY" anchor="odour" bfScore="0.9703459637561779" coherenceScore="0.10982658959537572">bn:00058653n</annotation>
		<annotation source="BABELFY" anchor="sweet" bfScore="0.8614457831325302" coherenceScore="0.1907514450867052">bn:00097092a</annotation>
		<annotation source="MCS" anchor="smell" bfScore="--" coherenceScore="--">bn:00058653n</annotation>
		<annotation source="BABELFY" anchor="sacrifice" bfScore="0.8661754855994641" coherenceScore="0.3063583815028902">bn:00067941n</annotation>
		<annotation source="BABELFY" anchor="acceptable" bfScore="0.8823529411764706" coherenceScore="0.017341040462427744">bn:00096248a</annotation>
		<annotation source="MCS" anchor="supply" bfScore="--" coherenceScore="--">bn:00088643v</annotation>
		<annotation source="MCS" anchor="according" bfScore="--" coherenceScore="--">bn:00082227v</annotation>
		<annotation source="BABELFY" anchor="riches" bfScore="0.9282164549972391" coherenceScore="0.23699421965317918">bn:00067724n</annotation>
		<annotation source="BABELFY" anchor="glory" bfScore="0.8277404921700223" coherenceScore="0.2138728323699422">bn:00007184n</annotation>
		<annotation source="MCS" anchor="Father" bfScore="--" coherenceScore="--">bn:00009616n</annotation>
		<annotation source="BABELFY" anchor="Amen" bfScore="0.8506113769271664" coherenceScore="0.23121387283236994">bn:00003325n</annotation>
		<annotation source="MCS" anchor="Salute" bfScore="--" coherenceScore="--">bn:00087322v</annotation>
		<annotation source="BABELFY" anchor="saint" bfScore="0.7374816677142259" coherenceScore="0.3468208092485549">bn:00068856n</annotation>
		<annotation source="BABELFY" anchor="greet" bfScore="0.7777777777777778" coherenceScore="0.16184971098265896">bn:00089039v</annotation>
		<annotation source="BABELFY" anchor="saints" bfScore="0.7352736387689737" coherenceScore="0.3468208092485549">bn:00068856n</annotation>
		<annotation source="MCS" anchor="salute" bfScore="--" coherenceScore="--">bn:00087322v</annotation>
		<annotation source="BABELFY" anchor="chiefly" bfScore="1.0" coherenceScore="0.005780346820809248">bn:00114714r</annotation>
		<annotation source="BABELFY" anchor="household" bfScore="1.0" coherenceScore="0.10404624277456648">bn:00032892n</annotation>
		<annotation source="MCS" anchor="grace" bfScore="--" coherenceScore="--">bn:00041221n</annotation>
		<annotation source="BABELFY" anchor="Lord Jesus" bfScore="1.0" coherenceScore="0.6242774566473989">bn:00018805n</annotation>
		<annotation source="BABELFY" anchor="Lord Jesus Christ" bfScore="1.0" coherenceScore="0.6242774566473989">bn:00018805n</annotation>
		<annotation source="BABELFY" anchor="Jesus Christ" bfScore="0.9567058823529412" coherenceScore="0.6184971098265896">bn:00018805n</annotation>
	</annotations>
</paragraph>
</dataset>
