<?xml version="1.0" encoding="utf-8"?>
<dataset language="EN" title="PHM">
<paragraph id="p.1">
	<text>
		Paul , a prisoner of Jesus Christ , and Timothy our brother , unto Philemon our dearly beloved , and fellowlabourer ,
		And to our beloved Apphia , and Archippus our fellowsoldier , and to the church in thy house :
		Grace to you , and peace , from God our Father and the Lord Jesus Christ .
		I thank my God , making mention of thee always in my prayers ,
		Hearing of thy love and faith , which thou hast toward the Lord Jesus , and toward all saints ;
		That the communication of thy faith may become effectual by the acknowledging of every good thing which is in you in Christ Jesus .
		For we have great joy and consolation in thy love , because the bowels of the saints are refreshed by thee , brother .
		Wherefore , though I might be much bold in Christ to enjoin thee that which is convenient ,
		Yet for love&amp;apos;s sake I rather beseech thee , being such an one as Paul the aged , and now also a prisoner of Jesus Christ .
		I beseech thee for my son Onesimus , whom I have begotten in my bonds :
		Which in time past was to thee unprofitable , but now profitable to thee and to me :
		Whom I have sent again : thou therefore receive him , that is , mine own bowels :
		Whom I would have retained with me , that in thy stead he might have ministered unto me in the bonds of the gospel :
		But without thy mind would I do nothing ; that thy benefit should not be as it were of necessity , but willingly .
		For perhaps he therefore departed for a season , that thou shouldest receive him for ever ;
		Not now as a servant , but above a servant , a brother beloved , specially to me , but how much more unto thee , both in the flesh , and in the Lord ?
		If thou count me therefore a partner , receive him as myself .
		If he hath wronged thee , or oweth thee ought , put that on mine account ;
		I Paul have written it with mine own hand , I will repay it : albeit I do not say to thee how thou owest unto me even thine own self besides .
		Yea , brother , let me have joy of thee in the Lord : refresh my bowels in the Lord .
		Having confidence in thy obedience I wrote unto thee , knowing that thou wilt also do more than I say .
		But withal prepare me also a lodging : for I trust that through your prayers I shall be given unto you .
		There salute thee Epaphras , my fellowprisoner in Christ Jesus ;
		Marcus , Aristarchus , Demas , Lucas , my fellowlabourers .
		The grace of our Lord Jesus Christ be with your spirit . Amen .
	</text>
	<annotations>
		<annotation source="BABELFY" anchor="Paul" bfScore="0.8536355475763017" coherenceScore="0.5620437956204379">bn:00004984n</annotation>
		<annotation source="MCS" anchor="prisoner" bfScore="--" coherenceScore="--">bn:00015767n</annotation>
		<annotation source="BABELFY" anchor="Jesus" bfScore="0.7127670838362662" coherenceScore="0.708029197080292">bn:00018805n</annotation>
		<annotation source="BABELFY" anchor="Jesus Christ" bfScore="0.9330245814036338" coherenceScore="0.708029197080292">bn:00018805n</annotation>
		<annotation source="BABELFY" anchor="Christ" bfScore="0.9405474290780141" coherenceScore="0.708029197080292">bn:00018805n</annotation>
		<annotation source="MCS" anchor="Timothy" bfScore="--" coherenceScore="--">bn:00043804n</annotation>
		<annotation source="MCS" anchor="brother" bfScore="--" coherenceScore="--">bn:00011357n</annotation>
		<annotation source="BABELFY" anchor="dearly" bfScore="1.0" coherenceScore="0.26277372262773724">bn:00114159r</annotation>
		<annotation source="BABELFY" anchor="beloved" bfScore="1.0" coherenceScore="0.0364963503649635">bn:00098224a</annotation>
		<annotation source="BABELFY" anchor="Apphia" bfScore="1.0" coherenceScore="0.34306569343065696">bn:03151087n</annotation>
		<annotation source="BABELFY" anchor="Archippus" bfScore="0.7345915659097612" coherenceScore="0.34306569343065696">bn:03453748n</annotation>
		<annotation source="MCS" anchor="church" bfScore="--" coherenceScore="--">bn:00018819n</annotation>
		<annotation source="BABELFY" anchor="church in" bfScore="1.0" coherenceScore="0.32116788321167883">bn:01878791n</annotation>
		<annotation source="MCS" anchor="house" bfScore="--" coherenceScore="--">bn:00044994n</annotation>
		<annotation source="BABELFY" anchor="Grace" bfScore="1.0" coherenceScore="0.014598540145985401">bn:00082387v</annotation>
		<annotation source="MCS" anchor="peace" bfScore="--" coherenceScore="--">bn:00061149n</annotation>
		<annotation source="MCS" anchor="Father" bfScore="--" coherenceScore="--">bn:00009616n</annotation>
		<annotation source="BABELFY" anchor="Lord Jesus" bfScore="1.0" coherenceScore="0.7153284671532847">bn:00018805n</annotation>
		<annotation source="BABELFY" anchor="Lord Jesus Christ" bfScore="1.0" coherenceScore="0.7153284671532847">bn:00018805n</annotation>
		<annotation source="BABELFY" anchor="thank" bfScore="1.0" coherenceScore="0.2773722627737226">bn:00088854v</annotation>
		<annotation source="BABELFY" anchor="mention" bfScore="0.9221491228070176" coherenceScore="0.2116788321167883">bn:00054390n</annotation>
		<annotation source="MCS" anchor="prayers" bfScore="--" coherenceScore="--">bn:00064038n</annotation>
		<annotation source="BABELFY" anchor="Hearing" bfScore="0.7673684210526316" coherenceScore="0.19708029197080293">bn:00043374n</annotation>
		<annotation source="BABELFY" anchor="love" bfScore="0.7365208545269583" coherenceScore="0.6131386861313869">bn:00052121n</annotation>
		<annotation source="BABELFY" anchor="faith" bfScore="0.8808956821915785" coherenceScore="0.8686131386861314">bn:00032768n</annotation>
		<annotation source="BABELFY" anchor="saints" bfScore="0.7258877802810857" coherenceScore="0.49635036496350365">bn:00068856n</annotation>
		<annotation source="MCS" anchor="communication" bfScore="--" coherenceScore="--">bn:00021221n</annotation>
		<annotation source="BABELFY" anchor="effectual" bfScore="1.0" coherenceScore="0.0072992700729927005">bn:00102038a</annotation>
		<annotation source="BABELFY" anchor="acknowledging" bfScore="0.8376587520706792" coherenceScore="0.27007299270072993">bn:00082272v</annotation>
		<annotation source="MCS" anchor="good" bfScore="--" coherenceScore="--">bn:00103672a</annotation>
		<annotation source="BABELFY" anchor="Christ Jesus" bfScore="1.0" coherenceScore="0.7153284671532847">bn:00018805n</annotation>
		<annotation source="BABELFY" anchor="great" bfScore="0.9481065918653576" coherenceScore="0.1897810218978102">bn:00103780a</annotation>
		<annotation source="MCS" anchor="joy" bfScore="--" coherenceScore="--">bn:00048468n</annotation>
		<annotation source="BABELFY" anchor="consolation" bfScore="1.0" coherenceScore="0.3284671532846715">bn:00022000n</annotation>
		<annotation source="MCS" anchor="bowels" bfScore="--" coherenceScore="--">bn:00012484n</annotation>
		<annotation source="MCS" anchor="refreshed" bfScore="--" coherenceScore="--">bn:00084163v</annotation>
		<annotation source="BABELFY" anchor="bold" bfScore="0.9074074074074074" coherenceScore="0.051094890510948905">bn:00098827a</annotation>
		<annotation source="BABELFY" anchor="enjoin" bfScore="1.0" coherenceScore="0.23357664233576642">bn:00087644v</annotation>
		<annotation source="MCS" anchor="convenient" bfScore="--" coherenceScore="--">bn:00100415a</annotation>
		<annotation source="MCS" anchor="sake" bfScore="--" coherenceScore="--">bn:00047078n</annotation>
		<annotation source="BABELFY" anchor="beseech" bfScore="1.0" coherenceScore="0.021897810218978103">bn:00082355v</annotation>
		<annotation source="BABELFY" anchor="aged" bfScore="1.0" coherenceScore="0.021897810218978103">bn:00082450v</annotation>
		<annotation source="BABELFY" anchor="son" bfScore="0.8878012048192772" coherenceScore="0.45985401459854014">bn:00051877n</annotation>
		<annotation source="BABELFY" anchor="begotten" bfScore="1.0" coherenceScore="0.27007299270072993">bn:00083336v</annotation>
		<annotation source="BABELFY" anchor="bonds" bfScore="0.9851446442533229" coherenceScore="0.25547445255474455">bn:00002860n</annotation>
		<annotation source="MCS" anchor="time" bfScore="--" coherenceScore="--">bn:00019848n</annotation>
		<annotation source="BABELFY" anchor="past" bfScore="0.9630901287553648" coherenceScore="0.24087591240875914">bn:00060928n</annotation>
		<annotation source="BABELFY" anchor="unprofitable" bfScore="1.0" coherenceScore="0.029197080291970802">bn:00113087a</annotation>
		<annotation source="BABELFY" anchor="profitable" bfScore="0.7534246575342466" coherenceScore="0.0364963503649635">bn:00109075a</annotation>
		<annotation source="BABELFY" anchor="sent" bfScore="0.9958549222797928" coherenceScore="0.22627737226277372">bn:00084807v</annotation>
		<annotation source="BABELFY" anchor="receive" bfScore="0.9287925696594427" coherenceScore="0.35036496350364965">bn:00092494v</annotation>
		<annotation source="BABELFY" anchor="retained" bfScore="0.9824561403508771" coherenceScore="0.051094890510948905">bn:00092929v</annotation>
		<annotation source="MCS" anchor="stead" bfScore="--" coherenceScore="--">bn:13788721v</annotation>
		<annotation source="BABELFY" anchor="ministered" bfScore="0.9946714031971581" coherenceScore="0.291970802919708">bn:00090806v</annotation>
		<annotation source="MCS" anchor="gospel" bfScore="--" coherenceScore="--">bn:00031976n</annotation>
		<annotation source="MCS" anchor="mind" bfScore="--" coherenceScore="--">bn:00012681n</annotation>
		<annotation source="MCS" anchor="benefit" bfScore="--" coherenceScore="--">bn:00009904n</annotation>
		<annotation source="MCS" anchor="necessity" bfScore="--" coherenceScore="--">bn:00057131n</annotation>
		<annotation source="BABELFY" anchor="willingly" bfScore="1.0" coherenceScore="0.0072992700729927005">bn:00117581r</annotation>
		<annotation source="BABELFY" anchor="departed" bfScore="1.0" coherenceScore="0.0072992700729927005">bn:00088939v</annotation>
		<annotation source="BABELFY" anchor="season" bfScore="0.8496905393457118" coherenceScore="0.22627737226277372">bn:00070058n</annotation>
		<annotation source="MCS" anchor="servant" bfScore="--" coherenceScore="--">bn:00067423n</annotation>
		<annotation source="BABELFY" anchor="beloved" bfScore="1.0" coherenceScore="0.291970802919708">bn:00009819n</annotation>
		<annotation source="BABELFY" anchor="specially" bfScore="1.0" coherenceScore="0.0364963503649635">bn:00115235r</annotation>
		<annotation source="MCS" anchor="flesh" bfScore="--" coherenceScore="--">bn:00035182n</annotation>
		<annotation source="BABELFY" anchor="count" bfScore="0.7272727272727273" coherenceScore="0.029197080291970802">bn:00083451v</annotation>
		<annotation source="MCS" anchor="partner" bfScore="--" coherenceScore="--">bn:00010161n</annotation>
		<annotation source="MCS" anchor="wronged" bfScore="--" coherenceScore="--">bn:00095860v</annotation>
		<annotation source="MCS" anchor="mine" bfScore="--" coherenceScore="--">bn:00055114n</annotation>
		<annotation source="MCS" anchor="account" bfScore="--" coherenceScore="--">bn:00000738n</annotation>
		<annotation source="MCS" anchor="written" bfScore="--" coherenceScore="--">bn:00085489v</annotation>
		<annotation source="MCS" anchor="hand" bfScore="--" coherenceScore="--">bn:00042759n</annotation>
		<annotation source="BABELFY" anchor="repay" bfScore="1.0" coherenceScore="0.23357664233576642">bn:00091499v</annotation>
		<annotation source="MCS" anchor="self" bfScore="--" coherenceScore="--">bn:00029935n</annotation>
		<annotation source="MCS" anchor="Yea" bfScore="--" coherenceScore="--">bn:00117651r</annotation>
		<annotation source="MCS" anchor="refresh" bfScore="--" coherenceScore="--">bn:00084163v</annotation>
		<annotation source="MCS" anchor="confidence" bfScore="--" coherenceScore="--">bn:00006565n</annotation>
		<annotation source="MCS" anchor="obedience" bfScore="--" coherenceScore="--">bn:00058431n</annotation>
		<annotation source="MCS" anchor="wrote" bfScore="--" coherenceScore="--">bn:00085489v</annotation>
		<annotation source="MCS" anchor="knowing" bfScore="--" coherenceScore="--">bn:00085261v</annotation>
		<annotation source="MCS" anchor="wilt" bfScore="--" coherenceScore="--">bn:00095776v</annotation>
		<annotation source="MCS" anchor="prepare" bfScore="--" coherenceScore="--">bn:00088250v</annotation>
		<annotation source="BABELFY" anchor="lodging" bfScore="0.8" coherenceScore="0.014598540145985401">bn:00051815n</annotation>
		<annotation source="BABELFY" anchor="trust" bfScore="0.9513742071881607" coherenceScore="0.21897810218978103">bn:00086683v</annotation>
		<annotation source="BABELFY" anchor="salute" bfScore="0.8888888888888888" coherenceScore="0.029197080291970802">bn:00091982v</annotation>
		<annotation source="BABELFY" anchor="Epaphras" bfScore="1.0" coherenceScore="0.3357664233576642">bn:00724166n</annotation>
		<annotation source="BABELFY" anchor="Aristarchus" bfScore="0.732751784298176" coherenceScore="0.30656934306569344">bn:15464317n</annotation>
		<annotation source="BABELFY" anchor="Demas" bfScore="1.0" coherenceScore="0.32116788321167883">bn:02769353n</annotation>
		<annotation source="MCS" anchor="grace" bfScore="--" coherenceScore="--">bn:00041221n</annotation>
		<annotation source="MCS" anchor="spirit" bfScore="--" coherenceScore="--">bn:00073430n</annotation>
		<annotation source="BABELFY" anchor="Amen" bfScore="0.7117992766726944" coherenceScore="0.34306569343065696">bn:00003325n</annotation>
	</annotations>
</paragraph>
