<?xml version="1.0" encoding="utf-8"?>
<dataset language="EN" title="RUT">
<paragraph id="p.1">
	<text>
		Now it came to pass in the days when the judges ruled , that there was a famine in the land . And a certain man of Bethlehemjudah went to sojourn in the country of Moab , he , and his wife , and his two sons .
		And the name of the man was Elimelech , and the name of his wife Naomi , and the name of his two sons Mahlon and Chilion , Ephrathites of Bethlehemjudah . And they came into the country of Moab , and continued there .
		And Elimelech Naomi&amp;apos;s husband died ; and she was left , and her two sons .
		And they took them wives of the women of Moab ; the name of the one was Orpah , and the name of the other Ruth : and they dwelled there about ten years .
		And Mahlon and Chilion died also both of them ; and the woman was left of her two sons and her husband .
		Then she arose with her daughters in law , that she might return from the country of Moab : for she had heard in the country of Moab how that the LORD had visited his people in giving them bread .
		Wherefore she went forth out of the place where she was , and her two daughters in law with her ; and they went on the way to return unto the land of Judah .
		And Naomi said unto her two daughters in law , Go , return each to her mother&amp;apos;s house : the LORD deal kindly with you , as ye have dealt with the dead , and with me .
		The LORD grant you that ye may find rest , each of you in the house of her husband . Then she kissed them ; and they lifted up their voice , and wept .
		And they said unto her , Surely we will return with thee unto thy people .
		And Naomi said , Turn again , my daughters : why will ye go with me ? are there yet any more sons in my womb , that they may be your husbands ?
		Turn again , my daughters , go your way ; for I am too old to have an husband . If I should say , I have hope , if I should have an husband also to night , and should also bear sons ;
		Would ye tarry for them till they were grown ? would ye stay for them from having husbands ? nay , my daughters ; for it grieveth me much for your sakes that the hand of the LORD is gone out against me .
		And they lifted up their voice , and wept again : and Orpah kissed her mother in law ; but Ruth clave unto her .
		And she said , Behold , thy sister in law is gone back unto her people , and unto her gods : return thou after thy sister in law .
		And Ruth said , Intreat me not to leave thee , or to return from following after thee : for whither thou goest , I will go ; and where thou lodgest , I will lodge : thy people shall be my people , and thy God my God :
		Where thou diest , will I die , and there will I be buried : the LORD do so to me , and more also , if ought but death part thee and me .
		When she saw that she was stedfastly minded to go with her , then she left speaking unto her .
		So they two went until they came to Bethlehem . And it came to pass , when they were come to Bethlehem , that all the city was moved about them , and they said , Is this Naomi ?
		And she said unto them , Call me not Naomi , call me Mara : for the Almighty hath dealt very bitterly with me .
		I went out full , and the LORD hath brought me home again empty : why then call ye me Naomi , seeing the LORD hath testified against me , and the Almighty hath afflicted me ?
		So Naomi returned , and Ruth the Moabitess , her daughter in law , with her , which returned out of the country of Moab : and they came to Bethlehem in the beginning of barley harvest .
	</text>
	<annotations>
		<annotation source="MCS" anchor="pass" bfScore="--" coherenceScore="--">bn:00088932v</annotation>
		<annotation source="MCS" anchor="days" bfScore="--" coherenceScore="--">bn:00000086n</annotation>
		<annotation source="MCS" anchor="judges" bfScore="--" coherenceScore="--">bn:00048488n</annotation>
		<annotation source="MCS" anchor="ruled" bfScore="--" coherenceScore="--">bn:00088992v</annotation>
		<annotation source="BABELFY" anchor="famine" bfScore="0.9049645390070922" coherenceScore="0.15675675675675677">bn:00033595n</annotation>
		<annotation source="BABELFY" anchor="land" bfScore="0.8395838231836351" coherenceScore="0.745945945945946">bn:00023236n</annotation>
		<annotation source="MCS" anchor="man" bfScore="--" coherenceScore="--">bn:00001533n</annotation>
		<annotation source="BABELFY" anchor="sojourn" bfScore="1.0" coherenceScore="0.02702702702702703">bn:00094022v</annotation>
		<annotation source="BABELFY" anchor="country" bfScore="0.8262755987504339" coherenceScore="0.745945945945946">bn:00023236n</annotation>
		<annotation source="BABELFY" anchor="Moab" bfScore="0.8195502694666419" coherenceScore="0.24324324324324326">bn:03579537n</annotation>
		<annotation source="BABELFY" anchor="wife" bfScore="1.0" coherenceScore="0.372972972972973">bn:00053531n</annotation>
		<annotation source="BABELFY" anchor="sons" bfScore="0.9021038739228321" coherenceScore="0.3783783783783784">bn:00051877n</annotation>
		<annotation source="BABELFY" anchor="Elimelech" bfScore="1.0" coherenceScore="0.34594594594594597">bn:00012108n</annotation>
		<annotation source="BABELFY" anchor="Naomi" bfScore="0.9008383925990171" coherenceScore="0.20540540540540542">bn:00056810n</annotation>
		<annotation source="BABELFY" anchor="Mahlon" bfScore="1.0" coherenceScore="0.17297297297297298">bn:02310406n</annotation>
		<annotation source="BABELFY" anchor="Mahlon and Chilion" bfScore="1.0" coherenceScore="0.17297297297297298">bn:02310406n</annotation>
		<annotation source="BABELFY" anchor="Chilion" bfScore="1.0" coherenceScore="0.17297297297297298">bn:02310406n</annotation>
		<annotation source="BABELFY" anchor="Ephrathites" bfScore="1.0" coherenceScore="0.05405405405405406">bn:03799822n</annotation>
		<annotation source="MCS" anchor="continued" bfScore="--" coherenceScore="--">bn:00085714v</annotation>
		<annotation source="MCS" anchor="husband" bfScore="--" coherenceScore="--">bn:00045106n</annotation>
		<annotation source="MCS" anchor="died" bfScore="--" coherenceScore="--">bn:00084343v</annotation>
		<annotation source="MCS" anchor="left" bfScore="--" coherenceScore="--">bn:00088939v</annotation>
		<annotation source="MCS" anchor="wives" bfScore="--" coherenceScore="--">bn:00095807v</annotation>
		<annotation source="BABELFY" anchor="women" bfScore="0.8900496549945186" coherenceScore="0.5567567567567567">bn:00001530n</annotation>
		<annotation source="MCS" anchor="Orpah" bfScore="--" coherenceScore="--">bn:14356108n</annotation>
		<annotation source="BABELFY" anchor="dwelled" bfScore="0.9833080424886191" coherenceScore="0.14594594594594595">bn:00087441v</annotation>
		<annotation source="BABELFY" anchor="woman" bfScore="0.8924499130322747" coherenceScore="0.5567567567567567">bn:00001530n</annotation>
		<annotation source="MCS" anchor="arose" bfScore="--" coherenceScore="--">bn:00082757v</annotation>
		<annotation source="BABELFY" anchor="daughters" bfScore="0.9197278911564626" coherenceScore="0.2810810810810811">bn:00025364n</annotation>
		<annotation source="MCS" anchor="law" bfScore="--" coherenceScore="--">bn:00048655n</annotation>
		<annotation source="MCS" anchor="return" bfScore="--" coherenceScore="--">bn:00092969v</annotation>
		<annotation source="MCS" anchor="heard" bfScore="--" coherenceScore="--">bn:00089277v</annotation>
		<annotation source="MCS" anchor="visited" bfScore="--" coherenceScore="--">bn:00093433v</annotation>
		<annotation source="BABELFY" anchor="people" bfScore="0.7114439236309592" coherenceScore="0.2648648648648649">bn:00061450n</annotation>
		<annotation source="BABELFY" anchor="bread" bfScore="0.9076923076923077" coherenceScore="0.22162162162162163">bn:00012873n</annotation>
		<annotation source="MCS" anchor="place" bfScore="--" coherenceScore="--">bn:00062699n</annotation>
		<annotation source="BABELFY" anchor="land of Judah" bfScore="1.0" coherenceScore="0.2594594594594595">bn:00048478n</annotation>
		<annotation source="BABELFY" anchor="mother" bfScore="0.837465564738292" coherenceScore="0.41081081081081083">bn:00034027n</annotation>
		<annotation source="MCS" anchor="house" bfScore="--" coherenceScore="--">bn:00044994n</annotation>
		<annotation source="MCS" anchor="deal" bfScore="--" coherenceScore="--">bn:00014152n</annotation>
		<annotation source="BABELFY" anchor="kindly" bfScore="1.0" coherenceScore="0.010810810810810811">bn:00116065r</annotation>
		<annotation source="MCS" anchor="dealt" bfScore="--" coherenceScore="--">bn:00082339v</annotation>
		<annotation source="MCS" anchor="dead" bfScore="--" coherenceScore="--">bn:00100948a</annotation>
		<annotation source="MCS" anchor="grant" bfScore="--" coherenceScore="--">bn:00082538v</annotation>
		<annotation source="BABELFY" anchor="rest" bfScore="0.8944099378881988" coherenceScore="0.12972972972972974">bn:00031686n</annotation>
		<annotation source="BABELFY" anchor="house of" bfScore="1.0" coherenceScore="0.11351351351351352">bn:00029305n</annotation>
		<annotation source="BABELFY" anchor="kissed" bfScore="0.9917355371900827" coherenceScore="0.05405405405405406">bn:00084312v</annotation>
		<annotation source="MCS" anchor="lifted" bfScore="--" coherenceScore="--">bn:00084110v</annotation>
		<annotation source="BABELFY" anchor="voice" bfScore="0.7618539085860744" coherenceScore="0.22162162162162163">bn:00072794n</annotation>
		<annotation source="BABELFY" anchor="wept" bfScore="1.0" coherenceScore="0.032432432432432434">bn:00086122v</annotation>
		<annotation source="BABELFY" anchor="Surely" bfScore="1.0" coherenceScore="0.03783783783783784">bn:00114694r</annotation>
		<annotation source="MCS" anchor="Turn" bfScore="--" coherenceScore="--">bn:00009867n</annotation>
		<annotation source="BABELFY" anchor="womb" bfScore="0.7857142857142857" coherenceScore="0.05945945945945946">bn:00079392n</annotation>
		<annotation source="MCS" anchor="husbands" bfScore="--" coherenceScore="--">bn:00045106n</annotation>
		<annotation source="MCS" anchor="Turn" bfScore="--" coherenceScore="--">bn:00095233v</annotation>
		<annotation source="MCS" anchor="old" bfScore="--" coherenceScore="--">bn:00107786a</annotation>
		<annotation source="MCS" anchor="hope" bfScore="--" coherenceScore="--">bn:00044736n</annotation>
		<annotation source="MCS" anchor="night" bfScore="--" coherenceScore="--">bn:00025236n</annotation>
		<annotation source="MCS" anchor="bear" bfScore="--" coherenceScore="--">bn:00083221v</annotation>
		<annotation source="BABELFY" anchor="tarry" bfScore="0.9032258064516129" coherenceScore="0.03783783783783784">bn:00090383v</annotation>
		<annotation source="MCS" anchor="grown" bfScore="--" coherenceScore="--">bn:00089082v</annotation>
		<annotation source="MCS" anchor="stay" bfScore="--" coherenceScore="--">bn:00092756v</annotation>
		<annotation source="MCS" anchor="nay" bfScore="--" coherenceScore="--">bn:00116325r</annotation>
		<annotation source="BABELFY" anchor="sakes" bfScore="0.8837209302325582" coherenceScore="0.10270270270270271">bn:00067720n</annotation>
		<annotation source="MCS" anchor="hand" bfScore="--" coherenceScore="--">bn:00042759n</annotation>
		<annotation source="MCS" anchor="gone out" bfScore="--" coherenceScore="--">bn:00087845v</annotation>
		<annotation source="BABELFY" anchor="mother in law" bfScore="0.7563246306415705" coherenceScore="0.4">bn:00056010n</annotation>
		<annotation source="BABELFY" anchor="clave" bfScore="1.0" coherenceScore="0.043243243243243246">bn:00082344v</annotation>
		<annotation source="BABELFY" anchor="Behold" bfScore="0.8448275862068966" coherenceScore="0.03783783783783784">bn:14906289n</annotation>
		<annotation source="MCS" anchor="sister" bfScore="--" coherenceScore="--">bn:00071838n</annotation>
		<annotation source="BABELFY" anchor="sister in law" bfScore="1.0" coherenceScore="0.3027027027027027">bn:00071843n</annotation>
		<annotation source="MCS" anchor="gone back" bfScore="--" coherenceScore="--">bn:00086301v</annotation>
		<annotation source="BABELFY" anchor="gods" bfScore="0.8336344820789119" coherenceScore="0.7837837837837838">bn:00040878n</annotation>
		<annotation source="MCS" anchor="return" bfScore="--" coherenceScore="--">bn:00046318n</annotation>
		<annotation source="MCS" anchor="Intreat" bfScore="--" coherenceScore="--">bn:13740965v</annotation>
		<annotation source="MCS" anchor="leave" bfScore="--" coherenceScore="--">bn:00088939v</annotation>
		<annotation source="MCS" anchor="following" bfScore="--" coherenceScore="--">bn:00088421v</annotation>
		<annotation source="MCS" anchor="lodge" bfScore="--" coherenceScore="--">bn:00090436v</annotation>
		<annotation source="BABELFY" anchor="God" bfScore="0.8336344820789119" coherenceScore="0.7837837837837838">bn:00040878n</annotation>
		<annotation source="BABELFY" anchor="diest" bfScore="1.0" coherenceScore="0.04864864864864865">bn:00815720n</annotation>
		<annotation source="MCS" anchor="die" bfScore="--" coherenceScore="--">bn:00084343v</annotation>
		<annotation source="MCS" anchor="buried" bfScore="--" coherenceScore="--">bn:00084297v</annotation>
		<annotation source="BABELFY" anchor="death" bfScore="0.8336260674701714" coherenceScore="0.5027027027027027">bn:00025582n</annotation>
		<annotation source="MCS" anchor="stedfastly" bfScore="--" coherenceScore="--">bn:13758097r</annotation>
		<annotation source="BABELFY" anchor="minded" bfScore="0.8577981651376146" coherenceScore="0.0918918918918919">bn:00090794v</annotation>
		<annotation source="MCS" anchor="speaking" bfScore="--" coherenceScore="--">bn:00090943v</annotation>
		<annotation source="BABELFY" anchor="Bethlehem" bfScore="0.8838951310861424" coherenceScore="0.3027027027027027">bn:00009253n</annotation>
		<annotation source="BABELFY" anchor="city" bfScore="0.816017205182037" coherenceScore="0.4486486486486487">bn:03335997n</annotation>
		<annotation source="MCS" anchor="Call" bfScore="--" coherenceScore="--">bn:00084385v</annotation>
		<annotation source="MCS" anchor="call" bfScore="--" coherenceScore="--">bn:00084385v</annotation>
		<annotation source="BABELFY" anchor="Almighty" bfScore="0.7253731343283583" coherenceScore="0.14594594594594595">bn:00058948n</annotation>
		<annotation source="BABELFY" anchor="bitterly" bfScore="1.0" coherenceScore="0.005405405405405406">bn:00114571r</annotation>
		<annotation source="MCS" anchor="full" bfScore="--" coherenceScore="--">bn:00103391a</annotation>
		<annotation source="MCS" anchor="brought" bfScore="--" coherenceScore="--">bn:00084058v</annotation>
		<annotation source="BABELFY" anchor="home" bfScore="0.9664429530201343" coherenceScore="0.10810810810810811">bn:00115677r</annotation>
		<annotation source="MCS" anchor="empty" bfScore="--" coherenceScore="--">bn:00102176a</annotation>
		<annotation source="MCS" anchor="seeing" bfScore="--" coherenceScore="--">bn:00093430v</annotation>
		<annotation source="MCS" anchor="testified" bfScore="--" coherenceScore="--">bn:00082915v</annotation>
		<annotation source="MCS" anchor="afflicted" bfScore="--" coherenceScore="--">bn:00082439v</annotation>
		<annotation source="MCS" anchor="returned" bfScore="--" coherenceScore="--">bn:00092969v</annotation>
		<annotation source="MCS" anchor="Moabitess" bfScore="--" coherenceScore="--">bn:13616675n</annotation>
		<annotation source="BABELFY" anchor="daughter" bfScore="0.989247311827957" coherenceScore="0.2864864864864865">bn:00025364n</annotation>
		<annotation source="MCS" anchor="beginning" bfScore="--" coherenceScore="--">bn:00009632n</annotation>
		<annotation source="BABELFY" anchor="barley" bfScore="0.9637681159420289" coherenceScore="0.07567567567567568">bn:00008606n</annotation>
		<annotation source="MCS" anchor="harvest" bfScore="--" coherenceScore="--">bn:00023931n</annotation>
	</annotations>
</paragraph>
<paragraph id="p.2">
	<text>
		And Naomi had a kinsman of her husband&amp;apos;s , a mighty man of wealth , of the family of Elimelech ; and his name was Boaz .
		And Ruth the Moabitess said unto Naomi , Let me now go to the field , and glean ears of corn after him in whose sight I shall find grace . And she said unto her , Go , my daughter .
		And she went , and came , and gleaned in the field after the reapers : and her hap was to light on a part of the field belonging unto Boaz , who was of the kindred of Elimelech .
		And behold , Boaz came from Bethlehem , and said unto the reapers , The LORD be with you . And they answered him , The LORD bless thee .
		Then said Boaz unto his servant that was set over the reapers , Whose damsel is this ?
		And the servant that was set over the reapers answered and said , It is the Moabitish damsel that came back with Naomi out of the country of Moab :
		And she said , I pray you , let me glean and gather after the reapers among the sheaves : so she came , and hath continued even from the morning until now , that she tarried a little in the house .
		Then said Boaz unto Ruth , Hearest thou not , my daughter ? Go not to glean in another field , neither go from hence , but abide here fast by my maidens :
		Let thine eyes be on the field that they do reap , and go thou after them : have I not charged the young men that they shall not touch thee ? and when thou art athirst , go unto the vessels , and drink of that which the young men have drawn .
		Then she fell on her face , and bowed herself to the ground , and said unto him , Why have I found grace in thine eyes , that thou shouldest take knowledge of me , seeing I am a stranger ?
		And Boaz answered and said unto her , It hath fully been shewed me , all that thou hast done unto thy mother in law since the death of thine husband : and how thou hast left thy father and thy mother , and the land of thy nativity , and art come unto a people which thou knewest not heretofore .
		The LORD recompense thy work , and a full reward be given thee of the LORD God of Israel , under whose wings thou art come to trust .
		Then she said , Let me find favour in thy sight , my lord ; for that thou hast comforted me , and for that thou hast spoken friendly unto thine handmaid , though I be not like unto one of thine handmaidens .
		And Boaz said unto her , At mealtime come thou hither , and eat of the bread , and dip thy morsel in the vinegar . And she sat beside the reapers : and he reached her parched corn , and she did eat , and was sufficed , and left .
		And when she was risen up to glean , Boaz commanded his young men , saying , Let her glean even among the sheaves , and reproach her not :
		And let fall also some of the handfuls of purpose for her , and leave them , that she may glean them , and rebuke her not .
		So she gleaned in the field until even , and beat out that she had gleaned : and it was about an ephah of barley .
		And she took it up , and went into the city : and her mother in law saw what she had gleaned : and she brought forth , and gave to her that she had reserved after she was sufficed .
		And her mother in law said unto her , Where hast thou gleaned to day ? and where wroughtest thou ? blessed be he that did take knowledge of thee . And she shewed her mother in law with whom she had wrought , and said , The man&amp;apos;s name with whom I wrought to day is Boaz .
		And Naomi said unto her daughter in law , Blessed be he of the LORD , who hath not left off his kindness to the living and to the dead . And Naomi said unto her , The man is near of kin unto us , one of our next kinsmen .
		And Ruth the Moabitess said , He said unto me also , Thou shalt keep fast by my young men , until they have ended all my harvest .
		And Naomi said unto Ruth her daughter in law , It is good , my daughter , that thou go out with his maidens , that they meet thee not in any other field .
		So she kept fast by the maidens of Boaz to glean unto the end of barley harvest and of wheat harvest ; and dwelt with her mother in law .
	</text>
	<annotations>
		<annotation source="BABELFY" anchor="Naomi" bfScore="0.9122502172024327" coherenceScore="0.1282051282051282">bn:00056810n</annotation>
		<annotation source="BABELFY" anchor="kinsman" bfScore="0.9559902200488998" coherenceScore="0.09829059829059829">bn:00049205n</annotation>
		<annotation source="MCS" anchor="husband" bfScore="--" coherenceScore="--">bn:00045106n</annotation>
		<annotation source="MCS" anchor="&amp;apos;s" bfScore="--" coherenceScore="--">bn:13666728v</annotation>
		<annotation source="BABELFY" anchor="mighty" bfScore="1.0" coherenceScore="0.042735042735042736">bn:00106713a</annotation>
		<annotation source="BABELFY" anchor="man" bfScore="0.746459289691939" coherenceScore="0.7777777777777778">bn:00044576n</annotation>
		<annotation source="BABELFY" anchor="wealth" bfScore="0.9178386380458919" coherenceScore="0.13247863247863248">bn:00080746n</annotation>
		<annotation source="BABELFY" anchor="family" bfScore="0.7926057851747221" coherenceScore="0.46153846153846156">bn:00032893n</annotation>
		<annotation source="BABELFY" anchor="Elimelech" bfScore="1.0" coherenceScore="0.2264957264957265">bn:00012108n</annotation>
		<annotation source="BABELFY" anchor="Boaz" bfScore="0.7168141592920354" coherenceScore="0.11538461538461539">bn:00797473n</annotation>
		<annotation source="MCS" anchor="Moabitess" bfScore="--" coherenceScore="--">bn:13616675n</annotation>
		<annotation source="MCS" anchor="field" bfScore="--" coherenceScore="--">bn:00034265n</annotation>
		<annotation source="BABELFY" anchor="glean" bfScore="1.0" coherenceScore="0.1282051282051282">bn:00088884v</annotation>
		<annotation source="MCS" anchor="ears" bfScore="--" coherenceScore="--">bn:00029372n</annotation>
		<annotation source="BABELFY" anchor="corn" bfScore="0.8609271523178808" coherenceScore="0.2777777777777778">bn:00022678n</annotation>
		<annotation source="MCS" anchor="sight" bfScore="--" coherenceScore="--">bn:00071507n</annotation>
		<annotation source="MCS" anchor="grace" bfScore="--" coherenceScore="--">bn:00041221n</annotation>
		<annotation source="BABELFY" anchor="daughter" bfScore="0.9996536196744025" coherenceScore="0.16666666666666666">bn:00025364n</annotation>
		<annotation source="BABELFY" anchor="gleaned" bfScore="1.0" coherenceScore="0.1282051282051282">bn:00088884v</annotation>
		<annotation source="MCS" anchor="reapers" bfScore="--" coherenceScore="--">bn:00043094n</annotation>
		<annotation source="BABELFY" anchor="hap" bfScore="1.0" coherenceScore="0.004273504273504274">bn:00042894n</annotation>
		<annotation source="MCS" anchor="light" bfScore="--" coherenceScore="--">bn:00089584v</annotation>
		<annotation source="MCS" anchor="belonging" bfScore="--" coherenceScore="--">bn:00083386v</annotation>
		<annotation source="BABELFY" anchor="kindred" bfScore="1.0" coherenceScore="0.11965811965811966">bn:00105621a</annotation>
		<annotation source="MCS" anchor="behold" bfScore="--" coherenceScore="--">bn:00083356v</annotation>
		<annotation source="BABELFY" anchor="Bethlehem" bfScore="0.8880498395318105" coherenceScore="0.20512820512820512">bn:00009253n</annotation>
		<annotation source="MCS" anchor="answered" bfScore="--" coherenceScore="--">bn:00082646v</annotation>
		<annotation source="BABELFY" anchor="bless" bfScore="0.75" coherenceScore="0.08974358974358974">bn:00083602v</annotation>
		<annotation source="BABELFY" anchor="servant" bfScore="0.9907834101382489" coherenceScore="0.10683760683760683">bn:00067423n</annotation>
		<annotation source="BABELFY" anchor="damsel" bfScore="1.0" coherenceScore="0.08974358974358974">bn:00025117n</annotation>
		<annotation source="MCS" anchor="Moabitish" bfScore="--" coherenceScore="--">bn:13659082a</annotation>
		<annotation source="BABELFY" anchor="country" bfScore="0.8330771028324745" coherenceScore="0.6623931623931624">bn:00023236n</annotation>
		<annotation source="BABELFY" anchor="Moab" bfScore="0.8309352517985612" coherenceScore="0.11965811965811966">bn:03579537n</annotation>
		<annotation source="BABELFY" anchor="pray" bfScore="1.0" coherenceScore="0.05982905982905983">bn:00091921v</annotation>
		<annotation source="BABELFY" anchor="gather" bfScore="0.8698884758364313" coherenceScore="0.1111111111111111">bn:00085289v</annotation>
		<annotation source="BABELFY" anchor="sheaves" bfScore="1.0" coherenceScore="0.029914529914529916">bn:03742684n</annotation>
		<annotation source="MCS" anchor="continued" bfScore="--" coherenceScore="--">bn:00085714v</annotation>
		<annotation source="MCS" anchor="morning" bfScore="--" coherenceScore="--">bn:00035851n</annotation>
		<annotation source="BABELFY" anchor="tarried" bfScore="0.8181818181818182" coherenceScore="0.029914529914529916">bn:00088445v</annotation>
		<annotation source="MCS" anchor="house" bfScore="--" coherenceScore="--">bn:00044994n</annotation>
		<annotation source="BABELFY" anchor="abide" bfScore="0.9813084112149533" coherenceScore="0.05982905982905983">bn:00082138v</annotation>
		<annotation source="BABELFY" anchor="fast" bfScore="1.0" coherenceScore="0.01282051282051282">bn:00115335r</annotation>
		<annotation source="BABELFY" anchor="maidens" bfScore="0.7480609020396438" coherenceScore="0.1794871794871795">bn:00052801n</annotation>
		<annotation source="BABELFY" anchor="eyes" bfScore="0.8981012658227848" coherenceScore="0.23504273504273504">bn:00032512n</annotation>
		<annotation source="BABELFY" anchor="reap" bfScore="1.0" coherenceScore="0.1282051282051282">bn:00088884v</annotation>
		<annotation source="MCS" anchor="charged" bfScore="--" coherenceScore="--">bn:00083234v</annotation>
		<annotation source="MCS" anchor="young" bfScore="--" coherenceScore="--">bn:00104589a</annotation>
		<annotation source="MCS" anchor="young men" bfScore="--" coherenceScore="--">bn:00081950n</annotation>
		<annotation source="BABELFY" anchor="men" bfScore="0.7441196341879628" coherenceScore="0.7777777777777778">bn:00044576n</annotation>
		<annotation source="MCS" anchor="touch" bfScore="--" coherenceScore="--">bn:00095040v</annotation>
		<annotation source="MCS" anchor="athirst" bfScore="--" coherenceScore="--">bn:00097690a</annotation>
		<annotation source="BABELFY" anchor="vessels" bfScore="0.7864923747276689" coherenceScore="0.0811965811965812">bn:00079862n</annotation>
		<annotation source="MCS" anchor="drink" bfScore="--" coherenceScore="--">bn:00087321v</annotation>
		<annotation source="MCS" anchor="drawn" bfScore="--" coherenceScore="--">bn:00087234v</annotation>
		<annotation source="MCS" anchor="fell" bfScore="--" coherenceScore="--">bn:00087976v</annotation>
		<annotation source="MCS" anchor="face" bfScore="--" coherenceScore="--">bn:00032600n</annotation>
		<annotation source="MCS" anchor="bowed" bfScore="--" coherenceScore="--">bn:00083838v</annotation>
		<annotation source="MCS" anchor="ground" bfScore="--" coherenceScore="--">bn:00028934n</annotation>
		<annotation source="MCS" anchor="found" bfScore="--" coherenceScore="--">bn:00084231v</annotation>
		<annotation source="BABELFY" anchor="knowledge" bfScore="0.7662283794433614" coherenceScore="0.3888888888888889">bn:00020452n</annotation>
		<annotation source="MCS" anchor="seeing" bfScore="--" coherenceScore="--">bn:00093430v</annotation>
		<annotation source="MCS" anchor="stranger" bfScore="--" coherenceScore="--">bn:00002726n</annotation>
		<annotation source="BABELFY" anchor="fully" bfScore="0.8571428571428571" coherenceScore="0.03418803418803419">bn:00114272r</annotation>
		<annotation source="BABELFY" anchor="shewed" bfScore="1.0" coherenceScore="0.042735042735042736">bn:00086567v</annotation>
		<annotation source="BABELFY" anchor="mother" bfScore="0.7785474860335195" coherenceScore="0.2863247863247863">bn:00034027n</annotation>
		<annotation source="BABELFY" anchor="mother in law" bfScore="0.705533279871692" coherenceScore="0.2264957264957265">bn:00056010n</annotation>
		<annotation source="MCS" anchor="law" bfScore="--" coherenceScore="--">bn:00048655n</annotation>
		<annotation source="BABELFY" anchor="death" bfScore="0.8541118354456007" coherenceScore="0.452991452991453">bn:00025582n</annotation>
		<annotation source="MCS" anchor="left" bfScore="--" coherenceScore="--">bn:00088939v</annotation>
		<annotation source="MCS" anchor="father" bfScore="--" coherenceScore="--">bn:00009616n</annotation>
		<annotation source="BABELFY" anchor="land" bfScore="0.8368441210264267" coherenceScore="0.6623931623931624">bn:00023236n</annotation>
		<annotation source="BABELFY" anchor="nativity" bfScore="0.8899976792759341" coherenceScore="0.25213675213675213">bn:00010665n</annotation>
		<annotation source="MCS" anchor="people" bfScore="--" coherenceScore="--">bn:00061450n</annotation>
		<annotation source="BABELFY" anchor="heretofore" bfScore="1.0" coherenceScore="0.04700854700854701">bn:00114369r</annotation>
		<annotation source="BABELFY" anchor="recompense" bfScore="0.7894736842105263" coherenceScore="0.0641025641025641">bn:00066563n</annotation>
		<annotation source="MCS" anchor="work" bfScore="--" coherenceScore="--">bn:00081568n</annotation>
		<annotation source="MCS" anchor="full" bfScore="--" coherenceScore="--">bn:00103391a</annotation>
		<annotation source="MCS" anchor="reward" bfScore="--" coherenceScore="--">bn:00061123n</annotation>
		<annotation source="BABELFY" anchor="God" bfScore="0.8059758101900628" coherenceScore="0.6538461538461539">bn:00040878n</annotation>
		<annotation source="BABELFY" anchor="Israel" bfScore="0.9443401491704297" coherenceScore="0.6025641025641025">bn:00047679n</annotation>
		<annotation source="MCS" anchor="wings" bfScore="--" coherenceScore="--">bn:00081336n</annotation>
		<annotation source="BABELFY" anchor="trust" bfScore="0.8189655172413793" coherenceScore="0.0811965811965812">bn:00085428v</annotation>
		<annotation source="MCS" anchor="favour" bfScore="--" coherenceScore="--">bn:00033835n</annotation>
		<annotation source="BABELFY" anchor="comforted" bfScore="1.0" coherenceScore="0.029914529914529916">bn:00085399v</annotation>
		<annotation source="MCS" anchor="spoken" bfScore="--" coherenceScore="--">bn:00090943v</annotation>
		<annotation source="BABELFY" anchor="friendly" bfScore="0.8" coherenceScore="0.042735042735042736">bn:00103344a</annotation>
		<annotation source="BABELFY" anchor="handmaid" bfScore="0.9615384615384616" coherenceScore="0.021367521367521368">bn:00042827n</annotation>
		<annotation source="BABELFY" anchor="like" bfScore="0.9473684210526315" coherenceScore="0.038461538461538464">bn:00105977a</annotation>
		<annotation source="BABELFY" anchor="handmaidens" bfScore="0.9615384615384616" coherenceScore="0.021367521367521368">bn:00042827n</annotation>
		<annotation source="BABELFY" anchor="mealtime" bfScore="1.0" coherenceScore="0.02564102564102564">bn:00053998n</annotation>
		<annotation source="MCS" anchor="eat" bfScore="--" coherenceScore="--">bn:00087460v</annotation>
		<annotation source="BABELFY" anchor="bread" bfScore="0.9858442871587462" coherenceScore="0.32051282051282054">bn:00012873n</annotation>
		<annotation source="MCS" anchor="dip" bfScore="--" coherenceScore="--">bn:00086849v</annotation>
		<annotation source="BABELFY" anchor="morsel" bfScore="0.8166666666666667" coherenceScore="0.029914529914529916">bn:00010732n</annotation>
		<annotation source="BABELFY" anchor="vinegar" bfScore="1.0" coherenceScore="0.15384615384615385">bn:00000849n</annotation>
		<annotation source="MCS" anchor="sat" bfScore="--" coherenceScore="--">bn:00093776v</annotation>
		<annotation source="MCS" anchor="reached" bfScore="--" coherenceScore="--">bn:00082790v</annotation>
		<annotation source="BABELFY" anchor="parched" bfScore="1.0" coherenceScore="0.008547008547008548">bn:00096523a</annotation>
		<annotation source="BABELFY" anchor="sufficed" bfScore="1.0" coherenceScore="0.05128205128205128">bn:00082652v</annotation>
		<annotation source="MCS" anchor="risen" bfScore="--" coherenceScore="--">bn:00082761v</annotation>
		<annotation source="MCS" anchor="risen up" bfScore="--" coherenceScore="--">bn:00085391v</annotation>
		<annotation source="MCS" anchor="commanded" bfScore="--" coherenceScore="--">bn:00085400v</annotation>
		<annotation source="MCS" anchor="saying" bfScore="--" coherenceScore="--">bn:00093287v</annotation>
		<annotation source="BABELFY" anchor="reproach" bfScore="1.0" coherenceScore="0.004273504273504274">bn:00092847v</annotation>
		<annotation source="MCS" anchor="fall" bfScore="--" coherenceScore="--">bn:00087976v</annotation>
		<annotation source="BABELFY" anchor="handfuls" bfScore="0.9803921568627451" coherenceScore="0.042735042735042736">bn:00034888n</annotation>
		<annotation source="BABELFY" anchor="purpose" bfScore="0.813953488372093" coherenceScore="0.10683760683760683">bn:00002178n</annotation>
		<annotation source="MCS" anchor="leave" bfScore="--" coherenceScore="--">bn:00088939v</annotation>
		<annotation source="BABELFY" anchor="rebuke" bfScore="1.0" coherenceScore="0.004273504273504274">bn:00083177v</annotation>
		<annotation source="MCS" anchor="beat" bfScore="--" coherenceScore="--">bn:00083247v</annotation>
		<annotation source="MCS" anchor="beat out" bfScore="--" coherenceScore="--">bn:00083247v</annotation>
		<annotation source="BABELFY" anchor="ephah" bfScore="1.0" coherenceScore="0.038461538461538464">bn:00031113n</annotation>
		<annotation source="BABELFY" anchor="barley" bfScore="0.9615894039735099" coherenceScore="0.28205128205128205">bn:00008606n</annotation>
		<annotation source="BABELFY" anchor="city" bfScore="0.8310516820545474" coherenceScore="0.3504273504273504">bn:03335997n</annotation>
		<annotation source="MCS" anchor="brought" bfScore="--" coherenceScore="--">bn:00084058v</annotation>
		<annotation source="MCS" anchor="brought forth" bfScore="--" coherenceScore="--">bn:00084080v</annotation>
		<annotation source="BABELFY" anchor="reserved" bfScore="0.7550335570469798" coherenceScore="0.0641025641025641">bn:00082539v</annotation>
		<annotation source="MCS" anchor="day" bfScore="--" coherenceScore="--">bn:00000086n</annotation>
		<annotation source="MCS" anchor="wroughtest" bfScore="--" coherenceScore="--">bn:00106852a</annotation>
		<annotation source="BABELFY" anchor="blessed" bfScore="0.75" coherenceScore="0.08974358974358974">bn:00083602v</annotation>
		<annotation source="MCS" anchor="wrought" bfScore="--" coherenceScore="--">bn:00106852a</annotation>
		<annotation source="BABELFY" anchor="Blessed" bfScore="0.8653846153846154" coherenceScore="0.038461538461538464">bn:14355372n</annotation>
		<annotation source="BABELFY" anchor="Blessed be" bfScore="1.0" coherenceScore="0.01282051282051282">bn:03019944n</annotation>
		<annotation source="BABELFY" anchor="kindness" bfScore="0.934010152284264" coherenceScore="0.06837606837606838">bn:00049132n</annotation>
		<annotation source="MCS" anchor="living" bfScore="--" coherenceScore="--">bn:00051046n</annotation>
		<annotation source="BABELFY" anchor="dead" bfScore="0.737681572201652" coherenceScore="0.1581196581196581">bn:00025501n</annotation>
		<annotation source="BABELFY" anchor="near" bfScore="0.8768115942028986" coherenceScore="0.04700854700854701">bn:00100981a</annotation>
		<annotation source="BABELFY" anchor="kin" bfScore="0.940477410101424" coherenceScore="0.38461538461538464">bn:00019429n</annotation>
		<annotation source="BABELFY" anchor="kinsmen" bfScore="0.9559902200488998" coherenceScore="0.09829059829059829">bn:00049205n</annotation>
		<annotation source="MCS" anchor="keep" bfScore="--" coherenceScore="--">bn:00089384v</annotation>
		<annotation source="MCS" anchor="ended" bfScore="--" coherenceScore="--">bn:00084711v</annotation>
		<annotation source="MCS" anchor="harvest" bfScore="--" coherenceScore="--">bn:00023931n</annotation>
		<annotation source="MCS" anchor="good" bfScore="--" coherenceScore="--">bn:00103672a</annotation>
		<annotation source="MCS" anchor="meet" bfScore="--" coherenceScore="--">bn:00085339v</annotation>
		<annotation source="MCS" anchor="kept" bfScore="--" coherenceScore="--">bn:00089384v</annotation>
		<annotation source="BABELFY" anchor="end" bfScore="0.7822671156004489" coherenceScore="0.1452991452991453">bn:00030721n</annotation>
		<annotation source="BABELFY" anchor="wheat" bfScore="0.9319083969465649" coherenceScore="0.23931623931623933">bn:00080959n</annotation>
		<annotation source="MCS" anchor="wheat harvest" bfScore="--" coherenceScore="--">bn:13602763n</annotation>
		<annotation source="BABELFY" anchor="dwelt" bfScore="0.9960629921259843" coherenceScore="0.09829059829059829">bn:00087441v</annotation>
	</annotations>
</paragraph>
<paragraph id="p.3">
	<text>
		Then Naomi her mother in law said unto her , My daughter , shall I not seek rest for thee , that it may be well with thee ?
		And now is not Boaz of our kindred , with whose maidens thou wast ? Behold , he winnoweth barley to night in the threshingfloor .
		Wash thyself therefore , and anoint thee , and put thy raiment upon thee , and get thee down to the floor : but make not thyself known unto the man , until he shall have done eating and drinking .
		And it shall be , when he lieth down , that thou shalt mark the place where he shall lie , and thou shalt go in , and uncover his feet , and lay thee down ; and he will tell thee what thou shalt do .
		And she said unto her , All that thou sayest unto me I will do .
		And she went down unto the floor , and did according to all that her mother in law bade her .
		And when Boaz had eaten and drunk , and his heart was merry , he went to lie down at the end of the heap of corn : and she came softly , and uncovered his feet , and laid her down .
		And it came to pass at midnight , that the man was afraid , and turned himself : and , behold , a woman lay at his feet .
		And he said , Who art thou ? And she answered , I am Ruth thine handmaid : spread therefore thy skirt over thine handmaid ; for thou art a near kinsman .
		And he said , Blessed be thou of the LORD , my daughter : for thou hast shewed more kindness in the latter end than at the beginning , inasmuch as thou followedst not young men , whether poor or rich .
		And now , my daughter , fear not ; I will do to thee all that thou requirest : for all the city of my people doth know that thou art a virtuous woman .
		And now it is true that I am thy near kinsman : howbeit there is a kinsman nearer than I .
		Tarry this night , and it shall be in the morning , that if he will perform unto thee the part of a kinsman , well ; let him do the kinsman&amp;apos;s part : but if he will not do the part of a kinsman to thee , then will I do the part of a kinsman to thee , as the LORD liveth : lie down until the morning .
		And she lay at his feet until the morning : and she rose up before one could know another . And he said , Let it not be known that a woman came into the floor .
		Also he said , Bring the vail that thou hast upon thee , and hold it . And when she held it , he measured six measures of barley , and laid it on her : and she went into the city .
		And when she came to her mother in law , she said , Who art thou , my daughter ? And she told her all that the man had done to her .
		And she said , These six measures of barley gave he me ; for he said to me , Go not empty unto thy mother in law .
		Then said she , Sit still , my daughter , until thou know how the matter will fall : for the man will not be in rest , until he have finished the thing this day .
	</text>
	<annotations>
		<annotation source="BABELFY" anchor="Naomi" bfScore="0.9938650306748467" coherenceScore="0.0661764705882353">bn:00056810n</annotation>
		<annotation source="BABELFY" anchor="mother" bfScore="0.7923444976076555" coherenceScore="0.3382352941176471">bn:00034027n</annotation>
		<annotation source="MCS" anchor="mother in law" bfScore="--" coherenceScore="--">bn:00056010n</annotation>
		<annotation source="BABELFY" anchor="law" bfScore="0.7516059957173448" coherenceScore="0.41911764705882354">bn:00048655n</annotation>
		<annotation source="BABELFY" anchor="daughter" bfScore="1.0" coherenceScore="0.23529411764705882">bn:00025364n</annotation>
		<annotation source="MCS" anchor="seek" bfScore="--" coherenceScore="--">bn:00093452v</annotation>
		<annotation source="MCS" anchor="rest" bfScore="--" coherenceScore="--">bn:00008047n</annotation>
		<annotation source="BABELFY" anchor="kindred" bfScore="0.9973333333333333" coherenceScore="0.125">bn:00105621a</annotation>
		<annotation source="MCS" anchor="maidens" bfScore="--" coherenceScore="--">bn:00052801n</annotation>
		<annotation source="MCS" anchor="Behold" bfScore="--" coherenceScore="--">bn:00083356v</annotation>
		<annotation source="BABELFY" anchor="barley" bfScore="0.8640595903165735" coherenceScore="0.11764705882352941">bn:00008606n</annotation>
		<annotation source="MCS" anchor="night" bfScore="--" coherenceScore="--">bn:00025236n</annotation>
		<annotation source="BABELFY" anchor="threshingfloor" bfScore="1.0" coherenceScore="0.08823529411764706">bn:00077054n</annotation>
		<annotation source="MCS" anchor="Wash" bfScore="--" coherenceScore="--">bn:00080517n</annotation>
		<annotation source="MCS" anchor="thyself" bfScore="--" coherenceScore="--">bn:00066821n</annotation>
		<annotation source="MCS" anchor="anoint" bfScore="--" coherenceScore="--">bn:00082645v</annotation>
		<annotation source="BABELFY" anchor="raiment" bfScore="0.9641116526362428" coherenceScore="0.23529411764705882">bn:00006125n</annotation>
		<annotation source="MCS" anchor="floor" bfScore="--" coherenceScore="--">bn:00035304n</annotation>
		<annotation source="MCS" anchor="known" bfScore="--" coherenceScore="--">bn:00085261v</annotation>
		<annotation source="BABELFY" anchor="man" bfScore="0.7287668270530356" coherenceScore="0.8823529411764706">bn:00044576n</annotation>
		<annotation source="MCS" anchor="eating" bfScore="--" coherenceScore="--">bn:00087460v</annotation>
		<annotation source="MCS" anchor="drinking" bfScore="--" coherenceScore="--">bn:00087321v</annotation>
		<annotation source="BABELFY" anchor="lieth" bfScore="1.0" coherenceScore="0.014705882352941176">bn:00536146n</annotation>
		<annotation source="MCS" anchor="mark" bfScore="--" coherenceScore="--">bn:00090151v</annotation>
		<annotation source="MCS" anchor="place" bfScore="--" coherenceScore="--">bn:00062699n</annotation>
		<annotation source="MCS" anchor="lie" bfScore="--" coherenceScore="--">bn:00090321v</annotation>
		<annotation source="BABELFY" anchor="uncover" bfScore="0.8520710059171598" coherenceScore="0.08823529411764706">bn:00087889v</annotation>
		<annotation source="MCS" anchor="feet" bfScore="--" coherenceScore="--">bn:00035679n</annotation>
		<annotation source="MCS" anchor="lay" bfScore="--" coherenceScore="--">bn:00090321v</annotation>
		<annotation source="MCS" anchor="tell" bfScore="--" coherenceScore="--">bn:00093287v</annotation>
		<annotation source="MCS" anchor="according" bfScore="--" coherenceScore="--">bn:00082227v</annotation>
		<annotation source="BABELFY" anchor="bade" bfScore="0.9022556390977443" coherenceScore="0.07352941176470588">bn:00083476v</annotation>
		<annotation source="MCS" anchor="eaten" bfScore="--" coherenceScore="--">bn:00087460v</annotation>
		<annotation source="MCS" anchor="drunk" bfScore="--" coherenceScore="--">bn:00087321v</annotation>
		<annotation source="MCS" anchor="heart" bfScore="--" coherenceScore="--">bn:00012289n</annotation>
		<annotation source="MCS" anchor="merry" bfScore="--" coherenceScore="--">bn:00103500a</annotation>
		<annotation source="BABELFY" anchor="lie down" bfScore="1.0" coherenceScore="0.11029411764705882">bn:00090326v</annotation>
		<annotation source="MCS" anchor="end" bfScore="--" coherenceScore="--">bn:00030718n</annotation>
		<annotation source="BABELFY" anchor="heap" bfScore="0.8206896551724138" coherenceScore="0.051470588235294115">bn:00001992n</annotation>
		<annotation source="BABELFY" anchor="corn" bfScore="0.7072905331882481" coherenceScore="0.19117647058823528">bn:00022678n</annotation>
		<annotation source="MCS" anchor="softly" bfScore="--" coherenceScore="--">bn:00116768r</annotation>
		<annotation source="BABELFY" anchor="uncovered" bfScore="0.8520710059171598" coherenceScore="0.08823529411764706">bn:00087889v</annotation>
		<annotation source="MCS" anchor="laid" bfScore="--" coherenceScore="--">bn:00090224v</annotation>
		<annotation source="MCS" anchor="pass" bfScore="--" coherenceScore="--">bn:00088932v</annotation>
		<annotation source="MCS" anchor="midnight" bfScore="--" coherenceScore="--">bn:00054884n</annotation>
		<annotation source="MCS" anchor="afraid" bfScore="--" coherenceScore="--">bn:00096625a</annotation>
		<annotation source="MCS" anchor="turned" bfScore="--" coherenceScore="--">bn:00095233v</annotation>
		<annotation source="MCS" anchor="behold" bfScore="--" coherenceScore="--">bn:00083356v</annotation>
		<annotation source="BABELFY" anchor="woman" bfScore="0.7857745290975541" coherenceScore="0.47794117647058826">bn:00001530n</annotation>
		<annotation source="MCS" anchor="answered" bfScore="--" coherenceScore="--">bn:00082646v</annotation>
		<annotation source="BABELFY" anchor="Ruth" bfScore="0.7078507078507078" coherenceScore="0.16176470588235295">bn:00012108n</annotation>
		<annotation source="BABELFY" anchor="handmaid" bfScore="1.0" coherenceScore="0.04411764705882353">bn:00042827n</annotation>
		<annotation source="BABELFY" anchor="spread" bfScore="0.7710843373493976" coherenceScore="0.058823529411764705">bn:00091169v</annotation>
		<annotation source="MCS" anchor="skirt" bfScore="--" coherenceScore="--">bn:00072003n</annotation>
		<annotation source="MCS" anchor="near" bfScore="--" coherenceScore="--">bn:00099859a</annotation>
		<annotation source="BABELFY" anchor="kinsman" bfScore="0.9689119170984456" coherenceScore="0.125">bn:00049205n</annotation>
		<annotation source="MCS" anchor="Blessed" bfScore="--" coherenceScore="--">bn:14355372n</annotation>
		<annotation source="BABELFY" anchor="Blessed be" bfScore="1.0" coherenceScore="0.007352941176470588">bn:03019944n</annotation>
		<annotation source="BABELFY" anchor="shewed" bfScore="1.0" coherenceScore="0.029411764705882353">bn:00086567v</annotation>
		<annotation source="BABELFY" anchor="kindness" bfScore="0.88" coherenceScore="0.04411764705882353">bn:00049132n</annotation>
		<annotation source="MCS" anchor="beginning" bfScore="--" coherenceScore="--">bn:00009632n</annotation>
		<annotation source="MCS" anchor="young" bfScore="--" coherenceScore="--">bn:00104589a</annotation>
		<annotation source="MCS" anchor="young men" bfScore="--" coherenceScore="--">bn:00081950n</annotation>
		<annotation source="BABELFY" anchor="men" bfScore="0.7287668270530356" coherenceScore="0.8823529411764706">bn:00044576n</annotation>
		<annotation source="MCS" anchor="poor" bfScore="--" coherenceScore="--">bn:00103931a</annotation>
		<annotation source="MCS" anchor="rich" bfScore="--" coherenceScore="--">bn:00109833a</annotation>
		<annotation source="MCS" anchor="fear" bfScore="--" coherenceScore="--">bn:00088065v</annotation>
		<annotation source="BABELFY" anchor="city" bfScore="0.7782820097244733" coherenceScore="0.3602941176470588">bn:03335997n</annotation>
		<annotation source="MCS" anchor="people" bfScore="--" coherenceScore="--">bn:00061450n</annotation>
		<annotation source="BABELFY" anchor="virtuous" bfScore="1.0" coherenceScore="0.07352941176470588">bn:00109249a</annotation>
		<annotation source="MCS" anchor="true" bfScore="--" coherenceScore="--">bn:00112146a</annotation>
		<annotation source="MCS" anchor="nearer" bfScore="--" coherenceScore="--">bn:00099859a</annotation>
		<annotation source="BABELFY" anchor="Tarry" bfScore="1.0" coherenceScore="0.007352941176470588">bn:00901869n</annotation>
		<annotation source="MCS" anchor="morning" bfScore="--" coherenceScore="--">bn:00035851n</annotation>
		<annotation source="MCS" anchor="perform" bfScore="--" coherenceScore="--">bn:00087107v</annotation>
		<annotation source="BABELFY" anchor="rose" bfScore="0.7178631051752922" coherenceScore="0.14705882352941177">bn:00082759v</annotation>
		<annotation source="BABELFY" anchor="rose up" bfScore="0.94750656167979" coherenceScore="0.13970588235294118">bn:00092450v</annotation>
		<annotation source="MCS" anchor="Bring" bfScore="--" coherenceScore="--">bn:14856012n</annotation>
		<annotation source="MCS" anchor="hold" bfScore="--" coherenceScore="--">bn:00089384v</annotation>
		<annotation source="MCS" anchor="hold it" bfScore="--" coherenceScore="--">bn:13682709v</annotation>
		<annotation source="MCS" anchor="held" bfScore="--" coherenceScore="--">bn:00089384v</annotation>
		<annotation source="MCS" anchor="held it" bfScore="--" coherenceScore="--">bn:13682710v</annotation>
		<annotation source="MCS" anchor="measured" bfScore="--" coherenceScore="--">bn:00090714v</annotation>
		<annotation source="MCS" anchor="measures" bfScore="--" coherenceScore="--">bn:00054018n</annotation>
		<annotation source="MCS" anchor="told" bfScore="--" coherenceScore="--">bn:00093287v</annotation>
		<annotation source="MCS" anchor="empty" bfScore="--" coherenceScore="--">bn:00102176a</annotation>
		<annotation source="MCS" anchor="Sit" bfScore="--" coherenceScore="--">bn:00093776v</annotation>
		<annotation source="MCS" anchor="Sit still" bfScore="--" coherenceScore="--">bn:13643679v</annotation>
		<annotation source="BABELFY" anchor="matter" bfScore="0.7468619246861925" coherenceScore="0.15441176470588236">bn:00053867n</annotation>
		<annotation source="MCS" anchor="fall" bfScore="--" coherenceScore="--">bn:00087976v</annotation>
		<annotation source="MCS" anchor="finished" bfScore="--" coherenceScore="--">bn:00085475v</annotation>
		<annotation source="MCS" anchor="day" bfScore="--" coherenceScore="--">bn:00000086n</annotation>
	</annotations>
</paragraph>
<paragraph id="p.4">
	<text>
		Then went Boaz up to the gate , and sat him down there : and , behold , the kinsman of whom Boaz spake came by ; unto whom he said , Ho , such a one ! turn aside , sit down here . And he turned aside , and sat down .
		And he took ten men of the elders of the city , and said , Sit ye down here . And they sat down .
		And he said unto the kinsman , Naomi , that is come again out of the country of Moab , selleth a parcel of land , which was our brother Elimelech&amp;apos;s :
		And I thought to advertise thee , saying , Buy it before the inhabitants , and before the elders of my people . If thou wilt redeem it , redeem it : but if thou wilt not redeem it , then tell me , that I may know : for there is none to redeem it beside thee ; and I am after thee . And he said , I will redeem it .
		Then said Boaz , What day thou buyest the field of the hand of Naomi , thou must buy it also of Ruth the Moabitess , the wife of the dead , to raise up the name of the dead upon his inheritance .
		And the kinsman said , I cannot redeem it for myself , lest I mar mine own inheritance : redeem thou my right to thyself ; for I cannot redeem it .
		Now this was the manner in former time in Israel concerning redeeming and concerning changing , for to confirm all things ; a man plucked off his shoe , and gave it to his neighbour : and this was a testimony in Israel .
		Therefore the kinsman said unto Boaz , Buy it for thee . So he drew off his shoe .
		And Boaz said unto the elders , and unto all the people , Ye are witnesses this day , that I have bought all that was Elimelech&amp;apos;s , and all that was Chilion&amp;apos;s and Mahlon&amp;apos;s , of the hand of Naomi .
		Moreover Ruth the Moabitess , the wife of Mahlon , have I purchased to be my wife , to raise up the name of the dead upon his inheritance , that the name of the dead be not cut off from among his brethren , and from the gate of his place : ye are witnesses this day .
		And all the people that were in the gate , and the elders , said , We are witnesses . The LORD make the woman that is come into thine house like Rachel and like Leah , which two did build the house of Israel : and do thou worthily in Ephratah , and be famous in Bethlehem :
		And let thy house be like the house of Pharez , whom Tamar bare unto Judah , of the seed which the LORD shall give thee of this young woman .
		So Boaz took Ruth , and she was his wife : and when he went in unto her , the LORD gave her conception , and she bare a son .
		And the women said unto Naomi , Blessed be the LORD , which hath not left thee this day without a kinsman , that his name may be famous in Israel .
		And he shall be unto thee a restorer of thy life , and a nourisher of thine old age : for thy daughter in law , which loveth thee , which is better to thee than seven sons , hath born him .
		And Naomi took the child , and laid it in her bosom , and became nurse unto it .
		And the women her neighbours gave it a name , saying , There is a son born to Naomi ; and they called his name Obed : he is the father of Jesse , the father of David .
		Now these are the generations of Pharez : Pharez begat Hezron ,
		And Hezron begat Ram , and Ram begat Amminadab ,
		And Amminadab begat Nahshon , and Nahshon begat Salmon ,
		And Salmon begat Boaz , and Boaz begat Obed ,
		And Obed begat Jesse , and Jesse begat David .
	</text>
	<annotations>
		<annotation source="BABELFY" anchor="Boaz" bfScore="0.8424098025867938" coherenceScore="0.23148148148148148">bn:00797473n</annotation>
		<annotation source="MCS" anchor="gate" bfScore="--" coherenceScore="--">bn:00037486n</annotation>
		<annotation source="MCS" anchor="sat" bfScore="--" coherenceScore="--">bn:00093776v</annotation>
		<annotation source="MCS" anchor="behold" bfScore="--" coherenceScore="--">bn:00083356v</annotation>
		<annotation source="BABELFY" anchor="kinsman" bfScore="0.8518518518518519" coherenceScore="0.09722222222222222">bn:00049205n</annotation>
		<annotation source="MCS" anchor="spake" bfScore="--" coherenceScore="--">bn:00090943v</annotation>
		<annotation source="BABELFY" anchor="Ho" bfScore="0.9722222222222222" coherenceScore="0.046296296296296294">bn:03558190n</annotation>
		<annotation source="MCS" anchor="turn" bfScore="--" coherenceScore="--">bn:00095233v</annotation>
		<annotation source="BABELFY" anchor="aside" bfScore="0.8627450980392157" coherenceScore="0.05092592592592592">bn:00114311r</annotation>
		<annotation source="MCS" anchor="sit" bfScore="--" coherenceScore="--">bn:00093776v</annotation>
		<annotation source="MCS" anchor="sit down" bfScore="--" coherenceScore="--">bn:00093778v</annotation>
		<annotation source="MCS" anchor="turned" bfScore="--" coherenceScore="--">bn:00095233v</annotation>
		<annotation source="MCS" anchor="sat down" bfScore="--" coherenceScore="--">bn:00093778v</annotation>
		<annotation source="MCS" anchor="men" bfScore="--" coherenceScore="--">bn:00001533n</annotation>
		<annotation source="MCS" anchor="elders" bfScore="--" coherenceScore="--">bn:00030100n</annotation>
		<annotation source="BABELFY" anchor="city" bfScore="0.8164680501335525" coherenceScore="0.39351851851851855">bn:03335997n</annotation>
		<annotation source="BABELFY" anchor="Sit" bfScore="0.9959758551307847" coherenceScore="0.10185185185185185">bn:00071865n</annotation>
		<annotation source="BABELFY" anchor="Naomi" bfScore="0.9169642857142857" coherenceScore="0.18055555555555555">bn:00056810n</annotation>
		<annotation source="BABELFY" anchor="country" bfScore="0.8718125888621656" coherenceScore="0.75">bn:00023236n</annotation>
		<annotation source="BABELFY" anchor="Moab" bfScore="0.9153372008701958" coherenceScore="0.2361111111111111">bn:03579537n</annotation>
		<annotation source="MCS" anchor="parcel" bfScore="--" coherenceScore="--">bn:00060109n</annotation>
		<annotation source="BABELFY" anchor="parcel of land" bfScore="1.0" coherenceScore="0.05555555555555555">bn:00060634n</annotation>
		<annotation source="BABELFY" anchor="land" bfScore="0.9018184817120943" coherenceScore="0.75">bn:00023236n</annotation>
		<annotation source="MCS" anchor="brother" bfScore="--" coherenceScore="--">bn:00011357n</annotation>
		<annotation source="BABELFY" anchor="Elimelech" bfScore="1.0" coherenceScore="0.3194444444444444">bn:00012108n</annotation>
		<annotation source="MCS" anchor="thought" bfScore="--" coherenceScore="--">bn:00083370v</annotation>
		<annotation source="MCS" anchor="advertise" bfScore="--" coherenceScore="--">bn:00082413v</annotation>
		<annotation source="MCS" anchor="saying" bfScore="--" coherenceScore="--">bn:00093287v</annotation>
		<annotation source="MCS" anchor="Buy" bfScore="--" coherenceScore="--">bn:00084331v</annotation>
		<annotation source="BABELFY" anchor="Buy it" bfScore="1.0" coherenceScore="0.013888888888888888">bn:00084340v</annotation>
		<annotation source="MCS" anchor="inhabitants" bfScore="--" coherenceScore="--">bn:00026239n</annotation>
		<annotation source="BABELFY" anchor="people" bfScore="0.7700650759219089" coherenceScore="0.20833333333333334">bn:00061450n</annotation>
		<annotation source="MCS" anchor="wilt" bfScore="--" coherenceScore="--">bn:00095776v</annotation>
		<annotation source="MCS" anchor="redeem" bfScore="--" coherenceScore="--">bn:00086537v</annotation>
		<annotation source="MCS" anchor="tell" bfScore="--" coherenceScore="--">bn:00093287v</annotation>
		<annotation source="MCS" anchor="day" bfScore="--" coherenceScore="--">bn:00000086n</annotation>
		<annotation source="MCS" anchor="field" bfScore="--" coherenceScore="--">bn:00034265n</annotation>
		<annotation source="MCS" anchor="hand" bfScore="--" coherenceScore="--">bn:00042759n</annotation>
		<annotation source="MCS" anchor="buy" bfScore="--" coherenceScore="--">bn:00084331v</annotation>
		<annotation source="BABELFY" anchor="buy it" bfScore="1.0" coherenceScore="0.013888888888888888">bn:00084340v</annotation>
		<annotation source="MCS" anchor="Moabitess" bfScore="--" coherenceScore="--">bn:13616675n</annotation>
		<annotation source="BABELFY" anchor="wife" bfScore="1.0" coherenceScore="0.18981481481481483">bn:00053531n</annotation>
		<annotation source="MCS" anchor="dead" bfScore="--" coherenceScore="--">bn:00100948a</annotation>
		<annotation source="MCS" anchor="raise" bfScore="--" coherenceScore="--">bn:00092332v</annotation>
		<annotation source="BABELFY" anchor="raise up" bfScore="1.0" coherenceScore="0.023148148148148147">bn:00082471v</annotation>
		<annotation source="BABELFY" anchor="dead" bfScore="0.8535139712108383" coherenceScore="0.12962962962962962">bn:00025501n</annotation>
		<annotation source="BABELFY" anchor="inheritance" bfScore="0.7264502394890899" coherenceScore="0.18055555555555555">bn:00043823n</annotation>
		<annotation source="MCS" anchor="mar" bfScore="--" coherenceScore="--">bn:00086480v</annotation>
		<annotation source="MCS" anchor="thyself" bfScore="--" coherenceScore="--">bn:00066821n</annotation>
		<annotation source="MCS" anchor="manner" bfScore="--" coherenceScore="--">bn:00033729n</annotation>
		<annotation source="BABELFY" anchor="time" bfScore="0.804004620716211" coherenceScore="0.2222222222222222">bn:00077270n</annotation>
		<annotation source="BABELFY" anchor="time in" bfScore="0.98" coherenceScore="0.032407407407407406">bn:03697757n</annotation>
		<annotation source="BABELFY" anchor="time in Israel" bfScore="1.0" coherenceScore="0.041666666666666664">bn:02290089n</annotation>
		<annotation source="BABELFY" anchor="Israel" bfScore="0.8678538627607677" coherenceScore="0.7870370370370371">bn:00047679n</annotation>
		<annotation source="BABELFY" anchor="concerning" bfScore="0.8820058997050148" coherenceScore="0.10648148148148148">bn:00083240v</annotation>
		<annotation source="MCS" anchor="redeeming" bfScore="--" coherenceScore="--">bn:00086537v</annotation>
		<annotation source="BABELFY" anchor="changing" bfScore="1.0" coherenceScore="0.009259259259259259">bn:02514713n</annotation>
		<annotation source="MCS" anchor="confirm" bfScore="--" coherenceScore="--">bn:00082434v</annotation>
		<annotation source="BABELFY" anchor="things" bfScore="0.9838625715773035" coherenceScore="0.20833333333333334">bn:00006125n</annotation>
		<annotation source="MCS" anchor="man" bfScore="--" coherenceScore="--">bn:00001533n</annotation>
		<annotation source="BABELFY" anchor="plucked" bfScore="0.847457627118644" coherenceScore="0.046296296296296294">bn:00089544v</annotation>
		<annotation source="BABELFY" anchor="shoe" bfScore="0.8090485695276114" coherenceScore="0.14814814814814814">bn:00071172n</annotation>
		<annotation source="MCS" anchor="neighbour" bfScore="--" coherenceScore="--">bn:00057219n</annotation>
		<annotation source="BABELFY" anchor="testimony" bfScore="0.727069351230425" coherenceScore="0.06018518518518518">bn:00076677n</annotation>
		<annotation source="MCS" anchor="drew" bfScore="--" coherenceScore="--">bn:00087234v</annotation>
		<annotation source="MCS" anchor="witnesses" bfScore="--" coherenceScore="--">bn:00046703n</annotation>
		<annotation source="MCS" anchor="bought" bfScore="--" coherenceScore="--">bn:00084331v</annotation>
		<annotation source="BABELFY" anchor="Chilion" bfScore="1.0" coherenceScore="0.1574074074074074">bn:02310406n</annotation>
		<annotation source="BABELFY" anchor="Mahlon" bfScore="1.0" coherenceScore="0.1574074074074074">bn:02310406n</annotation>
		<annotation source="BABELFY" anchor="purchased" bfScore="1.0" coherenceScore="0.08796296296296297">bn:00084331v</annotation>
		<annotation source="MCS" anchor="cut" bfScore="--" coherenceScore="--">bn:00086178v</annotation>
		<annotation source="BABELFY" anchor="cut off" bfScore="0.8" coherenceScore="0.027777777777777776">bn:00082590v</annotation>
		<annotation source="MCS" anchor="brethren" bfScore="--" coherenceScore="--">bn:00013012n</annotation>
		<annotation source="MCS" anchor="place" bfScore="--" coherenceScore="--">bn:00062699n</annotation>
		<annotation source="BABELFY" anchor="LORD" bfScore="0.8151922186197313" coherenceScore="0.2777777777777778">bn:00019003n</annotation>
		<annotation source="BABELFY" anchor="woman" bfScore="0.8977812335119825" coherenceScore="0.5648148148148148">bn:00001530n</annotation>
		<annotation source="MCS" anchor="house" bfScore="--" coherenceScore="--">bn:00044994n</annotation>
		<annotation source="BABELFY" anchor="Rachel" bfScore="0.8572354211663067" coherenceScore="0.22685185185185186">bn:00065815n</annotation>
		<annotation source="BABELFY" anchor="Leah" bfScore="0.7953216374269005" coherenceScore="0.1574074074074074">bn:02686445n</annotation>
		<annotation source="MCS" anchor="build" bfScore="--" coherenceScore="--">bn:00084198v</annotation>
		<annotation source="BABELFY" anchor="house of" bfScore="1.0" coherenceScore="0.10648148148148148">bn:00029305n</annotation>
		<annotation source="BABELFY" anchor="house of Israel" bfScore="0.9930232558139535" coherenceScore="0.35648148148148145">bn:00043496n</annotation>
		<annotation source="BABELFY" anchor="worthily" bfScore="1.0" coherenceScore="0.009259259259259259">bn:00117643r</annotation>
		<annotation source="BABELFY" anchor="Ephratah" bfScore="1.0" coherenceScore="0.05092592592592592">bn:03799822n</annotation>
		<annotation source="BABELFY" anchor="famous" bfScore="1.0" coherenceScore="0.009259259259259259">bn:00099411a</annotation>
		<annotation source="BABELFY" anchor="Bethlehem" bfScore="0.9428571428571428" coherenceScore="0.24537037037037038">bn:00009253n</annotation>
		<annotation source="BABELFY" anchor="Pharez" bfScore="1.0" coherenceScore="0.1527777777777778">bn:03479635n</annotation>
		<annotation source="BABELFY" anchor="bare" bfScore="0.8704663212435233" coherenceScore="0.05555555555555555">bn:00097745a</annotation>
		<annotation source="BABELFY" anchor="seed" bfScore="0.7963163596966414" coherenceScore="0.19444444444444445">bn:00020895n</annotation>
		<annotation source="BABELFY" anchor="young" bfScore="0.7413127413127413" coherenceScore="0.05555555555555555">bn:00104589a</annotation>
		<annotation source="BABELFY" anchor="young woman" bfScore="0.93361126181434" coherenceScore="0.5648148148148148">bn:00001530n</annotation>
		<annotation source="MCS" anchor="conception" bfScore="--" coherenceScore="--">bn:00021547n</annotation>
		<annotation source="BABELFY" anchor="bare" bfScore="0.7241379310344828" coherenceScore="0.013888888888888888">bn:00082494v</annotation>
		<annotation source="BABELFY" anchor="son" bfScore="0.9236818588025022" coherenceScore="0.35185185185185186">bn:00051877n</annotation>
		<annotation source="BABELFY" anchor="women" bfScore="0.8977064474926417" coherenceScore="0.5648148148148148">bn:00001530n</annotation>
		<annotation source="BABELFY" anchor="Blessed" bfScore="0.8771929824561403" coherenceScore="0.046296296296296294">bn:14355372n</annotation>
		<annotation source="MCS" anchor="left" bfScore="--" coherenceScore="--">bn:00088939v</annotation>
		<annotation source="MCS" anchor="restorer" bfScore="--" coherenceScore="--">bn:00064229n</annotation>
		<annotation source="BABELFY" anchor="life" bfScore="0.7091247672253259" coherenceScore="0.25925925925925924">bn:00051054n</annotation>
		<annotation source="BABELFY" anchor="nourisher" bfScore="1.0" coherenceScore="0.11574074074074074">bn:00221254n</annotation>
		<annotation source="MCS" anchor="old" bfScore="--" coherenceScore="--">bn:00107786a</annotation>
		<annotation source="BABELFY" anchor="old age" bfScore="1.0" coherenceScore="0.16666666666666666">bn:00001940n</annotation>
		<annotation source="MCS" anchor="age" bfScore="--" coherenceScore="--">bn:00001936n</annotation>
		<annotation source="BABELFY" anchor="daughter" bfScore="0.9997481108312343" coherenceScore="0.22685185185185186">bn:00025364n</annotation>
		<annotation source="BABELFY" anchor="law" bfScore="0.7773780640843303" coherenceScore="0.4675925925925926">bn:00048655n</annotation>
		<annotation source="MCS" anchor="loveth" bfScore="--" coherenceScore="--">bn:13729784n</annotation>
		<annotation source="BABELFY" anchor="better" bfScore="0.7428571428571429" coherenceScore="0.06018518518518518">bn:00103673a</annotation>
		<annotation source="BABELFY" anchor="sons" bfScore="0.9138007249580055" coherenceScore="0.35185185185185186">bn:00051877n</annotation>
		<annotation source="MCS" anchor="born" bfScore="--" coherenceScore="--">bn:00083221v</annotation>
		<annotation source="BABELFY" anchor="child" bfScore="0.8221147004411555" coherenceScore="0.49074074074074076">bn:00018346n</annotation>
		<annotation source="BABELFY" anchor="laid" bfScore="0.7550689375506894" coherenceScore="0.08796296296296297">bn:00090224v</annotation>
		<annotation source="BABELFY" anchor="bosom" bfScore="0.9621087314662273" coherenceScore="0.18518518518518517">bn:00012047n</annotation>
		<annotation source="MCS" anchor="nurse" bfScore="--" coherenceScore="--">bn:00058325n</annotation>
		<annotation source="MCS" anchor="neighbours" bfScore="--" coherenceScore="--">bn:00057219n</annotation>
		<annotation source="MCS" anchor="called" bfScore="--" coherenceScore="--">bn:00084385v</annotation>
		<annotation source="MCS" anchor="father" bfScore="--" coherenceScore="--">bn:00009616n</annotation>
		<annotation source="BABELFY" anchor="Jesse" bfScore="0.9304677623261695" coherenceScore="0.2222222222222222">bn:02016157n</annotation>
		<annotation source="BABELFY" anchor="David" bfScore="0.8807871068992575" coherenceScore="0.35185185185185186">bn:00025377n</annotation>
		<annotation source="MCS" anchor="generations" bfScore="--" coherenceScore="--">bn:00020407n</annotation>
		<annotation source="BABELFY" anchor="begat" bfScore="1.0" coherenceScore="0.125">bn:00083336v</annotation>
		<annotation source="BABELFY" anchor="Hezron" bfScore="1.0" coherenceScore="0.1574074074074074">bn:02685414n</annotation>
		<annotation source="BABELFY" anchor="Ram" bfScore="0.7144927536231884" coherenceScore="0.1574074074074074">bn:00373068n</annotation>
		<annotation source="BABELFY" anchor="Amminadab" bfScore="0.9410187667560321" coherenceScore="0.18055555555555555">bn:00831922n</annotation>
		<annotation source="BABELFY" anchor="Nahshon" bfScore="0.8661087866108786" coherenceScore="0.18055555555555555">bn:00842310n</annotation>
		<annotation source="BABELFY" anchor="Salmon" bfScore="0.938163001293661" coherenceScore="0.22685185185185186">bn:03190627n</annotation>
		<annotation source="BABELFY" anchor="Obed" bfScore="1.0" coherenceScore="0.2361111111111111">bn:03892591n</annotation>
	</annotations>
</paragraph>
</dataset>
