<?xml version="1.0" encoding="utf-8"?>
<dataset language="EN" title="TIT">
<paragraph id="p.1">
	<text>
		Paul , a servant of God , and an apostle of Jesus Christ , according to the faith of God&amp;apos;s elect , and the acknowledging of the truth which is after godliness ;
		In hope of eternal life , which God , that cannot lie , promised before the world began ;
		But hath in due times manifested his word through preaching , which is committed unto me according to the commandment of God our Saviour ;
		To Titus , mine own son after the common faith : Grace , mercy , and peace , from God the Father and the Lord Jesus Christ our Saviour .
		For this cause left I thee in Crete , that thou shouldest set in order the things that are wanting , and ordain elders in every city , as I had appointed thee :
		If any be blameless , the husband of one wife , having faithful children not accused of riot or unruly .
		For a bishop must be blameless , as the steward of God ; not selfwilled , not soon angry , not given to wine , no striker , not given to filthy lucre ;
		But a lover of hospitality , a lover of good men , sober , just , holy , temperate ;
		Holding fast the faithful word as he hath been taught , that he may be able by sound doctrine both to exhort and to convince the gainsayers .
		For there are many unruly and vain talkers and deceivers , specially they of the circumcision :
		Whose mouths must be stopped , who subvert whole houses , teaching things which they ought not , for filthy lucre&amp;apos;s sake .
		One of themselves , even a prophet of their own , said , The Cretians are alway liars , evil beasts , slow bellies .
		This witness is true . Wherefore rebuke them sharply , that they may be sound in the faith ;
		Not giving heed to Jewish fables , and commandments of men , that turn from the truth .
		Unto the pure all things are pure : but unto them that are defiled and unbelieving is nothing pure ; but even their mind and conscience is defiled .
		They profess that they know God ; but in works they deny him , being abominable , and disobedient , and unto every good work reprobate .
	</text>
	<annotations>
		<annotation source="BABELFY" anchor="Paul" bfScore="0.9067765789792702" coherenceScore="0.4594594594594595">bn:00004984n</annotation>
		<annotation source="BABELFY" anchor="servant" bfScore="0.8854727132974635" coherenceScore="0.21621621621621623">bn:00067423n</annotation>
		<annotation source="BABELFY" anchor="servant of God" bfScore="1.0" coherenceScore="0.19594594594594594">bn:01187666n</annotation>
		<annotation source="MCS" anchor="apostle" bfScore="--" coherenceScore="--">bn:00004981n</annotation>
		<annotation source="BABELFY" anchor="Jesus" bfScore="0.8361039676708303" coherenceScore="0.6891891891891891">bn:00018805n</annotation>
		<annotation source="BABELFY" anchor="Jesus Christ" bfScore="0.9536907536907537" coherenceScore="0.6891891891891891">bn:00018805n</annotation>
		<annotation source="BABELFY" anchor="Christ" bfScore="0.9715056750535757" coherenceScore="0.6891891891891891">bn:00018805n</annotation>
		<annotation source="BABELFY" anchor="according" bfScore="1.0" coherenceScore="0.006756756756756757">bn:00082227v</annotation>
		<annotation source="BABELFY" anchor="faith" bfScore="0.9263430396251016" coherenceScore="0.7905405405405406">bn:00032768n</annotation>
		<annotation source="BABELFY" anchor="elect" bfScore="0.8205128205128205" coherenceScore="0.10810810810810811">bn:00030113n</annotation>
		<annotation source="MCS" anchor="acknowledging" bfScore="--" coherenceScore="--">bn:00082267v</annotation>
		<annotation source="MCS" anchor="truth" bfScore="--" coherenceScore="--">bn:00078498n</annotation>
		<annotation source="BABELFY" anchor="godliness" bfScore="0.85381091211995" coherenceScore="0.33783783783783783">bn:00025995n</annotation>
		<annotation source="MCS" anchor="hope" bfScore="--" coherenceScore="--">bn:00044736n</annotation>
		<annotation source="BABELFY" anchor="eternal" bfScore="0.8" coherenceScore="0.013513513513513514">bn:00102212a</annotation>
		<annotation source="MCS" anchor="eternal life" bfScore="--" coherenceScore="--">bn:00031685n</annotation>
		<annotation source="MCS" anchor="life" bfScore="--" coherenceScore="--">bn:00051045n</annotation>
		<annotation source="BABELFY" anchor="lie" bfScore="0.9597156398104265" coherenceScore="0.18243243243243243">bn:00090324v</annotation>
		<annotation source="MCS" anchor="promised" bfScore="--" coherenceScore="--">bn:00082881v</annotation>
		<annotation source="MCS" anchor="world" bfScore="--" coherenceScore="--">bn:00022991n</annotation>
		<annotation source="MCS" anchor="due times" bfScore="--" coherenceScore="--">bn:00204608n</annotation>
		<annotation source="BABELFY" anchor="times" bfScore="0.748823005471434" coherenceScore="0.3716216216216216">bn:00077270n</annotation>
		<annotation source="BABELFY" anchor="manifested" bfScore="1.0" coherenceScore="0.02702702702702703">bn:00082913v</annotation>
		<annotation source="MCS" anchor="word" bfScore="--" coherenceScore="--">bn:00081546n</annotation>
		<annotation source="BABELFY" anchor="preaching" bfScore="0.99727241732015" coherenceScore="0.2635135135135135">bn:00027522n</annotation>
		<annotation source="BABELFY" anchor="committed" bfScore="0.7526132404181185" coherenceScore="0.24324324324324326">bn:00085427v</annotation>
		<annotation source="MCS" anchor="commandment" bfScore="--" coherenceScore="--">bn:00020960n</annotation>
		<annotation source="BABELFY" anchor="Saviour" bfScore="0.9816035729476819" coherenceScore="0.6891891891891891">bn:00018805n</annotation>
		<annotation source="BABELFY" anchor="son" bfScore="0.83947532792005" coherenceScore="0.28378378378378377">bn:00051877n</annotation>
		<annotation source="MCS" anchor="common" bfScore="--" coherenceScore="--">bn:00100090a</annotation>
		<annotation source="MCS" anchor="Grace" bfScore="--" coherenceScore="--">bn:00041221n</annotation>
		<annotation source="MCS" anchor="mercy" bfScore="--" coherenceScore="--">bn:00019708n</annotation>
		<annotation source="MCS" anchor="peace" bfScore="--" coherenceScore="--">bn:00061149n</annotation>
		<annotation source="BABELFY" anchor="God the Father" bfScore="1.0" coherenceScore="0.25">bn:03137478n</annotation>
		<annotation source="MCS" anchor="Father" bfScore="--" coherenceScore="--">bn:00009616n</annotation>
		<annotation source="BABELFY" anchor="Lord Jesus" bfScore="1.0" coherenceScore="0.6959459459459459">bn:00018805n</annotation>
		<annotation source="BABELFY" anchor="Lord Jesus Christ" bfScore="1.0" coherenceScore="0.6959459459459459">bn:00018805n</annotation>
		<annotation source="MCS" anchor="left" bfScore="--" coherenceScore="--">bn:00088939v</annotation>
		<annotation source="BABELFY" anchor="Crete" bfScore="0.8410117434507678" coherenceScore="0.25675675675675674">bn:00023770n</annotation>
		<annotation source="MCS" anchor="order" bfScore="--" coherenceScore="--">bn:00059303n</annotation>
		<annotation source="BABELFY" anchor="things" bfScore="0.9552631578947368" coherenceScore="0.14864864864864866">bn:00006125n</annotation>
		<annotation source="BABELFY" anchor="things that are" bfScore="1.0" coherenceScore="0.02027027027027027">bn:01246537n</annotation>
		<annotation source="MCS" anchor="wanting" bfScore="--" coherenceScore="--">bn:00086682v</annotation>
		<annotation source="MCS" anchor="ordain" bfScore="--" coherenceScore="--">bn:00087588v</annotation>
		<annotation source="MCS" anchor="elders" bfScore="--" coherenceScore="--">bn:00030100n</annotation>
		<annotation source="BABELFY" anchor="city" bfScore="0.7154650522839846" coherenceScore="0.33783783783783783">bn:03335997n</annotation>
		<annotation source="MCS" anchor="appointed" bfScore="--" coherenceScore="--">bn:00082715v</annotation>
		<annotation source="BABELFY" anchor="blameless" bfScore="1.0" coherenceScore="0.013513513513513514">bn:00098519a</annotation>
		<annotation source="MCS" anchor="husband" bfScore="--" coherenceScore="--">bn:00045106n</annotation>
		<annotation source="BABELFY" anchor="wife" bfScore="1.0" coherenceScore="0.2635135135135135">bn:00053531n</annotation>
		<annotation source="MCS" anchor="faithful" bfScore="--" coherenceScore="--">bn:00102728a</annotation>
		<annotation source="BABELFY" anchor="children" bfScore="0.7065005838847801" coherenceScore="0.5067567567567568">bn:00018346n</annotation>
		<annotation source="BABELFY" anchor="accused" bfScore="0.8" coherenceScore="0.013513513513513514">bn:00082249v</annotation>
		<annotation source="BABELFY" anchor="riot" bfScore="0.8468809073724007" coherenceScore="0.21621621621621623">bn:00007690n</annotation>
		<annotation source="BABELFY" anchor="unruly" bfScore="0.9222011385199241" coherenceScore="0.18243243243243243">bn:00104980a</annotation>
		<annotation source="MCS" anchor="bishop" bfScore="--" coherenceScore="--">bn:00010706n</annotation>
		<annotation source="MCS" anchor="steward" bfScore="--" coherenceScore="--">bn:00074243n</annotation>
		<annotation source="MCS" anchor="angry" bfScore="--" coherenceScore="--">bn:00097107a</annotation>
		<annotation source="BABELFY" anchor="wine" bfScore="0.9498233215547703" coherenceScore="0.28378378378378377">bn:00080022n</annotation>
		<annotation source="MCS" anchor="striker" bfScore="--" coherenceScore="--">bn:00074678n</annotation>
		<annotation source="BABELFY" anchor="filthy" bfScore="0.7142857142857143" coherenceScore="0.060810810810810814">bn:00100720a</annotation>
		<annotation source="BABELFY" anchor="filthy lucre" bfScore="0.8" coherenceScore="0.02702702702702703">bn:01826874n</annotation>
		<annotation source="MCS" anchor="lucre" bfScore="--" coherenceScore="--">bn:00012054n</annotation>
		<annotation source="MCS" anchor="lover" bfScore="--" coherenceScore="--">bn:00052143n</annotation>
		<annotation source="BABELFY" anchor="hospitality" bfScore="0.8690937257939582" coherenceScore="0.22297297297297297">bn:01381978n</annotation>
		<annotation source="MCS" anchor="good" bfScore="--" coherenceScore="--">bn:00103672a</annotation>
		<annotation source="MCS" anchor="men" bfScore="--" coherenceScore="--">bn:00001533n</annotation>
		<annotation source="BABELFY" anchor="sober" bfScore="0.9234972677595629" coherenceScore="0.08783783783783784">bn:00103758a</annotation>
		<annotation source="BABELFY" anchor="holy" bfScore="1.0" coherenceScore="0.19594594594594594">bn:00104250a</annotation>
		<annotation source="BABELFY" anchor="temperate" bfScore="0.8596491228070176" coherenceScore="0.0472972972972973">bn:00111708a</annotation>
		<annotation source="MCS" anchor="Holding" bfScore="--" coherenceScore="--">bn:00089384v</annotation>
		<annotation source="BABELFY" anchor="fast" bfScore="0.8" coherenceScore="0.013513513513513514">bn:00115336r</annotation>
		<annotation source="BABELFY" anchor="taught" bfScore="0.8601864181091877" coherenceScore="0.22972972972972974">bn:00089791v</annotation>
		<annotation source="MCS" anchor="able" bfScore="--" coherenceScore="--">bn:00096151a</annotation>
		<annotation source="MCS" anchor="sound" bfScore="--" coherenceScore="--">bn:00110939a</annotation>
		<annotation source="BABELFY" anchor="doctrine" bfScore="0.7277882797731569" coherenceScore="0.23648648648648649">bn:00028013n</annotation>
		<annotation source="MCS" anchor="exhort" bfScore="--" coherenceScore="--">bn:00083132v</annotation>
		<annotation source="BABELFY" anchor="convince" bfScore="1.0" coherenceScore="0.1554054054054054">bn:00085767v</annotation>
		<annotation source="MCS" anchor="gainsayers" bfScore="--" coherenceScore="--">bn:13670095n</annotation>
		<annotation source="BABELFY" anchor="vain" bfScore="0.9370179948586118" coherenceScore="0.18243243243243243">bn:00100184a</annotation>
		<annotation source="BABELFY" anchor="talkers" bfScore="1.0" coherenceScore="0.07432432432432433">bn:00073170n</annotation>
		<annotation source="BABELFY" anchor="deceivers" bfScore="0.9798270893371758" coherenceScore="0.20270270270270271">bn:00009646n</annotation>
		<annotation source="BABELFY" anchor="specially" bfScore="0.9742120343839542" coherenceScore="0.11486486486486487">bn:00115235r</annotation>
		<annotation source="MCS" anchor="circumcision" bfScore="--" coherenceScore="--">bn:00019203n</annotation>
		<annotation source="MCS" anchor="mouths" bfScore="--" coherenceScore="--">bn:00056135n</annotation>
		<annotation source="MCS" anchor="stopped" bfScore="--" coherenceScore="--">bn:00089154v</annotation>
		<annotation source="BABELFY" anchor="subvert" bfScore="0.7601809954751131" coherenceScore="0.08108108108108109">bn:00085844v</annotation>
		<annotation source="MCS" anchor="houses" bfScore="--" coherenceScore="--">bn:00044994n</annotation>
		<annotation source="BABELFY" anchor="teaching" bfScore="0.8601864181091877" coherenceScore="0.22972972972972974">bn:00089791v</annotation>
		<annotation source="BABELFY" anchor="sake" bfScore="0.7671232876712328" coherenceScore="0.0472972972972973">bn:00067720n</annotation>
		<annotation source="BABELFY" anchor="prophet" bfScore="0.7584729255940786" coherenceScore="0.3716216216216216">bn:00064759n</annotation>
		<annotation source="BABELFY" anchor="alway" bfScore="1.0" coherenceScore="0.006756756756756757">bn:03262579n</annotation>
		<annotation source="MCS" anchor="liars" bfScore="--" coherenceScore="--">bn:00050928n</annotation>
		<annotation source="MCS" anchor="evil" bfScore="--" coherenceScore="--">bn:00102474a</annotation>
		<annotation source="BABELFY" anchor="beasts" bfScore="0.8960837819898223" coherenceScore="0.5472972972972973">bn:00004222n</annotation>
		<annotation source="MCS" anchor="slow" bfScore="--" coherenceScore="--">bn:00110767a</annotation>
		<annotation source="MCS" anchor="slow bellies" bfScore="--" coherenceScore="--">bn:13637348n</annotation>
		<annotation source="MCS" anchor="bellies" bfScore="--" coherenceScore="--">bn:00000249n</annotation>
		<annotation source="MCS" anchor="witness" bfScore="--" coherenceScore="--">bn:00046703n</annotation>
		<annotation source="MCS" anchor="true" bfScore="--" coherenceScore="--">bn:00112146a</annotation>
		<annotation source="BABELFY" anchor="rebuke" bfScore="1.0" coherenceScore="0.013513513513513514">bn:00083177v</annotation>
		<annotation source="MCS" anchor="sharply" bfScore="--" coherenceScore="--">bn:00114176r</annotation>
		<annotation source="MCS" anchor="giving heed" bfScore="--" coherenceScore="--">bn:13671432v</annotation>
		<annotation source="BABELFY" anchor="heed" bfScore="0.7058823529411765" coherenceScore="0.02027027027027027">bn:00007026n</annotation>
		<annotation source="BABELFY" anchor="Jewish" bfScore="1.0" coherenceScore="0.16891891891891891">bn:00105531a</annotation>
		<annotation source="MCS" anchor="fables" bfScore="--" coherenceScore="--">bn:00032590n</annotation>
		<annotation source="MCS" anchor="commandments" bfScore="--" coherenceScore="--">bn:00020960n</annotation>
		<annotation source="BABELFY" anchor="turn" bfScore="0.922266139657444" coherenceScore="0.16891891891891891">bn:00095246v</annotation>
		<annotation source="MCS" anchor="pure" bfScore="--" coherenceScore="--">bn:00109244a</annotation>
		<annotation source="BABELFY" anchor="defiled" bfScore="0.9248291571753986" coherenceScore="0.1891891891891892">bn:00086404v</annotation>
		<annotation source="MCS" anchor="unbelieving" bfScore="--" coherenceScore="--">bn:00097686a</annotation>
		<annotation source="MCS" anchor="mind" bfScore="--" coherenceScore="--">bn:00012681n</annotation>
		<annotation source="MCS" anchor="conscience" bfScore="--" coherenceScore="--">bn:00021945n</annotation>
		<annotation source="MCS" anchor="profess" bfScore="--" coherenceScore="--">bn:00092040v</annotation>
		<annotation source="MCS" anchor="works" bfScore="--" coherenceScore="--">bn:00081568n</annotation>
		<annotation source="MCS" anchor="deny" bfScore="--" coherenceScore="--">bn:00086591v</annotation>
		<annotation source="MCS" anchor="abominable" bfScore="--" coherenceScore="--">bn:00096164a</annotation>
		<annotation source="MCS" anchor="disobedient" bfScore="--" coherenceScore="--">bn:00101546a</annotation>
		<annotation source="MCS" anchor="work" bfScore="--" coherenceScore="--">bn:00081568n</annotation>
		<annotation source="MCS" anchor="reprobate" bfScore="--" coherenceScore="--">bn:00055283n</annotation>
	</annotations>
</paragraph>
<paragraph id="p.2">
	<text>
		But speak thou the things which become sound doctrine :
		That the aged men be sober , grave , temperate , sound in faith , in charity , in patience .
		The aged women likewise , that they be in behaviour as becometh holiness , not false accusers , not given to much wine , teachers of good things ;
		That they may teach the young women to be sober , to love their husbands , to love their children ,
		To be discreet , chaste , keepers at home , good , obedient to their own husbands , that the word of God be not blasphemed .
		Young men likewise exhort to be sober minded .
		In all things shewing thyself a pattern of good works : in doctrine shewing uncorruptness , gravity , sincerity ,
		Sound speech , that cannot be condemned ; that he that is of the contrary part may be ashamed , having no evil thing to say of you .
		Exhort servants to be obedient unto their own masters , and to please them well in all things ; not answering again ;
		Not purloining , but shewing all good fidelity ; that they may adorn the doctrine of God our Saviour in all things .
		For the grace of God that bringeth salvation hath appeared to all men ,
		Teaching us that , denying ungodliness and worldly lusts , we should live soberly , righteously , and godly , in this present world ;
		Looking for that blessed hope , and the glorious appearing of the great God and our Saviour Jesus Christ ;
		Who gave himself for us , that he might redeem us from all iniquity , and purify unto himself a peculiar people , zealous of good works .
		These things speak , and exhort , and rebuke with all authority . Let no man despise thee .
	</text>
	<annotations>
		<annotation source="MCS" anchor="speak" bfScore="--" coherenceScore="--">bn:00090943v</annotation>
		<annotation source="BABELFY" anchor="things" bfScore="0.9108159392789373" coherenceScore="0.24242424242424243">bn:00006125n</annotation>
		<annotation source="MCS" anchor="sound" bfScore="--" coherenceScore="--">bn:00110939a</annotation>
		<annotation source="MCS" anchor="doctrine" bfScore="--" coherenceScore="--">bn:00028013n</annotation>
		<annotation source="MCS" anchor="aged" bfScore="--" coherenceScore="--">bn:00096644a</annotation>
		<annotation source="BABELFY" anchor="men" bfScore="0.7170941924892263" coherenceScore="0.7878787878787878">bn:00044576n</annotation>
		<annotation source="BABELFY" anchor="sober" bfScore="0.7477744807121661" coherenceScore="0.09090909090909091">bn:00103758a</annotation>
		<annotation source="MCS" anchor="grave" bfScore="--" coherenceScore="--">bn:00103758a</annotation>
		<annotation source="BABELFY" anchor="temperate" bfScore="0.8305084745762712" coherenceScore="0.05303030303030303">bn:00111708a</annotation>
		<annotation source="BABELFY" anchor="faith" bfScore="0.912927934969517" coherenceScore="0.7575757575757576">bn:00032768n</annotation>
		<annotation source="MCS" anchor="charity" bfScore="--" coherenceScore="--">bn:00017818n</annotation>
		<annotation source="MCS" anchor="patience" bfScore="--" coherenceScore="--">bn:00035762n</annotation>
		<annotation source="MCS" anchor="aged" bfScore="--" coherenceScore="--">bn:00082449v</annotation>
		<annotation source="BABELFY" anchor="women" bfScore="0.8178388009642595" coherenceScore="0.38636363636363635">bn:00001530n</annotation>
		<annotation source="BABELFY" anchor="likewise" bfScore="1.0" coherenceScore="0.007575757575757576">bn:00114246r</annotation>
		<annotation source="BABELFY" anchor="behaviour" bfScore="0.7575811314062777" coherenceScore="0.36363636363636365">bn:00009657n</annotation>
		<annotation source="BABELFY" anchor="holiness" bfScore="1.0" coherenceScore="0.19696969696969696">bn:00044420n</annotation>
		<annotation source="MCS" anchor="false" bfScore="--" coherenceScore="--">bn:00102746a</annotation>
		<annotation source="BABELFY" anchor="false accusers" bfScore="1.0" coherenceScore="0.10606060606060606">bn:14884989n</annotation>
		<annotation source="BABELFY" anchor="accusers" bfScore="1.0" coherenceScore="0.14393939393939395">bn:00000788n</annotation>
		<annotation source="BABELFY" anchor="wine" bfScore="0.7792754844144903" coherenceScore="0.1893939393939394">bn:00080022n</annotation>
		<annotation source="MCS" anchor="teachers" bfScore="--" coherenceScore="--">bn:00046958n</annotation>
		<annotation source="MCS" anchor="good" bfScore="--" coherenceScore="--">bn:00103672a</annotation>
		<annotation source="BABELFY" anchor="good things" bfScore="0.7619047619047619" coherenceScore="0.030303030303030304">bn:03451245n</annotation>
		<annotation source="BABELFY" anchor="teach" bfScore="0.734966592427617" coherenceScore="0.16666666666666666">bn:00089791v</annotation>
		<annotation source="BABELFY" anchor="young" bfScore="0.7536231884057971" coherenceScore="0.19696969696969696">bn:00104589a</annotation>
		<annotation source="BABELFY" anchor="young women" bfScore="0.7672131147540984" coherenceScore="0.38636363636363635">bn:00001530n</annotation>
		<annotation source="MCS" anchor="love" bfScore="--" coherenceScore="--">bn:00090504v</annotation>
		<annotation source="MCS" anchor="husbands" bfScore="--" coherenceScore="--">bn:00045106n</annotation>
		<annotation source="BABELFY" anchor="children" bfScore="0.7555067869625295" coherenceScore="0.49242424242424243">bn:00018346n</annotation>
		<annotation source="MCS" anchor="discreet" bfScore="--" coherenceScore="--">bn:00101493a</annotation>
		<annotation source="MCS" anchor="chaste" bfScore="--" coherenceScore="--">bn:00099550a</annotation>
		<annotation source="BABELFY" anchor="keepers" bfScore="0.8235294117647058" coherenceScore="0.1590909090909091">bn:00048884n</annotation>
		<annotation source="BABELFY" anchor="keepers at home" bfScore="1.0" coherenceScore="0.09848484848484848">bn:15808469n</annotation>
		<annotation source="MCS" anchor="home" bfScore="--" coherenceScore="--">bn:00000356n</annotation>
		<annotation source="BABELFY" anchor="obedient" bfScore="1.0" coherenceScore="0.09090909090909091">bn:00107668a</annotation>
		<annotation source="MCS" anchor="word" bfScore="--" coherenceScore="--">bn:00081546n</annotation>
		<annotation source="BABELFY" anchor="word of God" bfScore="0.9503164934909829" coherenceScore="0.553030303030303">bn:00010217n</annotation>
		<annotation source="BABELFY" anchor="God" bfScore="0.7466882543420665" coherenceScore="0.7196969696969697">bn:00040878n</annotation>
		<annotation source="BABELFY" anchor="blasphemed" bfScore="0.7983193277310925" coherenceScore="0.14393939393939395">bn:00083560v</annotation>
		<annotation source="BABELFY" anchor="Young" bfScore="0.7536231884057971" coherenceScore="0.19696969696969696">bn:00104589a</annotation>
		<annotation source="BABELFY" anchor="Young men" bfScore="0.7638157894736842" coherenceScore="0.20454545454545456">bn:00009419n</annotation>
		<annotation source="MCS" anchor="exhort" bfScore="--" coherenceScore="--">bn:00083132v</annotation>
		<annotation source="BABELFY" anchor="minded" bfScore="0.7986725663716814" coherenceScore="0.14393939393939395">bn:00090794v</annotation>
		<annotation source="BABELFY" anchor="shewing" bfScore="1.0" coherenceScore="0.022727272727272728">bn:00086567v</annotation>
		<annotation source="BABELFY" anchor="thyself" bfScore="1.0" coherenceScore="0.007575757575757576">bn:00066821n</annotation>
		<annotation source="MCS" anchor="pattern" bfScore="--" coherenceScore="--">bn:00035908n</annotation>
		<annotation source="BABELFY" anchor="good works" bfScore="0.8223350253807107" coherenceScore="0.2727272727272727">bn:00041221n</annotation>
		<annotation source="MCS" anchor="works" bfScore="--" coherenceScore="--">bn:00081568n</annotation>
		<annotation source="MCS" anchor="gravity" bfScore="--" coherenceScore="--">bn:00041491n</annotation>
		<annotation source="MCS" anchor="sincerity" bfScore="--" coherenceScore="--">bn:00029412n</annotation>
		<annotation source="MCS" anchor="Sound" bfScore="--" coherenceScore="--">bn:00110939a</annotation>
		<annotation source="BABELFY" anchor="speech" bfScore="0.7081534163068326" coherenceScore="0.25757575757575757">bn:00049911n</annotation>
		<annotation source="MCS" anchor="condemned" bfScore="--" coherenceScore="--">bn:00085544v</annotation>
		<annotation source="BABELFY" anchor="contrary" bfScore="0.9424083769633508" coherenceScore="0.09090909090909091">bn:00100400a</annotation>
		<annotation source="BABELFY" anchor="ashamed" bfScore="1.0" coherenceScore="0.12878787878787878">bn:00097581a</annotation>
		<annotation source="MCS" anchor="evil" bfScore="--" coherenceScore="--">bn:00102474a</annotation>
		<annotation source="MCS" anchor="Exhort" bfScore="--" coherenceScore="--">bn:00083132v</annotation>
		<annotation source="MCS" anchor="servants" bfScore="--" coherenceScore="--">bn:00067423n</annotation>
		<annotation source="MCS" anchor="masters" bfScore="--" coherenceScore="--">bn:00052664n</annotation>
		<annotation source="MCS" anchor="answering" bfScore="--" coherenceScore="--">bn:00082646v</annotation>
		<annotation source="BABELFY" anchor="purloining" bfScore="1.0" coherenceScore="0.045454545454545456">bn:00082181v</annotation>
		<annotation source="MCS" anchor="fidelity" bfScore="--" coherenceScore="--">bn:00034258n</annotation>
		<annotation source="BABELFY" anchor="adorn" bfScore="0.7679180887372014" coherenceScore="0.11363636363636363">bn:00082388v</annotation>
		<annotation source="BABELFY" anchor="doctrine of God" bfScore="1.0" coherenceScore="0.17424242424242425">bn:00221254n</annotation>
		<annotation source="BABELFY" anchor="Saviour" bfScore="0.9751619319630744" coherenceScore="0.6060606060606061">bn:00018805n</annotation>
		<annotation source="MCS" anchor="grace" bfScore="--" coherenceScore="--">bn:00041221n</annotation>
		<annotation source="BABELFY" anchor="grace of God" bfScore="1.0" coherenceScore="0.1893939393939394">bn:00036349n</annotation>
		<annotation source="MCS" anchor="salvation" bfScore="--" coherenceScore="--">bn:00066712n</annotation>
		<annotation source="MCS" anchor="appeared" bfScore="--" coherenceScore="--">bn:00082690v</annotation>
		<annotation source="BABELFY" anchor="Teaching" bfScore="0.734966592427617" coherenceScore="0.16666666666666666">bn:00089791v</annotation>
		<annotation source="MCS" anchor="denying" bfScore="--" coherenceScore="--">bn:00086591v</annotation>
		<annotation source="BABELFY" anchor="ungodliness" bfScore="1.0" coherenceScore="0.13636363636363635">bn:00040893n</annotation>
		<annotation source="MCS" anchor="worldly" bfScore="--" coherenceScore="--">bn:00110267a</annotation>
		<annotation source="MCS" anchor="lusts" bfScore="--" coherenceScore="--">bn:00050478n</annotation>
		<annotation source="MCS" anchor="live" bfScore="--" coherenceScore="--">bn:00087441v</annotation>
		<annotation source="BABELFY" anchor="soberly" bfScore="1.0" coherenceScore="0.045454545454545456">bn:00115549r</annotation>
		<annotation source="BABELFY" anchor="righteously" bfScore="1.0" coherenceScore="0.06818181818181818">bn:00116867r</annotation>
		<annotation source="MCS" anchor="godly" bfScore="--" coherenceScore="--">bn:00103659a</annotation>
		<annotation source="BABELFY" anchor="present" bfScore="0.974025974025974" coherenceScore="0.07575757575757576">bn:00108977a</annotation>
		<annotation source="MCS" anchor="world" bfScore="--" coherenceScore="--">bn:00022991n</annotation>
		<annotation source="MCS" anchor="Looking" bfScore="--" coherenceScore="--">bn:00090448v</annotation>
		<annotation source="BABELFY" anchor="Looking for" bfScore="0.972972972972973" coherenceScore="0.045454545454545456">bn:00090460v</annotation>
		<annotation source="MCS" anchor="blessed" bfScore="--" coherenceScore="--">bn:00098556a</annotation>
		<annotation source="MCS" anchor="hope" bfScore="--" coherenceScore="--">bn:00044736n</annotation>
		<annotation source="BABELFY" anchor="glorious" bfScore="0.75" coherenceScore="0.007575757575757576">bn:00103628a</annotation>
		<annotation source="MCS" anchor="appearing" bfScore="--" coherenceScore="--">bn:00082690v</annotation>
		<annotation source="MCS" anchor="great" bfScore="--" coherenceScore="--">bn:00103779a</annotation>
		<annotation source="BABELFY" anchor="Jesus" bfScore="0.90315142198309" coherenceScore="0.6060606060606061">bn:00018805n</annotation>
		<annotation source="BABELFY" anchor="Jesus Christ" bfScore="0.9719244512506381" coherenceScore="0.6060606060606061">bn:00018805n</annotation>
		<annotation source="BABELFY" anchor="Christ" bfScore="0.9792882599039305" coherenceScore="0.6060606060606061">bn:00018805n</annotation>
		<annotation source="BABELFY" anchor="redeem" bfScore="0.99836867862969" coherenceScore="0.13636363636363635">bn:00086537v</annotation>
		<annotation source="BABELFY" anchor="iniquity" bfScore="0.8822751322751323" coherenceScore="0.17424242424242425">bn:00032048n</annotation>
		<annotation source="MCS" anchor="purify" bfScore="--" coherenceScore="--">bn:00087054v</annotation>
		<annotation source="MCS" anchor="peculiar" bfScore="--" coherenceScore="--">bn:00100783a</annotation>
		<annotation source="BABELFY" anchor="peculiar people" bfScore="1.0" coherenceScore="0.09090909090909091">bn:00622692n</annotation>
		<annotation source="BABELFY" anchor="people" bfScore="0.8315217391304348" coherenceScore="0.20454545454545456">bn:00061450n</annotation>
		<annotation source="BABELFY" anchor="zealous" bfScore="1.0" coherenceScore="0.12121212121212122">bn:00097865a</annotation>
		<annotation source="BABELFY" anchor="rebuke" bfScore="1.0" coherenceScore="0.11363636363636363">bn:16176234n</annotation>
		<annotation source="MCS" anchor="authority" bfScore="--" coherenceScore="--">bn:00007293n</annotation>
		<annotation source="BABELFY" anchor="man" bfScore="0.7170941924892263" coherenceScore="0.7878787878787878">bn:00044576n</annotation>
		<annotation source="BABELFY" anchor="despise" bfScore="1.0" coherenceScore="0.05303030303030303">bn:00085702v</annotation>
	</annotations>
</paragraph>
<paragraph id="p.3">
	<text>
		Put them in mind to be subject to principalities and powers , to obey magistrates , to be ready to every good work ,
		To speak evil of no man , to be no brawlers , but gentle , shewing all meekness unto all men .
		For we ourselves also were sometimes foolish , disobedient , deceived , serving divers lusts and pleasures , living in malice and envy , hateful , and hating one another .
		But after that the kindness and love of God our Saviour toward man appeared ,
		Not by works of righteousness which we have done , but according to his mercy he saved us , by the washing of regeneration , and renewing of the Holy Ghost ;
		Which he shed on us abundantly through Jesus Christ our Saviour ;
		That being justified by his grace , we should be made heirs according to the hope of eternal life .
		This is a faithful saying , and these things I will that thou affirm constantly , that they which have believed in God might be careful to maintain good works . These things are good and profitable unto men .
		But avoid foolish questions , and genealogies , and contentions , and strivings about the law ; for they are unprofitable and vain .
		A man that is an heretick after the first and second admonition reject ;
		Knowing that he that is such is subverted , and sinneth , being condemned of himself .
		When I shall send Artemas unto thee , or Tychicus , be diligent to come unto me to Nicopolis : for I have determined there to winter .
		Bring Zenas the lawyer and Apollos on their journey diligently , that nothing be wanting unto them .
		And let ours also learn to maintain good works for necessary uses , that they be not unfruitful .
		All that are with me salute thee . Greet them that love us in the faith . Grace be with you all . Amen .
	</text>
	<annotations>
		<annotation source="MCS" anchor="mind" bfScore="--" coherenceScore="--">bn:00012681n</annotation>
		<annotation source="MCS" anchor="subject" bfScore="--" coherenceScore="--">bn:00099216a</annotation>
		<annotation source="BABELFY" anchor="principalities" bfScore="0.9883040935672515" coherenceScore="0.1092436974789916">bn:03191402n</annotation>
		<annotation source="MCS" anchor="powers" bfScore="--" coherenceScore="--">bn:00063940n</annotation>
		<annotation source="BABELFY" anchor="obey" bfScore="0.918918918918919" coherenceScore="0.13445378151260504">bn:00082139v</annotation>
		<annotation source="BABELFY" anchor="magistrates" bfScore="0.9183673469387755" coherenceScore="0.07563025210084033">bn:00052701n</annotation>
		<annotation source="BABELFY" anchor="ready" bfScore="0.8" coherenceScore="0.03361344537815126">bn:00109346a</annotation>
		<annotation source="MCS" anchor="good" bfScore="--" coherenceScore="--">bn:00103672a</annotation>
		<annotation source="MCS" anchor="work" bfScore="--" coherenceScore="--">bn:00081568n</annotation>
		<annotation source="MCS" anchor="speak" bfScore="--" coherenceScore="--">bn:00090943v</annotation>
		<annotation source="BABELFY" anchor="evil" bfScore="0.8816029143897997" coherenceScore="0.18487394957983194">bn:00102475a</annotation>
		<annotation source="BABELFY" anchor="man" bfScore="0.7971178467218484" coherenceScore="0.773109243697479">bn:00044576n</annotation>
		<annotation source="BABELFY" anchor="brawlers" bfScore="1.0" coherenceScore="0.008403361344537815">bn:00012844n</annotation>
		<annotation source="BABELFY" anchor="gentle" bfScore="1.0" coherenceScore="0.008403361344537815">bn:00103535a</annotation>
		<annotation source="BABELFY" anchor="shewing" bfScore="1.0" coherenceScore="0.058823529411764705">bn:00086567v</annotation>
		<annotation source="BABELFY" anchor="meekness" bfScore="0.7901234567901234" coherenceScore="0.13445378151260504">bn:01015731n</annotation>
		<annotation source="BABELFY" anchor="men" bfScore="0.7971178467218484" coherenceScore="0.773109243697479">bn:00044576n</annotation>
		<annotation source="MCS" anchor="foolish" bfScore="--" coherenceScore="--">bn:00103179a</annotation>
		<annotation source="BABELFY" anchor="disobedient" bfScore="0.8181818181818182" coherenceScore="0.03361344537815126">bn:00101546a</annotation>
		<annotation source="BABELFY" anchor="deceived" bfScore="0.9751243781094527" coherenceScore="0.11764705882352941">bn:00083460v</annotation>
		<annotation source="MCS" anchor="serving" bfScore="--" coherenceScore="--">bn:00088630v</annotation>
		<annotation source="MCS" anchor="divers" bfScore="--" coherenceScore="--">bn:00027854n</annotation>
		<annotation source="MCS" anchor="lusts" bfScore="--" coherenceScore="--">bn:00050478n</annotation>
		<annotation source="BABELFY" anchor="pleasures" bfScore="0.768409818569904" coherenceScore="0.3025210084033613">bn:00062972n</annotation>
		<annotation source="MCS" anchor="living" bfScore="--" coherenceScore="--">bn:00087441v</annotation>
		<annotation source="BABELFY" anchor="malice" bfScore="0.7586206896551724" coherenceScore="0.15966386554621848">bn:00052992n</annotation>
		<annotation source="BABELFY" anchor="envy" bfScore="0.7397622192866579" coherenceScore="0.23529411764705882">bn:00031073n</annotation>
		<annotation source="BABELFY" anchor="hateful" bfScore="0.8461538461538461" coherenceScore="0.09243697478991597">bn:00103996a</annotation>
		<annotation source="BABELFY" anchor="hating" bfScore="1.0" coherenceScore="0.1092436974789916">bn:00086717v</annotation>
		<annotation source="BABELFY" anchor="kindness" bfScore="0.9559471365638766" coherenceScore="0.17647058823529413">bn:00049132n</annotation>
		<annotation source="BABELFY" anchor="love" bfScore="0.7569926601864709" coherenceScore="0.44537815126050423">bn:00052121n</annotation>
		<annotation source="BABELFY" anchor="love of God" bfScore="0.8558951965065502" coherenceScore="0.17647058823529413">bn:00570277n</annotation>
		<annotation source="BABELFY" anchor="God" bfScore="0.7404063205417607" coherenceScore="0.6890756302521008">bn:00040878n</annotation>
		<annotation source="BABELFY" anchor="Saviour" bfScore="0.9743841157004535" coherenceScore="0.6302521008403361">bn:00018805n</annotation>
		<annotation source="MCS" anchor="appeared" bfScore="--" coherenceScore="--">bn:00082690v</annotation>
		<annotation source="MCS" anchor="works" bfScore="--" coherenceScore="--">bn:00081568n</annotation>
		<annotation source="MCS" anchor="righteousness" bfScore="--" coherenceScore="--">bn:00067848n</annotation>
		<annotation source="MCS" anchor="according" bfScore="--" coherenceScore="--">bn:00082227v</annotation>
		<annotation source="MCS" anchor="mercy" bfScore="--" coherenceScore="--">bn:00019708n</annotation>
		<annotation source="MCS" anchor="saved" bfScore="--" coherenceScore="--">bn:00092745v</annotation>
		<annotation source="MCS" anchor="washing" bfScore="--" coherenceScore="--">bn:00050240n</annotation>
		<annotation source="BABELFY" anchor="regeneration" bfScore="0.8029315960912052" coherenceScore="0.14285714285714285">bn:00198047n</annotation>
		<annotation source="BABELFY" anchor="renewing" bfScore="1.0" coherenceScore="0.008403361344537815">bn:00092663v</annotation>
		<annotation source="MCS" anchor="Holy" bfScore="--" coherenceScore="--">bn:00044465n</annotation>
		<annotation source="BABELFY" anchor="Holy Ghost" bfScore="0.8990536277602523" coherenceScore="0.15966386554621848">bn:00044468n</annotation>
		<annotation source="MCS" anchor="Ghost" bfScore="--" coherenceScore="--">bn:00040368n</annotation>
		<annotation source="BABELFY" anchor="shed" bfScore="0.9615384615384616" coherenceScore="0.04201680672268908">bn:00087939v</annotation>
		<annotation source="BABELFY" anchor="abundantly" bfScore="1.0" coherenceScore="0.01680672268907563">bn:00114097r</annotation>
		<annotation source="BABELFY" anchor="Jesus" bfScore="0.9348594714448373" coherenceScore="0.6302521008403361">bn:00018805n</annotation>
		<annotation source="BABELFY" anchor="Jesus Christ" bfScore="0.9784826562789835" coherenceScore="0.6302521008403361">bn:00018805n</annotation>
		<annotation source="BABELFY" anchor="Christ" bfScore="0.9852987175477009" coherenceScore="0.6302521008403361">bn:00018805n</annotation>
		<annotation source="MCS" anchor="justified" bfScore="--" coherenceScore="--">bn:00090024v</annotation>
		<annotation source="MCS" anchor="grace" bfScore="--" coherenceScore="--">bn:00041221n</annotation>
		<annotation source="MCS" anchor="heirs" bfScore="--" coherenceScore="--">bn:00043555n</annotation>
		<annotation source="MCS" anchor="hope" bfScore="--" coherenceScore="--">bn:00044736n</annotation>
		<annotation source="MCS" anchor="eternal" bfScore="--" coherenceScore="--">bn:00096562a</annotation>
		<annotation source="MCS" anchor="eternal life" bfScore="--" coherenceScore="--">bn:00031685n</annotation>
		<annotation source="MCS" anchor="life" bfScore="--" coherenceScore="--">bn:00051045n</annotation>
		<annotation source="MCS" anchor="faithful" bfScore="--" coherenceScore="--">bn:00102728a</annotation>
		<annotation source="BABELFY" anchor="faithful saying" bfScore="1.0" coherenceScore="0.10084033613445378">bn:02492214n</annotation>
		<annotation source="BABELFY" anchor="saying" bfScore="0.8678354686446392" coherenceScore="0.2773109243697479">bn:00001236n</annotation>
		<annotation source="BABELFY" anchor="things" bfScore="0.851063829787234" coherenceScore="0.10084033613445378">bn:00006125n</annotation>
		<annotation source="MCS" anchor="affirm" bfScore="--" coherenceScore="--">bn:00082434v</annotation>
		<annotation source="MCS" anchor="constantly" bfScore="--" coherenceScore="--">bn:00114251r</annotation>
		<annotation source="MCS" anchor="believed" bfScore="--" coherenceScore="--">bn:00083369v</annotation>
		<annotation source="BABELFY" anchor="believed in" bfScore="1.0" coherenceScore="0.05042016806722689">bn:00083374v</annotation>
		<annotation source="MCS" anchor="careful" bfScore="--" coherenceScore="--">bn:00099268a</annotation>
		<annotation source="MCS" anchor="maintain" bfScore="--" coherenceScore="--">bn:00089384v</annotation>
		<annotation source="BABELFY" anchor="good works" bfScore="0.8801775147928994" coherenceScore="0.35294117647058826">bn:00041221n</annotation>
		<annotation source="BABELFY" anchor="profitable" bfScore="0.7428571428571429" coherenceScore="0.06722689075630252">bn:00109075a</annotation>
		<annotation source="BABELFY" anchor="avoid" bfScore="0.7491638795986622" coherenceScore="0.11764705882352941">bn:00082958v</annotation>
		<annotation source="MCS" anchor="questions" bfScore="--" coherenceScore="--">bn:00030951n</annotation>
		<annotation source="MCS" anchor="genealogies" bfScore="--" coherenceScore="--">bn:00033524n</annotation>
		<annotation source="BABELFY" anchor="contentions" bfScore="0.740880503144654" coherenceScore="0.15966386554621848">bn:00005599n</annotation>
		<annotation source="MCS" anchor="law" bfScore="--" coherenceScore="--">bn:00048655n</annotation>
		<annotation source="BABELFY" anchor="unprofitable" bfScore="1.0" coherenceScore="0.05042016806722689">bn:00113087a</annotation>
		<annotation source="BABELFY" anchor="vain" bfScore="0.7878787878787878" coherenceScore="0.10084033613445378">bn:00100184a</annotation>
		<annotation source="BABELFY" anchor="admonition" bfScore="1.0" coherenceScore="0.058823529411764705">bn:00001468n</annotation>
		<annotation source="BABELFY" anchor="reject" bfScore="0.9259259259259259" coherenceScore="0.04201680672268908">bn:00024336n</annotation>
		<annotation source="MCS" anchor="Knowing" bfScore="--" coherenceScore="--">bn:00085261v</annotation>
		<annotation source="BABELFY" anchor="subverted" bfScore="0.7659574468085106" coherenceScore="0.06722689075630252">bn:00085844v</annotation>
		<annotation source="MCS" anchor="condemned" bfScore="--" coherenceScore="--">bn:00085544v</annotation>
		<annotation source="BABELFY" anchor="send" bfScore="0.9074074074074074" coherenceScore="0.11764705882352941">bn:00084807v</annotation>
		<annotation source="BABELFY" anchor="Artemas" bfScore="1.0" coherenceScore="0.08403361344537816">bn:03671285n</annotation>
		<annotation source="BABELFY" anchor="Tychicus" bfScore="0.8120300751879699" coherenceScore="0.07563025210084033">bn:03098140n</annotation>
		<annotation source="BABELFY" anchor="diligent" bfScore="0.8571428571428571" coherenceScore="0.025210084033613446">bn:00101383a</annotation>
		<annotation source="MCS" anchor="determined" bfScore="--" coherenceScore="--">bn:00082811v</annotation>
		<annotation source="MCS" anchor="winter" bfScore="--" coherenceScore="--">bn:00081370n</annotation>
		<annotation source="MCS" anchor="Bring" bfScore="--" coherenceScore="--">bn:00084058v</annotation>
		<annotation source="BABELFY" anchor="Zenas the lawyer" bfScore="1.0" coherenceScore="0.07563025210084033">bn:00939413n</annotation>
		<annotation source="BABELFY" anchor="lawyer" bfScore="0.9434276206322796" coherenceScore="0.17647058823529413">bn:00007051n</annotation>
		<annotation source="BABELFY" anchor="Apollos" bfScore="1.0" coherenceScore="0.07563025210084033">bn:02042135n</annotation>
		<annotation source="MCS" anchor="journey" bfScore="--" coherenceScore="--">bn:00048463n</annotation>
		<annotation source="BABELFY" anchor="diligently" bfScore="1.0" coherenceScore="0.01680672268907563">bn:00115022r</annotation>
		<annotation source="MCS" anchor="wanting" bfScore="--" coherenceScore="--">bn:00086682v</annotation>
		<annotation source="MCS" anchor="learn" bfScore="--" coherenceScore="--">bn:00082281v</annotation>
		<annotation source="MCS" anchor="necessary" bfScore="--" coherenceScore="--">bn:00107182a</annotation>
		<annotation source="BABELFY" anchor="uses" bfScore="1.0" coherenceScore="0.04201680672268908">bn:02432986n</annotation>
		<annotation source="BABELFY" anchor="unfruitful" bfScore="1.0" coherenceScore="0.01680672268907563">bn:00112781a</annotation>
		<annotation source="MCS" anchor="salute" bfScore="--" coherenceScore="--">bn:00087322v</annotation>
		<annotation source="MCS" anchor="Greet" bfScore="--" coherenceScore="--">bn:00089039v</annotation>
		<annotation source="MCS" anchor="love" bfScore="--" coherenceScore="--">bn:00090504v</annotation>
		<annotation source="BABELFY" anchor="faith" bfScore="0.9311027955095752" coherenceScore="0.7563025210084033">bn:00032768n</annotation>
		<annotation source="MCS" anchor="Grace" bfScore="--" coherenceScore="--">bn:00041221n</annotation>
		<annotation source="BABELFY" anchor="Amen" bfScore="0.8110918544194108" coherenceScore="0.15126050420168066">bn:00003325n</annotation>
	</annotations>
</paragraph>
</dataset>
