<?xml version="1.0" encoding="utf-8"?>
<dataset language="FR" title="1TH">
<paragraph id="p.1">
	<text>
		Paul , et Silvain , et Timothée , à l ` Église des Thessaloniciens , qui est en Dieu le Père et en Jésus Christ le Seigneur : que la grâce et la paix vous soient données !
		Nous rendons continuellement grâces à Dieu pour vous tous , faisant mention de vous dans nos prières ,
		nous rappelant sans cesse l ` oeuvre de votre foi , le travail de votre charité , et la fermeté de votre espérance en notre Seigneur Jésus Christ , devant Dieu notre Père .
		Nous savons , frères bien - aimés de Dieu , que vous avez été élus ,
		notre Évangile ne vous ayant pas été prêché en paroles seulement , mais avec puissance , avec l ` Esprit Saint , et avec une pleine persuasion ; car vous n ` ignorez pas que nous nous sommes montrés ainsi parmi vous , à cause de vous .
		Et vous - mêmes , vous avez été mes imitateurs et ceux du Seigneur , en recevant la parole au milieu de beaucoup de tribulations , avec la joie du Saint Esprit ,
		en sorte que vous êtes devenus un modèle pour tous les croyants de la Macédoine et de l ` Achaïe .
		Non seulement , en effet , la parole du Seigneur a retenti de chez vous dans la Macédoine et dans l ` Achaïe , mais votre foi en Dieu s ` est fait connaître en tout lieu , de telle manière que nous n ` avons pas besoin d ` en parler .
		Car on raconte , à notre sujet , quel accès nous avons eu auprès de vous , et comment vous vous êtes convertis à Dieu , en abandonnant les idoles pour servir le Dieu vivant et vrai ,
		et pour attendre des cieux son Fils , qu ` il a ressuscité des morts , Jésus , qui nous délivre de la colère à venir .
	</text>
	<annotations>
		<annotation source="BABELFY" anchor="Paul" bfScore="0.9884004009737934" coherenceScore="0.48739495798319327">bn:00004984n</annotation>
		<annotation source="BABELFY" anchor="Silvain" bfScore="1.0" coherenceScore="0.17647058823529413">bn:00071624n</annotation>
		<annotation source="MCS" anchor="Église" bfScore="--" coherenceScore="--">bn:00018995n</annotation>
		<annotation source="MCS" anchor="Thessaloniciens" bfScore="--" coherenceScore="--">bn:13691480n</annotation>
		<annotation source="MCS" anchor="est" bfScore="--" coherenceScore="--">bn:00083187v</annotation>
		<annotation source="BABELFY" anchor="Dieu le Père" bfScore="0.9838187702265372" coherenceScore="0.33613445378151263">bn:03137478n</annotation>
		<annotation source="MCS" anchor="Père" bfScore="--" coherenceScore="--">bn:00009616n</annotation>
		<annotation source="BABELFY" anchor="Jésus" bfScore="0.7964381286333856" coherenceScore="0.8823529411764706">bn:00018805n</annotation>
		<annotation source="BABELFY" anchor="Jésus Christ" bfScore="1.0" coherenceScore="0.8907563025210085">bn:00018805n</annotation>
		<annotation source="BABELFY" anchor="Christ" bfScore="0.99836222191893" coherenceScore="0.8823529411764706">bn:00018805n</annotation>
		<annotation source="MCS" anchor="Seigneur" bfScore="--" coherenceScore="--">bn:00070296n</annotation>
		<annotation source="MCS" anchor="grâce" bfScore="--" coherenceScore="--">bn:00041227n</annotation>
		<annotation source="MCS" anchor="paix" bfScore="--" coherenceScore="--">bn:00061149n</annotation>
		<annotation source="MCS" anchor="soient" bfScore="--" coherenceScore="--">bn:00083187v</annotation>
		<annotation source="MCS" anchor="données" bfScore="--" coherenceScore="--">bn:00088815v</annotation>
		<annotation source="MCS" anchor="rendons" bfScore="--" coherenceScore="--">bn:00092791v</annotation>
		<annotation source="MCS" anchor="continuellement" bfScore="--" coherenceScore="--">bn:00114838r</annotation>
		<annotation source="MCS" anchor="grâces" bfScore="--" coherenceScore="--">bn:00041227n</annotation>
		<annotation source="MCS" anchor="faisant" bfScore="--" coherenceScore="--">bn:00087107v</annotation>
		<annotation source="MCS" anchor="mention" bfScore="--" coherenceScore="--">bn:00054390n</annotation>
		<annotation source="MCS" anchor="prières" bfScore="--" coherenceScore="--">bn:00059529n</annotation>
		<annotation source="MCS" anchor="rappelant" bfScore="--" coherenceScore="--">bn:00084413v</annotation>
		<annotation source="MCS" anchor="cesse" bfScore="--" coherenceScore="--">bn:00822364n</annotation>
		<annotation source="MCS" anchor="oeuvre" bfScore="--" coherenceScore="--">bn:00011767n</annotation>
		<annotation source="BABELFY" anchor="foi" bfScore="0.7602763064151411" coherenceScore="0.8739495798319328">bn:00032768n</annotation>
		<annotation source="MCS" anchor="travail" bfScore="--" coherenceScore="--">bn:00049571n</annotation>
		<annotation source="MCS" anchor="charité" bfScore="--" coherenceScore="--">bn:00013380n</annotation>
		<annotation source="BABELFY" anchor="fermeté" bfScore="0.9302325581395349" coherenceScore="0.16806722689075632">bn:00074073n</annotation>
		<annotation source="MCS" anchor="espérance" bfScore="--" coherenceScore="--">bn:00044740n</annotation>
		<annotation source="MCS" anchor="savons" bfScore="--" coherenceScore="--">bn:00090142v</annotation>
		<annotation source="MCS" anchor="frères" bfScore="--" coherenceScore="--">bn:00011357n</annotation>
		<annotation source="MCS" anchor="bien-aimés" bfScore="--" coherenceScore="--">bn:00098224a</annotation>
		<annotation source="MCS" anchor="avez" bfScore="--" coherenceScore="--">bn:00088733v</annotation>
		<annotation source="MCS" anchor="été" bfScore="--" coherenceScore="--">bn:00083187v</annotation>
		<annotation source="MCS" anchor="élus" bfScore="--" coherenceScore="--">bn:00084931v</annotation>
		<annotation source="MCS" anchor="Évangile" bfScore="--" coherenceScore="--">bn:00031976n</annotation>
		<annotation source="MCS" anchor="ayant" bfScore="--" coherenceScore="--">bn:00088733v</annotation>
		<annotation source="BABELFY" anchor="prêché" bfScore="0.9259259259259259" coherenceScore="0.25210084033613445">bn:00091922v</annotation>
		<annotation source="MCS" anchor="paroles" bfScore="--" coherenceScore="--">bn:00049911n</annotation>
		<annotation source="BABELFY" anchor="seulement" bfScore="0.9704749679075738" coherenceScore="0.226890756302521">bn:00114626r</annotation>
		<annotation source="MCS" anchor="puissance" bfScore="--" coherenceScore="--">bn:00030160n</annotation>
		<annotation source="MCS" anchor="Esprit" bfScore="--" coherenceScore="--">bn:00012681n</annotation>
		<annotation source="MCS" anchor="Esprit Saint" bfScore="--" coherenceScore="--">bn:00011223n</annotation>
		<annotation source="MCS" anchor="Saint" bfScore="--" coherenceScore="--">bn:00053896n</annotation>
		<annotation source="MCS" anchor="pleine" bfScore="--" coherenceScore="--">bn:00103391a</annotation>
		<annotation source="MCS" anchor="persuasion" bfScore="--" coherenceScore="--">bn:00061750n</annotation>
		<annotation source="BABELFY" anchor="ignorez" bfScore="1.0" coherenceScore="0.01680672268907563">bn:00084160v</annotation>
		<annotation source="MCS" anchor="montrés" bfScore="--" coherenceScore="--">bn:00086557v</annotation>
		<annotation source="MCS" anchor="ainsi" bfScore="--" coherenceScore="--">bn:00117048r</annotation>
		<annotation source="MCS" anchor="cause" bfScore="--" coherenceScore="--">bn:00015051n</annotation>
		<annotation source="MCS" anchor="imitateurs" bfScore="--" coherenceScore="--">bn:00046001n</annotation>
		<annotation source="MCS" anchor="recevant" bfScore="--" coherenceScore="--">bn:00089246v</annotation>
		<annotation source="MCS" anchor="parole" bfScore="--" coherenceScore="--">bn:00049911n</annotation>
		<annotation source="MCS" anchor="milieu" bfScore="--" coherenceScore="--">bn:00017123n</annotation>
		<annotation source="MCS" anchor="beaucoup" bfScore="--" coherenceScore="--">bn:00114047r</annotation>
		<annotation source="BABELFY" anchor="tribulations" bfScore="0.9745989304812834" coherenceScore="0.226890756302521">bn:02492215n</annotation>
		<annotation source="MCS" anchor="joie" bfScore="--" coherenceScore="--">bn:00048468n</annotation>
		<annotation source="BABELFY" anchor="Saint Esprit" bfScore="0.8448275862068966" coherenceScore="0.6050420168067226">bn:00645230n</annotation>
		<annotation source="BABELFY" anchor="sorte" bfScore="0.9755244755244755" coherenceScore="0.2605042016806723">bn:00072856n</annotation>
		<annotation source="MCS" anchor="êtes" bfScore="--" coherenceScore="--">bn:00083187v</annotation>
		<annotation source="MCS" anchor="devenus" bfScore="--" coherenceScore="--">bn:00083294v</annotation>
		<annotation source="MCS" anchor="modèle" bfScore="--" coherenceScore="--">bn:00036197n</annotation>
		<annotation source="MCS" anchor="croyants" bfScore="--" coherenceScore="--">bn:00009720n</annotation>
		<annotation source="MCS" anchor="Non" bfScore="--" coherenceScore="--">bn:00116350r</annotation>
		<annotation source="MCS" anchor="effet" bfScore="--" coherenceScore="--">bn:00029871n</annotation>
		<annotation source="BABELFY" anchor="foi en Dieu" bfScore="1.0" coherenceScore="0.8823529411764706">bn:00032768n</annotation>
		<annotation source="MCS" anchor="fait" bfScore="--" coherenceScore="--">bn:00087107v</annotation>
		<annotation source="MCS" anchor="connaître" bfScore="--" coherenceScore="--">bn:00082272v</annotation>
		<annotation source="MCS" anchor="lieu" bfScore="--" coherenceScore="--">bn:00051754n</annotation>
		<annotation source="MCS" anchor="manière" bfScore="--" coherenceScore="--">bn:00053238n</annotation>
		<annotation source="MCS" anchor="avons" bfScore="--" coherenceScore="--">bn:00088733v</annotation>
		<annotation source="MCS" anchor="besoin" bfScore="--" coherenceScore="--">bn:00057164n</annotation>
		<annotation source="MCS" anchor="parler" bfScore="--" coherenceScore="--">bn:00094090v</annotation>
		<annotation source="BABELFY" anchor="raconte" bfScore="0.9" coherenceScore="0.025210084033613446">bn:00091011v</annotation>
		<annotation source="MCS" anchor="sujet" bfScore="--" coherenceScore="--">bn:00022157n</annotation>
		<annotation source="MCS" anchor="accès" bfScore="--" coherenceScore="--">bn:00000663n</annotation>
		<annotation source="MCS" anchor="eu" bfScore="--" coherenceScore="--">bn:00088733v</annotation>
		<annotation source="MCS" anchor="comment" bfScore="--" coherenceScore="--">bn:13703917r</annotation>
		<annotation source="MCS" anchor="convertis" bfScore="--" coherenceScore="--">bn:00085768v</annotation>
		<annotation source="MCS" anchor="abandonnant" bfScore="--" coherenceScore="--">bn:00082118v</annotation>
		<annotation source="MCS" anchor="idoles" bfScore="--" coherenceScore="--">bn:03084163n</annotation>
		<annotation source="MCS" anchor="servir" bfScore="--" coherenceScore="--">bn:00089309v</annotation>
		<annotation source="MCS" anchor="vivant" bfScore="--" coherenceScore="--">bn:00096787a</annotation>
		<annotation source="MCS" anchor="vrai" bfScore="--" coherenceScore="--">bn:00112146a</annotation>
		<annotation source="MCS" anchor="attendre" bfScore="--" coherenceScore="--">bn:00089401v</annotation>
		<annotation source="MCS" anchor="cieux" bfScore="--" coherenceScore="--">bn:00808092n</annotation>
		<annotation source="BABELFY" anchor="ressuscité" bfScore="0.8617021276595744" coherenceScore="0.07563025210084033">bn:00092922v</annotation>
		<annotation source="MCS" anchor="morts" bfScore="--" coherenceScore="--">bn:00025582n</annotation>
		<annotation source="BABELFY" anchor="délivre" bfScore="0.9405405405405406" coherenceScore="0.24369747899159663">bn:00089922v</annotation>
		<annotation source="MCS" anchor="colère" bfScore="--" coherenceScore="--">bn:00004085n</annotation>
		<annotation source="MCS" anchor="venir" bfScore="--" coherenceScore="--">bn:00085322v</annotation>
	</annotations>
</paragraph>
<paragraph id="p.2">
	<text>
		Vous savez vous - mêmes , frères , que notre arrivée chez vous n ` a pas été sans résultat .
		Après avoir souffert et reçu des outrages à Philippes , comme vous le savez , nous prîmes de l ` assurance en notre Dieu , pour vous annoncer l ` Évangile de Dieu , au milieu de bien des combats .
		Car notre prédication ne repose ni sur l ` erreur , ni sur des motifs impurs , ni sur la fraude ;
		mais , selon que Dieu nous a jugés dignes de nous confier l ` Évangile , ainsi nous parlons , non comme pour plaire à des hommes , mais pour plaire à Dieu , qui sonde nos coeurs .
		Jamais , en effet , nous n ` avons usé de paroles flatteuse , comme vous le savez ; jamais nous n ` avons eu la cupidité pour mobile , Dieu en est témoin .
		Nous n ` avons point cherché la gloire qui vient des hommes , ni de vous ni des autres ; nous aurions pu nous produire avec autorité comme apôtres de Christ ,
		mais nous avons été pleins de douceur au milieu de vous . De même qu ` une nourrice prend un tendre soin de ses enfants ,
		nous aurions voulu , dans notre vive affection pour vous , non seulement vous donner l ` Évangile de Dieu , mais encore nos propres vies , tant vous nous étiez devenus chers .
		Vous vous rappelez , frères , notre travail et notre peine : nuit et jour à l ` oeuvre , pour n ` être à charge à aucun de vous , nous vous avons prêché l ` Évangile de Dieu .
		Vous êtes témoins , et Dieu l ` est aussi , que nous avons eu envers vous qui croyez une conduite sainte , juste et irréprochable .
		Vous savez aussi que nous avons été pour chacun de vous ce qu ` un père est pour ses enfants ,
		vous exhortant , vous consolant , vous conjurant de marcher d ` une manière digne de Dieu , qui vous appelle à son royaume et à sa gloire .
		C ` est pourquoi nous rendons continuellement grâces à Dieu de ce qu ` en recevant la parole de Dieu , que nous vous avons fait entendre , vous l ` avez reçue , non comme la parole des hommes , mais , ainsi qu ` elle l ` est véritablement , comme la parole de Dieu , qui agit en vous qui croyez .
		Car vous , frères , vous êtes devenus les imitateurs des Églises de Dieu qui sont en Jésus Christ dans la Judée , parce que vous aussi , vous avez souffert de la part de vos propres compatriotes les mêmes maux qu ` elles ont soufferts de la part des Juifs .
		Ce sont ces Juifs qui ont fait mourir le Seigneur Jésus et les prophètes , qui nous ont persécutés , qui ne plaisent point à Dieu , et qui sont ennemis de tous les hommes ,
		nous empêchant de parler aux païens pour qu ` ils soient sauvés , en sorte qu ` ils ne cessent de mettre le comble à leurs péchés . Mais la colère a fini par les atteindre .
		Pour nous , frères , après avoir été quelque temps séparés de vous , de corps mais non de coeur , nous avons eu d ` autant plus ardemment le vif désir de vous voir .
		Aussi voulions - nous aller vers vous , du moins moi Paul , une et même deux fois ; mais Satan nous en a empêchés .
		Qui est , en effet , notre espérance , ou notre joie , ou notre couronne de gloire ? N ` est - ce pas vous aussi , devant notre Seigneur Jésus , lors de son avènement ?
		Oui , vous êtes notre gloire et notre joie .
	</text>
	<annotations>
		<annotation source="MCS" anchor="savez" bfScore="--" coherenceScore="--">bn:00090142v</annotation>
		<annotation source="MCS" anchor="frères" bfScore="--" coherenceScore="--">bn:00011357n</annotation>
		<annotation source="MCS" anchor="arrivée" bfScore="--" coherenceScore="--">bn:00005886n</annotation>
		<annotation source="MCS" anchor="été" bfScore="--" coherenceScore="--">bn:00083187v</annotation>
		<annotation source="MCS" anchor="résultat" bfScore="--" coherenceScore="--">bn:00021961n</annotation>
		<annotation source="MCS" anchor="avoir" bfScore="--" coherenceScore="--">bn:00088733v</annotation>
		<annotation source="MCS" anchor="souffert" bfScore="--" coherenceScore="--">bn:00088745v</annotation>
		<annotation source="MCS" anchor="reçu" bfScore="--" coherenceScore="--">bn:00089246v</annotation>
		<annotation source="MCS" anchor="Philippes" bfScore="--" coherenceScore="--">bn:00061962n</annotation>
		<annotation source="MCS" anchor="prîmes" bfScore="--" coherenceScore="--">bn:00088762v</annotation>
		<annotation source="MCS" anchor="assurance" bfScore="--" coherenceScore="--">bn:00046996n</annotation>
		<annotation source="BABELFY" anchor="Dieu" bfScore="0.775033329293419" coherenceScore="0.8690476190476191">bn:00040878n</annotation>
		<annotation source="MCS" anchor="annoncer" bfScore="--" coherenceScore="--">bn:00082637v</annotation>
		<annotation source="BABELFY" anchor="Évangile" bfScore="0.7272061515928231" coherenceScore="0.3333333333333333">bn:00031976n</annotation>
		<annotation source="MCS" anchor="milieu" bfScore="--" coherenceScore="--">bn:00017123n</annotation>
		<annotation source="MCS" anchor="bien" bfScore="--" coherenceScore="--">bn:00115530r</annotation>
		<annotation source="MCS" anchor="combats" bfScore="--" coherenceScore="--">bn:00005731n</annotation>
		<annotation source="MCS" anchor="prédication" bfScore="--" coherenceScore="--">bn:04772898n</annotation>
		<annotation source="MCS" anchor="repose" bfScore="--" coherenceScore="--">bn:00092903v</annotation>
		<annotation source="MCS" anchor="erreur" bfScore="--" coherenceScore="--">bn:00031485n</annotation>
		<annotation source="MCS" anchor="motifs" bfScore="--" coherenceScore="--">bn:00056025n</annotation>
		<annotation source="MCS" anchor="impurs" bfScore="--" coherenceScore="--">bn:00104722a</annotation>
		<annotation source="BABELFY" anchor="fraude" bfScore="0.7021745518660006" coherenceScore="0.23412698412698413">bn:00036292n</annotation>
		<annotation source="MCS" anchor="jugés" bfScore="--" coherenceScore="--">bn:00090000v</annotation>
		<annotation source="BABELFY" anchor="dignes" bfScore="0.7878326996197719" coherenceScore="0.14682539682539683">bn:00113948a</annotation>
		<annotation source="BABELFY" anchor="confier" bfScore="0.8172043010752689" coherenceScore="0.14285714285714285">bn:00087695v</annotation>
		<annotation source="MCS" anchor="parlons" bfScore="--" coherenceScore="--">bn:00094090v</annotation>
		<annotation source="MCS" anchor="non" bfScore="--" coherenceScore="--">bn:00116350r</annotation>
		<annotation source="MCS" anchor="comme" bfScore="--" coherenceScore="--">bn:00114354r</annotation>
		<annotation source="MCS" anchor="plaire" bfScore="--" coherenceScore="--">bn:00089027v</annotation>
		<annotation source="MCS" anchor="hommes" bfScore="--" coherenceScore="--">bn:00044576n</annotation>
		<annotation source="MCS" anchor="coeurs" bfScore="--" coherenceScore="--">bn:00043383n</annotation>
		<annotation source="MCS" anchor="Jamais" bfScore="--" coherenceScore="--">bn:00116326r</annotation>
		<annotation source="MCS" anchor="effet" bfScore="--" coherenceScore="--">bn:00029871n</annotation>
		<annotation source="MCS" anchor="avons" bfScore="--" coherenceScore="--">bn:00088733v</annotation>
		<annotation source="MCS" anchor="usé" bfScore="--" coherenceScore="--">bn:00095687v</annotation>
		<annotation source="BABELFY" anchor="paroles" bfScore="0.7050985965535619" coherenceScore="0.3888888888888889">bn:00049911n</annotation>
		<annotation source="BABELFY" anchor="flatteuse" bfScore="0.9177939646201873" coherenceScore="0.16666666666666666">bn:00100152a</annotation>
		<annotation source="MCS" anchor="jamais" bfScore="--" coherenceScore="--">bn:00116326r</annotation>
		<annotation source="MCS" anchor="eu" bfScore="--" coherenceScore="--">bn:00088733v</annotation>
		<annotation source="MCS" anchor="cupidité" bfScore="--" coherenceScore="--">bn:00007435n</annotation>
		<annotation source="BABELFY" anchor="mobile" bfScore="0.9520826808643909" coherenceScore="0.15079365079365079">bn:00017029n</annotation>
		<annotation source="MCS" anchor="est" bfScore="--" coherenceScore="--">bn:00083187v</annotation>
		<annotation source="MCS" anchor="témoin" bfScore="--" coherenceScore="--">bn:00066675n</annotation>
		<annotation source="MCS" anchor="cherché" bfScore="--" coherenceScore="--">bn:00090460v</annotation>
		<annotation source="MCS" anchor="gloire" bfScore="--" coherenceScore="--">bn:00016991n</annotation>
		<annotation source="MCS" anchor="vient" bfScore="--" coherenceScore="--">bn:00085322v</annotation>
		<annotation source="MCS" anchor="autres" bfScore="--" coherenceScore="--">bn:00101268a</annotation>
		<annotation source="MCS" anchor="aurions" bfScore="--" coherenceScore="--">bn:00088733v</annotation>
		<annotation source="MCS" anchor="pu" bfScore="--" coherenceScore="--">bn:13601970v</annotation>
		<annotation source="MCS" anchor="produire" bfScore="--" coherenceScore="--">bn:00086013v</annotation>
		<annotation source="MCS" anchor="autorité" bfScore="--" coherenceScore="--">bn:00007293n</annotation>
		<annotation source="BABELFY" anchor="apôtres" bfScore="0.7741168309963831" coherenceScore="0.25">bn:00004982n</annotation>
		<annotation source="BABELFY" anchor="Christ" bfScore="0.9984829128074098" coherenceScore="0.8134920634920635">bn:00018805n</annotation>
		<annotation source="MCS" anchor="pleins" bfScore="--" coherenceScore="--">bn:00103391a</annotation>
		<annotation source="MCS" anchor="douceur" bfScore="--" coherenceScore="--">bn:00050667n</annotation>
		<annotation source="BABELFY" anchor="nourrice" bfScore="0.7388825541619156" coherenceScore="0.09523809523809523">bn:00003199n</annotation>
		<annotation source="MCS" anchor="prend" bfScore="--" coherenceScore="--">bn:00088762v</annotation>
		<annotation source="BABELFY" anchor="tendre" bfScore="0.9477351916376306" coherenceScore="0.06349206349206349">bn:00111721a</annotation>
		<annotation source="MCS" anchor="soin" bfScore="--" coherenceScore="--">bn:00016014n</annotation>
		<annotation source="MCS" anchor="enfants" bfScore="--" coherenceScore="--">bn:00018346n</annotation>
		<annotation source="MCS" anchor="voulu" bfScore="--" coherenceScore="--">bn:00086682v</annotation>
		<annotation source="MCS" anchor="vive" bfScore="--" coherenceScore="--">bn:00097657a</annotation>
		<annotation source="MCS" anchor="affection" bfScore="--" coherenceScore="--">bn:00001744n</annotation>
		<annotation source="MCS" anchor="seulement" bfScore="--" coherenceScore="--">bn:00116448r</annotation>
		<annotation source="MCS" anchor="donner" bfScore="--" coherenceScore="--">bn:00088815v</annotation>
		<annotation source="BABELFY" anchor="encore" bfScore="0.7559790005833171" coherenceScore="0.2857142857142857">bn:00114171r</annotation>
		<annotation source="MCS" anchor="propres" bfScore="--" coherenceScore="--">bn:00099776a</annotation>
		<annotation source="MCS" anchor="vies" bfScore="--" coherenceScore="--">bn:00002761n</annotation>
		<annotation source="BABELFY" anchor="tant" bfScore="0.9953379953379954" coherenceScore="0.2222222222222222">bn:00114490r</annotation>
		<annotation source="MCS" anchor="étiez" bfScore="--" coherenceScore="--">bn:00083187v</annotation>
		<annotation source="MCS" anchor="devenus" bfScore="--" coherenceScore="--">bn:00083294v</annotation>
		<annotation source="MCS" anchor="chers" bfScore="--" coherenceScore="--">bn:00098224a</annotation>
		<annotation source="MCS" anchor="rappelez" bfScore="--" coherenceScore="--">bn:00084413v</annotation>
		<annotation source="MCS" anchor="travail" bfScore="--" coherenceScore="--">bn:00049571n</annotation>
		<annotation source="MCS" anchor="peine" bfScore="--" coherenceScore="--">bn:00041784n</annotation>
		<annotation source="MCS" anchor="nuit" bfScore="--" coherenceScore="--">bn:00025236n</annotation>
		<annotation source="BABELFY" anchor="nuit et jour" bfScore="0.9746192893401016" coherenceScore="0.047619047619047616">bn:03613072n</annotation>
		<annotation source="MCS" anchor="jour" bfScore="--" coherenceScore="--">bn:00000086n</annotation>
		<annotation source="MCS" anchor="oeuvre" bfScore="--" coherenceScore="--">bn:00011767n</annotation>
		<annotation source="MCS" anchor="être" bfScore="--" coherenceScore="--">bn:00083187v</annotation>
		<annotation source="MCS" anchor="charge" bfScore="--" coherenceScore="--">bn:00013941n</annotation>
		<annotation source="BABELFY" anchor="prêché" bfScore="0.8411405295315683" coherenceScore="0.1388888888888889">bn:00091922v</annotation>
		<annotation source="MCS" anchor="êtes" bfScore="--" coherenceScore="--">bn:00083187v</annotation>
		<annotation source="MCS" anchor="témoins" bfScore="--" coherenceScore="--">bn:00066675n</annotation>
		<annotation source="MCS" anchor="aussi" bfScore="--" coherenceScore="--">bn:00114246r</annotation>
		<annotation source="MCS" anchor="croyez" bfScore="--" coherenceScore="--">bn:00083369v</annotation>
		<annotation source="MCS" anchor="conduite" bfScore="--" coherenceScore="--">bn:00028801n</annotation>
		<annotation source="MCS" anchor="sainte" bfScore="--" coherenceScore="--">bn:00110031a</annotation>
		<annotation source="MCS" anchor="juste" bfScore="--" coherenceScore="--">bn:00102719a</annotation>
		<annotation source="MCS" anchor="irréprochable" bfScore="--" coherenceScore="--">bn:00098519a</annotation>
		<annotation source="MCS" anchor="père" bfScore="--" coherenceScore="--">bn:00009616n</annotation>
		<annotation source="BABELFY" anchor="exhortant" bfScore="0.7675276752767528" coherenceScore="0.051587301587301584">bn:00087843v</annotation>
		<annotation source="BABELFY" anchor="consolant" bfScore="1.0" coherenceScore="0.051587301587301584">bn:00085398v</annotation>
		<annotation source="BABELFY" anchor="conjurant" bfScore="1.0" coherenceScore="0.003968253968253968">bn:00084352v</annotation>
		<annotation source="MCS" anchor="marcher" bfScore="--" coherenceScore="--">bn:00095597v</annotation>
		<annotation source="MCS" anchor="manière" bfScore="--" coherenceScore="--">bn:00053238n</annotation>
		<annotation source="BABELFY" anchor="digne" bfScore="0.7878326996197719" coherenceScore="0.14682539682539683">bn:00113948a</annotation>
		<annotation source="MCS" anchor="appelle" bfScore="--" coherenceScore="--">bn:00084386v</annotation>
		<annotation source="MCS" anchor="royaume" bfScore="--" coherenceScore="--">bn:00049170n</annotation>
		<annotation source="BABELFY" anchor="pourquoi" bfScore="1.0" coherenceScore="0.031746031746031744">bn:00114822r</annotation>
		<annotation source="MCS" anchor="rendons" bfScore="--" coherenceScore="--">bn:00092791v</annotation>
		<annotation source="MCS" anchor="continuellement" bfScore="--" coherenceScore="--">bn:00114838r</annotation>
		<annotation source="MCS" anchor="grâces" bfScore="--" coherenceScore="--">bn:00041227n</annotation>
		<annotation source="MCS" anchor="recevant" bfScore="--" coherenceScore="--">bn:00089246v</annotation>
		<annotation source="BABELFY" anchor="parole" bfScore="0.7230825286937511" coherenceScore="0.3888888888888889">bn:00049911n</annotation>
		<annotation source="BABELFY" anchor="parole de Dieu" bfScore="1.0" coherenceScore="0.4007936507936508">bn:00051877n</annotation>
		<annotation source="MCS" anchor="fait" bfScore="--" coherenceScore="--">bn:00087107v</annotation>
		<annotation source="MCS" anchor="entendre" bfScore="--" coherenceScore="--">bn:00089277v</annotation>
		<annotation source="MCS" anchor="avez" bfScore="--" coherenceScore="--">bn:00088733v</annotation>
		<annotation source="MCS" anchor="reçue" bfScore="--" coherenceScore="--">bn:00089246v</annotation>
		<annotation source="MCS" anchor="ainsi" bfScore="--" coherenceScore="--">bn:00117048r</annotation>
		<annotation source="MCS" anchor="véritablement" bfScore="--" coherenceScore="--">bn:00114119r</annotation>
		<annotation source="MCS" anchor="agit" bfScore="--" coherenceScore="--">bn:00082285v</annotation>
		<annotation source="MCS" anchor="imitateurs" bfScore="--" coherenceScore="--">bn:00046001n</annotation>
		<annotation source="MCS" anchor="Églises" bfScore="--" coherenceScore="--">bn:00018995n</annotation>
		<annotation source="MCS" anchor="sont" bfScore="--" coherenceScore="--">bn:00083187v</annotation>
		<annotation source="BABELFY" anchor="Jésus" bfScore="0.8739430696356634" coherenceScore="0.8134920634920635">bn:00018805n</annotation>
		<annotation source="BABELFY" anchor="Jésus Christ" bfScore="1.0" coherenceScore="0.8174603174603174">bn:00018805n</annotation>
		<annotation source="BABELFY" anchor="Judée" bfScore="1.0" coherenceScore="0.14682539682539683">bn:00048478n</annotation>
		<annotation source="MCS" anchor="part" bfScore="--" coherenceScore="--">bn:00060766n</annotation>
		<annotation source="MCS" anchor="compatriotes" bfScore="--" coherenceScore="--">bn:00021325n</annotation>
		<annotation source="MCS" anchor="maux" bfScore="--" coherenceScore="--">bn:00032048n</annotation>
		<annotation source="MCS" anchor="ont" bfScore="--" coherenceScore="--">bn:00088733v</annotation>
		<annotation source="MCS" anchor="soufferts" bfScore="--" coherenceScore="--">bn:00088745v</annotation>
		<annotation source="BABELFY" anchor="Juifs" bfScore="1.0" coherenceScore="0.4365079365079365">bn:00043492n</annotation>
		<annotation source="MCS" anchor="mourir" bfScore="--" coherenceScore="--">bn:00083914v</annotation>
		<annotation source="MCS" anchor="Seigneur" bfScore="--" coherenceScore="--">bn:00070296n</annotation>
		<annotation source="MCS" anchor="prophètes" bfScore="--" coherenceScore="--">bn:00064759n</annotation>
		<annotation source="BABELFY" anchor="persécutés" bfScore="1.0" coherenceScore="0.05952380952380952">bn:00091182v</annotation>
		<annotation source="MCS" anchor="plaisent" bfScore="--" coherenceScore="--">bn:00089027v</annotation>
		<annotation source="MCS" anchor="ennemis" bfScore="--" coherenceScore="--">bn:13675359a</annotation>
		<annotation source="MCS" anchor="empêchant" bfScore="--" coherenceScore="--">bn:00090033v</annotation>
		<annotation source="MCS" anchor="parler" bfScore="--" coherenceScore="--">bn:00094090v</annotation>
		<annotation source="BABELFY" anchor="païens" bfScore="1.0" coherenceScore="0.1388888888888889">bn:00102421a</annotation>
		<annotation source="MCS" anchor="soient" bfScore="--" coherenceScore="--">bn:00083187v</annotation>
		<annotation source="MCS" anchor="sauvés" bfScore="--" coherenceScore="--">bn:00086533v</annotation>
		<annotation source="MCS" anchor="sorte" bfScore="--" coherenceScore="--">bn:00035907n</annotation>
		<annotation source="MCS" anchor="cessent" bfScore="--" coherenceScore="--">bn:00084710v</annotation>
		<annotation source="MCS" anchor="mettre" bfScore="--" coherenceScore="--">bn:00090224v</annotation>
		<annotation source="BABELFY" anchor="comble" bfScore="0.9007444168734491" coherenceScore="0.13095238095238096">bn:00007038n</annotation>
		<annotation source="BABELFY" anchor="péchés" bfScore="0.7189654329438224" coherenceScore="0.3373015873015873">bn:00071707n</annotation>
		<annotation source="MCS" anchor="colère" bfScore="--" coherenceScore="--">bn:00004085n</annotation>
		<annotation source="MCS" anchor="fini" bfScore="--" coherenceScore="--">bn:00084711v</annotation>
		<annotation source="MCS" anchor="atteindre" bfScore="--" coherenceScore="--">bn:00082226v</annotation>
		<annotation source="MCS" anchor="temps" bfScore="--" coherenceScore="--">bn:00077270n</annotation>
		<annotation source="MCS" anchor="séparés" bfScore="--" coherenceScore="--">bn:00087099v</annotation>
		<annotation source="MCS" anchor="corps" bfScore="--" coherenceScore="--">bn:00011744n</annotation>
		<annotation source="MCS" anchor="coeur" bfScore="--" coherenceScore="--">bn:00043383n</annotation>
		<annotation source="BABELFY" anchor="autant" bfScore="1.0" coherenceScore="0.011904761904761904">bn:00116285r</annotation>
		<annotation source="MCS" anchor="plus" bfScore="--" coherenceScore="--">bn:00115880r</annotation>
		<annotation source="BABELFY" anchor="ardemment" bfScore="1.0" coherenceScore="0.09523809523809523">bn:00115220r</annotation>
		<annotation source="MCS" anchor="vif" bfScore="--" coherenceScore="--">bn:00097657a</annotation>
		<annotation source="MCS" anchor="désir" bfScore="--" coherenceScore="--">bn:00026550n</annotation>
		<annotation source="MCS" anchor="voir" bfScore="--" coherenceScore="--">bn:00093430v</annotation>
		<annotation source="MCS" anchor="Aussi" bfScore="--" coherenceScore="--">bn:00114246r</annotation>
		<annotation source="MCS" anchor="voulions" bfScore="--" coherenceScore="--">bn:00086682v</annotation>
		<annotation source="MCS" anchor="aller" bfScore="--" coherenceScore="--">bn:00087905v</annotation>
		<annotation source="MCS" anchor="moins" bfScore="--" coherenceScore="--">bn:00116104r</annotation>
		<annotation source="BABELFY" anchor="Paul" bfScore="0.982313829787234" coherenceScore="0.32936507936507936">bn:00004984n</annotation>
		<annotation source="MCS" anchor="fois" bfScore="--" coherenceScore="--">bn:00019848n</annotation>
		<annotation source="MCS" anchor="empêchés" bfScore="--" coherenceScore="--">bn:00090033v</annotation>
		<annotation source="MCS" anchor="espérance" bfScore="--" coherenceScore="--">bn:00044740n</annotation>
		<annotation source="MCS" anchor="joie" bfScore="--" coherenceScore="--">bn:00048468n</annotation>
		<annotation source="MCS" anchor="couronne" bfScore="--" coherenceScore="--">bn:00049469n</annotation>
		<annotation source="BABELFY" anchor="lors" bfScore="1.0" coherenceScore="0.03571428571428571">bn:00117250r</annotation>
		<annotation source="BABELFY" anchor="avènement" bfScore="0.9810246679316889" coherenceScore="0.1865079365079365">bn:00001565n</annotation>
	</annotations>
</paragraph>
<paragraph id="p.3">
	<text>
		C ` est pourquoi , impatients que nous étions , et nous décidant à rester seuls à Athènes ,
		nous envoyâmes Timothée , notre frère , ministre de Dieu dans l ` Évangile de Christ , pour vous affermir et vous exhorter au sujet de votre foi ,
		afin que personne ne fût ébranlé au milieu des tribulations présentes ; car vous savez vous - mêmes que nous sommes destinés à cela .
		Et lorsque nous étions auprès de vous , nous vous annoncions d ` avance que nous serions exposés à des tribulations , comme cela est arrivé , et comme vous le savez .
		Ainsi , dans mon impatience , j ` envoyai m ` informer de votre foi , dans la crainte que le tentateur ne vous eût tentés , et que nous n ` eussions travaillé en vain .
		Mais Timothée , récemment arrivé ici de chez vous , nous a donné de bonnes nouvelles de votre foi et de votre charité , et nous a dit que vous avez toujours de nous un bon souvenir , désirant nous voir comme nous désirons aussi vous voir .
		En conséquence , frères , au milieu de toutes nos calamités et de nos tribulations , nous avons été consolés à votre sujet , à cause de votre foi .
		Car maintenant nous vivons , puisque vous demeurez fermes dans le Seigneur .
		Quelles actions de grâces , en effet , nous pouvons rendre à Dieu à votre sujet , pour toute la joie que nous éprouvons à cause de vous , devant notre Dieu !
		Nuit et jour , nous le prions avec une extrême ardeur de nous permettre de vous voir , et de compléter ce qui manque à votre foi .
		Que Dieu lui - même , notre Père , et notre Seigneur Jésus , aplanissent notre route pour que nous allions à vous !
		Que le Seigneur augmente de plus en plus parmi vous , et à l ` égard de tous , cette charité que nous avons nous - mêmes pour vous ,
		afin d ` affermir vos coeurs pour qu ` ils soient irréprochables dans la sainteté devant Dieu notre Père , lors de l ` avènement de notre Seigneur Jésus avec tous ses saints !
	</text>
	<annotations>
		<annotation source="MCS" anchor="est" bfScore="--" coherenceScore="--">bn:00083187v</annotation>
		<annotation source="BABELFY" anchor="pourquoi" bfScore="1.0" coherenceScore="0.031496062992125984">bn:00114822r</annotation>
		<annotation source="BABELFY" anchor="impatients" bfScore="0.9937888198757764" coherenceScore="0.15748031496062992">bn:00104633a</annotation>
		<annotation source="MCS" anchor="étions" bfScore="--" coherenceScore="--">bn:00083187v</annotation>
		<annotation source="MCS" anchor="décidant" bfScore="--" coherenceScore="--">bn:00086370v</annotation>
		<annotation source="MCS" anchor="rester" bfScore="--" coherenceScore="--">bn:00085719v</annotation>
		<annotation source="MCS" anchor="seuls" bfScore="--" coherenceScore="--">bn:00096872a</annotation>
		<annotation source="BABELFY" anchor="Athènes" bfScore="0.9027777777777778" coherenceScore="0.23622047244094488">bn:00006734n</annotation>
		<annotation source="MCS" anchor="envoyâmes" bfScore="--" coherenceScore="--">bn:00093485v</annotation>
		<annotation source="MCS" anchor="frère" bfScore="--" coherenceScore="--">bn:00011357n</annotation>
		<annotation source="MCS" anchor="ministre" bfScore="--" coherenceScore="--">bn:00041200n</annotation>
		<annotation source="BABELFY" anchor="Dieu" bfScore="0.7301689488977433" coherenceScore="0.8582677165354331">bn:00040878n</annotation>
		<annotation source="BABELFY" anchor="Évangile" bfScore="0.7165507649513213" coherenceScore="0.36220472440944884">bn:00031976n</annotation>
		<annotation source="BABELFY" anchor="Christ" bfScore="0.9994761655316919" coherenceScore="0.7559055118110236">bn:00018805n</annotation>
		<annotation source="MCS" anchor="affermir" bfScore="--" coherenceScore="--">bn:00083317v</annotation>
		<annotation source="BABELFY" anchor="exhorter" bfScore="0.9574468085106383" coherenceScore="0.03937007874015748">bn:00087843v</annotation>
		<annotation source="MCS" anchor="sujet" bfScore="--" coherenceScore="--">bn:00022157n</annotation>
		<annotation source="BABELFY" anchor="foi" bfScore="0.836092910111037" coherenceScore="0.8582677165354331">bn:00032768n</annotation>
		<annotation source="MCS" anchor="personne" bfScore="--" coherenceScore="--">bn:00116349r</annotation>
		<annotation source="MCS" anchor="fût" bfScore="--" coherenceScore="--">bn:00083187v</annotation>
		<annotation source="BABELFY" anchor="ébranlé" bfScore="0.8672566371681416" coherenceScore="0.11023622047244094">bn:00087623v</annotation>
		<annotation source="MCS" anchor="milieu" bfScore="--" coherenceScore="--">bn:00017123n</annotation>
		<annotation source="BABELFY" anchor="tribulations" bfScore="0.8372093023255814" coherenceScore="0.14173228346456693">bn:02492215n</annotation>
		<annotation source="MCS" anchor="présentes" bfScore="--" coherenceScore="--">bn:00108978a</annotation>
		<annotation source="MCS" anchor="savez" bfScore="--" coherenceScore="--">bn:00090142v</annotation>
		<annotation source="MCS" anchor="destinés" bfScore="--" coherenceScore="--">bn:00086681v</annotation>
		<annotation source="MCS" anchor="annoncions" bfScore="--" coherenceScore="--">bn:00082637v</annotation>
		<annotation source="BABELFY" anchor="avance" bfScore="0.7321428571428571" coherenceScore="0.2047244094488189">bn:00021587n</annotation>
		<annotation source="MCS" anchor="serions" bfScore="--" coherenceScore="--">bn:00083187v</annotation>
		<annotation source="BABELFY" anchor="exposés" bfScore="0.7536407766990292" coherenceScore="0.2125984251968504">bn:00087841v</annotation>
		<annotation source="MCS" anchor="arrivé" bfScore="--" coherenceScore="--">bn:00083286v</annotation>
		<annotation source="MCS" anchor="Ainsi" bfScore="--" coherenceScore="--">bn:00117048r</annotation>
		<annotation source="BABELFY" anchor="impatience" bfScore="0.8878504672897196" coherenceScore="0.14960629921259844">bn:00046079n</annotation>
		<annotation source="MCS" anchor="envoyai" bfScore="--" coherenceScore="--">bn:00093485v</annotation>
		<annotation source="MCS" anchor="informer" bfScore="--" coherenceScore="--">bn:00082416v</annotation>
		<annotation source="MCS" anchor="crainte" bfScore="--" coherenceScore="--">bn:00007503n</annotation>
		<annotation source="BABELFY" anchor="tentateur" bfScore="1.0" coherenceScore="0.14173228346456693">bn:00076486n</annotation>
		<annotation source="MCS" anchor="eût" bfScore="--" coherenceScore="--">bn:00088733v</annotation>
		<annotation source="MCS" anchor="tentés" bfScore="--" coherenceScore="--">bn:00094868v</annotation>
		<annotation source="MCS" anchor="eussions" bfScore="--" coherenceScore="--">bn:00088733v</annotation>
		<annotation source="MCS" anchor="travaillé" bfScore="--" coherenceScore="--">bn:00095812v</annotation>
		<annotation source="BABELFY" anchor="vain" bfScore="0.8789237668161435" coherenceScore="0.11023622047244094">bn:00100184a</annotation>
		<annotation source="BABELFY" anchor="récemment" bfScore="0.8888888888888888" coherenceScore="0.031496062992125984">bn:00116085r</annotation>
		<annotation source="MCS" anchor="ici" bfScore="--" coherenceScore="--">bn:00115641r</annotation>
		<annotation source="MCS" anchor="donné" bfScore="--" coherenceScore="--">bn:00088815v</annotation>
		<annotation source="MCS" anchor="bonnes" bfScore="--" coherenceScore="--">bn:00103672a</annotation>
		<annotation source="MCS" anchor="nouvelles" bfScore="--" coherenceScore="--">bn:00107267a</annotation>
		<annotation source="MCS" anchor="charité" bfScore="--" coherenceScore="--">bn:00013380n</annotation>
		<annotation source="MCS" anchor="dit" bfScore="--" coherenceScore="--">bn:00093287v</annotation>
		<annotation source="MCS" anchor="avez" bfScore="--" coherenceScore="--">bn:00088733v</annotation>
		<annotation source="MCS" anchor="toujours" bfScore="--" coherenceScore="--">bn:00114251r</annotation>
		<annotation source="MCS" anchor="bon" bfScore="--" coherenceScore="--">bn:00103672a</annotation>
		<annotation source="MCS" anchor="souvenir" bfScore="--" coherenceScore="--">bn:00048886n</annotation>
		<annotation source="MCS" anchor="désirant" bfScore="--" coherenceScore="--">bn:00085989v</annotation>
		<annotation source="MCS" anchor="voir" bfScore="--" coherenceScore="--">bn:00093430v</annotation>
		<annotation source="MCS" anchor="désirons" bfScore="--" coherenceScore="--">bn:00085989v</annotation>
		<annotation source="MCS" anchor="aussi" bfScore="--" coherenceScore="--">bn:00114246r</annotation>
		<annotation source="MCS" anchor="conséquence" bfScore="--" coherenceScore="--">bn:00021586n</annotation>
		<annotation source="MCS" anchor="frères" bfScore="--" coherenceScore="--">bn:00011357n</annotation>
		<annotation source="MCS" anchor="calamités" bfScore="--" coherenceScore="--">bn:00014640n</annotation>
		<annotation source="MCS" anchor="avons" bfScore="--" coherenceScore="--">bn:00088733v</annotation>
		<annotation source="MCS" anchor="été" bfScore="--" coherenceScore="--">bn:00083187v</annotation>
		<annotation source="BABELFY" anchor="consolés" bfScore="1.0" coherenceScore="0.031496062992125984">bn:00085398v</annotation>
		<annotation source="MCS" anchor="cause" bfScore="--" coherenceScore="--">bn:00015051n</annotation>
		<annotation source="MCS" anchor="maintenant" bfScore="--" coherenceScore="--">bn:00114424r</annotation>
		<annotation source="MCS" anchor="vivons" bfScore="--" coherenceScore="--">bn:00087617v</annotation>
		<annotation source="MCS" anchor="demeurez" bfScore="--" coherenceScore="--">bn:00082138v</annotation>
		<annotation source="BABELFY" anchor="fermes" bfScore="1.0" coherenceScore="0.023622047244094488">bn:00112382a</annotation>
		<annotation source="MCS" anchor="Seigneur" bfScore="--" coherenceScore="--">bn:00070296n</annotation>
		<annotation source="BABELFY" anchor="actions de grâces" bfScore="1.0" coherenceScore="0.15748031496062992">bn:05015173n</annotation>
		<annotation source="MCS" anchor="grâces" bfScore="--" coherenceScore="--">bn:00041227n</annotation>
		<annotation source="MCS" anchor="effet" bfScore="--" coherenceScore="--">bn:00029871n</annotation>
		<annotation source="BABELFY" anchor="pouvons" bfScore="0.9375" coherenceScore="0.023622047244094488">bn:00084451v</annotation>
		<annotation source="MCS" anchor="rendre" bfScore="--" coherenceScore="--">bn:00092791v</annotation>
		<annotation source="MCS" anchor="joie" bfScore="--" coherenceScore="--">bn:00048468n</annotation>
		<annotation source="MCS" anchor="éprouvons" bfScore="--" coherenceScore="--">bn:00087864v</annotation>
		<annotation source="MCS" anchor="Nuit" bfScore="--" coherenceScore="--">bn:00025236n</annotation>
		<annotation source="BABELFY" anchor="Nuit et jour" bfScore="1.0" coherenceScore="0.07086614173228346">bn:03613072n</annotation>
		<annotation source="MCS" anchor="jour" bfScore="--" coherenceScore="--">bn:00000086n</annotation>
		<annotation source="MCS" anchor="prions" bfScore="--" coherenceScore="--">bn:00091921v</annotation>
		<annotation source="MCS" anchor="extrême" bfScore="--" coherenceScore="--">bn:00102658a</annotation>
		<annotation source="MCS" anchor="ardeur" bfScore="--" coherenceScore="--">bn:00005510n</annotation>
		<annotation source="MCS" anchor="permettre" bfScore="--" coherenceScore="--">bn:00082537v</annotation>
		<annotation source="MCS" anchor="compléter" bfScore="--" coherenceScore="--">bn:00094607v</annotation>
		<annotation source="BABELFY" anchor="manque" bfScore="0.8015488867376573" coherenceScore="0.1889763779527559">bn:00090161v</annotation>
		<annotation source="MCS" anchor="Père" bfScore="--" coherenceScore="--">bn:00009616n</annotation>
		<annotation source="BABELFY" anchor="Jésus" bfScore="0.8356909684439608" coherenceScore="0.7559055118110236">bn:00018805n</annotation>
		<annotation source="BABELFY" anchor="aplanissent" bfScore="1.0" coherenceScore="0.007874015748031496">bn:00088285v</annotation>
		<annotation source="MCS" anchor="route" bfScore="--" coherenceScore="--">bn:00067975n</annotation>
		<annotation source="MCS" anchor="allions" bfScore="--" coherenceScore="--">bn:00087905v</annotation>
		<annotation source="MCS" anchor="augmente" bfScore="--" coherenceScore="--">bn:00089666v</annotation>
		<annotation source="BABELFY" anchor="plus" bfScore="0.7855361596009975" coherenceScore="0.11811023622047244">bn:00114303r</annotation>
		<annotation source="BABELFY" anchor="égard" bfScore="0.7956989247311828" coherenceScore="0.23622047244094488">bn:00031654n</annotation>
		<annotation source="MCS" anchor="coeurs" bfScore="--" coherenceScore="--">bn:00043383n</annotation>
		<annotation source="MCS" anchor="soient" bfScore="--" coherenceScore="--">bn:00083187v</annotation>
		<annotation source="MCS" anchor="irréprochables" bfScore="--" coherenceScore="--">bn:00098519a</annotation>
		<annotation source="MCS" anchor="sainteté" bfScore="--" coherenceScore="--">bn:00044420n</annotation>
		<annotation source="MCS" anchor="lors" bfScore="--" coherenceScore="--">bn:00117250r</annotation>
		<annotation source="BABELFY" anchor="avènement" bfScore="0.9878419452887538" coherenceScore="0.1968503937007874">bn:00001565n</annotation>
		<annotation source="MCS" anchor="saints" bfScore="--" coherenceScore="--">bn:00053896n</annotation>
	</annotations>
</paragraph>
<paragraph id="p.4">
	<text>
		Au reste , frères , puisque vous avez appris de nous comment vous devez vous conduire et plaire à Dieu , et que c ` est là ce que vous faites , nous vous prions et nous vous conjurons au nom du Seigneur Jésus de marcher à cet égard de progrès en progrès .
		Vous savez , en effet , quels préceptes nous vous avons donnés de la part du Seigneur Jésus .
		Ce que Dieu veut , c ` est votre sanctification ; c ` est que vous vous absteniez de l ` impudicité ;
		c ` est que chacun de vous sache posséder son corps dans la sainteté et l ` honnêteté ,
		sans vous livrer à une convoitise passionnée , comme font les païens qui ne connaissent pas Dieu ;
		c ` est que personne n ` use envers son frère de fraude et de cupidité dans les affaires , parce que le Seigneur tire vengeance de toutes ces choses , comme nous vous l ` avons déjà dit et attesté .
		Car Dieu ne nous a pas appelés à l ` impureté , mais à la sanctification .
		Celui donc qui rejette ces préceptes ne rejette pas un homme , mais Dieu , qui vous a aussi donné son Saint Esprit .
		Pour ce qui est de l ` amour fraternel , vous n ` avez pas besoin qu ` on vous en écrive ; car vous avez vous - mêmes appris de Dieu à vous aimer les uns les autres ,
		et c ` est aussi ce que vous faites envers tous les frères dans la Macédoine entière . Mais nous vous exhortons , frères , à abonder toujours plus dans cet amour ,
		et à mettre votre honneur à vivre tranquilles , à vous occuper de vos propres affaires , et à travailler de vos mains , comme nous vous l ` avons recommandé ,
		en sorte que vous vous conduisiez honnêtement envers ceux du dehors , et que vous n ` ayez besoin de personne .
		Nous ne voulons pas , frères , que vous soyez dans l ` ignorance au sujet de ceux qui dorment , afin que vous ne vous affligiez pas comme les autres qui n ` ont point d ` espérance .
		Car , si nous croyons que Jésus est mort et qu ` il est ressuscité , croyons aussi que Dieu ramènera par Jésus et avec lui ceux qui sont morts .
		Voici , en effet , ce que nous vous déclarons d ` après la parole du Seigneur : nous les vivants , restés pour l ` avènement du Seigneur , nous ne devancerons pas ceux qui sont morts .
		Car le Seigneur lui - même , à un signal donné , à la voix d ` un archange , et au son de la trompette de Dieu , descendra du ciel , et les morts en Christ ressusciteront premièrement .
		Ensuite , nous les vivants , qui seront restés , nous serons tous ensemble enlevés avec eux sur des nuées , à la rencontre du Seigneur dans les airs , et ainsi nous serons toujours avec le Seigneur .
		Consolez - vous donc les uns les autres par ces paroles .
	</text>
	<annotations>
		<annotation source="MCS" anchor="reste" bfScore="--" coherenceScore="--">bn:00008047n</annotation>
		<annotation source="MCS" anchor="frères" bfScore="--" coherenceScore="--">bn:00011357n</annotation>
		<annotation source="MCS" anchor="avez" bfScore="--" coherenceScore="--">bn:00088733v</annotation>
		<annotation source="MCS" anchor="appris" bfScore="--" coherenceScore="--">bn:00082281v</annotation>
		<annotation source="MCS" anchor="comment" bfScore="--" coherenceScore="--">bn:13703917r</annotation>
		<annotation source="MCS" anchor="devez" bfScore="--" coherenceScore="--">bn:00091360v</annotation>
		<annotation source="MCS" anchor="conduire" bfScore="--" coherenceScore="--">bn:00085567v</annotation>
		<annotation source="MCS" anchor="plaire" bfScore="--" coherenceScore="--">bn:00089027v</annotation>
		<annotation source="BABELFY" anchor="Dieu" bfScore="0.7830083394652931" coherenceScore="0.8010752688172043">bn:00040878n</annotation>
		<annotation source="MCS" anchor="est" bfScore="--" coherenceScore="--">bn:00083187v</annotation>
		<annotation source="BABELFY" anchor="là" bfScore="0.7422680412371134" coherenceScore="0.043010752688172046">bn:00114427r</annotation>
		<annotation source="MCS" anchor="faites" bfScore="--" coherenceScore="--">bn:00087107v</annotation>
		<annotation source="MCS" anchor="prions" bfScore="--" coherenceScore="--">bn:00091921v</annotation>
		<annotation source="BABELFY" anchor="conjurons" bfScore="1.0" coherenceScore="0.010752688172043012">bn:00084352v</annotation>
		<annotation source="MCS" anchor="nom" bfScore="--" coherenceScore="--">bn:00056758n</annotation>
		<annotation source="MCS" anchor="Seigneur" bfScore="--" coherenceScore="--">bn:00070296n</annotation>
		<annotation source="BABELFY" anchor="Jésus" bfScore="0.9006534389958093" coherenceScore="0.7365591397849462">bn:00018805n</annotation>
		<annotation source="MCS" anchor="marcher" bfScore="--" coherenceScore="--">bn:00095597v</annotation>
		<annotation source="MCS" anchor="égard" bfScore="--" coherenceScore="--">bn:00066865n</annotation>
		<annotation source="MCS" anchor="progrès" bfScore="--" coherenceScore="--">bn:00001551n</annotation>
		<annotation source="MCS" anchor="savez" bfScore="--" coherenceScore="--">bn:00090142v</annotation>
		<annotation source="MCS" anchor="effet" bfScore="--" coherenceScore="--">bn:00029871n</annotation>
		<annotation source="MCS" anchor="préceptes" bfScore="--" coherenceScore="--">bn:00064077n</annotation>
		<annotation source="MCS" anchor="avons" bfScore="--" coherenceScore="--">bn:00088733v</annotation>
		<annotation source="MCS" anchor="donnés" bfScore="--" coherenceScore="--">bn:00088815v</annotation>
		<annotation source="MCS" anchor="part" bfScore="--" coherenceScore="--">bn:00060766n</annotation>
		<annotation source="MCS" anchor="veut" bfScore="--" coherenceScore="--">bn:00086682v</annotation>
		<annotation source="MCS" anchor="sanctification" bfScore="--" coherenceScore="--">bn:00069120n</annotation>
		<annotation source="MCS" anchor="absteniez" bfScore="--" coherenceScore="--">bn:00082178v</annotation>
		<annotation source="MCS" anchor="sache" bfScore="--" coherenceScore="--">bn:00090142v</annotation>
		<annotation source="MCS" anchor="posséder" bfScore="--" coherenceScore="--">bn:00089241v</annotation>
		<annotation source="MCS" anchor="corps" bfScore="--" coherenceScore="--">bn:00011744n</annotation>
		<annotation source="MCS" anchor="sainteté" bfScore="--" coherenceScore="--">bn:00044420n</annotation>
		<annotation source="BABELFY" anchor="honnêteté" bfScore="0.9638109305760709" coherenceScore="0.15591397849462366">bn:00044620n</annotation>
		<annotation source="MCS" anchor="livrer" bfScore="--" coherenceScore="--">bn:00086531v</annotation>
		<annotation source="BABELFY" anchor="convoitise" bfScore="1.0" coherenceScore="0.053763440860215055">bn:00041632n</annotation>
		<annotation source="BABELFY" anchor="passionnée" bfScore="1.0" coherenceScore="0.043010752688172046">bn:00082177v</annotation>
		<annotation source="MCS" anchor="font" bfScore="--" coherenceScore="--">bn:00087107v</annotation>
		<annotation source="MCS" anchor="païens" bfScore="--" coherenceScore="--">bn:00037763n</annotation>
		<annotation source="MCS" anchor="connaissent" bfScore="--" coherenceScore="--">bn:00082272v</annotation>
		<annotation source="BABELFY" anchor="personne" bfScore="0.9090909090909091" coherenceScore="0.010752688172043012">bn:00116349r</annotation>
		<annotation source="MCS" anchor="use" bfScore="--" coherenceScore="--">bn:00095687v</annotation>
		<annotation source="MCS" anchor="frère" bfScore="--" coherenceScore="--">bn:00011357n</annotation>
		<annotation source="MCS" anchor="fraude" bfScore="--" coherenceScore="--">bn:00036292n</annotation>
		<annotation source="MCS" anchor="cupidité" bfScore="--" coherenceScore="--">bn:00007435n</annotation>
		<annotation source="MCS" anchor="affaires" bfScore="--" coherenceScore="--">bn:00012439n</annotation>
		<annotation source="MCS" anchor="tire" bfScore="--" coherenceScore="--">bn:00083567v</annotation>
		<annotation source="MCS" anchor="vengeance" bfScore="--" coherenceScore="--">bn:00067427n</annotation>
		<annotation source="MCS" anchor="choses" bfScore="--" coherenceScore="--">bn:00076925n</annotation>
		<annotation source="MCS" anchor="déjà" bfScore="--" coherenceScore="--">bn:00114245r</annotation>
		<annotation source="MCS" anchor="dit" bfScore="--" coherenceScore="--">bn:00093287v</annotation>
		<annotation source="MCS" anchor="attesté" bfScore="--" coherenceScore="--">bn:00082914v</annotation>
		<annotation source="MCS" anchor="appelés" bfScore="--" coherenceScore="--">bn:00084386v</annotation>
		<annotation source="MCS" anchor="impureté" bfScore="--" coherenceScore="--">bn:00027392n</annotation>
		<annotation source="MCS" anchor="donc" bfScore="--" coherenceScore="--">bn:00115635r</annotation>
		<annotation source="MCS" anchor="rejette" bfScore="--" coherenceScore="--">bn:00084634v</annotation>
		<annotation source="MCS" anchor="homme" bfScore="--" coherenceScore="--">bn:00044576n</annotation>
		<annotation source="MCS" anchor="aussi" bfScore="--" coherenceScore="--">bn:00114246r</annotation>
		<annotation source="MCS" anchor="donné" bfScore="--" coherenceScore="--">bn:00088815v</annotation>
		<annotation source="MCS" anchor="Saint" bfScore="--" coherenceScore="--">bn:00053896n</annotation>
		<annotation source="BABELFY" anchor="Saint Esprit" bfScore="0.8862068965517241" coherenceScore="0.44086021505376344">bn:00645230n</annotation>
		<annotation source="MCS" anchor="Esprit" bfScore="--" coherenceScore="--">bn:00012681n</annotation>
		<annotation source="BABELFY" anchor="amour" bfScore="0.8232473000183049" coherenceScore="0.6075268817204301">bn:00052121n</annotation>
		<annotation source="BABELFY" anchor="fraternel" bfScore="0.717391304347826" coherenceScore="0.05913978494623656">bn:00098941a</annotation>
		<annotation source="MCS" anchor="besoin" bfScore="--" coherenceScore="--">bn:00057164n</annotation>
		<annotation source="MCS" anchor="écrive" bfScore="--" coherenceScore="--">bn:00092123v</annotation>
		<annotation source="MCS" anchor="aimer" bfScore="--" coherenceScore="--">bn:00090504v</annotation>
		<annotation source="BABELFY" anchor="uns" bfScore="0.9411764705882353" coherenceScore="0.021505376344086023">bn:03296580n</annotation>
		<annotation source="MCS" anchor="autres" bfScore="--" coherenceScore="--">bn:00101268a</annotation>
		<annotation source="MCS" anchor="entière" bfScore="--" coherenceScore="--">bn:00103393a</annotation>
		<annotation source="BABELFY" anchor="exhortons" bfScore="0.92" coherenceScore="0.06451612903225806">bn:00087843v</annotation>
		<annotation source="BABELFY" anchor="abonder" bfScore="0.7289433384379785" coherenceScore="0.17204301075268819">bn:00082153v</annotation>
		<annotation source="MCS" anchor="toujours" bfScore="--" coherenceScore="--">bn:00114251r</annotation>
		<annotation source="MCS" anchor="plus" bfScore="--" coherenceScore="--">bn:00115880r</annotation>
		<annotation source="MCS" anchor="mettre" bfScore="--" coherenceScore="--">bn:00090224v</annotation>
		<annotation source="MCS" anchor="honneur" bfScore="--" coherenceScore="--">bn:00044654n</annotation>
		<annotation source="MCS" anchor="vivre" bfScore="--" coherenceScore="--">bn:00087617v</annotation>
		<annotation source="BABELFY" anchor="tranquilles" bfScore="0.7971014492753623" coherenceScore="0.053763440860215055">bn:00109361a</annotation>
		<annotation source="MCS" anchor="occuper" bfScore="--" coherenceScore="--">bn:00090437v</annotation>
		<annotation source="MCS" anchor="propres" bfScore="--" coherenceScore="--">bn:00099776a</annotation>
		<annotation source="MCS" anchor="travailler" bfScore="--" coherenceScore="--">bn:00095812v</annotation>
		<annotation source="MCS" anchor="mains" bfScore="--" coherenceScore="--">bn:00042759n</annotation>
		<annotation source="MCS" anchor="recommandé" bfScore="--" coherenceScore="--">bn:00082418v</annotation>
		<annotation source="MCS" anchor="sorte" bfScore="--" coherenceScore="--">bn:00035907n</annotation>
		<annotation source="MCS" anchor="conduisiez" bfScore="--" coherenceScore="--">bn:00085567v</annotation>
		<annotation source="BABELFY" anchor="honnêtement" bfScore="0.9949238578680203" coherenceScore="0.07526881720430108">bn:00114663r</annotation>
		<annotation source="BABELFY" anchor="dehors" bfScore="0.8384279475982532" coherenceScore="0.06451612903225806">bn:00059746n</annotation>
		<annotation source="MCS" anchor="ayez" bfScore="--" coherenceScore="--">bn:00088733v</annotation>
		<annotation source="MCS" anchor="besoin de personne" bfScore="--" coherenceScore="--">bn:04711619n</annotation>
		<annotation source="BABELFY" anchor="personne" bfScore="0.9917941359122617" coherenceScore="0.8010752688172043">bn:00046516n</annotation>
		<annotation source="MCS" anchor="voulons" bfScore="--" coherenceScore="--">bn:00086682v</annotation>
		<annotation source="MCS" anchor="soyez" bfScore="--" coherenceScore="--">bn:00083187v</annotation>
		<annotation source="BABELFY" anchor="ignorance" bfScore="0.7333712336554861" coherenceScore="0.16129032258064516">bn:00045892n</annotation>
		<annotation source="MCS" anchor="sujet" bfScore="--" coherenceScore="--">bn:00022157n</annotation>
		<annotation source="BABELFY" anchor="dorment" bfScore="0.7887323943661971" coherenceScore="0.03763440860215054">bn:00084684v</annotation>
		<annotation source="MCS" anchor="comme" bfScore="--" coherenceScore="--">bn:00114354r</annotation>
		<annotation source="MCS" anchor="ont" bfScore="--" coherenceScore="--">bn:00088733v</annotation>
		<annotation source="MCS" anchor="espérance" bfScore="--" coherenceScore="--">bn:00044740n</annotation>
		<annotation source="MCS" anchor="croyons" bfScore="--" coherenceScore="--">bn:00083369v</annotation>
		<annotation source="MCS" anchor="mort" bfScore="--" coherenceScore="--">bn:00025582n</annotation>
		<annotation source="MCS" anchor="ressuscité" bfScore="--" coherenceScore="--">bn:00092343v</annotation>
		<annotation source="MCS" anchor="ramènera" bfScore="--" coherenceScore="--">bn:13706925v</annotation>
		<annotation source="MCS" anchor="sont" bfScore="--" coherenceScore="--">bn:00083187v</annotation>
		<annotation source="MCS" anchor="morts" bfScore="--" coherenceScore="--">bn:00083914v</annotation>
		<annotation source="BABELFY" anchor="Voici" bfScore="1.0" coherenceScore="0.043010752688172046">bn:00114427r</annotation>
		<annotation source="MCS" anchor="déclarons" bfScore="--" coherenceScore="--">bn:00082638v</annotation>
		<annotation source="BABELFY" anchor="parole" bfScore="0.7360594795539034" coherenceScore="0.3548387096774194">bn:00049911n</annotation>
		<annotation source="MCS" anchor="restés" bfScore="--" coherenceScore="--">bn:00085719v</annotation>
		<annotation source="BABELFY" anchor="avènement" bfScore="0.966183574879227" coherenceScore="0.10752688172043011">bn:00001565n</annotation>
		<annotation source="BABELFY" anchor="signal" bfScore="0.8" coherenceScore="0.1935483870967742">bn:00071525n</annotation>
		<annotation source="MCS" anchor="voix" bfScore="--" coherenceScore="--">bn:00062019n</annotation>
		<annotation source="BABELFY" anchor="archange" bfScore="0.9897828863346104" coherenceScore="0.13440860215053763">bn:00005398n</annotation>
		<annotation source="BABELFY" anchor="trompette" bfScore="0.9973190348525469" coherenceScore="0.06451612903225806">bn:00022750n</annotation>
		<annotation source="MCS" anchor="descendra" bfScore="--" coherenceScore="--">bn:00085356v</annotation>
		<annotation source="MCS" anchor="ciel" bfScore="--" coherenceScore="--">bn:00072016n</annotation>
		<annotation source="MCS" anchor="morts" bfScore="--" coherenceScore="--">bn:00025582n</annotation>
		<annotation source="BABELFY" anchor="Christ" bfScore="0.9993839968875632" coherenceScore="0.7365591397849462">bn:00018805n</annotation>
		<annotation source="MCS" anchor="ressusciteront" bfScore="--" coherenceScore="--">bn:00092343v</annotation>
		<annotation source="BABELFY" anchor="premièrement" bfScore="1.0" coherenceScore="0.016129032258064516">bn:00115376r</annotation>
		<annotation source="MCS" anchor="Ensuite" bfScore="--" coherenceScore="--">bn:00116086r</annotation>
		<annotation source="MCS" anchor="seront" bfScore="--" coherenceScore="--">bn:00083187v</annotation>
		<annotation source="MCS" anchor="serons" bfScore="--" coherenceScore="--">bn:00083187v</annotation>
		<annotation source="MCS" anchor="ensemble" bfScore="--" coherenceScore="--">bn:00070697n</annotation>
		<annotation source="MCS" anchor="enlevés" bfScore="--" coherenceScore="--">bn:00092783v</annotation>
		<annotation source="BABELFY" anchor="nuées" bfScore="0.967741935483871" coherenceScore="0.026881720430107527">bn:00020006n</annotation>
		<annotation source="BABELFY" anchor="rencontre" bfScore="0.8761061946902655" coherenceScore="0.1774193548387097">bn:00041948n</annotation>
		<annotation source="MCS" anchor="airs" bfScore="--" coherenceScore="--">bn:00002186n</annotation>
		<annotation source="BABELFY" anchor="Consolez" bfScore="1.0" coherenceScore="0.06989247311827956">bn:00085398v</annotation>
		<annotation source="BABELFY" anchor="paroles" bfScore="0.7241236544300304" coherenceScore="0.3548387096774194">bn:00049911n</annotation>
	</annotations>
</paragraph>
<paragraph id="p.5">
	<text>
		Pour ce qui est des temps et des moments , vous n ` avez pas besoin , frères , qu ` on vous en écrive .
		Car vous savez bien vous - mêmes que le jour du Seigneur viendra comme un voleur dans la nuit .
		Quand les hommes diront : Paix et sûreté ! alors une ruine soudaine les surprendra , comme les douleurs de l ` enfantement surprennent la femme enceinte , et ils n ` échapperont point .
		Mais vous , frères , vous n ` êtes pas dans les ténèbres , pour que ce jour vous surprenne comme un voleur ;
		vous êtes tous des enfants de la lumière et des enfants du jour . Nous ne sommes point de la nuit ni des ténèbres .
		Ne dormons donc point comme les autres , mais veillons et soyons sobres .
		Car ceux qui dorment dorment la nuit , et ceux qui s ` enivrent s ` enivrent la nuit .
		Mais nous qui sommes du jour , soyons sobres , ayant revêtu la cuirasse de la foi et de la charité , et ayant pour casque l ` espérance du salut .
		Car Dieu ne nous a pas destinés à la colère , mais à l ` acquisition du salut par notre Seigneur Jésus Christ ,
		qui est mort pour nous , afin que , soit que nous veillons , soit que nous dormions , nous vivions ensemble avec lui .
		C ` est pourquoi exhortez - vous réciproquement , et édifiez - vous les uns les autres , comme en réalité vous le faites .
		Nous vous prions , frères , d ` avoir de la considération pour ceux qui travaillent parmi vous , qui vous dirigent dans le Seigneur , et qui vous exhortent .
		Ayez pour eux beaucoup d ` affection , à cause de leur oeuvre . Soyez en paix entre vous .
		Nous vous prions aussi , frères , avertissez ceux qui vivent dans le désordre , consolez ceux qui sont abattus , supportez les faibles , usez de patience envers tous .
		Prenez garde que personne ne rende à autrui le mal pour le mal ; mais poursuivez toujours le bien , soit entre vous , soit envers tous .
		Soyez toujours joyeux .
		Priez sans cesse .
		Rendez grâces en toutes choses , car c ` est à votre égard la volonté de Dieu en Jésus Christ .
		N ` éteignez pas l ` Esprit .
		Ne méprisez pas les prophéties .
		Mais examinez toutes choses ; retenez ce qui est bon ;
		abstenez - vous de toute espèce de mal .
		Que le Dieu de paix vous sanctifie lui - même tout entiers , et que tout votre être , l ` esprit , l ` âme et le corps , soit conservé irrépréhensible , lors de l ` avènement de notre Seigneur Jésus Christ !
		Celui qui vous a appelés est fidèle , et c ` est lui qui le fera .
		Frères , priez pour nous .
		Saluez tous les frères par un saint baiser .
		Je vous en conjure par le Seigneur , que cette lettre soit lue à tous les frères .
		Que la grâce de notre Seigneur Jésus Christ soit avec vous !
	</text>
	<annotations>
		<annotation source="MCS" anchor="est" bfScore="--" coherenceScore="--">bn:00083187v</annotation>
		<annotation source="BABELFY" anchor="temps" bfScore="0.7154794706174624" coherenceScore="0.4489795918367347">bn:00077270n</annotation>
		<annotation source="MCS" anchor="moments" bfScore="--" coherenceScore="--">bn:00010728n</annotation>
		<annotation source="MCS" anchor="avez" bfScore="--" coherenceScore="--">bn:00088733v</annotation>
		<annotation source="MCS" anchor="besoin" bfScore="--" coherenceScore="--">bn:00057164n</annotation>
		<annotation source="MCS" anchor="frères" bfScore="--" coherenceScore="--">bn:00011357n</annotation>
		<annotation source="MCS" anchor="écrive" bfScore="--" coherenceScore="--">bn:00092123v</annotation>
		<annotation source="MCS" anchor="savez" bfScore="--" coherenceScore="--">bn:00090142v</annotation>
		<annotation source="MCS" anchor="bien" bfScore="--" coherenceScore="--">bn:00115530r</annotation>
		<annotation source="MCS" anchor="jour" bfScore="--" coherenceScore="--">bn:00000086n</annotation>
		<annotation source="BABELFY" anchor="jour du Seigneur" bfScore="1.0" coherenceScore="0.14795918367346939">bn:00028190n</annotation>
		<annotation source="MCS" anchor="Seigneur" bfScore="--" coherenceScore="--">bn:00070296n</annotation>
		<annotation source="MCS" anchor="viendra" bfScore="--" coherenceScore="--">bn:00085322v</annotation>
		<annotation source="MCS" anchor="comme" bfScore="--" coherenceScore="--">bn:00114354r</annotation>
		<annotation source="MCS" anchor="comme un" bfScore="--" coherenceScore="--">bn:13612827r</annotation>
		<annotation source="MCS" anchor="voleur" bfScore="--" coherenceScore="--">bn:00074094n</annotation>
		<annotation source="MCS" anchor="nuit" bfScore="--" coherenceScore="--">bn:00025236n</annotation>
		<annotation source="MCS" anchor="hommes" bfScore="--" coherenceScore="--">bn:00044576n</annotation>
		<annotation source="MCS" anchor="diront" bfScore="--" coherenceScore="--">bn:00093287v</annotation>
		<annotation source="MCS" anchor="Paix" bfScore="--" coherenceScore="--">bn:00061149n</annotation>
		<annotation source="MCS" anchor="sûreté" bfScore="--" coherenceScore="--">bn:00070233n</annotation>
		<annotation source="MCS" anchor="alors" bfScore="--" coherenceScore="--">bn:00117250r</annotation>
		<annotation source="BABELFY" anchor="ruine" bfScore="0.768361581920904" coherenceScore="0.08163265306122448">bn:00068521n</annotation>
		<annotation source="BABELFY" anchor="soudaine" bfScore="0.7906976744186046" coherenceScore="0.04081632653061224">bn:00111415a</annotation>
		<annotation source="MCS" anchor="surprendra" bfScore="--" coherenceScore="--">bn:00094403v</annotation>
		<annotation source="MCS" anchor="douleurs" bfScore="--" coherenceScore="--">bn:00060182n</annotation>
		<annotation source="BABELFY" anchor="enfantement" bfScore="1.0" coherenceScore="0.22959183673469388">bn:00000735n</annotation>
		<annotation source="MCS" anchor="surprennent" bfScore="--" coherenceScore="--">bn:00094403v</annotation>
		<annotation source="BABELFY" anchor="femme" bfScore="0.7820098532605817" coherenceScore="0.6224489795918368">bn:00001530n</annotation>
		<annotation source="BABELFY" anchor="femme enceinte" bfScore="1.0" coherenceScore="0.3163265306122449">bn:00040332n</annotation>
		<annotation source="BABELFY" anchor="enceinte" bfScore="0.8120728929384966" coherenceScore="0.11734693877551021">bn:00108940a</annotation>
		<annotation source="MCS" anchor="échapperont" bfScore="--" coherenceScore="--">bn:00083978v</annotation>
		<annotation source="MCS" anchor="êtes" bfScore="--" coherenceScore="--">bn:00083187v</annotation>
		<annotation source="MCS" anchor="surprenne" bfScore="--" coherenceScore="--">bn:00094403v</annotation>
		<annotation source="BABELFY" anchor="enfants" bfScore="0.7047755577457218" coherenceScore="0.5816326530612245">bn:00018346n</annotation>
		<annotation source="MCS" anchor="enfants de la lumière" bfScore="--" coherenceScore="--">bn:14308638n</annotation>
		<annotation source="MCS" anchor="lumière" bfScore="--" coherenceScore="--">bn:00051108n</annotation>
		<annotation source="BABELFY" anchor="dormons" bfScore="0.8818897637795275" coherenceScore="0.08163265306122448">bn:00084684v</annotation>
		<annotation source="MCS" anchor="donc" bfScore="--" coherenceScore="--">bn:00115635r</annotation>
		<annotation source="BABELFY" anchor="autres" bfScore="0.7633587786259542" coherenceScore="0.12244897959183673">bn:00107268a</annotation>
		<annotation source="MCS" anchor="veillons" bfScore="--" coherenceScore="--">bn:00093789v</annotation>
		<annotation source="MCS" anchor="soyons" bfScore="--" coherenceScore="--">bn:00083187v</annotation>
		<annotation source="MCS" anchor="sobres" bfScore="--" coherenceScore="--">bn:00110837a</annotation>
		<annotation source="BABELFY" anchor="dorment" bfScore="0.8818897637795275" coherenceScore="0.08163265306122448">bn:00084684v</annotation>
		<annotation source="MCS" anchor="ayant" bfScore="--" coherenceScore="--">bn:00088733v</annotation>
		<annotation source="BABELFY" anchor="revêtu" bfScore="0.9929851909586905" coherenceScore="0.25">bn:00083227v</annotation>
		<annotation source="MCS" anchor="cuirasse" bfScore="--" coherenceScore="--">bn:00024321n</annotation>
		<annotation source="BABELFY" anchor="foi" bfScore="0.8447789645380315" coherenceScore="0.8214285714285714">bn:00032768n</annotation>
		<annotation source="MCS" anchor="charité" bfScore="--" coherenceScore="--">bn:00013380n</annotation>
		<annotation source="MCS" anchor="casque" bfScore="--" coherenceScore="--">bn:00042936n</annotation>
		<annotation source="MCS" anchor="espérance" bfScore="--" coherenceScore="--">bn:00044740n</annotation>
		<annotation source="MCS" anchor="salut" bfScore="--" coherenceScore="--">bn:00066712n</annotation>
		<annotation source="BABELFY" anchor="Dieu" bfScore="0.7850116441546344" coherenceScore="0.8316326530612245">bn:00040878n</annotation>
		<annotation source="MCS" anchor="destinés" bfScore="--" coherenceScore="--">bn:00086681v</annotation>
		<annotation source="MCS" anchor="colère" bfScore="--" coherenceScore="--">bn:00004085n</annotation>
		<annotation source="MCS" anchor="acquisition" bfScore="--" coherenceScore="--">bn:00001005n</annotation>
		<annotation source="BABELFY" anchor="Jésus" bfScore="0.8932561768889749" coherenceScore="0.7448979591836735">bn:00018805n</annotation>
		<annotation source="BABELFY" anchor="Jésus Christ" bfScore="1.0" coherenceScore="0.75">bn:00018805n</annotation>
		<annotation source="BABELFY" anchor="Christ" bfScore="0.9970256161223746" coherenceScore="0.7448979591836735">bn:00018805n</annotation>
		<annotation source="MCS" anchor="mort" bfScore="--" coherenceScore="--">bn:00083914v</annotation>
		<annotation source="BABELFY" anchor="dormions" bfScore="0.8818897637795275" coherenceScore="0.08163265306122448">bn:00084684v</annotation>
		<annotation source="MCS" anchor="vivions" bfScore="--" coherenceScore="--">bn:00087617v</annotation>
		<annotation source="MCS" anchor="ensemble" bfScore="--" coherenceScore="--">bn:00117320r</annotation>
		<annotation source="BABELFY" anchor="pourquoi" bfScore="1.0" coherenceScore="0.02040816326530612">bn:00114822r</annotation>
		<annotation source="BABELFY" anchor="exhortez" bfScore="0.9090909090909091" coherenceScore="0.030612244897959183">bn:00087843v</annotation>
		<annotation source="BABELFY" anchor="réciproquement" bfScore="1.0" coherenceScore="0.05102040816326531">bn:00116312r</annotation>
		<annotation source="MCS" anchor="édifiez" bfScore="--" coherenceScore="--">bn:00084198v</annotation>
		<annotation source="BABELFY" anchor="réalité" bfScore="0.7952167414050823" coherenceScore="0.29081632653061223">bn:00066414n</annotation>
		<annotation source="MCS" anchor="faites" bfScore="--" coherenceScore="--">bn:00087107v</annotation>
		<annotation source="MCS" anchor="prions" bfScore="--" coherenceScore="--">bn:00091921v</annotation>
		<annotation source="MCS" anchor="avoir" bfScore="--" coherenceScore="--">bn:00088733v</annotation>
		<annotation source="MCS" anchor="considération" bfScore="--" coherenceScore="--">bn:00021989n</annotation>
		<annotation source="MCS" anchor="travaillent" bfScore="--" coherenceScore="--">bn:00095812v</annotation>
		<annotation source="MCS" anchor="dirigent" bfScore="--" coherenceScore="--">bn:00089113v</annotation>
		<annotation source="BABELFY" anchor="exhortent" bfScore="0.9090909090909091" coherenceScore="0.030612244897959183">bn:00087843v</annotation>
		<annotation source="MCS" anchor="Ayez" bfScore="--" coherenceScore="--">bn:00088733v</annotation>
		<annotation source="MCS" anchor="beaucoup" bfScore="--" coherenceScore="--">bn:00114047r</annotation>
		<annotation source="MCS" anchor="affection" bfScore="--" coherenceScore="--">bn:00001744n</annotation>
		<annotation source="MCS" anchor="cause" bfScore="--" coherenceScore="--">bn:00015051n</annotation>
		<annotation source="MCS" anchor="oeuvre" bfScore="--" coherenceScore="--">bn:00011767n</annotation>
		<annotation source="MCS" anchor="Soyez" bfScore="--" coherenceScore="--">bn:00083187v</annotation>
		<annotation source="MCS" anchor="paix" bfScore="--" coherenceScore="--">bn:00061149n</annotation>
		<annotation source="MCS" anchor="aussi" bfScore="--" coherenceScore="--">bn:00114246r</annotation>
		<annotation source="MCS" anchor="avertissez" bfScore="--" coherenceScore="--">bn:00095642v</annotation>
		<annotation source="MCS" anchor="vivent" bfScore="--" coherenceScore="--">bn:00087617v</annotation>
		<annotation source="MCS" anchor="désordre" bfScore="--" coherenceScore="--">bn:00054516n</annotation>
		<annotation source="BABELFY" anchor="consolez" bfScore="1.0" coherenceScore="0.09183673469387756">bn:00085398v</annotation>
		<annotation source="MCS" anchor="sont" bfScore="--" coherenceScore="--">bn:00083187v</annotation>
		<annotation source="MCS" anchor="abattus" bfScore="--" coherenceScore="--">bn:00084318v</annotation>
		<annotation source="BABELFY" anchor="supportez" bfScore="0.7379209370424598" coherenceScore="0.10714285714285714">bn:00082138v</annotation>
		<annotation source="MCS" anchor="faibles" bfScore="--" coherenceScore="--">bn:00028262n</annotation>
		<annotation source="MCS" anchor="usez" bfScore="--" coherenceScore="--">bn:00095687v</annotation>
		<annotation source="BABELFY" anchor="patience" bfScore="0.7454728370221329" coherenceScore="0.1989795918367347">bn:14629457n</annotation>
		<annotation source="MCS" anchor="Prenez" bfScore="--" coherenceScore="--">bn:00088762v</annotation>
		<annotation source="MCS" anchor="garde" bfScore="--" coherenceScore="--">bn:00024585n</annotation>
		<annotation source="BABELFY" anchor="personne" bfScore="0.9789743341872492" coherenceScore="0.8367346938775511">bn:00046516n</annotation>
		<annotation source="MCS" anchor="rende" bfScore="--" coherenceScore="--">bn:00092791v</annotation>
		<annotation source="BABELFY" anchor="autrui" bfScore="1.0" coherenceScore="0.17346938775510204">bn:03870834n</annotation>
		<annotation source="MCS" anchor="mal" bfScore="--" coherenceScore="--">bn:00032048n</annotation>
		<annotation source="MCS" anchor="poursuivez" bfScore="--" coherenceScore="--">bn:00084831v</annotation>
		<annotation source="MCS" anchor="toujours" bfScore="--" coherenceScore="--">bn:00114251r</annotation>
		<annotation source="MCS" anchor="bien" bfScore="--" coherenceScore="--">bn:00041061n</annotation>
		<annotation source="MCS" anchor="joyeux" bfScore="--" coherenceScore="--">bn:00099564a</annotation>
		<annotation source="MCS" anchor="Priez" bfScore="--" coherenceScore="--">bn:00091921v</annotation>
		<annotation source="MCS" anchor="cesse" bfScore="--" coherenceScore="--">bn:00822364n</annotation>
		<annotation source="MCS" anchor="Rendez" bfScore="--" coherenceScore="--">bn:00092791v</annotation>
		<annotation source="MCS" anchor="grâces" bfScore="--" coherenceScore="--">bn:00041227n</annotation>
		<annotation source="MCS" anchor="choses" bfScore="--" coherenceScore="--">bn:00076925n</annotation>
		<annotation source="BABELFY" anchor="égard" bfScore="0.7088965734045898" coherenceScore="0.28061224489795916">bn:00031654n</annotation>
		<annotation source="MCS" anchor="volonté" bfScore="--" coherenceScore="--">bn:00081239n</annotation>
		<annotation source="MCS" anchor="éteignez" bfScore="--" coherenceScore="--">bn:00086201v</annotation>
		<annotation source="MCS" anchor="Esprit" bfScore="--" coherenceScore="--">bn:00012681n</annotation>
		<annotation source="BABELFY" anchor="méprisez" bfScore="0.7069306930693069" coherenceScore="0.08673469387755102">bn:00086717v</annotation>
		<annotation source="MCS" anchor="prophéties" bfScore="--" coherenceScore="--">bn:00064645n</annotation>
		<annotation source="MCS" anchor="examinez" bfScore="--" coherenceScore="--">bn:00085651v</annotation>
		<annotation source="MCS" anchor="retenez" bfScore="--" coherenceScore="--">bn:00089400v</annotation>
		<annotation source="MCS" anchor="bon" bfScore="--" coherenceScore="--">bn:00103672a</annotation>
		<annotation source="MCS" anchor="abstenez" bfScore="--" coherenceScore="--">bn:00082178v</annotation>
		<annotation source="BABELFY" anchor="espèce" bfScore="0.9673202614379085" coherenceScore="0.18877551020408162">bn:00073210n</annotation>
		<annotation source="BABELFY" anchor="sanctifie" bfScore="1.0" coherenceScore="0.1377551020408163">bn:00083602v</annotation>
		<annotation source="MCS" anchor="tout" bfScore="--" coherenceScore="--">bn:00114403r</annotation>
		<annotation source="MCS" anchor="entiers" bfScore="--" coherenceScore="--">bn:00103393a</annotation>
		<annotation source="MCS" anchor="être" bfScore="--" coherenceScore="--">bn:00158524n</annotation>
		<annotation source="MCS" anchor="esprit" bfScore="--" coherenceScore="--">bn:00012681n</annotation>
		<annotation source="MCS" anchor="âme" bfScore="--" coherenceScore="--">bn:00065006n</annotation>
		<annotation source="MCS" anchor="corps" bfScore="--" coherenceScore="--">bn:00011744n</annotation>
		<annotation source="MCS" anchor="soit" bfScore="--" coherenceScore="--">bn:00083187v</annotation>
		<annotation source="MCS" anchor="conservé" bfScore="--" coherenceScore="--">bn:00091983v</annotation>
		<annotation source="MCS" anchor="lors" bfScore="--" coherenceScore="--">bn:00117250r</annotation>
		<annotation source="BABELFY" anchor="avènement" bfScore="0.9981892258940697" coherenceScore="0.17857142857142858">bn:00001565n</annotation>
		<annotation source="MCS" anchor="appelés" bfScore="--" coherenceScore="--">bn:00084386v</annotation>
		<annotation source="MCS" anchor="fidèle" bfScore="--" coherenceScore="--">bn:00102728a</annotation>
		<annotation source="MCS" anchor="fera" bfScore="--" coherenceScore="--">bn:00087107v</annotation>
		<annotation source="MCS" anchor="Frères" bfScore="--" coherenceScore="--">bn:00011357n</annotation>
		<annotation source="MCS" anchor="priez" bfScore="--" coherenceScore="--">bn:00091921v</annotation>
		<annotation source="MCS" anchor="Saluez" bfScore="--" coherenceScore="--">bn:00082703v</annotation>
		<annotation source="MCS" anchor="saint" bfScore="--" coherenceScore="--">bn:00110031a</annotation>
		<annotation source="BABELFY" anchor="saint baiser" bfScore="1.0" coherenceScore="0.12755102040816327">bn:00049235n</annotation>
		<annotation source="BABELFY" anchor="baiser" bfScore="0.9" coherenceScore="0.22959183673469388">bn:00014182n</annotation>
		<annotation source="MCS" anchor="conjure" bfScore="--" coherenceScore="--">bn:00084352v</annotation>
		<annotation source="MCS" anchor="lettre" bfScore="--" coherenceScore="--">bn:00050802n</annotation>
		<annotation source="MCS" anchor="lue" bfScore="--" coherenceScore="--">bn:00092426v</annotation>
		<annotation source="MCS" anchor="grâce" bfScore="--" coherenceScore="--">bn:00041227n</annotation>
	</annotations>
</paragraph>
</dataset>
