<?xml version="1.0" encoding="utf-8"?>
<dataset language="FR" title="2JO">
<paragraph id="p.1">
	<text>
		L ` ancien , à Kyria l ` élue et à ses enfants , que j ` aime dans la vérité , - et ce n ` est pas moi seul qui les aime , mais aussi tous ceux qui ont connu la vérité , -
		à cause de la vérité qui demeure en nous , et qui sera avec nous pour l ` éternité :
		que la grâce , la miséricorde et la paix soient avec vous de la part de Dieu le Père et de la part de Jésus Christ , le Fils du Père , dans la vérité et la charité !
		J ` ai été fort réjoui de trouver de tes enfants qui marchent dans la vérité , selon le commandement que nous avons reçu du Père .
		Et maintenant , ce que je te demande , Kyria , - non comme te prescrivant un commandement nouveau , mais celui que nous avons eu dès le commencement , - c ` est que nous nous aimions les uns les autres .
		Et l ` amour consiste à marcher selon ses commandements . C ` est là le commandement dans lequel vous devez marcher , comme vous l ` avez appris dès le commencement .
		Car plusieurs séducteurs sont entrés dans le monde , qui ne confessent point que Jésus Christ est venu en chair . Celui qui est tel , c ` est le séducteur et l ` antéchrist .
		Prenez garde à vous - mêmes , afin que vous ne perdiez pas le fruit de votre travail , mais que vous receviez une pleine récompense .
		Quiconque va plus loin et ne demeure pas dans la doctrine de Christ n ` a point Dieu ; celui qui demeure dans cette doctrine a le Père et le Fils .
		Si quelqu ` un vient à vous et n ` apporte pas cette doctrine , ne le recevez pas dans votre maison , et ne lui dites pas : Salut !
		car celui qui lui dit : Salut ! participe à ses mauvaises oeuvres .
		Quoique j ` eusse beaucoup de choses à vous écrire , je n ` ai pas voulu le faire avec le papier et l ` encre ; mais j ` espère aller chez vous , et vous parler de bouche à bouche , afin que notre joie soit parfaite .
		Les enfants de ta soeur l ` élue te saluent .
	</text>
	<annotations>
		<annotation source="MCS" anchor="ancien" bfScore="--" coherenceScore="--">bn:00107787a</annotation>
		<annotation source="MCS" anchor="élue" bfScore="--" coherenceScore="--">bn:00030112n</annotation>
		<annotation source="MCS" anchor="enfants" bfScore="--" coherenceScore="--">bn:00018346n</annotation>
		<annotation source="MCS" anchor="aime" bfScore="--" coherenceScore="--">bn:00090504v</annotation>
		<annotation source="BABELFY" anchor="vérité" bfScore="0.9498556051457075" coherenceScore="0.5869565217391305">bn:00072816n</annotation>
		<annotation source="MCS" anchor="est" bfScore="--" coherenceScore="--">bn:00083187v</annotation>
		<annotation source="MCS" anchor="seul" bfScore="--" coherenceScore="--">bn:00096872a</annotation>
		<annotation source="MCS" anchor="aussi" bfScore="--" coherenceScore="--">bn:00114246r</annotation>
		<annotation source="MCS" anchor="ont" bfScore="--" coherenceScore="--">bn:00088733v</annotation>
		<annotation source="MCS" anchor="connu" bfScore="--" coherenceScore="--">bn:00082272v</annotation>
		<annotation source="MCS" anchor="cause" bfScore="--" coherenceScore="--">bn:00015051n</annotation>
		<annotation source="MCS" anchor="demeure" bfScore="--" coherenceScore="--">bn:00082138v</annotation>
		<annotation source="MCS" anchor="sera" bfScore="--" coherenceScore="--">bn:00083187v</annotation>
		<annotation source="BABELFY" anchor="éternité" bfScore="0.7310215557638238" coherenceScore="0.21739130434782608">bn:00031687n</annotation>
		<annotation source="MCS" anchor="grâce" bfScore="--" coherenceScore="--">bn:00041227n</annotation>
		<annotation source="MCS" anchor="miséricorde" bfScore="--" coherenceScore="--">bn:00307854n</annotation>
		<annotation source="MCS" anchor="paix" bfScore="--" coherenceScore="--">bn:00061149n</annotation>
		<annotation source="MCS" anchor="soient" bfScore="--" coherenceScore="--">bn:00083187v</annotation>
		<annotation source="MCS" anchor="part" bfScore="--" coherenceScore="--">bn:00060766n</annotation>
		<annotation source="BABELFY" anchor="Dieu" bfScore="0.82922954725973" coherenceScore="0.8405797101449275">bn:00040878n</annotation>
		<annotation source="BABELFY" anchor="Dieu le Père" bfScore="0.9727891156462585" coherenceScore="0.18840579710144928">bn:03137478n</annotation>
		<annotation source="MCS" anchor="Père" bfScore="--" coherenceScore="--">bn:00009616n</annotation>
		<annotation source="BABELFY" anchor="Jésus" bfScore="0.8901553563460837" coherenceScore="0.7608695652173914">bn:00018805n</annotation>
		<annotation source="BABELFY" anchor="Jésus Christ" bfScore="1.0" coherenceScore="0.7681159420289855">bn:00018805n</annotation>
		<annotation source="BABELFY" anchor="Christ" bfScore="0.9989184177997528" coherenceScore="0.7608695652173914">bn:00018805n</annotation>
		<annotation source="BABELFY" anchor="charité" bfScore="0.7097966728280961" coherenceScore="0.21739130434782608">bn:00013380n</annotation>
		<annotation source="MCS" anchor="ai" bfScore="--" coherenceScore="--">bn:00088733v</annotation>
		<annotation source="MCS" anchor="été" bfScore="--" coherenceScore="--">bn:00083187v</annotation>
		<annotation source="MCS" anchor="fort" bfScore="--" coherenceScore="--">bn:00114243r</annotation>
		<annotation source="MCS" anchor="réjoui" bfScore="--" coherenceScore="--">bn:00086519v</annotation>
		<annotation source="MCS" anchor="trouver" bfScore="--" coherenceScore="--">bn:00084231v</annotation>
		<annotation source="MCS" anchor="marchent" bfScore="--" coherenceScore="--">bn:00095597v</annotation>
		<annotation source="MCS" anchor="commandement" bfScore="--" coherenceScore="--">bn:00020960n</annotation>
		<annotation source="MCS" anchor="avons" bfScore="--" coherenceScore="--">bn:00088733v</annotation>
		<annotation source="MCS" anchor="reçu" bfScore="--" coherenceScore="--">bn:00089246v</annotation>
		<annotation source="MCS" anchor="maintenant" bfScore="--" coherenceScore="--">bn:00114424r</annotation>
		<annotation source="MCS" anchor="demande" bfScore="--" coherenceScore="--">bn:00082817v</annotation>
		<annotation source="MCS" anchor="non" bfScore="--" coherenceScore="--">bn:00116350r</annotation>
		<annotation source="BABELFY" anchor="prescrivant" bfScore="0.7553072625698324" coherenceScore="0.18840579710144928">bn:00083834v</annotation>
		<annotation source="MCS" anchor="nouveau" bfScore="--" coherenceScore="--">bn:00107267a</annotation>
		<annotation source="MCS" anchor="eu" bfScore="--" coherenceScore="--">bn:00088733v</annotation>
		<annotation source="MCS" anchor="aimions" bfScore="--" coherenceScore="--">bn:00090504v</annotation>
		<annotation source="BABELFY" anchor="uns" bfScore="1.0" coherenceScore="0.014492753623188406">bn:03296580n</annotation>
		<annotation source="MCS" anchor="autres" bfScore="--" coherenceScore="--">bn:00101268a</annotation>
		<annotation source="BABELFY" anchor="amour" bfScore="0.7734410733343497" coherenceScore="0.644927536231884">bn:00052121n</annotation>
		<annotation source="MCS" anchor="consiste" bfScore="--" coherenceScore="--">bn:00085659v</annotation>
		<annotation source="MCS" anchor="marcher" bfScore="--" coherenceScore="--">bn:00095597v</annotation>
		<annotation source="MCS" anchor="commandements" bfScore="--" coherenceScore="--">bn:00020960n</annotation>
		<annotation source="MCS" anchor="là" bfScore="--" coherenceScore="--">bn:00114427r</annotation>
		<annotation source="MCS" anchor="devez" bfScore="--" coherenceScore="--">bn:00091360v</annotation>
		<annotation source="MCS" anchor="avez" bfScore="--" coherenceScore="--">bn:00088733v</annotation>
		<annotation source="MCS" anchor="appris" bfScore="--" coherenceScore="--">bn:00082281v</annotation>
		<annotation source="MCS" anchor="séducteurs" bfScore="--" coherenceScore="--">bn:00049657n</annotation>
		<annotation source="MCS" anchor="sont" bfScore="--" coherenceScore="--">bn:00083187v</annotation>
		<annotation source="MCS" anchor="entrés" bfScore="--" coherenceScore="--">bn:00085363v</annotation>
		<annotation source="MCS" anchor="monde" bfScore="--" coherenceScore="--">bn:00029428n</annotation>
		<annotation source="MCS" anchor="confessent" bfScore="--" coherenceScore="--">bn:00085511v</annotation>
		<annotation source="MCS" anchor="venu" bfScore="--" coherenceScore="--">bn:00085322v</annotation>
		<annotation source="MCS" anchor="chair" bfScore="--" coherenceScore="--">bn:00035182n</annotation>
		<annotation source="MCS" anchor="séducteur" bfScore="--" coherenceScore="--">bn:00049657n</annotation>
		<annotation source="BABELFY" anchor="antéchrist" bfScore="1.0" coherenceScore="0.18115942028985507">bn:00004634n</annotation>
		<annotation source="MCS" anchor="Prenez" bfScore="--" coherenceScore="--">bn:00088762v</annotation>
		<annotation source="MCS" anchor="garde" bfScore="--" coherenceScore="--">bn:00024585n</annotation>
		<annotation source="MCS" anchor="perdiez" bfScore="--" coherenceScore="--">bn:00090485v</annotation>
		<annotation source="MCS" anchor="fruit" bfScore="--" coherenceScore="--">bn:00036686n</annotation>
		<annotation source="MCS" anchor="travail" bfScore="--" coherenceScore="--">bn:00049571n</annotation>
		<annotation source="MCS" anchor="receviez" bfScore="--" coherenceScore="--">bn:00089246v</annotation>
		<annotation source="MCS" anchor="pleine" bfScore="--" coherenceScore="--">bn:00103391a</annotation>
		<annotation source="MCS" anchor="récompense" bfScore="--" coherenceScore="--">bn:00066977n</annotation>
		<annotation source="MCS" anchor="va" bfScore="--" coherenceScore="--">bn:00093013v</annotation>
		<annotation source="MCS" anchor="plus" bfScore="--" coherenceScore="--">bn:00115880r</annotation>
		<annotation source="MCS" anchor="plus loin" bfScore="--" coherenceScore="--">bn:00115329r</annotation>
		<annotation source="MCS" anchor="loin" bfScore="--" coherenceScore="--">bn:00115323r</annotation>
		<annotation source="MCS" anchor="doctrine" bfScore="--" coherenceScore="--">bn:00028013n</annotation>
		<annotation source="BABELFY" anchor="Si" bfScore="1.0" coherenceScore="0.014492753623188406">bn:00117043r</annotation>
		<annotation source="MCS" anchor="vient" bfScore="--" coherenceScore="--">bn:00085322v</annotation>
		<annotation source="MCS" anchor="apporte" bfScore="--" coherenceScore="--">bn:00084060v</annotation>
		<annotation source="MCS" anchor="recevez" bfScore="--" coherenceScore="--">bn:00089246v</annotation>
		<annotation source="MCS" anchor="maison" bfScore="--" coherenceScore="--">bn:00044994n</annotation>
		<annotation source="MCS" anchor="dites" bfScore="--" coherenceScore="--">bn:00093287v</annotation>
		<annotation source="MCS" anchor="Salut" bfScore="--" coherenceScore="--">bn:00066712n</annotation>
		<annotation source="MCS" anchor="dit" bfScore="--" coherenceScore="--">bn:00093287v</annotation>
		<annotation source="BABELFY" anchor="participe" bfScore="1.0" coherenceScore="0.12318840579710146">bn:00060801n</annotation>
		<annotation source="MCS" anchor="mauvaises" bfScore="--" coherenceScore="--">bn:00097966a</annotation>
		<annotation source="MCS" anchor="oeuvres" bfScore="--" coherenceScore="--">bn:00011767n</annotation>
		<annotation source="MCS" anchor="eusse" bfScore="--" coherenceScore="--">bn:00088733v</annotation>
		<annotation source="MCS" anchor="beaucoup" bfScore="--" coherenceScore="--">bn:00114047r</annotation>
		<annotation source="MCS" anchor="choses" bfScore="--" coherenceScore="--">bn:00076925n</annotation>
		<annotation source="MCS" anchor="écrire" bfScore="--" coherenceScore="--">bn:00092123v</annotation>
		<annotation source="MCS" anchor="voulu" bfScore="--" coherenceScore="--">bn:00086682v</annotation>
		<annotation source="MCS" anchor="faire" bfScore="--" coherenceScore="--">bn:00087107v</annotation>
		<annotation source="BABELFY" anchor="papier" bfScore="0.7477544910179641" coherenceScore="0.1956521739130435">bn:00060464n</annotation>
		<annotation source="BABELFY" anchor="encre" bfScore="0.9629629629629629" coherenceScore="0.07246376811594203">bn:00046794n</annotation>
		<annotation source="BABELFY" anchor="espère" bfScore="0.9596541786743515" coherenceScore="0.13043478260869565">bn:00089472v</annotation>
		<annotation source="MCS" anchor="aller" bfScore="--" coherenceScore="--">bn:00087905v</annotation>
		<annotation source="MCS" anchor="parler" bfScore="--" coherenceScore="--">bn:00094090v</annotation>
		<annotation source="BABELFY" anchor="bouche" bfScore="0.7177304964539007" coherenceScore="0.16666666666666666">bn:00056135n</annotation>
		<annotation source="BABELFY" anchor="bouche à bouche" bfScore="1.0" coherenceScore="0.057971014492753624">bn:00015952n</annotation>
		<annotation source="MCS" anchor="joie" bfScore="--" coherenceScore="--">bn:00048468n</annotation>
		<annotation source="BABELFY" anchor="parfaite" bfScore="1.0" coherenceScore="0.007246376811594203">bn:00089443v</annotation>
		<annotation source="MCS" anchor="soeur" bfScore="--" coherenceScore="--">bn:00071838n</annotation>
		<annotation source="BABELFY" anchor="élue" bfScore="1.0" coherenceScore="0.028985507246376812">bn:00102078a</annotation>
		<annotation source="MCS" anchor="saluent" bfScore="--" coherenceScore="--">bn:00082703v</annotation>
	</annotations>
</paragraph>
