<?xml version="1.0" encoding="utf-8"?>
<dataset language="FR" title="2PE">
<paragraph id="p.1">
	<text>
		Simon Pierre , serviteur et apôtre de Jésus Christ , à ceux qui ont reçu en partage une foi du même prix que la nôtre , par la justice de notre Dieu et du Sauveur Jésus Christ :
		que la grâce et la paix vous soient multipliées par la connaissance de Dieu et de Jésus notre Seigneur !
		Comme sa divine puissance nous a donné tout ce qui contribue à la vie et à la piété , au moyen de la connaissance de celui qui nous a appelés par sa propre gloire et par sa vertu ,
		lesquelles nous assurent de sa part les plus grandes et les plus précieuses promesses , afin que par elles vous deveniez participants de la nature divine , en fuyant la corruption qui existe dans le monde par la convoitise ,
		à cause de cela même , faites tous vos efforts pour joindre à votre foi la vertu , à la vertu la science ,
		à la science la tempérance , à la tempérance la patience , à la patience la piété ,
		à la piété l ` amour fraternel , à l ` amour fraternel la charité .
		Car si ces choses sont en vous , et y sont avec abondance , elles ne vous laisseront point oisifs ni stériles pour la connaissance de notre Seigneur Jésus Christ .
		Mais celui en qui ces choses ne sont point est aveugle , il ne voit pas de loin , et il a mis en oubli la purification de ses anciens péchés .
		C ` est pourquoi , frères , appliquez - vous d ` autant plus à affermir votre vocation et votre élection ; car , en faisant cela , vous ne broncherez jamais .
		C ` est ainsi , en effet , que l ` entrée dans le royaume éternel de notre Seigneur et Sauveur Jésus Christ vous sera pleinement accordée .
		Voilà pourquoi je prendrai soin de vous rappeler ces choses , bien que vous les sachiez et que vous soyez affermis dans la vérité présente .
		Et je regarde comme un devoir , aussi longtemps que je suis dans cette tente , de vous tenir en éveil par des avertissements ,
		car je sais que je la quitterai subitement , ainsi que notre Seigneur Jésus Christ me l ` a fait connaître .
		Mais j ` aurai soin qu ` après mon départ vous puissiez toujours vous souvenir de ces choses .
		Ce n ` est pas , en effet , en suivant des fables habilement conçues , que nous vous avons fait connaître la puissance et l ` avènement de notre Seigneur Jésus Christ , mais c ` est comme ayant vu sa majesté de nos propres yeux .
		Car il a reçu de Dieu le Père honneur et gloire , quand la gloire magnifique lui fit entendre une voix qui disait : Celui - ci est mon Fils bien - aimé , en qui j ` ai mis toute mon affection .
		Et nous avons entendu cette voix venant du ciel , lorsque nous étions avec lui sur la sainte montagne .
		Et nous tenons pour d ` autant plus certaine la parole prophétique , à laquelle vous faites bien de prêter attention , comme à une lampe qui brille dans un lieu obscur , jusqu ` à ce que le jour vienne à paraître et que l ` étoile du matin se lève dans vos coeurs ;
		sachant tout d ` abord vous - mêmes qu ` aucune prophétie de l ` Écriture ne peut être un objet d ` interprétation particulière ,
		car ce n ` est pas par une volonté d ` homme qu ` une prophétie a jamais été apportée , mais c ` est poussés par le Saint Esprit que des hommes ont parlé de la part de Dieu .
	</text>
	<annotations>
		<annotation source="MCS" anchor="serviteur" bfScore="--" coherenceScore="--">bn:00070680n</annotation>
		<annotation source="BABELFY" anchor="apôtre" bfScore="0.72348401323043" coherenceScore="0.2625482625482625">bn:00004982n</annotation>
		<annotation source="BABELFY" anchor="Jésus" bfScore="0.8641983155887494" coherenceScore="0.7953667953667953">bn:00018805n</annotation>
		<annotation source="BABELFY" anchor="Jésus Christ" bfScore="1.0" coherenceScore="0.7992277992277992">bn:00018805n</annotation>
		<annotation source="BABELFY" anchor="Christ" bfScore="0.9951114233362545" coherenceScore="0.7953667953667953">bn:00018805n</annotation>
		<annotation source="MCS" anchor="ont" bfScore="--" coherenceScore="--">bn:00088733v</annotation>
		<annotation source="MCS" anchor="reçu" bfScore="--" coherenceScore="--">bn:00089246v</annotation>
		<annotation source="MCS" anchor="partage" bfScore="--" coherenceScore="--">bn:16279034n</annotation>
		<annotation source="BABELFY" anchor="foi" bfScore="0.8139422833088198" coherenceScore="0.9034749034749034">bn:00032768n</annotation>
		<annotation source="MCS" anchor="prix" bfScore="--" coherenceScore="--">bn:00025083n</annotation>
		<annotation source="MCS" anchor="justice" bfScore="--" coherenceScore="--">bn:00048668n</annotation>
		<annotation source="BABELFY" anchor="Dieu" bfScore="0.7440378306991011" coherenceScore="0.8803088803088803">bn:00040878n</annotation>
		<annotation source="BABELFY" anchor="Sauveur" bfScore="1.0" coherenceScore="0.14285714285714285">bn:00026062n</annotation>
		<annotation source="BABELFY" anchor="Sauveur Jésus" bfScore="1.0" coherenceScore="0.7992277992277992">bn:00018805n</annotation>
		<annotation source="MCS" anchor="grâce" bfScore="--" coherenceScore="--">bn:00041227n</annotation>
		<annotation source="MCS" anchor="paix" bfScore="--" coherenceScore="--">bn:00061149n</annotation>
		<annotation source="MCS" anchor="soient" bfScore="--" coherenceScore="--">bn:00083187v</annotation>
		<annotation source="MCS" anchor="multipliées" bfScore="--" coherenceScore="--">bn:00090977v</annotation>
		<annotation source="MCS" anchor="connaissance" bfScore="--" coherenceScore="--">bn:00020452n</annotation>
		<annotation source="MCS" anchor="Seigneur" bfScore="--" coherenceScore="--">bn:00070296n</annotation>
		<annotation source="MCS" anchor="Comme" bfScore="--" coherenceScore="--">bn:00114354r</annotation>
		<annotation source="MCS" anchor="divine" bfScore="--" coherenceScore="--">bn:00101642a</annotation>
		<annotation source="MCS" anchor="puissance" bfScore="--" coherenceScore="--">bn:00030160n</annotation>
		<annotation source="MCS" anchor="donné" bfScore="--" coherenceScore="--">bn:00088815v</annotation>
		<annotation source="MCS" anchor="contribue" bfScore="--" coherenceScore="--">bn:00084904v</annotation>
		<annotation source="BABELFY" anchor="vie" bfScore="0.8182604932929468" coherenceScore="0.47104247104247104">bn:00051054n</annotation>
		<annotation source="MCS" anchor="piété" bfScore="--" coherenceScore="--">bn:00062339n</annotation>
		<annotation source="BABELFY" anchor="moyen" bfScore="0.800524934383202" coherenceScore="0.23552123552123552">bn:00001965n</annotation>
		<annotation source="MCS" anchor="appelés" bfScore="--" coherenceScore="--">bn:00084386v</annotation>
		<annotation source="MCS" anchor="propre" bfScore="--" coherenceScore="--">bn:00099776a</annotation>
		<annotation source="MCS" anchor="gloire" bfScore="--" coherenceScore="--">bn:00016991n</annotation>
		<annotation source="BABELFY" anchor="vertu" bfScore="0.7681039973026637" coherenceScore="0.38996138996138996">bn:00017935n</annotation>
		<annotation source="MCS" anchor="assurent" bfScore="--" coherenceScore="--">bn:00082812v</annotation>
		<annotation source="MCS" anchor="part" bfScore="--" coherenceScore="--">bn:00060766n</annotation>
		<annotation source="MCS" anchor="plus" bfScore="--" coherenceScore="--">bn:00115880r</annotation>
		<annotation source="BABELFY" anchor="plus grandes" bfScore="0.8767123287671232" coherenceScore="0.03088803088803089">bn:00105743a</annotation>
		<annotation source="MCS" anchor="grandes" bfScore="--" coherenceScore="--">bn:00111630a</annotation>
		<annotation source="MCS" anchor="précieuses" bfScore="--" coherenceScore="--">bn:00113489a</annotation>
		<annotation source="MCS" anchor="promesses" bfScore="--" coherenceScore="--">bn:00064699n</annotation>
		<annotation source="MCS" anchor="deveniez" bfScore="--" coherenceScore="--">bn:00083294v</annotation>
		<annotation source="BABELFY" anchor="participants" bfScore="1.0" coherenceScore="0.03861003861003861">bn:00096385a</annotation>
		<annotation source="BABELFY" anchor="nature" bfScore="0.7747176913425345" coherenceScore="0.4092664092664093">bn:00057017n</annotation>
		<annotation source="MCS" anchor="fuyant" bfScore="--" coherenceScore="--">bn:00088291v</annotation>
		<annotation source="MCS" anchor="corruption" bfScore="--" coherenceScore="--">bn:00013045n</annotation>
		<annotation source="BABELFY" anchor="existe" bfScore="1.0" coherenceScore="0.15057915057915058">bn:00083184v</annotation>
		<annotation source="MCS" anchor="monde" bfScore="--" coherenceScore="--">bn:00029428n</annotation>
		<annotation source="BABELFY" anchor="convoitise" bfScore="1.0" coherenceScore="0.04633204633204633">bn:00041632n</annotation>
		<annotation source="MCS" anchor="cause" bfScore="--" coherenceScore="--">bn:00015051n</annotation>
		<annotation source="MCS" anchor="faites" bfScore="--" coherenceScore="--">bn:00087107v</annotation>
		<annotation source="MCS" anchor="efforts" bfScore="--" coherenceScore="--">bn:00029899n</annotation>
		<annotation source="MCS" anchor="joindre" bfScore="--" coherenceScore="--">bn:00088013v</annotation>
		<annotation source="MCS" anchor="science" bfScore="--" coherenceScore="--">bn:00069670n</annotation>
		<annotation source="MCS" anchor="tempérance" bfScore="--" coherenceScore="--">bn:03635999n</annotation>
		<annotation source="BABELFY" anchor="patience" bfScore="0.718431277319087" coherenceScore="0.23552123552123552">bn:14629457n</annotation>
		<annotation source="BABELFY" anchor="amour" bfScore="0.8368113875563397" coherenceScore="0.6718146718146718">bn:00052121n</annotation>
		<annotation source="BABELFY" anchor="fraternel" bfScore="0.7454242928452579" coherenceScore="0.10810810810810811">bn:00103292a</annotation>
		<annotation source="MCS" anchor="charité" bfScore="--" coherenceScore="--">bn:00013380n</annotation>
		<annotation source="MCS" anchor="choses" bfScore="--" coherenceScore="--">bn:00076925n</annotation>
		<annotation source="MCS" anchor="sont" bfScore="--" coherenceScore="--">bn:00083187v</annotation>
		<annotation source="MCS" anchor="abondance" bfScore="--" coherenceScore="--">bn:00000517n</annotation>
		<annotation source="MCS" anchor="laisseront" bfScore="--" coherenceScore="--">bn:00090271v</annotation>
		<annotation source="MCS" anchor="stériles" bfScore="--" coherenceScore="--">bn:00105063a</annotation>
		<annotation source="MCS" anchor="est" bfScore="--" coherenceScore="--">bn:00083187v</annotation>
		<annotation source="BABELFY" anchor="aveugle" bfScore="0.8126934984520123" coherenceScore="0.16216216216216217">bn:00098563a</annotation>
		<annotation source="MCS" anchor="voit" bfScore="--" coherenceScore="--">bn:00093430v</annotation>
		<annotation source="MCS" anchor="loin" bfScore="--" coherenceScore="--">bn:00115323r</annotation>
		<annotation source="MCS" anchor="mis" bfScore="--" coherenceScore="--">bn:00090224v</annotation>
		<annotation source="MCS" anchor="oubli" bfScore="--" coherenceScore="--">bn:00058477n</annotation>
		<annotation source="MCS" anchor="purification" bfScore="--" coherenceScore="--">bn:00065288n</annotation>
		<annotation source="MCS" anchor="anciens" bfScore="--" coherenceScore="--">bn:00107787a</annotation>
		<annotation source="BABELFY" anchor="péchés" bfScore="0.7071592398427261" coherenceScore="0.3745173745173745">bn:00071707n</annotation>
		<annotation source="BABELFY" anchor="pourquoi" bfScore="1.0" coherenceScore="0.023166023166023165">bn:00114822r</annotation>
		<annotation source="MCS" anchor="frères" bfScore="--" coherenceScore="--">bn:00011357n</annotation>
		<annotation source="MCS" anchor="appliquez" bfScore="--" coherenceScore="--">bn:00084595v</annotation>
		<annotation source="BABELFY" anchor="autant" bfScore="1.0" coherenceScore="0.003861003861003861">bn:00116285r</annotation>
		<annotation source="MCS" anchor="affermir" bfScore="--" coherenceScore="--">bn:00083317v</annotation>
		<annotation source="MCS" anchor="vocation" bfScore="--" coherenceScore="--">bn:00058568n</annotation>
		<annotation source="MCS" anchor="élection" bfScore="--" coherenceScore="--">bn:00030113n</annotation>
		<annotation source="MCS" anchor="faisant" bfScore="--" coherenceScore="--">bn:00087107v</annotation>
		<annotation source="MCS" anchor="jamais" bfScore="--" coherenceScore="--">bn:00116326r</annotation>
		<annotation source="MCS" anchor="ainsi" bfScore="--" coherenceScore="--">bn:00117048r</annotation>
		<annotation source="MCS" anchor="effet" bfScore="--" coherenceScore="--">bn:00029871n</annotation>
		<annotation source="MCS" anchor="entrée" bfScore="--" coherenceScore="--">bn:00031044n</annotation>
		<annotation source="MCS" anchor="royaume" bfScore="--" coherenceScore="--">bn:00049170n</annotation>
		<annotation source="MCS" anchor="éternel" bfScore="--" coherenceScore="--">bn:00096562a</annotation>
		<annotation source="MCS" anchor="sera" bfScore="--" coherenceScore="--">bn:00083187v</annotation>
		<annotation source="BABELFY" anchor="pleinement" bfScore="1.0" coherenceScore="0.05405405405405406">bn:00114203r</annotation>
		<annotation source="MCS" anchor="accordée" bfScore="--" coherenceScore="--">bn:00083445v</annotation>
		<annotation source="MCS" anchor="prendrai" bfScore="--" coherenceScore="--">bn:00088762v</annotation>
		<annotation source="MCS" anchor="soin" bfScore="--" coherenceScore="--">bn:00016014n</annotation>
		<annotation source="MCS" anchor="rappeler" bfScore="--" coherenceScore="--">bn:00084413v</annotation>
		<annotation source="MCS" anchor="bien" bfScore="--" coherenceScore="--">bn:00115530r</annotation>
		<annotation source="MCS" anchor="sachiez" bfScore="--" coherenceScore="--">bn:00090142v</annotation>
		<annotation source="MCS" anchor="soyez" bfScore="--" coherenceScore="--">bn:00083187v</annotation>
		<annotation source="MCS" anchor="affermis" bfScore="--" coherenceScore="--">bn:00083317v</annotation>
		<annotation source="BABELFY" anchor="vérité" bfScore="0.9581682078379569" coherenceScore="0.525096525096525">bn:00072816n</annotation>
		<annotation source="MCS" anchor="présente" bfScore="--" coherenceScore="--">bn:00108978a</annotation>
		<annotation source="MCS" anchor="regarde" bfScore="--" coherenceScore="--">bn:00084662v</annotation>
		<annotation source="MCS" anchor="comme" bfScore="--" coherenceScore="--">bn:00114354r</annotation>
		<annotation source="MCS" anchor="comme un" bfScore="--" coherenceScore="--">bn:13612827r</annotation>
		<annotation source="BABELFY" anchor="devoir" bfScore="0.8173913043478261" coherenceScore="0.36293436293436293">bn:00029239n</annotation>
		<annotation source="MCS" anchor="aussi" bfScore="--" coherenceScore="--">bn:00114246r</annotation>
		<annotation source="BABELFY" anchor="longtemps" bfScore="0.9692307692307692" coherenceScore="0.02702702702702703">bn:00116156r</annotation>
		<annotation source="BABELFY" anchor="tente" bfScore="0.9344444444444444" coherenceScore="0.11196911196911197">bn:00020602n</annotation>
		<annotation source="MCS" anchor="tenir" bfScore="--" coherenceScore="--">bn:00089385v</annotation>
		<annotation source="BABELFY" anchor="éveil" bfScore="0.9875776397515528" coherenceScore="0.20463320463320464">bn:00080351n</annotation>
		<annotation source="MCS" anchor="avertissements" bfScore="--" coherenceScore="--">bn:00001469n</annotation>
		<annotation source="MCS" anchor="sais" bfScore="--" coherenceScore="--">bn:00090142v</annotation>
		<annotation source="MCS" anchor="quitterai" bfScore="--" coherenceScore="--">bn:00086604v</annotation>
		<annotation source="MCS" anchor="subitement" bfScore="--" coherenceScore="--">bn:00114089r</annotation>
		<annotation source="MCS" anchor="fait" bfScore="--" coherenceScore="--">bn:00087107v</annotation>
		<annotation source="MCS" anchor="connaître" bfScore="--" coherenceScore="--">bn:00082272v</annotation>
		<annotation source="MCS" anchor="aurai" bfScore="--" coherenceScore="--">bn:00088733v</annotation>
		<annotation source="MCS" anchor="départ" bfScore="--" coherenceScore="--">bn:00026343n</annotation>
		<annotation source="MCS" anchor="puissiez" bfScore="--" coherenceScore="--">bn:13601970v</annotation>
		<annotation source="MCS" anchor="toujours" bfScore="--" coherenceScore="--">bn:00114251r</annotation>
		<annotation source="MCS" anchor="souvenir" bfScore="--" coherenceScore="--">bn:00084413v</annotation>
		<annotation source="MCS" anchor="suivant" bfScore="--" coherenceScore="--">bn:00088421v</annotation>
		<annotation source="MCS" anchor="habilement" bfScore="--" coherenceScore="--">bn:00117002r</annotation>
		<annotation source="MCS" anchor="conçues" bfScore="--" coherenceScore="--">bn:00085514v</annotation>
		<annotation source="MCS" anchor="avons" bfScore="--" coherenceScore="--">bn:00088733v</annotation>
		<annotation source="BABELFY" anchor="avènement" bfScore="0.9987893462469734" coherenceScore="0.19305019305019305">bn:00001565n</annotation>
		<annotation source="MCS" anchor="ayant" bfScore="--" coherenceScore="--">bn:00088733v</annotation>
		<annotation source="MCS" anchor="vu" bfScore="--" coherenceScore="--">bn:00093430v</annotation>
		<annotation source="BABELFY" anchor="majesté" bfScore="0.9990689013035382" coherenceScore="0.11196911196911197">bn:01049999n</annotation>
		<annotation source="MCS" anchor="propres" bfScore="--" coherenceScore="--">bn:00099776a</annotation>
		<annotation source="BABELFY" anchor="yeux" bfScore="0.8087479306438965" coherenceScore="0.30115830115830117">bn:00032512n</annotation>
		<annotation source="BABELFY" anchor="Dieu le Père" bfScore="0.935266351989211" coherenceScore="0.22007722007722008">bn:03137478n</annotation>
		<annotation source="MCS" anchor="Père" bfScore="--" coherenceScore="--">bn:00009616n</annotation>
		<annotation source="MCS" anchor="honneur" bfScore="--" coherenceScore="--">bn:00044654n</annotation>
		<annotation source="MCS" anchor="magnifique" bfScore="--" coherenceScore="--">bn:00096926a</annotation>
		<annotation source="MCS" anchor="fit" bfScore="--" coherenceScore="--">bn:00087107v</annotation>
		<annotation source="MCS" anchor="entendre" bfScore="--" coherenceScore="--">bn:00089277v</annotation>
		<annotation source="MCS" anchor="voix" bfScore="--" coherenceScore="--">bn:00062019n</annotation>
		<annotation source="MCS" anchor="disait" bfScore="--" coherenceScore="--">bn:00093287v</annotation>
		<annotation source="BABELFY" anchor="bien-aimé" bfScore="1.0" coherenceScore="0.019305019305019305">bn:00098224a</annotation>
		<annotation source="MCS" anchor="ai" bfScore="--" coherenceScore="--">bn:00088733v</annotation>
		<annotation source="MCS" anchor="affection" bfScore="--" coherenceScore="--">bn:00001744n</annotation>
		<annotation source="MCS" anchor="entendu" bfScore="--" coherenceScore="--">bn:00089277v</annotation>
		<annotation source="MCS" anchor="venant" bfScore="--" coherenceScore="--">bn:00085322v</annotation>
		<annotation source="MCS" anchor="ciel" bfScore="--" coherenceScore="--">bn:00072016n</annotation>
		<annotation source="MCS" anchor="étions" bfScore="--" coherenceScore="--">bn:00083187v</annotation>
		<annotation source="MCS" anchor="sainte" bfScore="--" coherenceScore="--">bn:00110031a</annotation>
		<annotation source="BABELFY" anchor="montagne" bfScore="0.9762624082865775" coherenceScore="0.22393822393822393">bn:00056068n</annotation>
		<annotation source="MCS" anchor="tenons" bfScore="--" coherenceScore="--">bn:00089385v</annotation>
		<annotation source="MCS" anchor="parole" bfScore="--" coherenceScore="--">bn:00049911n</annotation>
		<annotation source="BABELFY" anchor="prophétique" bfScore="1.0" coherenceScore="0.13513513513513514">bn:00109119a</annotation>
		<annotation source="MCS" anchor="prêter" bfScore="--" coherenceScore="--">bn:00090289v</annotation>
		<annotation source="BABELFY" anchor="prêter attention" bfScore="1.0" coherenceScore="0.05019305019305019">bn:00089295v</annotation>
		<annotation source="MCS" anchor="attention" bfScore="--" coherenceScore="--">bn:00007020n</annotation>
		<annotation source="MCS" anchor="lampe" bfScore="--" coherenceScore="--">bn:00049804n</annotation>
		<annotation source="BABELFY" anchor="brille" bfScore="0.7339449541284404" coherenceScore="0.09266409266409266">bn:00083219v</annotation>
		<annotation source="MCS" anchor="lieu" bfScore="--" coherenceScore="--">bn:00051754n</annotation>
		<annotation source="MCS" anchor="obscur" bfScore="--" coherenceScore="--">bn:00100907a</annotation>
		<annotation source="MCS" anchor="jour" bfScore="--" coherenceScore="--">bn:00000086n</annotation>
		<annotation source="MCS" anchor="vienne" bfScore="--" coherenceScore="--">bn:00085322v</annotation>
		<annotation source="MCS" anchor="paraître" bfScore="--" coherenceScore="--">bn:00082693v</annotation>
		<annotation source="MCS" anchor="étoile" bfScore="--" coherenceScore="--">bn:00073964n</annotation>
		<annotation source="BABELFY" anchor="étoile du matin" bfScore="0.99210686095932" coherenceScore="0.14671814671814673">bn:00025460n</annotation>
		<annotation source="MCS" anchor="matin" bfScore="--" coherenceScore="--">bn:00035851n</annotation>
		<annotation source="MCS" anchor="lève" bfScore="--" coherenceScore="--">bn:00084110v</annotation>
		<annotation source="MCS" anchor="coeurs" bfScore="--" coherenceScore="--">bn:00043383n</annotation>
		<annotation source="MCS" anchor="sachant" bfScore="--" coherenceScore="--">bn:00090142v</annotation>
		<annotation source="MCS" anchor="tout" bfScore="--" coherenceScore="--">bn:00114403r</annotation>
		<annotation source="MCS" anchor="abord" bfScore="--" coherenceScore="--">bn:00000676n</annotation>
		<annotation source="MCS" anchor="prophétie" bfScore="--" coherenceScore="--">bn:00064645n</annotation>
		<annotation source="MCS" anchor="Écriture" bfScore="--" coherenceScore="--">bn:00007306n</annotation>
		<annotation source="MCS" anchor="peut" bfScore="--" coherenceScore="--">bn:13601970v</annotation>
		<annotation source="MCS" anchor="être" bfScore="--" coherenceScore="--">bn:00083187v</annotation>
		<annotation source="MCS" anchor="objet" bfScore="--" coherenceScore="--">bn:00058442n</annotation>
		<annotation source="BABELFY" anchor="objet d" bfScore="1.0" coherenceScore="0.007722007722007722">bn:03447785n</annotation>
		<annotation source="MCS" anchor="interprétation" bfScore="--" coherenceScore="--">bn:00047199n</annotation>
		<annotation source="MCS" anchor="particulière" bfScore="--" coherenceScore="--">bn:00108295a</annotation>
		<annotation source="MCS" anchor="volonté" bfScore="--" coherenceScore="--">bn:00081239n</annotation>
		<annotation source="MCS" anchor="homme" bfScore="--" coherenceScore="--">bn:00044576n</annotation>
		<annotation source="MCS" anchor="été" bfScore="--" coherenceScore="--">bn:00083187v</annotation>
		<annotation source="MCS" anchor="apportée" bfScore="--" coherenceScore="--">bn:00084060v</annotation>
		<annotation source="MCS" anchor="poussés" bfScore="--" coherenceScore="--">bn:00088456v</annotation>
		<annotation source="MCS" anchor="Saint" bfScore="--" coherenceScore="--">bn:00053896n</annotation>
		<annotation source="BABELFY" anchor="Saint Esprit" bfScore="0.870623225632013" coherenceScore="0.46332046332046334">bn:00645230n</annotation>
		<annotation source="MCS" anchor="Esprit" bfScore="--" coherenceScore="--">bn:00012681n</annotation>
		<annotation source="MCS" anchor="hommes" bfScore="--" coherenceScore="--">bn:00044576n</annotation>
		<annotation source="MCS" anchor="parlé" bfScore="--" coherenceScore="--">bn:00094090v</annotation>
	</annotations>
</paragraph>
<paragraph id="p.2">
	<text>
		Il y a eu parmi le peuple de faux prophètes , et il y aura de même parmi vous de faux docteurs , qui introduiront des sectes pernicieuses , et qui , reniant le maître qui les a rachetés , attireront sur eux une ruine soudaine .
		Plusieurs les suivront dans leurs dissolutions , et la voie de la vérité sera calomniée à cause d ` eux .
		Par cupidité , ils trafiqueront de vous au moyen de paroles trompeuses , eux que menace depuis longtemps la condamnation , et dont la ruine ne sommeille point .
		Car , si Dieu n ` a pas épargné les anges qui ont péché , mais s ` il les a précipités dans les abîmes de ténèbres et les réserve pour le jugement ;
		s ` il n ` a pas épargné l ` ancien monde , mais s ` il a sauvé Noé , lui huitième , ce prédicateur de la justice , lorsqu ` il fit venir le déluge sur un monde d ` impies ;
		s ` il a condamné à la destruction et réduit en cendres les villes de Sodome et de Gomorrhe , les donnant comme exemple aux impies à venir ,
		et s ` il a délivré le juste Lot , profondément attristé de la conduite de ces hommes sans frein dans leur dissolution
		( car ce juste , qui habitait au milieu d ` eux , tourmentait journellement son âme juste à cause de ce qu ` il voyait et entendait de leurs oeuvres criminelles ) ;
		le Seigneur sait délivrer de l ` épreuve les hommes pieux , et réserver les injustes pour êtres punis au jour du jugement ,
		ceux surtout qui vont après la chair dans un désir d ` impureté et qui méprisent l ` autorité . Audacieux et arrogants , ils ne craignent pas d ` injurier les gloires ,
		tandis que les anges , supérieurs en force et en puissance , ne portent pas contre elles de jugement injurieux devant le Seigneur .
		Mais eux , semblables à des brutes qui s ` abandonnent à leurs penchants naturels et qui sont nées pour êtres prises et détruites , ils parlent d ` une manière injurieuse de ce qu ` ils ignorent , et ils périront par leur propre corruption ,
		recevant ainsi le salaire de leur iniquité . Ils trouvent leurs délices à se livrer au plaisir en plein jour ; hommes tarés et souillés , ils se délectent dans leurs tromperies , en faisant bonne chère avec vous .
		Ils ont les yeux pleins d ` adultère et insatiables de péché ; ils amorcent les âmes mal affermies ; ils ont le coeur exercé à la cupidité ; ce sont des enfants de malédiction .
		Après avoir quitté le droit chemin , ils se sont égarés en suivant la voie de Balaam , fils de Bosor , qui aima le salaire de l ` iniquité ,
		mais qui fut repris pour sa transgression : une ânesse muette , faisant entendre une voix d ` homme , arrêta la démence du prophète .
		Ces gens - là sont des fontaines sans eau , des nuées que chasse un tourbillon : l ` obscurité des ténèbres leur est réservée .
		Avec des discours enflés de vanité , ils amorcent par les convoitises de la chair , par les dissolutions , ceux qui viennent à peine d ` échapper aux hommes qui vivent dans l ` égarement ;
		ils leur promettent la liberté , quand ils sont eux - mêmes esclaves de la corruption , car chacun est esclave de ce qui a triomphé de lui .
		En effet , si , après s ` être retirés des souillures du monde , par la connaissance du Seigneur et Sauveur Jésus Christ , ils s ` y engagent de nouveau et sont vaincus , leur dernière condition est pire que la première .
		Car mieux valait pour eux n ` avoir pas connu la voie de la justice , que de se détourner , après l ` avoir connue , du saint commandement qui leur avait été donné .
		Il leur est arrivé ce que dit un proverbe vrai : Le chien est retourné à ce qu ` il avait vomi , et la truie lavée s ` est vautrée dans le bourbier .
	</text>
	<annotations>
		<annotation source="MCS" anchor="eu" bfScore="--" coherenceScore="--">bn:00088733v</annotation>
		<annotation source="MCS" anchor="peuple" bfScore="--" coherenceScore="--">bn:00019283n</annotation>
		<annotation source="MCS" anchor="faux" bfScore="--" coherenceScore="--">bn:00102731a</annotation>
		<annotation source="BABELFY" anchor="faux prophètes" bfScore="0.9014975041597337" coherenceScore="0.2290909090909091">bn:00064759n</annotation>
		<annotation source="MCS" anchor="prophètes" bfScore="--" coherenceScore="--">bn:00064759n</annotation>
		<annotation source="MCS" anchor="aura" bfScore="--" coherenceScore="--">bn:00088733v</annotation>
		<annotation source="MCS" anchor="docteurs" bfScore="--" coherenceScore="--">bn:00027995n</annotation>
		<annotation source="MCS" anchor="introduiront" bfScore="--" coherenceScore="--">bn:00087681v</annotation>
		<annotation source="MCS" anchor="sectes" bfScore="--" coherenceScore="--">bn:00067046n</annotation>
		<annotation source="MCS" anchor="pernicieuses" bfScore="--" coherenceScore="--">bn:00100884a</annotation>
		<annotation source="BABELFY" anchor="reniant" bfScore="0.843262001156738" coherenceScore="0.19636363636363635">bn:00092723v</annotation>
		<annotation source="MCS" anchor="maître" bfScore="--" coherenceScore="--">bn:00060052n</annotation>
		<annotation source="MCS" anchor="rachetés" bfScore="--" coherenceScore="--">bn:00086537v</annotation>
		<annotation source="MCS" anchor="attireront" bfScore="--" coherenceScore="--">bn:00082920v</annotation>
		<annotation source="MCS" anchor="ruine" bfScore="--" coherenceScore="--">bn:00068521n</annotation>
		<annotation source="BABELFY" anchor="soudaine" bfScore="0.72875226039783" coherenceScore="0.14181818181818182">bn:00111415a</annotation>
		<annotation source="MCS" anchor="suivront" bfScore="--" coherenceScore="--">bn:00088421v</annotation>
		<annotation source="MCS" anchor="dissolutions" bfScore="--" coherenceScore="--">bn:00027735n</annotation>
		<annotation source="MCS" anchor="voie" bfScore="--" coherenceScore="--">bn:00077838n</annotation>
		<annotation source="BABELFY" anchor="vérité" bfScore="0.9151403844218577" coherenceScore="0.45454545454545453">bn:00072816n</annotation>
		<annotation source="MCS" anchor="sera" bfScore="--" coherenceScore="--">bn:00083187v</annotation>
		<annotation source="MCS" anchor="calomniée" bfScore="--" coherenceScore="--">bn:00083023v</annotation>
		<annotation source="MCS" anchor="cause" bfScore="--" coherenceScore="--">bn:00015051n</annotation>
		<annotation source="MCS" anchor="cupidité" bfScore="--" coherenceScore="--">bn:00007435n</annotation>
		<annotation source="MCS" anchor="moyen" bfScore="--" coherenceScore="--">bn:00001965n</annotation>
		<annotation source="BABELFY" anchor="paroles" bfScore="0.8129256629473989" coherenceScore="0.3709090909090909">bn:00049911n</annotation>
		<annotation source="MCS" anchor="trompeuses" bfScore="--" coherenceScore="--">bn:00101007a</annotation>
		<annotation source="MCS" anchor="menace" bfScore="--" coherenceScore="--">bn:00087612v</annotation>
		<annotation source="BABELFY" anchor="longtemps" bfScore="0.9838056680161943" coherenceScore="0.06545454545454546">bn:00116156r</annotation>
		<annotation source="MCS" anchor="condamnation" bfScore="--" coherenceScore="--">bn:00021628n</annotation>
		<annotation source="BABELFY" anchor="si" bfScore="1.0" coherenceScore="0.007272727272727273">bn:00117043r</annotation>
		<annotation source="BABELFY" anchor="Dieu" bfScore="0.8484978338468395" coherenceScore="0.7709090909090909">bn:00040878n</annotation>
		<annotation source="MCS" anchor="épargné" bfScore="--" coherenceScore="--">bn:00090229v</annotation>
		<annotation source="BABELFY" anchor="anges" bfScore="0.8041801443145061" coherenceScore="0.36727272727272725">bn:00004063n</annotation>
		<annotation source="MCS" anchor="ont" bfScore="--" coherenceScore="--">bn:00088733v</annotation>
		<annotation source="BABELFY" anchor="péché" bfScore="0.8197115384615384" coherenceScore="0.08">bn:00093756v</annotation>
		<annotation source="MCS" anchor="précipités" bfScore="--" coherenceScore="--">bn:00082397v</annotation>
		<annotation source="MCS" anchor="abîmes" bfScore="--" coherenceScore="--">bn:00000534n</annotation>
		<annotation source="MCS" anchor="réserve" bfScore="--" coherenceScore="--">bn:03409104n</annotation>
		<annotation source="MCS" anchor="jugement" bfScore="--" coherenceScore="--">bn:00048493n</annotation>
		<annotation source="MCS" anchor="ancien" bfScore="--" coherenceScore="--">bn:00107787a</annotation>
		<annotation source="BABELFY" anchor="ancien monde" bfScore="1.0" coherenceScore="0.04727272727272727">bn:00058845n</annotation>
		<annotation source="MCS" anchor="monde" bfScore="--" coherenceScore="--">bn:00029428n</annotation>
		<annotation source="MCS" anchor="sauvé" bfScore="--" coherenceScore="--">bn:00086533v</annotation>
		<annotation source="BABELFY" anchor="Noé" bfScore="0.8309935205183585" coherenceScore="0.13818181818181818">bn:00057827n</annotation>
		<annotation source="BABELFY" anchor="huitième" bfScore="1.0" coherenceScore="0.007272727272727273">bn:00096089a</annotation>
		<annotation source="BABELFY" anchor="prédicateur" bfScore="0.847953216374269" coherenceScore="0.09090909090909091">bn:00064059n</annotation>
		<annotation source="MCS" anchor="justice" bfScore="--" coherenceScore="--">bn:00048668n</annotation>
		<annotation source="MCS" anchor="fit" bfScore="--" coherenceScore="--">bn:00087107v</annotation>
		<annotation source="MCS" anchor="venir" bfScore="--" coherenceScore="--">bn:00085322v</annotation>
		<annotation source="MCS" anchor="déluge" bfScore="--" coherenceScore="--">bn:03431454n</annotation>
		<annotation source="BABELFY" anchor="impies" bfScore="0.9780564263322884" coherenceScore="0.1890909090909091">bn:00104667a</annotation>
		<annotation source="MCS" anchor="condamné" bfScore="--" coherenceScore="--">bn:00085548v</annotation>
		<annotation source="MCS" anchor="destruction" bfScore="--" coherenceScore="--">bn:00026163n</annotation>
		<annotation source="MCS" anchor="réduit" bfScore="--" coherenceScore="--">bn:00084079v</annotation>
		<annotation source="MCS" anchor="cendres" bfScore="--" coherenceScore="--">bn:00019121n</annotation>
		<annotation source="MCS" anchor="villes" bfScore="--" coherenceScore="--">bn:00077773n</annotation>
		<annotation source="BABELFY" anchor="Gomorrhe" bfScore="0.7591623036649214" coherenceScore="0.10545454545454545">bn:00041036n</annotation>
		<annotation source="MCS" anchor="donnant" bfScore="--" coherenceScore="--">bn:00088815v</annotation>
		<annotation source="MCS" anchor="comme" bfScore="--" coherenceScore="--">bn:00114354r</annotation>
		<annotation source="MCS" anchor="exemple" bfScore="--" coherenceScore="--">bn:00032100n</annotation>
		<annotation source="MCS" anchor="délivré" bfScore="--" coherenceScore="--">bn:00084099v</annotation>
		<annotation source="MCS" anchor="juste" bfScore="--" coherenceScore="--">bn:00102719a</annotation>
		<annotation source="BABELFY" anchor="profondément" bfScore="0.9019607843137255" coherenceScore="0.08363636363636363">bn:00115981r</annotation>
		<annotation source="BABELFY" anchor="attristé" bfScore="0.7773279352226721" coherenceScore="0.04363636363636364">bn:00082464v</annotation>
		<annotation source="MCS" anchor="conduite" bfScore="--" coherenceScore="--">bn:00028801n</annotation>
		<annotation source="MCS" anchor="hommes" bfScore="--" coherenceScore="--">bn:00044576n</annotation>
		<annotation source="MCS" anchor="frein" bfScore="--" coherenceScore="--">bn:00012710n</annotation>
		<annotation source="MCS" anchor="dissolution" bfScore="--" coherenceScore="--">bn:00027735n</annotation>
		<annotation source="BABELFY" anchor="juste" bfScore="1.0" coherenceScore="0.03272727272727273">bn:05007353n</annotation>
		<annotation source="MCS" anchor="habitait" bfScore="--" coherenceScore="--">bn:00087441v</annotation>
		<annotation source="MCS" anchor="milieu" bfScore="--" coherenceScore="--">bn:00017123n</annotation>
		<annotation source="MCS" anchor="tourmentait" bfScore="--" coherenceScore="--">bn:00083061v</annotation>
		<annotation source="BABELFY" anchor="journellement" bfScore="0.7352941176470589" coherenceScore="0.01818181818181818">bn:00114917r</annotation>
		<annotation source="MCS" anchor="âme" bfScore="--" coherenceScore="--">bn:00065006n</annotation>
		<annotation source="MCS" anchor="voyait" bfScore="--" coherenceScore="--">bn:00093430v</annotation>
		<annotation source="MCS" anchor="entendait" bfScore="--" coherenceScore="--">bn:00089277v</annotation>
		<annotation source="MCS" anchor="oeuvres" bfScore="--" coherenceScore="--">bn:00011767n</annotation>
		<annotation source="MCS" anchor="criminelles" bfScore="--" coherenceScore="--">bn:00107197a</annotation>
		<annotation source="MCS" anchor="Seigneur" bfScore="--" coherenceScore="--">bn:00070296n</annotation>
		<annotation source="MCS" anchor="sait" bfScore="--" coherenceScore="--">bn:00090142v</annotation>
		<annotation source="MCS" anchor="délivrer" bfScore="--" coherenceScore="--">bn:00084099v</annotation>
		<annotation source="MCS" anchor="épreuve" bfScore="--" coherenceScore="--">bn:03541416n</annotation>
		<annotation source="MCS" anchor="pieux" bfScore="--" coherenceScore="--">bn:00108621a</annotation>
		<annotation source="MCS" anchor="réserver" bfScore="--" coherenceScore="--">bn:00083774v</annotation>
		<annotation source="MCS" anchor="injustes" bfScore="--" coherenceScore="--">bn:00112727a</annotation>
		<annotation source="BABELFY" anchor="êtres" bfScore="1.0" coherenceScore="0.5818181818181818">bn:00009677n</annotation>
		<annotation source="MCS" anchor="punis" bfScore="--" coherenceScore="--">bn:00091527v</annotation>
		<annotation source="MCS" anchor="jour" bfScore="--" coherenceScore="--">bn:00000086n</annotation>
		<annotation source="BABELFY" anchor="jour du jugement" bfScore="1.0" coherenceScore="0.26181818181818184">bn:00023469n</annotation>
		<annotation source="MCS" anchor="surtout" bfScore="--" coherenceScore="--">bn:00075426n</annotation>
		<annotation source="MCS" anchor="vont" bfScore="--" coherenceScore="--">bn:00087905v</annotation>
		<annotation source="MCS" anchor="chair" bfScore="--" coherenceScore="--">bn:00035182n</annotation>
		<annotation source="MCS" anchor="désir" bfScore="--" coherenceScore="--">bn:00026550n</annotation>
		<annotation source="MCS" anchor="impureté" bfScore="--" coherenceScore="--">bn:00027392n</annotation>
		<annotation source="MCS" anchor="méprisent" bfScore="--" coherenceScore="--">bn:00085702v</annotation>
		<annotation source="MCS" anchor="autorité" bfScore="--" coherenceScore="--">bn:00007293n</annotation>
		<annotation source="MCS" anchor="Audacieux" bfScore="--" coherenceScore="--">bn:00097750a</annotation>
		<annotation source="BABELFY" anchor="arrogants" bfScore="0.7603305785123967" coherenceScore="0.07272727272727272">bn:00097526a</annotation>
		<annotation source="MCS" anchor="craignent" bfScore="--" coherenceScore="--">bn:00088065v</annotation>
		<annotation source="BABELFY" anchor="injurier" bfScore="1.0" coherenceScore="0.04727272727272727">bn:00082186v</annotation>
		<annotation source="MCS" anchor="gloires" bfScore="--" coherenceScore="--">bn:00016991n</annotation>
		<annotation source="MCS" anchor="supérieurs" bfScore="--" coherenceScore="--">bn:00111465a</annotation>
		<annotation source="MCS" anchor="force" bfScore="--" coherenceScore="--">bn:00035768n</annotation>
		<annotation source="MCS" anchor="puissance" bfScore="--" coherenceScore="--">bn:00030160n</annotation>
		<annotation source="MCS" anchor="portent" bfScore="--" coherenceScore="--">bn:00089252v</annotation>
		<annotation source="MCS" anchor="injurieux" bfScore="--" coherenceScore="--">bn:00107766a</annotation>
		<annotation source="MCS" anchor="semblables" bfScore="--" coherenceScore="--">bn:00096782a</annotation>
		<annotation source="MCS" anchor="brutes" bfScore="--" coherenceScore="--">bn:17032101n</annotation>
		<annotation source="MCS" anchor="abandonnent" bfScore="--" coherenceScore="--">bn:00082118v</annotation>
		<annotation source="MCS" anchor="penchants" bfScore="--" coherenceScore="--">bn:00005047n</annotation>
		<annotation source="MCS" anchor="naturels" bfScore="--" coherenceScore="--">bn:00107151a</annotation>
		<annotation source="MCS" anchor="sont" bfScore="--" coherenceScore="--">bn:00083187v</annotation>
		<annotation source="BABELFY" anchor="nées" bfScore="0.700990507635163" coherenceScore="0.15636363636363637">bn:00082757v</annotation>
		<annotation source="MCS" anchor="prises" bfScore="--" coherenceScore="--">bn:00088762v</annotation>
		<annotation source="MCS" anchor="détruites" bfScore="--" coherenceScore="--">bn:00086699v</annotation>
		<annotation source="MCS" anchor="parlent" bfScore="--" coherenceScore="--">bn:00094090v</annotation>
		<annotation source="MCS" anchor="manière" bfScore="--" coherenceScore="--">bn:00053238n</annotation>
		<annotation source="MCS" anchor="injurieuse" bfScore="--" coherenceScore="--">bn:00107766a</annotation>
		<annotation source="BABELFY" anchor="ignorent" bfScore="1.0" coherenceScore="0.05454545454545454">bn:00084160v</annotation>
		<annotation source="MCS" anchor="périront" bfScore="--" coherenceScore="--">bn:00086783v</annotation>
		<annotation source="MCS" anchor="propre" bfScore="--" coherenceScore="--">bn:00099776a</annotation>
		<annotation source="MCS" anchor="corruption" bfScore="--" coherenceScore="--">bn:00013045n</annotation>
		<annotation source="MCS" anchor="recevant" bfScore="--" coherenceScore="--">bn:00089246v</annotation>
		<annotation source="MCS" anchor="ainsi" bfScore="--" coherenceScore="--">bn:00117048r</annotation>
		<annotation source="MCS" anchor="salaire" bfScore="--" coherenceScore="--">bn:00029416n</annotation>
		<annotation source="BABELFY" anchor="iniquité" bfScore="1.0" coherenceScore="0.05818181818181818">bn:01267367n</annotation>
		<annotation source="MCS" anchor="trouvent" bfScore="--" coherenceScore="--">bn:00084231v</annotation>
		<annotation source="BABELFY" anchor="délices" bfScore="0.9996844430419691" coherenceScore="0.16">bn:00026047n</annotation>
		<annotation source="MCS" anchor="livrer" bfScore="--" coherenceScore="--">bn:00086531v</annotation>
		<annotation source="MCS" anchor="plaisir" bfScore="--" coherenceScore="--">bn:00062972n</annotation>
		<annotation source="MCS" anchor="plein" bfScore="--" coherenceScore="--">bn:00103391a</annotation>
		<annotation source="BABELFY" anchor="souillés" bfScore="1.0" coherenceScore="0.03636363636363636">bn:00083350v</annotation>
		<annotation source="BABELFY" anchor="délectent" bfScore="1.0" coherenceScore="0.08363636363636363">bn:00083145v</annotation>
		<annotation source="MCS" anchor="tromperies" bfScore="--" coherenceScore="--">bn:00025681n</annotation>
		<annotation source="MCS" anchor="faisant" bfScore="--" coherenceScore="--">bn:00087107v</annotation>
		<annotation source="MCS" anchor="chère" bfScore="--" coherenceScore="--">bn:00098224a</annotation>
		<annotation source="BABELFY" anchor="yeux" bfScore="0.8068117147485007" coherenceScore="0.3527272727272727">bn:00032512n</annotation>
		<annotation source="MCS" anchor="pleins" bfScore="--" coherenceScore="--">bn:00103391a</annotation>
		<annotation source="MCS" anchor="adultère" bfScore="--" coherenceScore="--">bn:00096520a</annotation>
		<annotation source="BABELFY" anchor="péché" bfScore="0.890429674158071" coherenceScore="0.4">bn:00071707n</annotation>
		<annotation source="BABELFY" anchor="amorcent" bfScore="1.0" coherenceScore="0.025454545454545455">bn:00083343v</annotation>
		<annotation source="MCS" anchor="âmes" bfScore="--" coherenceScore="--">bn:00065006n</annotation>
		<annotation source="MCS" anchor="mal" bfScore="--" coherenceScore="--">bn:00114486r</annotation>
		<annotation source="BABELFY" anchor="affermies" bfScore="0.7392739273927392" coherenceScore="0.05090909090909091">bn:00083317v</annotation>
		<annotation source="MCS" anchor="coeur" bfScore="--" coherenceScore="--">bn:00043383n</annotation>
		<annotation source="MCS" anchor="exercé" bfScore="--" coherenceScore="--">bn:00087829v</annotation>
		<annotation source="MCS" anchor="enfants" bfScore="--" coherenceScore="--">bn:00018346n</annotation>
		<annotation source="MCS" anchor="malédiction" bfScore="--" coherenceScore="--">bn:00046161n</annotation>
		<annotation source="MCS" anchor="avoir" bfScore="--" coherenceScore="--">bn:00088733v</annotation>
		<annotation source="MCS" anchor="quitté" bfScore="--" coherenceScore="--">bn:00086604v</annotation>
		<annotation source="MCS" anchor="droit" bfScore="--" coherenceScore="--">bn:00109848a</annotation>
		<annotation source="MCS" anchor="chemin" bfScore="--" coherenceScore="--">bn:00080721n</annotation>
		<annotation source="MCS" anchor="égarés" bfScore="--" coherenceScore="--">bn:00090836v</annotation>
		<annotation source="MCS" anchor="suivant" bfScore="--" coherenceScore="--">bn:00088421v</annotation>
		<annotation source="BABELFY" anchor="Balaam" bfScore="1.0" coherenceScore="0.08">bn:03400805n</annotation>
		<annotation source="BABELFY" anchor="fils de" bfScore="1.0" coherenceScore="0.025454545454545455">bn:15806605n</annotation>
		<annotation source="MCS" anchor="aima" bfScore="--" coherenceScore="--">bn:00090504v</annotation>
		<annotation source="MCS" anchor="fut" bfScore="--" coherenceScore="--">bn:00083187v</annotation>
		<annotation source="MCS" anchor="repris" bfScore="--" coherenceScore="--">bn:00092413v</annotation>
		<annotation source="BABELFY" anchor="transgression" bfScore="0.8223873441994247" coherenceScore="0.1709090909090909">bn:00032054n</annotation>
		<annotation source="MCS" anchor="ânesse" bfScore="--" coherenceScore="--">bn:00048117n</annotation>
		<annotation source="BABELFY" anchor="muette" bfScore="0.7856831078131821" coherenceScore="0.14545454545454545">bn:00101886a</annotation>
		<annotation source="MCS" anchor="entendre" bfScore="--" coherenceScore="--">bn:00089277v</annotation>
		<annotation source="MCS" anchor="voix" bfScore="--" coherenceScore="--">bn:00062019n</annotation>
		<annotation source="MCS" anchor="homme" bfScore="--" coherenceScore="--">bn:00044576n</annotation>
		<annotation source="MCS" anchor="arrêta" bfScore="--" coherenceScore="--">bn:00084710v</annotation>
		<annotation source="BABELFY" anchor="démence" bfScore="1.0" coherenceScore="0.08727272727272728">bn:00026119n</annotation>
		<annotation source="MCS" anchor="prophète" bfScore="--" coherenceScore="--">bn:00064759n</annotation>
		<annotation source="MCS" anchor="fontaines" bfScore="--" coherenceScore="--">bn:00036076n</annotation>
		<annotation source="BABELFY" anchor="eau" bfScore="0.9221516872702974" coherenceScore="0.5818181818181818">bn:00042379n</annotation>
		<annotation source="BABELFY" anchor="nuées" bfScore="0.851063829787234" coherenceScore="0.05454545454545454">bn:00020006n</annotation>
		<annotation source="MCS" anchor="chasse" bfScore="--" coherenceScore="--">bn:00084834v</annotation>
		<annotation source="MCS" anchor="tourbillon" bfScore="--" coherenceScore="--">bn:00052661n</annotation>
		<annotation source="MCS" anchor="obscurité" bfScore="--" coherenceScore="--">bn:00025233n</annotation>
		<annotation source="MCS" anchor="est" bfScore="--" coherenceScore="--">bn:00083187v</annotation>
		<annotation source="MCS" anchor="réservée" bfScore="--" coherenceScore="--">bn:00083774v</annotation>
		<annotation source="MCS" anchor="discours" bfScore="--" coherenceScore="--">bn:00049018n</annotation>
		<annotation source="MCS" anchor="vanité" bfScore="--" coherenceScore="--">bn:00021531n</annotation>
		<annotation source="BABELFY" anchor="convoitises" bfScore="1.0" coherenceScore="0.03272727272727273">bn:00041632n</annotation>
		<annotation source="MCS" anchor="viennent" bfScore="--" coherenceScore="--">bn:00085322v</annotation>
		<annotation source="MCS" anchor="peine" bfScore="--" coherenceScore="--">bn:00041784n</annotation>
		<annotation source="MCS" anchor="échapper" bfScore="--" coherenceScore="--">bn:00083978v</annotation>
		<annotation source="MCS" anchor="vivent" bfScore="--" coherenceScore="--">bn:00087617v</annotation>
		<annotation source="BABELFY" anchor="égarement" bfScore="1.0" coherenceScore="0.0036363636363636364">bn:03198251n</annotation>
		<annotation source="MCS" anchor="promettent" bfScore="--" coherenceScore="--">bn:00091749v</annotation>
		<annotation source="MCS" anchor="liberté" bfScore="--" coherenceScore="--">bn:00007389n</annotation>
		<annotation source="MCS" anchor="esclaves" bfScore="--" coherenceScore="--">bn:00072080n</annotation>
		<annotation source="MCS" anchor="esclave" bfScore="--" coherenceScore="--">bn:00072080n</annotation>
		<annotation source="BABELFY" anchor="triomphé" bfScore="1.0" coherenceScore="0.03636363636363636">bn:00082789v</annotation>
		<annotation source="MCS" anchor="effet" bfScore="--" coherenceScore="--">bn:00029871n</annotation>
		<annotation source="MCS" anchor="être" bfScore="--" coherenceScore="--">bn:00083187v</annotation>
		<annotation source="MCS" anchor="retirés" bfScore="--" coherenceScore="--">bn:00087267v</annotation>
		<annotation source="BABELFY" anchor="souillures" bfScore="0.7174825174825175" coherenceScore="0.09818181818181818">bn:00011437n</annotation>
		<annotation source="MCS" anchor="connaissance" bfScore="--" coherenceScore="--">bn:00020452n</annotation>
		<annotation source="BABELFY" anchor="Sauveur" bfScore="1.0" coherenceScore="0.11636363636363636">bn:00026062n</annotation>
		<annotation source="BABELFY" anchor="Sauveur Jésus" bfScore="1.0" coherenceScore="0.7454545454545455">bn:00018805n</annotation>
		<annotation source="BABELFY" anchor="Jésus" bfScore="0.9526727702303603" coherenceScore="0.7418181818181818">bn:00018805n</annotation>
		<annotation source="BABELFY" anchor="Jésus Christ" bfScore="1.0" coherenceScore="0.7454545454545455">bn:00018805n</annotation>
		<annotation source="BABELFY" anchor="Christ" bfScore="0.9961542354012751" coherenceScore="0.7418181818181818">bn:00018805n</annotation>
		<annotation source="MCS" anchor="engagent" bfScore="--" coherenceScore="--">bn:00083132v</annotation>
		<annotation source="MCS" anchor="nouveau" bfScore="--" coherenceScore="--">bn:00107267a</annotation>
		<annotation source="MCS" anchor="vaincus" bfScore="--" coherenceScore="--">bn:00083247v</annotation>
		<annotation source="MCS" anchor="dernière" bfScore="--" coherenceScore="--">bn:00105773a</annotation>
		<annotation source="MCS" anchor="condition" bfScore="--" coherenceScore="--">bn:00064921n</annotation>
		<annotation source="MCS" anchor="pire" bfScore="--" coherenceScore="--">bn:00113940a</annotation>
		<annotation source="MCS" anchor="mieux" bfScore="--" coherenceScore="--">bn:00114535r</annotation>
		<annotation source="MCS" anchor="valait" bfScore="--" coherenceScore="--">bn:13601354v</annotation>
		<annotation source="MCS" anchor="connu" bfScore="--" coherenceScore="--">bn:00082272v</annotation>
		<annotation source="MCS" anchor="détourner" bfScore="--" coherenceScore="--">bn:00082954v</annotation>
		<annotation source="MCS" anchor="connue" bfScore="--" coherenceScore="--">bn:00082272v</annotation>
		<annotation source="MCS" anchor="saint" bfScore="--" coherenceScore="--">bn:00110031a</annotation>
		<annotation source="MCS" anchor="commandement" bfScore="--" coherenceScore="--">bn:00020960n</annotation>
		<annotation source="MCS" anchor="avait" bfScore="--" coherenceScore="--">bn:00088733v</annotation>
		<annotation source="MCS" anchor="été" bfScore="--" coherenceScore="--">bn:00083187v</annotation>
		<annotation source="MCS" anchor="donné" bfScore="--" coherenceScore="--">bn:00088815v</annotation>
		<annotation source="MCS" anchor="arrivé" bfScore="--" coherenceScore="--">bn:00083286v</annotation>
		<annotation source="MCS" anchor="dit" bfScore="--" coherenceScore="--">bn:00093287v</annotation>
		<annotation source="BABELFY" anchor="proverbe" bfScore="0.793942824794792" coherenceScore="0.2">bn:00001236n</annotation>
		<annotation source="MCS" anchor="vrai" bfScore="--" coherenceScore="--">bn:00112146a</annotation>
		<annotation source="BABELFY" anchor="chien" bfScore="0.8880910765742359" coherenceScore="0.3418181818181818">bn:00015267n</annotation>
		<annotation source="MCS" anchor="retourné" bfScore="--" coherenceScore="--">bn:00089884v</annotation>
		<annotation source="MCS" anchor="vomi" bfScore="--" coherenceScore="--">bn:00083115v</annotation>
		<annotation source="MCS" anchor="truie" bfScore="--" coherenceScore="--">bn:00073025n</annotation>
		<annotation source="MCS" anchor="bourbier" bfScore="--" coherenceScore="--">bn:00055258n</annotation>
	</annotations>
</paragraph>
<paragraph id="p.3">
	<text>
		Voici déjà , bien - aimés , la seconde lettre que je vous écris . Dans l ` une et dans l ` autre je cherche à éveiller par des avertissements votre saine intelligence ,
		afin que vous vous souveniez des choses annoncées d ` avance par les saints prophètes , et du commandement du Seigneur et Sauveur ,
		enseigné par vos apôtres , sachant avant tout que , dans les derniers jours , il viendra des moqueurs avec leurs railleries , marchant selon leurs propres convoitises ,
		et disant : Où est la promesse de son avènement ? Car , depuis que les pères sont morts , tout demeure comme dès le commencement de la création .
		Ils veulent ignorer , en effet , que des cieux existèrent autrefois par la parole de Dieu , de même qu ` une terre tirée de l ` eau et formée au moyen de l ` eau ,
		et que par ces choses le monde d ` alors périt , submergé par l ` eau ,
		tandis que , par la même parole , les cieux et la terre d ` à présent sont gardés et réservés pour le feu , pour le jour du jugement et de la ruine des hommes impies .
		Mais il est une chose , bien - aimés , que vous ne devez pas ignorer , c ` est que , devant le Seigneur , un jour est comme mille ans , et mille ans sont comme un jour .
		Le Seigneur ne tarde pas dans l ` accomplissement de la promesse , comme quelques - uns le croient ; mais il use de patience envers vous , ne voulant pas qu ` aucun périsse , mais voulant que tous arrivent à la repentance .
		Le jour du Seigneur viendra comme un voleur ; en ce jour , les cieux passeront avec fracas , les éléments embrasés se dissoudront , et la terre avec les oeuvres qu ` elle renferme sera consumée .
		Puisque donc toutes ces choses doivent se dissoudre , quelles ne doivent pas être la sainteté de votre conduite et votre piété ,
		tandis que vous attendez et hâtez l ` avènement du jour de Dieu , à cause duquel les cieux enflammés se dissoudront et les éléments embrasés se fondront !
		Mais nous attendons , selon sa promesse , de nouveaux cieux et une nouvelle terre , où la justice habitera .
		C ` est pourquoi , bien - aimés , en attendant ces choses , appliquez - vous à être trouvés par lui sans tache et irrépréhensibles dans la paix .
		Croyez que la patience de notre Seigneur est votre salut , comme notre bien - aimé frère Paul vous l ` a aussi écrit , selon la sagesse qui lui a été donnée .
		C ` est ce qu ` il fait dans toutes les lettres , où il parle de ces choses , dans lesquelles il y a des points difficiles à comprendre , dont les personnes ignorantes et mal affermies tordent le sens , comme celui des autres Écritures , pour leur propre ruine .
		Vous donc , bien - aimés , qui êtes avertis , mettez - vous sur vos gardes , de peur qu ` entraînés par l ` égarement des impies , vous ne veniez à déchoir de votre fermeté .
		Mais croissez dans la grâce et dans la connaissance de notre Seigneur et Sauveur Jésus Christ . A lui soit la gloire , maintenant et pour l ` éternité ! Amen !
	</text>
	<annotations>
		<annotation source="BABELFY" anchor="Voici" bfScore="1.0" coherenceScore="0.05116279069767442">bn:00114427r</annotation>
		<annotation source="MCS" anchor="déjà" bfScore="--" coherenceScore="--">bn:00114245r</annotation>
		<annotation source="MCS" anchor="bien-aimés" bfScore="--" coherenceScore="--">bn:00098224a</annotation>
		<annotation source="MCS" anchor="lettre" bfScore="--" coherenceScore="--">bn:00050802n</annotation>
		<annotation source="MCS" anchor="écris" bfScore="--" coherenceScore="--">bn:00092123v</annotation>
		<annotation source="MCS" anchor="autre" bfScore="--" coherenceScore="--">bn:00101268a</annotation>
		<annotation source="MCS" anchor="cherche" bfScore="--" coherenceScore="--">bn:00090460v</annotation>
		<annotation source="BABELFY" anchor="éveiller" bfScore="1.0" coherenceScore="0.023255813953488372">bn:00082772v</annotation>
		<annotation source="MCS" anchor="avertissements" bfScore="--" coherenceScore="--">bn:00001469n</annotation>
		<annotation source="MCS" anchor="saine" bfScore="--" coherenceScore="--">bn:00104025a</annotation>
		<annotation source="BABELFY" anchor="intelligence" bfScore="0.8069868995633188" coherenceScore="0.19534883720930232">bn:00047025n</annotation>
		<annotation source="MCS" anchor="souveniez" bfScore="--" coherenceScore="--">bn:00084413v</annotation>
		<annotation source="MCS" anchor="choses" bfScore="--" coherenceScore="--">bn:00076925n</annotation>
		<annotation source="MCS" anchor="annoncées" bfScore="--" coherenceScore="--">bn:00082637v</annotation>
		<annotation source="BABELFY" anchor="avance" bfScore="0.7648254828871569" coherenceScore="0.17209302325581396">bn:00021587n</annotation>
		<annotation source="MCS" anchor="saints" bfScore="--" coherenceScore="--">bn:00110031a</annotation>
		<annotation source="MCS" anchor="prophètes" bfScore="--" coherenceScore="--">bn:00064759n</annotation>
		<annotation source="MCS" anchor="commandement" bfScore="--" coherenceScore="--">bn:00020960n</annotation>
		<annotation source="MCS" anchor="Seigneur" bfScore="--" coherenceScore="--">bn:00070296n</annotation>
		<annotation source="BABELFY" anchor="Sauveur" bfScore="1.0" coherenceScore="0.07906976744186046">bn:00026062n</annotation>
		<annotation source="BABELFY" anchor="enseigné" bfScore="0.8766816143497758" coherenceScore="0.10697674418604651">bn:00089791v</annotation>
		<annotation source="BABELFY" anchor="apôtres" bfScore="0.8454907161803713" coherenceScore="0.20930232558139536">bn:00004982n</annotation>
		<annotation source="MCS" anchor="sachant" bfScore="--" coherenceScore="--">bn:00090142v</annotation>
		<annotation source="MCS" anchor="tout" bfScore="--" coherenceScore="--">bn:00114403r</annotation>
		<annotation source="MCS" anchor="derniers" bfScore="--" coherenceScore="--">bn:00105773a</annotation>
		<annotation source="MCS" anchor="jours" bfScore="--" coherenceScore="--">bn:00000086n</annotation>
		<annotation source="MCS" anchor="viendra" bfScore="--" coherenceScore="--">bn:00085322v</annotation>
		<annotation source="MCS" anchor="moqueurs" bfScore="--" coherenceScore="--">bn:00055093n</annotation>
		<annotation source="MCS" anchor="railleries" bfScore="--" coherenceScore="--">bn:00076208n</annotation>
		<annotation source="MCS" anchor="marchant" bfScore="--" coherenceScore="--">bn:00095597v</annotation>
		<annotation source="MCS" anchor="propres" bfScore="--" coherenceScore="--">bn:00099776a</annotation>
		<annotation source="BABELFY" anchor="convoitises" bfScore="1.0" coherenceScore="0.05116279069767442">bn:00041632n</annotation>
		<annotation source="MCS" anchor="disant" bfScore="--" coherenceScore="--">bn:00093287v</annotation>
		<annotation source="MCS" anchor="est" bfScore="--" coherenceScore="--">bn:00083187v</annotation>
		<annotation source="MCS" anchor="promesse" bfScore="--" coherenceScore="--">bn:00064699n</annotation>
		<annotation source="BABELFY" anchor="avènement" bfScore="0.9821782178217822" coherenceScore="0.14883720930232558">bn:00001565n</annotation>
		<annotation source="MCS" anchor="pères" bfScore="--" coherenceScore="--">bn:00009616n</annotation>
		<annotation source="MCS" anchor="sont" bfScore="--" coherenceScore="--">bn:00083187v</annotation>
		<annotation source="MCS" anchor="morts" bfScore="--" coherenceScore="--">bn:00083914v</annotation>
		<annotation source="MCS" anchor="demeure" bfScore="--" coherenceScore="--">bn:00082138v</annotation>
		<annotation source="MCS" anchor="comme" bfScore="--" coherenceScore="--">bn:00114354r</annotation>
		<annotation source="MCS" anchor="création" bfScore="--" coherenceScore="--">bn:00023652n</annotation>
		<annotation source="MCS" anchor="veulent" bfScore="--" coherenceScore="--">bn:00086682v</annotation>
		<annotation source="BABELFY" anchor="ignorer" bfScore="1.0" coherenceScore="0.037209302325581395">bn:00084160v</annotation>
		<annotation source="MCS" anchor="effet" bfScore="--" coherenceScore="--">bn:00029871n</annotation>
		<annotation source="BABELFY" anchor="cieux" bfScore="1.0" coherenceScore="0.023255813953488372">bn:00808092n</annotation>
		<annotation source="BABELFY" anchor="existèrent" bfScore="1.0" coherenceScore="0.07441860465116279">bn:00083184v</annotation>
		<annotation source="MCS" anchor="autrefois" bfScore="--" coherenceScore="--">bn:00114423r</annotation>
		<annotation source="BABELFY" anchor="parole" bfScore="0.7534509202453987" coherenceScore="0.27906976744186046">bn:00049911n</annotation>
		<annotation source="BABELFY" anchor="parole de Dieu" bfScore="1.0" coherenceScore="0.2558139534883721">bn:00051877n</annotation>
		<annotation source="BABELFY" anchor="Dieu" bfScore="0.7596266328719049" coherenceScore="0.6604651162790698">bn:00040878n</annotation>
		<annotation source="MCS" anchor="tirée" bfScore="--" coherenceScore="--">bn:00083567v</annotation>
		<annotation source="BABELFY" anchor="eau" bfScore="0.8818128310771042" coherenceScore="0.4604651162790698">bn:00042379n</annotation>
		<annotation source="MCS" anchor="formée" bfScore="--" coherenceScore="--">bn:00088488v</annotation>
		<annotation source="MCS" anchor="moyen" bfScore="--" coherenceScore="--">bn:00001965n</annotation>
		<annotation source="MCS" anchor="monde" bfScore="--" coherenceScore="--">bn:00029428n</annotation>
		<annotation source="MCS" anchor="alors" bfScore="--" coherenceScore="--">bn:00117250r</annotation>
		<annotation source="MCS" anchor="périt" bfScore="--" coherenceScore="--">bn:00086783v</annotation>
		<annotation source="BABELFY" anchor="submergé" bfScore="1.0" coherenceScore="0.04186046511627907">bn:00086542v</annotation>
		<annotation source="MCS" anchor="présent" bfScore="--" coherenceScore="--">bn:00058218n</annotation>
		<annotation source="MCS" anchor="gardés" bfScore="--" coherenceScore="--">bn:00089407v</annotation>
		<annotation source="MCS" anchor="réservés" bfScore="--" coherenceScore="--">bn:00083774v</annotation>
		<annotation source="MCS" anchor="feu" bfScore="--" coherenceScore="--">bn:00034625n</annotation>
		<annotation source="MCS" anchor="jour" bfScore="--" coherenceScore="--">bn:00000086n</annotation>
		<annotation source="BABELFY" anchor="jour du jugement" bfScore="1.0" coherenceScore="0.24186046511627907">bn:00023469n</annotation>
		<annotation source="MCS" anchor="jugement" bfScore="--" coherenceScore="--">bn:00048493n</annotation>
		<annotation source="MCS" anchor="ruine" bfScore="--" coherenceScore="--">bn:00068521n</annotation>
		<annotation source="MCS" anchor="hommes" bfScore="--" coherenceScore="--">bn:00044576n</annotation>
		<annotation source="BABELFY" anchor="impies" bfScore="0.964824120603015" coherenceScore="0.18604651162790697">bn:00104667a</annotation>
		<annotation source="MCS" anchor="chose" bfScore="--" coherenceScore="--">bn:00076925n</annotation>
		<annotation source="MCS" anchor="devez" bfScore="--" coherenceScore="--">bn:00091360v</annotation>
		<annotation source="MCS" anchor="ans" bfScore="--" coherenceScore="--">bn:00078738n</annotation>
		<annotation source="MCS" anchor="comme un" bfScore="--" coherenceScore="--">bn:13612827r</annotation>
		<annotation source="MCS" anchor="tarde" bfScore="--" coherenceScore="--">bn:13603957v</annotation>
		<annotation source="BABELFY" anchor="accomplissement" bfScore="0.9481132075471698" coherenceScore="0.1813953488372093">bn:00000725n</annotation>
		<annotation source="MCS" anchor="croient" bfScore="--" coherenceScore="--">bn:00083369v</annotation>
		<annotation source="MCS" anchor="use" bfScore="--" coherenceScore="--">bn:00095687v</annotation>
		<annotation source="BABELFY" anchor="patience" bfScore="0.7711442786069652" coherenceScore="0.14418604651162792">bn:14629457n</annotation>
		<annotation source="MCS" anchor="voulant" bfScore="--" coherenceScore="--">bn:00086682v</annotation>
		<annotation source="MCS" anchor="périsse" bfScore="--" coherenceScore="--">bn:00086783v</annotation>
		<annotation source="MCS" anchor="arrivent" bfScore="--" coherenceScore="--">bn:00083286v</annotation>
		<annotation source="MCS" anchor="repentance" bfScore="--" coherenceScore="--">bn:00808131n</annotation>
		<annotation source="BABELFY" anchor="jour du Seigneur" bfScore="1.0" coherenceScore="0.17674418604651163">bn:00028190n</annotation>
		<annotation source="MCS" anchor="voleur" bfScore="--" coherenceScore="--">bn:00074094n</annotation>
		<annotation source="MCS" anchor="passeront" bfScore="--" coherenceScore="--">bn:00091458v</annotation>
		<annotation source="BABELFY" anchor="fracas" bfScore="1.0" coherenceScore="0.013953488372093023">bn:00019432n</annotation>
		<annotation source="MCS" anchor="éléments" bfScore="--" coherenceScore="--">bn:00021394n</annotation>
		<annotation source="BABELFY" anchor="embrasés" bfScore="1.0" coherenceScore="0.05581395348837209">bn:00093526v</annotation>
		<annotation source="MCS" anchor="dissoudront" bfScore="--" coherenceScore="--">bn:00087044v</annotation>
		<annotation source="MCS" anchor="oeuvres" bfScore="--" coherenceScore="--">bn:00011767n</annotation>
		<annotation source="MCS" anchor="renferme" bfScore="--" coherenceScore="--">bn:00085497v</annotation>
		<annotation source="MCS" anchor="sera" bfScore="--" coherenceScore="--">bn:00083187v</annotation>
		<annotation source="BABELFY" anchor="consumée" bfScore="0.8" coherenceScore="0.009302325581395349">bn:00085691v</annotation>
		<annotation source="MCS" anchor="donc" bfScore="--" coherenceScore="--">bn:00115635r</annotation>
		<annotation source="MCS" anchor="doivent" bfScore="--" coherenceScore="--">bn:00091360v</annotation>
		<annotation source="MCS" anchor="dissoudre" bfScore="--" coherenceScore="--">bn:00087044v</annotation>
		<annotation source="MCS" anchor="être" bfScore="--" coherenceScore="--">bn:00083187v</annotation>
		<annotation source="MCS" anchor="sainteté" bfScore="--" coherenceScore="--">bn:00044420n</annotation>
		<annotation source="MCS" anchor="conduite" bfScore="--" coherenceScore="--">bn:00028801n</annotation>
		<annotation source="MCS" anchor="piété" bfScore="--" coherenceScore="--">bn:00062339n</annotation>
		<annotation source="MCS" anchor="attendez" bfScore="--" coherenceScore="--">bn:00089401v</annotation>
		<annotation source="MCS" anchor="jour de Dieu" bfScore="--" coherenceScore="--">bn:08844615n</annotation>
		<annotation source="MCS" anchor="cause" bfScore="--" coherenceScore="--">bn:00015051n</annotation>
		<annotation source="MCS" anchor="enflammés" bfScore="--" coherenceScore="--">bn:00088229v</annotation>
		<annotation source="MCS" anchor="fondront" bfScore="--" coherenceScore="--">bn:00090736v</annotation>
		<annotation source="MCS" anchor="attendons" bfScore="--" coherenceScore="--">bn:00089401v</annotation>
		<annotation source="MCS" anchor="nouveaux" bfScore="--" coherenceScore="--">bn:00107267a</annotation>
		<annotation source="MCS" anchor="nouvelle" bfScore="--" coherenceScore="--">bn:00107267a</annotation>
		<annotation source="MCS" anchor="justice" bfScore="--" coherenceScore="--">bn:00048668n</annotation>
		<annotation source="MCS" anchor="habitera" bfScore="--" coherenceScore="--">bn:00087441v</annotation>
		<annotation source="BABELFY" anchor="pourquoi" bfScore="1.0" coherenceScore="0.03255813953488372">bn:00114822r</annotation>
		<annotation source="MCS" anchor="attendant" bfScore="--" coherenceScore="--">bn:00089401v</annotation>
		<annotation source="MCS" anchor="appliquez" bfScore="--" coherenceScore="--">bn:00084595v</annotation>
		<annotation source="MCS" anchor="trouvés" bfScore="--" coherenceScore="--">bn:00084231v</annotation>
		<annotation source="MCS" anchor="tache" bfScore="--" coherenceScore="--">bn:00011438n</annotation>
		<annotation source="MCS" anchor="paix" bfScore="--" coherenceScore="--">bn:00061149n</annotation>
		<annotation source="MCS" anchor="Croyez" bfScore="--" coherenceScore="--">bn:00083369v</annotation>
		<annotation source="MCS" anchor="salut" bfScore="--" coherenceScore="--">bn:00066712n</annotation>
		<annotation source="MCS" anchor="bien-aimé" bfScore="--" coherenceScore="--">bn:00098224a</annotation>
		<annotation source="MCS" anchor="frère" bfScore="--" coherenceScore="--">bn:00011357n</annotation>
		<annotation source="BABELFY" anchor="frère Paul" bfScore="1.0" coherenceScore="0.018604651162790697">bn:04741993n</annotation>
		<annotation source="BABELFY" anchor="Paul" bfScore="0.9463810723785524" coherenceScore="0.24186046511627907">bn:00004984n</annotation>
		<annotation source="MCS" anchor="aussi" bfScore="--" coherenceScore="--">bn:00114246r</annotation>
		<annotation source="MCS" anchor="écrit" bfScore="--" coherenceScore="--">bn:00092123v</annotation>
		<annotation source="MCS" anchor="sagesse" bfScore="--" coherenceScore="--">bn:00069220n</annotation>
		<annotation source="MCS" anchor="été" bfScore="--" coherenceScore="--">bn:00083187v</annotation>
		<annotation source="MCS" anchor="donnée" bfScore="--" coherenceScore="--">bn:00088815v</annotation>
		<annotation source="MCS" anchor="fait" bfScore="--" coherenceScore="--">bn:00087107v</annotation>
		<annotation source="MCS" anchor="lettres" bfScore="--" coherenceScore="--">bn:00050802n</annotation>
		<annotation source="MCS" anchor="parle" bfScore="--" coherenceScore="--">bn:00094090v</annotation>
		<annotation source="MCS" anchor="points" bfScore="--" coherenceScore="--">bn:00026622n</annotation>
		<annotation source="MCS" anchor="difficiles" bfScore="--" coherenceScore="--">bn:00101358a</annotation>
		<annotation source="MCS" anchor="comprendre" bfScore="--" coherenceScore="--">bn:00082727v</annotation>
		<annotation source="BABELFY" anchor="personnes" bfScore="0.9128050335855794" coherenceScore="0.7116279069767442">bn:00046516n</annotation>
		<annotation source="MCS" anchor="ignorantes" bfScore="--" coherenceScore="--">bn:00104533a</annotation>
		<annotation source="MCS" anchor="mal" bfScore="--" coherenceScore="--">bn:00114486r</annotation>
		<annotation source="MCS" anchor="affermies" bfScore="--" coherenceScore="--">bn:00083317v</annotation>
		<annotation source="MCS" anchor="tordent" bfScore="--" coherenceScore="--">bn:00095288v</annotation>
		<annotation source="MCS" anchor="sens" bfScore="--" coherenceScore="--">bn:00070494n</annotation>
		<annotation source="MCS" anchor="autres" bfScore="--" coherenceScore="--">bn:00101268a</annotation>
		<annotation source="MCS" anchor="Écritures" bfScore="--" coherenceScore="--">bn:00007306n</annotation>
		<annotation source="MCS" anchor="propre" bfScore="--" coherenceScore="--">bn:00099776a</annotation>
		<annotation source="MCS" anchor="êtes" bfScore="--" coherenceScore="--">bn:00083187v</annotation>
		<annotation source="MCS" anchor="avertis" bfScore="--" coherenceScore="--">bn:00095642v</annotation>
		<annotation source="MCS" anchor="mettez" bfScore="--" coherenceScore="--">bn:00090224v</annotation>
		<annotation source="MCS" anchor="gardes" bfScore="--" coherenceScore="--">bn:00024585n</annotation>
		<annotation source="MCS" anchor="peur" bfScore="--" coherenceScore="--">bn:00033854n</annotation>
		<annotation source="MCS" anchor="entraînés" bfScore="--" coherenceScore="--">bn:00084700v</annotation>
		<annotation source="MCS" anchor="veniez" bfScore="--" coherenceScore="--">bn:00085322v</annotation>
		<annotation source="BABELFY" anchor="déchoir" bfScore="1.0" coherenceScore="0.05116279069767442">bn:00086638v</annotation>
		<annotation source="BABELFY" anchor="fermeté" bfScore="0.8160621761658031" coherenceScore="0.06976744186046512">bn:00074073n</annotation>
		<annotation source="MCS" anchor="croissez" bfScore="--" coherenceScore="--">bn:00089082v</annotation>
		<annotation source="MCS" anchor="grâce" bfScore="--" coherenceScore="--">bn:00041227n</annotation>
		<annotation source="MCS" anchor="connaissance" bfScore="--" coherenceScore="--">bn:00020452n</annotation>
		<annotation source="BABELFY" anchor="Sauveur Jésus" bfScore="1.0" coherenceScore="0.586046511627907">bn:00018805n</annotation>
		<annotation source="BABELFY" anchor="Jésus" bfScore="0.9176309568246859" coherenceScore="0.5813953488372093">bn:00018805n</annotation>
		<annotation source="BABELFY" anchor="Jésus Christ" bfScore="1.0" coherenceScore="0.586046511627907">bn:00018805n</annotation>
		<annotation source="BABELFY" anchor="Christ" bfScore="0.9977987281540446" coherenceScore="0.5813953488372093">bn:00018805n</annotation>
		<annotation source="MCS" anchor="soit" bfScore="--" coherenceScore="--">bn:00083187v</annotation>
		<annotation source="MCS" anchor="gloire" bfScore="--" coherenceScore="--">bn:00016991n</annotation>
		<annotation source="MCS" anchor="maintenant" bfScore="--" coherenceScore="--">bn:00114424r</annotation>
		<annotation source="BABELFY" anchor="éternité" bfScore="0.737978914888146" coherenceScore="0.19069767441860466">bn:00031687n</annotation>
	</annotations>
</paragraph>
</dataset>
