<?xml version="1.0" encoding="utf-8"?>
<dataset language="FR" title="2TH">
<paragraph id="p.1">
	<text>
		Paul , et Silvain , et Timothée , à l ` Église des Thessaloniciens , qui est en Dieu notre Père et en Jésus Christ le Seigneur :
		que la grâce et la paix vous soient données de la part de Dieu notre Père et du Seigneur Jésus Christ !
		Nous devons à votre sujet , frères , rendre continuellement grâces à Dieu , comme cela est juste , parce que votre foi fait de grands progrès , et que la charité de chacun de vous tous à l ` égard des autres augmente de plus en plus .
		Aussi nous glorifions - nous de vous dans les Églises de Dieu , à cause de votre persévérance et de votre foi au milieu de toutes vos persécutions et des tribulations que vous avez à supporter .
		C ` est une preuve du juste jugement de Dieu , pour que vous soyez jugés dignes du royaume de Dieu , pour lequel vous souffrez .
		Car il est de la justice de Dieu de rendre l ` affliction à ceux qui vous affligent ,
		et de vous donner , à vous qui êtes affligés , du repos avec nous , lorsque le Seigneur Jésus apparaîtra du ciel avec les anges de sa puissance ,
		au milieu d ` une flamme de feu , pour punir ceux qui ne connaissent pas Dieu et ceux qui n ` obéissent pas à l ` Évangile de notre Seigneur Jésus .
		Ils auront pour châtiment une ruine éternelle , loin de la face du Seigneur et de la gloire de sa force ,
		lorsqu ` il viendra pour être , en ce jour - là , glorifié dans ses saints et admiré dans tous ceux qui auront cru , car notre témoignage auprès de vous a été cru .
		C ` est pourquoi aussi nous prions continuellement pour vous , afin que notre Dieu vous juge dignes de la vocation , et qu ` il accomplisse par sa puissance tous les dessins bienveillants de sa bonté , et l ` oeuvre de votre foi ,
		pour que le nom de notre Seigneur Jésus soit glorifié en vous , et que vous soyez glorifiés en lui , selon la grâce de notre Dieu et du Seigneur Jésus Christ .
	</text>
	<annotations>
		<annotation source="BABELFY" anchor="Paul" bfScore="0.9746282130469901" coherenceScore="0.5289855072463768">bn:00004984n</annotation>
		<annotation source="BABELFY" anchor="Silvain" bfScore="0.9990610328638497" coherenceScore="0.2028985507246377">bn:00071624n</annotation>
		<annotation source="MCS" anchor="Église" bfScore="--" coherenceScore="--">bn:00018995n</annotation>
		<annotation source="MCS" anchor="Thessaloniciens" bfScore="--" coherenceScore="--">bn:13691480n</annotation>
		<annotation source="MCS" anchor="est" bfScore="--" coherenceScore="--">bn:00083187v</annotation>
		<annotation source="MCS" anchor="Père" bfScore="--" coherenceScore="--">bn:00009616n</annotation>
		<annotation source="BABELFY" anchor="Jésus" bfScore="0.8054764790439415" coherenceScore="0.8333333333333334">bn:00018805n</annotation>
		<annotation source="BABELFY" anchor="Jésus Christ" bfScore="1.0" coherenceScore="0.8405797101449275">bn:00018805n</annotation>
		<annotation source="BABELFY" anchor="Christ" bfScore="0.9979084199063111" coherenceScore="0.8333333333333334">bn:00018805n</annotation>
		<annotation source="MCS" anchor="Seigneur" bfScore="--" coherenceScore="--">bn:00070296n</annotation>
		<annotation source="MCS" anchor="grâce" bfScore="--" coherenceScore="--">bn:00041227n</annotation>
		<annotation source="MCS" anchor="paix" bfScore="--" coherenceScore="--">bn:00061149n</annotation>
		<annotation source="MCS" anchor="soient" bfScore="--" coherenceScore="--">bn:00083187v</annotation>
		<annotation source="MCS" anchor="données" bfScore="--" coherenceScore="--">bn:00088815v</annotation>
		<annotation source="MCS" anchor="part" bfScore="--" coherenceScore="--">bn:00060766n</annotation>
		<annotation source="MCS" anchor="devons" bfScore="--" coherenceScore="--">bn:00091360v</annotation>
		<annotation source="MCS" anchor="sujet" bfScore="--" coherenceScore="--">bn:00022157n</annotation>
		<annotation source="MCS" anchor="frères" bfScore="--" coherenceScore="--">bn:00011357n</annotation>
		<annotation source="MCS" anchor="rendre" bfScore="--" coherenceScore="--">bn:00092791v</annotation>
		<annotation source="MCS" anchor="continuellement" bfScore="--" coherenceScore="--">bn:00114838r</annotation>
		<annotation source="MCS" anchor="grâces" bfScore="--" coherenceScore="--">bn:00041227n</annotation>
		<annotation source="MCS" anchor="juste" bfScore="--" coherenceScore="--">bn:00102719a</annotation>
		<annotation source="BABELFY" anchor="foi" bfScore="0.7514069495979339" coherenceScore="0.9057971014492754">bn:00032768n</annotation>
		<annotation source="MCS" anchor="fait" bfScore="--" coherenceScore="--">bn:00087107v</annotation>
		<annotation source="MCS" anchor="grands" bfScore="--" coherenceScore="--">bn:00111630a</annotation>
		<annotation source="BABELFY" anchor="progrès" bfScore="0.9824561403508771" coherenceScore="0.2028985507246377">bn:00970321n</annotation>
		<annotation source="MCS" anchor="charité" bfScore="--" coherenceScore="--">bn:00013380n</annotation>
		<annotation source="MCS" anchor="égard" bfScore="--" coherenceScore="--">bn:00066865n</annotation>
		<annotation source="BABELFY" anchor="autres" bfScore="0.771689497716895" coherenceScore="0.09420289855072464">bn:00108011a</annotation>
		<annotation source="MCS" anchor="augmente" bfScore="--" coherenceScore="--">bn:00089666v</annotation>
		<annotation source="BABELFY" anchor="plus" bfScore="0.7941176470588235" coherenceScore="0.12318840579710146">bn:00114303r</annotation>
		<annotation source="MCS" anchor="Aussi" bfScore="--" coherenceScore="--">bn:00114246r</annotation>
		<annotation source="MCS" anchor="glorifions" bfScore="--" coherenceScore="--">bn:00088895v</annotation>
		<annotation source="MCS" anchor="Églises" bfScore="--" coherenceScore="--">bn:00018995n</annotation>
		<annotation source="MCS" anchor="cause" bfScore="--" coherenceScore="--">bn:00015051n</annotation>
		<annotation source="BABELFY" anchor="persévérance" bfScore="0.9411764705882353" coherenceScore="0.028985507246376812">bn:00061702n</annotation>
		<annotation source="MCS" anchor="milieu" bfScore="--" coherenceScore="--">bn:00017123n</annotation>
		<annotation source="BABELFY" anchor="persécutions" bfScore="1.0" coherenceScore="0.2028985507246377">bn:00061697n</annotation>
		<annotation source="BABELFY" anchor="tribulations" bfScore="0.9747102212855637" coherenceScore="0.26811594202898553">bn:02492215n</annotation>
		<annotation source="MCS" anchor="avez" bfScore="--" coherenceScore="--">bn:00088733v</annotation>
		<annotation source="BABELFY" anchor="supporter" bfScore="0.9918032786885246" coherenceScore="0.15942028985507245">bn:00082138v</annotation>
		<annotation source="MCS" anchor="preuve" bfScore="--" coherenceScore="--">bn:00032045n</annotation>
		<annotation source="MCS" anchor="jugement" bfScore="--" coherenceScore="--">bn:00048493n</annotation>
		<annotation source="BABELFY" anchor="jugement de Dieu" bfScore="1.0" coherenceScore="0.2536231884057971">bn:00059302n</annotation>
		<annotation source="MCS" anchor="soyez" bfScore="--" coherenceScore="--">bn:00083187v</annotation>
		<annotation source="MCS" anchor="jugés" bfScore="--" coherenceScore="--">bn:00090000v</annotation>
		<annotation source="MCS" anchor="dignes" bfScore="--" coherenceScore="--">bn:00113948a</annotation>
		<annotation source="MCS" anchor="royaume" bfScore="--" coherenceScore="--">bn:00049170n</annotation>
		<annotation source="BABELFY" anchor="royaume de Dieu" bfScore="0.8079494799405647" coherenceScore="0.32608695652173914">bn:15686337n</annotation>
		<annotation source="MCS" anchor="souffrez" bfScore="--" coherenceScore="--">bn:00088745v</annotation>
		<annotation source="MCS" anchor="justice" bfScore="--" coherenceScore="--">bn:00048668n</annotation>
		<annotation source="MCS" anchor="donner" bfScore="--" coherenceScore="--">bn:00088815v</annotation>
		<annotation source="MCS" anchor="êtes" bfScore="--" coherenceScore="--">bn:00083187v</annotation>
		<annotation source="MCS" anchor="repos" bfScore="--" coherenceScore="--">bn:00050297n</annotation>
		<annotation source="MCS" anchor="apparaîtra" bfScore="--" coherenceScore="--">bn:00082691v</annotation>
		<annotation source="MCS" anchor="ciel" bfScore="--" coherenceScore="--">bn:00072016n</annotation>
		<annotation source="BABELFY" anchor="anges" bfScore="0.8249278188158536" coherenceScore="0.5797101449275363">bn:00004063n</annotation>
		<annotation source="MCS" anchor="puissance" bfScore="--" coherenceScore="--">bn:00030160n</annotation>
		<annotation source="BABELFY" anchor="flamme" bfScore="1.0" coherenceScore="0.36231884057971014">bn:00034625n</annotation>
		<annotation source="MCS" anchor="feu" bfScore="--" coherenceScore="--">bn:00034625n</annotation>
		<annotation source="BABELFY" anchor="punir" bfScore="0.946236559139785" coherenceScore="0.057971014492753624">bn:00091527v</annotation>
		<annotation source="MCS" anchor="connaissent" bfScore="--" coherenceScore="--">bn:00082272v</annotation>
		<annotation source="MCS" anchor="obéissent" bfScore="--" coherenceScore="--">bn:00091112v</annotation>
		<annotation source="MCS" anchor="Évangile" bfScore="--" coherenceScore="--">bn:00031976n</annotation>
		<annotation source="MCS" anchor="auront" bfScore="--" coherenceScore="--">bn:00088733v</annotation>
		<annotation source="MCS" anchor="châtiment" bfScore="--" coherenceScore="--">bn:00017934n</annotation>
		<annotation source="BABELFY" anchor="ruine" bfScore="0.872651356993737" coherenceScore="0.13768115942028986">bn:00068521n</annotation>
		<annotation source="BABELFY" anchor="éternelle" bfScore="0.8076923076923077" coherenceScore="0.021739130434782608">bn:00099407a</annotation>
		<annotation source="MCS" anchor="loin" bfScore="--" coherenceScore="--">bn:00115323r</annotation>
		<annotation source="BABELFY" anchor="face du Seigneur" bfScore="1.0" coherenceScore="0.2391304347826087">bn:02617521n</annotation>
		<annotation source="MCS" anchor="gloire" bfScore="--" coherenceScore="--">bn:00016991n</annotation>
		<annotation source="MCS" anchor="force" bfScore="--" coherenceScore="--">bn:00035768n</annotation>
		<annotation source="MCS" anchor="viendra" bfScore="--" coherenceScore="--">bn:00085322v</annotation>
		<annotation source="MCS" anchor="être" bfScore="--" coherenceScore="--">bn:00083187v</annotation>
		<annotation source="MCS" anchor="glorifié" bfScore="--" coherenceScore="--">bn:00088895v</annotation>
		<annotation source="MCS" anchor="saints" bfScore="--" coherenceScore="--">bn:00053896n</annotation>
		<annotation source="BABELFY" anchor="admiré" bfScore="0.9545454545454546" coherenceScore="0.021739130434782608">bn:00082367v</annotation>
		<annotation source="MCS" anchor="cru" bfScore="--" coherenceScore="--">bn:00083369v</annotation>
		<annotation source="MCS" anchor="témoignage" bfScore="--" coherenceScore="--">bn:00076677n</annotation>
		<annotation source="MCS" anchor="été" bfScore="--" coherenceScore="--">bn:00083187v</annotation>
		<annotation source="BABELFY" anchor="pourquoi" bfScore="1.0" coherenceScore="0.007246376811594203">bn:00114822r</annotation>
		<annotation source="MCS" anchor="aussi" bfScore="--" coherenceScore="--">bn:00114246r</annotation>
		<annotation source="MCS" anchor="prions" bfScore="--" coherenceScore="--">bn:00091921v</annotation>
		<annotation source="MCS" anchor="juge" bfScore="--" coherenceScore="--">bn:00090000v</annotation>
		<annotation source="MCS" anchor="vocation" bfScore="--" coherenceScore="--">bn:00058568n</annotation>
		<annotation source="MCS" anchor="accomplisse" bfScore="--" coherenceScore="--">bn:00082225v</annotation>
		<annotation source="MCS" anchor="dessins" bfScore="--" coherenceScore="--">bn:00028639n</annotation>
		<annotation source="BABELFY" anchor="bienveillants" bfScore="1.0" coherenceScore="0.021739130434782608">bn:00096349a</annotation>
		<annotation source="MCS" anchor="bonté" bfScore="--" coherenceScore="--">bn:00052146n</annotation>
		<annotation source="MCS" anchor="oeuvre" bfScore="--" coherenceScore="--">bn:00011767n</annotation>
		<annotation source="MCS" anchor="nom" bfScore="--" coherenceScore="--">bn:00056758n</annotation>
		<annotation source="MCS" anchor="soit" bfScore="--" coherenceScore="--">bn:00083187v</annotation>
		<annotation source="MCS" anchor="glorifiés" bfScore="--" coherenceScore="--">bn:00088895v</annotation>
	</annotations>
</paragraph>
<paragraph id="p.2">
	<text>
		Pour ce qui concerne l ` avènement de notre Seigneur Jésus Christ et notre réunion avec lui , nous vous prions , frères ,
		de ne pas vous laisser facilement ébranler dans votre bon sens , et de ne pas vous laisser troubler , soit par quelque inspiration , soit par quelque parole , ou par quelque lettre qu ` on dirait venir de nous , comme si le jour du Seigneur était déjà là .
		Que personne ne vous séduise d ` aucune manière ; car il faut que l ` apostasie soit arrivée auparavant , et qu ` on ait vu paraître l ` homme du péché , le fils de la perdition ,
		l ` adversaire qui s ` élève au - dessus de tout ce qu ` on appelle Dieu ou de ce qu ` on adore , jusqu ` à s ` asseoir dans le temple de Dieu , se proclamant lui - même Dieu .
		Ne vous souvenez - vous pas que je vous disais ces choses , lorsque j ` étais encore chez vous ?
		Et maintenant vous savez ce qui le retient , afin qu ` il ne paraisse qu ` en son temps .
		Car le mystère de l ` iniquité agit déjà ; il faut seulement que celui qui le retient encore ait disparu .
		Et alors paraîtra l ` impie , que le Seigneur Jésus détruira par le souffle de sa bouche , et qu ` il anéantira par l ` éclat de son avènement .
		L ` apparition de cet impie se fera , par la puissance de Satan , avec toutes sortes de miracles , de signes et de prodiges mensongers ,
		et avec toutes les séductions de l ` iniquité pour ceux qui périssent parce qu ` ils n ` ont pas reçu l ` amour de la vérité pour être sauvés .
		Aussi Dieu leur envoie une puissance d ` égarement , pour qu ` ils croient au mensonge ,
		afin que tous ceux qui n ` ont pas cru à la vérité , mais qui ont pris plaisir à l ` injustice , soient condamnés .
		Pour nous , frères bien - aimés du Seigneur , nous devons à votre sujet rendre continuellement grâces à Dieu , parce que Dieu vous a choisis dès le commencement pour le salut , par la sanctification de l ` Esprit et par la foi en la vérité .
		C ` est à quoi il vous a appelés par notre Évangile , pour que vous possédiez la gloire de notre Seigneur Jésus Christ .
		Ainsi donc , frères , demeurez fermes , et retenez les instructions que vous avez reçues , soit par notre parole , soit par notre lettre .
		Que notre Seigneur Jésus Christ lui - même , et Dieu notre Père , qui nous a aimés , et qui nous a donné par sa grâce une consolation éternelle et une bonne espérance ,
		consolent vos coeurs , et vous affermissent en toute bonne oeuvre et en toute bonne parole !
	</text>
	<annotations>
		<annotation source="BABELFY" anchor="concerne" bfScore="0.8336380255941499" coherenceScore="0.10857142857142857">bn:00083240v</annotation>
		<annotation source="BABELFY" anchor="avènement" bfScore="0.993217465027554" coherenceScore="0.18857142857142858">bn:00001565n</annotation>
		<annotation source="MCS" anchor="Seigneur" bfScore="--" coherenceScore="--">bn:00070296n</annotation>
		<annotation source="BABELFY" anchor="Jésus" bfScore="0.8304365205166021" coherenceScore="0.76">bn:00018805n</annotation>
		<annotation source="BABELFY" anchor="Jésus Christ" bfScore="1.0" coherenceScore="0.7657142857142857">bn:00018805n</annotation>
		<annotation source="BABELFY" anchor="Christ" bfScore="0.9970339949806069" coherenceScore="0.76">bn:00018805n</annotation>
		<annotation source="MCS" anchor="prions" bfScore="--" coherenceScore="--">bn:00091921v</annotation>
		<annotation source="MCS" anchor="frères" bfScore="--" coherenceScore="--">bn:00011357n</annotation>
		<annotation source="MCS" anchor="laisser" bfScore="--" coherenceScore="--">bn:00090271v</annotation>
		<annotation source="BABELFY" anchor="facilement" bfScore="0.825" coherenceScore="0.06285714285714286">bn:00115155r</annotation>
		<annotation source="BABELFY" anchor="ébranler" bfScore="0.8641618497109826" coherenceScore="0.13142857142857142">bn:00087623v</annotation>
		<annotation source="MCS" anchor="bon" bfScore="--" coherenceScore="--">bn:00103672a</annotation>
		<annotation source="BABELFY" anchor="bon sens" bfScore="1.0" coherenceScore="0.19428571428571428">bn:00021164n</annotation>
		<annotation source="MCS" anchor="sens" bfScore="--" coherenceScore="--">bn:00070494n</annotation>
		<annotation source="MCS" anchor="troubler" bfScore="--" coherenceScore="--">bn:00084538v</annotation>
		<annotation source="BABELFY" anchor="inspiration" bfScore="0.8792270531400966" coherenceScore="0.07428571428571429">bn:00046926n</annotation>
		<annotation source="MCS" anchor="parole" bfScore="--" coherenceScore="--">bn:00049911n</annotation>
		<annotation source="MCS" anchor="lettre" bfScore="--" coherenceScore="--">bn:00050802n</annotation>
		<annotation source="MCS" anchor="dirait" bfScore="--" coherenceScore="--">bn:00093287v</annotation>
		<annotation source="MCS" anchor="venir" bfScore="--" coherenceScore="--">bn:00085322v</annotation>
		<annotation source="MCS" anchor="jour" bfScore="--" coherenceScore="--">bn:00000086n</annotation>
		<annotation source="BABELFY" anchor="jour du Seigneur" bfScore="1.0" coherenceScore="0.19428571428571428">bn:00028190n</annotation>
		<annotation source="MCS" anchor="était" bfScore="--" coherenceScore="--">bn:00083187v</annotation>
		<annotation source="MCS" anchor="déjà" bfScore="--" coherenceScore="--">bn:00114245r</annotation>
		<annotation source="MCS" anchor="là" bfScore="--" coherenceScore="--">bn:00114427r</annotation>
		<annotation source="MCS" anchor="personne" bfScore="--" coherenceScore="--">bn:00116349r</annotation>
		<annotation source="BABELFY" anchor="séduise" bfScore="0.922360248447205" coherenceScore="0.12571428571428572">bn:00093429v</annotation>
		<annotation source="MCS" anchor="manière" bfScore="--" coherenceScore="--">bn:00053238n</annotation>
		<annotation source="MCS" anchor="apostasie" bfScore="--" coherenceScore="--">bn:00004977n</annotation>
		<annotation source="MCS" anchor="soit" bfScore="--" coherenceScore="--">bn:00083187v</annotation>
		<annotation source="MCS" anchor="arrivée" bfScore="--" coherenceScore="--">bn:00083286v</annotation>
		<annotation source="MCS" anchor="ait" bfScore="--" coherenceScore="--">bn:00088733v</annotation>
		<annotation source="MCS" anchor="vu" bfScore="--" coherenceScore="--">bn:00093430v</annotation>
		<annotation source="MCS" anchor="paraître" bfScore="--" coherenceScore="--">bn:00082693v</annotation>
		<annotation source="MCS" anchor="homme" bfScore="--" coherenceScore="--">bn:00044576n</annotation>
		<annotation source="BABELFY" anchor="péché" bfScore="0.7206032429980723" coherenceScore="0.35428571428571426">bn:00071707n</annotation>
		<annotation source="BABELFY" anchor="fils de" bfScore="1.0" coherenceScore="0.005714285714285714">bn:15806605n</annotation>
		<annotation source="BABELFY" anchor="perdition" bfScore="1.0" coherenceScore="0.32571428571428573">bn:00043604n</annotation>
		<annotation source="MCS" anchor="adversaire" bfScore="--" coherenceScore="--">bn:03666488n</annotation>
		<annotation source="MCS" anchor="élève" bfScore="--" coherenceScore="--">bn:00084108v</annotation>
		<annotation source="MCS" anchor="au-dessus" bfScore="--" coherenceScore="--">bn:00114081r</annotation>
		<annotation source="BABELFY" anchor="au-dessus de" bfScore="1.0" coherenceScore="0.005714285714285714">bn:00114081r</annotation>
		<annotation source="MCS" anchor="tout" bfScore="--" coherenceScore="--">bn:00114403r</annotation>
		<annotation source="MCS" anchor="appelle" bfScore="--" coherenceScore="--">bn:00084386v</annotation>
		<annotation source="BABELFY" anchor="Dieu" bfScore="0.7017729915255054" coherenceScore="0.8285714285714286">bn:00040878n</annotation>
		<annotation source="BABELFY" anchor="adore" bfScore="0.8292383292383292" coherenceScore="0.17142857142857143">bn:00095832v</annotation>
		<annotation source="MCS" anchor="asseoir" bfScore="--" coherenceScore="--">bn:00093776v</annotation>
		<annotation source="MCS" anchor="temple" bfScore="--" coherenceScore="--">bn:00076465n</annotation>
		<annotation source="BABELFY" anchor="temple de Dieu" bfScore="1.0" coherenceScore="0.21142857142857144">bn:00076465n</annotation>
		<annotation source="BABELFY" anchor="proclamant" bfScore="0.7361246348588121" coherenceScore="0.15428571428571428">bn:00092037v</annotation>
		<annotation source="MCS" anchor="souvenez" bfScore="--" coherenceScore="--">bn:00084413v</annotation>
		<annotation source="MCS" anchor="disais" bfScore="--" coherenceScore="--">bn:00093287v</annotation>
		<annotation source="MCS" anchor="choses" bfScore="--" coherenceScore="--">bn:00076925n</annotation>
		<annotation source="MCS" anchor="étais" bfScore="--" coherenceScore="--">bn:00083187v</annotation>
		<annotation source="MCS" anchor="encore" bfScore="--" coherenceScore="--">bn:00114369r</annotation>
		<annotation source="MCS" anchor="maintenant" bfScore="--" coherenceScore="--">bn:00114424r</annotation>
		<annotation source="MCS" anchor="savez" bfScore="--" coherenceScore="--">bn:00090142v</annotation>
		<annotation source="MCS" anchor="retient" bfScore="--" coherenceScore="--">bn:00089400v</annotation>
		<annotation source="MCS" anchor="paraisse" bfScore="--" coherenceScore="--">bn:00082693v</annotation>
		<annotation source="BABELFY" anchor="temps" bfScore="0.7961585674055889" coherenceScore="0.4228571428571429">bn:00077270n</annotation>
		<annotation source="MCS" anchor="mystère" bfScore="--" coherenceScore="--">bn:00019934n</annotation>
		<annotation source="BABELFY" anchor="iniquité" bfScore="1.0" coherenceScore="0.017142857142857144">bn:01267367n</annotation>
		<annotation source="MCS" anchor="agit" bfScore="--" coherenceScore="--">bn:00082285v</annotation>
		<annotation source="BABELFY" anchor="seulement" bfScore="0.929701230228471" coherenceScore="0.13142857142857142">bn:00114626r</annotation>
		<annotation source="MCS" anchor="disparu" bfScore="--" coherenceScore="--">bn:00086600v</annotation>
		<annotation source="MCS" anchor="alors" bfScore="--" coherenceScore="--">bn:00117250r</annotation>
		<annotation source="MCS" anchor="paraîtra" bfScore="--" coherenceScore="--">bn:00082693v</annotation>
		<annotation source="BABELFY" anchor="impie" bfScore="0.8148148148148148" coherenceScore="0.25142857142857145">bn:00104667a</annotation>
		<annotation source="MCS" anchor="détruira" bfScore="--" coherenceScore="--">bn:00086699v</annotation>
		<annotation source="MCS" anchor="souffle" bfScore="--" coherenceScore="--">bn:00072884n</annotation>
		<annotation source="MCS" anchor="bouche" bfScore="--" coherenceScore="--">bn:00056135n</annotation>
		<annotation source="MCS" anchor="anéantira" bfScore="--" coherenceScore="--">bn:00082634v</annotation>
		<annotation source="MCS" anchor="éclat" bfScore="--" coherenceScore="--">bn:00013132n</annotation>
		<annotation source="MCS" anchor="apparition" bfScore="--" coherenceScore="--">bn:00005014n</annotation>
		<annotation source="MCS" anchor="fera" bfScore="--" coherenceScore="--">bn:00087107v</annotation>
		<annotation source="MCS" anchor="puissance" bfScore="--" coherenceScore="--">bn:00030160n</annotation>
		<annotation source="BABELFY" anchor="Satan" bfScore="0.8298871129987705" coherenceScore="0.37714285714285717">bn:00009586n</annotation>
		<annotation source="MCS" anchor="sortes" bfScore="--" coherenceScore="--">bn:01038368n</annotation>
		<annotation source="MCS" anchor="miracles" bfScore="--" coherenceScore="--">bn:00055251n</annotation>
		<annotation source="MCS" anchor="signes" bfScore="--" coherenceScore="--">bn:00053450n</annotation>
		<annotation source="MCS" anchor="prodiges" bfScore="--" coherenceScore="--">bn:00018357n</annotation>
		<annotation source="BABELFY" anchor="mensongers" bfScore="1.0" coherenceScore="0.02857142857142857">bn:00106593a</annotation>
		<annotation source="MCS" anchor="séductions" bfScore="--" coherenceScore="--">bn:00070247n</annotation>
		<annotation source="MCS" anchor="périssent" bfScore="--" coherenceScore="--">bn:00086783v</annotation>
		<annotation source="MCS" anchor="ont" bfScore="--" coherenceScore="--">bn:00088733v</annotation>
		<annotation source="MCS" anchor="reçu" bfScore="--" coherenceScore="--">bn:00089246v</annotation>
		<annotation source="BABELFY" anchor="amour" bfScore="0.8086311065078543" coherenceScore="0.56">bn:00052121n</annotation>
		<annotation source="BABELFY" anchor="vérité" bfScore="0.9296114728909051" coherenceScore="0.44">bn:00072816n</annotation>
		<annotation source="MCS" anchor="être" bfScore="--" coherenceScore="--">bn:00083187v</annotation>
		<annotation source="MCS" anchor="sauvés" bfScore="--" coherenceScore="--">bn:00086533v</annotation>
		<annotation source="MCS" anchor="Aussi" bfScore="--" coherenceScore="--">bn:00114246r</annotation>
		<annotation source="MCS" anchor="envoie" bfScore="--" coherenceScore="--">bn:00093485v</annotation>
		<annotation source="BABELFY" anchor="égarement" bfScore="1.0" coherenceScore="0.005714285714285714">bn:03198251n</annotation>
		<annotation source="MCS" anchor="croient" bfScore="--" coherenceScore="--">bn:00083369v</annotation>
		<annotation source="MCS" anchor="mensonge" bfScore="--" coherenceScore="--">bn:00032874n</annotation>
		<annotation source="MCS" anchor="cru" bfScore="--" coherenceScore="--">bn:00083369v</annotation>
		<annotation source="MCS" anchor="pris" bfScore="--" coherenceScore="--">bn:00088762v</annotation>
		<annotation source="MCS" anchor="plaisir" bfScore="--" coherenceScore="--">bn:00062972n</annotation>
		<annotation source="MCS" anchor="injustice" bfScore="--" coherenceScore="--">bn:00046589n</annotation>
		<annotation source="MCS" anchor="soient" bfScore="--" coherenceScore="--">bn:00083187v</annotation>
		<annotation source="BABELFY" anchor="condamnés" bfScore="0.7119047619047619" coherenceScore="0.13142857142857142">bn:00085548v</annotation>
		<annotation source="BABELFY" anchor="bien-aimés" bfScore="1.0" coherenceScore="0.02857142857142857">bn:00098224a</annotation>
		<annotation source="MCS" anchor="devons" bfScore="--" coherenceScore="--">bn:00091360v</annotation>
		<annotation source="MCS" anchor="sujet" bfScore="--" coherenceScore="--">bn:00022157n</annotation>
		<annotation source="MCS" anchor="rendre" bfScore="--" coherenceScore="--">bn:00092791v</annotation>
		<annotation source="MCS" anchor="continuellement" bfScore="--" coherenceScore="--">bn:00114838r</annotation>
		<annotation source="MCS" anchor="grâces" bfScore="--" coherenceScore="--">bn:00041227n</annotation>
		<annotation source="MCS" anchor="choisis" bfScore="--" coherenceScore="--">bn:00084931v</annotation>
		<annotation source="MCS" anchor="salut" bfScore="--" coherenceScore="--">bn:00066712n</annotation>
		<annotation source="BABELFY" anchor="sanctification" bfScore="0.7690839694656488" coherenceScore="0.17714285714285713">bn:17234447n</annotation>
		<annotation source="MCS" anchor="Esprit" bfScore="--" coherenceScore="--">bn:00012681n</annotation>
		<annotation source="BABELFY" anchor="foi" bfScore="0.827698344155498" coherenceScore="0.8514285714285714">bn:00032768n</annotation>
		<annotation source="MCS" anchor="est" bfScore="--" coherenceScore="--">bn:00083187v</annotation>
		<annotation source="MCS" anchor="appelés" bfScore="--" coherenceScore="--">bn:00084386v</annotation>
		<annotation source="BABELFY" anchor="Évangile" bfScore="0.7377138202552267" coherenceScore="0.37142857142857144">bn:00031976n</annotation>
		<annotation source="MCS" anchor="possédiez" bfScore="--" coherenceScore="--">bn:00089241v</annotation>
		<annotation source="MCS" anchor="gloire" bfScore="--" coherenceScore="--">bn:00016991n</annotation>
		<annotation source="MCS" anchor="Ainsi" bfScore="--" coherenceScore="--">bn:00117048r</annotation>
		<annotation source="MCS" anchor="donc" bfScore="--" coherenceScore="--">bn:00115635r</annotation>
		<annotation source="MCS" anchor="demeurez" bfScore="--" coherenceScore="--">bn:00082138v</annotation>
		<annotation source="MCS" anchor="fermes" bfScore="--" coherenceScore="--">bn:00112382a</annotation>
		<annotation source="MCS" anchor="retenez" bfScore="--" coherenceScore="--">bn:00089400v</annotation>
		<annotation source="MCS" anchor="instructions" bfScore="--" coherenceScore="--">bn:00020945n</annotation>
		<annotation source="MCS" anchor="avez" bfScore="--" coherenceScore="--">bn:00088733v</annotation>
		<annotation source="MCS" anchor="reçues" bfScore="--" coherenceScore="--">bn:00089246v</annotation>
		<annotation source="MCS" anchor="Père" bfScore="--" coherenceScore="--">bn:00009616n</annotation>
		<annotation source="MCS" anchor="aimés" bfScore="--" coherenceScore="--">bn:00090504v</annotation>
		<annotation source="MCS" anchor="donné" bfScore="--" coherenceScore="--">bn:00088815v</annotation>
		<annotation source="MCS" anchor="grâce" bfScore="--" coherenceScore="--">bn:00041227n</annotation>
		<annotation source="BABELFY" anchor="consolation" bfScore="0.9763421292083713" coherenceScore="0.1657142857142857">bn:00022000n</annotation>
		<annotation source="MCS" anchor="éternelle" bfScore="--" coherenceScore="--">bn:00096562a</annotation>
		<annotation source="MCS" anchor="bonne" bfScore="--" coherenceScore="--">bn:00103672a</annotation>
		<annotation source="MCS" anchor="espérance" bfScore="--" coherenceScore="--">bn:00044740n</annotation>
		<annotation source="BABELFY" anchor="consolent" bfScore="1.0" coherenceScore="0.08">bn:00085398v</annotation>
		<annotation source="MCS" anchor="coeurs" bfScore="--" coherenceScore="--">bn:00043383n</annotation>
		<annotation source="MCS" anchor="affermissent" bfScore="--" coherenceScore="--">bn:00083317v</annotation>
		<annotation source="BABELFY" anchor="oeuvre" bfScore="0.9330998248686515" coherenceScore="0.6342857142857142">bn:00017339n</annotation>
	</annotations>
</paragraph>
<paragraph id="p.3">
	<text>
		Au reste , frères , priez pour nous , afin que la parole du Seigneur se répande et soit glorifiée comme elle l ` est chez - vous ,
		et afin que nous soyons délivrés des hommes méchants et pervers ; car tous n ` ont pas la foi .
		Le Seigneur est fidèle , il vous affermira et vous préservera du malin .
		Nous avons à votre égard cette confiance dans le Seigneur que vous faites et que vous ferez les choses que nous recommandons .
		Que le Seigneur dirige vos coeurs vers l ` amour de Dieu et vers la patience de Christ !
		nous vous recommandons , frères , au nom de notre Seigneur Jésus Christ , de vous éloigner de tout frère qui vit dans le désordre , et non selon les instructions que vous avez reçues de nous .
		Vous savez vous - mêmes comment il faut nous imiter , car nous n ` avons pas vécu parmi vous dans le désordre .
		Nous n ` avons mangé gratuitement le pain de personne ; mais , dans le travail et dans la peine , nous avons été nuit et jour à l ` oeuvre , pour n ` être à charge à aucun de vous .
		Ce n ` est pas que nous n ` en eussions le droit , mais nous avons voulu vous donner en nous - mêmes un modèle à imiter .
		Car , lorsque nous étions chez vous , nous vous disions expressément : Si quelqu ` un ne veut pas travailler , qu ` il ne mange pas non plus .
		Nous apprenons , cependant , qu ` il y en a parmi vous quelques - uns qui vivent dans le désordre , qui ne travaillent pas , mais qui s ` occupent de futilités .
		Nous invitons ces gens - là , et nous les exhortons par le Seigneur Jésus Christ , à manger leur propre pain , en travaillant paisiblement .
		Pour vous , frères , ne vous lassez pas de faire le bien .
		Et si quelqu ` un n ` obéit pas à ce que nous disons par cette lettre , notez - le , et n ` ayez point de communication avec lui , afin qu ` il éprouve de la honte .
		Ne le regardez pas comme un ennemi , mais avertissez - le comme un frère .
		Que le Seigneur de la paix vous donne lui - même le paix en tout temps , de toute manière ! Que le Seigneur soit avec vous tous !
		Je vous salue , moi Paul , de ma propre main . C ` est là ma signature dans toutes mes lettres ; c ` est ainsi que j ` écris .
		Que la grâce de notre Seigneur Jésus Christ soit avec vous tous !
	</text>
	<annotations>
		<annotation source="MCS" anchor="reste" bfScore="--" coherenceScore="--">bn:00008047n</annotation>
		<annotation source="MCS" anchor="frères" bfScore="--" coherenceScore="--">bn:00011357n</annotation>
		<annotation source="MCS" anchor="priez" bfScore="--" coherenceScore="--">bn:00091921v</annotation>
		<annotation source="BABELFY" anchor="parole" bfScore="0.733044733044733" coherenceScore="0.36129032258064514">bn:00049911n</annotation>
		<annotation source="MCS" anchor="Seigneur" bfScore="--" coherenceScore="--">bn:00070296n</annotation>
		<annotation source="BABELFY" anchor="répande" bfScore="0.7571095571095571" coherenceScore="0.1870967741935484">bn:00084556v</annotation>
		<annotation source="MCS" anchor="soit" bfScore="--" coherenceScore="--">bn:00083187v</annotation>
		<annotation source="MCS" anchor="glorifiée" bfScore="--" coherenceScore="--">bn:00088895v</annotation>
		<annotation source="MCS" anchor="est" bfScore="--" coherenceScore="--">bn:00083187v</annotation>
		<annotation source="MCS" anchor="soyons" bfScore="--" coherenceScore="--">bn:00083187v</annotation>
		<annotation source="MCS" anchor="délivrés" bfScore="--" coherenceScore="--">bn:00084099v</annotation>
		<annotation source="MCS" anchor="hommes" bfScore="--" coherenceScore="--">bn:00044576n</annotation>
		<annotation source="MCS" anchor="méchants" bfScore="--" coherenceScore="--">bn:00113857a</annotation>
		<annotation source="MCS" anchor="ont" bfScore="--" coherenceScore="--">bn:00088733v</annotation>
		<annotation source="BABELFY" anchor="foi" bfScore="0.8684224327820705" coherenceScore="0.8580645161290322">bn:00032768n</annotation>
		<annotation source="MCS" anchor="fidèle" bfScore="--" coherenceScore="--">bn:00102728a</annotation>
		<annotation source="MCS" anchor="affermira" bfScore="--" coherenceScore="--">bn:00083317v</annotation>
		<annotation source="MCS" anchor="préservera" bfScore="--" coherenceScore="--">bn:00083242v</annotation>
		<annotation source="MCS" anchor="avons" bfScore="--" coherenceScore="--">bn:00088733v</annotation>
		<annotation source="MCS" anchor="égard" bfScore="--" coherenceScore="--">bn:00066865n</annotation>
		<annotation source="MCS" anchor="confiance" bfScore="--" coherenceScore="--">bn:00006565n</annotation>
		<annotation source="MCS" anchor="faites" bfScore="--" coherenceScore="--">bn:00087107v</annotation>
		<annotation source="MCS" anchor="ferez" bfScore="--" coherenceScore="--">bn:00087107v</annotation>
		<annotation source="MCS" anchor="choses" bfScore="--" coherenceScore="--">bn:00076925n</annotation>
		<annotation source="MCS" anchor="recommandons" bfScore="--" coherenceScore="--">bn:00082418v</annotation>
		<annotation source="MCS" anchor="dirige" bfScore="--" coherenceScore="--">bn:00089113v</annotation>
		<annotation source="MCS" anchor="coeurs" bfScore="--" coherenceScore="--">bn:00043383n</annotation>
		<annotation source="BABELFY" anchor="amour" bfScore="0.7965730951512942" coherenceScore="0.6129032258064516">bn:00052121n</annotation>
		<annotation source="BABELFY" anchor="amour de Dieu" bfScore="1.0" coherenceScore="0.10967741935483871">bn:02941147n</annotation>
		<annotation source="BABELFY" anchor="Dieu" bfScore="0.824214584529571" coherenceScore="0.8258064516129032">bn:00040878n</annotation>
		<annotation source="MCS" anchor="patience" bfScore="--" coherenceScore="--">bn:00035762n</annotation>
		<annotation source="BABELFY" anchor="Christ" bfScore="0.9962977755929704" coherenceScore="0.7677419354838709">bn:00018805n</annotation>
		<annotation source="MCS" anchor="nom" bfScore="--" coherenceScore="--">bn:00056758n</annotation>
		<annotation source="BABELFY" anchor="Jésus" bfScore="0.9130742049469964" coherenceScore="0.7677419354838709">bn:00018805n</annotation>
		<annotation source="BABELFY" anchor="Jésus Christ" bfScore="1.0" coherenceScore="0.7741935483870968">bn:00018805n</annotation>
		<annotation source="BABELFY" anchor="éloigner" bfScore="0.8181818181818182" coherenceScore="0.17419354838709677">bn:00082131v</annotation>
		<annotation source="MCS" anchor="frère" bfScore="--" coherenceScore="--">bn:00011357n</annotation>
		<annotation source="MCS" anchor="vit" bfScore="--" coherenceScore="--">bn:00087617v</annotation>
		<annotation source="MCS" anchor="désordre" bfScore="--" coherenceScore="--">bn:00054516n</annotation>
		<annotation source="MCS" anchor="non" bfScore="--" coherenceScore="--">bn:00116350r</annotation>
		<annotation source="MCS" anchor="instructions" bfScore="--" coherenceScore="--">bn:00020945n</annotation>
		<annotation source="MCS" anchor="avez" bfScore="--" coherenceScore="--">bn:00088733v</annotation>
		<annotation source="MCS" anchor="reçues" bfScore="--" coherenceScore="--">bn:00089246v</annotation>
		<annotation source="MCS" anchor="savez" bfScore="--" coherenceScore="--">bn:00090142v</annotation>
		<annotation source="MCS" anchor="comment" bfScore="--" coherenceScore="--">bn:13703917r</annotation>
		<annotation source="BABELFY" anchor="imiter" bfScore="0.7892659826361483" coherenceScore="0.16129032258064516">bn:00085805v</annotation>
		<annotation source="MCS" anchor="vécu" bfScore="--" coherenceScore="--">bn:00087617v</annotation>
		<annotation source="MCS" anchor="mangé" bfScore="--" coherenceScore="--">bn:00087461v</annotation>
		<annotation source="BABELFY" anchor="gratuitement" bfScore="0.9" coherenceScore="0.01935483870967742">bn:00115548r</annotation>
		<annotation source="BABELFY" anchor="pain" bfScore="0.8353815375821664" coherenceScore="0.23870967741935484">bn:00012873n</annotation>
		<annotation source="BABELFY" anchor="personne" bfScore="0.9944740693390751" coherenceScore="0.8193548387096774">bn:00046516n</annotation>
		<annotation source="MCS" anchor="travail" bfScore="--" coherenceScore="--">bn:00049571n</annotation>
		<annotation source="MCS" anchor="peine" bfScore="--" coherenceScore="--">bn:00041784n</annotation>
		<annotation source="MCS" anchor="été" bfScore="--" coherenceScore="--">bn:00083187v</annotation>
		<annotation source="MCS" anchor="nuit" bfScore="--" coherenceScore="--">bn:00025236n</annotation>
		<annotation source="BABELFY" anchor="nuit et jour" bfScore="1.0" coherenceScore="0.08387096774193549">bn:03613072n</annotation>
		<annotation source="MCS" anchor="jour" bfScore="--" coherenceScore="--">bn:00000086n</annotation>
		<annotation source="MCS" anchor="oeuvre" bfScore="--" coherenceScore="--">bn:00011767n</annotation>
		<annotation source="MCS" anchor="être" bfScore="--" coherenceScore="--">bn:00083187v</annotation>
		<annotation source="MCS" anchor="charge" bfScore="--" coherenceScore="--">bn:00013941n</annotation>
		<annotation source="MCS" anchor="eussions" bfScore="--" coherenceScore="--">bn:00088733v</annotation>
		<annotation source="MCS" anchor="droit" bfScore="--" coherenceScore="--">bn:00067807n</annotation>
		<annotation source="MCS" anchor="voulu" bfScore="--" coherenceScore="--">bn:00086682v</annotation>
		<annotation source="MCS" anchor="donner" bfScore="--" coherenceScore="--">bn:00088815v</annotation>
		<annotation source="MCS" anchor="modèle" bfScore="--" coherenceScore="--">bn:00036197n</annotation>
		<annotation source="MCS" anchor="étions" bfScore="--" coherenceScore="--">bn:00083187v</annotation>
		<annotation source="MCS" anchor="disions" bfScore="--" coherenceScore="--">bn:00093287v</annotation>
		<annotation source="BABELFY" anchor="expressément" bfScore="1.0" coherenceScore="0.14838709677419354">bn:00114152r</annotation>
		<annotation source="BABELFY" anchor="Si" bfScore="1.0" coherenceScore="0.025806451612903226">bn:00117043r</annotation>
		<annotation source="MCS" anchor="veut" bfScore="--" coherenceScore="--">bn:00086682v</annotation>
		<annotation source="MCS" anchor="travailler" bfScore="--" coherenceScore="--">bn:00095812v</annotation>
		<annotation source="MCS" anchor="mange" bfScore="--" coherenceScore="--">bn:00087461v</annotation>
		<annotation source="BABELFY" anchor="non plus" bfScore="1.0" coherenceScore="0.04516129032258064">bn:00115184r</annotation>
		<annotation source="MCS" anchor="plus" bfScore="--" coherenceScore="--">bn:00115880r</annotation>
		<annotation source="MCS" anchor="apprenons" bfScore="--" coherenceScore="--">bn:00082281v</annotation>
		<annotation source="MCS" anchor="cependant" bfScore="--" coherenceScore="--">bn:00115696r</annotation>
		<annotation source="MCS" anchor="vivent" bfScore="--" coherenceScore="--">bn:00087617v</annotation>
		<annotation source="MCS" anchor="travaillent" bfScore="--" coherenceScore="--">bn:00095812v</annotation>
		<annotation source="MCS" anchor="occupent" bfScore="--" coherenceScore="--">bn:00090437v</annotation>
		<annotation source="BABELFY" anchor="futilités" bfScore="0.8448275862068966" coherenceScore="0.04516129032258064">bn:00036938n</annotation>
		<annotation source="MCS" anchor="invitons" bfScore="--" coherenceScore="--">bn:00084416v</annotation>
		<annotation source="BABELFY" anchor="exhortons" bfScore="0.8825065274151436" coherenceScore="0.08387096774193549">bn:00087843v</annotation>
		<annotation source="MCS" anchor="manger" bfScore="--" coherenceScore="--">bn:00087461v</annotation>
		<annotation source="MCS" anchor="propre" bfScore="--" coherenceScore="--">bn:00099776a</annotation>
		<annotation source="MCS" anchor="travaillant" bfScore="--" coherenceScore="--">bn:00095812v</annotation>
		<annotation source="MCS" anchor="paisiblement" bfScore="--" coherenceScore="--">bn:00114661r</annotation>
		<annotation source="MCS" anchor="lassez" bfScore="--" coherenceScore="--">bn:00092683v</annotation>
		<annotation source="MCS" anchor="faire" bfScore="--" coherenceScore="--">bn:00087107v</annotation>
		<annotation source="MCS" anchor="bien" bfScore="--" coherenceScore="--">bn:00041061n</annotation>
		<annotation source="BABELFY" anchor="si" bfScore="1.0" coherenceScore="0.025806451612903226">bn:00117043r</annotation>
		<annotation source="MCS" anchor="obéit" bfScore="--" coherenceScore="--">bn:00091112v</annotation>
		<annotation source="MCS" anchor="disons" bfScore="--" coherenceScore="--">bn:00093287v</annotation>
		<annotation source="MCS" anchor="lettre" bfScore="--" coherenceScore="--">bn:00050802n</annotation>
		<annotation source="MCS" anchor="notez" bfScore="--" coherenceScore="--">bn:00089002v</annotation>
		<annotation source="MCS" anchor="ayez" bfScore="--" coherenceScore="--">bn:00088733v</annotation>
		<annotation source="BABELFY" anchor="communication" bfScore="0.7938834600072385" coherenceScore="0.5290322580645161">bn:00021221n</annotation>
		<annotation source="MCS" anchor="éprouve" bfScore="--" coherenceScore="--">bn:00087864v</annotation>
		<annotation source="MCS" anchor="honte" bfScore="--" coherenceScore="--">bn:00027566n</annotation>
		<annotation source="MCS" anchor="regardez" bfScore="--" coherenceScore="--">bn:00084662v</annotation>
		<annotation source="MCS" anchor="comme" bfScore="--" coherenceScore="--">bn:00114354r</annotation>
		<annotation source="MCS" anchor="comme un" bfScore="--" coherenceScore="--">bn:13612827r</annotation>
		<annotation source="MCS" anchor="ennemi" bfScore="--" coherenceScore="--">bn:00030814n</annotation>
		<annotation source="MCS" anchor="avertissez" bfScore="--" coherenceScore="--">bn:00095642v</annotation>
		<annotation source="MCS" anchor="paix" bfScore="--" coherenceScore="--">bn:00061149n</annotation>
		<annotation source="MCS" anchor="donne" bfScore="--" coherenceScore="--">bn:00088815v</annotation>
		<annotation source="MCS" anchor="temps" bfScore="--" coherenceScore="--">bn:00077270n</annotation>
		<annotation source="MCS" anchor="manière" bfScore="--" coherenceScore="--">bn:00053238n</annotation>
		<annotation source="BABELFY" anchor="tous" bfScore="1.0" coherenceScore="0.0064516129032258064">bn:00002165n</annotation>
		<annotation source="MCS" anchor="salue" bfScore="--" coherenceScore="--">bn:00082703v</annotation>
		<annotation source="BABELFY" anchor="Paul" bfScore="0.9208992506244796" coherenceScore="0.36129032258064514">bn:00004984n</annotation>
		<annotation source="MCS" anchor="main" bfScore="--" coherenceScore="--">bn:00042759n</annotation>
		<annotation source="BABELFY" anchor="là" bfScore="0.782608695652174" coherenceScore="0.03870967741935484">bn:00114427r</annotation>
		<annotation source="MCS" anchor="signature" bfScore="--" coherenceScore="--">bn:00071547n</annotation>
		<annotation source="MCS" anchor="lettres" bfScore="--" coherenceScore="--">bn:00050802n</annotation>
		<annotation source="MCS" anchor="ainsi" bfScore="--" coherenceScore="--">bn:00117048r</annotation>
		<annotation source="BABELFY" anchor="ainsi que" bfScore="1.0" coherenceScore="0.03225806451612903">bn:00114246r</annotation>
		<annotation source="MCS" anchor="écris" bfScore="--" coherenceScore="--">bn:00092123v</annotation>
		<annotation source="MCS" anchor="grâce" bfScore="--" coherenceScore="--">bn:00041227n</annotation>
	</annotations>
</paragraph>
</dataset>
