<?xml version="1.0" encoding="utf-8"?>
<dataset language="FR" title="HAG">
<paragraph id="p.1">
	<text>
		La seconde année du roi Darius , le premier jour du sixième mois , la parole de l ` Éternel fut adressée par Aggée , le prophète , à Zorobabel , fils de Schealthiel , gouverneur de Juda , et à Josué , fils de Jotsadak , le souverain sacrificateur , en ces mots :
		Ainsi parle l ` Éternel des armées : Ce peuple dit : Le temps n ` est pas venu , le temps de rebâtir la maison de l ` Éternel .
		C ` est pourquoi la parole de l ` Éternel leur fut adressée par Aggée , le prophète , en ces mots :
		Est - ce le temps pour vous d ` habiter vos demeures lambrissées , Quand cette maison est détruite ?
		Ainsi parle maintenant l ` Éternel des armées : Considérez attentivement vos voies !
		Vous semez beaucoup , et vous recueillez peu , Vous mangez , et vous n ` êtes pas rassasiés , Vous buvez , et vous n ` êtes pas désaltérés , Vous êtes vêtus , et vous n ` avez pas chaud ; Le salaire de celui qui est à gages tombe dans un sac percé .
		Ainsi parle l ` Éternel des armées : Considérez attentivement vos voies !
		Montez sur la montagne , apportez du bois , Et bâtissez la maison : J ` en aurai de la joie , et je serai glorifié , Dit l ` Éternel .
		Vous comptiez sur beaucoup , et voici , vous avez eu peu ; Vous l ` avez rentré chez vous , mais j ` ai soufflé dessus . Pourquoi ? dit l ` Éternel des armées . A cause de ma maison , qui est détruite , Tandis que vous vous empressez chacun pour sa maison .
		C ` est pourquoi les cieux vous ont refusé la rosée , Et la terre a refusé ses produits .
		J ` ai appelé la sécheresse sur le pays , sur les montagnes , Sur le blé , sur le moût , sur l ` huile , Sur ce que la terre peut rapporter , Sur les hommes et sur les bêtes , Et sur tout le travail des mains .
		Zorobabel , fils de Schealthiel , Josué , fils de Jotsadak , le souverain sacrificateur , et tout le reste du peuple , entendirent la voix de l ` Éternel , leur Dieu , et les paroles d ` Aggée , le prophète , selon la mission que lui avait donnée l ` Éternel , leur Dieu . Et le peuple fut saisi de crainte devant l ` Éternel .
		Aggée , envoyé de l ` Éternel , dit au peuple , d ` après l ` ordre de l ` Éternel : Je suis avec vous , dit l ` Éternel .
		L ` Éternel réveilla l ` esprit de Zorobabel , fils de Schealthiel , gouverneur de Juda , et l ` esprit de Josué , fils de Jotsadak , le souverain sacrificateur , et l ` esprit de tout le reste du peuple . Ils vinrent , et ils se mirent à l ` oeuvre dans la maison de l ` Éternel des armées , leur Dieu ,
		le vingt - quatrième jour du sixième mois , la seconde année du roi Darius .
	</text>
	<annotations>
		<annotation source="MCS" anchor="année" bfScore="--" coherenceScore="--">bn:00006662n</annotation>
		<annotation source="MCS" anchor="roi" bfScore="--" coherenceScore="--">bn:00049141n</annotation>
		<annotation source="BABELFY" anchor="Darius" bfScore="0.9236641221374046" coherenceScore="0.054187192118226604">bn:14338236n</annotation>
		<annotation source="MCS" anchor="jour" bfScore="--" coherenceScore="--">bn:00000086n</annotation>
		<annotation source="MCS" anchor="mois" bfScore="--" coherenceScore="--">bn:00014710n</annotation>
		<annotation source="MCS" anchor="parole" bfScore="--" coherenceScore="--">bn:00049911n</annotation>
		<annotation source="MCS" anchor="Éternel" bfScore="--" coherenceScore="--">bn:00032037n</annotation>
		<annotation source="MCS" anchor="fut" bfScore="--" coherenceScore="--">bn:00083187v</annotation>
		<annotation source="MCS" anchor="adressée" bfScore="--" coherenceScore="--">bn:00082493v</annotation>
		<annotation source="MCS" anchor="prophète" bfScore="--" coherenceScore="--">bn:00064759n</annotation>
		<annotation source="BABELFY" anchor="Zorobabel" bfScore="1.0" coherenceScore="0.17733990147783252">bn:03546304n</annotation>
		<annotation source="BABELFY" anchor="fils de" bfScore="1.0" coherenceScore="0.0049261083743842365">bn:15806605n</annotation>
		<annotation source="MCS" anchor="gouverneur" bfScore="--" coherenceScore="--">bn:00041204n</annotation>
		<annotation source="MCS" anchor="souverain" bfScore="--" coherenceScore="--">bn:00101689a</annotation>
		<annotation source="BABELFY" anchor="souverain sacrificateur" bfScore="1.0" coherenceScore="0.1330049261083744">bn:14680013n</annotation>
		<annotation source="BABELFY" anchor="sacrificateur" bfScore="1.0" coherenceScore="0.21182266009852216">bn:00068756n</annotation>
		<annotation source="BABELFY" anchor="mots" bfScore="0.7596843380595304" coherenceScore="0.5714285714285714">bn:00081546n</annotation>
		<annotation source="MCS" anchor="parle" bfScore="--" coherenceScore="--">bn:00094090v</annotation>
		<annotation source="MCS" anchor="armées" bfScore="--" coherenceScore="--">bn:00005803n</annotation>
		<annotation source="MCS" anchor="peuple" bfScore="--" coherenceScore="--">bn:00019283n</annotation>
		<annotation source="MCS" anchor="dit" bfScore="--" coherenceScore="--">bn:00093287v</annotation>
		<annotation source="BABELFY" anchor="temps" bfScore="0.8233552830302664" coherenceScore="0.5812807881773399">bn:00077270n</annotation>
		<annotation source="MCS" anchor="est" bfScore="--" coherenceScore="--">bn:00083187v</annotation>
		<annotation source="MCS" anchor="venu" bfScore="--" coherenceScore="--">bn:00085322v</annotation>
		<annotation source="MCS" anchor="maison" bfScore="--" coherenceScore="--">bn:00044994n</annotation>
		<annotation source="BABELFY" anchor="pourquoi" bfScore="1.0" coherenceScore="0.0049261083743842365">bn:00114822r</annotation>
		<annotation source="MCS" anchor="Est" bfScore="--" coherenceScore="--">bn:00083187v</annotation>
		<annotation source="MCS" anchor="habiter" bfScore="--" coherenceScore="--">bn:00087441v</annotation>
		<annotation source="MCS" anchor="demeures" bfScore="--" coherenceScore="--">bn:00000356n</annotation>
		<annotation source="MCS" anchor="détruite" bfScore="--" coherenceScore="--">bn:00086699v</annotation>
		<annotation source="MCS" anchor="Ainsi" bfScore="--" coherenceScore="--">bn:00117048r</annotation>
		<annotation source="MCS" anchor="maintenant" bfScore="--" coherenceScore="--">bn:00114424r</annotation>
		<annotation source="MCS" anchor="Considérez" bfScore="--" coherenceScore="--">bn:00085650v</annotation>
		<annotation source="MCS" anchor="attentivement" bfScore="--" coherenceScore="--">bn:00114437r</annotation>
		<annotation source="MCS" anchor="voies" bfScore="--" coherenceScore="--">bn:00077838n</annotation>
		<annotation source="BABELFY" anchor="semez" bfScore="0.7864768683274022" coherenceScore="0.06403940886699508">bn:00093447v</annotation>
		<annotation source="MCS" anchor="beaucoup" bfScore="--" coherenceScore="--">bn:00114047r</annotation>
		<annotation source="MCS" anchor="recueillez" bfScore="--" coherenceScore="--">bn:00082405v</annotation>
		<annotation source="MCS" anchor="peu" bfScore="--" coherenceScore="--">bn:00114044r</annotation>
		<annotation source="MCS" anchor="mangez" bfScore="--" coherenceScore="--">bn:00087461v</annotation>
		<annotation source="MCS" anchor="êtes" bfScore="--" coherenceScore="--">bn:00083187v</annotation>
		<annotation source="BABELFY" anchor="rassasiés" bfScore="1.0" coherenceScore="0.019704433497536946">bn:00088182v</annotation>
		<annotation source="MCS" anchor="buvez" bfScore="--" coherenceScore="--">bn:00087321v</annotation>
		<annotation source="MCS" anchor="désaltérés" bfScore="--" coherenceScore="--">bn:13603495v</annotation>
		<annotation source="BABELFY" anchor="vêtus" bfScore="0.9922737306843267" coherenceScore="0.14285714285714285">bn:00082388v</annotation>
		<annotation source="MCS" anchor="avez" bfScore="--" coherenceScore="--">bn:00088733v</annotation>
		<annotation source="MCS" anchor="chaud" bfScore="--" coherenceScore="--">bn:00104348a</annotation>
		<annotation source="BABELFY" anchor="salaire" bfScore="0.7514088916718847" coherenceScore="0.1477832512315271">bn:15928884n</annotation>
		<annotation source="MCS" anchor="gages" bfScore="--" coherenceScore="--">bn:00035885n</annotation>
		<annotation source="BABELFY" anchor="tombe" bfScore="0.7274180655475619" coherenceScore="0.1724137931034483">bn:00085396v</annotation>
		<annotation source="MCS" anchor="sac" bfScore="--" coherenceScore="--">bn:00007922n</annotation>
		<annotation source="MCS" anchor="Montez" bfScore="--" coherenceScore="--">bn:00083708v</annotation>
		<annotation source="BABELFY" anchor="montagne" bfScore="0.8555262165220672" coherenceScore="0.3103448275862069">bn:00056068n</annotation>
		<annotation source="MCS" anchor="apportez" bfScore="--" coherenceScore="--">bn:00084060v</annotation>
		<annotation source="MCS" anchor="bois" bfScore="--" coherenceScore="--">bn:00081492n</annotation>
		<annotation source="MCS" anchor="bâtissez" bfScore="--" coherenceScore="--">bn:00083152v</annotation>
		<annotation source="MCS" anchor="aurai" bfScore="--" coherenceScore="--">bn:00088733v</annotation>
		<annotation source="MCS" anchor="joie" bfScore="--" coherenceScore="--">bn:00048468n</annotation>
		<annotation source="MCS" anchor="serai" bfScore="--" coherenceScore="--">bn:00083187v</annotation>
		<annotation source="MCS" anchor="glorifié" bfScore="--" coherenceScore="--">bn:00088895v</annotation>
		<annotation source="MCS" anchor="Dit" bfScore="--" coherenceScore="--">bn:03942039n</annotation>
		<annotation source="MCS" anchor="comptiez" bfScore="--" coherenceScore="--">bn:00085859v</annotation>
		<annotation source="BABELFY" anchor="voici" bfScore="1.0" coherenceScore="0.04433497536945813">bn:00114427r</annotation>
		<annotation source="MCS" anchor="eu" bfScore="--" coherenceScore="--">bn:00088733v</annotation>
		<annotation source="MCS" anchor="rentré" bfScore="--" coherenceScore="--">bn:00086301v</annotation>
		<annotation source="MCS" anchor="ai" bfScore="--" coherenceScore="--">bn:00088733v</annotation>
		<annotation source="MCS" anchor="soufflé" bfScore="--" coherenceScore="--">bn:00083195v</annotation>
		<annotation source="BABELFY" anchor="Pourquoi" bfScore="1.0" coherenceScore="0.0049261083743842365">bn:00114822r</annotation>
		<annotation source="MCS" anchor="cause" bfScore="--" coherenceScore="--">bn:00015051n</annotation>
		<annotation source="BABELFY" anchor="Tandis" bfScore="1.0" coherenceScore="0.054187192118226604">bn:00060969n</annotation>
		<annotation source="BABELFY" anchor="Tandis que" bfScore="1.0" coherenceScore="0.054187192118226604">bn:00060969n</annotation>
		<annotation source="BABELFY" anchor="cieux" bfScore="1.0" coherenceScore="0.03940886699507389">bn:00808092n</annotation>
		<annotation source="MCS" anchor="ont" bfScore="--" coherenceScore="--">bn:00088733v</annotation>
		<annotation source="MCS" anchor="refusé" bfScore="--" coherenceScore="--">bn:00086391v</annotation>
		<annotation source="BABELFY" anchor="rosée" bfScore="0.8777089783281734" coherenceScore="0.10344827586206896">bn:00026758n</annotation>
		<annotation source="MCS" anchor="produits" bfScore="--" coherenceScore="--">bn:00054416n</annotation>
		<annotation source="MCS" anchor="appelé" bfScore="--" coherenceScore="--">bn:00084386v</annotation>
		<annotation source="BABELFY" anchor="sécheresse" bfScore="0.8444315207909276" coherenceScore="0.21674876847290642">bn:00028863n</annotation>
		<annotation source="MCS" anchor="pays" bfScore="--" coherenceScore="--">bn:00023235n</annotation>
		<annotation source="BABELFY" anchor="montagnes" bfScore="0.8269136408243376" coherenceScore="0.3103448275862069">bn:00056068n</annotation>
		<annotation source="MCS" anchor="blé" bfScore="--" coherenceScore="--">bn:00080959n</annotation>
		<annotation source="MCS" anchor="moût" bfScore="--" coherenceScore="--">bn:00056509n</annotation>
		<annotation source="MCS" anchor="huile" bfScore="--" coherenceScore="--">bn:00058732n</annotation>
		<annotation source="BABELFY" anchor="peut" bfScore="0.898876404494382" coherenceScore="0.03940886699507389">bn:00084451v</annotation>
		<annotation source="MCS" anchor="rapporter" bfScore="--" coherenceScore="--">bn:00084065v</annotation>
		<annotation source="MCS" anchor="hommes" bfScore="--" coherenceScore="--">bn:00044576n</annotation>
		<annotation source="BABELFY" anchor="bêtes" bfScore="0.9044133323857579" coherenceScore="0.6206896551724138">bn:00004222n</annotation>
		<annotation source="MCS" anchor="travail" bfScore="--" coherenceScore="--">bn:00049571n</annotation>
		<annotation source="MCS" anchor="mains" bfScore="--" coherenceScore="--">bn:00042759n</annotation>
		<annotation source="MCS" anchor="reste" bfScore="--" coherenceScore="--">bn:00008047n</annotation>
		<annotation source="MCS" anchor="entendirent" bfScore="--" coherenceScore="--">bn:00089277v</annotation>
		<annotation source="MCS" anchor="voix" bfScore="--" coherenceScore="--">bn:00062019n</annotation>
		<annotation source="MCS" anchor="paroles" bfScore="--" coherenceScore="--">bn:00049911n</annotation>
		<annotation source="MCS" anchor="mission" bfScore="--" coherenceScore="--">bn:00055325n</annotation>
		<annotation source="MCS" anchor="avait" bfScore="--" coherenceScore="--">bn:00088733v</annotation>
		<annotation source="MCS" anchor="donnée" bfScore="--" coherenceScore="--">bn:00088815v</annotation>
		<annotation source="MCS" anchor="saisi" bfScore="--" coherenceScore="--">bn:00085207v</annotation>
		<annotation source="MCS" anchor="crainte" bfScore="--" coherenceScore="--">bn:00007503n</annotation>
		<annotation source="MCS" anchor="envoyé" bfScore="--" coherenceScore="--">bn:00093485v</annotation>
		<annotation source="MCS" anchor="ordre" bfScore="--" coherenceScore="--">bn:00059303n</annotation>
		<annotation source="MCS" anchor="réveilla" bfScore="--" coherenceScore="--">bn:00082769v</annotation>
		<annotation source="MCS" anchor="esprit" bfScore="--" coherenceScore="--">bn:00012681n</annotation>
		<annotation source="MCS" anchor="vinrent" bfScore="--" coherenceScore="--">bn:00085322v</annotation>
		<annotation source="MCS" anchor="oeuvre" bfScore="--" coherenceScore="--">bn:00011767n</annotation>
		<annotation source="BABELFY" anchor="Éternel" bfScore="0.8" coherenceScore="0.019704433497536946">bn:00096562a</annotation>
		<annotation source="MCS" anchor="vingt-quatrième" bfScore="--" coherenceScore="--">bn:00095963a</annotation>
	</annotations>
</paragraph>
<paragraph id="p.2">
	<text>
		Le vingt et unième jour du septième mois , la parole de l ` Éternel se révéla par Aggée , le prophète , en ces mots :
		Parle à Zorobabel , fils de Schealthiel , gouverneur de Juda , à Josué , fils de Jotsadak , le souverain sacrificateur , et au reste du peuple , et dis - leur :
		Quel est parmi vous le survivant Qui ait vu cette maison dans sa gloire première ? Et comment la voyez - vous maintenant ? Telle qu ` elle est , ne paraît - elle pas comme rien à vos yeux ?
		Maintenant fortifie - toi , Zorobabel ! dit l ` Éternel . Fortifie - toi , Josué , fils de Jotsadak , souverain sacrificateur ! Fortifie - toi , peuple entier du pays ! dit l ` Éternel . Et travaillez ! Car je suis avec vous , Dit l ` Éternel des armées .
		Je reste fidèle à l ` alliance que j ` ai faite avec vous Quand vous sortîtes de l ` Égypte , Et mon esprit est au milieu de vous ; Ne craignez pas !
		Car ainsi parle l ` Éternel des armées : Encore un peu de temps , Et j ` ébranlerai les cieux et la terre , La mer et le sec ;
		J ` ébranlerai toutes les nations ; Les trésors de toutes les nations viendront , Et je remplirai de gloire cette maison , Dit l ` Éternel des armées .
		L ` argent est à moi , et l ` or est à moi , Dit l ` Éternel des armées .
		La gloire de cette dernière maison sera plus grande Que celle de la première , Dit l ` Éternel des armées ; Et c ` est dans ce lieu que je donnerai la paix , Dit l ` Éternel des armées .
		le vingt - quatrième jour du neuvième mois , la seconde année de Darius , la parole de l ` Éternel se révéla par Aggée , le prophète , en ces mots :
		Ainsi parle l ` Éternel des armées : Propose aux sacrificateurs cette question sur la loi :
		Si quelqu ` un porte dans le pan de son vêtement de la chair consacrée , et qu ` il touche avec son vêtement du pain , des mets , du vin , de l ` huile , ou un aliment quelconque , ces choses seront - elles sanctifiées ? Les sacrificateurs répondirent : Non !
		Et Aggée dit : Si quelqu ` un souillé par le contact d ` un cadavre touche toutes ces choses , seront - elles souillées ? Les sacrificateurs répondirent : Elles seront souillées .
		Alors Aggée , reprenant la parole , dit : Tel est ce peuple , telle est cette nation devant moi , dit l ` Éternel , Telles sont toutes les oeuvres de leurs mains ; Ce qu ` ils m ` offrent là est souillé .
		Considérez donc attentivement Ce qui s ` est passé jusqu ` à ce jour , Avant qu ` on eût mis pierre sur pierre au temple de l ` Éternel !
		Alors , quand on venait à un tas de vingt mesures , Il n ` y en avait que dix ; Quand on venait à la cuve pour puiser cinquante mesures , Il n ` y en avait que vingt .
		Je vous ai frappés par la rouille et par la nielle , et par la grêle ; J ` ai frappé tout le travail de vos mains . Malgré cela , vous n ` êtes pas revenus à moi , dit l ` Éternel .
		Considérez attentivement Ce qui s ` est passé jusqu ` à ce jour , Jusqu ` au vingt - quatrième jour du neuvième mois , Depuis le jour où le temple de l ` Éternel a été fondé , Considérez - le attentivement !
		Y avait - il encore de la semence dans les greniers ? Même la vigne , le figuier , le grenadier et l ` olivier , N ` ont rien rapporté . Mais dès ce jour je répandrai ma bénédiction .
		La parole de l ` Éternel fut adressée pour la seconde fois à Aggée , le vingt - quatrième jour du mois , en ces mots :
		Parle à Zorobabel , gouverneur de Juda , et dis : J ` ébranlerai les cieux et la terre ;
		Je renverserai le trône des royaumes , Je détruirai la force des royaumes des nations , Je renverserai les chars et ceux qui les montent ; Les chevaux et leurs cavaliers seront abattus , L ` un par l ` épée de l ` autre .
		En ce jour - là , dit l ` Éternel des armées , Je te prendrai , Zorobabel , fils de Schealthiel , Mon serviteur , dit l ` Éternel , Et je te garderai comme un sceau ; Car je t ` ai choisi , dit l ` Éternel des armées .
	</text>
	<annotations>
		<annotation source="MCS" anchor="jour" bfScore="--" coherenceScore="--">bn:00000086n</annotation>
		<annotation source="BABELFY" anchor="septième" bfScore="1.0" coherenceScore="0.022653721682847898">bn:00096074a</annotation>
		<annotation source="MCS" anchor="mois" bfScore="--" coherenceScore="--">bn:00014710n</annotation>
		<annotation source="MCS" anchor="parole" bfScore="--" coherenceScore="--">bn:00049911n</annotation>
		<annotation source="MCS" anchor="Éternel" bfScore="--" coherenceScore="--">bn:00032037n</annotation>
		<annotation source="MCS" anchor="révéla" bfScore="--" coherenceScore="--">bn:00084097v</annotation>
		<annotation source="MCS" anchor="prophète" bfScore="--" coherenceScore="--">bn:00064759n</annotation>
		<annotation source="BABELFY" anchor="mots" bfScore="0.879743525613333" coherenceScore="0.6601941747572816">bn:00081546n</annotation>
		<annotation source="MCS" anchor="Parle" bfScore="--" coherenceScore="--">bn:00094090v</annotation>
		<annotation source="BABELFY" anchor="Zorobabel" bfScore="1.0" coherenceScore="0.1262135922330097">bn:03546304n</annotation>
		<annotation source="BABELFY" anchor="fils de" bfScore="1.0" coherenceScore="0.003236245954692557">bn:15806605n</annotation>
		<annotation source="MCS" anchor="gouverneur" bfScore="--" coherenceScore="--">bn:00041204n</annotation>
		<annotation source="BABELFY" anchor="Josué" bfScore="0.7199749137660709" coherenceScore="0.18122977346278318">bn:00012093n</annotation>
		<annotation source="MCS" anchor="souverain" bfScore="--" coherenceScore="--">bn:00101689a</annotation>
		<annotation source="BABELFY" anchor="souverain sacrificateur" bfScore="1.0" coherenceScore="0.09061488673139159">bn:14680013n</annotation>
		<annotation source="BABELFY" anchor="sacrificateur" bfScore="1.0" coherenceScore="0.18122977346278318">bn:00068756n</annotation>
		<annotation source="MCS" anchor="reste" bfScore="--" coherenceScore="--">bn:00008047n</annotation>
		<annotation source="MCS" anchor="peuple" bfScore="--" coherenceScore="--">bn:00019283n</annotation>
		<annotation source="MCS" anchor="est" bfScore="--" coherenceScore="--">bn:00083187v</annotation>
		<annotation source="BABELFY" anchor="survivant" bfScore="0.7989038446038527" coherenceScore="0.27184466019417475">bn:00075438n</annotation>
		<annotation source="MCS" anchor="ait" bfScore="--" coherenceScore="--">bn:00088733v</annotation>
		<annotation source="MCS" anchor="vu" bfScore="--" coherenceScore="--">bn:00093430v</annotation>
		<annotation source="MCS" anchor="maison" bfScore="--" coherenceScore="--">bn:00044994n</annotation>
		<annotation source="MCS" anchor="gloire" bfScore="--" coherenceScore="--">bn:00016991n</annotation>
		<annotation source="MCS" anchor="comment" bfScore="--" coherenceScore="--">bn:13703917r</annotation>
		<annotation source="MCS" anchor="voyez" bfScore="--" coherenceScore="--">bn:00093430v</annotation>
		<annotation source="MCS" anchor="maintenant" bfScore="--" coherenceScore="--">bn:00114424r</annotation>
		<annotation source="MCS" anchor="paraît" bfScore="--" coherenceScore="--">bn:00082693v</annotation>
		<annotation source="MCS" anchor="comme" bfScore="--" coherenceScore="--">bn:00114354r</annotation>
		<annotation source="MCS" anchor="rien" bfScore="--" coherenceScore="--">bn:00116378r</annotation>
		<annotation source="BABELFY" anchor="yeux" bfScore="0.8339578129336664" coherenceScore="0.3851132686084142">bn:00032512n</annotation>
		<annotation source="MCS" anchor="Maintenant" bfScore="--" coherenceScore="--">bn:00114424r</annotation>
		<annotation source="MCS" anchor="fortifie" bfScore="--" coherenceScore="--">bn:00088505v</annotation>
		<annotation source="MCS" anchor="dit" bfScore="--" coherenceScore="--">bn:00093287v</annotation>
		<annotation source="MCS" anchor="Fortifie" bfScore="--" coherenceScore="--">bn:00088505v</annotation>
		<annotation source="MCS" anchor="entier" bfScore="--" coherenceScore="--">bn:00103393a</annotation>
		<annotation source="MCS" anchor="pays" bfScore="--" coherenceScore="--">bn:00023235n</annotation>
		<annotation source="MCS" anchor="travaillez" bfScore="--" coherenceScore="--">bn:00095812v</annotation>
		<annotation source="MCS" anchor="Dit" bfScore="--" coherenceScore="--">bn:03942039n</annotation>
		<annotation source="MCS" anchor="armées" bfScore="--" coherenceScore="--">bn:00005803n</annotation>
		<annotation source="MCS" anchor="reste" bfScore="--" coherenceScore="--">bn:00085719v</annotation>
		<annotation source="MCS" anchor="fidèle" bfScore="--" coherenceScore="--">bn:00102728a</annotation>
		<annotation source="MCS" anchor="alliance" bfScore="--" coherenceScore="--">bn:00080794n</annotation>
		<annotation source="MCS" anchor="ai" bfScore="--" coherenceScore="--">bn:00088733v</annotation>
		<annotation source="MCS" anchor="faite" bfScore="--" coherenceScore="--">bn:00087107v</annotation>
		<annotation source="MCS" anchor="sortîtes" bfScore="--" coherenceScore="--">bn:00087845v</annotation>
		<annotation source="BABELFY" anchor="Égypte" bfScore="0.9589285714285715" coherenceScore="0.5792880258899676">bn:00005255n</annotation>
		<annotation source="MCS" anchor="esprit" bfScore="--" coherenceScore="--">bn:00012681n</annotation>
		<annotation source="MCS" anchor="milieu" bfScore="--" coherenceScore="--">bn:00017123n</annotation>
		<annotation source="MCS" anchor="craignez" bfScore="--" coherenceScore="--">bn:00088065v</annotation>
		<annotation source="MCS" anchor="parle" bfScore="--" coherenceScore="--">bn:00094090v</annotation>
		<annotation source="MCS" anchor="Encore" bfScore="--" coherenceScore="--">bn:00114369r</annotation>
		<annotation source="MCS" anchor="peu" bfScore="--" coherenceScore="--">bn:00114044r</annotation>
		<annotation source="MCS" anchor="peu de temps" bfScore="--" coherenceScore="--">bn:00071254n</annotation>
		<annotation source="MCS" anchor="temps" bfScore="--" coherenceScore="--">bn:00077270n</annotation>
		<annotation source="BABELFY" anchor="ébranlerai" bfScore="0.8047445255474452" coherenceScore="0.06796116504854369">bn:00087623v</annotation>
		<annotation source="BABELFY" anchor="cieux" bfScore="1.0" coherenceScore="0.03559870550161812">bn:00808092n</annotation>
		<annotation source="BABELFY" anchor="mer" bfScore="0.9959495081545616" coherenceScore="0.47896440129449835">bn:00069946n</annotation>
		<annotation source="MCS" anchor="sec" bfScore="--" coherenceScore="--">bn:00101839a</annotation>
		<annotation source="BABELFY" anchor="nations" bfScore="0.9333094940103701" coherenceScore="0.7508090614886731">bn:00023236n</annotation>
		<annotation source="MCS" anchor="trésors" bfScore="--" coherenceScore="--">bn:00078117n</annotation>
		<annotation source="MCS" anchor="viendront" bfScore="--" coherenceScore="--">bn:00085322v</annotation>
		<annotation source="MCS" anchor="remplirai" bfScore="--" coherenceScore="--">bn:00088175v</annotation>
		<annotation source="BABELFY" anchor="argent" bfScore="0.7486307239464958" coherenceScore="0.4563106796116505">bn:00055644n</annotation>
		<annotation source="MCS" anchor="or" bfScore="--" coherenceScore="--">bn:00040921n</annotation>
		<annotation source="MCS" anchor="dernière" bfScore="--" coherenceScore="--">bn:00105773a</annotation>
		<annotation source="MCS" anchor="sera" bfScore="--" coherenceScore="--">bn:00083187v</annotation>
		<annotation source="MCS" anchor="plus" bfScore="--" coherenceScore="--">bn:00115880r</annotation>
		<annotation source="MCS" anchor="plus grande" bfScore="--" coherenceScore="--">bn:00103782a</annotation>
		<annotation source="MCS" anchor="grande" bfScore="--" coherenceScore="--">bn:00111630a</annotation>
		<annotation source="MCS" anchor="lieu" bfScore="--" coherenceScore="--">bn:00051754n</annotation>
		<annotation source="MCS" anchor="donnerai" bfScore="--" coherenceScore="--">bn:00088815v</annotation>
		<annotation source="MCS" anchor="paix" bfScore="--" coherenceScore="--">bn:00061149n</annotation>
		<annotation source="BABELFY" anchor="vingt-quatrième" bfScore="1.0" coherenceScore="0.009708737864077669">bn:00095963a</annotation>
		<annotation source="BABELFY" anchor="neuvième" bfScore="1.0" coherenceScore="0.012944983818770227">bn:00096104a</annotation>
		<annotation source="MCS" anchor="année" bfScore="--" coherenceScore="--">bn:00006662n</annotation>
		<annotation source="BABELFY" anchor="Darius" bfScore="0.8832116788321168" coherenceScore="0.03559870550161812">bn:14338236n</annotation>
		<annotation source="MCS" anchor="Propose" bfScore="--" coherenceScore="--">bn:00091079v</annotation>
		<annotation source="BABELFY" anchor="sacrificateurs" bfScore="1.0" coherenceScore="0.18122977346278318">bn:00068756n</annotation>
		<annotation source="MCS" anchor="question" bfScore="--" coherenceScore="--">bn:00047208n</annotation>
		<annotation source="MCS" anchor="loi" bfScore="--" coherenceScore="--">bn:00050249n</annotation>
		<annotation source="BABELFY" anchor="Si" bfScore="1.0" coherenceScore="0.045307443365695796">bn:00117043r</annotation>
		<annotation source="MCS" anchor="porte" bfScore="--" coherenceScore="--">bn:00028248n</annotation>
		<annotation source="MCS" anchor="pan" bfScore="--" coherenceScore="--">bn:00018424n</annotation>
		<annotation source="BABELFY" anchor="vêtement" bfScore="0.8595195770089794" coherenceScore="0.35275080906148865">bn:00006125n</annotation>
		<annotation source="MCS" anchor="chair" bfScore="--" coherenceScore="--">bn:00035182n</annotation>
		<annotation source="MCS" anchor="consacrée" bfScore="--" coherenceScore="--">bn:00085427v</annotation>
		<annotation source="MCS" anchor="touche" bfScore="--" coherenceScore="--">bn:00095040v</annotation>
		<annotation source="BABELFY" anchor="pain" bfScore="0.9649890590809628" coherenceScore="0.2815533980582524">bn:00012873n</annotation>
		<annotation source="BABELFY" anchor="mets" bfScore="1.0" coherenceScore="0.02912621359223301">bn:00027574n</annotation>
		<annotation source="BABELFY" anchor="vin" bfScore="0.9982080688101577" coherenceScore="0.313915857605178">bn:00080022n</annotation>
		<annotation source="BABELFY" anchor="huile" bfScore="0.8517110266159695" coherenceScore="0.1553398058252427">bn:00058732n</annotation>
		<annotation source="MCS" anchor="aliment" bfScore="--" coherenceScore="--">bn:00035651n</annotation>
		<annotation source="BABELFY" anchor="quelconque" bfScore="1.0" coherenceScore="0.02912621359223301">bn:00097433a</annotation>
		<annotation source="MCS" anchor="choses" bfScore="--" coherenceScore="--">bn:00076925n</annotation>
		<annotation source="MCS" anchor="seront" bfScore="--" coherenceScore="--">bn:00083187v</annotation>
		<annotation source="BABELFY" anchor="sanctifiées" bfScore="1.0" coherenceScore="0.16181229773462782">bn:00083602v</annotation>
		<annotation source="MCS" anchor="répondirent" bfScore="--" coherenceScore="--">bn:00082646v</annotation>
		<annotation source="MCS" anchor="Non" bfScore="--" coherenceScore="--">bn:00116350r</annotation>
		<annotation source="BABELFY" anchor="souillé" bfScore="1.0" coherenceScore="0.025889967637540454">bn:00083350v</annotation>
		<annotation source="MCS" anchor="contact" bfScore="--" coherenceScore="--">bn:00022112n</annotation>
		<annotation source="MCS" anchor="cadavre" bfScore="--" coherenceScore="--">bn:00014512n</annotation>
		<annotation source="BABELFY" anchor="souillées" bfScore="1.0" coherenceScore="0.025889967637540454">bn:00083350v</annotation>
		<annotation source="MCS" anchor="Alors" bfScore="--" coherenceScore="--">bn:00117250r</annotation>
		<annotation source="MCS" anchor="reprenant" bfScore="--" coherenceScore="--">bn:00092413v</annotation>
		<annotation source="BABELFY" anchor="nation" bfScore="0.933891811661214" coherenceScore="0.7508090614886731">bn:00023236n</annotation>
		<annotation source="BABELFY" anchor="Telles" bfScore="1.0" coherenceScore="0.009708737864077669">bn:01731188n</annotation>
		<annotation source="MCS" anchor="sont" bfScore="--" coherenceScore="--">bn:00083187v</annotation>
		<annotation source="MCS" anchor="oeuvres" bfScore="--" coherenceScore="--">bn:00011767n</annotation>
		<annotation source="MCS" anchor="mains" bfScore="--" coherenceScore="--">bn:00042759n</annotation>
		<annotation source="MCS" anchor="offrent" bfScore="--" coherenceScore="--">bn:00091136v</annotation>
		<annotation source="BABELFY" anchor="là" bfScore="0.7433628318584071" coherenceScore="0.04854368932038835">bn:00117260r</annotation>
		<annotation source="MCS" anchor="Considérez" bfScore="--" coherenceScore="--">bn:00085650v</annotation>
		<annotation source="MCS" anchor="donc" bfScore="--" coherenceScore="--">bn:00115635r</annotation>
		<annotation source="BABELFY" anchor="attentivement" bfScore="0.8936170212765957" coherenceScore="0.022653721682847898">bn:00114437r</annotation>
		<annotation source="BABELFY" anchor="Ce qui" bfScore="1.0" coherenceScore="0.11326860841423948">bn:00081135n</annotation>
		<annotation source="MCS" anchor="passé" bfScore="--" coherenceScore="--">bn:00091458v</annotation>
		<annotation source="MCS" anchor="eût" bfScore="--" coherenceScore="--">bn:00088733v</annotation>
		<annotation source="MCS" anchor="mis" bfScore="--" coherenceScore="--">bn:00090224v</annotation>
		<annotation source="MCS" anchor="temple" bfScore="--" coherenceScore="--">bn:00076465n</annotation>
		<annotation source="MCS" anchor="venait" bfScore="--" coherenceScore="--">bn:00085322v</annotation>
		<annotation source="MCS" anchor="tas" bfScore="--" coherenceScore="--">bn:16821720n</annotation>
		<annotation source="MCS" anchor="mesures" bfScore="--" coherenceScore="--">bn:00054019n</annotation>
		<annotation source="MCS" anchor="avait" bfScore="--" coherenceScore="--">bn:00088733v</annotation>
		<annotation source="MCS" anchor="cuve" bfScore="--" coherenceScore="--">bn:00806890n</annotation>
		<annotation source="BABELFY" anchor="puiser" bfScore="0.9256072874493927" coherenceScore="0.10032362459546926">bn:00087239v</annotation>
		<annotation source="BABELFY" anchor="cinquante" bfScore="1.0" coherenceScore="0.003236245954692557">bn:00096029a</annotation>
		<annotation source="MCS" anchor="frappés" bfScore="--" coherenceScore="--">bn:00089347v</annotation>
		<annotation source="MCS" anchor="rouille" bfScore="--" coherenceScore="--">bn:00068636n</annotation>
		<annotation source="MCS" anchor="nielle" bfScore="--" coherenceScore="--">bn:00002124n</annotation>
		<annotation source="BABELFY" anchor="grêle" bfScore="0.7358490566037735" coherenceScore="0.06796116504854369">bn:00042519n</annotation>
		<annotation source="MCS" anchor="frappé" bfScore="--" coherenceScore="--">bn:00089347v</annotation>
		<annotation source="MCS" anchor="travail" bfScore="--" coherenceScore="--">bn:00049571n</annotation>
		<annotation source="MCS" anchor="êtes" bfScore="--" coherenceScore="--">bn:00083187v</annotation>
		<annotation source="MCS" anchor="revenus" bfScore="--" coherenceScore="--">bn:00092969v</annotation>
		<annotation source="MCS" anchor="été" bfScore="--" coherenceScore="--">bn:00083187v</annotation>
		<annotation source="MCS" anchor="fondé" bfScore="--" coherenceScore="--">bn:00083141v</annotation>
		<annotation source="MCS" anchor="encore" bfScore="--" coherenceScore="--">bn:00114369r</annotation>
		<annotation source="MCS" anchor="semence" bfScore="--" coherenceScore="--">bn:15142303n</annotation>
		<annotation source="MCS" anchor="greniers" bfScore="--" coherenceScore="--">bn:00007037n</annotation>
		<annotation source="MCS" anchor="vigne" bfScore="--" coherenceScore="--">bn:00041400n</annotation>
		<annotation source="MCS" anchor="figuier" bfScore="--" coherenceScore="--">bn:00011630n</annotation>
		<annotation source="MCS" anchor="grenadier" bfScore="--" coherenceScore="--">bn:00041758n</annotation>
		<annotation source="MCS" anchor="ont" bfScore="--" coherenceScore="--">bn:00088733v</annotation>
		<annotation source="MCS" anchor="rapporté" bfScore="--" coherenceScore="--">bn:00084065v</annotation>
		<annotation source="MCS" anchor="répandrai" bfScore="--" coherenceScore="--">bn:00084119v</annotation>
		<annotation source="MCS" anchor="bénédiction" bfScore="--" coherenceScore="--">bn:02733866n</annotation>
		<annotation source="MCS" anchor="fut" bfScore="--" coherenceScore="--">bn:00083187v</annotation>
		<annotation source="MCS" anchor="adressée" bfScore="--" coherenceScore="--">bn:00082493v</annotation>
		<annotation source="MCS" anchor="fois" bfScore="--" coherenceScore="--">bn:00019848n</annotation>
		<annotation source="BABELFY" anchor="jour du mois" bfScore="1.0" coherenceScore="0.08090614886731391">bn:00025336n</annotation>
		<annotation source="MCS" anchor="dis" bfScore="--" coherenceScore="--">bn:00093287v</annotation>
		<annotation source="MCS" anchor="renverserai" bfScore="--" coherenceScore="--">bn:00083848v</annotation>
		<annotation source="MCS" anchor="trône" bfScore="--" coherenceScore="--">bn:00077086n</annotation>
		<annotation source="MCS" anchor="royaumes" bfScore="--" coherenceScore="--">bn:00049170n</annotation>
		<annotation source="MCS" anchor="détruirai" bfScore="--" coherenceScore="--">bn:00086699v</annotation>
		<annotation source="MCS" anchor="force" bfScore="--" coherenceScore="--">bn:00035768n</annotation>
		<annotation source="MCS" anchor="chars" bfScore="--" coherenceScore="--">bn:00005778n</annotation>
		<annotation source="BABELFY" anchor="montent" bfScore="0.7106741573033708" coherenceScore="0.1423948220064725">bn:00082809v</annotation>
		<annotation source="BABELFY" anchor="chevaux" bfScore="0.8019042205485292" coherenceScore="0.32038834951456313">bn:00031345n</annotation>
		<annotation source="MCS" anchor="cavaliers" bfScore="--" coherenceScore="--">bn:00031301n</annotation>
		<annotation source="MCS" anchor="abattus" bfScore="--" coherenceScore="--">bn:00084318v</annotation>
		<annotation source="BABELFY" anchor="épée" bfScore="0.8560374302681303" coherenceScore="0.2297734627831715">bn:00011081n</annotation>
		<annotation source="MCS" anchor="autre" bfScore="--" coherenceScore="--">bn:00101268a</annotation>
		<annotation source="MCS" anchor="prendrai" bfScore="--" coherenceScore="--">bn:00088762v</annotation>
		<annotation source="MCS" anchor="serviteur" bfScore="--" coherenceScore="--">bn:00070680n</annotation>
		<annotation source="MCS" anchor="garderai" bfScore="--" coherenceScore="--">bn:00089407v</annotation>
		<annotation source="MCS" anchor="comme un" bfScore="--" coherenceScore="--">bn:13612827r</annotation>
		<annotation source="MCS" anchor="sceau" bfScore="--" coherenceScore="--">bn:00070013n</annotation>
		<annotation source="MCS" anchor="Car" bfScore="--" coherenceScore="--">bn:02142237n</annotation>
		<annotation source="MCS" anchor="choisi" bfScore="--" coherenceScore="--">bn:00084931v</annotation>
	</annotations>
</paragraph>
</dataset>
