<?xml version="1.0" encoding="utf-8"?>
<dataset language="FR" title="JUD">
<paragraph id="p.1">
	<text>
		Jude , serviteur de Jésus Christ , et frère de Jacques , à ceux qui ont été appelés , qui sont aimés en Dieu le Père , et gardés pour Jésus Christ :
		que la miséricorde , la paix et la charité vous soient multipliées !
		Bien aimés , comme je désirais vivement vous écrire au sujet de notre salut commun , je me suis senti obligé de le faire afin de vous exhorter à combattre pour la foi qui a été transmise aux saints une fois pour toutes .
		Car il s ` est glissé parmi vous certains hommes , dont la condamnation est écrite depuis longtemps , des impies , qui changent la grâce de notre Dieu en dissolution , et qui renient notre seul maître et Seigneur Jésus Christ .
		Je veux vous rappeler , à vous qui savez fort bien toutes ces choses , que le Seigneur , après avoir sauvé le peuple et l ` avoir tiré du pays d ` Égypte , fit ensuite périr les incrédules ;
		qu ` il a réservé pour le jugement du grand jour , enchaînés éternellement par les ténèbres , les anges qui n ` ont pas gardé leur dignité , mais qui ont abandonné leur propre demeure ;
		que Sodome et Gomorrhe et les villes voisines , qui se livrèrent comme eux à l ` impudicité et à des vices contre nature , sont données en exemple , subissant la peine d ` un feu éternel .
		Malgré cela , ces hommes aussi , entraînés par leurs rêveries , souillent pareillement leur chair , méprisent l ` autorité et injurient les gloires .
		Or , l ` archange Michel , lorsqu ` il contestait avec le diable et lui disputait le corps de Moïse , n ` osa pas porter contre lui un jugement injurieux , mais il dit : Que le Seigneur te réprime !
		Eux , au contraire , ils parlent d ` une manière injurieuse de ce qu ` ils ignorent , et ils se corrompent dans ce qu ` ils savent naturellement comme les brutes .
		Malheur à eux ! car ils ont suivi la voie de Caïn , ils se sont jetés pour un salaire dans l ` égarement de Balaam , ils se sont perdus par la révolte de Coré .
		Ce sont des écueils dans vos agapes , faisant impudemment bonne chère , se repaissant eux - mêmes . Ce sont des nuées sans eau , poussées par les vents ; des arbres d ` automne sans fruits , deux fois morts , déracinés ;
		des vagues furieuses de la mer , rejetant l ` écume de leurs impuretés ; des astres errants , auxquels l ` obscurité des ténèbres est réservée pour l ` éternité .
		C ` est aussi pour eux qu ` Énoch , le septième depuis Adam , a prophétisé en ces termes : Voici , le Seigneur est venu avec ses saintes myriades ,
		pour exercer un jugement contre tous , et pour faire rendre compte à tous les impies parmi eux de tous les actes d ` impiété qu ` ils ont commis et de toutes les paroles injurieuses qu ` ont proférées contre lui des pécheurs impies .
		Ce sont des gens qui murmurent , qui se plaignent de leur sort , qui marchent selon leurs convoitises , qui ont à la bouche des paroles hautaines , qui admirent les personnes par motif d ` intérêt .
		Mais vous , bien - aimés , souvenez - vous des choses annoncées d ` avance par les apôtres de notre Seigneur Jésus Christ .
		Ils vous disaient qu ` au dernier temps il y aurait des moqueurs , marchant selon leurs convoitises impies ;
		ce sont ceux qui provoquent des divisions , hommes sensuels , n ` ayant pas l ` esprit .
		Pour vous , bien - aimés , vous édifiant vous - mêmes sur votre très sainte foi , et priant par le Saint Esprit ,
		maintenez - vous dans l ` amour de Dieu , en attendant la miséricorde de notre Seigneur Jésus Christ pour la vie éternelle .
		Reprenez les uns , ceux qui contestent ;
		sauvez - en d ` autres en les arrachant du feu ; et pour d ` autres encore , ayez une pitié mêlée de crainte , haïssant jusqu ` à la tunique souillée par la chair .
		Or , à celui qui peut vous préserver de toute chute et vous faire paraître devant sa gloire irrépréhensibles et dans l ` allégresse ,
		à Dieu seul , notre Sauveur , par Jésus Christ notre Seigneur , soient gloire , majesté , force et puissance , dès avant tous les temps , et maintenant , et dans tous les siècles ! Amen !
	</text>
	<annotations>
		<annotation source="MCS" anchor="serviteur" bfScore="--" coherenceScore="--">bn:00070680n</annotation>
		<annotation source="BABELFY" anchor="Jésus" bfScore="0.8776603217956715" coherenceScore="0.7210031347962382">bn:00018805n</annotation>
		<annotation source="BABELFY" anchor="Jésus Christ" bfScore="1.0" coherenceScore="0.7241379310344828">bn:00018805n</annotation>
		<annotation source="BABELFY" anchor="Christ" bfScore="0.9953067043476067" coherenceScore="0.7210031347962382">bn:00018805n</annotation>
		<annotation source="MCS" anchor="frère" bfScore="--" coherenceScore="--">bn:00011357n</annotation>
		<annotation source="MCS" anchor="Jacques" bfScore="--" coherenceScore="--">bn:00956364n</annotation>
		<annotation source="MCS" anchor="ont" bfScore="--" coherenceScore="--">bn:00088733v</annotation>
		<annotation source="MCS" anchor="été" bfScore="--" coherenceScore="--">bn:00083187v</annotation>
		<annotation source="MCS" anchor="appelés" bfScore="--" coherenceScore="--">bn:00084386v</annotation>
		<annotation source="MCS" anchor="sont" bfScore="--" coherenceScore="--">bn:00083187v</annotation>
		<annotation source="MCS" anchor="aimés" bfScore="--" coherenceScore="--">bn:00090504v</annotation>
		<annotation source="BABELFY" anchor="Dieu le Père" bfScore="0.9598031173092699" coherenceScore="0.20376175548589343">bn:03137478n</annotation>
		<annotation source="MCS" anchor="Père" bfScore="--" coherenceScore="--">bn:00009616n</annotation>
		<annotation source="MCS" anchor="gardés" bfScore="--" coherenceScore="--">bn:00089407v</annotation>
		<annotation source="MCS" anchor="miséricorde" bfScore="--" coherenceScore="--">bn:00307854n</annotation>
		<annotation source="MCS" anchor="paix" bfScore="--" coherenceScore="--">bn:00061149n</annotation>
		<annotation source="MCS" anchor="charité" bfScore="--" coherenceScore="--">bn:00013380n</annotation>
		<annotation source="MCS" anchor="soient" bfScore="--" coherenceScore="--">bn:00083187v</annotation>
		<annotation source="MCS" anchor="multipliées" bfScore="--" coherenceScore="--">bn:00090977v</annotation>
		<annotation source="MCS" anchor="Bien" bfScore="--" coherenceScore="--">bn:00115530r</annotation>
		<annotation source="MCS" anchor="désirais" bfScore="--" coherenceScore="--">bn:00085989v</annotation>
		<annotation source="MCS" anchor="vivement" bfScore="--" coherenceScore="--">bn:00114121r</annotation>
		<annotation source="MCS" anchor="écrire" bfScore="--" coherenceScore="--">bn:00092123v</annotation>
		<annotation source="MCS" anchor="sujet" bfScore="--" coherenceScore="--">bn:00022157n</annotation>
		<annotation source="MCS" anchor="salut" bfScore="--" coherenceScore="--">bn:00066712n</annotation>
		<annotation source="MCS" anchor="commun" bfScore="--" coherenceScore="--">bn:00100091a</annotation>
		<annotation source="MCS" anchor="senti" bfScore="--" coherenceScore="--">bn:00087864v</annotation>
		<annotation source="MCS" anchor="obligé" bfScore="--" coherenceScore="--">bn:00083496v</annotation>
		<annotation source="MCS" anchor="faire" bfScore="--" coherenceScore="--">bn:00087107v</annotation>
		<annotation source="BABELFY" anchor="exhorter" bfScore="0.934640522875817" coherenceScore="0.04075235109717868">bn:00087843v</annotation>
		<annotation source="MCS" anchor="combattre" bfScore="--" coherenceScore="--">bn:00085711v</annotation>
		<annotation source="BABELFY" anchor="foi" bfScore="0.8732417062817256" coherenceScore="0.8150470219435737">bn:00032768n</annotation>
		<annotation source="MCS" anchor="transmise" bfScore="--" coherenceScore="--">bn:00088769v</annotation>
		<annotation source="MCS" anchor="saints" bfScore="--" coherenceScore="--">bn:00053896n</annotation>
		<annotation source="MCS" anchor="fois" bfScore="--" coherenceScore="--">bn:00019848n</annotation>
		<annotation source="MCS" anchor="est" bfScore="--" coherenceScore="--">bn:00083187v</annotation>
		<annotation source="MCS" anchor="glissé" bfScore="--" coherenceScore="--">bn:00093875v</annotation>
		<annotation source="MCS" anchor="hommes" bfScore="--" coherenceScore="--">bn:00044576n</annotation>
		<annotation source="MCS" anchor="condamnation" bfScore="--" coherenceScore="--">bn:00021628n</annotation>
		<annotation source="MCS" anchor="écrite" bfScore="--" coherenceScore="--">bn:00092123v</annotation>
		<annotation source="BABELFY" anchor="longtemps" bfScore="0.9727891156462585" coherenceScore="0.034482758620689655">bn:00116156r</annotation>
		<annotation source="MCS" anchor="changent" bfScore="--" coherenceScore="--">bn:00082553v</annotation>
		<annotation source="MCS" anchor="grâce" bfScore="--" coherenceScore="--">bn:00041227n</annotation>
		<annotation source="MCS" anchor="dissolution" bfScore="--" coherenceScore="--">bn:00027735n</annotation>
		<annotation source="MCS" anchor="renient" bfScore="--" coherenceScore="--">bn:00092723v</annotation>
		<annotation source="MCS" anchor="seul" bfScore="--" coherenceScore="--">bn:00096872a</annotation>
		<annotation source="MCS" anchor="maître" bfScore="--" coherenceScore="--">bn:00060052n</annotation>
		<annotation source="MCS" anchor="Seigneur" bfScore="--" coherenceScore="--">bn:00070296n</annotation>
		<annotation source="MCS" anchor="veux" bfScore="--" coherenceScore="--">bn:00086682v</annotation>
		<annotation source="MCS" anchor="rappeler" bfScore="--" coherenceScore="--">bn:00084413v</annotation>
		<annotation source="MCS" anchor="savez" bfScore="--" coherenceScore="--">bn:00090142v</annotation>
		<annotation source="MCS" anchor="fort" bfScore="--" coherenceScore="--">bn:00114243r</annotation>
		<annotation source="MCS" anchor="bien" bfScore="--" coherenceScore="--">bn:00115530r</annotation>
		<annotation source="MCS" anchor="choses" bfScore="--" coherenceScore="--">bn:00076925n</annotation>
		<annotation source="MCS" anchor="avoir" bfScore="--" coherenceScore="--">bn:00088733v</annotation>
		<annotation source="MCS" anchor="sauvé" bfScore="--" coherenceScore="--">bn:00086533v</annotation>
		<annotation source="MCS" anchor="peuple" bfScore="--" coherenceScore="--">bn:00019283n</annotation>
		<annotation source="MCS" anchor="tiré" bfScore="--" coherenceScore="--">bn:00083567v</annotation>
		<annotation source="MCS" anchor="pays" bfScore="--" coherenceScore="--">bn:00023235n</annotation>
		<annotation source="BABELFY" anchor="Égypte" bfScore="0.9422537291389751" coherenceScore="0.45454545454545453">bn:00005255n</annotation>
		<annotation source="MCS" anchor="fit" bfScore="--" coherenceScore="--">bn:00087107v</annotation>
		<annotation source="MCS" anchor="ensuite" bfScore="--" coherenceScore="--">bn:00116086r</annotation>
		<annotation source="MCS" anchor="périr" bfScore="--" coherenceScore="--">bn:00086783v</annotation>
		<annotation source="BABELFY" anchor="incrédules" bfScore="1.0" coherenceScore="0.12539184952978055">bn:00027450n</annotation>
		<annotation source="MCS" anchor="réservé" bfScore="--" coherenceScore="--">bn:00083774v</annotation>
		<annotation source="MCS" anchor="jugement" bfScore="--" coherenceScore="--">bn:00048493n</annotation>
		<annotation source="MCS" anchor="grand" bfScore="--" coherenceScore="--">bn:00111630a</annotation>
		<annotation source="MCS" anchor="jour" bfScore="--" coherenceScore="--">bn:00000086n</annotation>
		<annotation source="BABELFY" anchor="enchaînés" bfScore="0.7352941176470589" coherenceScore="0.01567398119122257">bn:00084749v</annotation>
		<annotation source="MCS" anchor="éternellement" bfScore="--" coherenceScore="--">bn:00115239r</annotation>
		<annotation source="BABELFY" anchor="anges" bfScore="0.8128232107277978" coherenceScore="0.36363636363636365">bn:00004063n</annotation>
		<annotation source="MCS" anchor="gardé" bfScore="--" coherenceScore="--">bn:00089407v</annotation>
		<annotation source="MCS" anchor="dignité" bfScore="--" coherenceScore="--">bn:00027103n</annotation>
		<annotation source="MCS" anchor="abandonné" bfScore="--" coherenceScore="--">bn:00082118v</annotation>
		<annotation source="MCS" anchor="propre" bfScore="--" coherenceScore="--">bn:00099776a</annotation>
		<annotation source="BABELFY" anchor="demeure" bfScore="0.8615384615384616" coherenceScore="0.07523510971786834">bn:00000356n</annotation>
		<annotation source="BABELFY" anchor="Sodome et Gomorrhe" bfScore="0.78125" coherenceScore="0.07836990595611286">bn:02176100n</annotation>
		<annotation source="BABELFY" anchor="Gomorrhe" bfScore="0.7947797716150081" coherenceScore="0.18181818181818182">bn:00041036n</annotation>
		<annotation source="MCS" anchor="villes" bfScore="--" coherenceScore="--">bn:00077773n</annotation>
		<annotation source="BABELFY" anchor="voisines" bfScore="1.0" coherenceScore="0.0219435736677116">bn:00099859a</annotation>
		<annotation source="MCS" anchor="livrèrent" bfScore="--" coherenceScore="--">bn:00086531v</annotation>
		<annotation source="MCS" anchor="comme" bfScore="--" coherenceScore="--">bn:00114354r</annotation>
		<annotation source="MCS" anchor="vices" bfScore="--" coherenceScore="--">bn:00079916n</annotation>
		<annotation source="BABELFY" anchor="nature" bfScore="0.7752322840105395" coherenceScore="0.3793103448275862">bn:00057017n</annotation>
		<annotation source="MCS" anchor="données" bfScore="--" coherenceScore="--">bn:00088815v</annotation>
		<annotation source="MCS" anchor="exemple" bfScore="--" coherenceScore="--">bn:00032100n</annotation>
		<annotation source="MCS" anchor="subissant" bfScore="--" coherenceScore="--">bn:00082138v</annotation>
		<annotation source="MCS" anchor="peine" bfScore="--" coherenceScore="--">bn:00041784n</annotation>
		<annotation source="MCS" anchor="feu" bfScore="--" coherenceScore="--">bn:00034625n</annotation>
		<annotation source="MCS" anchor="éternel" bfScore="--" coherenceScore="--">bn:00096562a</annotation>
		<annotation source="MCS" anchor="aussi" bfScore="--" coherenceScore="--">bn:00114246r</annotation>
		<annotation source="MCS" anchor="entraînés" bfScore="--" coherenceScore="--">bn:00084700v</annotation>
		<annotation source="MCS" anchor="rêveries" bfScore="--" coherenceScore="--">bn:00002208n</annotation>
		<annotation source="BABELFY" anchor="souillent" bfScore="1.0" coherenceScore="0.04075235109717868">bn:00083350v</annotation>
		<annotation source="BABELFY" anchor="pareillement" bfScore="0.9259259259259259" coherenceScore="0.01567398119122257">bn:00114246r</annotation>
		<annotation source="MCS" anchor="chair" bfScore="--" coherenceScore="--">bn:00035182n</annotation>
		<annotation source="MCS" anchor="méprisent" bfScore="--" coherenceScore="--">bn:00085702v</annotation>
		<annotation source="MCS" anchor="autorité" bfScore="--" coherenceScore="--">bn:00007293n</annotation>
		<annotation source="BABELFY" anchor="injurient" bfScore="1.0" coherenceScore="0.0438871473354232">bn:00082186v</annotation>
		<annotation source="MCS" anchor="gloires" bfScore="--" coherenceScore="--">bn:00016991n</annotation>
		<annotation source="MCS" anchor="Or" bfScore="--" coherenceScore="--">bn:00040921n</annotation>
		<annotation source="BABELFY" anchor="archange" bfScore="0.988476773496579" coherenceScore="0.19122257053291536">bn:00005398n</annotation>
		<annotation source="BABELFY" anchor="archange Michel" bfScore="1.0" coherenceScore="0.20689655172413793">bn:00054715n</annotation>
		<annotation source="MCS" anchor="Michel" bfScore="--" coherenceScore="--">bn:00054715n</annotation>
		<annotation source="MCS" anchor="contestait" bfScore="--" coherenceScore="--">bn:00089643v</annotation>
		<annotation source="BABELFY" anchor="disputait" bfScore="0.9491525423728814" coherenceScore="0.07523510971786834">bn:00084758v</annotation>
		<annotation source="MCS" anchor="corps" bfScore="--" coherenceScore="--">bn:00011744n</annotation>
		<annotation source="BABELFY" anchor="Moïse" bfScore="0.9601865505298173" coherenceScore="0.31347962382445144">bn:00055973n</annotation>
		<annotation source="MCS" anchor="osa" bfScore="--" coherenceScore="--">bn:00086279v</annotation>
		<annotation source="MCS" anchor="porter" bfScore="--" coherenceScore="--">bn:00089252v</annotation>
		<annotation source="BABELFY" anchor="injurieux" bfScore="0.7322097378277154" coherenceScore="0.05329153605015674">bn:00107766a</annotation>
		<annotation source="MCS" anchor="dit" bfScore="--" coherenceScore="--">bn:00093287v</annotation>
		<annotation source="BABELFY" anchor="réprime" bfScore="0.7429643527204502" coherenceScore="0.05642633228840126">bn:00084850v</annotation>
		<annotation source="MCS" anchor="contraire" bfScore="--" coherenceScore="--">bn:00022257n</annotation>
		<annotation source="MCS" anchor="parlent" bfScore="--" coherenceScore="--">bn:00094090v</annotation>
		<annotation source="MCS" anchor="manière" bfScore="--" coherenceScore="--">bn:00053238n</annotation>
		<annotation source="BABELFY" anchor="injurieuse" bfScore="0.7322097378277154" coherenceScore="0.05329153605015674">bn:00107766a</annotation>
		<annotation source="BABELFY" anchor="ignorent" bfScore="1.0" coherenceScore="0.03761755485893417">bn:00084160v</annotation>
		<annotation source="MCS" anchor="corrompent" bfScore="--" coherenceScore="--">bn:00085845v</annotation>
		<annotation source="MCS" anchor="savent" bfScore="--" coherenceScore="--">bn:00090142v</annotation>
		<annotation source="BABELFY" anchor="naturellement" bfScore="0.7035175879396985" coherenceScore="0.0877742946708464">bn:00116323r</annotation>
		<annotation source="MCS" anchor="brutes" bfScore="--" coherenceScore="--">bn:17032101n</annotation>
		<annotation source="MCS" anchor="Malheur" bfScore="--" coherenceScore="--">bn:00075069n</annotation>
		<annotation source="MCS" anchor="suivi" bfScore="--" coherenceScore="--">bn:00088421v</annotation>
		<annotation source="MCS" anchor="voie" bfScore="--" coherenceScore="--">bn:00077838n</annotation>
		<annotation source="MCS" anchor="jetés" bfScore="--" coherenceScore="--">bn:00094934v</annotation>
		<annotation source="MCS" anchor="salaire" bfScore="--" coherenceScore="--">bn:00029416n</annotation>
		<annotation source="BABELFY" anchor="égarement" bfScore="1.0" coherenceScore="0.003134796238244514">bn:03198251n</annotation>
		<annotation source="BABELFY" anchor="Balaam" bfScore="1.0" coherenceScore="0.14106583072100312">bn:03400805n</annotation>
		<annotation source="MCS" anchor="perdus" bfScore="--" coherenceScore="--">bn:00090485v</annotation>
		<annotation source="MCS" anchor="révolte" bfScore="--" coherenceScore="--">bn:00047003n</annotation>
		<annotation source="MCS" anchor="écueils" bfScore="--" coherenceScore="--">bn:00820856n</annotation>
		<annotation source="MCS" anchor="agapes" bfScore="--" coherenceScore="--">bn:00001901n</annotation>
		<annotation source="MCS" anchor="faisant" bfScore="--" coherenceScore="--">bn:00087107v</annotation>
		<annotation source="MCS" anchor="bonne" bfScore="--" coherenceScore="--">bn:00103672a</annotation>
		<annotation source="BABELFY" anchor="nuées" bfScore="0.8032786885245902" coherenceScore="0.0219435736677116">bn:00020006n</annotation>
		<annotation source="BABELFY" anchor="eau" bfScore="0.8371570052698528" coherenceScore="0.4231974921630094">bn:00042379n</annotation>
		<annotation source="MCS" anchor="poussées" bfScore="--" coherenceScore="--">bn:00088456v</annotation>
		<annotation source="MCS" anchor="vents" bfScore="--" coherenceScore="--">bn:00002216n</annotation>
		<annotation source="BABELFY" anchor="arbres" bfScore="0.9149728027483538" coherenceScore="0.21316614420062696">bn:00078131n</annotation>
		<annotation source="MCS" anchor="automne" bfScore="--" coherenceScore="--">bn:00007406n</annotation>
		<annotation source="MCS" anchor="fruits" bfScore="--" coherenceScore="--">bn:00036686n</annotation>
		<annotation source="MCS" anchor="morts" bfScore="--" coherenceScore="--">bn:00100948a</annotation>
		<annotation source="MCS" anchor="déracinés" bfScore="--" coherenceScore="--">bn:00087712v</annotation>
		<annotation source="MCS" anchor="vagues" bfScore="--" coherenceScore="--">bn:00056171n</annotation>
		<annotation source="MCS" anchor="furieuses" bfScore="--" coherenceScore="--">bn:00097108a</annotation>
		<annotation source="BABELFY" anchor="mer" bfScore="0.9695644862956112" coherenceScore="0.19435736677115986">bn:00069946n</annotation>
		<annotation source="MCS" anchor="rejetant" bfScore="--" coherenceScore="--">bn:00084634v</annotation>
		<annotation source="BABELFY" anchor="écume" bfScore="0.9080882352941176" coherenceScore="0.04075235109717868">bn:00088597v</annotation>
		<annotation source="MCS" anchor="impuretés" bfScore="--" coherenceScore="--">bn:00027392n</annotation>
		<annotation source="BABELFY" anchor="astres" bfScore="0.8402471315092674" coherenceScore="0.22570532915360503">bn:00073964n</annotation>
		<annotation source="BABELFY" anchor="errants" bfScore="0.9" coherenceScore="0.018808777429467086">bn:00102377a</annotation>
		<annotation source="MCS" anchor="obscurité" bfScore="--" coherenceScore="--">bn:00025233n</annotation>
		<annotation source="MCS" anchor="réservée" bfScore="--" coherenceScore="--">bn:00083774v</annotation>
		<annotation source="MCS" anchor="éternité" bfScore="--" coherenceScore="--">bn:00031687n</annotation>
		<annotation source="BABELFY" anchor="Énoch" bfScore="1.0" coherenceScore="0.13166144200626959">bn:03230861n</annotation>
		<annotation source="BABELFY" anchor="septième" bfScore="0.7352941176470589" coherenceScore="0.01567398119122257">bn:00070740n</annotation>
		<annotation source="BABELFY" anchor="Adam" bfScore="0.8269094840131388" coherenceScore="0.27586206896551724">bn:00001242n</annotation>
		<annotation source="BABELFY" anchor="prophétisé" bfScore="1.0" coherenceScore="0.11912225705329153">bn:00092087v</annotation>
		<annotation source="MCS" anchor="termes" bfScore="--" coherenceScore="--">bn:00076588n</annotation>
		<annotation source="BABELFY" anchor="Voici" bfScore="1.0" coherenceScore="0.02821316614420063">bn:00114427r</annotation>
		<annotation source="MCS" anchor="venu" bfScore="--" coherenceScore="--">bn:00085322v</annotation>
		<annotation source="MCS" anchor="saintes" bfScore="--" coherenceScore="--">bn:00110031a</annotation>
		<annotation source="MCS" anchor="myriades" bfScore="--" coherenceScore="--">bn:00056632n</annotation>
		<annotation source="BABELFY" anchor="exercer" bfScore="0.8785175573757197" coherenceScore="0.21630094043887146">bn:00083228v</annotation>
		<annotation source="MCS" anchor="rendre" bfScore="--" coherenceScore="--">bn:00092791v</annotation>
		<annotation source="MCS" anchor="compte" bfScore="--" coherenceScore="--">bn:00023140n</annotation>
		<annotation source="MCS" anchor="actes" bfScore="--" coherenceScore="--">bn:00001077n</annotation>
		<annotation source="MCS" anchor="impiété" bfScore="--" coherenceScore="--">bn:00064605n</annotation>
		<annotation source="BABELFY" anchor="commis" bfScore="0.7529411764705882" coherenceScore="0.08150470219435736">bn:00085426v</annotation>
		<annotation source="MCS" anchor="paroles" bfScore="--" coherenceScore="--">bn:00049911n</annotation>
		<annotation source="BABELFY" anchor="injurieuses" bfScore="0.7322097378277154" coherenceScore="0.05329153605015674">bn:00107766a</annotation>
		<annotation source="MCS" anchor="pécheurs" bfScore="--" coherenceScore="--">bn:00032053n</annotation>
		<annotation source="BABELFY" anchor="impies" bfScore="0.85" coherenceScore="0.22570532915360503">bn:00104667a</annotation>
		<annotation source="MCS" anchor="gens" bfScore="--" coherenceScore="--">bn:00037747n</annotation>
		<annotation source="MCS" anchor="murmurent" bfScore="--" coherenceScore="--">bn:00095747v</annotation>
		<annotation source="MCS" anchor="plaignent" bfScore="--" coherenceScore="--">bn:00085471v</annotation>
		<annotation source="MCS" anchor="sort" bfScore="--" coherenceScore="--">bn:03141550n</annotation>
		<annotation source="MCS" anchor="marchent" bfScore="--" coherenceScore="--">bn:00095597v</annotation>
		<annotation source="BABELFY" anchor="convoitises" bfScore="1.0" coherenceScore="0.04075235109717868">bn:00041632n</annotation>
		<annotation source="MCS" anchor="bouche" bfScore="--" coherenceScore="--">bn:00056135n</annotation>
		<annotation source="BABELFY" anchor="hautaines" bfScore="0.7058823529411765" coherenceScore="0.025078369905956112">bn:00110823a</annotation>
		<annotation source="MCS" anchor="admirent" bfScore="--" coherenceScore="--">bn:00082367v</annotation>
		<annotation source="BABELFY" anchor="personnes" bfScore="0.9312100881092878" coherenceScore="0.7523510971786834">bn:00046516n</annotation>
		<annotation source="MCS" anchor="motif" bfScore="--" coherenceScore="--">bn:00056025n</annotation>
		<annotation source="MCS" anchor="intérêt" bfScore="--" coherenceScore="--">bn:00047080n</annotation>
		<annotation source="BABELFY" anchor="bien-aimés" bfScore="1.0" coherenceScore="0.009404388714733543">bn:00098224a</annotation>
		<annotation source="MCS" anchor="souvenez" bfScore="--" coherenceScore="--">bn:00084413v</annotation>
		<annotation source="MCS" anchor="annoncées" bfScore="--" coherenceScore="--">bn:00082637v</annotation>
		<annotation source="MCS" anchor="avance" bfScore="--" coherenceScore="--">bn:03247337n</annotation>
		<annotation source="BABELFY" anchor="apôtres" bfScore="0.8217198691673913" coherenceScore="0.27899686520376177">bn:00004982n</annotation>
		<annotation source="MCS" anchor="disaient" bfScore="--" coherenceScore="--">bn:00093287v</annotation>
		<annotation source="MCS" anchor="dernier" bfScore="--" coherenceScore="--">bn:00105773a</annotation>
		<annotation source="BABELFY" anchor="temps" bfScore="0.7160088282092081" coherenceScore="0.3887147335423197">bn:00077270n</annotation>
		<annotation source="MCS" anchor="aurait" bfScore="--" coherenceScore="--">bn:00088733v</annotation>
		<annotation source="MCS" anchor="moqueurs" bfScore="--" coherenceScore="--">bn:00055093n</annotation>
		<annotation source="MCS" anchor="marchant" bfScore="--" coherenceScore="--">bn:00095597v</annotation>
		<annotation source="MCS" anchor="provoquent" bfScore="--" coherenceScore="--">bn:00082408v</annotation>
		<annotation source="MCS" anchor="divisions" bfScore="--" coherenceScore="--">bn:00027917n</annotation>
		<annotation source="MCS" anchor="sensuels" bfScore="--" coherenceScore="--">bn:00097119a</annotation>
		<annotation source="MCS" anchor="ayant" bfScore="--" coherenceScore="--">bn:00088733v</annotation>
		<annotation source="MCS" anchor="esprit" bfScore="--" coherenceScore="--">bn:00012681n</annotation>
		<annotation source="MCS" anchor="édifiant" bfScore="--" coherenceScore="--">bn:00084198v</annotation>
		<annotation source="MCS" anchor="très" bfScore="--" coherenceScore="--">bn:00116789r</annotation>
		<annotation source="MCS" anchor="sainte" bfScore="--" coherenceScore="--">bn:00110031a</annotation>
		<annotation source="BABELFY" anchor="sainte foi" bfScore="1.0" coherenceScore="0.03134796238244514">bn:01199913n</annotation>
		<annotation source="MCS" anchor="priant" bfScore="--" coherenceScore="--">bn:00091921v</annotation>
		<annotation source="MCS" anchor="Saint" bfScore="--" coherenceScore="--">bn:00053896n</annotation>
		<annotation source="BABELFY" anchor="Saint Esprit" bfScore="0.8953419095743507" coherenceScore="0.4012539184952978">bn:00645230n</annotation>
		<annotation source="MCS" anchor="Esprit" bfScore="--" coherenceScore="--">bn:00012681n</annotation>
		<annotation source="MCS" anchor="maintenez" bfScore="--" coherenceScore="--">bn:00089384v</annotation>
		<annotation source="BABELFY" anchor="amour" bfScore="0.8246428234151343" coherenceScore="0.5109717868338558">bn:00052121n</annotation>
		<annotation source="BABELFY" anchor="amour de Dieu" bfScore="1.0" coherenceScore="0.13793103448275862">bn:02941147n</annotation>
		<annotation source="MCS" anchor="attendant" bfScore="--" coherenceScore="--">bn:00089401v</annotation>
		<annotation source="BABELFY" anchor="vie" bfScore="0.7425080011638057" coherenceScore="0.3103448275862069">bn:00051054n</annotation>
		<annotation source="MCS" anchor="vie éternelle" bfScore="--" coherenceScore="--">bn:02659563n</annotation>
		<annotation source="MCS" anchor="éternelle" bfScore="--" coherenceScore="--">bn:00096562a</annotation>
		<annotation source="MCS" anchor="Reprenez" bfScore="--" coherenceScore="--">bn:00092413v</annotation>
		<annotation source="BABELFY" anchor="uns" bfScore="0.967741935483871" coherenceScore="0.01567398119122257">bn:02046536n</annotation>
		<annotation source="MCS" anchor="contestent" bfScore="--" coherenceScore="--">bn:00089643v</annotation>
		<annotation source="MCS" anchor="autres" bfScore="--" coherenceScore="--">bn:00101268a</annotation>
		<annotation source="BABELFY" anchor="arrachant" bfScore="0.8786127167630058" coherenceScore="0.050156739811912224">bn:00084845v</annotation>
		<annotation source="MCS" anchor="encore" bfScore="--" coherenceScore="--">bn:00114369r</annotation>
		<annotation source="MCS" anchor="ayez" bfScore="--" coherenceScore="--">bn:00088733v</annotation>
		<annotation source="MCS" anchor="pitié" bfScore="--" coherenceScore="--">bn:00021008n</annotation>
		<annotation source="BABELFY" anchor="mêlée" bfScore="0.9714795008912656" coherenceScore="0.14106583072100312">bn:00089817v</annotation>
		<annotation source="MCS" anchor="crainte" bfScore="--" coherenceScore="--">bn:00007503n</annotation>
		<annotation source="BABELFY" anchor="haïssant" bfScore="1.0" coherenceScore="0.0877742946708464">bn:00086717v</annotation>
		<annotation source="MCS" anchor="tunique" bfScore="--" coherenceScore="--">bn:00020192n</annotation>
		<annotation source="BABELFY" anchor="souillée" bfScore="1.0" coherenceScore="0.04075235109717868">bn:00083350v</annotation>
		<annotation source="MCS" anchor="peut" bfScore="--" coherenceScore="--">bn:13601970v</annotation>
		<annotation source="MCS" anchor="préserver" bfScore="--" coherenceScore="--">bn:00083242v</annotation>
		<annotation source="MCS" anchor="chute" bfScore="--" coherenceScore="--">bn:00032830n</annotation>
		<annotation source="MCS" anchor="paraître" bfScore="--" coherenceScore="--">bn:00082693v</annotation>
		<annotation source="MCS" anchor="gloire" bfScore="--" coherenceScore="--">bn:00016991n</annotation>
		<annotation source="MCS" anchor="allégresse" bfScore="--" coherenceScore="--">bn:00030090n</annotation>
		<annotation source="BABELFY" anchor="Sauveur" bfScore="1.0" coherenceScore="0.12539184952978055">bn:00026062n</annotation>
		<annotation source="BABELFY" anchor="majesté" bfScore="0.9944392956441149" coherenceScore="0.09090909090909091">bn:01049999n</annotation>
		<annotation source="MCS" anchor="force" bfScore="--" coherenceScore="--">bn:00035768n</annotation>
		<annotation source="MCS" anchor="puissance" bfScore="--" coherenceScore="--">bn:00030160n</annotation>
		<annotation source="MCS" anchor="maintenant" bfScore="--" coherenceScore="--">bn:00114424r</annotation>
		<annotation source="MCS" anchor="siècles" bfScore="--" coherenceScore="--">bn:00017234n</annotation>
	</annotations>
</paragraph>
