<?xml version="1.0" encoding="utf-8"?>
<dataset language="FR" title="MAL">
<paragraph id="p.1">
	<text>
		Oracle , parole de l ` Éternel à Israël par Malachie .
		Je vous ai aimés , dit l ` Éternel . Et vous dites : En quoi nous as - tu aimés ? Ésaü n ` est - il pas frère de Jacob ? dit l ` Éternel . Cependant j ` ai aimé Jacob ,
		Et j ` ai eu de la haine pour Ésaü , J ` ai fait de ses montagnes une solitude , J ` ai livré son héritage aux chacals du désert .
		Si Édom dit : Nous sommes détruits , Nous relèverons les ruines ! Ainsi parle l ` Éternel des armées : Qu ` ils bâtissent , je renverserai , Et on les appellera pays de la méchanceté , Peuple contre lequel l ` Éternel est irrité pour toujours .
		Vos yeux le verront , Et vous direz : Grand est l ` Éternel Par delà les frontières d ` Israël !
		Un fils honore son père , et un serviteur son maître . Si je suis père , où est l ` honneur qui m ` est dû ? Si je suis maître , où est la crainte qu ` on a de moi ? Dit l ` Éternel des armées à vous , sacrificateurs , Qui méprisez mon nom , Et qui dites : En quoi avons - nous méprisé ton nom ?
		Vous offrez sur mon autel des aliments impurs , Et vous dites : En quoi t ` avons - nous profané ? C ` est en disant : La table de l ` Éternel est méprisable !
		Quand vous offrez en sacrifice une bête aveugle , n ` est - ce pas mal ? Quand vous en offrez une boiteuse ou infirme , n ` est - ce pas mal ? Offre - la donc à ton gouverneur ! Te recevra - t - il bien , te fera - t - il bon accueil ? Dit l ` Éternel des armées .
		Priez Dieu maintenant , pour qu ` il ait pitié de nous ! C ` est de vous que cela vient : Vous recevra - t - il favorablement ? Dit l ` Éternel des armées .
		Lequel de vous fermera les portes , Pour que vous n ` allumiez pas en vain le feu sur mon autel ? Je ne prends aucun plaisir en vous , dit l ` Éternel des armées , Et les offrandes de votre main ne me sont point agréables .
		Car depuis le lever du soleil jusqu ` à son couchant , Mon nom est grand parmi les nations , Et en tout lieu on brûle de l ` encens en l ` honneur de mon nom Et l ` on présente des offrandes pures ; Car grand est mon nom parmi les nations , Dit l ` Éternel des armées .
		Mais vous , vous le profanez , En disant : La table de l ` Éternel est souillée , Et ce qu ` elle rapporte est un aliment méprisable .
		Vous dites : Quelle fatigue ! et vous le dédaignez , Dit l ` Éternel des armées ; Et cependant vous amenez ce qui est dérobé , boiteux ou infirme , Et ce sont les offrandes que vous faites ! Puis - je les agréer de vos mains ? dit l ` Éternel .
		Maudit soit le trompeur qui a dans son troupeau un mâle , Et qui voue et sacrifie au Seigneur une bête chétive ! Car je suis un grand roi , dit l ` Éternel des armées , Et mon nom est redoutable parmi les nations .
	</text>
	<annotations>
		<annotation source="MCS" anchor="parole" bfScore="--" coherenceScore="--">bn:00049911n</annotation>
		<annotation source="MCS" anchor="Éternel" bfScore="--" coherenceScore="--">bn:00032037n</annotation>
		<annotation source="BABELFY" anchor="Israël" bfScore="0.9649151596704848" coherenceScore="0.8027522935779816">bn:00047679n</annotation>
		<annotation source="BABELFY" anchor="Malachie" bfScore="0.7252747252747253" coherenceScore="0.15137614678899083">bn:00012099n</annotation>
		<annotation source="MCS" anchor="ai" bfScore="--" coherenceScore="--">bn:00088733v</annotation>
		<annotation source="MCS" anchor="aimés" bfScore="--" coherenceScore="--">bn:00090504v</annotation>
		<annotation source="MCS" anchor="dit" bfScore="--" coherenceScore="--">bn:00093287v</annotation>
		<annotation source="MCS" anchor="dites" bfScore="--" coherenceScore="--">bn:00093287v</annotation>
		<annotation source="MCS" anchor="as" bfScore="--" coherenceScore="--">bn:00088733v</annotation>
		<annotation source="BABELFY" anchor="Ésaü" bfScore="0.9638109305760709" coherenceScore="0.13302752293577982">bn:00031533n</annotation>
		<annotation source="MCS" anchor="est" bfScore="--" coherenceScore="--">bn:00083187v</annotation>
		<annotation source="MCS" anchor="frère" bfScore="--" coherenceScore="--">bn:00011357n</annotation>
		<annotation source="MCS" anchor="Jacob" bfScore="--" coherenceScore="--">bn:00047849n</annotation>
		<annotation source="BABELFY" anchor="Cependant" bfScore="0.9831516352824579" coherenceScore="0.14220183486238533">bn:00114626r</annotation>
		<annotation source="MCS" anchor="aimé" bfScore="--" coherenceScore="--">bn:00090504v</annotation>
		<annotation source="MCS" anchor="eu" bfScore="--" coherenceScore="--">bn:00088733v</annotation>
		<annotation source="BABELFY" anchor="haine" bfScore="0.7491391404157633" coherenceScore="0.30275229357798167">bn:00043140n</annotation>
		<annotation source="MCS" anchor="fait" bfScore="--" coherenceScore="--">bn:00087107v</annotation>
		<annotation source="BABELFY" anchor="montagnes" bfScore="0.9559375378283501" coherenceScore="0.48623853211009177">bn:00056068n</annotation>
		<annotation source="MCS" anchor="solitude" bfScore="--" coherenceScore="--">bn:00003004n</annotation>
		<annotation source="MCS" anchor="livré" bfScore="--" coherenceScore="--">bn:00086531v</annotation>
		<annotation source="MCS" anchor="héritage" bfScore="--" coherenceScore="--">bn:00043821n</annotation>
		<annotation source="BABELFY" anchor="chacals" bfScore="0.7111111111111111" coherenceScore="0.07339449541284404">bn:00015265n</annotation>
		<annotation source="BABELFY" anchor="désert" bfScore="0.8870265914585012" coherenceScore="0.29357798165137616">bn:00026519n</annotation>
		<annotation source="BABELFY" anchor="Édom" bfScore="1.0" coherenceScore="0.16055045871559634">bn:01432049n</annotation>
		<annotation source="MCS" anchor="détruits" bfScore="--" coherenceScore="--">bn:00086699v</annotation>
		<annotation source="BABELFY" anchor="relèverons" bfScore="0.7128324918996308" coherenceScore="0.19724770642201836">bn:00085329v</annotation>
		<annotation source="MCS" anchor="ruines" bfScore="--" coherenceScore="--">bn:00068521n</annotation>
		<annotation source="MCS" anchor="Ainsi" bfScore="--" coherenceScore="--">bn:00117048r</annotation>
		<annotation source="MCS" anchor="parle" bfScore="--" coherenceScore="--">bn:00094090v</annotation>
		<annotation source="MCS" anchor="armées" bfScore="--" coherenceScore="--">bn:00005803n</annotation>
		<annotation source="MCS" anchor="bâtissent" bfScore="--" coherenceScore="--">bn:00083152v</annotation>
		<annotation source="MCS" anchor="renverserai" bfScore="--" coherenceScore="--">bn:00083848v</annotation>
		<annotation source="MCS" anchor="appellera" bfScore="--" coherenceScore="--">bn:00084386v</annotation>
		<annotation source="MCS" anchor="pays" bfScore="--" coherenceScore="--">bn:00023235n</annotation>
		<annotation source="MCS" anchor="méchanceté" bfScore="--" coherenceScore="--">bn:00013515n</annotation>
		<annotation source="MCS" anchor="Peuple" bfScore="--" coherenceScore="--">bn:00019283n</annotation>
		<annotation source="MCS" anchor="irrité" bfScore="--" coherenceScore="--">bn:00082768v</annotation>
		<annotation source="MCS" anchor="toujours" bfScore="--" coherenceScore="--">bn:00114251r</annotation>
		<annotation source="BABELFY" anchor="yeux" bfScore="0.8617489008304836" coherenceScore="0.44954128440366975">bn:00032512n</annotation>
		<annotation source="MCS" anchor="verront" bfScore="--" coherenceScore="--">bn:00093430v</annotation>
		<annotation source="MCS" anchor="direz" bfScore="--" coherenceScore="--">bn:00093287v</annotation>
		<annotation source="MCS" anchor="Grand" bfScore="--" coherenceScore="--">bn:00111630a</annotation>
		<annotation source="MCS" anchor="honore" bfScore="--" coherenceScore="--">bn:00089449v</annotation>
		<annotation source="MCS" anchor="père" bfScore="--" coherenceScore="--">bn:00009616n</annotation>
		<annotation source="MCS" anchor="serviteur" bfScore="--" coherenceScore="--">bn:00070680n</annotation>
		<annotation source="MCS" anchor="maître" bfScore="--" coherenceScore="--">bn:00060052n</annotation>
		<annotation source="MCS" anchor="honneur" bfScore="--" coherenceScore="--">bn:00044654n</annotation>
		<annotation source="MCS" anchor="dû" bfScore="--" coherenceScore="--">bn:00091360v</annotation>
		<annotation source="MCS" anchor="crainte" bfScore="--" coherenceScore="--">bn:00007503n</annotation>
		<annotation source="MCS" anchor="Dit" bfScore="--" coherenceScore="--">bn:00093287v</annotation>
		<annotation source="BABELFY" anchor="sacrificateurs" bfScore="1.0" coherenceScore="0.1834862385321101">bn:00068756n</annotation>
		<annotation source="MCS" anchor="méprisez" bfScore="--" coherenceScore="--">bn:00085702v</annotation>
		<annotation source="MCS" anchor="nom" bfScore="--" coherenceScore="--">bn:00056758n</annotation>
		<annotation source="MCS" anchor="avons" bfScore="--" coherenceScore="--">bn:00088733v</annotation>
		<annotation source="MCS" anchor="méprisé" bfScore="--" coherenceScore="--">bn:00085702v</annotation>
		<annotation source="MCS" anchor="offrez" bfScore="--" coherenceScore="--">bn:00091136v</annotation>
		<annotation source="MCS" anchor="autel" bfScore="--" coherenceScore="--">bn:00003117n</annotation>
		<annotation source="MCS" anchor="aliments" bfScore="--" coherenceScore="--">bn:00035651n</annotation>
		<annotation source="BABELFY" anchor="impurs" bfScore="0.9011857707509882" coherenceScore="0.0871559633027523">bn:00104723a</annotation>
		<annotation source="BABELFY" anchor="profané" bfScore="1.0" coherenceScore="0.08256880733944955">bn:00086665v</annotation>
		<annotation source="MCS" anchor="disant" bfScore="--" coherenceScore="--">bn:00093287v</annotation>
		<annotation source="MCS" anchor="table" bfScore="--" coherenceScore="--">bn:00075813n</annotation>
		<annotation source="MCS" anchor="méprisable" bfScore="--" coherenceScore="--">bn:00097890a</annotation>
		<annotation source="BABELFY" anchor="sacrifice" bfScore="0.8498395485227398" coherenceScore="0.29357798165137616">bn:00067941n</annotation>
		<annotation source="BABELFY" anchor="bête" bfScore="0.9749271137026239" coherenceScore="0.1743119266055046">bn:00111343a</annotation>
		<annotation source="MCS" anchor="aveugle" bfScore="--" coherenceScore="--">bn:00011260n</annotation>
		<annotation source="BABELFY" anchor="pas mal" bfScore="1.0" coherenceScore="0.03211009174311927">bn:00098021a</annotation>
		<annotation source="MCS" anchor="mal" bfScore="--" coherenceScore="--">bn:00102474a</annotation>
		<annotation source="MCS" anchor="boiteuse" bfScore="--" coherenceScore="--">bn:00100661a</annotation>
		<annotation source="BABELFY" anchor="infirme" bfScore="1.0" coherenceScore="0.0045871559633027525">bn:00098184a</annotation>
		<annotation source="MCS" anchor="Offre" bfScore="--" coherenceScore="--">bn:00091136v</annotation>
		<annotation source="MCS" anchor="donc" bfScore="--" coherenceScore="--">bn:00115635r</annotation>
		<annotation source="MCS" anchor="gouverneur" bfScore="--" coherenceScore="--">bn:00041204n</annotation>
		<annotation source="MCS" anchor="recevra" bfScore="--" coherenceScore="--">bn:00089246v</annotation>
		<annotation source="MCS" anchor="bien" bfScore="--" coherenceScore="--">bn:00115530r</annotation>
		<annotation source="MCS" anchor="fera" bfScore="--" coherenceScore="--">bn:00087107v</annotation>
		<annotation source="MCS" anchor="bon" bfScore="--" coherenceScore="--">bn:00103672a</annotation>
		<annotation source="MCS" anchor="accueil" bfScore="--" coherenceScore="--">bn:00027988n</annotation>
		<annotation source="MCS" anchor="Priez" bfScore="--" coherenceScore="--">bn:00091921v</annotation>
		<annotation source="BABELFY" anchor="Dieu" bfScore="0.8165724120973691" coherenceScore="0.7844036697247706">bn:00040878n</annotation>
		<annotation source="MCS" anchor="maintenant" bfScore="--" coherenceScore="--">bn:00114424r</annotation>
		<annotation source="MCS" anchor="ait" bfScore="--" coherenceScore="--">bn:00088733v</annotation>
		<annotation source="MCS" anchor="pitié" bfScore="--" coherenceScore="--">bn:00021008n</annotation>
		<annotation source="MCS" anchor="vient" bfScore="--" coherenceScore="--">bn:00085322v</annotation>
		<annotation source="BABELFY" anchor="favorablement" bfScore="0.8666666666666667" coherenceScore="0.11926605504587157">bn:00115346r</annotation>
		<annotation source="MCS" anchor="fermera" bfScore="--" coherenceScore="--">bn:00085162v</annotation>
		<annotation source="MCS" anchor="portes" bfScore="--" coherenceScore="--">bn:00028248n</annotation>
		<annotation source="BABELFY" anchor="allumiez" bfScore="0.8694158075601375" coherenceScore="0.10550458715596331">bn:00089581v</annotation>
		<annotation source="BABELFY" anchor="vain" bfScore="0.9531450577663672" coherenceScore="0.15137614678899083">bn:00100184a</annotation>
		<annotation source="MCS" anchor="feu" bfScore="--" coherenceScore="--">bn:00034625n</annotation>
		<annotation source="MCS" anchor="prends" bfScore="--" coherenceScore="--">bn:00088762v</annotation>
		<annotation source="MCS" anchor="plaisir" bfScore="--" coherenceScore="--">bn:00062972n</annotation>
		<annotation source="BABELFY" anchor="offrandes" bfScore="1.0" coherenceScore="0.11009174311926606">bn:03628823n</annotation>
		<annotation source="MCS" anchor="main" bfScore="--" coherenceScore="--">bn:00042759n</annotation>
		<annotation source="MCS" anchor="sont" bfScore="--" coherenceScore="--">bn:00083187v</annotation>
		<annotation source="MCS" anchor="agréables" bfScore="--" coherenceScore="--">bn:00108680a</annotation>
		<annotation source="MCS" anchor="lever" bfScore="--" coherenceScore="--">bn:00007205n</annotation>
		<annotation source="MCS" anchor="lever du soleil" bfScore="--" coherenceScore="--">bn:00075218n</annotation>
		<annotation source="MCS" anchor="grand" bfScore="--" coherenceScore="--">bn:00111630a</annotation>
		<annotation source="BABELFY" anchor="nations" bfScore="0.9454466904975926" coherenceScore="0.8211009174311926">bn:00023236n</annotation>
		<annotation source="MCS" anchor="lieu" bfScore="--" coherenceScore="--">bn:00051754n</annotation>
		<annotation source="MCS" anchor="brûle" bfScore="--" coherenceScore="--">bn:00084270v</annotation>
		<annotation source="MCS" anchor="encens" bfScore="--" coherenceScore="--">bn:00036261n</annotation>
		<annotation source="MCS" anchor="présente" bfScore="--" coherenceScore="--">bn:00090234v</annotation>
		<annotation source="MCS" anchor="pures" bfScore="--" coherenceScore="--">bn:00109244a</annotation>
		<annotation source="MCS" anchor="Car" bfScore="--" coherenceScore="--">bn:02142237n</annotation>
		<annotation source="MCS" anchor="Dit" bfScore="--" coherenceScore="--">bn:03942039n</annotation>
		<annotation source="BABELFY" anchor="profanez" bfScore="1.0" coherenceScore="0.08256880733944955">bn:00086665v</annotation>
		<annotation source="BABELFY" anchor="souillée" bfScore="1.0" coherenceScore="0.013761467889908258">bn:00083350v</annotation>
		<annotation source="MCS" anchor="rapporte" bfScore="--" coherenceScore="--">bn:00084065v</annotation>
		<annotation source="MCS" anchor="aliment" bfScore="--" coherenceScore="--">bn:00035651n</annotation>
		<annotation source="MCS" anchor="fatigue" bfScore="--" coherenceScore="--">bn:00033794n</annotation>
		<annotation source="BABELFY" anchor="dédaignez" bfScore="0.7120253164556962" coherenceScore="0.17889908256880735">bn:00086943v</annotation>
		<annotation source="BABELFY" anchor="cependant" bfScore="0.9831516352824579" coherenceScore="0.14220183486238533">bn:00114626r</annotation>
		<annotation source="MCS" anchor="amenez" bfScore="--" coherenceScore="--">bn:00084058v</annotation>
		<annotation source="MCS" anchor="dérobé" bfScore="--" coherenceScore="--">bn:00082181v</annotation>
		<annotation source="MCS" anchor="boiteux" bfScore="--" coherenceScore="--">bn:00100661a</annotation>
		<annotation source="MCS" anchor="faites" bfScore="--" coherenceScore="--">bn:00087107v</annotation>
		<annotation source="MCS" anchor="Puis" bfScore="--" coherenceScore="--">bn:00114281r</annotation>
		<annotation source="MCS" anchor="agréer" bfScore="--" coherenceScore="--">bn:00082737v</annotation>
		<annotation source="MCS" anchor="mains" bfScore="--" coherenceScore="--">bn:00042759n</annotation>
		<annotation source="MCS" anchor="trompeur" bfScore="--" coherenceScore="--">bn:00101007a</annotation>
		<annotation source="MCS" anchor="troupeau" bfScore="--" coherenceScore="--">bn:00043801n</annotation>
		<annotation source="BABELFY" anchor="mâle" bfScore="0.7199162888036275" coherenceScore="0.3302752293577982">bn:00052968n</annotation>
		<annotation source="MCS" anchor="voue" bfScore="--" coherenceScore="--">bn:00086680v</annotation>
		<annotation source="MCS" anchor="sacrifie" bfScore="--" coherenceScore="--">bn:00088824v</annotation>
		<annotation source="MCS" anchor="Seigneur" bfScore="--" coherenceScore="--">bn:00070296n</annotation>
		<annotation source="MCS" anchor="bête" bfScore="--" coherenceScore="--">bn:00009390n</annotation>
		<annotation source="BABELFY" anchor="grand roi" bfScore="1.0" coherenceScore="0.022935779816513763">bn:04769732n</annotation>
		<annotation source="MCS" anchor="roi" bfScore="--" coherenceScore="--">bn:00049141n</annotation>
		<annotation source="MCS" anchor="redoutable" bfScore="--" coherenceScore="--">bn:00097890a</annotation>
	</annotations>
</paragraph>
<paragraph id="p.2">
	<text>
		Maintenant , à vous cet ordre , sacrificateurs !
		Si vous n ` écoutez pas , si vous ne prenez pas à coeur De donner gloire à mon nom , dit l ` Éternel des armées , J ` enverrai parmi vous la malédiction , et je maudirai vos bénédictions ; Oui , je les maudirai , parce que vous ne l ` avez pas à coeur .
		Voici , je détruirai vos semences , Et je vous jetterai des excréments au visage , Les excréments des victimes que vous sacrifiez , Et on vous emportera avec eux .
		Vous saurez alors que je vous ai adressé cet ordre , Afin que mon alliance avec Lévi subsiste , Dit l ` Éternel des armées .
		Mon alliance avec lui était une alliance de vie et de paix , Ce que je lui accordai pour qu ` il me craignit ; Et il a eu pour moi de la crainte , Il a tremblé devant mon nom .
		La loi de la vérité était dans sa bouche , Et l ` iniquité ne s ` est point trouvée sur ses lèvres ; Il a marché avec moi dans la paix et dans la droiture , Et il a détourné du mal beaucoup d ` hommes .
		Car les lèvres du sacrificateur doivent garder la science , Et c ` est à sa bouche qu ` on demande la loi , Parce qu ` il est un envoyé de l ` Éternel des armées .
		Mais vous , vous vous êtes écartés de la voie , Vous avez fait de la loi une occasion de chute pour plusieurs , Vous avez violé l ` alliance de Lévi , Dit l ` Éternel des armées .
		Et moi , je vous rendrai méprisables et vils Aux yeux de tout le peuple , Parce que vous n ` avez pas gardé mes voies , Et que vous avez égard à l ` apparence des personnes Quand vous interprétez la loi .
		N ` avons - nous pas tous un seul père ? N ` est - ce pas un seul Dieu qui nous a créés ? Pourquoi donc sommes - nous infidèles l ` un envers l ` autre , En profanant l ` alliance de nos pères ?
		Juda s ` est montré infidèle , Et une abomination a été commise en Israël et à Jérusalem ; Car Juda a profané ce qui est consacré à l ` Éternel , ce qu ` aime l ` Éternel , Il s ` est uni à la fille d ` un dieu étranger .
		L ` Éternel retranchera l ` homme qui fait cela , celui qui veille et qui répond , Il le retranchera des tentes de Jacob , Et il retranchera celui qui présente une offrande A l ` Éternel des armées .
		Voici encore ce que vous faites : Vous couvrez de larmes l ` autel de l ` Éternel , De pleurs et de gémissements , En sorte qu ` il n ` a plus égard aux offrandes Et qu ` il ne peut rien agréer de vos mains .
		Et vous dites : Pourquoi ? . . . Parce que l ` Éternel a été témoin entre toi et la femme de ta jeunesse , A laquelle tu es infidèle , Bien qu ` elle soit ta compagne et la femme de ton alliance .
		Nul n ` a fait cela , avec un reste de bon sens . Un seul l ` a fait , et pourquoi ? Parce qu ` il cherchait la postérité que Dieu lui avait promise . Prenez donc garde en votre esprit , Et qu ` aucun ne soit infidèle à la femme de sa jeunesse !
		Car je hais la répudiation , Dit l ` Éternel , le Dieu d ` Israël , Et celui qui couvre de violence son vêtement , Dit l ` Éternel des armées . Prenez donc garde en votre esprit , Et ne soyez pas infidèles !
		Vous fatiguez l ` Éternel par vos paroles , Et vous dites : En quoi l ` avons - nous fatigué ? C ` est en disant : Quiconque fait le mal est bon aux yeux de l ` Éternel , Et c ` est en lui qu ` il prend plaisir ! Ou bien : Où est le Dieu de la justice ?
	</text>
	<annotations>
		<annotation source="MCS" anchor="Maintenant" bfScore="--" coherenceScore="--">bn:00114424r</annotation>
		<annotation source="MCS" anchor="ordre" bfScore="--" coherenceScore="--">bn:00059303n</annotation>
		<annotation source="BABELFY" anchor="sacrificateurs" bfScore="1.0" coherenceScore="0.19183673469387755">bn:00068756n</annotation>
		<annotation source="MCS" anchor="écoutez" bfScore="--" coherenceScore="--">bn:00089280v</annotation>
		<annotation source="MCS" anchor="prenez" bfScore="--" coherenceScore="--">bn:00088762v</annotation>
		<annotation source="MCS" anchor="coeur" bfScore="--" coherenceScore="--">bn:00043383n</annotation>
		<annotation source="MCS" anchor="donner" bfScore="--" coherenceScore="--">bn:00088815v</annotation>
		<annotation source="MCS" anchor="gloire" bfScore="--" coherenceScore="--">bn:00016991n</annotation>
		<annotation source="MCS" anchor="nom" bfScore="--" coherenceScore="--">bn:00056758n</annotation>
		<annotation source="MCS" anchor="dit" bfScore="--" coherenceScore="--">bn:00093287v</annotation>
		<annotation source="MCS" anchor="Éternel" bfScore="--" coherenceScore="--">bn:00032037n</annotation>
		<annotation source="MCS" anchor="armées" bfScore="--" coherenceScore="--">bn:00005803n</annotation>
		<annotation source="MCS" anchor="enverrai" bfScore="--" coherenceScore="--">bn:00093485v</annotation>
		<annotation source="MCS" anchor="malédiction" bfScore="--" coherenceScore="--">bn:00046161n</annotation>
		<annotation source="MCS" anchor="bénédictions" bfScore="--" coherenceScore="--">bn:02733866n</annotation>
		<annotation source="MCS" anchor="avez" bfScore="--" coherenceScore="--">bn:00088733v</annotation>
		<annotation source="BABELFY" anchor="Voici" bfScore="1.0" coherenceScore="0.04897959183673469">bn:00114427r</annotation>
		<annotation source="MCS" anchor="détruirai" bfScore="--" coherenceScore="--">bn:00086699v</annotation>
		<annotation source="MCS" anchor="semences" bfScore="--" coherenceScore="--">bn:15142303n</annotation>
		<annotation source="BABELFY" anchor="jetterai" bfScore="0.7204786909268531" coherenceScore="0.24081632653061225">bn:00088819v</annotation>
		<annotation source="MCS" anchor="excréments" bfScore="--" coherenceScore="--">bn:00011778n</annotation>
		<annotation source="MCS" anchor="visage" bfScore="--" coherenceScore="--">bn:00032600n</annotation>
		<annotation source="MCS" anchor="victimes" bfScore="--" coherenceScore="--">bn:00079940n</annotation>
		<annotation source="MCS" anchor="sacrifiez" bfScore="--" coherenceScore="--">bn:00088824v</annotation>
		<annotation source="MCS" anchor="emportera" bfScore="--" coherenceScore="--">bn:00083231v</annotation>
		<annotation source="MCS" anchor="saurez" bfScore="--" coherenceScore="--">bn:00090142v</annotation>
		<annotation source="MCS" anchor="alors" bfScore="--" coherenceScore="--">bn:00117250r</annotation>
		<annotation source="MCS" anchor="ai" bfScore="--" coherenceScore="--">bn:00088733v</annotation>
		<annotation source="MCS" anchor="adressé" bfScore="--" coherenceScore="--">bn:00082335v</annotation>
		<annotation source="MCS" anchor="alliance" bfScore="--" coherenceScore="--">bn:00080794n</annotation>
		<annotation source="BABELFY" anchor="Lévi" bfScore="1.0" coherenceScore="0.2">bn:00050874n</annotation>
		<annotation source="BABELFY" anchor="subsiste" bfScore="0.8677685950413223" coherenceScore="0.11428571428571428">bn:00090408v</annotation>
		<annotation source="MCS" anchor="Dit" bfScore="--" coherenceScore="--">bn:03942039n</annotation>
		<annotation source="MCS" anchor="était" bfScore="--" coherenceScore="--">bn:00083187v</annotation>
		<annotation source="MCS" anchor="vie" bfScore="--" coherenceScore="--">bn:00002761n</annotation>
		<annotation source="MCS" anchor="paix" bfScore="--" coherenceScore="--">bn:00061149n</annotation>
		<annotation source="MCS" anchor="accordai" bfScore="--" coherenceScore="--">bn:00083445v</annotation>
		<annotation source="MCS" anchor="craignit" bfScore="--" coherenceScore="--">bn:00088065v</annotation>
		<annotation source="MCS" anchor="eu" bfScore="--" coherenceScore="--">bn:00088733v</annotation>
		<annotation source="MCS" anchor="crainte" bfScore="--" coherenceScore="--">bn:00007503n</annotation>
		<annotation source="MCS" anchor="tremblé" bfScore="--" coherenceScore="--">bn:00093639v</annotation>
		<annotation source="MCS" anchor="loi" bfScore="--" coherenceScore="--">bn:00050249n</annotation>
		<annotation source="BABELFY" anchor="vérité" bfScore="0.921531403258978" coherenceScore="0.40816326530612246">bn:00072816n</annotation>
		<annotation source="MCS" anchor="bouche" bfScore="--" coherenceScore="--">bn:00056135n</annotation>
		<annotation source="BABELFY" anchor="iniquité" bfScore="1.0" coherenceScore="0.04081632653061224">bn:01267367n</annotation>
		<annotation source="MCS" anchor="est" bfScore="--" coherenceScore="--">bn:00083187v</annotation>
		<annotation source="MCS" anchor="trouvée" bfScore="--" coherenceScore="--">bn:00084231v</annotation>
		<annotation source="MCS" anchor="lèvres" bfScore="--" coherenceScore="--">bn:00051440n</annotation>
		<annotation source="MCS" anchor="marché" bfScore="--" coherenceScore="--">bn:00095597v</annotation>
		<annotation source="MCS" anchor="droiture" bfScore="--" coherenceScore="--">bn:00067848n</annotation>
		<annotation source="MCS" anchor="détourné" bfScore="--" coherenceScore="--">bn:00082954v</annotation>
		<annotation source="MCS" anchor="mal" bfScore="--" coherenceScore="--">bn:00032048n</annotation>
		<annotation source="MCS" anchor="beaucoup" bfScore="--" coherenceScore="--">bn:00114047r</annotation>
		<annotation source="MCS" anchor="hommes" bfScore="--" coherenceScore="--">bn:00044576n</annotation>
		<annotation source="BABELFY" anchor="sacrificateur" bfScore="1.0" coherenceScore="0.19183673469387755">bn:00068756n</annotation>
		<annotation source="MCS" anchor="doivent" bfScore="--" coherenceScore="--">bn:00091360v</annotation>
		<annotation source="MCS" anchor="garder" bfScore="--" coherenceScore="--">bn:00089407v</annotation>
		<annotation source="MCS" anchor="science" bfScore="--" coherenceScore="--">bn:00069670n</annotation>
		<annotation source="MCS" anchor="demande" bfScore="--" coherenceScore="--">bn:00082817v</annotation>
		<annotation source="BABELFY" anchor="Parce" bfScore="1.0" coherenceScore="0.004081632653061225">bn:00764386n</annotation>
		<annotation source="BABELFY" anchor="envoyé" bfScore="0.9623706491063029" coherenceScore="0.12653061224489795">bn:00030563n</annotation>
		<annotation source="BABELFY" anchor="Éternel" bfScore="0.9180327868852459" coherenceScore="0.04897959183673469">bn:00096562a</annotation>
		<annotation source="MCS" anchor="êtes" bfScore="--" coherenceScore="--">bn:00083187v</annotation>
		<annotation source="BABELFY" anchor="écartés" bfScore="0.8782435129740519" coherenceScore="0.19591836734693877">bn:00087813v</annotation>
		<annotation source="MCS" anchor="voie" bfScore="--" coherenceScore="--">bn:00077838n</annotation>
		<annotation source="MCS" anchor="fait" bfScore="--" coherenceScore="--">bn:00087107v</annotation>
		<annotation source="MCS" anchor="occasion" bfScore="--" coherenceScore="--">bn:00017621n</annotation>
		<annotation source="MCS" anchor="chute" bfScore="--" coherenceScore="--">bn:00032830n</annotation>
		<annotation source="MCS" anchor="violé" bfScore="--" coherenceScore="--">bn:00082842v</annotation>
		<annotation source="MCS" anchor="rendrai" bfScore="--" coherenceScore="--">bn:00092791v</annotation>
		<annotation source="MCS" anchor="méprisables" bfScore="--" coherenceScore="--">bn:00097890a</annotation>
		<annotation source="BABELFY" anchor="vils" bfScore="1.0" coherenceScore="0.036734693877551024">bn:00101247a</annotation>
		<annotation source="BABELFY" anchor="yeux" bfScore="0.8463128229215594" coherenceScore="0.40408163265306124">bn:00032512n</annotation>
		<annotation source="MCS" anchor="peuple" bfScore="--" coherenceScore="--">bn:00019283n</annotation>
		<annotation source="BABELFY" anchor="Parce que" bfScore="1.0" coherenceScore="0.02040816326530612">bn:03980365n</annotation>
		<annotation source="MCS" anchor="gardé" bfScore="--" coherenceScore="--">bn:00089407v</annotation>
		<annotation source="MCS" anchor="voies" bfScore="--" coherenceScore="--">bn:00077838n</annotation>
		<annotation source="MCS" anchor="égard" bfScore="--" coherenceScore="--">bn:00066865n</annotation>
		<annotation source="MCS" anchor="apparence" bfScore="--" coherenceScore="--">bn:00005023n</annotation>
		<annotation source="BABELFY" anchor="personnes" bfScore="0.9118282352706967" coherenceScore="0.8040816326530612">bn:00046516n</annotation>
		<annotation source="MCS" anchor="interprétez" bfScore="--" coherenceScore="--">bn:00089840v</annotation>
		<annotation source="MCS" anchor="avons" bfScore="--" coherenceScore="--">bn:00088733v</annotation>
		<annotation source="MCS" anchor="seul" bfScore="--" coherenceScore="--">bn:00096872a</annotation>
		<annotation source="MCS" anchor="père" bfScore="--" coherenceScore="--">bn:00009616n</annotation>
		<annotation source="BABELFY" anchor="Dieu" bfScore="0.7832374090725984" coherenceScore="0.7306122448979592">bn:00040878n</annotation>
		<annotation source="MCS" anchor="créés" bfScore="--" coherenceScore="--">bn:00086008v</annotation>
		<annotation source="BABELFY" anchor="Pourquoi" bfScore="1.0" coherenceScore="0.0163265306122449">bn:00114822r</annotation>
		<annotation source="MCS" anchor="donc" bfScore="--" coherenceScore="--">bn:00115635r</annotation>
		<annotation source="MCS" anchor="autre" bfScore="--" coherenceScore="--">bn:00101268a</annotation>
		<annotation source="BABELFY" anchor="En profanant" bfScore="1.0" coherenceScore="0.11428571428571428">bn:00086665v</annotation>
		<annotation source="BABELFY" anchor="profanant" bfScore="1.0" coherenceScore="0.11428571428571428">bn:00086665v</annotation>
		<annotation source="MCS" anchor="pères" bfScore="--" coherenceScore="--">bn:00009616n</annotation>
		<annotation source="MCS" anchor="montré" bfScore="--" coherenceScore="--">bn:00086557v</annotation>
		<annotation source="MCS" anchor="été" bfScore="--" coherenceScore="--">bn:00083187v</annotation>
		<annotation source="MCS" anchor="commise" bfScore="--" coherenceScore="--">bn:00085426v</annotation>
		<annotation source="BABELFY" anchor="Israël" bfScore="0.9668289470170973" coherenceScore="0.6938775510204082">bn:00047679n</annotation>
		<annotation source="BABELFY" anchor="Jérusalem" bfScore="0.9690433900025375" coherenceScore="0.31020408163265306">bn:00015555n</annotation>
		<annotation source="MCS" anchor="Car" bfScore="--" coherenceScore="--">bn:02142237n</annotation>
		<annotation source="BABELFY" anchor="profané" bfScore="1.0" coherenceScore="0.11428571428571428">bn:00086665v</annotation>
		<annotation source="MCS" anchor="consacré" bfScore="--" coherenceScore="--">bn:00085427v</annotation>
		<annotation source="MCS" anchor="aime" bfScore="--" coherenceScore="--">bn:00090504v</annotation>
		<annotation source="MCS" anchor="uni" bfScore="--" coherenceScore="--">bn:00090745v</annotation>
		<annotation source="MCS" anchor="fille" bfScore="--" coherenceScore="--">bn:00034453n</annotation>
		<annotation source="BABELFY" anchor="dieu" bfScore="0.7832374090725984" coherenceScore="0.7306122448979592">bn:00040878n</annotation>
		<annotation source="MCS" anchor="étranger" bfScore="--" coherenceScore="--">bn:00103205a</annotation>
		<annotation source="MCS" anchor="retranchera" bfScore="--" coherenceScore="--">bn:00085866v</annotation>
		<annotation source="MCS" anchor="homme" bfScore="--" coherenceScore="--">bn:00044576n</annotation>
		<annotation source="MCS" anchor="veille" bfScore="--" coherenceScore="--">bn:00080353n</annotation>
		<annotation source="MCS" anchor="répond" bfScore="--" coherenceScore="--">bn:00082646v</annotation>
		<annotation source="MCS" anchor="tentes" bfScore="--" coherenceScore="--">bn:00020602n</annotation>
		<annotation source="MCS" anchor="Jacob" bfScore="--" coherenceScore="--">bn:00047849n</annotation>
		<annotation source="MCS" anchor="présente" bfScore="--" coherenceScore="--">bn:00090234v</annotation>
		<annotation source="BABELFY" anchor="offrande" bfScore="1.0" coherenceScore="0.11428571428571428">bn:03628823n</annotation>
		<annotation source="MCS" anchor="encore" bfScore="--" coherenceScore="--">bn:00114369r</annotation>
		<annotation source="MCS" anchor="faites" bfScore="--" coherenceScore="--">bn:00087107v</annotation>
		<annotation source="MCS" anchor="couvrez" bfScore="--" coherenceScore="--">bn:00085904v</annotation>
		<annotation source="BABELFY" anchor="larmes" bfScore="0.8225862669919832" coherenceScore="0.16326530612244897">bn:00024162n</annotation>
		<annotation source="MCS" anchor="autel" bfScore="--" coherenceScore="--">bn:00003117n</annotation>
		<annotation source="MCS" anchor="pleurs" bfScore="--" coherenceScore="--">bn:00821073n</annotation>
		<annotation source="MCS" anchor="gémissements" bfScore="--" coherenceScore="--">bn:00041834n</annotation>
		<annotation source="MCS" anchor="sorte" bfScore="--" coherenceScore="--">bn:00035907n</annotation>
		<annotation source="MCS" anchor="plus" bfScore="--" coherenceScore="--">bn:00115880r</annotation>
		<annotation source="BABELFY" anchor="offrandes" bfScore="1.0" coherenceScore="0.11428571428571428">bn:03628823n</annotation>
		<annotation source="BABELFY" anchor="peut" bfScore="0.8085106382978723" coherenceScore="0.07755102040816327">bn:00084451v</annotation>
		<annotation source="MCS" anchor="rien" bfScore="--" coherenceScore="--">bn:00116378r</annotation>
		<annotation source="MCS" anchor="agréer" bfScore="--" coherenceScore="--">bn:00082737v</annotation>
		<annotation source="MCS" anchor="mains" bfScore="--" coherenceScore="--">bn:00042759n</annotation>
		<annotation source="MCS" anchor="dites" bfScore="--" coherenceScore="--">bn:00093287v</annotation>
		<annotation source="MCS" anchor="témoin" bfScore="--" coherenceScore="--">bn:00066675n</annotation>
		<annotation source="BABELFY" anchor="femme" bfScore="0.8178958319571966" coherenceScore="0.6489795918367347">bn:00001530n</annotation>
		<annotation source="BABELFY" anchor="jeunesse" bfScore="0.9145310097385956" coherenceScore="0.24897959183673468">bn:00073643n</annotation>
		<annotation source="MCS" anchor="es" bfScore="--" coherenceScore="--">bn:00083187v</annotation>
		<annotation source="MCS" anchor="Bien" bfScore="--" coherenceScore="--">bn:00041061n</annotation>
		<annotation source="MCS" anchor="soit" bfScore="--" coherenceScore="--">bn:00083187v</annotation>
		<annotation source="MCS" anchor="compagne" bfScore="--" coherenceScore="--">bn:00043641n</annotation>
		<annotation source="MCS" anchor="Nul" bfScore="--" coherenceScore="--">bn:13605696a</annotation>
		<annotation source="MCS" anchor="reste" bfScore="--" coherenceScore="--">bn:00008047n</annotation>
		<annotation source="MCS" anchor="bon" bfScore="--" coherenceScore="--">bn:00103672a</annotation>
		<annotation source="BABELFY" anchor="pourquoi" bfScore="1.0" coherenceScore="0.0163265306122449">bn:00114822r</annotation>
		<annotation source="MCS" anchor="cherchait" bfScore="--" coherenceScore="--">bn:00090460v</annotation>
		<annotation source="BABELFY" anchor="postérité" bfScore="0.835627829622101" coherenceScore="0.31020408163265306">bn:00047692n</annotation>
		<annotation source="MCS" anchor="avait" bfScore="--" coherenceScore="--">bn:00088733v</annotation>
		<annotation source="MCS" anchor="promise" bfScore="--" coherenceScore="--">bn:13606367a</annotation>
		<annotation source="MCS" anchor="Prenez" bfScore="--" coherenceScore="--">bn:00088762v</annotation>
		<annotation source="MCS" anchor="garde" bfScore="--" coherenceScore="--">bn:00024585n</annotation>
		<annotation source="MCS" anchor="esprit" bfScore="--" coherenceScore="--">bn:00012681n</annotation>
		<annotation source="BABELFY" anchor="hais" bfScore="1.0" coherenceScore="0.1510204081632653">bn:00086717v</annotation>
		<annotation source="MCS" anchor="répudiation" bfScore="--" coherenceScore="--">bn:00025642n</annotation>
		<annotation source="MCS" anchor="couvre" bfScore="--" coherenceScore="--">bn:00085904v</annotation>
		<annotation source="BABELFY" anchor="violence" bfScore="0.9890245575524763" coherenceScore="0.3306122448979592">bn:00035772n</annotation>
		<annotation source="BABELFY" anchor="vêtement" bfScore="0.8391629910760078" coherenceScore="0.4122448979591837">bn:00006125n</annotation>
		<annotation source="MCS" anchor="soyez" bfScore="--" coherenceScore="--">bn:00083187v</annotation>
		<annotation source="BABELFY" anchor="fatiguez" bfScore="0.7505686125852918" coherenceScore="0.12244897959183673">bn:00088059v</annotation>
		<annotation source="MCS" anchor="paroles" bfScore="--" coherenceScore="--">bn:00049911n</annotation>
		<annotation source="BABELFY" anchor="fatigué" bfScore="0.7505686125852918" coherenceScore="0.12244897959183673">bn:00088059v</annotation>
		<annotation source="MCS" anchor="disant" bfScore="--" coherenceScore="--">bn:00093287v</annotation>
		<annotation source="MCS" anchor="prend" bfScore="--" coherenceScore="--">bn:00088762v</annotation>
		<annotation source="MCS" anchor="plaisir" bfScore="--" coherenceScore="--">bn:00062972n</annotation>
		<annotation source="MCS" anchor="bien" bfScore="--" coherenceScore="--">bn:00115530r</annotation>
		<annotation source="MCS" anchor="justice" bfScore="--" coherenceScore="--">bn:00048668n</annotation>
	</annotations>
</paragraph>
<paragraph id="p.3">
	<text>
		Voici , j ` enverrai mon messager ; Il préparera le chemin devant moi . Et soudain entrera dans son temple le Seigneur que vous cherchez ; Et le messager de l ` alliance que vous désirez , voici , il vient , Dit l ` Éternel des armées .
		Qui pourra soutenir le jour de sa venue ? Qui restera debout quand il paraîtra ? Car il sera comme le feu du fondeur , Comme la potasse des foulons .
		Il s ` assiéra , fondra et purifiera l ` argent ; Il purifiera les fils de Lévi , Il les épurera comme on épure l ` or et l ` argent , Et ils présenteront à l ` Éternel des offrandes avec justice .
		Alors l ` offrande de Juda et de Jérusalem sera agréable à l ` Éternel , Comme aux anciens jours , comme aux années d ` autrefois .
		Je m ` approcherai de vous pour le jugement , Et je me hâterai de témoigner contre les enchanteurs et les adultères , Contre ceux qui jurent faussement , Contre ceux qui retiennent le salaire du mercenaire , Qui oppriment la veuve et l ` orphelin , Qui font tort à l ` étranger , et ne me craignent pas , Dit l ` Éternel des armées .
		Car je suis l ` Éternel , je ne change pas ; Et vous , enfants de Jacob , vous n ` avez pas été consumés .
		Depuis le temps de vos pères , vous vous êtes écartés de mes ordonnances , Vous ne les avez point observées . Revenez à moi , et je reviendrai à vous , dit l ` Éternel des armées . Et vous dites : En quoi devons - nous revenir ?
		Un homme trompe - t - il Dieu ? Car vous me trompez , Et vous dites : En quoi t ` avons - nous trompé ? Dans les dîmes et les offrandes .
		Vous êtes frappés par la malédiction , Et vous me trompez , La nation tout entière !
		Apportez à la maison du trésor toutes les dîmes , Afin qu ` il y ait de la nourriture dans ma maison ; Mettez - moi de la sorte à l ` épreuve , Dit l ` Éternel des armées . Et vous verrez si je n ` ouvre pas pour vous les écluses des cieux , Si je ne répands pas sur vous la bénédiction en abondance .
		Pour vous je menacerai celui qui dévore , Et il ne vous détruira pas les fruits de la terre , Et la vigne ne sera pas stérile dans vos campagnes , Dit l ` Éternel des armées .
		Toutes les nations vous diront heureux , Car vous serez un pays de délices , Dit l ` Éternel des armées .
		Vos paroles sont rudes contre moi , dit l ` Éternel . Et vous dites : Qu ` avons - nous dit contre toi ?
		Vous avez dit : C ` est en vain que l ` on sert Dieu ; Qu ` avons - nous gagné à observer ses préceptes , Et à marcher avec tristesse A cause de l ` Éternel des armées ?
		Maintenant nous estimons heureux les hautains ; Oui , les méchants prospèrent ; Oui , ils tentent Dieu , et ils échappent !
		Alors ceux qui craignent l ` Éternel se parlèrent l ` un à l ` autre ; L ` Éternel fut attentif , et il écouta ; Et un livre de souvenir fut écrit devant lui Pour ceux qui craignent l ` Éternel Et qui honorent son nom .
		Ils seront à moi , dit l ` Éternel des armées , Ils m ` appartiendront , au jour que je prépare ; J ` aurai compassion d ` eux , Comme un homme a compassion de son fils qui le sert .
		Et vous verrez de nouveau la différence Entre le juste et le méchant , Entre celui qui sert Dieu Et celui qui ne le sert pas .
	</text>
	<annotations>
		<annotation source="BABELFY" anchor="Voici" bfScore="1.0" coherenceScore="0.030434782608695653">bn:00114427r</annotation>
		<annotation source="MCS" anchor="enverrai" bfScore="--" coherenceScore="--">bn:00093485v</annotation>
		<annotation source="MCS" anchor="messager" bfScore="--" coherenceScore="--">bn:00023284n</annotation>
		<annotation source="MCS" anchor="préparera" bfScore="--" coherenceScore="--">bn:00088250v</annotation>
		<annotation source="MCS" anchor="chemin" bfScore="--" coherenceScore="--">bn:00080721n</annotation>
		<annotation source="MCS" anchor="soudain" bfScore="--" coherenceScore="--">bn:00114089r</annotation>
		<annotation source="MCS" anchor="entrera" bfScore="--" coherenceScore="--">bn:00085363v</annotation>
		<annotation source="MCS" anchor="temple" bfScore="--" coherenceScore="--">bn:00076465n</annotation>
		<annotation source="MCS" anchor="Seigneur" bfScore="--" coherenceScore="--">bn:00070296n</annotation>
		<annotation source="MCS" anchor="cherchez" bfScore="--" coherenceScore="--">bn:00090460v</annotation>
		<annotation source="MCS" anchor="alliance" bfScore="--" coherenceScore="--">bn:00080794n</annotation>
		<annotation source="MCS" anchor="désirez" bfScore="--" coherenceScore="--">bn:00085989v</annotation>
		<annotation source="BABELFY" anchor="voici" bfScore="1.0" coherenceScore="0.030434782608695653">bn:00114427r</annotation>
		<annotation source="MCS" anchor="vient" bfScore="--" coherenceScore="--">bn:00085322v</annotation>
		<annotation source="MCS" anchor="Dit" bfScore="--" coherenceScore="--">bn:03942039n</annotation>
		<annotation source="MCS" anchor="Éternel" bfScore="--" coherenceScore="--">bn:00032037n</annotation>
		<annotation source="MCS" anchor="armées" bfScore="--" coherenceScore="--">bn:00005803n</annotation>
		<annotation source="MCS" anchor="pourra" bfScore="--" coherenceScore="--">bn:13601970v</annotation>
		<annotation source="MCS" anchor="soutenir" bfScore="--" coherenceScore="--">bn:00089387v</annotation>
		<annotation source="MCS" anchor="jour" bfScore="--" coherenceScore="--">bn:00000086n</annotation>
		<annotation source="MCS" anchor="restera" bfScore="--" coherenceScore="--">bn:00085719v</annotation>
		<annotation source="BABELFY" anchor="debout" bfScore="0.8" coherenceScore="0.043478260869565216">bn:00115031r</annotation>
		<annotation source="MCS" anchor="paraîtra" bfScore="--" coherenceScore="--">bn:00082693v</annotation>
		<annotation source="MCS" anchor="sera" bfScore="--" coherenceScore="--">bn:00083187v</annotation>
		<annotation source="MCS" anchor="comme" bfScore="--" coherenceScore="--">bn:00114354r</annotation>
		<annotation source="MCS" anchor="feu" bfScore="--" coherenceScore="--">bn:00034625n</annotation>
		<annotation source="MCS" anchor="Comme" bfScore="--" coherenceScore="--">bn:00088952v</annotation>
		<annotation source="BABELFY" anchor="potasse" bfScore="0.7241379310344828" coherenceScore="0.05217391304347826">bn:00016858n</annotation>
		<annotation source="MCS" anchor="foulons" bfScore="--" coherenceScore="--">bn:03939390n</annotation>
		<annotation source="MCS" anchor="assiéra" bfScore="--" coherenceScore="--">bn:00093776v</annotation>
		<annotation source="MCS" anchor="fondra" bfScore="--" coherenceScore="--">bn:00090736v</annotation>
		<annotation source="MCS" anchor="purifiera" bfScore="--" coherenceScore="--">bn:00092184v</annotation>
		<annotation source="BABELFY" anchor="argent" bfScore="0.8061930475869051" coherenceScore="0.508695652173913">bn:00055644n</annotation>
		<annotation source="BABELFY" anchor="fils de" bfScore="1.0" coherenceScore="0.008695652173913044">bn:15806605n</annotation>
		<annotation source="BABELFY" anchor="Lévi" bfScore="1.0" coherenceScore="0.20434782608695654">bn:00050874n</annotation>
		<annotation source="MCS" anchor="or" bfScore="--" coherenceScore="--">bn:00040921n</annotation>
		<annotation source="MCS" anchor="présenteront" bfScore="--" coherenceScore="--">bn:00090234v</annotation>
		<annotation source="BABELFY" anchor="Éternel" bfScore="0.8666666666666667" coherenceScore="0.05652173913043478">bn:00096562a</annotation>
		<annotation source="BABELFY" anchor="offrandes" bfScore="0.9984639016897081" coherenceScore="0.10869565217391304">bn:03628823n</annotation>
		<annotation source="MCS" anchor="justice" bfScore="--" coherenceScore="--">bn:00048668n</annotation>
		<annotation source="MCS" anchor="Alors" bfScore="--" coherenceScore="--">bn:00117250r</annotation>
		<annotation source="BABELFY" anchor="offrande" bfScore="1.0" coherenceScore="0.10869565217391304">bn:03628823n</annotation>
		<annotation source="BABELFY" anchor="Jérusalem" bfScore="0.9560959415719147" coherenceScore="0.3130434782608696">bn:00015555n</annotation>
		<annotation source="MCS" anchor="agréable" bfScore="--" coherenceScore="--">bn:00108680a</annotation>
		<annotation source="BABELFY" anchor="Comme" bfScore="0.9263157894736842" coherenceScore="0.06956521739130435">bn:00891191n</annotation>
		<annotation source="MCS" anchor="anciens" bfScore="--" coherenceScore="--">bn:00107787a</annotation>
		<annotation source="MCS" anchor="jours" bfScore="--" coherenceScore="--">bn:00000086n</annotation>
		<annotation source="MCS" anchor="années" bfScore="--" coherenceScore="--">bn:00006662n</annotation>
		<annotation source="MCS" anchor="autrefois" bfScore="--" coherenceScore="--">bn:00114423r</annotation>
		<annotation source="MCS" anchor="approcherai" bfScore="--" coherenceScore="--">bn:00082732v</annotation>
		<annotation source="MCS" anchor="jugement" bfScore="--" coherenceScore="--">bn:00048493n</annotation>
		<annotation source="MCS" anchor="témoigner" bfScore="--" coherenceScore="--">bn:00082915v</annotation>
		<annotation source="MCS" anchor="enchanteurs" bfScore="--" coherenceScore="--">bn:00030684n</annotation>
		<annotation source="MCS" anchor="adultères" bfScore="--" coherenceScore="--">bn:00001543n</annotation>
		<annotation source="BABELFY" anchor="Contre" bfScore="1.0" coherenceScore="0.1">bn:00085873v</annotation>
		<annotation source="MCS" anchor="jurent" bfScore="--" coherenceScore="--">bn:00083560v</annotation>
		<annotation source="BABELFY" anchor="faussement" bfScore="0.9230769230769231" coherenceScore="0.05217391304347826">bn:00115315r</annotation>
		<annotation source="MCS" anchor="retiennent" bfScore="--" coherenceScore="--">bn:00089400v</annotation>
		<annotation source="MCS" anchor="salaire" bfScore="--" coherenceScore="--">bn:00029416n</annotation>
		<annotation source="BABELFY" anchor="mercenaire" bfScore="0.9141705069124424" coherenceScore="0.1">bn:00054414n</annotation>
		<annotation source="MCS" anchor="oppriment" bfScore="--" coherenceScore="--">bn:00086114v</annotation>
		<annotation source="BABELFY" anchor="orphelin" bfScore="1.0" coherenceScore="0.08695652173913043">bn:00107986a</annotation>
		<annotation source="MCS" anchor="font" bfScore="--" coherenceScore="--">bn:00087107v</annotation>
		<annotation source="BABELFY" anchor="tort" bfScore="1.0" coherenceScore="0.11739130434782609">bn:00081726n</annotation>
		<annotation source="MCS" anchor="étranger" bfScore="--" coherenceScore="--">bn:00103205a</annotation>
		<annotation source="MCS" anchor="craignent" bfScore="--" coherenceScore="--">bn:00088065v</annotation>
		<annotation source="MCS" anchor="change" bfScore="--" coherenceScore="--">bn:00082553v</annotation>
		<annotation source="MCS" anchor="enfants" bfScore="--" coherenceScore="--">bn:00018346n</annotation>
		<annotation source="MCS" anchor="Jacob" bfScore="--" coherenceScore="--">bn:00047849n</annotation>
		<annotation source="MCS" anchor="avez" bfScore="--" coherenceScore="--">bn:00088733v</annotation>
		<annotation source="MCS" anchor="été" bfScore="--" coherenceScore="--">bn:00083187v</annotation>
		<annotation source="MCS" anchor="consumés" bfScore="--" coherenceScore="--">bn:00085692v</annotation>
		<annotation source="MCS" anchor="temps" bfScore="--" coherenceScore="--">bn:00077270n</annotation>
		<annotation source="MCS" anchor="pères" bfScore="--" coherenceScore="--">bn:00009616n</annotation>
		<annotation source="MCS" anchor="êtes" bfScore="--" coherenceScore="--">bn:00083187v</annotation>
		<annotation source="MCS" anchor="écartés" bfScore="--" coherenceScore="--">bn:00086798v</annotation>
		<annotation source="MCS" anchor="ordonnances" bfScore="--" coherenceScore="--">bn:00059437n</annotation>
		<annotation source="MCS" anchor="observées" bfScore="--" coherenceScore="--">bn:00091119v</annotation>
		<annotation source="MCS" anchor="Revenez" bfScore="--" coherenceScore="--">bn:00092969v</annotation>
		<annotation source="MCS" anchor="reviendrai" bfScore="--" coherenceScore="--">bn:00092969v</annotation>
		<annotation source="MCS" anchor="dit" bfScore="--" coherenceScore="--">bn:00093287v</annotation>
		<annotation source="MCS" anchor="dites" bfScore="--" coherenceScore="--">bn:00093287v</annotation>
		<annotation source="MCS" anchor="devons" bfScore="--" coherenceScore="--">bn:00091360v</annotation>
		<annotation source="MCS" anchor="revenir" bfScore="--" coherenceScore="--">bn:00092969v</annotation>
		<annotation source="MCS" anchor="homme" bfScore="--" coherenceScore="--">bn:00044576n</annotation>
		<annotation source="MCS" anchor="trompe" bfScore="--" coherenceScore="--">bn:00083458v</annotation>
		<annotation source="BABELFY" anchor="Dieu" bfScore="0.8037135081826203" coherenceScore="0.6869565217391305">bn:00040878n</annotation>
		<annotation source="MCS" anchor="trompez" bfScore="--" coherenceScore="--">bn:00083458v</annotation>
		<annotation source="MCS" anchor="avons" bfScore="--" coherenceScore="--">bn:00088733v</annotation>
		<annotation source="MCS" anchor="trompé" bfScore="--" coherenceScore="--">bn:00083458v</annotation>
		<annotation source="BABELFY" anchor="dîmes" bfScore="0.9854397204426325" coherenceScore="0.1565217391304348">bn:00077401n</annotation>
		<annotation source="MCS" anchor="frappés" bfScore="--" coherenceScore="--">bn:00089347v</annotation>
		<annotation source="MCS" anchor="malédiction" bfScore="--" coherenceScore="--">bn:00046161n</annotation>
		<annotation source="BABELFY" anchor="nation" bfScore="0.9463859926351285" coherenceScore="0.7565217391304347">bn:00023236n</annotation>
		<annotation source="MCS" anchor="tout" bfScore="--" coherenceScore="--">bn:00114403r</annotation>
		<annotation source="MCS" anchor="entière" bfScore="--" coherenceScore="--">bn:00103393a</annotation>
		<annotation source="MCS" anchor="Apportez" bfScore="--" coherenceScore="--">bn:00084060v</annotation>
		<annotation source="MCS" anchor="maison" bfScore="--" coherenceScore="--">bn:00044994n</annotation>
		<annotation source="MCS" anchor="trésor" bfScore="--" coherenceScore="--">bn:00078117n</annotation>
		<annotation source="MCS" anchor="ait" bfScore="--" coherenceScore="--">bn:00088733v</annotation>
		<annotation source="MCS" anchor="nourriture" bfScore="--" coherenceScore="--">bn:00035650n</annotation>
		<annotation source="MCS" anchor="Mettez" bfScore="--" coherenceScore="--">bn:00090224v</annotation>
		<annotation source="MCS" anchor="sorte" bfScore="--" coherenceScore="--">bn:00035907n</annotation>
		<annotation source="MCS" anchor="épreuve" bfScore="--" coherenceScore="--">bn:03541416n</annotation>
		<annotation source="MCS" anchor="verrez" bfScore="--" coherenceScore="--">bn:00093430v</annotation>
		<annotation source="MCS" anchor="écluses" bfScore="--" coherenceScore="--">bn:00061415n</annotation>
		<annotation source="BABELFY" anchor="cieux" bfScore="1.0" coherenceScore="0.021739130434782608">bn:00808092n</annotation>
		<annotation source="MCS" anchor="répands" bfScore="--" coherenceScore="--">bn:00084119v</annotation>
		<annotation source="MCS" anchor="bénédiction" bfScore="--" coherenceScore="--">bn:02733866n</annotation>
		<annotation source="MCS" anchor="abondance" bfScore="--" coherenceScore="--">bn:00000517n</annotation>
		<annotation source="BABELFY" anchor="menacerai" bfScore="0.7129480142072974" coherenceScore="0.1391304347826087">bn:00087612v</annotation>
		<annotation source="MCS" anchor="dévore" bfScore="--" coherenceScore="--">bn:00083503v</annotation>
		<annotation source="MCS" anchor="détruira" bfScore="--" coherenceScore="--">bn:00086699v</annotation>
		<annotation source="MCS" anchor="fruits" bfScore="--" coherenceScore="--">bn:00036686n</annotation>
		<annotation source="MCS" anchor="vigne" bfScore="--" coherenceScore="--">bn:00041400n</annotation>
		<annotation source="MCS" anchor="stérile" bfScore="--" coherenceScore="--">bn:00105063a</annotation>
		<annotation source="MCS" anchor="campagnes" bfScore="--" coherenceScore="--">bn:00015050n</annotation>
		<annotation source="BABELFY" anchor="nations" bfScore="0.9462599495723538" coherenceScore="0.7565217391304347">bn:00023236n</annotation>
		<annotation source="MCS" anchor="diront" bfScore="--" coherenceScore="--">bn:00093287v</annotation>
		<annotation source="MCS" anchor="heureux" bfScore="--" coherenceScore="--">bn:00103933a</annotation>
		<annotation source="MCS" anchor="Car" bfScore="--" coherenceScore="--">bn:02142237n</annotation>
		<annotation source="MCS" anchor="serez" bfScore="--" coherenceScore="--">bn:00083187v</annotation>
		<annotation source="MCS" anchor="pays" bfScore="--" coherenceScore="--">bn:00023235n</annotation>
		<annotation source="BABELFY" anchor="délices" bfScore="0.9983079526226735" coherenceScore="0.17391304347826086">bn:00026047n</annotation>
		<annotation source="MCS" anchor="paroles" bfScore="--" coherenceScore="--">bn:00049911n</annotation>
		<annotation source="MCS" anchor="sont" bfScore="--" coherenceScore="--">bn:00083187v</annotation>
		<annotation source="MCS" anchor="est" bfScore="--" coherenceScore="--">bn:00083187v</annotation>
		<annotation source="BABELFY" anchor="vain" bfScore="0.9221984296930764" coherenceScore="0.14782608695652175">bn:00100184a</annotation>
		<annotation source="MCS" anchor="sert" bfScore="--" coherenceScore="--">bn:00089309v</annotation>
		<annotation source="MCS" anchor="gagné" bfScore="--" coherenceScore="--">bn:00084089v</annotation>
		<annotation source="MCS" anchor="observer" bfScore="--" coherenceScore="--">bn:00091119v</annotation>
		<annotation source="MCS" anchor="préceptes" bfScore="--" coherenceScore="--">bn:00064077n</annotation>
		<annotation source="MCS" anchor="marcher" bfScore="--" coherenceScore="--">bn:00095597v</annotation>
		<annotation source="BABELFY" anchor="tristesse" bfScore="0.7293371180497579" coherenceScore="0.22608695652173913">bn:00068782n</annotation>
		<annotation source="MCS" anchor="cause" bfScore="--" coherenceScore="--">bn:00015051n</annotation>
		<annotation source="MCS" anchor="Maintenant" bfScore="--" coherenceScore="--">bn:00114424r</annotation>
		<annotation source="MCS" anchor="estimons" bfScore="--" coherenceScore="--">bn:00082743v</annotation>
		<annotation source="BABELFY" anchor="hautains" bfScore="1.0" coherenceScore="0.008695652173913044">bn:03976092n</annotation>
		<annotation source="MCS" anchor="méchants" bfScore="--" coherenceScore="--">bn:00113857a</annotation>
		<annotation source="MCS" anchor="prospèrent" bfScore="--" coherenceScore="--">bn:00083781v</annotation>
		<annotation source="MCS" anchor="tentent" bfScore="--" coherenceScore="--">bn:00094868v</annotation>
		<annotation source="MCS" anchor="échappent" bfScore="--" coherenceScore="--">bn:00083978v</annotation>
		<annotation source="MCS" anchor="parlèrent" bfScore="--" coherenceScore="--">bn:00094090v</annotation>
		<annotation source="MCS" anchor="autre" bfScore="--" coherenceScore="--">bn:00101268a</annotation>
		<annotation source="MCS" anchor="fut" bfScore="--" coherenceScore="--">bn:00083187v</annotation>
		<annotation source="BABELFY" anchor="attentif" bfScore="0.8869778869778869" coherenceScore="0.08260869565217391">bn:00097725a</annotation>
		<annotation source="BABELFY" anchor="écouta" bfScore="0.8103746397694525" coherenceScore="0.16521739130434782">bn:00090400v</annotation>
		<annotation source="BABELFY" anchor="livre" bfScore="0.7939526944647647" coherenceScore="0.3826086956521739">bn:00012059n</annotation>
		<annotation source="MCS" anchor="souvenir" bfScore="--" coherenceScore="--">bn:00048886n</annotation>
		<annotation source="MCS" anchor="écrit" bfScore="--" coherenceScore="--">bn:00092123v</annotation>
		<annotation source="MCS" anchor="honorent" bfScore="--" coherenceScore="--">bn:00089449v</annotation>
		<annotation source="MCS" anchor="nom" bfScore="--" coherenceScore="--">bn:00056758n</annotation>
		<annotation source="MCS" anchor="seront" bfScore="--" coherenceScore="--">bn:00083187v</annotation>
		<annotation source="MCS" anchor="Ils" bfScore="--" coherenceScore="--">bn:03861247n</annotation>
		<annotation source="MCS" anchor="appartiendront" bfScore="--" coherenceScore="--">bn:00082702v</annotation>
		<annotation source="MCS" anchor="prépare" bfScore="--" coherenceScore="--">bn:00088250v</annotation>
		<annotation source="MCS" anchor="aurai" bfScore="--" coherenceScore="--">bn:00088733v</annotation>
		<annotation source="MCS" anchor="compassion" bfScore="--" coherenceScore="--">bn:00021318n</annotation>
		<annotation source="MCS" anchor="nouveau" bfScore="--" coherenceScore="--">bn:00107267a</annotation>
		<annotation source="MCS" anchor="différence" bfScore="--" coherenceScore="--">bn:00027022n</annotation>
		<annotation source="MCS" anchor="Entre" bfScore="--" coherenceScore="--">bn:00085363v</annotation>
		<annotation source="MCS" anchor="juste" bfScore="--" coherenceScore="--">bn:00102719a</annotation>
		<annotation source="MCS" anchor="méchant" bfScore="--" coherenceScore="--">bn:00007894n</annotation>
	</annotations>
</paragraph>
<paragraph id="p.4">
	<text>
		Car voici , le jour vient , Ardent comme une fournaise . Tous les hautains et tous les méchants seront comme du chaume ; Le jour qui vient les embrasera , Dit l ` Éternel des armées , Il ne leur laissera ni racine ni rameau .
		Mais pour vous qui craignez mon nom , se lèvera Le soleil de la justice , Et la guérison sera sous ses ailes ; Vous sortirez , et vous sauterez comme les veaux d ` une étable ,
		Et vous foulerez les méchants , Car ils seront comme de la cendre Sous la plante de vos pieds , Au jour que je prépare , Dit l ` Éternel des armées .
		Souvenez - vous de la loi de Moïse , mon serviteur , Auquel j ` ai prescrit en Horeb , pour tout Israël , Des préceptes et des ordonnances .
		Voici , je vous enverrai Élie , le prophète , Avant que le jour de l ` Éternel arrive , Ce jour grand et redoutable .
		Il ramènera le coeur des pères à leurs enfants , Et le coeur des enfants à leurs pères , De peur que je ne vienne frapper le pays d ` interdit .
	</text>
	<annotations>
		<annotation source="BABELFY" anchor="voici" bfScore="1.0" coherenceScore="0.012987012987012988">bn:00114427r</annotation>
		<annotation source="MCS" anchor="jour" bfScore="--" coherenceScore="--">bn:00000086n</annotation>
		<annotation source="MCS" anchor="vient" bfScore="--" coherenceScore="--">bn:00085322v</annotation>
		<annotation source="BABELFY" anchor="Ardent" bfScore="1.0" coherenceScore="0.012987012987012988">bn:17130156n</annotation>
		<annotation source="BABELFY" anchor="fournaise" bfScore="1.0" coherenceScore="0.03896103896103896">bn:00036895n</annotation>
		<annotation source="BABELFY" anchor="hautains" bfScore="1.0" coherenceScore="0.025974025974025976">bn:03976092n</annotation>
		<annotation source="MCS" anchor="méchants" bfScore="--" coherenceScore="--">bn:00113857a</annotation>
		<annotation source="MCS" anchor="seront" bfScore="--" coherenceScore="--">bn:00083187v</annotation>
		<annotation source="BABELFY" anchor="comme" bfScore="0.7101449275362319" coherenceScore="0.09090909090909091">bn:00117173r</annotation>
		<annotation source="MCS" anchor="chaume" bfScore="--" coherenceScore="--">bn:00076774n</annotation>
		<annotation source="BABELFY" anchor="embrasera" bfScore="1.0" coherenceScore="0.025974025974025976">bn:00093526v</annotation>
		<annotation source="MCS" anchor="Dit" bfScore="--" coherenceScore="--">bn:03942039n</annotation>
		<annotation source="MCS" anchor="Éternel" bfScore="--" coherenceScore="--">bn:00032037n</annotation>
		<annotation source="MCS" anchor="armées" bfScore="--" coherenceScore="--">bn:00005803n</annotation>
		<annotation source="MCS" anchor="laissera" bfScore="--" coherenceScore="--">bn:00090271v</annotation>
		<annotation source="MCS" anchor="racine" bfScore="--" coherenceScore="--">bn:00068246n</annotation>
		<annotation source="MCS" anchor="craignez" bfScore="--" coherenceScore="--">bn:00088065v</annotation>
		<annotation source="MCS" anchor="nom" bfScore="--" coherenceScore="--">bn:00056758n</annotation>
		<annotation source="MCS" anchor="lèvera" bfScore="--" coherenceScore="--">bn:00084110v</annotation>
		<annotation source="MCS" anchor="justice" bfScore="--" coherenceScore="--">bn:00048668n</annotation>
		<annotation source="MCS" anchor="guérison" bfScore="--" coherenceScore="--">bn:00043357n</annotation>
		<annotation source="MCS" anchor="sera" bfScore="--" coherenceScore="--">bn:00083187v</annotation>
		<annotation source="MCS" anchor="ailes" bfScore="--" coherenceScore="--">bn:00081337n</annotation>
		<annotation source="MCS" anchor="sortirez" bfScore="--" coherenceScore="--">bn:00087845v</annotation>
		<annotation source="MCS" anchor="sauterez" bfScore="--" coherenceScore="--">bn:00083833v</annotation>
		<annotation source="MCS" anchor="veaux" bfScore="--" coherenceScore="--">bn:00079649n</annotation>
		<annotation source="MCS" anchor="étable" bfScore="--" coherenceScore="--">bn:00014361n</annotation>
		<annotation source="BABELFY" anchor="foulerez" bfScore="1.0" coherenceScore="0.025974025974025976">bn:00094264v</annotation>
		<annotation source="BABELFY" anchor="Car" bfScore="0.7567567567567568" coherenceScore="0.2077922077922078">bn:00007329n</annotation>
		<annotation source="MCS" anchor="cendre" bfScore="--" coherenceScore="--">bn:00019121n</annotation>
		<annotation source="MCS" anchor="plante" bfScore="--" coherenceScore="--">bn:15908786n</annotation>
		<annotation source="MCS" anchor="pieds" bfScore="--" coherenceScore="--">bn:00035680n</annotation>
		<annotation source="MCS" anchor="prépare" bfScore="--" coherenceScore="--">bn:00088250v</annotation>
		<annotation source="MCS" anchor="Souvenez" bfScore="--" coherenceScore="--">bn:00084413v</annotation>
		<annotation source="MCS" anchor="loi" bfScore="--" coherenceScore="--">bn:00050249n</annotation>
		<annotation source="BABELFY" anchor="loi de Moïse" bfScore="0.7857142857142857" coherenceScore="0.14285714285714285">bn:00050267n</annotation>
		<annotation source="BABELFY" anchor="Moïse" bfScore="0.9779951100244498" coherenceScore="0.3116883116883117">bn:00055973n</annotation>
		<annotation source="MCS" anchor="serviteur" bfScore="--" coherenceScore="--">bn:00070680n</annotation>
		<annotation source="MCS" anchor="ai" bfScore="--" coherenceScore="--">bn:00088733v</annotation>
		<annotation source="MCS" anchor="prescrit" bfScore="--" coherenceScore="--">bn:00083834v</annotation>
		<annotation source="MCS" anchor="tout" bfScore="--" coherenceScore="--">bn:00114403r</annotation>
		<annotation source="BABELFY" anchor="Israël" bfScore="0.9712736332991353" coherenceScore="0.6103896103896104">bn:00047679n</annotation>
		<annotation source="BABELFY" anchor="préceptes" bfScore="0.7058823529411765" coherenceScore="0.1038961038961039">bn:00064077n</annotation>
		<annotation source="MCS" anchor="ordonnances" bfScore="--" coherenceScore="--">bn:00059437n</annotation>
		<annotation source="BABELFY" anchor="Voici" bfScore="1.0" coherenceScore="0.012987012987012988">bn:00114427r</annotation>
		<annotation source="MCS" anchor="enverrai" bfScore="--" coherenceScore="--">bn:00093485v</annotation>
		<annotation source="BABELFY" anchor="Élie" bfScore="0.896797153024911" coherenceScore="0.15584415584415584">bn:00030356n</annotation>
		<annotation source="BABELFY" anchor="prophète" bfScore="0.7837514934289128" coherenceScore="0.2077922077922078">bn:00064759n</annotation>
		<annotation source="MCS" anchor="arrive" bfScore="--" coherenceScore="--">bn:00083286v</annotation>
		<annotation source="MCS" anchor="grand" bfScore="--" coherenceScore="--">bn:00111630a</annotation>
		<annotation source="BABELFY" anchor="redoutable" bfScore="0.8648648648648649" coherenceScore="0.1038961038961039">bn:00097890a</annotation>
		<annotation source="MCS" anchor="ramènera" bfScore="--" coherenceScore="--">bn:13706925v</annotation>
		<annotation source="MCS" anchor="coeur" bfScore="--" coherenceScore="--">bn:00043383n</annotation>
		<annotation source="MCS" anchor="pères" bfScore="--" coherenceScore="--">bn:00009616n</annotation>
		<annotation source="MCS" anchor="enfants" bfScore="--" coherenceScore="--">bn:00018346n</annotation>
		<annotation source="MCS" anchor="peur" bfScore="--" coherenceScore="--">bn:00033854n</annotation>
		<annotation source="MCS" anchor="vienne" bfScore="--" coherenceScore="--">bn:00085322v</annotation>
		<annotation source="MCS" anchor="frapper" bfScore="--" coherenceScore="--">bn:00089347v</annotation>
		<annotation source="MCS" anchor="pays" bfScore="--" coherenceScore="--">bn:00023235n</annotation>
		<annotation source="MCS" anchor="interdit" bfScore="--" coherenceScore="--">bn:00086877v</annotation>
	</annotations>
</paragraph>
</dataset>
