<?xml version="1.0" encoding="utf-8"?>
<dataset language="FR" title="NAH">
<paragraph id="p.1">
	<text>
		Oracle sur Ninive . Livre de la prophétie de Nahum , d ` Elkosch .
		L ` Éternel est un Dieu jaloux , il se venge ; L ` Éternel se venge , il est plein de fureur ; L ` Éternel se venge de ses adversaires , Il garde rancune à ses ennemis .
		L ` Éternel est lent à la colère , il est grand par sa force ; Il ne laisse pas impuni . L ` Éternel marche dans la tempête , dans le tourbillon ; Les nuées sont la poussière de ses pieds .
		Il menace la mer et la dessèche , Il fait tarir tous les fleuves ; Le Basan et le Carmel languissent , La fleur du Liban se flétrit .
		Les montagnes s ` ébranlent devant lui , Et les collines se fondent ; La terre se soulève devant sa face , Le monde et tous ses habitants .
		Qui résistera devant sa fureur ? Qui tiendra contre son ardente colère ? Sa fureur se répand comme le feu , Et les rochers se brisent devant lui .
		L ` Éternel est bon , Il est un refuge au jour de la détresse ; Il connaît ceux qui se confient en lui .
		Mais avec des flots qui déborderont Il détruira la ville , Et il poursuivra ses ennemis jusque dans les ténèbres .
		Que méditez - vous contre l ` Éternel ? C ` est lui qui détruit . La détresse ne paraîtra pas deux fois .
		Car entrelacés comme des épines , Et comme ivres de leur vin , Ils seront consumés Comme la paille sèche , entièrement .
		De toi est sorti Celui qui méditait le mal contre l ` Éternel , Celui qui avait de méchants desseins .
		Ainsi parle l ` Éternel : Quoique intacts et nombreux , Ils seront moissonnés et disparaîtront . Je veux t ` humilier , Pour ne plus avoir à t ` humilier . . .
		Je briserai maintenant son joug de dessus toi , Et je romprai tes liens . . .
		Voici ce qu ` a ordonné sur toi l ` Éternel : Tu n ` auras plus de descendants qui portent ton nom ; J ` enlèverai de la maison de ton dieu les images taillées ou en fonte ; Je préparerai ton sépulcre , car tu es trop léger .
		( 2 : 1 ) Voici sur les montagnes Les pieds du messager qui annonce la paix ! Célèbre tes fêtes , Juda , accomplis tes voeux ! Car le méchant ne passera plus au milieu de toi , Il est entièrement exterminé . . .
	</text>
	<annotations>
		<annotation source="BABELFY" anchor="Ninive" bfScore="0.9960707269155207" coherenceScore="0.15757575757575756">bn:00057739n</annotation>
		<annotation source="BABELFY" anchor="Livre" bfScore="0.8901098901098901" coherenceScore="0.2787878787878788">bn:00012059n</annotation>
		<annotation source="MCS" anchor="prophétie" bfScore="--" coherenceScore="--">bn:00064645n</annotation>
		<annotation source="MCS" anchor="Éternel" bfScore="--" coherenceScore="--">bn:00032037n</annotation>
		<annotation source="MCS" anchor="est" bfScore="--" coherenceScore="--">bn:00083187v</annotation>
		<annotation source="BABELFY" anchor="Dieu" bfScore="0.8174719807362029" coherenceScore="0.6909090909090909">bn:00040878n</annotation>
		<annotation source="MCS" anchor="jaloux" bfScore="--" coherenceScore="--">bn:00103790a</annotation>
		<annotation source="BABELFY" anchor="venge" bfScore="1.0" coherenceScore="0.10909090909090909">bn:00082950v</annotation>
		<annotation source="MCS" anchor="plein" bfScore="--" coherenceScore="--">bn:00103391a</annotation>
		<annotation source="MCS" anchor="fureur" bfScore="--" coherenceScore="--">bn:00013515n</annotation>
		<annotation source="MCS" anchor="adversaires" bfScore="--" coherenceScore="--">bn:03666488n</annotation>
		<annotation source="MCS" anchor="garde" bfScore="--" coherenceScore="--">bn:00089407v</annotation>
		<annotation source="MCS" anchor="rancune" bfScore="--" coherenceScore="--">bn:00041785n</annotation>
		<annotation source="MCS" anchor="ennemis" bfScore="--" coherenceScore="--">bn:00030814n</annotation>
		<annotation source="MCS" anchor="lent" bfScore="--" coherenceScore="--">bn:00110767a</annotation>
		<annotation source="MCS" anchor="colère" bfScore="--" coherenceScore="--">bn:00004085n</annotation>
		<annotation source="MCS" anchor="grand" bfScore="--" coherenceScore="--">bn:00111630a</annotation>
		<annotation source="MCS" anchor="force" bfScore="--" coherenceScore="--">bn:00035768n</annotation>
		<annotation source="MCS" anchor="laisse" bfScore="--" coherenceScore="--">bn:00090271v</annotation>
		<annotation source="BABELFY" anchor="tempête" bfScore="0.750403442711135" coherenceScore="0.2727272727272727">bn:00074458n</annotation>
		<annotation source="MCS" anchor="tourbillon" bfScore="--" coherenceScore="--">bn:00052661n</annotation>
		<annotation source="BABELFY" anchor="nuées" bfScore="0.8181818181818182" coherenceScore="0.01818181818181818">bn:00020006n</annotation>
		<annotation source="MCS" anchor="sont" bfScore="--" coherenceScore="--">bn:00083187v</annotation>
		<annotation source="MCS" anchor="poussière" bfScore="--" coherenceScore="--">bn:00029192n</annotation>
		<annotation source="MCS" anchor="pieds" bfScore="--" coherenceScore="--">bn:00035680n</annotation>
		<annotation source="BABELFY" anchor="menace" bfScore="0.7628494138863842" coherenceScore="0.10909090909090909">bn:00087612v</annotation>
		<annotation source="BABELFY" anchor="mer" bfScore="0.9797476407591984" coherenceScore="0.4">bn:00069946n</annotation>
		<annotation source="MCS" anchor="fait" bfScore="--" coherenceScore="--">bn:00087107v</annotation>
		<annotation source="BABELFY" anchor="tarir" bfScore="1.0" coherenceScore="0.01818181818181818">bn:00087408v</annotation>
		<annotation source="MCS" anchor="fleuves" bfScore="--" coherenceScore="--">bn:00324209n</annotation>
		<annotation source="MCS" anchor="Carmel" bfScore="--" coherenceScore="--">bn:00016119n</annotation>
		<annotation source="MCS" anchor="languissent" bfScore="--" coherenceScore="--">bn:00090185v</annotation>
		<annotation source="MCS" anchor="fleur" bfScore="--" coherenceScore="--">bn:00035378n</annotation>
		<annotation source="BABELFY" anchor="Liban" bfScore="0.9767628205128205" coherenceScore="0.1393939393939394">bn:00050469n</annotation>
		<annotation source="BABELFY" anchor="flétrit" bfScore="1.0" coherenceScore="0.024242424242424242">bn:00087959v</annotation>
		<annotation source="BABELFY" anchor="montagnes" bfScore="0.8671739420638099" coherenceScore="0.3515151515151515">bn:00056068n</annotation>
		<annotation source="BABELFY" anchor="ébranlent" bfScore="0.8484848484848485" coherenceScore="0.08484848484848485">bn:00087623v</annotation>
		<annotation source="MCS" anchor="collines" bfScore="--" coherenceScore="--">bn:00044141n</annotation>
		<annotation source="BABELFY" anchor="fondent" bfScore="1.0" coherenceScore="0.01818181818181818">bn:00083141v</annotation>
		<annotation source="MCS" anchor="soulève" bfScore="--" coherenceScore="--">bn:00084112v</annotation>
		<annotation source="MCS" anchor="monde" bfScore="--" coherenceScore="--">bn:00029428n</annotation>
		<annotation source="BABELFY" anchor="habitants" bfScore="0.7541191381495564" coherenceScore="0.10303030303030303">bn:00026239n</annotation>
		<annotation source="BABELFY" anchor="résistera" bfScore="0.8444444444444444" coherenceScore="0.20606060606060606">bn:00089411v</annotation>
		<annotation source="MCS" anchor="tiendra" bfScore="--" coherenceScore="--">bn:00089385v</annotation>
		<annotation source="MCS" anchor="ardente" bfScore="--" coherenceScore="--">bn:00097469a</annotation>
		<annotation source="MCS" anchor="répand" bfScore="--" coherenceScore="--">bn:00084119v</annotation>
		<annotation source="MCS" anchor="comme" bfScore="--" coherenceScore="--">bn:00114354r</annotation>
		<annotation source="MCS" anchor="feu" bfScore="--" coherenceScore="--">bn:00034625n</annotation>
		<annotation source="MCS" anchor="rochers" bfScore="--" coherenceScore="--">bn:00012403n</annotation>
		<annotation source="MCS" anchor="brisent" bfScore="--" coherenceScore="--">bn:00086289v</annotation>
		<annotation source="MCS" anchor="bon" bfScore="--" coherenceScore="--">bn:00103672a</annotation>
		<annotation source="MCS" anchor="refuge" bfScore="--" coherenceScore="--">bn:00042922n</annotation>
		<annotation source="MCS" anchor="jour" bfScore="--" coherenceScore="--">bn:00000086n</annotation>
		<annotation source="MCS" anchor="détresse" bfScore="--" coherenceScore="--">bn:00027789n</annotation>
		<annotation source="MCS" anchor="connaît" bfScore="--" coherenceScore="--">bn:00082272v</annotation>
		<annotation source="BABELFY" anchor="confient" bfScore="0.7566765578635015" coherenceScore="0.09090909090909091">bn:00087695v</annotation>
		<annotation source="MCS" anchor="flots" bfScore="--" coherenceScore="--">bn:00010446n</annotation>
		<annotation source="MCS" anchor="détruira" bfScore="--" coherenceScore="--">bn:00086699v</annotation>
		<annotation source="MCS" anchor="ville" bfScore="--" coherenceScore="--">bn:00077773n</annotation>
		<annotation source="MCS" anchor="poursuivra" bfScore="--" coherenceScore="--">bn:00084831v</annotation>
		<annotation source="BABELFY" anchor="méditez" bfScore="0.8068965517241379" coherenceScore="0.07878787878787878">bn:00085705v</annotation>
		<annotation source="MCS" anchor="détruit" bfScore="--" coherenceScore="--">bn:00086699v</annotation>
		<annotation source="MCS" anchor="paraîtra" bfScore="--" coherenceScore="--">bn:00082693v</annotation>
		<annotation source="MCS" anchor="fois" bfScore="--" coherenceScore="--">bn:00019848n</annotation>
		<annotation source="MCS" anchor="entrelacés" bfScore="--" coherenceScore="--">bn:00087648v</annotation>
		<annotation source="MCS" anchor="épines" bfScore="--" coherenceScore="--">bn:01923616n</annotation>
		<annotation source="BABELFY" anchor="ivres" bfScore="0.8571428571428571" coherenceScore="0.01818181818181818">bn:00098312a</annotation>
		<annotation source="BABELFY" anchor="vin" bfScore="0.9899165507649513" coherenceScore="0.23636363636363636">bn:00080022n</annotation>
		<annotation source="MCS" anchor="Ils" bfScore="--" coherenceScore="--">bn:03861247n</annotation>
		<annotation source="MCS" anchor="seront" bfScore="--" coherenceScore="--">bn:00083187v</annotation>
		<annotation source="BABELFY" anchor="consumés" bfScore="0.75" coherenceScore="0.03636363636363636">bn:00085692v</annotation>
		<annotation source="BABELFY" anchor="Comme" bfScore="0.8333333333333334" coherenceScore="0.024242424242424242">bn:00088952v</annotation>
		<annotation source="MCS" anchor="paille" bfScore="--" coherenceScore="--">bn:00074572n</annotation>
		<annotation source="BABELFY" anchor="sèche" bfScore="1.0" coherenceScore="0.18787878787878787">bn:00101839a</annotation>
		<annotation source="BABELFY" anchor="entièrement" bfScore="0.7749712973593571" coherenceScore="0.15151515151515152">bn:00114203r</annotation>
		<annotation source="MCS" anchor="sorti" bfScore="--" coherenceScore="--">bn:00087845v</annotation>
		<annotation source="BABELFY" anchor="méditait" bfScore="0.8068965517241379" coherenceScore="0.07878787878787878">bn:00085705v</annotation>
		<annotation source="MCS" anchor="mal" bfScore="--" coherenceScore="--">bn:00032048n</annotation>
		<annotation source="MCS" anchor="avait" bfScore="--" coherenceScore="--">bn:00088733v</annotation>
		<annotation source="MCS" anchor="méchants" bfScore="--" coherenceScore="--">bn:00113857a</annotation>
		<annotation source="BABELFY" anchor="desseins" bfScore="1.0" coherenceScore="0.14545454545454545">bn:00002178n</annotation>
		<annotation source="MCS" anchor="Ainsi" bfScore="--" coherenceScore="--">bn:00117048r</annotation>
		<annotation source="MCS" anchor="parle" bfScore="--" coherenceScore="--">bn:00094090v</annotation>
		<annotation source="BABELFY" anchor="intacts" bfScore="0.997926386728875" coherenceScore="0.21212121212121213">bn:00102278a</annotation>
		<annotation source="MCS" anchor="nombreux" bfScore="--" coherenceScore="--">bn:00107028a</annotation>
		<annotation source="BABELFY" anchor="moissonnés" bfScore="1.0" coherenceScore="0.03636363636363636">bn:00088884v</annotation>
		<annotation source="MCS" anchor="disparaîtront" bfScore="--" coherenceScore="--">bn:00086600v</annotation>
		<annotation source="MCS" anchor="veux" bfScore="--" coherenceScore="--">bn:00086682v</annotation>
		<annotation source="BABELFY" anchor="humilier" bfScore="1.0" coherenceScore="0.04242424242424243">bn:00082123v</annotation>
		<annotation source="BABELFY" anchor="ne plus" bfScore="1.0" coherenceScore="0.024242424242424242">bn:00116353r</annotation>
		<annotation source="MCS" anchor="plus" bfScore="--" coherenceScore="--">bn:00115880r</annotation>
		<annotation source="MCS" anchor="avoir" bfScore="--" coherenceScore="--">bn:00088733v</annotation>
		<annotation source="MCS" anchor="briserai" bfScore="--" coherenceScore="--">bn:00086289v</annotation>
		<annotation source="MCS" anchor="maintenant" bfScore="--" coherenceScore="--">bn:00114424r</annotation>
		<annotation source="MCS" anchor="joug" bfScore="--" coherenceScore="--">bn:03672577n</annotation>
		<annotation source="MCS" anchor="romprai" bfScore="--" coherenceScore="--">bn:00083998v</annotation>
		<annotation source="MCS" anchor="liens" bfScore="--" coherenceScore="--">bn:00045513n</annotation>
		<annotation source="BABELFY" anchor="Voici" bfScore="1.0" coherenceScore="0.006060606060606061">bn:00083356v</annotation>
		<annotation source="BABELFY" anchor="ordonné" bfScore="1.0" coherenceScore="0.048484848484848485">bn:00086778v</annotation>
		<annotation source="MCS" anchor="auras" bfScore="--" coherenceScore="--">bn:00088733v</annotation>
		<annotation source="MCS" anchor="descendants" bfScore="--" coherenceScore="--">bn:00026487n</annotation>
		<annotation source="MCS" anchor="portent" bfScore="--" coherenceScore="--">bn:00089252v</annotation>
		<annotation source="MCS" anchor="nom" bfScore="--" coherenceScore="--">bn:00056758n</annotation>
		<annotation source="MCS" anchor="enlèverai" bfScore="--" coherenceScore="--">bn:00092783v</annotation>
		<annotation source="MCS" anchor="maison" bfScore="--" coherenceScore="--">bn:00044994n</annotation>
		<annotation source="BABELFY" anchor="dieu" bfScore="0.8174719807362029" coherenceScore="0.6909090909090909">bn:00040878n</annotation>
		<annotation source="MCS" anchor="images" bfScore="--" coherenceScore="--">bn:00045772n</annotation>
		<annotation source="MCS" anchor="fonte" bfScore="--" coherenceScore="--">bn:00016535n</annotation>
		<annotation source="MCS" anchor="préparerai" bfScore="--" coherenceScore="--">bn:00088250v</annotation>
		<annotation source="BABELFY" anchor="sépulcre" bfScore="1.0" coherenceScore="0.11515151515151516">bn:00013982n</annotation>
		<annotation source="MCS" anchor="es" bfScore="--" coherenceScore="--">bn:00083187v</annotation>
		<annotation source="BABELFY" anchor="trop" bfScore="0.9283276450511946" coherenceScore="0.09696969696969697">bn:00115274r</annotation>
		<annotation source="MCS" anchor="léger" bfScore="--" coherenceScore="--">bn:00105937a</annotation>
		<annotation source="MCS" anchor="messager" bfScore="--" coherenceScore="--">bn:00023284n</annotation>
		<annotation source="MCS" anchor="annonce" bfScore="--" coherenceScore="--">bn:00082637v</annotation>
		<annotation source="MCS" anchor="paix" bfScore="--" coherenceScore="--">bn:00061149n</annotation>
		<annotation source="MCS" anchor="Célèbre" bfScore="--" coherenceScore="--">bn:00087785v</annotation>
		<annotation source="MCS" anchor="fêtes" bfScore="--" coherenceScore="--">bn:00033860n</annotation>
		<annotation source="MCS" anchor="accomplis" bfScore="--" coherenceScore="--">bn:00082225v</annotation>
		<annotation source="BABELFY" anchor="voeux" bfScore="0.9754098360655737" coherenceScore="0.10303030303030303">bn:00080266n</annotation>
		<annotation source="MCS" anchor="méchant" bfScore="--" coherenceScore="--">bn:00007894n</annotation>
		<annotation source="MCS" anchor="passera" bfScore="--" coherenceScore="--">bn:00091458v</annotation>
		<annotation source="MCS" anchor="milieu" bfScore="--" coherenceScore="--">bn:00017123n</annotation>
		<annotation source="MCS" anchor="exterminé" bfScore="--" coherenceScore="--">bn:00082634v</annotation>
	</annotations>
</paragraph>
<paragraph id="p.2">
	<text>
		( 2 : 2 ) Le destructeur marche contre toi . Garde la forteresse ! Veille sur la route ! affermis tes reins ! Recueille toute ta force ! . . .
		( 2 : 3 ) Car l ` Éternel rétablit la gloire de Jacob Et la gloire d ` Israël , Parce que les pillards les ont pillés Et ont détruit leurs ceps . . . .
		( 2 : 4 ) Les boucliers de ses héros sont rouges , Les guerriers sont vêtus de pourpre ; Avec le fer qui étincelle apparaissent les chars , Au jour qu ` il a fixé pour la bataille , Et les lances sont agitées .
		( 2 : 5 ) Les chars s ` élancent dans la campagne , Se précipitent sur les places ; A les voir , on dirait des flambeaux , Ils courent comme des éclairs . . .
		( 2 : 6 ) Ils se souvient de ses vaillants hommes , Mais ils chancellent dans leur marche ; On se hâte vers les murs , Et l ` on se prépare à la défense . . . .
		( 2 : 7 ) Les portes des fleuves sont ouvertes , Et le palais s ` écroule ! . . .
		( 2 : 8 ) C ` en est fait : elle est mise à nu , elle est emmenée ; Ses servantes gémissent comme des colombes , Et se frappent la poitrine .
		( 2 : 9 ) Ninive était jadis comme un réservoir plein d ` eau . . . . Les voilà qui fuient . . . . Arrêtez ! arrêtez ! . . . Mais nul ne se retourne . . . .
		( 2 : 10 ) Pillez l ` argent ! pillez l ` or ! Il y a des trésors sans fin , Des richesses en objets précieux de toutes espèce .
		( 2 : 11 ) On pille , on dévaste , on ravage ! Et les coeurs sont abattus , Les genoux chancellent , Tous les reins souffrent , Tous les visages pâlissent .
		( 2 : 12 ) Qu ` est devenu ce repaire de lions , Ce pâturage des lionceaux , Où se retiraient le lion , la lionne , le petit du lion , Sans qu ` il y eût personne pour les troubler ?
		( 2 : 13 ) Le lion déchirait pour ses petits , Étranglait pour ses lionnes ; Il remplissait de proie ses antres , De dépouilles ses repaires .
		( 2 : 14 ) Voici , j ` en veux à toi , dit l ` Éternel des armées ; Je réduirai tes chars en fumée , L ` épée dévorera tes lionceaux , J ` arracherai du pays ta proie , Et l ` on n ` entendra plus la voix de tes messagers .
	</text>
	<annotations>
		<annotation source="BABELFY" anchor="destructeur" bfScore="1.0" coherenceScore="0.044585987261146494">bn:00101259a</annotation>
		<annotation source="MCS" anchor="Garde" bfScore="--" coherenceScore="--">bn:00089407v</annotation>
		<annotation source="MCS" anchor="forteresse" bfScore="--" coherenceScore="--">bn:00035975n</annotation>
		<annotation source="MCS" anchor="Veille" bfScore="--" coherenceScore="--">bn:00080353n</annotation>
		<annotation source="MCS" anchor="route" bfScore="--" coherenceScore="--">bn:00067975n</annotation>
		<annotation source="BABELFY" anchor="affermis" bfScore="0.7479674796747967" coherenceScore="0.07643312101910828">bn:00083317v</annotation>
		<annotation source="MCS" anchor="reins" bfScore="--" coherenceScore="--">bn:00049083n</annotation>
		<annotation source="MCS" anchor="Recueille" bfScore="--" coherenceScore="--">bn:00082405v</annotation>
		<annotation source="MCS" anchor="force" bfScore="--" coherenceScore="--">bn:00035768n</annotation>
		<annotation source="MCS" anchor="Car" bfScore="--" coherenceScore="--">bn:02142237n</annotation>
		<annotation source="MCS" anchor="Éternel" bfScore="--" coherenceScore="--">bn:00032037n</annotation>
		<annotation source="MCS" anchor="rétablit" bfScore="--" coherenceScore="--">bn:00087732v</annotation>
		<annotation source="MCS" anchor="gloire" bfScore="--" coherenceScore="--">bn:00016991n</annotation>
		<annotation source="MCS" anchor="Jacob" bfScore="--" coherenceScore="--">bn:00047849n</annotation>
		<annotation source="BABELFY" anchor="Israël" bfScore="0.9847311352069041" coherenceScore="0.5668789808917197">bn:00047679n</annotation>
		<annotation source="BABELFY" anchor="Parce" bfScore="1.0" coherenceScore="0.006369426751592357">bn:00764386n</annotation>
		<annotation source="BABELFY" anchor="Parce que" bfScore="1.0" coherenceScore="0.01910828025477707">bn:03980365n</annotation>
		<annotation source="MCS" anchor="pillards" bfScore="--" coherenceScore="--">bn:00026590n</annotation>
		<annotation source="MCS" anchor="ont" bfScore="--" coherenceScore="--">bn:00088733v</annotation>
		<annotation source="BABELFY" anchor="pillés" bfScore="0.8941176470588236" coherenceScore="0.10191082802547771">bn:00086690v</annotation>
		<annotation source="MCS" anchor="détruit" bfScore="--" coherenceScore="--">bn:00086699v</annotation>
		<annotation source="MCS" anchor="ceps" bfScore="--" coherenceScore="--">bn:00079600n</annotation>
		<annotation source="MCS" anchor="boucliers" bfScore="--" coherenceScore="--">bn:00013602n</annotation>
		<annotation source="MCS" anchor="héros" bfScore="--" coherenceScore="--">bn:00043853n</annotation>
		<annotation source="MCS" anchor="sont" bfScore="--" coherenceScore="--">bn:00083187v</annotation>
		<annotation source="MCS" anchor="rouges" bfScore="--" coherenceScore="--">bn:00098581a</annotation>
		<annotation source="MCS" anchor="guerriers" bfScore="--" coherenceScore="--">bn:00080510n</annotation>
		<annotation source="MCS" anchor="vêtus" bfScore="--" coherenceScore="--">bn:00087291v</annotation>
		<annotation source="MCS" anchor="pourpre" bfScore="--" coherenceScore="--">bn:00065306n</annotation>
		<annotation source="BABELFY" anchor="fer" bfScore="0.804748201438849" coherenceScore="0.29936305732484075">bn:00006856n</annotation>
		<annotation source="MCS" anchor="étincelle" bfScore="--" coherenceScore="--">bn:00073130n</annotation>
		<annotation source="MCS" anchor="apparaissent" bfScore="--" coherenceScore="--">bn:00082691v</annotation>
		<annotation source="MCS" anchor="chars" bfScore="--" coherenceScore="--">bn:00005778n</annotation>
		<annotation source="BABELFY" anchor="jour" bfScore="0.7305009511731135" coherenceScore="0.15286624203821655">bn:00000086n</annotation>
		<annotation source="MCS" anchor="fixé" bfScore="--" coherenceScore="--">bn:00088052v</annotation>
		<annotation source="MCS" anchor="bataille" bfScore="--" coherenceScore="--">bn:00009078n</annotation>
		<annotation source="BABELFY" anchor="lances" bfScore="0.7992599444958371" coherenceScore="0.22929936305732485">bn:00049823n</annotation>
		<annotation source="MCS" anchor="agitées" bfScore="--" coherenceScore="--">bn:00082470v</annotation>
		<annotation source="MCS" anchor="campagne" bfScore="--" coherenceScore="--">bn:00015050n</annotation>
		<annotation source="MCS" anchor="Se précipitent" bfScore="--" coherenceScore="--">bn:00069490n</annotation>
		<annotation source="MCS" anchor="précipitent" bfScore="--" coherenceScore="--">bn:00082397v</annotation>
		<annotation source="MCS" anchor="places" bfScore="--" coherenceScore="--">bn:00030098n</annotation>
		<annotation source="MCS" anchor="voir" bfScore="--" coherenceScore="--">bn:00093430v</annotation>
		<annotation source="MCS" anchor="dirait" bfScore="--" coherenceScore="--">bn:00093287v</annotation>
		<annotation source="MCS" anchor="flambeaux" bfScore="--" coherenceScore="--">bn:00035000n</annotation>
		<annotation source="MCS" anchor="Ils" bfScore="--" coherenceScore="--">bn:03861247n</annotation>
		<annotation source="MCS" anchor="courent" bfScore="--" coherenceScore="--">bn:00093170v</annotation>
		<annotation source="BABELFY" anchor="comme" bfScore="0.8753387533875339" coherenceScore="0.10828025477707007">bn:00117173r</annotation>
		<annotation source="MCS" anchor="éclairs" bfScore="--" coherenceScore="--">bn:00029642n</annotation>
		<annotation source="MCS" anchor="souvient" bfScore="--" coherenceScore="--">bn:00084413v</annotation>
		<annotation source="MCS" anchor="vaillants" bfScore="--" coherenceScore="--">bn:00113485a</annotation>
		<annotation source="MCS" anchor="hommes" bfScore="--" coherenceScore="--">bn:00044576n</annotation>
		<annotation source="BABELFY" anchor="chancellent" bfScore="1.0" coherenceScore="0.01910828025477707">bn:00093461v</annotation>
		<annotation source="MCS" anchor="hâte" bfScore="--" coherenceScore="--">bn:13694211v</annotation>
		<annotation source="BABELFY" anchor="murs" bfScore="0.7090909090909091" coherenceScore="0.1464968152866242">bn:00080386n</annotation>
		<annotation source="MCS" anchor="prépare" bfScore="--" coherenceScore="--">bn:00088250v</annotation>
		<annotation source="MCS" anchor="défense" bfScore="--" coherenceScore="--">bn:00025878n</annotation>
		<annotation source="MCS" anchor="portes" bfScore="--" coherenceScore="--">bn:00028248n</annotation>
		<annotation source="MCS" anchor="fleuves" bfScore="--" coherenceScore="--">bn:00324209n</annotation>
		<annotation source="MCS" anchor="ouvertes" bfScore="--" coherenceScore="--">bn:00091165v</annotation>
		<annotation source="MCS" anchor="palais" bfScore="--" coherenceScore="--">bn:00060247n</annotation>
		<annotation source="BABELFY" anchor="écroule" bfScore="1.0" coherenceScore="0.025477707006369428">bn:00085282v</annotation>
		<annotation source="MCS" anchor="est" bfScore="--" coherenceScore="--">bn:00083187v</annotation>
		<annotation source="MCS" anchor="fait" bfScore="--" coherenceScore="--">bn:00087107v</annotation>
		<annotation source="MCS" anchor="mise" bfScore="--" coherenceScore="--">bn:00090224v</annotation>
		<annotation source="MCS" anchor="nu" bfScore="--" coherenceScore="--">bn:00058225n</annotation>
		<annotation source="MCS" anchor="emmenée" bfScore="--" coherenceScore="--">bn:00085753v</annotation>
		<annotation source="MCS" anchor="servantes" bfScore="--" coherenceScore="--">bn:00003200n</annotation>
		<annotation source="MCS" anchor="gémissent" bfScore="--" coherenceScore="--">bn:00090767v</annotation>
		<annotation source="MCS" anchor="frappent" bfScore="--" coherenceScore="--">bn:00089347v</annotation>
		<annotation source="MCS" anchor="poitrine" bfScore="--" coherenceScore="--">bn:00013156n</annotation>
		<annotation source="BABELFY" anchor="Ninive" bfScore="0.9917864476386037" coherenceScore="0.1337579617834395">bn:00057739n</annotation>
		<annotation source="MCS" anchor="était" bfScore="--" coherenceScore="--">bn:00083187v</annotation>
		<annotation source="BABELFY" anchor="jadis" bfScore="1.0" coherenceScore="0.01910828025477707">bn:00114423r</annotation>
		<annotation source="MCS" anchor="comme un" bfScore="--" coherenceScore="--">bn:13612827r</annotation>
		<annotation source="MCS" anchor="réservoir" bfScore="--" coherenceScore="--">bn:00037421n</annotation>
		<annotation source="MCS" anchor="plein" bfScore="--" coherenceScore="--">bn:00103391a</annotation>
		<annotation source="BABELFY" anchor="eau" bfScore="0.9484440176454701" coherenceScore="0.6687898089171974">bn:00042379n</annotation>
		<annotation source="MCS" anchor="fuient" bfScore="--" coherenceScore="--">bn:00088291v</annotation>
		<annotation source="MCS" anchor="arrêtez" bfScore="--" coherenceScore="--">bn:00084710v</annotation>
		<annotation source="MCS" anchor="nul" bfScore="--" coherenceScore="--">bn:13605696a</annotation>
		<annotation source="MCS" anchor="retourne" bfScore="--" coherenceScore="--">bn:00089884v</annotation>
		<annotation source="BABELFY" anchor="argent" bfScore="0.7871030235937175" coherenceScore="0.5031847133757962">bn:00055644n</annotation>
		<annotation source="BABELFY" anchor="pillez" bfScore="0.8941176470588236" coherenceScore="0.10191082802547771">bn:00086690v</annotation>
		<annotation source="MCS" anchor="or" bfScore="--" coherenceScore="--">bn:00040921n</annotation>
		<annotation source="MCS" anchor="trésors" bfScore="--" coherenceScore="--">bn:00078117n</annotation>
		<annotation source="MCS" anchor="fin" bfScore="--" coherenceScore="--">bn:00030720n</annotation>
		<annotation source="MCS" anchor="richesses" bfScore="--" coherenceScore="--">bn:00080746n</annotation>
		<annotation source="MCS" anchor="objets" bfScore="--" coherenceScore="--">bn:00058442n</annotation>
		<annotation source="MCS" anchor="précieux" bfScore="--" coherenceScore="--">bn:00113489a</annotation>
		<annotation source="BABELFY" anchor="espèce" bfScore="0.9506416584402764" coherenceScore="0.34394904458598724">bn:00073210n</annotation>
		<annotation source="BABELFY" anchor="pille" bfScore="0.8941176470588236" coherenceScore="0.10191082802547771">bn:00086690v</annotation>
		<annotation source="MCS" anchor="dévaste" bfScore="--" coherenceScore="--">bn:00086699v</annotation>
		<annotation source="MCS" anchor="ravage" bfScore="--" coherenceScore="--">bn:00086685v</annotation>
		<annotation source="MCS" anchor="coeurs" bfScore="--" coherenceScore="--">bn:00043383n</annotation>
		<annotation source="MCS" anchor="abattus" bfScore="--" coherenceScore="--">bn:00084318v</annotation>
		<annotation source="BABELFY" anchor="genoux" bfScore="0.8546712802768166" coherenceScore="0.12101910828025478">bn:00006140n</annotation>
		<annotation source="MCS" anchor="souffrent" bfScore="--" coherenceScore="--">bn:00088745v</annotation>
		<annotation source="MCS" anchor="visages" bfScore="--" coherenceScore="--">bn:00032600n</annotation>
		<annotation source="BABELFY" anchor="pâlissent" bfScore="1.0" coherenceScore="0.012738853503184714">bn:00083548v</annotation>
		<annotation source="MCS" anchor="devenu" bfScore="--" coherenceScore="--">bn:00083294v</annotation>
		<annotation source="BABELFY" anchor="lions" bfScore="0.736929368851553" coherenceScore="0.37579617834394907">bn:00049156n</annotation>
		<annotation source="MCS" anchor="pâturage" bfScore="--" coherenceScore="--">bn:00041543n</annotation>
		<annotation source="MCS" anchor="lionceaux" bfScore="--" coherenceScore="--">bn:00051433n</annotation>
		<annotation source="MCS" anchor="retiraient" bfScore="--" coherenceScore="--">bn:00087267v</annotation>
		<annotation source="BABELFY" anchor="lion" bfScore="0.736929368851553" coherenceScore="0.37579617834394907">bn:00049156n</annotation>
		<annotation source="MCS" anchor="lionne" bfScore="--" coherenceScore="--">bn:00051435n</annotation>
		<annotation source="MCS" anchor="petit" bfScore="--" coherenceScore="--">bn:00106062a</annotation>
		<annotation source="MCS" anchor="Sans" bfScore="--" coherenceScore="--">bn:00010891n</annotation>
		<annotation source="MCS" anchor="eût" bfScore="--" coherenceScore="--">bn:00088733v</annotation>
		<annotation source="BABELFY" anchor="personne" bfScore="1.0" coherenceScore="0.006369426751592357">bn:00116349r</annotation>
		<annotation source="MCS" anchor="troubler" bfScore="--" coherenceScore="--">bn:00084538v</annotation>
		<annotation source="MCS" anchor="déchirait" bfScore="--" coherenceScore="--">bn:00092142v</annotation>
		<annotation source="MCS" anchor="petits" bfScore="--" coherenceScore="--">bn:00072260n</annotation>
		<annotation source="MCS" anchor="Étranglait" bfScore="--" coherenceScore="--">bn:00085961v</annotation>
		<annotation source="MCS" anchor="lionnes" bfScore="--" coherenceScore="--">bn:00051435n</annotation>
		<annotation source="MCS" anchor="remplissait" bfScore="--" coherenceScore="--">bn:00088175v</annotation>
		<annotation source="MCS" anchor="proie" bfScore="--" coherenceScore="--">bn:00032742n</annotation>
		<annotation source="MCS" anchor="antres" bfScore="--" coherenceScore="--">bn:00004789n</annotation>
		<annotation source="MCS" anchor="dépouilles" bfScore="--" coherenceScore="--">bn:00086708v</annotation>
		<annotation source="BABELFY" anchor="Voici" bfScore="1.0" coherenceScore="0.006369426751592357">bn:00221136n</annotation>
		<annotation source="MCS" anchor="veux" bfScore="--" coherenceScore="--">bn:00086682v</annotation>
		<annotation source="MCS" anchor="dit" bfScore="--" coherenceScore="--">bn:00093287v</annotation>
		<annotation source="MCS" anchor="armées" bfScore="--" coherenceScore="--">bn:00005803n</annotation>
		<annotation source="MCS" anchor="réduirai" bfScore="--" coherenceScore="--">bn:00084079v</annotation>
		<annotation source="MCS" anchor="fumée" bfScore="--" coherenceScore="--">bn:00036806n</annotation>
		<annotation source="BABELFY" anchor="épée" bfScore="0.8995456839979808" coherenceScore="0.17197452229299362">bn:00011081n</annotation>
		<annotation source="MCS" anchor="dévorera" bfScore="--" coherenceScore="--">bn:00083503v</annotation>
		<annotation source="BABELFY" anchor="arracherai" bfScore="0.8484848484848485" coherenceScore="0.044585987261146494">bn:00087712v</annotation>
		<annotation source="MCS" anchor="pays" bfScore="--" coherenceScore="--">bn:00023235n</annotation>
		<annotation source="MCS" anchor="entendra" bfScore="--" coherenceScore="--">bn:00089277v</annotation>
		<annotation source="MCS" anchor="plus" bfScore="--" coherenceScore="--">bn:00115880r</annotation>
		<annotation source="MCS" anchor="voix" bfScore="--" coherenceScore="--">bn:00062019n</annotation>
		<annotation source="MCS" anchor="messagers" bfScore="--" coherenceScore="--">bn:00023284n</annotation>
	</annotations>
</paragraph>
<paragraph id="p.3">
	<text>
		Malheur à la ville sanguinaire , Pleine de mensonge , pleine de violence , Et qui ne cesse de se livrer à la rapine ! . . .
		On entend le bruit du fouet , Le bruit des roues , Le galop des chevaux , Le roulement des chars .
		Les cavaliers s ` élancent , l ` épée étincelle , la lance brille . . . Une multitude de blessés ! . . . une foule de cadavres ! . . . Des morts à l ` infini ! . . . On tombe sur les morts ! . . .
		C ` est à cause des nombreuses prostitutions de la prostituée , Pleine d ` attraits , habile enchanteresse , Qui vendait les nations par ses prostitutions Et les peuples par ses enchantements .
		Voici , j ` en veux à toi , dit l ` Éternel des armées , Je relèverai tes pans jusque sur ton visage , Je montrerai ta nudité aux nations , Et ta honte aux royaumes .
		Je jetterai sur toi des impuretés , je t ` avilirai , Et je te donnerai en spectacle .
		Tous ceux qui te verront fuiront loin de toi , Et l ` on dira : Ninive est détruite ! Qui la plaindra ? Où te chercherai - je des consolateurs ?
		Es - tu meilleure que No Amon , Qui était assise au milieu des fleuves , Entourée par les eaux , Ayant la mer pour rempart , La mer pour murailles ?
		L ` Éthiopie et les Égyptiens innombrables faisaient sa force , Puth et les Libyens étaient ses auxiliaires .
		Et cependant elle est partie pour l ` exil , elle s ` en est allée captive ; Ses enfants ont été écrasés au coin de toutes les rues ; On a jeté le sort sur ses nobles , Et tous ses grands ont été chargés de chaînes .
		Toi aussi , tu seras enivrée , tu te cacheras ; Toi aussi , tu chercheras un refuge contre l ` ennemi .
		Toutes tes forteresses Sont des figuiers avec les primeurs ; Quand on les secoue , Elles tombent dans la bouche de qui veut les manger .
		Voici , ton peuple , ce sont des femmes au milieu de toi ; Les portes de ton pays s ` ouvrent à tes ennemis ; Le feu consume tes verrous .
		Puise de l ` eau pour le siège ! Répare tes forteresses ! Entre dans la boue , foule l ` argile ! Rétablis le four à briques !
		Là , le feu te dévorera , L ` épée t ` exterminera , Te dévorera comme des sauterelles . Entasse - toi comme les sauterelles ! Entasse - toi comme les sauterelles !
		Tes marchands , plus nombreux Que les étoiles du ciel , Sont comme la sauterelle qui ouvre les ailes et s ` envole .
		Tes princes sont comme les sauterelles , Tes chefs comme une multitude de sauterelles , Qui se posent sur les haies au temps de la froidure : Le soleil paraît , elles s ` envolent , Et l ` on ne connaît plus le lieu où elles étaient .
		Tes bergers sommeillent , roi d ` Assyrie , Tes vaillants hommes reposent ; Ton peuple est dispersé sur les montagnes , Et nul ne le rassemble .
		Il n ` y a point de remède à ta blessure , Ta plaie est mortelle . Tous ceux qui entendront parler de toi Battront des mains sur toi ; Car quel est celui que ta méchanceté n ` a pas atteint ?
	</text>
	<annotations>
		<annotation source="MCS" anchor="Malheur" bfScore="--" coherenceScore="--">bn:00075069n</annotation>
		<annotation source="MCS" anchor="ville" bfScore="--" coherenceScore="--">bn:00077773n</annotation>
		<annotation source="MCS" anchor="sanguinaire" bfScore="--" coherenceScore="--">bn:00098593a</annotation>
		<annotation source="MCS" anchor="mensonge" bfScore="--" coherenceScore="--">bn:00032874n</annotation>
		<annotation source="MCS" anchor="pleine" bfScore="--" coherenceScore="--">bn:00103391a</annotation>
		<annotation source="BABELFY" anchor="violence" bfScore="0.9460906818993217" coherenceScore="0.2347417840375587">bn:00035772n</annotation>
		<annotation source="MCS" anchor="cesse" bfScore="--" coherenceScore="--">bn:00084710v</annotation>
		<annotation source="MCS" anchor="livrer" bfScore="--" coherenceScore="--">bn:00086531v</annotation>
		<annotation source="BABELFY" anchor="rapine" bfScore="1.0" coherenceScore="0.056338028169014086">bn:00066177n</annotation>
		<annotation source="MCS" anchor="entend" bfScore="--" coherenceScore="--">bn:00089277v</annotation>
		<annotation source="MCS" anchor="bruit" bfScore="--" coherenceScore="--">bn:00057863n</annotation>
		<annotation source="MCS" anchor="fouet" bfScore="--" coherenceScore="--">bn:00060846n</annotation>
		<annotation source="BABELFY" anchor="roues" bfScore="0.763953488372093" coherenceScore="0.16901408450704225">bn:00080972n</annotation>
		<annotation source="MCS" anchor="galop" bfScore="--" coherenceScore="--">bn:00037125n</annotation>
		<annotation source="BABELFY" anchor="chevaux" bfScore="0.8737373737373737" coherenceScore="0.3568075117370892">bn:00031345n</annotation>
		<annotation source="MCS" anchor="roulement" bfScore="--" coherenceScore="--">bn:00012500n</annotation>
		<annotation source="MCS" anchor="chars" bfScore="--" coherenceScore="--">bn:00005778n</annotation>
		<annotation source="BABELFY" anchor="cavaliers" bfScore="0.9637462235649547" coherenceScore="0.13615023474178403">bn:00103252a</annotation>
		<annotation source="BABELFY" anchor="épée" bfScore="0.912014030985092" coherenceScore="0.18309859154929578">bn:00011081n</annotation>
		<annotation source="MCS" anchor="étincelle" bfScore="--" coherenceScore="--">bn:00073130n</annotation>
		<annotation source="MCS" anchor="lance" bfScore="--" coherenceScore="--">bn:00049823n</annotation>
		<annotation source="MCS" anchor="brille" bfScore="--" coherenceScore="--">bn:00083572v</annotation>
		<annotation source="MCS" anchor="multitude" bfScore="--" coherenceScore="--">bn:00063002n</annotation>
		<annotation source="MCS" anchor="blessés" bfScore="--" coherenceScore="--">bn:00052841n</annotation>
		<annotation source="MCS" anchor="foule" bfScore="--" coherenceScore="--">bn:00021604n</annotation>
		<annotation source="MCS" anchor="cadavres" bfScore="--" coherenceScore="--">bn:00014512n</annotation>
		<annotation source="MCS" anchor="morts" bfScore="--" coherenceScore="--">bn:00083914v</annotation>
		<annotation source="MCS" anchor="infini" bfScore="--" coherenceScore="--">bn:00105064a</annotation>
		<annotation source="MCS" anchor="tombe" bfScore="--" coherenceScore="--">bn:00087364v</annotation>
		<annotation source="MCS" anchor="morts" bfScore="--" coherenceScore="--">bn:00025582n</annotation>
		<annotation source="MCS" anchor="est" bfScore="--" coherenceScore="--">bn:00083187v</annotation>
		<annotation source="MCS" anchor="cause" bfScore="--" coherenceScore="--">bn:00015051n</annotation>
		<annotation source="MCS" anchor="nombreuses" bfScore="--" coherenceScore="--">bn:00107028a</annotation>
		<annotation source="BABELFY" anchor="prostitutions" bfScore="0.9955671447196871" coherenceScore="0.215962441314554">bn:00043009n</annotation>
		<annotation source="MCS" anchor="prostituée" bfScore="--" coherenceScore="--">bn:00009205n</annotation>
		<annotation source="BABELFY" anchor="habile" bfScore="0.9302931596091205" coherenceScore="0.23943661971830985">bn:00099215a</annotation>
		<annotation source="MCS" anchor="enchanteresse" bfScore="--" coherenceScore="--">bn:00030684n</annotation>
		<annotation source="MCS" anchor="vendait" bfScore="--" coherenceScore="--">bn:00093472v</annotation>
		<annotation source="BABELFY" anchor="nations" bfScore="0.9556962025316456" coherenceScore="0.7323943661971831">bn:00023236n</annotation>
		<annotation source="MCS" anchor="peuples" bfScore="--" coherenceScore="--">bn:00019283n</annotation>
		<annotation source="MCS" anchor="Voici" bfScore="--" coherenceScore="--">bn:00114178r</annotation>
		<annotation source="MCS" anchor="veux" bfScore="--" coherenceScore="--">bn:00086682v</annotation>
		<annotation source="MCS" anchor="dit" bfScore="--" coherenceScore="--">bn:00093287v</annotation>
		<annotation source="MCS" anchor="Éternel" bfScore="--" coherenceScore="--">bn:00032037n</annotation>
		<annotation source="MCS" anchor="armées" bfScore="--" coherenceScore="--">bn:00005803n</annotation>
		<annotation source="BABELFY" anchor="relèverai" bfScore="0.8612668743509865" coherenceScore="0.13615023474178403">bn:00085329v</annotation>
		<annotation source="MCS" anchor="pans" bfScore="--" coherenceScore="--">bn:00018424n</annotation>
		<annotation source="MCS" anchor="visage" bfScore="--" coherenceScore="--">bn:00032600n</annotation>
		<annotation source="MCS" anchor="montrerai" bfScore="--" coherenceScore="--">bn:00086557v</annotation>
		<annotation source="BABELFY" anchor="nudité" bfScore="1.0" coherenceScore="0.1596244131455399">bn:00056748n</annotation>
		<annotation source="MCS" anchor="honte" bfScore="--" coherenceScore="--">bn:00027566n</annotation>
		<annotation source="MCS" anchor="royaumes" bfScore="--" coherenceScore="--">bn:00049170n</annotation>
		<annotation source="MCS" anchor="jetterai" bfScore="--" coherenceScore="--">bn:00094934v</annotation>
		<annotation source="BABELFY" anchor="impuretés" bfScore="0.7058823529411765" coherenceScore="0.056338028169014086">bn:00027392n</annotation>
		<annotation source="BABELFY" anchor="avilirai" bfScore="0.7074468085106383" coherenceScore="0.06572769953051644">bn:00082829v</annotation>
		<annotation source="MCS" anchor="donnerai" bfScore="--" coherenceScore="--">bn:00088815v</annotation>
		<annotation source="MCS" anchor="spectacle" bfScore="--" coherenceScore="--">bn:00073226n</annotation>
		<annotation source="MCS" anchor="verront" bfScore="--" coherenceScore="--">bn:00093430v</annotation>
		<annotation source="MCS" anchor="fuiront" bfScore="--" coherenceScore="--">bn:00088291v</annotation>
		<annotation source="MCS" anchor="loin" bfScore="--" coherenceScore="--">bn:00115323r</annotation>
		<annotation source="MCS" anchor="dira" bfScore="--" coherenceScore="--">bn:00093287v</annotation>
		<annotation source="BABELFY" anchor="Ninive" bfScore="0.9154557463672391" coherenceScore="0.09859154929577464">bn:00057739n</annotation>
		<annotation source="MCS" anchor="détruite" bfScore="--" coherenceScore="--">bn:00086699v</annotation>
		<annotation source="MCS" anchor="plaindra" bfScore="--" coherenceScore="--">bn:00085471v</annotation>
		<annotation source="MCS" anchor="chercherai" bfScore="--" coherenceScore="--">bn:00090460v</annotation>
		<annotation source="MCS" anchor="Es" bfScore="--" coherenceScore="--">bn:00083187v</annotation>
		<annotation source="MCS" anchor="meilleure" bfScore="--" coherenceScore="--">bn:00098274a</annotation>
		<annotation source="MCS" anchor="était" bfScore="--" coherenceScore="--">bn:00083187v</annotation>
		<annotation source="BABELFY" anchor="assise" bfScore="0.7402548725637181" coherenceScore="0.11737089201877934">bn:00093777v</annotation>
		<annotation source="MCS" anchor="milieu" bfScore="--" coherenceScore="--">bn:00017123n</annotation>
		<annotation source="MCS" anchor="fleuves" bfScore="--" coherenceScore="--">bn:00324209n</annotation>
		<annotation source="MCS" anchor="Entourée" bfScore="--" coherenceScore="--">bn:00083797v</annotation>
		<annotation source="BABELFY" anchor="eaux" bfScore="0.9241560427505278" coherenceScore="0.6525821596244131">bn:00042379n</annotation>
		<annotation source="MCS" anchor="Ayant" bfScore="--" coherenceScore="--">bn:00088733v</annotation>
		<annotation source="BABELFY" anchor="mer" bfScore="0.970873786407767" coherenceScore="0.3286384976525822">bn:00069946n</annotation>
		<annotation source="MCS" anchor="rempart" bfScore="--" coherenceScore="--">bn:00013848n</annotation>
		<annotation source="MCS" anchor="murailles" bfScore="--" coherenceScore="--">bn:13638433n</annotation>
		<annotation source="BABELFY" anchor="Éthiopie" bfScore="1.0" coherenceScore="0.2676056338028169">bn:00000536n</annotation>
		<annotation source="MCS" anchor="Égyptiens" bfScore="--" coherenceScore="--">bn:00029957n</annotation>
		<annotation source="BABELFY" anchor="innombrables" bfScore="1.0" coherenceScore="0.04225352112676056">bn:00100561a</annotation>
		<annotation source="MCS" anchor="faisaient" bfScore="--" coherenceScore="--">bn:00087107v</annotation>
		<annotation source="MCS" anchor="force" bfScore="--" coherenceScore="--">bn:00035768n</annotation>
		<annotation source="BABELFY" anchor="Puth" bfScore="1.0" coherenceScore="0.018779342723004695">bn:03988118n</annotation>
		<annotation source="BABELFY" anchor="Libyens" bfScore="1.0" coherenceScore="0.06572769953051644">bn:15961469n</annotation>
		<annotation source="MCS" anchor="étaient" bfScore="--" coherenceScore="--">bn:00083187v</annotation>
		<annotation source="MCS" anchor="auxiliaires" bfScore="--" coherenceScore="--">bn:00002159n</annotation>
		<annotation source="MCS" anchor="cependant" bfScore="--" coherenceScore="--">bn:00115696r</annotation>
		<annotation source="MCS" anchor="partie" bfScore="--" coherenceScore="--">bn:00088939v</annotation>
		<annotation source="MCS" anchor="exil" bfScore="--" coherenceScore="--">bn:00026371n</annotation>
		<annotation source="MCS" anchor="allée" bfScore="--" coherenceScore="--">bn:00087905v</annotation>
		<annotation source="BABELFY" anchor="enfants" bfScore="0.7333673990802249" coherenceScore="0.48826291079812206">bn:00018346n</annotation>
		<annotation source="MCS" anchor="ont" bfScore="--" coherenceScore="--">bn:00088733v</annotation>
		<annotation source="MCS" anchor="été" bfScore="--" coherenceScore="--">bn:00083187v</annotation>
		<annotation source="MCS" anchor="écrasés" bfScore="--" coherenceScore="--">bn:00086115v</annotation>
		<annotation source="MCS" anchor="coin" bfScore="--" coherenceScore="--">bn:00022736n</annotation>
		<annotation source="MCS" anchor="rues" bfScore="--" coherenceScore="--">bn:00074595n</annotation>
		<annotation source="MCS" anchor="jeté" bfScore="--" coherenceScore="--">bn:00094934v</annotation>
		<annotation source="MCS" anchor="sort" bfScore="--" coherenceScore="--">bn:03141550n</annotation>
		<annotation source="BABELFY" anchor="nobles" bfScore="0.8516513264753655" coherenceScore="0.24413145539906103">bn:00005659n</annotation>
		<annotation source="MCS" anchor="grands" bfScore="--" coherenceScore="--">bn:00111630a</annotation>
		<annotation source="MCS" anchor="chargés" bfScore="--" coherenceScore="--">bn:00090165v</annotation>
		<annotation source="MCS" anchor="chaînes" bfScore="--" coherenceScore="--">bn:00017487n</annotation>
		<annotation source="MCS" anchor="aussi" bfScore="--" coherenceScore="--">bn:00114246r</annotation>
		<annotation source="MCS" anchor="seras" bfScore="--" coherenceScore="--">bn:00083187v</annotation>
		<annotation source="MCS" anchor="cacheras" bfScore="--" coherenceScore="--">bn:00085509v</annotation>
		<annotation source="MCS" anchor="chercheras" bfScore="--" coherenceScore="--">bn:00090460v</annotation>
		<annotation source="MCS" anchor="refuge" bfScore="--" coherenceScore="--">bn:00042922n</annotation>
		<annotation source="MCS" anchor="ennemi" bfScore="--" coherenceScore="--">bn:13675359a</annotation>
		<annotation source="MCS" anchor="forteresses" bfScore="--" coherenceScore="--">bn:00035975n</annotation>
		<annotation source="MCS" anchor="figuiers" bfScore="--" coherenceScore="--">bn:00011630n</annotation>
		<annotation source="BABELFY" anchor="primeurs" bfScore="0.8859060402684564" coherenceScore="0.051643192488262914">bn:00037326n</annotation>
		<annotation source="MCS" anchor="secoue" bfScore="--" coherenceScore="--">bn:00087727v</annotation>
		<annotation source="BABELFY" anchor="Elles" bfScore="1.0" coherenceScore="0.046948356807511735">bn:02492786n</annotation>
		<annotation source="MCS" anchor="tombent" bfScore="--" coherenceScore="--">bn:00087364v</annotation>
		<annotation source="BABELFY" anchor="bouche" bfScore="0.7100660707345511" coherenceScore="0.19718309859154928">bn:00056135n</annotation>
		<annotation source="MCS" anchor="veut" bfScore="--" coherenceScore="--">bn:00086682v</annotation>
		<annotation source="BABELFY" anchor="manger" bfScore="0.9539980832534689" coherenceScore="0.4460093896713615">bn:00035650n</annotation>
		<annotation source="MCS" anchor="peuple" bfScore="--" coherenceScore="--">bn:00019283n</annotation>
		<annotation source="MCS" anchor="sont" bfScore="--" coherenceScore="--">bn:00083187v</annotation>
		<annotation source="BABELFY" anchor="femmes" bfScore="0.8513979318268863" coherenceScore="0.4647887323943662">bn:00001530n</annotation>
		<annotation source="MCS" anchor="portes" bfScore="--" coherenceScore="--">bn:00028248n</annotation>
		<annotation source="MCS" anchor="pays" bfScore="--" coherenceScore="--">bn:00023235n</annotation>
		<annotation source="MCS" anchor="ennemis" bfScore="--" coherenceScore="--">bn:00030814n</annotation>
		<annotation source="MCS" anchor="feu" bfScore="--" coherenceScore="--">bn:00034625n</annotation>
		<annotation source="MCS" anchor="consume" bfScore="--" coherenceScore="--">bn:00085692v</annotation>
		<annotation source="MCS" anchor="verrous" bfScore="--" coherenceScore="--">bn:00011899n</annotation>
		<annotation source="BABELFY" anchor="Puise" bfScore="0.9742268041237113" coherenceScore="0.09859154929577464">bn:00087239v</annotation>
		<annotation source="BABELFY" anchor="eau" bfScore="0.9278544437600919" coherenceScore="0.6525821596244131">bn:00042379n</annotation>
		<annotation source="MCS" anchor="siège" bfScore="--" coherenceScore="--">bn:00009696n</annotation>
		<annotation source="BABELFY" anchor="Répare" bfScore="0.9473684210526315" coherenceScore="0.03755868544600939">bn:00084308v</annotation>
		<annotation source="MCS" anchor="boue" bfScore="--" coherenceScore="--">bn:00019625n</annotation>
		<annotation source="MCS" anchor="foule" bfScore="--" coherenceScore="--">bn:00086092v</annotation>
		<annotation source="MCS" anchor="argile" bfScore="--" coherenceScore="--">bn:00019624n</annotation>
		<annotation source="MCS" anchor="Rétablis" bfScore="--" coherenceScore="--">bn:00087732v</annotation>
		<annotation source="MCS" anchor="four" bfScore="--" coherenceScore="--">bn:00059829n</annotation>
		<annotation source="MCS" anchor="four à briques" bfScore="--" coherenceScore="--">bn:00013056n</annotation>
		<annotation source="BABELFY" anchor="briques" bfScore="0.8076923076923077" coherenceScore="0.19718309859154928">bn:00013047n</annotation>
		<annotation source="MCS" anchor="Là" bfScore="--" coherenceScore="--">bn:00114427r</annotation>
		<annotation source="MCS" anchor="dévorera" bfScore="--" coherenceScore="--">bn:00083503v</annotation>
		<annotation source="BABELFY" anchor="exterminera" bfScore="0.7368421052631579" coherenceScore="0.03755868544600939">bn:00082634v</annotation>
		<annotation source="BABELFY" anchor="comme" bfScore="0.7890410958904109" coherenceScore="0.07511737089201878">bn:00117173r</annotation>
		<annotation source="MCS" anchor="sauterelles" bfScore="--" coherenceScore="--">bn:00041452n</annotation>
		<annotation source="MCS" anchor="Entasse" bfScore="--" coherenceScore="--">bn:00089274v</annotation>
		<annotation source="MCS" anchor="marchands" bfScore="--" coherenceScore="--">bn:00012369n</annotation>
		<annotation source="MCS" anchor="plus" bfScore="--" coherenceScore="--">bn:00115880r</annotation>
		<annotation source="MCS" anchor="nombreux" bfScore="--" coherenceScore="--">bn:00107028a</annotation>
		<annotation source="MCS" anchor="étoiles" bfScore="--" coherenceScore="--">bn:00073964n</annotation>
		<annotation source="MCS" anchor="ciel" bfScore="--" coherenceScore="--">bn:00072016n</annotation>
		<annotation source="MCS" anchor="sauterelle" bfScore="--" coherenceScore="--">bn:00041452n</annotation>
		<annotation source="MCS" anchor="ailes" bfScore="--" coherenceScore="--">bn:00081337n</annotation>
		<annotation source="BABELFY" anchor="princes" bfScore="0.9251700680272109" coherenceScore="0.09389671361502347">bn:00064405n</annotation>
		<annotation source="MCS" anchor="chefs" bfScore="--" coherenceScore="--">bn:00018319n</annotation>
		<annotation source="MCS" anchor="posent" bfScore="--" coherenceScore="--">bn:00090424v</annotation>
		<annotation source="MCS" anchor="haies" bfScore="--" coherenceScore="--">bn:00043507n</annotation>
		<annotation source="MCS" anchor="temps" bfScore="--" coherenceScore="--">bn:00077270n</annotation>
		<annotation source="BABELFY" anchor="soleil" bfScore="0.8871656760772659" coherenceScore="0.38497652582159625">bn:00075170n</annotation>
		<annotation source="MCS" anchor="paraît" bfScore="--" coherenceScore="--">bn:00082693v</annotation>
		<annotation source="MCS" anchor="connaît" bfScore="--" coherenceScore="--">bn:00082272v</annotation>
		<annotation source="MCS" anchor="lieu" bfScore="--" coherenceScore="--">bn:00051754n</annotation>
		<annotation source="MCS" anchor="bergers" bfScore="--" coherenceScore="--">bn:00070974n</annotation>
		<annotation source="MCS" anchor="roi" bfScore="--" coherenceScore="--">bn:00049141n</annotation>
		<annotation source="BABELFY" anchor="Assyrie" bfScore="0.9779917469050894" coherenceScore="0.2112676056338028">bn:00006569n</annotation>
		<annotation source="MCS" anchor="vaillants" bfScore="--" coherenceScore="--">bn:00113485a</annotation>
		<annotation source="MCS" anchor="hommes" bfScore="--" coherenceScore="--">bn:00044576n</annotation>
		<annotation source="MCS" anchor="reposent" bfScore="--" coherenceScore="--">bn:00092903v</annotation>
		<annotation source="MCS" anchor="dispersé" bfScore="--" coherenceScore="--">bn:00083993v</annotation>
		<annotation source="BABELFY" anchor="montagnes" bfScore="0.7338287628218547" coherenceScore="0.2676056338028169">bn:00056068n</annotation>
		<annotation source="MCS" anchor="nul" bfScore="--" coherenceScore="--">bn:13605696a</annotation>
		<annotation source="BABELFY" anchor="rassemble" bfScore="0.7399563998754282" coherenceScore="0.16901408450704225">bn:00082846v</annotation>
		<annotation source="BABELFY" anchor="remède" bfScore="0.7368769663851631" coherenceScore="0.352112676056338">bn:00054133n</annotation>
		<annotation source="MCS" anchor="blessure" bfScore="--" coherenceScore="--">bn:00000694n</annotation>
		<annotation source="MCS" anchor="plaie" bfScore="--" coherenceScore="--">bn:00081668n</annotation>
		<annotation source="MCS" anchor="mortelle" bfScore="--" coherenceScore="--">bn:00100970a</annotation>
		<annotation source="MCS" anchor="entendront" bfScore="--" coherenceScore="--">bn:00089277v</annotation>
		<annotation source="MCS" anchor="parler" bfScore="--" coherenceScore="--">bn:00094090v</annotation>
		<annotation source="MCS" anchor="Battront" bfScore="--" coherenceScore="--">bn:00086455v</annotation>
		<annotation source="MCS" anchor="mains" bfScore="--" coherenceScore="--">bn:00042759n</annotation>
		<annotation source="MCS" anchor="Car" bfScore="--" coherenceScore="--">bn:02142237n</annotation>
		<annotation source="BABELFY" anchor="méchanceté" bfScore="0.7379151594870108" coherenceScore="0.15492957746478872">bn:00032050n</annotation>
		<annotation source="MCS" anchor="atteint" bfScore="--" coherenceScore="--">bn:00082226v</annotation>
	</annotations>
</paragraph>
</dataset>
