<?xml version="1.0" encoding="utf-8"?>
<dataset language="FR" title="OBA">
<paragraph id="p.1">
	<text>
		Prophétie d ` Abdias . Ainsi parle le Seigneur , l ` Éternel , sur Édom : - Nous avons appris une nouvelle de la part de l ` Éternel , Et un messager a été envoyé parmi les nations : Levez - vous , marchons contre Édom pour lui faire la guerre ! -
		Voici , je te rendrai petit parmi les nations , Tu seras l ` objet du plus grand mépris .
		L ` orgueil de ton coeur t ` a égaré , Toi qui habites le creux des rochers , Qui t ` assieds sur les hauteurs , Et qui dis en toi - même : Qui me précipitera jusqu ` à terre ?
		Quand tu placerais ton nid aussi haut que celui de l ` aigle , Quand tu le placerais parmi les étoiles , Je t ` en précipiterai , dit l ` Éternel .
		Si des voleurs , des pillards , viennent de nuit chez toi , Comme te voilà dévasté ! Mais enlèvent - ils plus qu ` ils ne peuvent ? Si des vendangeurs viennent chez toi , Ne laissent - ils rien à grappiller ? . . .
		Ah ! comme Ésaü est fouillé ! Comme ses trésors sont découverts !
		Tous tes alliés t ` ont chassé jusqu ` à la frontière , Tes amis t ` ont joué , t ` ont dominé , Ceux qui mangeaient ton pain t ` ont dressé des pièges , Et tu n ` as pas su t ` en apercevoir !
		N ` est - ce pas en ce jour , dit l ` Éternel , Que je ferai disparaître d ` Édom les sages , Et de la montagne d ` Ésaü l ` intelligence ?
		Tes guerriers , ô Théman , seront dans l ` épouvante , Car tous ceux de la montagne d ` Ésaü périront dans le carnage .
		A cause de ta violence contre ton frère Jacob , Tu seras couvert de honte , Et tu seras exterminé pour toujours .
		Le jour où tu te tenais en face de lui , Le jour où des étrangers emmenaient captive son armée , Où des étrangers entraient dans ses portes , Et jetaient le sort sur Jérusalem , Toi aussi tu étais comme l ` un d ` eux .
		Ne repais pas ta vue du jour de ton frère , du jour de son malheur , Ne te réjouis pas sur les enfants de Juda au jour de leur ruine , Et n ` ouvre pas une grande bouche au jour de la détresse !
		N ` entre pas dans les portes de mon peuple au jour de sa ruine , Ne repais pas ta vue de son malheur au jour de sa ruine , Et ne porte pas la main sur ses richesses au jour de sa ruine !
		Ne te tiens pas au carrefour pour exterminer ses fuyards , Et ne livre pas ses réchappés au jour de la détresse !
		Car le jour de l ` Éternel est proche , pour toutes les nations ; Il te sera fait comme tu as fait , Tes oeuvres retomberont sur ta tête .
		Car , comme vous avez bu sur ma montagne sainte , Ainsi toutes les nations boiront sans cesse ; Elles boiront , elles avaleront , Et elles seront comme si elles n ` avaient jamais été .
		Mais le salut sera sur la montagne de Sion , elle sera sainte , Et la maison de Jacob reprendra ses possessions .
		La maison de Jacob sera un feu , et la maison de Joseph une flamme ; Mais la maison d ` Ésaü sera du chaume , Qu ` elles allumeront et consumeront ; Et il ne restera rien de la maison d ` Ésaü , Car l ` Éternel a parlé .
		Ceux du midi posséderont la montagne d ` Ésaü , Et ceux de la plaine le pays des Philistins ; Ils posséderont le territoire d ` Éphraïm et celui de Samarie ; Et Benjamin possédera Galaad .
		Les captifs de cette armée des enfants d ` Israël Posséderont le pays occupé par les Cananéens jusqu ` à Sarepta , Et les captifs de Jérusalem qui sont à Sepharad Posséderont les villes du midi .
		Des libérateurs monteront sur la montagne de Sion , Pour juger la montagne d ` Ésaü ; Et à l ` Éternel appartiendra le règne .
	</text>
	<annotations>
		<annotation source="MCS" anchor="Prophétie" bfScore="--" coherenceScore="--">bn:00064645n</annotation>
		<annotation source="BABELFY" anchor="Abdias" bfScore="0.8269776236999685" coherenceScore="0.15471698113207547">bn:00000245n</annotation>
		<annotation source="MCS" anchor="parle" bfScore="--" coherenceScore="--">bn:00094090v</annotation>
		<annotation source="MCS" anchor="Seigneur" bfScore="--" coherenceScore="--">bn:00070296n</annotation>
		<annotation source="MCS" anchor="Éternel" bfScore="--" coherenceScore="--">bn:00032037n</annotation>
		<annotation source="BABELFY" anchor="Édom" bfScore="1.0" coherenceScore="0.1660377358490566">bn:01432049n</annotation>
		<annotation source="MCS" anchor="avons" bfScore="--" coherenceScore="--">bn:00088733v</annotation>
		<annotation source="MCS" anchor="appris" bfScore="--" coherenceScore="--">bn:00082281v</annotation>
		<annotation source="MCS" anchor="nouvelle" bfScore="--" coherenceScore="--">bn:00107267a</annotation>
		<annotation source="MCS" anchor="part" bfScore="--" coherenceScore="--">bn:00060766n</annotation>
		<annotation source="MCS" anchor="messager" bfScore="--" coherenceScore="--">bn:00023284n</annotation>
		<annotation source="MCS" anchor="été" bfScore="--" coherenceScore="--">bn:00083187v</annotation>
		<annotation source="MCS" anchor="envoyé" bfScore="--" coherenceScore="--">bn:00093485v</annotation>
		<annotation source="BABELFY" anchor="nations" bfScore="0.9443479779215614" coherenceScore="0.8301886792452831">bn:00023236n</annotation>
		<annotation source="MCS" anchor="Levez" bfScore="--" coherenceScore="--">bn:00084110v</annotation>
		<annotation source="MCS" anchor="marchons" bfScore="--" coherenceScore="--">bn:00095597v</annotation>
		<annotation source="MCS" anchor="faire" bfScore="--" coherenceScore="--">bn:00087107v</annotation>
		<annotation source="BABELFY" anchor="faire la guerre" bfScore="1.0" coherenceScore="0.07547169811320754">bn:00095633v</annotation>
		<annotation source="BABELFY" anchor="guerre" bfScore="0.9611317222010333" coherenceScore="0.41509433962264153">bn:00080439n</annotation>
		<annotation source="BABELFY" anchor="Voici" bfScore="1.0" coherenceScore="0.06792452830188679">bn:00114427r</annotation>
		<annotation source="MCS" anchor="rendrai" bfScore="--" coherenceScore="--">bn:00092791v</annotation>
		<annotation source="MCS" anchor="petit" bfScore="--" coherenceScore="--">bn:00106062a</annotation>
		<annotation source="MCS" anchor="seras" bfScore="--" coherenceScore="--">bn:00083187v</annotation>
		<annotation source="MCS" anchor="objet" bfScore="--" coherenceScore="--">bn:00058442n</annotation>
		<annotation source="MCS" anchor="plus" bfScore="--" coherenceScore="--">bn:00115880r</annotation>
		<annotation source="MCS" anchor="plus grand" bfScore="--" coherenceScore="--">bn:00105743a</annotation>
		<annotation source="MCS" anchor="grand" bfScore="--" coherenceScore="--">bn:00111630a</annotation>
		<annotation source="MCS" anchor="mépris" bfScore="--" coherenceScore="--">bn:00022146n</annotation>
		<annotation source="MCS" anchor="orgueil" bfScore="--" coherenceScore="--">bn:00064338n</annotation>
		<annotation source="MCS" anchor="coeur" bfScore="--" coherenceScore="--">bn:00043383n</annotation>
		<annotation source="BABELFY" anchor="égaré" bfScore="0.8273381294964028" coherenceScore="0.08679245283018867">bn:00090250v</annotation>
		<annotation source="MCS" anchor="habites" bfScore="--" coherenceScore="--">bn:00087441v</annotation>
		<annotation source="MCS" anchor="creux" bfScore="--" coherenceScore="--">bn:00044429n</annotation>
		<annotation source="MCS" anchor="rochers" bfScore="--" coherenceScore="--">bn:00012403n</annotation>
		<annotation source="BABELFY" anchor="assieds" bfScore="0.8671045982819606" coherenceScore="0.12452830188679245">bn:00093777v</annotation>
		<annotation source="MCS" anchor="hauteurs" bfScore="--" coherenceScore="--">bn:00043544n</annotation>
		<annotation source="MCS" anchor="dis" bfScore="--" coherenceScore="--">bn:00093287v</annotation>
		<annotation source="MCS" anchor="précipitera" bfScore="--" coherenceScore="--">bn:00082397v</annotation>
		<annotation source="MCS" anchor="placerais" bfScore="--" coherenceScore="--">bn:00090224v</annotation>
		<annotation source="MCS" anchor="nid" bfScore="--" coherenceScore="--">bn:00057353n</annotation>
		<annotation source="MCS" anchor="aussi" bfScore="--" coherenceScore="--">bn:00114246r</annotation>
		<annotation source="MCS" anchor="haut" bfScore="--" coherenceScore="--">bn:00104163a</annotation>
		<annotation source="MCS" anchor="aigle" bfScore="--" coherenceScore="--">bn:00010631n</annotation>
		<annotation source="MCS" anchor="étoiles" bfScore="--" coherenceScore="--">bn:00073964n</annotation>
		<annotation source="MCS" anchor="précipiterai" bfScore="--" coherenceScore="--">bn:00082397v</annotation>
		<annotation source="MCS" anchor="dit" bfScore="--" coherenceScore="--">bn:00093287v</annotation>
		<annotation source="MCS" anchor="voleurs" bfScore="--" coherenceScore="--">bn:00074094n</annotation>
		<annotation source="MCS" anchor="pillards" bfScore="--" coherenceScore="--">bn:00026590n</annotation>
		<annotation source="MCS" anchor="viennent" bfScore="--" coherenceScore="--">bn:00085322v</annotation>
		<annotation source="MCS" anchor="nuit" bfScore="--" coherenceScore="--">bn:00025236n</annotation>
		<annotation source="MCS" anchor="Comme" bfScore="--" coherenceScore="--">bn:00088952v</annotation>
		<annotation source="MCS" anchor="dévasté" bfScore="--" coherenceScore="--">bn:00086699v</annotation>
		<annotation source="MCS" anchor="enlèvent" bfScore="--" coherenceScore="--">bn:00092783v</annotation>
		<annotation source="MCS" anchor="peuvent" bfScore="--" coherenceScore="--">bn:13601970v</annotation>
		<annotation source="MCS" anchor="vendangeurs" bfScore="--" coherenceScore="--">bn:04705652n</annotation>
		<annotation source="MCS" anchor="laissent" bfScore="--" coherenceScore="--">bn:00090271v</annotation>
		<annotation source="MCS" anchor="rien" bfScore="--" coherenceScore="--">bn:00116378r</annotation>
		<annotation source="MCS" anchor="comme" bfScore="--" coherenceScore="--">bn:00114354r</annotation>
		<annotation source="BABELFY" anchor="Ésaü" bfScore="0.8089887640449438" coherenceScore="0.1018867924528302">bn:00031533n</annotation>
		<annotation source="MCS" anchor="est" bfScore="--" coherenceScore="--">bn:00083187v</annotation>
		<annotation source="BABELFY" anchor="fouillé" bfScore="0.9344262295081968" coherenceScore="0.045283018867924525">bn:00093412v</annotation>
		<annotation source="MCS" anchor="Comme" bfScore="--" coherenceScore="--">bn:00114354r</annotation>
		<annotation source="MCS" anchor="trésors" bfScore="--" coherenceScore="--">bn:00078117n</annotation>
		<annotation source="MCS" anchor="sont" bfScore="--" coherenceScore="--">bn:00083187v</annotation>
		<annotation source="MCS" anchor="découverts" bfScore="--" coherenceScore="--">bn:00086708v</annotation>
		<annotation source="MCS" anchor="alliés" bfScore="--" coherenceScore="--">bn:00002868n</annotation>
		<annotation source="MCS" anchor="ont" bfScore="--" coherenceScore="--">bn:00088733v</annotation>
		<annotation source="MCS" anchor="chassé" bfScore="--" coherenceScore="--">bn:00084834v</annotation>
		<annotation source="MCS" anchor="frontière" bfScore="--" coherenceScore="--">bn:00012212n</annotation>
		<annotation source="MCS" anchor="amis" bfScore="--" coherenceScore="--">bn:00036538n</annotation>
		<annotation source="MCS" anchor="joué" bfScore="--" coherenceScore="--">bn:00091711v</annotation>
		<annotation source="MCS" anchor="dominé" bfScore="--" coherenceScore="--">bn:00085403v</annotation>
		<annotation source="MCS" anchor="mangeaient" bfScore="--" coherenceScore="--">bn:00087461v</annotation>
		<annotation source="BABELFY" anchor="pain" bfScore="0.8885572139303483" coherenceScore="0.17735849056603772">bn:00012873n</annotation>
		<annotation source="MCS" anchor="dressé" bfScore="--" coherenceScore="--">bn:00087714v</annotation>
		<annotation source="MCS" anchor="pièges" bfScore="--" coherenceScore="--">bn:00078068n</annotation>
		<annotation source="MCS" anchor="as" bfScore="--" coherenceScore="--">bn:00088733v</annotation>
		<annotation source="MCS" anchor="su" bfScore="--" coherenceScore="--">bn:00090142v</annotation>
		<annotation source="MCS" anchor="apercevoir" bfScore="--" coherenceScore="--">bn:00086708v</annotation>
		<annotation source="MCS" anchor="jour" bfScore="--" coherenceScore="--">bn:00000086n</annotation>
		<annotation source="MCS" anchor="ferai" bfScore="--" coherenceScore="--">bn:00087107v</annotation>
		<annotation source="MCS" anchor="disparaître" bfScore="--" coherenceScore="--">bn:00086600v</annotation>
		<annotation source="BABELFY" anchor="montagne" bfScore="0.8076633260492804" coherenceScore="0.3660377358490566">bn:00056068n</annotation>
		<annotation source="MCS" anchor="intelligence" bfScore="--" coherenceScore="--">bn:00047025n</annotation>
		<annotation source="MCS" anchor="guerriers" bfScore="--" coherenceScore="--">bn:00080510n</annotation>
		<annotation source="MCS" anchor="seront" bfScore="--" coherenceScore="--">bn:00083187v</annotation>
		<annotation source="MCS" anchor="épouvante" bfScore="--" coherenceScore="--">bn:04984464n</annotation>
		<annotation source="MCS" anchor="Car" bfScore="--" coherenceScore="--">bn:02142237n</annotation>
		<annotation source="BABELFY" anchor="périront" bfScore="0.717948717948718" coherenceScore="0.052830188679245285">bn:00090106v</annotation>
		<annotation source="MCS" anchor="cause" bfScore="--" coherenceScore="--">bn:00015051n</annotation>
		<annotation source="BABELFY" anchor="violence" bfScore="0.9653948535936113" coherenceScore="0.24150943396226415">bn:00035772n</annotation>
		<annotation source="MCS" anchor="frère" bfScore="--" coherenceScore="--">bn:00011357n</annotation>
		<annotation source="MCS" anchor="Jacob" bfScore="--" coherenceScore="--">bn:00047849n</annotation>
		<annotation source="MCS" anchor="couvert" bfScore="--" coherenceScore="--">bn:00085904v</annotation>
		<annotation source="MCS" anchor="honte" bfScore="--" coherenceScore="--">bn:00027566n</annotation>
		<annotation source="BABELFY" anchor="exterminé" bfScore="0.8192771084337349" coherenceScore="0.045283018867924525">bn:00082634v</annotation>
		<annotation source="MCS" anchor="toujours" bfScore="--" coherenceScore="--">bn:00114251r</annotation>
		<annotation source="MCS" anchor="tenais" bfScore="--" coherenceScore="--">bn:00089385v</annotation>
		<annotation source="MCS" anchor="étrangers" bfScore="--" coherenceScore="--">bn:00002726n</annotation>
		<annotation source="BABELFY" anchor="emmenaient" bfScore="0.9782608695652174" coherenceScore="0.033962264150943396">bn:00085753v</annotation>
		<annotation source="MCS" anchor="captive" bfScore="--" coherenceScore="--">bn:00083288v</annotation>
		<annotation source="MCS" anchor="armée" bfScore="--" coherenceScore="--">bn:00005803n</annotation>
		<annotation source="MCS" anchor="entraient" bfScore="--" coherenceScore="--">bn:00085363v</annotation>
		<annotation source="MCS" anchor="portes" bfScore="--" coherenceScore="--">bn:00028248n</annotation>
		<annotation source="MCS" anchor="jetaient" bfScore="--" coherenceScore="--">bn:00094934v</annotation>
		<annotation source="MCS" anchor="sort" bfScore="--" coherenceScore="--">bn:03141550n</annotation>
		<annotation source="BABELFY" anchor="Jérusalem" bfScore="0.974502804691484" coherenceScore="0.39622641509433965">bn:00015555n</annotation>
		<annotation source="MCS" anchor="étais" bfScore="--" coherenceScore="--">bn:00083187v</annotation>
		<annotation source="MCS" anchor="vue" bfScore="--" coherenceScore="--">bn:00071509n</annotation>
		<annotation source="MCS" anchor="malheur" bfScore="--" coherenceScore="--">bn:00075069n</annotation>
		<annotation source="MCS" anchor="réjouis" bfScore="--" coherenceScore="--">bn:00086519v</annotation>
		<annotation source="MCS" anchor="enfants" bfScore="--" coherenceScore="--">bn:00018346n</annotation>
		<annotation source="MCS" anchor="ruine" bfScore="--" coherenceScore="--">bn:00068521n</annotation>
		<annotation source="MCS" anchor="grande" bfScore="--" coherenceScore="--">bn:00111630a</annotation>
		<annotation source="MCS" anchor="bouche" bfScore="--" coherenceScore="--">bn:00056135n</annotation>
		<annotation source="MCS" anchor="détresse" bfScore="--" coherenceScore="--">bn:00027789n</annotation>
		<annotation source="MCS" anchor="peuple" bfScore="--" coherenceScore="--">bn:00019283n</annotation>
		<annotation source="MCS" anchor="porte" bfScore="--" coherenceScore="--">bn:00089252v</annotation>
		<annotation source="MCS" anchor="main" bfScore="--" coherenceScore="--">bn:00042759n</annotation>
		<annotation source="MCS" anchor="richesses" bfScore="--" coherenceScore="--">bn:00080746n</annotation>
		<annotation source="MCS" anchor="tiens" bfScore="--" coherenceScore="--">bn:00089385v</annotation>
		<annotation source="MCS" anchor="carrefour" bfScore="--" coherenceScore="--">bn:00016237n</annotation>
		<annotation source="BABELFY" anchor="exterminer" bfScore="0.8192771084337349" coherenceScore="0.045283018867924525">bn:00082634v</annotation>
		<annotation source="MCS" anchor="fuyards" bfScore="--" coherenceScore="--">bn:00011465n</annotation>
		<annotation source="MCS" anchor="livre" bfScore="--" coherenceScore="--">bn:00086531v</annotation>
		<annotation source="MCS" anchor="proche" bfScore="--" coherenceScore="--">bn:00099857a</annotation>
		<annotation source="MCS" anchor="sera" bfScore="--" coherenceScore="--">bn:00083187v</annotation>
		<annotation source="MCS" anchor="fait" bfScore="--" coherenceScore="--">bn:00087107v</annotation>
		<annotation source="MCS" anchor="oeuvres" bfScore="--" coherenceScore="--">bn:00011767n</annotation>
		<annotation source="BABELFY" anchor="retomberont" bfScore="1.0" coherenceScore="0.011320754716981131">bn:00087991v</annotation>
		<annotation source="MCS" anchor="tête" bfScore="--" coherenceScore="--">bn:00015784n</annotation>
		<annotation source="MCS" anchor="avez" bfScore="--" coherenceScore="--">bn:00088733v</annotation>
		<annotation source="MCS" anchor="bu" bfScore="--" coherenceScore="--">bn:00087321v</annotation>
		<annotation source="MCS" anchor="sainte" bfScore="--" coherenceScore="--">bn:00110031a</annotation>
		<annotation source="MCS" anchor="boiront" bfScore="--" coherenceScore="--">bn:00087321v</annotation>
		<annotation source="BABELFY" anchor="cesse" bfScore="1.0" coherenceScore="0.033962264150943396">bn:00822364n</annotation>
		<annotation source="MCS" anchor="avaleront" bfScore="--" coherenceScore="--">bn:00094648v</annotation>
		<annotation source="MCS" anchor="avaient" bfScore="--" coherenceScore="--">bn:00088733v</annotation>
		<annotation source="MCS" anchor="jamais" bfScore="--" coherenceScore="--">bn:00116326r</annotation>
		<annotation source="MCS" anchor="salut" bfScore="--" coherenceScore="--">bn:00066712n</annotation>
		<annotation source="MCS" anchor="maison" bfScore="--" coherenceScore="--">bn:00044994n</annotation>
		<annotation source="MCS" anchor="reprendra" bfScore="--" coherenceScore="--">bn:00092413v</annotation>
		<annotation source="MCS" anchor="possessions" bfScore="--" coherenceScore="--">bn:00059958n</annotation>
		<annotation source="MCS" anchor="feu" bfScore="--" coherenceScore="--">bn:00034625n</annotation>
		<annotation source="BABELFY" anchor="flamme" bfScore="1.0" coherenceScore="0.2528301886792453">bn:00034625n</annotation>
		<annotation source="MCS" anchor="chaume" bfScore="--" coherenceScore="--">bn:00076774n</annotation>
		<annotation source="MCS" anchor="allumeront" bfScore="--" coherenceScore="--">bn:00089581v</annotation>
		<annotation source="MCS" anchor="consumeront" bfScore="--" coherenceScore="--">bn:00085692v</annotation>
		<annotation source="MCS" anchor="restera" bfScore="--" coherenceScore="--">bn:00085719v</annotation>
		<annotation source="MCS" anchor="parlé" bfScore="--" coherenceScore="--">bn:00094090v</annotation>
		<annotation source="MCS" anchor="midi" bfScore="--" coherenceScore="--">bn:00044075n</annotation>
		<annotation source="MCS" anchor="posséderont" bfScore="--" coherenceScore="--">bn:00089241v</annotation>
		<annotation source="MCS" anchor="plaine" bfScore="--" coherenceScore="--">bn:00052205n</annotation>
		<annotation source="MCS" anchor="pays" bfScore="--" coherenceScore="--">bn:00023235n</annotation>
		<annotation source="MCS" anchor="Ils" bfScore="--" coherenceScore="--">bn:03861247n</annotation>
		<annotation source="MCS" anchor="territoire" bfScore="--" coherenceScore="--">bn:00027810n</annotation>
		<annotation source="MCS" anchor="possédera" bfScore="--" coherenceScore="--">bn:00089241v</annotation>
		<annotation source="BABELFY" anchor="Galaad" bfScore="0.9634601043997018" coherenceScore="0.12830188679245283">bn:03395772n</annotation>
		<annotation source="MCS" anchor="captifs" bfScore="--" coherenceScore="--">bn:00015768n</annotation>
		<annotation source="BABELFY" anchor="Israël" bfScore="0.9538905580922189" coherenceScore="0.7132075471698113">bn:00047679n</annotation>
		<annotation source="MCS" anchor="Posséderont" bfScore="--" coherenceScore="--">bn:00089241v</annotation>
		<annotation source="MCS" anchor="occupé" bfScore="--" coherenceScore="--">bn:00090437v</annotation>
		<annotation source="MCS" anchor="Cananéens" bfScore="--" coherenceScore="--">bn:13692352a</annotation>
		<annotation source="BABELFY" anchor="Sarepta" bfScore="1.0" coherenceScore="0.10566037735849057">bn:03479356n</annotation>
		<annotation source="MCS" anchor="villes" bfScore="--" coherenceScore="--">bn:00077773n</annotation>
		<annotation source="BABELFY" anchor="libérateurs" bfScore="1.0" coherenceScore="0.0830188679245283">bn:00050947n</annotation>
		<annotation source="MCS" anchor="monteront" bfScore="--" coherenceScore="--">bn:00083708v</annotation>
		<annotation source="MCS" anchor="juger" bfScore="--" coherenceScore="--">bn:00090000v</annotation>
		<annotation source="MCS" anchor="appartiendra" bfScore="--" coherenceScore="--">bn:00082702v</annotation>
		<annotation source="MCS" anchor="règne" bfScore="--" coherenceScore="--">bn:00049171n</annotation>
	</annotations>
</paragraph>
