<?xml version="1.0" encoding="utf-8"?>
<dataset language="FR" title="PHI">
<paragraph id="p.1">
	<text>
		Paul et Timothée , serviteurs de Jésus Christ , à tous les saints en Jésus Christ qui sont à Philippes , aux évêques et aux diacres :
		que la grâce et la paix vous soient données de la part de Dieu notre Père et du Seigneur Jésus Christ !
		Je rends grâces à mon Dieu de tout le souvenir que je garde de vous ,
		ne cessant , dans toutes mes prières pour vous tous ,
		de manifester ma joie au sujet de la part que vous prenez à l ` Évangile , depuis le premier jour jusqu ` à maintenant .
		Je suis persuadé que celui qui a commencé en vous cette bonne oeuvre la rendra parfaite pour le jour de Jésus Christ .
		Il est juste que je pense ainsi de vous tous , parce que je vous porte dans mon coeur , soit dans mes liens , soit dans la défense et la confirmation de l ` Évangile , vous qui tous participez à la même grâce que moi .
		Car Dieu m ` est témoin que je vous chéris tous avec la tendresse de Jésus Christ .
		Et ce que je demande dans mes prières , c ` est que votre amour augmente de plus en plus en connaissance et en pleine intelligence
		pour le discernement des choses les meilleures , afin que vous soyez purs et irréprochables pour le jour de Christ ,
		remplis du fruit de justice qui est par Jésus Christ , à la gloire et à la louange de Dieu .
		Je veux que vous sachiez , frères , que ce qui m ` est arrivé a plutôt contribué aux progrès de l ` Évangile .
		En effet , dans tout le prétoire et partout ailleurs , nul n ` ignore que c ` est pour Christ que je suis dans les liens ,
		et la plupart des frères dans le Seigneur , encouragés par mes liens , ont plus d ` assurance pour annoncer sans crainte la parole .
		Quelques - uns , il est vrai , prêchent Christ par envie et par esprit de dispute ; mais d ` autres le prêchent avec des dispositions bienveillantes .
		Ceux - ci agissent par amour , sachant que je suis établi pour la défense de l ` Évangile ,
		tandis que ceux - là , animés d ` un esprit de dispute , annoncent Christ par des motifs qui ne sont pas purs et avec la pensée de me susciter quelque tribulation dans mes liens .
		Qu ` importe ? De toute manière , que ce soit pour l ` apparence , que ce soit sincèrement , Christ n ` est pas moins annoncé : je m ` en réjouis , et je m ` en réjouirai encore .
		Car je sais que cela tournera à mon salut , grâce à vos prières et à l ` assistance de l ` Esprit de Jésus Christ ,
		selon ma ferme attente et mon espérance que je n ` aurai honte de rien , mais que , maintenant comme toujours , Christ sera glorifié dans mon corps avec une pleine assurance , soit par ma vie , soit par ma mort ;
		car Christ est ma vie , et la mort m ` est un gain .
		Mais s ` il est utile pour mon oeuvre que je vive dans la chair , je ne saurais dire ce que je dois préférer .
		Je suis pressé des deux côtés : j ` ai le désir de m ` en aller et d ` être avec Christ , ce qui de beaucoup est le meilleur ;
		mais à cause de vous il est plus nécessaire que je demeure dans la chair .
		Et je suis persuadé , je sais que je demeurerai et que je resterai avec vous tous , pour votre avancement et pour votre joie dans la foi ,
		afin que , par mon retour auprès de vous , vous ayez en moi un abondant sujet de vous glorifier en Jésus Christ .
		Seulement , conduisez - vous d ` une manière digne de l ` Évangile de Christ , afin que , soit que je vienne vous voir , soit que je reste absent , j ` entende dire de vous que vous demeurez fermes dans un même esprit , combattant d ` une même âme pour la foi de l ` Évangile ,
		sans vous laisser aucunement effrayer par les adversaires , ce qui est pour eux une preuve de perdition , mais pour vous de salut ;
		et cela de la part de Dieu , car il vous a été fait la grâce , par rapport à Christ , non seulement de croire en lui , mais encore de souffrir pour lui ,
		en soutenant le même combat que vous m ` avez vu soutenir , et que vous apprenez maintenant que je soutiens .
	</text>
	<annotations>
		<annotation source="BABELFY" anchor="Paul" bfScore="0.920782048242116" coherenceScore="0.4083044982698962">bn:00004984n</annotation>
		<annotation source="MCS" anchor="serviteurs" bfScore="--" coherenceScore="--">bn:00070680n</annotation>
		<annotation source="BABELFY" anchor="Jésus" bfScore="0.8465771887459987" coherenceScore="0.7785467128027682">bn:00018805n</annotation>
		<annotation source="BABELFY" anchor="Jésus Christ" bfScore="1.0" coherenceScore="0.7820069204152249">bn:00018805n</annotation>
		<annotation source="BABELFY" anchor="Christ" bfScore="0.9927354832376184" coherenceScore="0.7785467128027682">bn:00018805n</annotation>
		<annotation source="MCS" anchor="saints" bfScore="--" coherenceScore="--">bn:00053896n</annotation>
		<annotation source="MCS" anchor="sont" bfScore="--" coherenceScore="--">bn:00083187v</annotation>
		<annotation source="MCS" anchor="Philippes" bfScore="--" coherenceScore="--">bn:00061962n</annotation>
		<annotation source="MCS" anchor="évêques" bfScore="--" coherenceScore="--">bn:00010715n</annotation>
		<annotation source="BABELFY" anchor="diacres" bfScore="0.8222565687789799" coherenceScore="0.2491349480968858">bn:00025496n</annotation>
		<annotation source="MCS" anchor="grâce" bfScore="--" coherenceScore="--">bn:00041227n</annotation>
		<annotation source="MCS" anchor="paix" bfScore="--" coherenceScore="--">bn:00061149n</annotation>
		<annotation source="MCS" anchor="soient" bfScore="--" coherenceScore="--">bn:00083187v</annotation>
		<annotation source="MCS" anchor="données" bfScore="--" coherenceScore="--">bn:00088815v</annotation>
		<annotation source="MCS" anchor="part" bfScore="--" coherenceScore="--">bn:00060766n</annotation>
		<annotation source="BABELFY" anchor="Dieu" bfScore="0.7054550047936154" coherenceScore="0.8477508650519031">bn:00040878n</annotation>
		<annotation source="MCS" anchor="Père" bfScore="--" coherenceScore="--">bn:00009616n</annotation>
		<annotation source="MCS" anchor="Seigneur" bfScore="--" coherenceScore="--">bn:00070296n</annotation>
		<annotation source="MCS" anchor="rends" bfScore="--" coherenceScore="--">bn:00092791v</annotation>
		<annotation source="MCS" anchor="grâces" bfScore="--" coherenceScore="--">bn:00041227n</annotation>
		<annotation source="MCS" anchor="souvenir" bfScore="--" coherenceScore="--">bn:00048886n</annotation>
		<annotation source="MCS" anchor="garde" bfScore="--" coherenceScore="--">bn:00089407v</annotation>
		<annotation source="MCS" anchor="prières" bfScore="--" coherenceScore="--">bn:00059529n</annotation>
		<annotation source="BABELFY" anchor="tous" bfScore="1.0" coherenceScore="0.0034602076124567475">bn:00002165n</annotation>
		<annotation source="MCS" anchor="manifester" bfScore="--" coherenceScore="--">bn:00092106v</annotation>
		<annotation source="MCS" anchor="joie" bfScore="--" coherenceScore="--">bn:00048468n</annotation>
		<annotation source="MCS" anchor="sujet" bfScore="--" coherenceScore="--">bn:00022157n</annotation>
		<annotation source="MCS" anchor="prenez" bfScore="--" coherenceScore="--">bn:00088762v</annotation>
		<annotation source="MCS" anchor="Évangile" bfScore="--" coherenceScore="--">bn:00031976n</annotation>
		<annotation source="MCS" anchor="jour" bfScore="--" coherenceScore="--">bn:00000086n</annotation>
		<annotation source="MCS" anchor="maintenant" bfScore="--" coherenceScore="--">bn:00114424r</annotation>
		<annotation source="BABELFY" anchor="persuadé" bfScore="0.9903288201160542" coherenceScore="0.19377162629757785">bn:00091565v</annotation>
		<annotation source="MCS" anchor="commencé" bfScore="--" coherenceScore="--">bn:00083342v</annotation>
		<annotation source="MCS" anchor="bonne" bfScore="--" coherenceScore="--">bn:00103672a</annotation>
		<annotation source="MCS" anchor="oeuvre" bfScore="--" coherenceScore="--">bn:00011767n</annotation>
		<annotation source="MCS" anchor="rendra" bfScore="--" coherenceScore="--">bn:00092791v</annotation>
		<annotation source="BABELFY" anchor="parfaite" bfScore="1.0" coherenceScore="0.020761245674740483">bn:00089443v</annotation>
		<annotation source="MCS" anchor="est" bfScore="--" coherenceScore="--">bn:00083187v</annotation>
		<annotation source="MCS" anchor="juste" bfScore="--" coherenceScore="--">bn:00102719a</annotation>
		<annotation source="MCS" anchor="pense" bfScore="--" coherenceScore="--">bn:00084733v</annotation>
		<annotation source="BABELFY" anchor="ainsi" bfScore="0.8108703635695924" coherenceScore="0.15916955017301038">bn:00117263r</annotation>
		<annotation source="MCS" anchor="porte" bfScore="--" coherenceScore="--">bn:00089252v</annotation>
		<annotation source="MCS" anchor="coeur" bfScore="--" coherenceScore="--">bn:00043383n</annotation>
		<annotation source="MCS" anchor="liens" bfScore="--" coherenceScore="--">bn:00045513n</annotation>
		<annotation source="MCS" anchor="défense" bfScore="--" coherenceScore="--">bn:00025878n</annotation>
		<annotation source="MCS" anchor="confirmation" bfScore="--" coherenceScore="--">bn:00021759n</annotation>
		<annotation source="MCS" anchor="participez" bfScore="--" coherenceScore="--">bn:00091451v</annotation>
		<annotation source="MCS" anchor="témoin" bfScore="--" coherenceScore="--">bn:00066675n</annotation>
		<annotation source="BABELFY" anchor="chéris" bfScore="1.0" coherenceScore="0.04152249134948097">bn:00084531v</annotation>
		<annotation source="MCS" anchor="tendresse" bfScore="--" coherenceScore="--">bn:00030750n</annotation>
		<annotation source="MCS" anchor="demande" bfScore="--" coherenceScore="--">bn:00082817v</annotation>
		<annotation source="BABELFY" anchor="amour" bfScore="0.7725059372276991" coherenceScore="0.6505190311418685">bn:00052121n</annotation>
		<annotation source="MCS" anchor="augmente" bfScore="--" coherenceScore="--">bn:00089666v</annotation>
		<annotation source="MCS" anchor="plus" bfScore="--" coherenceScore="--">bn:00115880r</annotation>
		<annotation source="MCS" anchor="connaissance" bfScore="--" coherenceScore="--">bn:00020452n</annotation>
		<annotation source="MCS" anchor="pleine" bfScore="--" coherenceScore="--">bn:00103391a</annotation>
		<annotation source="BABELFY" anchor="intelligence" bfScore="0.8796456502180081" coherenceScore="0.2837370242214533">bn:00047025n</annotation>
		<annotation source="BABELFY" anchor="discernement" bfScore="1.0" coherenceScore="0.1972318339100346">bn:00027470n</annotation>
		<annotation source="MCS" anchor="choses" bfScore="--" coherenceScore="--">bn:00076925n</annotation>
		<annotation source="MCS" anchor="meilleures" bfScore="--" coherenceScore="--">bn:00098274a</annotation>
		<annotation source="MCS" anchor="soyez" bfScore="--" coherenceScore="--">bn:00083187v</annotation>
		<annotation source="MCS" anchor="purs" bfScore="--" coherenceScore="--">bn:00109244a</annotation>
		<annotation source="MCS" anchor="irréprochables" bfScore="--" coherenceScore="--">bn:00098519a</annotation>
		<annotation source="BABELFY" anchor="remplis" bfScore="0.8314436885865457" coherenceScore="0.1903114186851211">bn:00088180v</annotation>
		<annotation source="MCS" anchor="fruit" bfScore="--" coherenceScore="--">bn:00036686n</annotation>
		<annotation source="MCS" anchor="justice" bfScore="--" coherenceScore="--">bn:00048668n</annotation>
		<annotation source="MCS" anchor="gloire" bfScore="--" coherenceScore="--">bn:00016991n</annotation>
		<annotation source="MCS" anchor="louange" bfScore="--" coherenceScore="--">bn:01193643n</annotation>
		<annotation source="MCS" anchor="veux" bfScore="--" coherenceScore="--">bn:00086682v</annotation>
		<annotation source="MCS" anchor="sachiez" bfScore="--" coherenceScore="--">bn:00090142v</annotation>
		<annotation source="MCS" anchor="frères" bfScore="--" coherenceScore="--">bn:00011357n</annotation>
		<annotation source="MCS" anchor="arrivé" bfScore="--" coherenceScore="--">bn:00083286v</annotation>
		<annotation source="MCS" anchor="plutôt" bfScore="--" coherenceScore="--">bn:00116064r</annotation>
		<annotation source="MCS" anchor="contribué" bfScore="--" coherenceScore="--">bn:00084904v</annotation>
		<annotation source="BABELFY" anchor="progrès" bfScore="0.9366391184573003" coherenceScore="0.17647058823529413">bn:00970321n</annotation>
		<annotation source="MCS" anchor="effet" bfScore="--" coherenceScore="--">bn:00029871n</annotation>
		<annotation source="BABELFY" anchor="prétoire" bfScore="1.0" coherenceScore="0.1695501730103806">bn:00064000n</annotation>
		<annotation source="MCS" anchor="partout" bfScore="--" coherenceScore="--">bn:00114212r</annotation>
		<annotation source="MCS" anchor="partout ailleurs" bfScore="--" coherenceScore="--">bn:13783047r</annotation>
		<annotation source="MCS" anchor="ailleurs" bfScore="--" coherenceScore="--">bn:00115192r</annotation>
		<annotation source="MCS" anchor="nul" bfScore="--" coherenceScore="--">bn:13605696a</annotation>
		<annotation source="BABELFY" anchor="ignore" bfScore="1.0" coherenceScore="0.020761245674740483">bn:00084160v</annotation>
		<annotation source="BABELFY" anchor="plupart" bfScore="1.0" coherenceScore="0.010380622837370242">bn:00050555n</annotation>
		<annotation source="MCS" anchor="encouragés" bfScore="--" coherenceScore="--">bn:00082397v</annotation>
		<annotation source="MCS" anchor="ont" bfScore="--" coherenceScore="--">bn:00088733v</annotation>
		<annotation source="MCS" anchor="assurance" bfScore="--" coherenceScore="--">bn:00046996n</annotation>
		<annotation source="BABELFY" anchor="annoncer" bfScore="0.7586206896551724" coherenceScore="0.1384083044982699">bn:00082639v</annotation>
		<annotation source="MCS" anchor="crainte" bfScore="--" coherenceScore="--">bn:00007503n</annotation>
		<annotation source="MCS" anchor="parole" bfScore="--" coherenceScore="--">bn:00049911n</annotation>
		<annotation source="MCS" anchor="vrai" bfScore="--" coherenceScore="--">bn:00112146a</annotation>
		<annotation source="BABELFY" anchor="prêchent" bfScore="0.9591194968553459" coherenceScore="0.21107266435986158">bn:00091922v</annotation>
		<annotation source="MCS" anchor="envie" bfScore="--" coherenceScore="--">bn:00042872n</annotation>
		<annotation source="MCS" anchor="esprit" bfScore="--" coherenceScore="--">bn:00012681n</annotation>
		<annotation source="MCS" anchor="dispute" bfScore="--" coherenceScore="--">bn:00022267n</annotation>
		<annotation source="MCS" anchor="autres" bfScore="--" coherenceScore="--">bn:00101268a</annotation>
		<annotation source="MCS" anchor="dispositions" bfScore="--" coherenceScore="--">bn:00027686n</annotation>
		<annotation source="BABELFY" anchor="bienveillantes" bfScore="1.0" coherenceScore="0.01730103806228374">bn:00096349a</annotation>
		<annotation source="BABELFY" anchor="agissent" bfScore="0.7166806370494552" coherenceScore="0.2629757785467128">bn:00082285v</annotation>
		<annotation source="MCS" anchor="sachant" bfScore="--" coherenceScore="--">bn:00090142v</annotation>
		<annotation source="MCS" anchor="établi" bfScore="--" coherenceScore="--">bn:00086567v</annotation>
		<annotation source="MCS" anchor="animés" bfScore="--" coherenceScore="--">bn:00082629v</annotation>
		<annotation source="BABELFY" anchor="annoncent" bfScore="0.7586206896551724" coherenceScore="0.1384083044982699">bn:00082639v</annotation>
		<annotation source="MCS" anchor="motifs" bfScore="--" coherenceScore="--">bn:00056025n</annotation>
		<annotation source="BABELFY" anchor="pensée" bfScore="0.7000483636949862" coherenceScore="0.6366782006920415">bn:00017339n</annotation>
		<annotation source="MCS" anchor="susciter" bfScore="--" coherenceScore="--">bn:00082768v</annotation>
		<annotation source="BABELFY" anchor="tribulation" bfScore="0.9883848345386806" coherenceScore="0.1903114186851211">bn:02492215n</annotation>
		<annotation source="BABELFY" anchor="importe" bfScore="1.0" coherenceScore="0.0034602076124567475">bn:00089626v</annotation>
		<annotation source="MCS" anchor="manière" bfScore="--" coherenceScore="--">bn:00053238n</annotation>
		<annotation source="MCS" anchor="soit" bfScore="--" coherenceScore="--">bn:00083187v</annotation>
		<annotation source="MCS" anchor="apparence" bfScore="--" coherenceScore="--">bn:00005023n</annotation>
		<annotation source="MCS" anchor="sincèrement" bfScore="--" coherenceScore="--">bn:00116990r</annotation>
		<annotation source="MCS" anchor="moins" bfScore="--" coherenceScore="--">bn:00116104r</annotation>
		<annotation source="BABELFY" anchor="annoncé" bfScore="0.7586206896551724" coherenceScore="0.1384083044982699">bn:00082639v</annotation>
		<annotation source="BABELFY" anchor="réjouis" bfScore="0.8859530870854678" coherenceScore="0.18339100346020762">bn:00089996v</annotation>
		<annotation source="BABELFY" anchor="réjouirai" bfScore="0.8859530870854678" coherenceScore="0.18339100346020762">bn:00089996v</annotation>
		<annotation source="MCS" anchor="encore" bfScore="--" coherenceScore="--">bn:00114369r</annotation>
		<annotation source="MCS" anchor="sais" bfScore="--" coherenceScore="--">bn:00090142v</annotation>
		<annotation source="MCS" anchor="tournera" bfScore="--" coherenceScore="--">bn:00095233v</annotation>
		<annotation source="MCS" anchor="salut" bfScore="--" coherenceScore="--">bn:00066712n</annotation>
		<annotation source="BABELFY" anchor="assistance" bfScore="0.8719906048150323" coherenceScore="0.18685121107266436">bn:00007014n</annotation>
		<annotation source="MCS" anchor="Esprit" bfScore="--" coherenceScore="--">bn:00012681n</annotation>
		<annotation source="BABELFY" anchor="ferme" bfScore="1.0" coherenceScore="0.01384083044982699">bn:00112382a</annotation>
		<annotation source="MCS" anchor="attente" bfScore="--" coherenceScore="--">bn:00080340n</annotation>
		<annotation source="MCS" anchor="espérance" bfScore="--" coherenceScore="--">bn:00044740n</annotation>
		<annotation source="MCS" anchor="aurai" bfScore="--" coherenceScore="--">bn:00088733v</annotation>
		<annotation source="MCS" anchor="honte" bfScore="--" coherenceScore="--">bn:00027566n</annotation>
		<annotation source="MCS" anchor="rien" bfScore="--" coherenceScore="--">bn:03261184n</annotation>
		<annotation source="BABELFY" anchor="comme" bfScore="0.8982912937347437" coherenceScore="0.15916955017301038">bn:00117263r</annotation>
		<annotation source="MCS" anchor="toujours" bfScore="--" coherenceScore="--">bn:00114251r</annotation>
		<annotation source="MCS" anchor="sera" bfScore="--" coherenceScore="--">bn:00083187v</annotation>
		<annotation source="BABELFY" anchor="glorifié" bfScore="0.8189504373177843" coherenceScore="0.18339100346020762">bn:00088896v</annotation>
		<annotation source="MCS" anchor="corps" bfScore="--" coherenceScore="--">bn:00011744n</annotation>
		<annotation source="MCS" anchor="vie" bfScore="--" coherenceScore="--">bn:00002761n</annotation>
		<annotation source="MCS" anchor="mort" bfScore="--" coherenceScore="--">bn:00025582n</annotation>
		<annotation source="BABELFY" anchor="gain" bfScore="0.9328151027207107" coherenceScore="0.1384083044982699">bn:00081253n</annotation>
		<annotation source="MCS" anchor="utile" bfScore="--" coherenceScore="--">bn:00104094a</annotation>
		<annotation source="MCS" anchor="vive" bfScore="--" coherenceScore="--">bn:00087617v</annotation>
		<annotation source="MCS" anchor="chair" bfScore="--" coherenceScore="--">bn:00035182n</annotation>
		<annotation source="MCS" anchor="saurais" bfScore="--" coherenceScore="--">bn:00090142v</annotation>
		<annotation source="MCS" anchor="dire" bfScore="--" coherenceScore="--">bn:00093287v</annotation>
		<annotation source="MCS" anchor="dois" bfScore="--" coherenceScore="--">bn:00091360v</annotation>
		<annotation source="MCS" anchor="préférer" bfScore="--" coherenceScore="--">bn:00088060v</annotation>
		<annotation source="MCS" anchor="pressé" bfScore="--" coherenceScore="--">bn:00086115v</annotation>
		<annotation source="MCS" anchor="côtés" bfScore="--" coherenceScore="--">bn:00032604n</annotation>
		<annotation source="MCS" anchor="ai" bfScore="--" coherenceScore="--">bn:00088733v</annotation>
		<annotation source="MCS" anchor="désir" bfScore="--" coherenceScore="--">bn:00026550n</annotation>
		<annotation source="MCS" anchor="aller" bfScore="--" coherenceScore="--">bn:00087905v</annotation>
		<annotation source="MCS" anchor="être" bfScore="--" coherenceScore="--">bn:00083187v</annotation>
		<annotation source="MCS" anchor="beaucoup" bfScore="--" coherenceScore="--">bn:00114047r</annotation>
		<annotation source="MCS" anchor="meilleur" bfScore="--" coherenceScore="--">bn:00098274a</annotation>
		<annotation source="MCS" anchor="cause" bfScore="--" coherenceScore="--">bn:00015051n</annotation>
		<annotation source="MCS" anchor="nécessaire" bfScore="--" coherenceScore="--">bn:00107182a</annotation>
		<annotation source="MCS" anchor="demeure" bfScore="--" coherenceScore="--">bn:00082138v</annotation>
		<annotation source="MCS" anchor="demeurerai" bfScore="--" coherenceScore="--">bn:00082138v</annotation>
		<annotation source="MCS" anchor="resterai" bfScore="--" coherenceScore="--">bn:00085719v</annotation>
		<annotation source="MCS" anchor="avancement" bfScore="--" coherenceScore="--">bn:00001556n</annotation>
		<annotation source="BABELFY" anchor="foi" bfScore="0.7991213179509913" coherenceScore="0.8477508650519031">bn:00032768n</annotation>
		<annotation source="MCS" anchor="retour" bfScore="--" coherenceScore="--">bn:00046318n</annotation>
		<annotation source="MCS" anchor="ayez" bfScore="--" coherenceScore="--">bn:00088733v</annotation>
		<annotation source="MCS" anchor="abondant" bfScore="--" coherenceScore="--">bn:00096219a</annotation>
		<annotation source="BABELFY" anchor="glorifier" bfScore="0.8189504373177843" coherenceScore="0.18339100346020762">bn:00088896v</annotation>
		<annotation source="BABELFY" anchor="Seulement" bfScore="0.9788066514509293" coherenceScore="0.2629757785467128">bn:00114626r</annotation>
		<annotation source="MCS" anchor="conduisez" bfScore="--" coherenceScore="--">bn:00085567v</annotation>
		<annotation source="MCS" anchor="digne" bfScore="--" coherenceScore="--">bn:00113948a</annotation>
		<annotation source="MCS" anchor="vienne" bfScore="--" coherenceScore="--">bn:00085322v</annotation>
		<annotation source="MCS" anchor="voir" bfScore="--" coherenceScore="--">bn:00093430v</annotation>
		<annotation source="MCS" anchor="reste" bfScore="--" coherenceScore="--">bn:00085719v</annotation>
		<annotation source="BABELFY" anchor="absent" bfScore="0.875" coherenceScore="0.12110726643598616">bn:00096193a</annotation>
		<annotation source="MCS" anchor="entende" bfScore="--" coherenceScore="--">bn:00089277v</annotation>
		<annotation source="MCS" anchor="demeurez" bfScore="--" coherenceScore="--">bn:00082138v</annotation>
		<annotation source="BABELFY" anchor="fermes" bfScore="1.0" coherenceScore="0.01384083044982699">bn:00112382a</annotation>
		<annotation source="BABELFY" anchor="combattant" bfScore="0.7789855072463768" coherenceScore="0.1384083044982699">bn:00085869v</annotation>
		<annotation source="MCS" anchor="âme" bfScore="--" coherenceScore="--">bn:00065006n</annotation>
		<annotation source="MCS" anchor="laisser" bfScore="--" coherenceScore="--">bn:00090271v</annotation>
		<annotation source="MCS" anchor="effrayer" bfScore="--" coherenceScore="--">bn:00082447v</annotation>
		<annotation source="MCS" anchor="adversaires" bfScore="--" coherenceScore="--">bn:03666488n</annotation>
		<annotation source="MCS" anchor="preuve" bfScore="--" coherenceScore="--">bn:00032045n</annotation>
		<annotation source="BABELFY" anchor="perdition" bfScore="1.0" coherenceScore="0.328719723183391">bn:00043604n</annotation>
		<annotation source="MCS" anchor="été" bfScore="--" coherenceScore="--">bn:00083187v</annotation>
		<annotation source="MCS" anchor="fait" bfScore="--" coherenceScore="--">bn:00087107v</annotation>
		<annotation source="MCS" anchor="rapport" bfScore="--" coherenceScore="--">bn:00067181n</annotation>
		<annotation source="MCS" anchor="non" bfScore="--" coherenceScore="--">bn:00116350r</annotation>
		<annotation source="BABELFY" anchor="seulement" bfScore="0.9788066514509293" coherenceScore="0.2629757785467128">bn:00114626r</annotation>
		<annotation source="MCS" anchor="croire" bfScore="--" coherenceScore="--">bn:00083369v</annotation>
		<annotation source="MCS" anchor="souffrir" bfScore="--" coherenceScore="--">bn:00088745v</annotation>
		<annotation source="MCS" anchor="soutenant" bfScore="--" coherenceScore="--">bn:00089387v</annotation>
		<annotation source="MCS" anchor="combat" bfScore="--" coherenceScore="--">bn:00005731n</annotation>
		<annotation source="MCS" anchor="avez" bfScore="--" coherenceScore="--">bn:00088733v</annotation>
		<annotation source="MCS" anchor="vu" bfScore="--" coherenceScore="--">bn:00093430v</annotation>
		<annotation source="MCS" anchor="soutenir" bfScore="--" coherenceScore="--">bn:00089387v</annotation>
		<annotation source="MCS" anchor="apprenez" bfScore="--" coherenceScore="--">bn:00082281v</annotation>
		<annotation source="MCS" anchor="soutiens" bfScore="--" coherenceScore="--">bn:00089387v</annotation>
	</annotations>
</paragraph>
<paragraph id="p.2">
	<text>
		Si donc il y a quelque consolation en Christ , s ` il y a quelque soulagement dans la charité , s ` il y a quelque union d ` esprit , s ` il y a quelque compassion et quelque miséricorde ,
		rendez ma joie parfaite , ayant un même sentiment , un même amour , une même âme , une même pensée .
		Ne faites rien par esprit de parti ou par vaine gloire , mais que l ` humilité vous fasse regarder les autres comme étant au - dessus de vous - mêmes .
		Que chacun de vous , au lieu de considérer ses propres intérêts , considère aussi ceux des autres .
		Ayez en vous les sentiments qui étaient en Jésus Christ ,
		lequel , existant en forme de Dieu , n ` a point regardé comme une proie à arracher d ` être égal avec Dieu ,
		mais s ` est dépouillé lui - même , en prenant une forme de serviteur , en devenant semblable aux hommes ; et ayant paru comme un simple homme ,
		il s ` est humilié lui - même , se rendant obéissant jusqu ` à la mort , même jusqu ` à la mort de la croix .
		C ` est pourquoi aussi Dieu l ` a souverainement élevé , et lui a donné le nom qui est au - dessus de tout nom ,
		afin qu ` au nom de Jésus tout genou fléchisse dans les cieux , sur la terre et sous la terre ,
		et que toute langue confesse que Jésus Christ est Seigneur , à la gloire de Dieu le Père .
		Ainsi , mes bien - aimés , comme vous avez toujours obéi , travaillez à votre salut avec crainte et tremblement , non seulement comme en ma présence , mais bien plus encore maintenant que je suis absent ;
		car c ` est Dieu qui produit en vous le vouloir et le faire , selon son bon plaisir .
		Faites toutes choses sans murmures ni hésitations ,
		afin que vous soyez irréprochables et purs , des enfants de Dieu irrépréhensibles au milieu d ` une génération perverse et corrompue , parmi laquelle vous brillez comme des flambeaux dans le monde ,
		portant la parole de vie ; et je pourrai me glorifier , au jour de Christ , de n ` avoir pas couru en vain ni travaillé en vain .
		Et même si je sers de libation pour le sacrifice et pour le service de votre foi , je m ` en réjouis , et je me réjouis avec vous tous .
		Vous aussi , réjouissez - vous de même , et réjouissez - vous avec moi .
		J ` espère dans le Seigneur Jésus vous envoyer bientôt Timothée , afin d ` être encouragé moi - même en apprenant ce qui vous concerne .
		Car je n ` ai personne ici qui partage mes sentiments , pour prendre sincèrement à coeur votre situation ;
		tous , en effet , cherchent leurs propres intérêts , et non ceux de Jésus Christ .
		Vous savez qu ` il a été mis à l ` épreuve , en se consacrant au service de l ` Évangile avec moi , comme un enfant avec son père .
		J ` espère donc vous l ` envoyer dès que j ` apercevrai l ` issue de l ` état où je suis ;
		et j ` ai cette confiance dans le Seigneur que moi - même aussi j ` irai bientôt .
		J ` ai estimé nécessaire de vous envoyer mon frère Épaphrodite , mon compagnon d ` oeuvre et de combat , par qui vous m ` avez fait parvenir de quoi pourvoir à mes besoins .
		Car il désirait vous voir tous , et il était fort en peine de ce que vous aviez appris sa maladie .
		Il a été malade , en effet , et tout près de la mort ; mais Dieu a eu pitié de lui , et non seulement de lui , mais aussi de moi , afin que je n ` eusse pas tristesse sur tristesse .
		Je l ` ai donc envoyé avec d ` autant plus d ` empressement , afin que vous vous réjouissiez de le revoir , et que je sois moi - même moins triste .
		Recevez - le donc dans le Seigneur avec une joie entière , et honorez de tels hommes .
		Car c ` est pour l ` oeuvre de Christ qu ` il a été près de la mort , ayant exposé sa vie afin de suppléer à votre absence dans le service que vous me rendiez .
	</text>
	<annotations>
		<annotation source="MCS" anchor="donc" bfScore="--" coherenceScore="--">bn:00115635r</annotation>
		<annotation source="BABELFY" anchor="consolation" bfScore="0.8952583156404812" coherenceScore="0.16312056737588654">bn:00022000n</annotation>
		<annotation source="BABELFY" anchor="Christ" bfScore="0.9956961778153831" coherenceScore="0.7056737588652482">bn:00018805n</annotation>
		<annotation source="MCS" anchor="soulagement" bfScore="--" coherenceScore="--">bn:00002848n</annotation>
		<annotation source="MCS" anchor="charité" bfScore="--" coherenceScore="--">bn:00013380n</annotation>
		<annotation source="MCS" anchor="union" bfScore="--" coherenceScore="--">bn:03253232n</annotation>
		<annotation source="MCS" anchor="esprit" bfScore="--" coherenceScore="--">bn:00012681n</annotation>
		<annotation source="MCS" anchor="compassion" bfScore="--" coherenceScore="--">bn:00021318n</annotation>
		<annotation source="MCS" anchor="miséricorde" bfScore="--" coherenceScore="--">bn:00307854n</annotation>
		<annotation source="MCS" anchor="rendez" bfScore="--" coherenceScore="--">bn:00092791v</annotation>
		<annotation source="MCS" anchor="joie" bfScore="--" coherenceScore="--">bn:00048468n</annotation>
		<annotation source="MCS" anchor="parfaite" bfScore="--" coherenceScore="--">bn:00108442a</annotation>
		<annotation source="MCS" anchor="ayant" bfScore="--" coherenceScore="--">bn:00088733v</annotation>
		<annotation source="BABELFY" anchor="sentiment" bfScore="0.7278896672504378" coherenceScore="0.4432624113475177">bn:00033963n</annotation>
		<annotation source="BABELFY" anchor="amour" bfScore="0.825122989279316" coherenceScore="0.6595744680851063">bn:00052121n</annotation>
		<annotation source="MCS" anchor="âme" bfScore="--" coherenceScore="--">bn:00065006n</annotation>
		<annotation source="MCS" anchor="pensée" bfScore="--" coherenceScore="--">bn:00017339n</annotation>
		<annotation source="MCS" anchor="faites" bfScore="--" coherenceScore="--">bn:00087107v</annotation>
		<annotation source="MCS" anchor="rien" bfScore="--" coherenceScore="--">bn:00116378r</annotation>
		<annotation source="MCS" anchor="parti" bfScore="--" coherenceScore="--">bn:00060834n</annotation>
		<annotation source="BABELFY" anchor="vaine" bfScore="0.8092762894842063" coherenceScore="0.15602836879432624">bn:00100184a</annotation>
		<annotation source="BABELFY" anchor="vaine gloire" bfScore="1.0" coherenceScore="0.12411347517730496">bn:04777801n</annotation>
		<annotation source="MCS" anchor="gloire" bfScore="--" coherenceScore="--">bn:00016991n</annotation>
		<annotation source="MCS" anchor="humilité" bfScore="--" coherenceScore="--">bn:00045179n</annotation>
		<annotation source="MCS" anchor="fasse" bfScore="--" coherenceScore="--">bn:00087107v</annotation>
		<annotation source="MCS" anchor="regarder" bfScore="--" coherenceScore="--">bn:00084662v</annotation>
		<annotation source="MCS" anchor="autres" bfScore="--" coherenceScore="--">bn:00101268a</annotation>
		<annotation source="MCS" anchor="étant" bfScore="--" coherenceScore="--">bn:00083187v</annotation>
		<annotation source="MCS" anchor="au-dessus" bfScore="--" coherenceScore="--">bn:00114081r</annotation>
		<annotation source="BABELFY" anchor="au-dessus de" bfScore="1.0" coherenceScore="0.01773049645390071">bn:00114081r</annotation>
		<annotation source="MCS" anchor="lieu" bfScore="--" coherenceScore="--">bn:00051754n</annotation>
		<annotation source="MCS" anchor="considérer" bfScore="--" coherenceScore="--">bn:00085650v</annotation>
		<annotation source="MCS" anchor="propres" bfScore="--" coherenceScore="--">bn:00099776a</annotation>
		<annotation source="MCS" anchor="intérêts" bfScore="--" coherenceScore="--">bn:00047080n</annotation>
		<annotation source="MCS" anchor="considère" bfScore="--" coherenceScore="--">bn:00085650v</annotation>
		<annotation source="BABELFY" anchor="aussi" bfScore="0.7590847913862718" coherenceScore="0.16666666666666666">bn:00115484r</annotation>
		<annotation source="MCS" anchor="Ayez" bfScore="--" coherenceScore="--">bn:00088733v</annotation>
		<annotation source="MCS" anchor="sentiments" bfScore="--" coherenceScore="--">bn:00033963n</annotation>
		<annotation source="MCS" anchor="étaient" bfScore="--" coherenceScore="--">bn:00083187v</annotation>
		<annotation source="BABELFY" anchor="Jésus" bfScore="0.8797050975373899" coherenceScore="0.7056737588652482">bn:00018805n</annotation>
		<annotation source="BABELFY" anchor="Jésus Christ" bfScore="1.0" coherenceScore="0.7092198581560284">bn:00018805n</annotation>
		<annotation source="BABELFY" anchor="existant" bfScore="1.0" coherenceScore="0.15602836879432624">bn:00083184v</annotation>
		<annotation source="MCS" anchor="forme" bfScore="--" coherenceScore="--">bn:00035908n</annotation>
		<annotation source="BABELFY" anchor="Dieu" bfScore="0.7847387257066101" coherenceScore="0.8333333333333334">bn:00040878n</annotation>
		<annotation source="MCS" anchor="regardé" bfScore="--" coherenceScore="--">bn:00084662v</annotation>
		<annotation source="MCS" anchor="proie" bfScore="--" coherenceScore="--">bn:00032742n</annotation>
		<annotation source="BABELFY" anchor="arracher" bfScore="0.9296987087517934" coherenceScore="0.0851063829787234">bn:00084845v</annotation>
		<annotation source="MCS" anchor="être" bfScore="--" coherenceScore="--">bn:00158524n</annotation>
		<annotation source="BABELFY" anchor="égal" bfScore="0.9285714285714286" coherenceScore="0.04609929078014184">bn:00102336a</annotation>
		<annotation source="MCS" anchor="est" bfScore="--" coherenceScore="--">bn:00083187v</annotation>
		<annotation source="MCS" anchor="dépouillé" bfScore="--" coherenceScore="--">bn:00086708v</annotation>
		<annotation source="MCS" anchor="prenant" bfScore="--" coherenceScore="--">bn:00088762v</annotation>
		<annotation source="MCS" anchor="serviteur" bfScore="--" coherenceScore="--">bn:00070680n</annotation>
		<annotation source="MCS" anchor="devenant" bfScore="--" coherenceScore="--">bn:00083294v</annotation>
		<annotation source="MCS" anchor="semblable" bfScore="--" coherenceScore="--">bn:00096782a</annotation>
		<annotation source="MCS" anchor="hommes" bfScore="--" coherenceScore="--">bn:00044576n</annotation>
		<annotation source="MCS" anchor="paru" bfScore="--" coherenceScore="--">bn:00082693v</annotation>
		<annotation source="MCS" anchor="comme" bfScore="--" coherenceScore="--">bn:00114354r</annotation>
		<annotation source="MCS" anchor="comme un" bfScore="--" coherenceScore="--">bn:13612827r</annotation>
		<annotation source="MCS" anchor="simple" bfScore="--" coherenceScore="--">bn:00110649a</annotation>
		<annotation source="MCS" anchor="homme" bfScore="--" coherenceScore="--">bn:00044576n</annotation>
		<annotation source="BABELFY" anchor="humilié" bfScore="1.0" coherenceScore="0.08156028368794327">bn:00082123v</annotation>
		<annotation source="MCS" anchor="rendant" bfScore="--" coherenceScore="--">bn:00092791v</annotation>
		<annotation source="MCS" anchor="obéissant" bfScore="--" coherenceScore="--">bn:00091112v</annotation>
		<annotation source="BABELFY" anchor="mort" bfScore="0.7516723564006849" coherenceScore="0.5709219858156028">bn:00025582n</annotation>
		<annotation source="MCS" anchor="croix" bfScore="--" coherenceScore="--">bn:00041640n</annotation>
		<annotation source="BABELFY" anchor="pourquoi" bfScore="1.0" coherenceScore="0.024822695035460994">bn:00114822r</annotation>
		<annotation source="BABELFY" anchor="souverainement" bfScore="1.0" coherenceScore="0.0070921985815602835">bn:00117185r</annotation>
		<annotation source="MCS" anchor="élevé" bfScore="--" coherenceScore="--">bn:00084108v</annotation>
		<annotation source="MCS" anchor="donné" bfScore="--" coherenceScore="--">bn:00088815v</annotation>
		<annotation source="MCS" anchor="nom" bfScore="--" coherenceScore="--">bn:00056758n</annotation>
		<annotation source="BABELFY" anchor="genou" bfScore="0.9267326732673268" coherenceScore="0.09219858156028368">bn:00006140n</annotation>
		<annotation source="BABELFY" anchor="cieux" bfScore="1.0" coherenceScore="0.014184397163120567">bn:00808092n</annotation>
		<annotation source="MCS" anchor="langue" bfScore="--" coherenceScore="--">bn:00019439n</annotation>
		<annotation source="BABELFY" anchor="confesse" bfScore="0.7222982216142271" coherenceScore="0.1276595744680851">bn:00085576v</annotation>
		<annotation source="MCS" anchor="Seigneur" bfScore="--" coherenceScore="--">bn:00070296n</annotation>
		<annotation source="BABELFY" anchor="Dieu le Père" bfScore="0.9736842105263158" coherenceScore="0.17375886524822695">bn:03137478n</annotation>
		<annotation source="MCS" anchor="Père" bfScore="--" coherenceScore="--">bn:00009616n</annotation>
		<annotation source="MCS" anchor="Ainsi" bfScore="--" coherenceScore="--">bn:00117048r</annotation>
		<annotation source="MCS" anchor="bien-aimés" bfScore="--" coherenceScore="--">bn:00074088n</annotation>
		<annotation source="MCS" anchor="avez" bfScore="--" coherenceScore="--">bn:00088733v</annotation>
		<annotation source="MCS" anchor="toujours" bfScore="--" coherenceScore="--">bn:00114251r</annotation>
		<annotation source="MCS" anchor="obéi" bfScore="--" coherenceScore="--">bn:00091112v</annotation>
		<annotation source="MCS" anchor="travaillez" bfScore="--" coherenceScore="--">bn:00095812v</annotation>
		<annotation source="MCS" anchor="salut" bfScore="--" coherenceScore="--">bn:00066712n</annotation>
		<annotation source="MCS" anchor="crainte" bfScore="--" coherenceScore="--">bn:00007503n</annotation>
		<annotation source="BABELFY" anchor="crainte et tremblement" bfScore="1.0" coherenceScore="0.14893617021276595">bn:01882726n</annotation>
		<annotation source="MCS" anchor="tremblement" bfScore="--" coherenceScore="--">bn:00078771n</annotation>
		<annotation source="MCS" anchor="non" bfScore="--" coherenceScore="--">bn:00116350r</annotation>
		<annotation source="BABELFY" anchor="seulement" bfScore="0.7037408149632598" coherenceScore="0.1524822695035461">bn:00114626r</annotation>
		<annotation source="MCS" anchor="présence" bfScore="--" coherenceScore="--">bn:00064201n</annotation>
		<annotation source="MCS" anchor="bien" bfScore="--" coherenceScore="--">bn:00115530r</annotation>
		<annotation source="MCS" anchor="plus" bfScore="--" coherenceScore="--">bn:00115880r</annotation>
		<annotation source="MCS" anchor="encore" bfScore="--" coherenceScore="--">bn:00114369r</annotation>
		<annotation source="MCS" anchor="maintenant" bfScore="--" coherenceScore="--">bn:00114424r</annotation>
		<annotation source="MCS" anchor="absent" bfScore="--" coherenceScore="--">bn:00096192a</annotation>
		<annotation source="MCS" anchor="produit" bfScore="--" coherenceScore="--">bn:00086013v</annotation>
		<annotation source="MCS" anchor="vouloir" bfScore="--" coherenceScore="--">bn:00021392n</annotation>
		<annotation source="MCS" anchor="faire" bfScore="--" coherenceScore="--">bn:00087107v</annotation>
		<annotation source="MCS" anchor="bon" bfScore="--" coherenceScore="--">bn:00103672a</annotation>
		<annotation source="MCS" anchor="plaisir" bfScore="--" coherenceScore="--">bn:00062972n</annotation>
		<annotation source="MCS" anchor="Faites" bfScore="--" coherenceScore="--">bn:00087107v</annotation>
		<annotation source="MCS" anchor="choses" bfScore="--" coherenceScore="--">bn:00076925n</annotation>
		<annotation source="MCS" anchor="murmures" bfScore="--" coherenceScore="--">bn:00056356n</annotation>
		<annotation source="MCS" anchor="hésitations" bfScore="--" coherenceScore="--">bn:00043906n</annotation>
		<annotation source="MCS" anchor="soyez" bfScore="--" coherenceScore="--">bn:00083187v</annotation>
		<annotation source="MCS" anchor="irréprochables" bfScore="--" coherenceScore="--">bn:00098519a</annotation>
		<annotation source="MCS" anchor="purs" bfScore="--" coherenceScore="--">bn:00109244a</annotation>
		<annotation source="MCS" anchor="enfants" bfScore="--" coherenceScore="--">bn:00018346n</annotation>
		<annotation source="BABELFY" anchor="enfants de Dieu" bfScore="1.0" coherenceScore="0.12411347517730496">bn:03632740n</annotation>
		<annotation source="MCS" anchor="milieu" bfScore="--" coherenceScore="--">bn:00017123n</annotation>
		<annotation source="MCS" anchor="génération" bfScore="--" coherenceScore="--">bn:00020407n</annotation>
		<annotation source="MCS" anchor="corrompue" bfScore="--" coherenceScore="--">bn:00085845v</annotation>
		<annotation source="BABELFY" anchor="brillez" bfScore="0.9098869025902955" coherenceScore="0.1524822695035461">bn:00083219v</annotation>
		<annotation source="MCS" anchor="flambeaux" bfScore="--" coherenceScore="--">bn:00035000n</annotation>
		<annotation source="MCS" anchor="monde" bfScore="--" coherenceScore="--">bn:00029428n</annotation>
		<annotation source="MCS" anchor="portant" bfScore="--" coherenceScore="--">bn:00089252v</annotation>
		<annotation source="BABELFY" anchor="parole" bfScore="0.7007317073170731" coherenceScore="0.30141843971631205">bn:00049911n</annotation>
		<annotation source="BABELFY" anchor="vie" bfScore="0.7287642692825209" coherenceScore="0.4078014184397163">bn:00051054n</annotation>
		<annotation source="BABELFY" anchor="pourrai" bfScore="0.7596439169139466" coherenceScore="0.05673758865248227">bn:00084451v</annotation>
		<annotation source="MCS" anchor="glorifier" bfScore="--" coherenceScore="--">bn:00088895v</annotation>
		<annotation source="MCS" anchor="jour" bfScore="--" coherenceScore="--">bn:00000086n</annotation>
		<annotation source="MCS" anchor="avoir" bfScore="--" coherenceScore="--">bn:00088733v</annotation>
		<annotation source="MCS" anchor="couru" bfScore="--" coherenceScore="--">bn:00093170v</annotation>
		<annotation source="BABELFY" anchor="vain" bfScore="0.8092762894842063" coherenceScore="0.15602836879432624">bn:00100184a</annotation>
		<annotation source="MCS" anchor="travaillé" bfScore="--" coherenceScore="--">bn:00095812v</annotation>
		<annotation source="MCS" anchor="même si" bfScore="--" coherenceScore="--">bn:13657096r</annotation>
		<annotation source="MCS" anchor="sers" bfScore="--" coherenceScore="--">bn:00089309v</annotation>
		<annotation source="MCS" anchor="libation" bfScore="--" coherenceScore="--">bn:00050930n</annotation>
		<annotation source="BABELFY" anchor="sacrifice" bfScore="0.8672431332655137" coherenceScore="0.1950354609929078">bn:00067941n</annotation>
		<annotation source="MCS" anchor="service" bfScore="--" coherenceScore="--">bn:00070651n</annotation>
		<annotation source="BABELFY" anchor="foi" bfScore="0.8467031384969766" coherenceScore="0.8297872340425532">bn:00032768n</annotation>
		<annotation source="MCS" anchor="réjouis" bfScore="--" coherenceScore="--">bn:00086519v</annotation>
		<annotation source="BABELFY" anchor="tous" bfScore="1.0" coherenceScore="0.014184397163120567">bn:00002165n</annotation>
		<annotation source="MCS" anchor="réjouissez" bfScore="--" coherenceScore="--">bn:00086519v</annotation>
		<annotation source="BABELFY" anchor="espère" bfScore="0.9716088328075709" coherenceScore="0.04964539007092199">bn:00021744n</annotation>
		<annotation source="MCS" anchor="envoyer" bfScore="--" coherenceScore="--">bn:00093485v</annotation>
		<annotation source="BABELFY" anchor="bientôt" bfScore="0.9928966061562746" coherenceScore="0.12056737588652482">bn:00114513r</annotation>
		<annotation source="MCS" anchor="être" bfScore="--" coherenceScore="--">bn:00083187v</annotation>
		<annotation source="MCS" anchor="encouragé" bfScore="--" coherenceScore="--">bn:00082397v</annotation>
		<annotation source="MCS" anchor="apprenant" bfScore="--" coherenceScore="--">bn:00082281v</annotation>
		<annotation source="BABELFY" anchor="concerne" bfScore="0.8535980148883374" coherenceScore="0.11347517730496454">bn:00083240v</annotation>
		<annotation source="MCS" anchor="ai" bfScore="--" coherenceScore="--">bn:00088733v</annotation>
		<annotation source="MCS" anchor="personne" bfScore="--" coherenceScore="--">bn:00116349r</annotation>
		<annotation source="MCS" anchor="ici" bfScore="--" coherenceScore="--">bn:00115641r</annotation>
		<annotation source="MCS" anchor="partage" bfScore="--" coherenceScore="--">bn:00091448v</annotation>
		<annotation source="MCS" anchor="prendre" bfScore="--" coherenceScore="--">bn:00088762v</annotation>
		<annotation source="MCS" anchor="sincèrement" bfScore="--" coherenceScore="--">bn:00116990r</annotation>
		<annotation source="MCS" anchor="coeur" bfScore="--" coherenceScore="--">bn:00043383n</annotation>
		<annotation source="MCS" anchor="situation" bfScore="--" coherenceScore="--">bn:00071869n</annotation>
		<annotation source="MCS" anchor="effet" bfScore="--" coherenceScore="--">bn:00029871n</annotation>
		<annotation source="MCS" anchor="cherchent" bfScore="--" coherenceScore="--">bn:00090460v</annotation>
		<annotation source="MCS" anchor="savez" bfScore="--" coherenceScore="--">bn:00090142v</annotation>
		<annotation source="MCS" anchor="été" bfScore="--" coherenceScore="--">bn:00083187v</annotation>
		<annotation source="MCS" anchor="mis" bfScore="--" coherenceScore="--">bn:00090224v</annotation>
		<annotation source="MCS" anchor="épreuve" bfScore="--" coherenceScore="--">bn:03541416n</annotation>
		<annotation source="MCS" anchor="consacrant" bfScore="--" coherenceScore="--">bn:00085427v</annotation>
		<annotation source="BABELFY" anchor="Évangile" bfScore="0.7030026366534178" coherenceScore="0.2730496453900709">bn:00031976n</annotation>
		<annotation source="MCS" anchor="enfant" bfScore="--" coherenceScore="--">bn:00018346n</annotation>
		<annotation source="MCS" anchor="père" bfScore="--" coherenceScore="--">bn:00009616n</annotation>
		<annotation source="BABELFY" anchor="espère" bfScore="0.7924528301886793" coherenceScore="0.1347517730496454">bn:00089472v</annotation>
		<annotation source="MCS" anchor="apercevrai" bfScore="--" coherenceScore="--">bn:00086708v</annotation>
		<annotation source="MCS" anchor="état" bfScore="--" coherenceScore="--">bn:00074010n</annotation>
		<annotation source="MCS" anchor="confiance" bfScore="--" coherenceScore="--">bn:00006565n</annotation>
		<annotation source="MCS" anchor="irai" bfScore="--" coherenceScore="--">bn:00087905v</annotation>
		<annotation source="MCS" anchor="estimé" bfScore="--" coherenceScore="--">bn:00082743v</annotation>
		<annotation source="BABELFY" anchor="nécessaire" bfScore="0.8543793659322945" coherenceScore="0.1879432624113475">bn:00107182a</annotation>
		<annotation source="MCS" anchor="frère" bfScore="--" coherenceScore="--">bn:00011357n</annotation>
		<annotation source="BABELFY" anchor="Épaphrodite" bfScore="1.0" coherenceScore="0.0851063829787234">bn:00146229n</annotation>
		<annotation source="MCS" anchor="compagnon" bfScore="--" coherenceScore="--">bn:00006532n</annotation>
		<annotation source="BABELFY" anchor="oeuvre" bfScore="0.9152737337790718" coherenceScore="0.6170212765957447">bn:00017339n</annotation>
		<annotation source="MCS" anchor="combat" bfScore="--" coherenceScore="--">bn:00005731n</annotation>
		<annotation source="MCS" anchor="fait" bfScore="--" coherenceScore="--">bn:00087107v</annotation>
		<annotation source="MCS" anchor="parvenir" bfScore="--" coherenceScore="--">bn:00082226v</annotation>
		<annotation source="MCS" anchor="besoins" bfScore="--" coherenceScore="--">bn:00057164n</annotation>
		<annotation source="MCS" anchor="désirait" bfScore="--" coherenceScore="--">bn:00085989v</annotation>
		<annotation source="MCS" anchor="voir" bfScore="--" coherenceScore="--">bn:00093430v</annotation>
		<annotation source="MCS" anchor="était" bfScore="--" coherenceScore="--">bn:00083187v</annotation>
		<annotation source="MCS" anchor="fort" bfScore="--" coherenceScore="--">bn:00114243r</annotation>
		<annotation source="MCS" anchor="peine" bfScore="--" coherenceScore="--">bn:00041784n</annotation>
		<annotation source="MCS" anchor="aviez" bfScore="--" coherenceScore="--">bn:00088733v</annotation>
		<annotation source="MCS" anchor="appris" bfScore="--" coherenceScore="--">bn:00082281v</annotation>
		<annotation source="MCS" anchor="maladie" bfScore="--" coherenceScore="--">bn:00027546n</annotation>
		<annotation source="MCS" anchor="malade" bfScore="--" coherenceScore="--">bn:00104538a</annotation>
		<annotation source="MCS" anchor="tout" bfScore="--" coherenceScore="--">bn:00114403r</annotation>
		<annotation source="MCS" anchor="près" bfScore="--" coherenceScore="--">bn:00114747r</annotation>
		<annotation source="BABELFY" anchor="près de" bfScore="1.0" coherenceScore="0.010638297872340425">bn:00114073r</annotation>
		<annotation source="MCS" anchor="eu" bfScore="--" coherenceScore="--">bn:00088733v</annotation>
		<annotation source="MCS" anchor="pitié" bfScore="--" coherenceScore="--">bn:00021008n</annotation>
		<annotation source="MCS" anchor="eusse" bfScore="--" coherenceScore="--">bn:00088733v</annotation>
		<annotation source="MCS" anchor="tristesse" bfScore="--" coherenceScore="--">bn:00008563n</annotation>
		<annotation source="MCS" anchor="envoyé" bfScore="--" coherenceScore="--">bn:00093485v</annotation>
		<annotation source="BABELFY" anchor="autant" bfScore="1.0" coherenceScore="0.01773049645390071">bn:00116285r</annotation>
		<annotation source="MCS" anchor="empressement" bfScore="--" coherenceScore="--">bn:00064168n</annotation>
		<annotation source="MCS" anchor="réjouissiez" bfScore="--" coherenceScore="--">bn:00086519v</annotation>
		<annotation source="MCS" anchor="revoir" bfScore="--" coherenceScore="--">bn:00092618v</annotation>
		<annotation source="MCS" anchor="sois" bfScore="--" coherenceScore="--">bn:00083187v</annotation>
		<annotation source="MCS" anchor="moins" bfScore="--" coherenceScore="--">bn:00116104r</annotation>
		<annotation source="MCS" anchor="triste" bfScore="--" coherenceScore="--">bn:00110036a</annotation>
		<annotation source="MCS" anchor="Recevez" bfScore="--" coherenceScore="--">bn:00089246v</annotation>
		<annotation source="MCS" anchor="entière" bfScore="--" coherenceScore="--">bn:00103393a</annotation>
		<annotation source="MCS" anchor="honorez" bfScore="--" coherenceScore="--">bn:00089449v</annotation>
		<annotation source="MCS" anchor="exposé" bfScore="--" coherenceScore="--">bn:00087841v</annotation>
		<annotation source="MCS" anchor="suppléer" bfScore="--" coherenceScore="--">bn:13692620v</annotation>
		<annotation source="MCS" anchor="absence" bfScore="--" coherenceScore="--">bn:00000427n</annotation>
		<annotation source="MCS" anchor="rendiez" bfScore="--" coherenceScore="--">bn:00092791v</annotation>
	</annotations>
</paragraph>
<paragraph id="p.3">
	<text>
		Au reste , mes frères , réjouissez - vous dans le Seigneur . Je ne me lasse point de vous écrire les mêmes choses , et pour vous cela est salutaire .
		Prenez garde aux chiens , prenez garde aux mauvais ouvriers , prenez garde aux faux circoncis .
		Car les circoncis , c ` est nous , qui rendons à Dieu notre culte par l ` Esprit de Dieu , qui nous glorifions en Jésus Christ , et qui ne mettons point notre confiance en la chair .
		Moi aussi , cependant , j ` aurais sujet de mettre ma confiance en la chair . Si quelque autre croit pouvoir se confier en la chair , je le puis bien davantage ,
		moi , circoncis le huitième jour , de la race d ` Israël , de la tribu de Benjamin , Hébreu né d ` Hébreux ; quant à la loi , pharisien ;
		quant au zèle , persécuteur de l ` Église ; irréprochable , à l ` égard de la justice de la loi .
		Mais ces choses qui étaient pour moi des gains , je les ai regardées comme une perte , à cause de Christ .
		Et même je regarde toutes choses comme une perte , à cause de l ` excellence de la connaissance de Jésus Christ mon Seigneur , pour lequel j ` ai renoncé à tout , et je les regarde comme de la boue , afin de gagner Christ ,
		et d ` être trouvé en lui , non avec ma justice , celle qui vient de la loi , mais avec celle qui s ` obtient par la foi en Christ , la justice qui vient de Dieu par la foi ,
		Afin de connaître Christ , et la puissance de sa résurrection , et la communion de ses souffrances , en devenant conforme à lui dans sa mort , pour parvenir ,
		si je puis , à la résurrection d ` entre les morts .
		Ce n ` est pas que j ` aie déjà remporté le prix , ou que j ` aie déjà atteint la perfection ; mais je cours , pour tâcher de le saisir , puisque moi aussi j ` ai été saisi par Jésus Christ .
		Frères , je ne pense pas l ` avoir saisi ; mais je fais une chose : oubliant ce qui est en arrière et me portant vers ce qui est en avant ,
		je cours vers le but , pour remporter le prix de la vocation céleste de Dieu en Jésus Christ .
		Nous tous donc qui sommes parfaits , ayons cette même pensée ; et si vous êtes en quelque point d ` un autre avis , Dieu vous éclairera aussi là - dessus .
		Seulement , au point où nous sommes parvenus , marchons d ` un même pas .
		Soyez tous mes imitateurs , frères , et portez les regards sur ceux qui marchent selon le modèle que vous avez en nous .
		Car il en est plusieurs qui marchent en ennemis de la croix de Christ , je vous en ai souvent parlé , et j ` en parle maintenant encore en pleurant .
		Leur fin sera la perdition ; ils ont pour dieu leur ventre , ils mettent leur gloire dans ce qui fait leur honte , ils ne pensent qu ` aux choses de la terre .
		Mais notre cité à nous est dans les cieux , d ` où nous attendons aussi comme Sauveur le Seigneur Jésus Christ ,
		qui transformera le corps de notre humiliation , en le rendant semblable au corps de sa gloire , par le pouvoir qu ` il a de s ` assujettir toutes choses .
	</text>
	<annotations>
		<annotation source="MCS" anchor="reste" bfScore="--" coherenceScore="--">bn:00008047n</annotation>
		<annotation source="MCS" anchor="frères" bfScore="--" coherenceScore="--">bn:00011357n</annotation>
		<annotation source="BABELFY" anchor="réjouissez" bfScore="0.9453125" coherenceScore="0.14285714285714285">bn:00089996v</annotation>
		<annotation source="MCS" anchor="Seigneur" bfScore="--" coherenceScore="--">bn:00070296n</annotation>
		<annotation source="BABELFY" anchor="lasse" bfScore="0.7085341650127587" coherenceScore="0.21212121212121213">bn:00092683v</annotation>
		<annotation source="MCS" anchor="écrire" bfScore="--" coherenceScore="--">bn:00092123v</annotation>
		<annotation source="MCS" anchor="choses" bfScore="--" coherenceScore="--">bn:00076925n</annotation>
		<annotation source="MCS" anchor="est" bfScore="--" coherenceScore="--">bn:00083187v</annotation>
		<annotation source="BABELFY" anchor="salutaire" bfScore="1.0" coherenceScore="0.14285714285714285">bn:00103682a</annotation>
		<annotation source="MCS" anchor="Prenez" bfScore="--" coherenceScore="--">bn:00088762v</annotation>
		<annotation source="BABELFY" anchor="Prenez garde aux chiens" bfScore="1.0" coherenceScore="0.004329004329004329">bn:04724414n</annotation>
		<annotation source="MCS" anchor="garde" bfScore="--" coherenceScore="--">bn:00024585n</annotation>
		<annotation source="MCS" anchor="chiens" bfScore="--" coherenceScore="--">bn:00015267n</annotation>
		<annotation source="MCS" anchor="prenez" bfScore="--" coherenceScore="--">bn:00088762v</annotation>
		<annotation source="MCS" anchor="mauvais" bfScore="--" coherenceScore="--">bn:00097966a</annotation>
		<annotation source="MCS" anchor="ouvriers" bfScore="--" coherenceScore="--">bn:00047795n</annotation>
		<annotation source="MCS" anchor="faux" bfScore="--" coherenceScore="--">bn:00102731a</annotation>
		<annotation source="BABELFY" anchor="circoncis" bfScore="1.0" coherenceScore="0.19480519480519481">bn:00019205n</annotation>
		<annotation source="MCS" anchor="rendons" bfScore="--" coherenceScore="--">bn:00092791v</annotation>
		<annotation source="BABELFY" anchor="Dieu" bfScore="0.7311111977151383" coherenceScore="0.8484848484848485">bn:00040878n</annotation>
		<annotation source="MCS" anchor="culte" bfScore="--" coherenceScore="--">bn:00024345n</annotation>
		<annotation source="MCS" anchor="Esprit" bfScore="--" coherenceScore="--">bn:00012681n</annotation>
		<annotation source="MCS" anchor="glorifions" bfScore="--" coherenceScore="--">bn:00088895v</annotation>
		<annotation source="BABELFY" anchor="Jésus" bfScore="0.8234160402892649" coherenceScore="0.7489177489177489">bn:00018805n</annotation>
		<annotation source="BABELFY" anchor="Jésus Christ" bfScore="1.0" coherenceScore="0.7532467532467533">bn:00018805n</annotation>
		<annotation source="BABELFY" anchor="Christ" bfScore="0.9940152556212782" coherenceScore="0.7489177489177489">bn:00018805n</annotation>
		<annotation source="MCS" anchor="mettons" bfScore="--" coherenceScore="--">bn:00090224v</annotation>
		<annotation source="MCS" anchor="confiance" bfScore="--" coherenceScore="--">bn:00006565n</annotation>
		<annotation source="MCS" anchor="chair" bfScore="--" coherenceScore="--">bn:00035182n</annotation>
		<annotation source="MCS" anchor="aussi" bfScore="--" coherenceScore="--">bn:00114246r</annotation>
		<annotation source="BABELFY" anchor="cependant" bfScore="0.9887829500841279" coherenceScore="0.1774891774891775">bn:00114626r</annotation>
		<annotation source="MCS" anchor="aurais" bfScore="--" coherenceScore="--">bn:00088733v</annotation>
		<annotation source="BABELFY" anchor="sujet" bfScore="0.8181818181818182" coherenceScore="0.03896103896103896">bn:00111369a</annotation>
		<annotation source="MCS" anchor="mettre" bfScore="--" coherenceScore="--">bn:00090224v</annotation>
		<annotation source="MCS" anchor="autre" bfScore="--" coherenceScore="--">bn:00101268a</annotation>
		<annotation source="MCS" anchor="croit" bfScore="--" coherenceScore="--">bn:00083369v</annotation>
		<annotation source="MCS" anchor="pouvoir" bfScore="--" coherenceScore="--">bn:00058685n</annotation>
		<annotation source="BABELFY" anchor="confier" bfScore="0.7356940509915014" coherenceScore="0.21212121212121213">bn:00087695v</annotation>
		<annotation source="MCS" anchor="puis" bfScore="--" coherenceScore="--">bn:00114281r</annotation>
		<annotation source="MCS" anchor="bien" bfScore="--" coherenceScore="--">bn:00115530r</annotation>
		<annotation source="BABELFY" anchor="davantage" bfScore="0.98" coherenceScore="0.030303030303030304">bn:00115483r</annotation>
		<annotation source="BABELFY" anchor="circoncis" bfScore="0.9411764705882353" coherenceScore="0.13852813852813853">bn:00084994v</annotation>
		<annotation source="MCS" anchor="huitième" bfScore="--" coherenceScore="--">bn:00096089a</annotation>
		<annotation source="MCS" anchor="jour" bfScore="--" coherenceScore="--">bn:00000086n</annotation>
		<annotation source="BABELFY" anchor="race" bfScore="0.7996755879967559" coherenceScore="0.1471861471861472">bn:00065800n</annotation>
		<annotation source="BABELFY" anchor="Israël" bfScore="0.8776410494543766" coherenceScore="0.5194805194805194">bn:00047679n</annotation>
		<annotation source="MCS" anchor="tribu" bfScore="--" coherenceScore="--">bn:00078226n</annotation>
		<annotation source="BABELFY" anchor="tribu de Benjamin" bfScore="1.0" coherenceScore="0.16883116883116883">bn:02685837n</annotation>
		<annotation source="MCS" anchor="Hébreu" bfScore="--" coherenceScore="--">bn:00043491n</annotation>
		<annotation source="MCS" anchor="né" bfScore="--" coherenceScore="--">bn:00082281v</annotation>
		<annotation source="MCS" anchor="Hébreux" bfScore="--" coherenceScore="--">bn:00043496n</annotation>
		<annotation source="MCS" anchor="loi" bfScore="--" coherenceScore="--">bn:00050249n</annotation>
		<annotation source="MCS" anchor="zèle" bfScore="--" coherenceScore="--">bn:00005509n</annotation>
		<annotation source="MCS" anchor="Église" bfScore="--" coherenceScore="--">bn:00018995n</annotation>
		<annotation source="MCS" anchor="irréprochable" bfScore="--" coherenceScore="--">bn:00098519a</annotation>
		<annotation source="BABELFY" anchor="égard" bfScore="0.7608799617407939" coherenceScore="0.3203463203463203">bn:00031654n</annotation>
		<annotation source="MCS" anchor="justice" bfScore="--" coherenceScore="--">bn:00048668n</annotation>
		<annotation source="MCS" anchor="étaient" bfScore="--" coherenceScore="--">bn:00083187v</annotation>
		<annotation source="MCS" anchor="gains" bfScore="--" coherenceScore="--">bn:00003664n</annotation>
		<annotation source="MCS" anchor="ai" bfScore="--" coherenceScore="--">bn:00088733v</annotation>
		<annotation source="MCS" anchor="regardées" bfScore="--" coherenceScore="--">bn:00084662v</annotation>
		<annotation source="MCS" anchor="comme" bfScore="--" coherenceScore="--">bn:00114354r</annotation>
		<annotation source="MCS" anchor="comme une" bfScore="--" coherenceScore="--">bn:13612827r</annotation>
		<annotation source="MCS" anchor="perte" bfScore="--" coherenceScore="--">bn:00052050n</annotation>
		<annotation source="MCS" anchor="cause" bfScore="--" coherenceScore="--">bn:00015051n</annotation>
		<annotation source="MCS" anchor="regarde" bfScore="--" coherenceScore="--">bn:00084662v</annotation>
		<annotation source="MCS" anchor="excellence" bfScore="--" coherenceScore="--">bn:00032116n</annotation>
		<annotation source="MCS" anchor="connaissance" bfScore="--" coherenceScore="--">bn:00020452n</annotation>
		<annotation source="MCS" anchor="renoncé" bfScore="--" coherenceScore="--">bn:00088546v</annotation>
		<annotation source="BABELFY" anchor="tout" bfScore="0.7647058823529411" coherenceScore="0.05627705627705628">bn:00114203r</annotation>
		<annotation source="MCS" anchor="boue" bfScore="--" coherenceScore="--">bn:00019625n</annotation>
		<annotation source="MCS" anchor="gagner" bfScore="--" coherenceScore="--">bn:00084089v</annotation>
		<annotation source="MCS" anchor="être" bfScore="--" coherenceScore="--">bn:00083187v</annotation>
		<annotation source="MCS" anchor="trouvé" bfScore="--" coherenceScore="--">bn:00084231v</annotation>
		<annotation source="MCS" anchor="non" bfScore="--" coherenceScore="--">bn:00116350r</annotation>
		<annotation source="MCS" anchor="vient" bfScore="--" coherenceScore="--">bn:00085322v</annotation>
		<annotation source="MCS" anchor="obtient" bfScore="--" coherenceScore="--">bn:00091124v</annotation>
		<annotation source="BABELFY" anchor="foi" bfScore="0.7640268223909596" coherenceScore="0.8225108225108225">bn:00032768n</annotation>
		<annotation source="MCS" anchor="connaître" bfScore="--" coherenceScore="--">bn:00082272v</annotation>
		<annotation source="MCS" anchor="puissance" bfScore="--" coherenceScore="--">bn:00030160n</annotation>
		<annotation source="BABELFY" anchor="résurrection" bfScore="0.7185650887573964" coherenceScore="0.29004329004329005">bn:00018809n</annotation>
		<annotation source="MCS" anchor="communion" bfScore="--" coherenceScore="--">bn:00021233n</annotation>
		<annotation source="MCS" anchor="souffrances" bfScore="--" coherenceScore="--">bn:00002072n</annotation>
		<annotation source="MCS" anchor="devenant" bfScore="--" coherenceScore="--">bn:00083294v</annotation>
		<annotation source="BABELFY" anchor="conforme" bfScore="1.0" coherenceScore="0.047619047619047616">bn:00100270a</annotation>
		<annotation source="MCS" anchor="mort" bfScore="--" coherenceScore="--">bn:00025582n</annotation>
		<annotation source="MCS" anchor="parvenir" bfScore="--" coherenceScore="--">bn:00082226v</annotation>
		<annotation source="MCS" anchor="morts" bfScore="--" coherenceScore="--">bn:00025582n</annotation>
		<annotation source="MCS" anchor="aie" bfScore="--" coherenceScore="--">bn:00088733v</annotation>
		<annotation source="MCS" anchor="déjà" bfScore="--" coherenceScore="--">bn:00114245r</annotation>
		<annotation source="MCS" anchor="remporté" bfScore="--" coherenceScore="--">bn:00085456v</annotation>
		<annotation source="MCS" anchor="prix" bfScore="--" coherenceScore="--">bn:00025083n</annotation>
		<annotation source="MCS" anchor="atteint" bfScore="--" coherenceScore="--">bn:00082226v</annotation>
		<annotation source="BABELFY" anchor="perfection" bfScore="0.8936170212765957" coherenceScore="0.18181818181818182">bn:00009423n</annotation>
		<annotation source="MCS" anchor="cours" bfScore="--" coherenceScore="--">bn:00093170v</annotation>
		<annotation source="BABELFY" anchor="tâcher" bfScore="0.9917355371900827" coherenceScore="0.17316017316017315">bn:00087615v</annotation>
		<annotation source="MCS" anchor="saisir" bfScore="--" coherenceScore="--">bn:00085207v</annotation>
		<annotation source="MCS" anchor="été" bfScore="--" coherenceScore="--">bn:00083187v</annotation>
		<annotation source="MCS" anchor="saisi" bfScore="--" coherenceScore="--">bn:00085207v</annotation>
		<annotation source="MCS" anchor="Frères" bfScore="--" coherenceScore="--">bn:00011357n</annotation>
		<annotation source="MCS" anchor="pense" bfScore="--" coherenceScore="--">bn:00084733v</annotation>
		<annotation source="MCS" anchor="avoir" bfScore="--" coherenceScore="--">bn:00088733v</annotation>
		<annotation source="MCS" anchor="fais" bfScore="--" coherenceScore="--">bn:00087107v</annotation>
		<annotation source="MCS" anchor="chose" bfScore="--" coherenceScore="--">bn:00076925n</annotation>
		<annotation source="MCS" anchor="oubliant" bfScore="--" coherenceScore="--">bn:00084302v</annotation>
		<annotation source="BABELFY" anchor="arrière" bfScore="0.99609375" coherenceScore="0.06493506493506493">bn:00114473r</annotation>
		<annotation source="MCS" anchor="portant" bfScore="--" coherenceScore="--">bn:00089252v</annotation>
		<annotation source="MCS" anchor="avant" bfScore="--" coherenceScore="--">bn:00035855n</annotation>
		<annotation source="MCS" anchor="but" bfScore="--" coherenceScore="--">bn:00014202n</annotation>
		<annotation source="MCS" anchor="remporter" bfScore="--" coherenceScore="--">bn:00085456v</annotation>
		<annotation source="MCS" anchor="prix de la vocation" bfScore="--" coherenceScore="--">bn:03962092n</annotation>
		<annotation source="MCS" anchor="vocation" bfScore="--" coherenceScore="--">bn:00058568n</annotation>
		<annotation source="MCS" anchor="céleste" bfScore="--" coherenceScore="--">bn:00099415a</annotation>
		<annotation source="MCS" anchor="donc" bfScore="--" coherenceScore="--">bn:00115635r</annotation>
		<annotation source="BABELFY" anchor="parfaits" bfScore="1.0" coherenceScore="0.030303030303030304">bn:00089443v</annotation>
		<annotation source="MCS" anchor="ayons" bfScore="--" coherenceScore="--">bn:00088733v</annotation>
		<annotation source="MCS" anchor="pensée" bfScore="--" coherenceScore="--">bn:00017339n</annotation>
		<annotation source="MCS" anchor="êtes" bfScore="--" coherenceScore="--">bn:00083187v</annotation>
		<annotation source="MCS" anchor="point" bfScore="--" coherenceScore="--">bn:00026622n</annotation>
		<annotation source="MCS" anchor="avis" bfScore="--" coherenceScore="--">bn:01790118n</annotation>
		<annotation source="MCS" anchor="éclairera" bfScore="--" coherenceScore="--">bn:00085042v</annotation>
		<annotation source="BABELFY" anchor="là-dessus" bfScore="1.0" coherenceScore="0.030303030303030304">bn:00115639r</annotation>
		<annotation source="MCS" anchor="Seulement" bfScore="--" coherenceScore="--">bn:00116448r</annotation>
		<annotation source="MCS" anchor="parvenus" bfScore="--" coherenceScore="--">bn:00082226v</annotation>
		<annotation source="MCS" anchor="marchons" bfScore="--" coherenceScore="--">bn:00095597v</annotation>
		<annotation source="MCS" anchor="Soyez" bfScore="--" coherenceScore="--">bn:00083187v</annotation>
		<annotation source="MCS" anchor="imitateurs" bfScore="--" coherenceScore="--">bn:00046001n</annotation>
		<annotation source="MCS" anchor="portez" bfScore="--" coherenceScore="--">bn:00089252v</annotation>
		<annotation source="MCS" anchor="regards" bfScore="--" coherenceScore="--">bn:00053198n</annotation>
		<annotation source="MCS" anchor="marchent" bfScore="--" coherenceScore="--">bn:00095597v</annotation>
		<annotation source="MCS" anchor="modèle" bfScore="--" coherenceScore="--">bn:00036197n</annotation>
		<annotation source="MCS" anchor="avez" bfScore="--" coherenceScore="--">bn:00088733v</annotation>
		<annotation source="MCS" anchor="ennemis" bfScore="--" coherenceScore="--">bn:00030814n</annotation>
		<annotation source="MCS" anchor="croix" bfScore="--" coherenceScore="--">bn:00041640n</annotation>
		<annotation source="MCS" anchor="souvent" bfScore="--" coherenceScore="--">bn:00115452r</annotation>
		<annotation source="MCS" anchor="parlé" bfScore="--" coherenceScore="--">bn:00094090v</annotation>
		<annotation source="MCS" anchor="parle" bfScore="--" coherenceScore="--">bn:00094090v</annotation>
		<annotation source="MCS" anchor="maintenant" bfScore="--" coherenceScore="--">bn:00114424r</annotation>
		<annotation source="MCS" anchor="encore" bfScore="--" coherenceScore="--">bn:00114369r</annotation>
		<annotation source="BABELFY" anchor="pleurant" bfScore="0.7567954220314735" coherenceScore="0.09956709956709957">bn:00086123v</annotation>
		<annotation source="MCS" anchor="fin" bfScore="--" coherenceScore="--">bn:00030720n</annotation>
		<annotation source="MCS" anchor="sera" bfScore="--" coherenceScore="--">bn:00083187v</annotation>
		<annotation source="BABELFY" anchor="perdition" bfScore="1.0" coherenceScore="0.2597402597402597">bn:00043604n</annotation>
		<annotation source="MCS" anchor="ont" bfScore="--" coherenceScore="--">bn:00088733v</annotation>
		<annotation source="BABELFY" anchor="dieu" bfScore="0.7311111977151383" coherenceScore="0.8484848484848485">bn:00040878n</annotation>
		<annotation source="MCS" anchor="ventre" bfScore="--" coherenceScore="--">bn:00054843n</annotation>
		<annotation source="MCS" anchor="mettent" bfScore="--" coherenceScore="--">bn:00090224v</annotation>
		<annotation source="MCS" anchor="gloire" bfScore="--" coherenceScore="--">bn:00016991n</annotation>
		<annotation source="MCS" anchor="fait" bfScore="--" coherenceScore="--">bn:00087107v</annotation>
		<annotation source="MCS" anchor="honte" bfScore="--" coherenceScore="--">bn:00027566n</annotation>
		<annotation source="MCS" anchor="pensent" bfScore="--" coherenceScore="--">bn:00084733v</annotation>
		<annotation source="MCS" anchor="cité" bfScore="--" coherenceScore="--">bn:00019322n</annotation>
		<annotation source="BABELFY" anchor="cieux" bfScore="1.0" coherenceScore="0.008658008658008658">bn:00808092n</annotation>
		<annotation source="MCS" anchor="attendons" bfScore="--" coherenceScore="--">bn:00089401v</annotation>
		<annotation source="BABELFY" anchor="Sauveur" bfScore="1.0" coherenceScore="0.15584415584415584">bn:00026062n</annotation>
		<annotation source="MCS" anchor="transformera" bfScore="--" coherenceScore="--">bn:00095090v</annotation>
		<annotation source="MCS" anchor="corps" bfScore="--" coherenceScore="--">bn:00011744n</annotation>
		<annotation source="MCS" anchor="humiliation" bfScore="--" coherenceScore="--">bn:01328667n</annotation>
		<annotation source="MCS" anchor="rendant" bfScore="--" coherenceScore="--">bn:00092791v</annotation>
		<annotation source="MCS" anchor="semblable" bfScore="--" coherenceScore="--">bn:00096782a</annotation>
		<annotation source="MCS" anchor="assujettir" bfScore="--" coherenceScore="--">bn:00090051v</annotation>
	</annotations>
</paragraph>
<paragraph id="p.4">
	<text>
		C ` est pourquoi , mes bien - aimés , et très chers frères , vous qui êtes ma joie et ma couronne , demeurez ainsi fermes dans le Seigneur , mes bien - aimés !
		J ` exhorte Évodie et j ` exhorte Syntyche à être d ` un même sentiment dans le Seigneur .
		Et toi aussi , fidèle collègue , oui , je te prie de les aider , elles qui ont combattu pour l ` Évangile avec moi , et avec Clément et mes autres compagnons d ` oeuvre , dont les noms sont dans le livre de vie .
		Réjouissez - vous toujours dans le Seigneur ; je le répète , réjouissez - vous .
		Que votre douceur soit connue de tous les hommes . Le Seigneur est proche .
		Ne vous inquiétez de rien ; mais en toute chose faites connaître vos besoins à Dieu par des prières et des supplications , avec des actions de grâces .
		Et la paix de Dieu , qui surpasse toute intelligence , gardera vos coeurs et vos pensées en Jésus Christ .
		Au reste , frères , que tout ce qui est vrai , tout ce qui est honorable , tout ce qui est juste , tout ce qui est pur , tout ce qui est aimable , tout ce qui mérite l ` approbation , ce qui est vertueux et digne de louange , soit l ` objet de vos pensées .
		Ce que vous avez appris , reçu et entendu de moi , et ce que vous avez vu en moi , pratiquez - le . Et le Dieu de paix sera avec vous .
		J ` ai éprouvé une grande joie dans le Seigneur de ce que vous avez pu enfin renouveler l ` expression de vos sentiments pour moi ; vous y pensiez bien , mais l ` occasion vous manquait .
		Ce n ` est pas en vue de mes besoins que je dis cela , car j ` ai appris à être content de l ` état où je me trouve .
		Je sais vivre dans l ` humiliation , et je sais vivre dans l ` abondance . En tout et partout j ` ai appris à être rassasié et à avoir faim , à être dans l ` abondance et à être dans la disette .
		Je puis tout par celui qui me fortifie .
		Cependant vous avez bien fait de prendre part à ma détresse .
		Vous le savez vous - mêmes , Philippiens , au commencement de la prédication de l ` Évangile , lorsque je partis de la Macédoine , aucune Église n ` entra en compte avec moi pour ce qu ` elle donnait et recevait ;
		vous fûtes les seuls à le faire , car vous m ` envoyâtes déjà à Thessalonique , et à deux reprises , de quoi pourvoir à mes besoins .
		Ce n ` est pas que je recherche les dons ; mais je recherche le fruit qui abonde pour votre compte .
		J ` ai tout reçu , et je suis dans l ` abondance ; j ` ai été comblé de biens , en recevant par Épaphrodite ce qui vient de vous comme un parfum de bonne odeur , un sacrifice que Dieu accepte , et qui lui est agréable .
		Et mon Dieu pourvoira à tous vos besoins selon sa richesse , avec gloire , en Jésus Christ .
		A notre Dieu et Père soit la gloire aux siècles des siècles ! Amen !
		Saluez tous les saints en Jésus Christ . Les frères qui sont avec moi vous saluent .
		Tous les saints vous saluent , et principalement ceux de la maison de César .
		Que la grâce du Seigneur Jésus Christ soit avec votre esprit !
	</text>
	<annotations>
		<annotation source="MCS" anchor="est" bfScore="--" coherenceScore="--">bn:00083187v</annotation>
		<annotation source="BABELFY" anchor="pourquoi" bfScore="1.0" coherenceScore="0.013100436681222707">bn:00114822r</annotation>
		<annotation source="MCS" anchor="bien-aimés" bfScore="--" coherenceScore="--">bn:00074088n</annotation>
		<annotation source="MCS" anchor="très" bfScore="--" coherenceScore="--">bn:00116789r</annotation>
		<annotation source="MCS" anchor="chers" bfScore="--" coherenceScore="--">bn:00098224a</annotation>
		<annotation source="MCS" anchor="frères" bfScore="--" coherenceScore="--">bn:00011357n</annotation>
		<annotation source="MCS" anchor="êtes" bfScore="--" coherenceScore="--">bn:00083187v</annotation>
		<annotation source="MCS" anchor="joie" bfScore="--" coherenceScore="--">bn:00048468n</annotation>
		<annotation source="MCS" anchor="couronne" bfScore="--" coherenceScore="--">bn:00049469n</annotation>
		<annotation source="MCS" anchor="demeurez" bfScore="--" coherenceScore="--">bn:00082138v</annotation>
		<annotation source="MCS" anchor="ainsi" bfScore="--" coherenceScore="--">bn:00117048r</annotation>
		<annotation source="BABELFY" anchor="fermes" bfScore="1.0" coherenceScore="0.008733624454148471">bn:00112382a</annotation>
		<annotation source="MCS" anchor="Seigneur" bfScore="--" coherenceScore="--">bn:00070296n</annotation>
		<annotation source="MCS" anchor="exhorte" bfScore="--" coherenceScore="--">bn:00087843v</annotation>
		<annotation source="MCS" anchor="être" bfScore="--" coherenceScore="--">bn:00083187v</annotation>
		<annotation source="BABELFY" anchor="sentiment" bfScore="0.7907767110714197" coherenceScore="0.5545851528384279">bn:00033963n</annotation>
		<annotation source="MCS" anchor="aussi" bfScore="--" coherenceScore="--">bn:00114246r</annotation>
		<annotation source="MCS" anchor="fidèle" bfScore="--" coherenceScore="--">bn:00102728a</annotation>
		<annotation source="MCS" anchor="collègue" bfScore="--" coherenceScore="--">bn:00020118n</annotation>
		<annotation source="MCS" anchor="prie" bfScore="--" coherenceScore="--">bn:00091921v</annotation>
		<annotation source="MCS" anchor="aider" bfScore="--" coherenceScore="--">bn:00082481v</annotation>
		<annotation source="MCS" anchor="ont" bfScore="--" coherenceScore="--">bn:00088733v</annotation>
		<annotation source="MCS" anchor="combattu" bfScore="--" coherenceScore="--">bn:00085711v</annotation>
		<annotation source="BABELFY" anchor="Évangile" bfScore="0.7020972972972973" coherenceScore="0.28820960698689957">bn:00031976n</annotation>
		<annotation source="BABELFY" anchor="Clément" bfScore="0.9949238578680203" coherenceScore="0.0611353711790393">bn:01568159n</annotation>
		<annotation source="MCS" anchor="autres" bfScore="--" coherenceScore="--">bn:00101268a</annotation>
		<annotation source="MCS" anchor="compagnons" bfScore="--" coherenceScore="--">bn:00006532n</annotation>
		<annotation source="MCS" anchor="oeuvre" bfScore="--" coherenceScore="--">bn:00011767n</annotation>
		<annotation source="MCS" anchor="noms" bfScore="--" coherenceScore="--">bn:00056758n</annotation>
		<annotation source="MCS" anchor="sont" bfScore="--" coherenceScore="--">bn:00083187v</annotation>
		<annotation source="BABELFY" anchor="livre" bfScore="0.8266576454668471" coherenceScore="0.35807860262008734">bn:00012059n</annotation>
		<annotation source="MCS" anchor="vie" bfScore="--" coherenceScore="--">bn:00002761n</annotation>
		<annotation source="MCS" anchor="Réjouissez" bfScore="--" coherenceScore="--">bn:00086519v</annotation>
		<annotation source="MCS" anchor="toujours" bfScore="--" coherenceScore="--">bn:00114251r</annotation>
		<annotation source="MCS" anchor="répète" bfScore="--" coherenceScore="--">bn:00089731v</annotation>
		<annotation source="MCS" anchor="réjouissez" bfScore="--" coherenceScore="--">bn:00086519v</annotation>
		<annotation source="MCS" anchor="douceur" bfScore="--" coherenceScore="--">bn:00050667n</annotation>
		<annotation source="MCS" anchor="connue" bfScore="--" coherenceScore="--">bn:00082272v</annotation>
		<annotation source="MCS" anchor="hommes" bfScore="--" coherenceScore="--">bn:00044576n</annotation>
		<annotation source="MCS" anchor="proche" bfScore="--" coherenceScore="--">bn:00099857a</annotation>
		<annotation source="BABELFY" anchor="inquiétez" bfScore="0.7357555739058629" coherenceScore="0.11790393013100436">bn:00085522v</annotation>
		<annotation source="MCS" anchor="rien" bfScore="--" coherenceScore="--">bn:03261184n</annotation>
		<annotation source="MCS" anchor="chose" bfScore="--" coherenceScore="--">bn:00076925n</annotation>
		<annotation source="MCS" anchor="faites" bfScore="--" coherenceScore="--">bn:00087107v</annotation>
		<annotation source="MCS" anchor="connaître" bfScore="--" coherenceScore="--">bn:00082272v</annotation>
		<annotation source="MCS" anchor="besoins" bfScore="--" coherenceScore="--">bn:00057164n</annotation>
		<annotation source="BABELFY" anchor="Dieu" bfScore="0.7847688620020545" coherenceScore="0.8471615720524017">bn:00040878n</annotation>
		<annotation source="BABELFY" anchor="prières" bfScore="0.7354126001910378" coherenceScore="0.3318777292576419">bn:00059529n</annotation>
		<annotation source="BABELFY" anchor="supplications" bfScore="0.8347934918648311" coherenceScore="0.12663755458515283">bn:00062966n</annotation>
		<annotation source="MCS" anchor="actions" bfScore="--" coherenceScore="--">bn:00001130n</annotation>
		<annotation source="BABELFY" anchor="actions de grâces" bfScore="1.0" coherenceScore="0.11353711790393013">bn:05015173n</annotation>
		<annotation source="MCS" anchor="grâces" bfScore="--" coherenceScore="--">bn:00041227n</annotation>
		<annotation source="MCS" anchor="paix" bfScore="--" coherenceScore="--">bn:00061149n</annotation>
		<annotation source="BABELFY" anchor="paix de Dieu" bfScore="1.0" coherenceScore="0.10480349344978165">bn:14276499n</annotation>
		<annotation source="MCS" anchor="surpasse" bfScore="--" coherenceScore="--">bn:00083441v</annotation>
		<annotation source="BABELFY" anchor="intelligence" bfScore="0.8699265220433869" coherenceScore="0.2838427947598253">bn:00047025n</annotation>
		<annotation source="MCS" anchor="gardera" bfScore="--" coherenceScore="--">bn:00089407v</annotation>
		<annotation source="MCS" anchor="coeurs" bfScore="--" coherenceScore="--">bn:00043383n</annotation>
		<annotation source="MCS" anchor="pensées" bfScore="--" coherenceScore="--">bn:00017339n</annotation>
		<annotation source="BABELFY" anchor="Jésus" bfScore="0.8813967489464178" coherenceScore="0.7991266375545851">bn:00018805n</annotation>
		<annotation source="BABELFY" anchor="Jésus Christ" bfScore="1.0" coherenceScore="0.8034934497816594">bn:00018805n</annotation>
		<annotation source="BABELFY" anchor="Christ" bfScore="0.998883687986943" coherenceScore="0.7991266375545851">bn:00018805n</annotation>
		<annotation source="MCS" anchor="reste" bfScore="--" coherenceScore="--">bn:00008047n</annotation>
		<annotation source="MCS" anchor="vrai" bfScore="--" coherenceScore="--">bn:00112146a</annotation>
		<annotation source="MCS" anchor="honorable" bfScore="--" coherenceScore="--">bn:00104312a</annotation>
		<annotation source="MCS" anchor="juste" bfScore="--" coherenceScore="--">bn:00102719a</annotation>
		<annotation source="MCS" anchor="pur" bfScore="--" coherenceScore="--">bn:00109244a</annotation>
		<annotation source="BABELFY" anchor="aimable" bfScore="0.9209903800662356" coherenceScore="0.31877729257641924">bn:00106197a</annotation>
		<annotation source="MCS" anchor="mérite" bfScore="--" coherenceScore="--">bn:00086670v</annotation>
		<annotation source="MCS" anchor="approbation" bfScore="--" coherenceScore="--">bn:00005158n</annotation>
		<annotation source="MCS" anchor="vertueux" bfScore="--" coherenceScore="--">bn:00113633a</annotation>
		<annotation source="BABELFY" anchor="digne" bfScore="0.9024495058014611" coherenceScore="0.2183406113537118">bn:00113948a</annotation>
		<annotation source="MCS" anchor="louange" bfScore="--" coherenceScore="--">bn:01193643n</annotation>
		<annotation source="MCS" anchor="objet" bfScore="--" coherenceScore="--">bn:00058442n</annotation>
		<annotation source="MCS" anchor="avez" bfScore="--" coherenceScore="--">bn:00088733v</annotation>
		<annotation source="MCS" anchor="appris" bfScore="--" coherenceScore="--">bn:00082281v</annotation>
		<annotation source="MCS" anchor="reçu" bfScore="--" coherenceScore="--">bn:00089246v</annotation>
		<annotation source="MCS" anchor="entendu" bfScore="--" coherenceScore="--">bn:00089277v</annotation>
		<annotation source="MCS" anchor="vu" bfScore="--" coherenceScore="--">bn:00093430v</annotation>
		<annotation source="MCS" anchor="pratiquez" bfScore="--" coherenceScore="--">bn:00082711v</annotation>
		<annotation source="MCS" anchor="sera" bfScore="--" coherenceScore="--">bn:00083187v</annotation>
		<annotation source="MCS" anchor="ai" bfScore="--" coherenceScore="--">bn:00088733v</annotation>
		<annotation source="MCS" anchor="éprouvé" bfScore="--" coherenceScore="--">bn:00087864v</annotation>
		<annotation source="MCS" anchor="grande" bfScore="--" coherenceScore="--">bn:00111630a</annotation>
		<annotation source="MCS" anchor="pu" bfScore="--" coherenceScore="--">bn:13601970v</annotation>
		<annotation source="MCS" anchor="enfin" bfScore="--" coherenceScore="--">bn:00114417r</annotation>
		<annotation source="MCS" anchor="renouveler" bfScore="--" coherenceScore="--">bn:00092663v</annotation>
		<annotation source="MCS" anchor="expression" bfScore="--" coherenceScore="--">bn:00006386n</annotation>
		<annotation source="MCS" anchor="sentiments" bfScore="--" coherenceScore="--">bn:00033963n</annotation>
		<annotation source="MCS" anchor="pensiez" bfScore="--" coherenceScore="--">bn:00084733v</annotation>
		<annotation source="MCS" anchor="bien" bfScore="--" coherenceScore="--">bn:00115530r</annotation>
		<annotation source="MCS" anchor="occasion" bfScore="--" coherenceScore="--">bn:00017621n</annotation>
		<annotation source="BABELFY" anchor="manquait" bfScore="0.8211214310285517" coherenceScore="0.28820960698689957">bn:00090161v</annotation>
		<annotation source="MCS" anchor="vue" bfScore="--" coherenceScore="--">bn:00071509n</annotation>
		<annotation source="MCS" anchor="dis" bfScore="--" coherenceScore="--">bn:00093287v</annotation>
		<annotation source="MCS" anchor="content" bfScore="--" coherenceScore="--">bn:00103601a</annotation>
		<annotation source="MCS" anchor="état" bfScore="--" coherenceScore="--">bn:00074010n</annotation>
		<annotation source="MCS" anchor="trouve" bfScore="--" coherenceScore="--">bn:00084231v</annotation>
		<annotation source="MCS" anchor="sais" bfScore="--" coherenceScore="--">bn:00090142v</annotation>
		<annotation source="MCS" anchor="vivre" bfScore="--" coherenceScore="--">bn:00087617v</annotation>
		<annotation source="MCS" anchor="humiliation" bfScore="--" coherenceScore="--">bn:01328667n</annotation>
		<annotation source="MCS" anchor="abondance" bfScore="--" coherenceScore="--">bn:00000517n</annotation>
		<annotation source="MCS" anchor="tout" bfScore="--" coherenceScore="--">bn:00114403r</annotation>
		<annotation source="BABELFY" anchor="partout" bfScore="0.9689922480620154" coherenceScore="0.1091703056768559">bn:00114211r</annotation>
		<annotation source="BABELFY" anchor="rassasié" bfScore="1.0" coherenceScore="0.039301310043668124">bn:00088182v</annotation>
		<annotation source="MCS" anchor="avoir" bfScore="--" coherenceScore="--">bn:00088733v</annotation>
		<annotation source="MCS" anchor="faim" bfScore="--" coherenceScore="--">bn:00045229n</annotation>
		<annotation source="MCS" anchor="disette" bfScore="--" coherenceScore="--">bn:00025581n</annotation>
		<annotation source="MCS" anchor="puis" bfScore="--" coherenceScore="--">bn:00114281r</annotation>
		<annotation source="MCS" anchor="fortifie" bfScore="--" coherenceScore="--">bn:00088505v</annotation>
		<annotation source="BABELFY" anchor="Cependant" bfScore="0.9990521327014218" coherenceScore="0.13537117903930132">bn:00114626r</annotation>
		<annotation source="MCS" anchor="fait" bfScore="--" coherenceScore="--">bn:00087107v</annotation>
		<annotation source="MCS" anchor="prendre" bfScore="--" coherenceScore="--">bn:00088762v</annotation>
		<annotation source="BABELFY" anchor="prendre part" bfScore="1.0" coherenceScore="0.048034934497816595">bn:00091451v</annotation>
		<annotation source="MCS" anchor="part" bfScore="--" coherenceScore="--">bn:00060766n</annotation>
		<annotation source="MCS" anchor="détresse" bfScore="--" coherenceScore="--">bn:00027789n</annotation>
		<annotation source="MCS" anchor="savez" bfScore="--" coherenceScore="--">bn:00090142v</annotation>
		<annotation source="BABELFY" anchor="Philippiens" bfScore="1.0" coherenceScore="0.15283842794759825">bn:00031245n</annotation>
		<annotation source="MCS" anchor="prédication" bfScore="--" coherenceScore="--">bn:04772898n</annotation>
		<annotation source="MCS" anchor="partis" bfScore="--" coherenceScore="--">bn:00088939v</annotation>
		<annotation source="MCS" anchor="Église" bfScore="--" coherenceScore="--">bn:00018995n</annotation>
		<annotation source="MCS" anchor="entra" bfScore="--" coherenceScore="--">bn:00085363v</annotation>
		<annotation source="MCS" anchor="compte" bfScore="--" coherenceScore="--">bn:00023140n</annotation>
		<annotation source="MCS" anchor="donnait" bfScore="--" coherenceScore="--">bn:00088815v</annotation>
		<annotation source="MCS" anchor="recevait" bfScore="--" coherenceScore="--">bn:00089246v</annotation>
		<annotation source="MCS" anchor="fûtes" bfScore="--" coherenceScore="--">bn:00083187v</annotation>
		<annotation source="MCS" anchor="seuls" bfScore="--" coherenceScore="--">bn:00096872a</annotation>
		<annotation source="MCS" anchor="faire" bfScore="--" coherenceScore="--">bn:00087107v</annotation>
		<annotation source="MCS" anchor="envoyâtes" bfScore="--" coherenceScore="--">bn:00093485v</annotation>
		<annotation source="MCS" anchor="déjà" bfScore="--" coherenceScore="--">bn:00114245r</annotation>
		<annotation source="MCS" anchor="reprises" bfScore="--" coherenceScore="--">bn:00066561n</annotation>
		<annotation source="MCS" anchor="recherche" bfScore="--" coherenceScore="--">bn:00093455v</annotation>
		<annotation source="MCS" anchor="dons" bfScore="--" coherenceScore="--">bn:00022270n</annotation>
		<annotation source="MCS" anchor="fruit" bfScore="--" coherenceScore="--">bn:00036686n</annotation>
		<annotation source="MCS" anchor="abonde" bfScore="--" coherenceScore="--">bn:00082152v</annotation>
		<annotation source="MCS" anchor="été" bfScore="--" coherenceScore="--">bn:00083187v</annotation>
		<annotation source="MCS" anchor="comblé" bfScore="--" coherenceScore="--">bn:00084655v</annotation>
		<annotation source="MCS" anchor="biens" bfScore="--" coherenceScore="--">bn:00041061n</annotation>
		<annotation source="MCS" anchor="recevant" bfScore="--" coherenceScore="--">bn:00089246v</annotation>
		<annotation source="BABELFY" anchor="Épaphrodite" bfScore="1.0" coherenceScore="0.10480349344978165">bn:00146229n</annotation>
		<annotation source="MCS" anchor="vient" bfScore="--" coherenceScore="--">bn:00085322v</annotation>
		<annotation source="MCS" anchor="parfum" bfScore="--" coherenceScore="--">bn:00005846n</annotation>
		<annotation source="MCS" anchor="bonne" bfScore="--" coherenceScore="--">bn:00103672a</annotation>
		<annotation source="MCS" anchor="odeur" bfScore="--" coherenceScore="--">bn:00058653n</annotation>
		<annotation source="BABELFY" anchor="sacrifice" bfScore="0.8833226837060703" coherenceScore="0.2096069868995633">bn:00067941n</annotation>
		<annotation source="MCS" anchor="accepte" bfScore="--" coherenceScore="--">bn:00082198v</annotation>
		<annotation source="MCS" anchor="agréable" bfScore="--" coherenceScore="--">bn:00108680a</annotation>
		<annotation source="MCS" anchor="richesse" bfScore="--" coherenceScore="--">bn:00080746n</annotation>
		<annotation source="MCS" anchor="gloire" bfScore="--" coherenceScore="--">bn:00016991n</annotation>
		<annotation source="MCS" anchor="Père" bfScore="--" coherenceScore="--">bn:00009616n</annotation>
		<annotation source="MCS" anchor="siècles" bfScore="--" coherenceScore="--">bn:00017234n</annotation>
		<annotation source="MCS" anchor="Saluez" bfScore="--" coherenceScore="--">bn:00082703v</annotation>
		<annotation source="MCS" anchor="saints" bfScore="--" coherenceScore="--">bn:00053896n</annotation>
		<annotation source="MCS" anchor="saluent" bfScore="--" coherenceScore="--">bn:00082703v</annotation>
		<annotation source="MCS" anchor="principalement" bfScore="--" coherenceScore="--">bn:00114714r</annotation>
		<annotation source="MCS" anchor="maison" bfScore="--" coherenceScore="--">bn:00044994n</annotation>
		<annotation source="BABELFY" anchor="César" bfScore="0.8898614150255288" coherenceScore="0.2663755458515284">bn:00014550n</annotation>
		<annotation source="MCS" anchor="grâce" bfScore="--" coherenceScore="--">bn:00041227n</annotation>
		<annotation source="MCS" anchor="esprit" bfScore="--" coherenceScore="--">bn:00012681n</annotation>
	</annotations>
</paragraph>
</dataset>
