<?xml version="1.0" encoding="utf-8"?>
<dataset language="FR" title="PHM">
<paragraph id="p.1">
	<text>
		Paul , prisonnier de Jésus Christ , et le frère Timothée , à Philémon , notre bien - aimé et notre compagnon d ` oeuvre ,
		à la soeur Apphia , à Archippe , notre compagnon de combat , et à l ` Église qui est dans ta maison :
		que la grâce et la paix vous soient données de la part de Dieu notre Père et du Seigneur Jésus Christ !
		Je rends continuellement grâces à mon Dieu , faisant mention de toi dans mes prières ,
		parce que je suis informé de la foi que tu as au Seigneur Jésus et de ta charité pour tous les saints .
		Je lui demande que ta participation à la foi soit efficace pour la cause de Christ , en faisant reconnaître en nous toute espèce de bien .
		J ` ai , en effet , éprouvé beaucoup de joie et de consolation au sujet de ta charité ; car par toi , frère , le coeur des saints a été tranquillisé .
		C ` est pourquoi , bien que j ` aie en Christ toute liberté de te prescrire ce qui est convenable ,
		c ` est de préférence au nom de la charité que je t ` adresse une prière , étant ce que je suis , Paul , vieillard , et de plus maintenant prisonnier de Jésus Christ .
		Je te prie pour mon enfant , que j ` ai engendré étant dans les chaînes , Onésime ,
		qui autrefois t ` a été inutile , mais qui maintenant est utile , et à toi et à moi .
		Je te le renvoie lui , mes propres entrailles .
		J ` aurais désiré le retenir auprès de moi , pour qu ` il me servît à ta place , pendant que je suis dans les chaînes pour l ` Évangile .
		Toutefois , je n ` ai rien voulu faire sans ton avis , afin que ton bienfait ne soit pas comme forcé , mais qu ` il soit volontaire .
		Peut - être a - t - il été séparé de toi pour un temps , afin que tu le recouvres pour l ` éternité ,
		non plus comme un esclave , mais comme supérieur à un esclave , comme un frère bien - aimé , de moi particulièrement , et de toi à plus forte raison , soit dans la chair , soit dans le Seigneur .
		Si donc tu me tiens pour ton ami , reçois - le comme moi - même .
		Et s ` il t ` a fait quelque tort , ou s ` il te doit quelque chose , mets - le sur mon compte .
		Moi Paul , je l ` écris de ma propre main , - je paierai , pour ne pas te dire que tu te dois toi - même à moi .
		Oui , frère , que j ` obtienne de toi cet avantage , dans le Seigneur ; tranquillise mon coeur en Christ .
		C ` est en comptant sur ton obéissance que je t ` écris , sachant que tu feras même au delà de ce que je dis .
		En même temps , prépare - moi un logement , car j ` espère vous être rendu , grâce à vos prières .
		Épaphras , mon compagnon de captivité en Jésus Christ ,
		te salue , ainsi que Marc , Aristarque , Démas , Luc , mes compagnons d ` oeuvre .
		Que la grâce de notre Seigneur Jésus Christ soit avec votre esprit !
	</text>
	<annotations>
		<annotation source="BABELFY" anchor="Paul" bfScore="0.9234306737180961" coherenceScore="0.39603960396039606">bn:00004984n</annotation>
		<annotation source="MCS" anchor="prisonnier" bfScore="--" coherenceScore="--">bn:00015767n</annotation>
		<annotation source="BABELFY" anchor="Jésus" bfScore="0.8441451629484938" coherenceScore="0.7970297029702971">bn:00018805n</annotation>
		<annotation source="BABELFY" anchor="Jésus Christ" bfScore="1.0" coherenceScore="0.801980198019802">bn:00018805n</annotation>
		<annotation source="BABELFY" anchor="Christ" bfScore="0.9956530614695535" coherenceScore="0.7970297029702971">bn:00018805n</annotation>
		<annotation source="MCS" anchor="frère" bfScore="--" coherenceScore="--">bn:00011357n</annotation>
		<annotation source="BABELFY" anchor="Philémon" bfScore="0.712318970141248" coherenceScore="0.2376237623762376">bn:00031243n</annotation>
		<annotation source="MCS" anchor="bien-aimé" bfScore="--" coherenceScore="--">bn:00074088n</annotation>
		<annotation source="MCS" anchor="compagnon" bfScore="--" coherenceScore="--">bn:00006532n</annotation>
		<annotation source="MCS" anchor="oeuvre" bfScore="--" coherenceScore="--">bn:00011767n</annotation>
		<annotation source="MCS" anchor="soeur" bfScore="--" coherenceScore="--">bn:00071838n</annotation>
		<annotation source="BABELFY" anchor="Archippe" bfScore="1.0" coherenceScore="0.1782178217821782">bn:03453748n</annotation>
		<annotation source="MCS" anchor="combat" bfScore="--" coherenceScore="--">bn:00005731n</annotation>
		<annotation source="MCS" anchor="Église" bfScore="--" coherenceScore="--">bn:00018995n</annotation>
		<annotation source="MCS" anchor="est" bfScore="--" coherenceScore="--">bn:00083187v</annotation>
		<annotation source="MCS" anchor="maison" bfScore="--" coherenceScore="--">bn:00044994n</annotation>
		<annotation source="MCS" anchor="grâce" bfScore="--" coherenceScore="--">bn:00041227n</annotation>
		<annotation source="MCS" anchor="paix" bfScore="--" coherenceScore="--">bn:00061149n</annotation>
		<annotation source="MCS" anchor="soient" bfScore="--" coherenceScore="--">bn:00083187v</annotation>
		<annotation source="MCS" anchor="données" bfScore="--" coherenceScore="--">bn:00088815v</annotation>
		<annotation source="MCS" anchor="part" bfScore="--" coherenceScore="--">bn:00060766n</annotation>
		<annotation source="BABELFY" anchor="Dieu" bfScore="0.719983424842018" coherenceScore="0.8663366336633663">bn:00040878n</annotation>
		<annotation source="MCS" anchor="Père" bfScore="--" coherenceScore="--">bn:00009616n</annotation>
		<annotation source="MCS" anchor="Seigneur" bfScore="--" coherenceScore="--">bn:00070296n</annotation>
		<annotation source="MCS" anchor="rends" bfScore="--" coherenceScore="--">bn:00092791v</annotation>
		<annotation source="MCS" anchor="continuellement" bfScore="--" coherenceScore="--">bn:00114838r</annotation>
		<annotation source="MCS" anchor="grâces" bfScore="--" coherenceScore="--">bn:00041227n</annotation>
		<annotation source="MCS" anchor="faisant" bfScore="--" coherenceScore="--">bn:00087107v</annotation>
		<annotation source="BABELFY" anchor="mention" bfScore="0.8464052287581699" coherenceScore="0.17326732673267325">bn:00054390n</annotation>
		<annotation source="MCS" anchor="prières" bfScore="--" coherenceScore="--">bn:00059529n</annotation>
		<annotation source="MCS" anchor="informé" bfScore="--" coherenceScore="--">bn:00082416v</annotation>
		<annotation source="BABELFY" anchor="foi" bfScore="0.8357229628827212" coherenceScore="0.9108910891089109">bn:00032768n</annotation>
		<annotation source="MCS" anchor="as" bfScore="--" coherenceScore="--">bn:00088733v</annotation>
		<annotation source="MCS" anchor="charité" bfScore="--" coherenceScore="--">bn:00013380n</annotation>
		<annotation source="MCS" anchor="saints" bfScore="--" coherenceScore="--">bn:00053896n</annotation>
		<annotation source="MCS" anchor="demande" bfScore="--" coherenceScore="--">bn:00082817v</annotation>
		<annotation source="MCS" anchor="participation" bfScore="--" coherenceScore="--">bn:00030844n</annotation>
		<annotation source="MCS" anchor="soit" bfScore="--" coherenceScore="--">bn:00083187v</annotation>
		<annotation source="MCS" anchor="efficace" bfScore="--" coherenceScore="--">bn:00102038a</annotation>
		<annotation source="MCS" anchor="cause" bfScore="--" coherenceScore="--">bn:00015051n</annotation>
		<annotation source="MCS" anchor="reconnaître" bfScore="--" coherenceScore="--">bn:00082272v</annotation>
		<annotation source="BABELFY" anchor="espèce" bfScore="0.8959276018099548" coherenceScore="0.16336633663366337">bn:00073210n</annotation>
		<annotation source="MCS" anchor="bien" bfScore="--" coherenceScore="--">bn:00041061n</annotation>
		<annotation source="MCS" anchor="ai" bfScore="--" coherenceScore="--">bn:00088733v</annotation>
		<annotation source="MCS" anchor="effet" bfScore="--" coherenceScore="--">bn:00029871n</annotation>
		<annotation source="MCS" anchor="éprouvé" bfScore="--" coherenceScore="--">bn:00087864v</annotation>
		<annotation source="MCS" anchor="beaucoup" bfScore="--" coherenceScore="--">bn:00114047r</annotation>
		<annotation source="MCS" anchor="joie" bfScore="--" coherenceScore="--">bn:00048468n</annotation>
		<annotation source="BABELFY" anchor="consolation" bfScore="0.9815557337610264" coherenceScore="0.16831683168316833">bn:00022000n</annotation>
		<annotation source="MCS" anchor="sujet" bfScore="--" coherenceScore="--">bn:00022157n</annotation>
		<annotation source="MCS" anchor="coeur" bfScore="--" coherenceScore="--">bn:00043383n</annotation>
		<annotation source="MCS" anchor="été" bfScore="--" coherenceScore="--">bn:00083187v</annotation>
		<annotation source="BABELFY" anchor="tranquillisé" bfScore="0.7133757961783439" coherenceScore="0.039603960396039604">bn:00084438v</annotation>
		<annotation source="BABELFY" anchor="pourquoi" bfScore="1.0" coherenceScore="0.019801980198019802">bn:00114822r</annotation>
		<annotation source="MCS" anchor="bien" bfScore="--" coherenceScore="--">bn:00115530r</annotation>
		<annotation source="MCS" anchor="aie" bfScore="--" coherenceScore="--">bn:00088733v</annotation>
		<annotation source="MCS" anchor="liberté" bfScore="--" coherenceScore="--">bn:00007389n</annotation>
		<annotation source="MCS" anchor="prescrire" bfScore="--" coherenceScore="--">bn:00083834v</annotation>
		<annotation source="MCS" anchor="convenable" bfScore="--" coherenceScore="--">bn:00103924a</annotation>
		<annotation source="MCS" anchor="préférence" bfScore="--" coherenceScore="--">bn:00061333n</annotation>
		<annotation source="MCS" anchor="nom" bfScore="--" coherenceScore="--">bn:00056758n</annotation>
		<annotation source="MCS" anchor="adresse" bfScore="--" coherenceScore="--">bn:00074600n</annotation>
		<annotation source="MCS" anchor="prière" bfScore="--" coherenceScore="--">bn:00059529n</annotation>
		<annotation source="MCS" anchor="étant" bfScore="--" coherenceScore="--">bn:00083187v</annotation>
		<annotation source="BABELFY" anchor="vieillard" bfScore="0.8754208754208754" coherenceScore="0.12871287128712872">bn:00058828n</annotation>
		<annotation source="MCS" anchor="plus" bfScore="--" coherenceScore="--">bn:00115880r</annotation>
		<annotation source="MCS" anchor="maintenant" bfScore="--" coherenceScore="--">bn:00114424r</annotation>
		<annotation source="MCS" anchor="prie" bfScore="--" coherenceScore="--">bn:00091921v</annotation>
		<annotation source="BABELFY" anchor="enfant" bfScore="0.7310845484698667" coherenceScore="0.5841584158415841">bn:00018346n</annotation>
		<annotation source="MCS" anchor="engendré" bfScore="--" coherenceScore="--">bn:00084031v</annotation>
		<annotation source="MCS" anchor="chaînes" bfScore="--" coherenceScore="--">bn:00017487n</annotation>
		<annotation source="BABELFY" anchor="Onésime" bfScore="1.0" coherenceScore="0.19801980198019803">bn:03557017n</annotation>
		<annotation source="BABELFY" anchor="autrefois" bfScore="1.0" coherenceScore="0.01485148514851485">bn:00114629r</annotation>
		<annotation source="MCS" anchor="inutile" bfScore="--" coherenceScore="--">bn:00112990a</annotation>
		<annotation source="MCS" anchor="utile" bfScore="--" coherenceScore="--">bn:00104094a</annotation>
		<annotation source="MCS" anchor="renvoie" bfScore="--" coherenceScore="--">bn:00088506v</annotation>
		<annotation source="MCS" anchor="propres" bfScore="--" coherenceScore="--">bn:00099776a</annotation>
		<annotation source="MCS" anchor="entrailles" bfScore="--" coherenceScore="--">bn:00031043n</annotation>
		<annotation source="MCS" anchor="aurais" bfScore="--" coherenceScore="--">bn:00088733v</annotation>
		<annotation source="MCS" anchor="désiré" bfScore="--" coherenceScore="--">bn:00085989v</annotation>
		<annotation source="MCS" anchor="retenir" bfScore="--" coherenceScore="--">bn:00089400v</annotation>
		<annotation source="MCS" anchor="servît" bfScore="--" coherenceScore="--">bn:00089309v</annotation>
		<annotation source="MCS" anchor="place" bfScore="--" coherenceScore="--">bn:00030098n</annotation>
		<annotation source="MCS" anchor="pendant" bfScore="--" coherenceScore="--">bn:00089178v</annotation>
		<annotation source="MCS" anchor="Évangile" bfScore="--" coherenceScore="--">bn:00031976n</annotation>
		<annotation source="BABELFY" anchor="Toutefois" bfScore="1.0" coherenceScore="0.009900990099009901">bn:00114216r</annotation>
		<annotation source="MCS" anchor="rien" bfScore="--" coherenceScore="--">bn:00116378r</annotation>
		<annotation source="MCS" anchor="voulu" bfScore="--" coherenceScore="--">bn:00086682v</annotation>
		<annotation source="MCS" anchor="faire" bfScore="--" coherenceScore="--">bn:00087107v</annotation>
		<annotation source="MCS" anchor="avis" bfScore="--" coherenceScore="--">bn:01790118n</annotation>
		<annotation source="BABELFY" anchor="bienfait" bfScore="1.0" coherenceScore="0.054455445544554455">bn:00011225n</annotation>
		<annotation source="MCS" anchor="comme" bfScore="--" coherenceScore="--">bn:00114354r</annotation>
		<annotation source="MCS" anchor="forcé" bfScore="--" coherenceScore="--">bn:00085252v</annotation>
		<annotation source="MCS" anchor="volontaire" bfScore="--" coherenceScore="--">bn:00113672a</annotation>
		<annotation source="BABELFY" anchor="Peut-être" bfScore="1.0" coherenceScore="0.034653465346534656">bn:00114523r</annotation>
		<annotation source="MCS" anchor="séparé" bfScore="--" coherenceScore="--">bn:00087099v</annotation>
		<annotation source="BABELFY" anchor="temps" bfScore="0.8329394743187847" coherenceScore="0.5">bn:00077270n</annotation>
		<annotation source="MCS" anchor="éternité" bfScore="--" coherenceScore="--">bn:00031687n</annotation>
		<annotation source="MCS" anchor="non" bfScore="--" coherenceScore="--">bn:00116350r</annotation>
		<annotation source="BABELFY" anchor="non plus" bfScore="1.0" coherenceScore="0.019801980198019802">bn:00115184r</annotation>
		<annotation source="MCS" anchor="comme un" bfScore="--" coherenceScore="--">bn:13612827r</annotation>
		<annotation source="MCS" anchor="esclave" bfScore="--" coherenceScore="--">bn:00072080n</annotation>
		<annotation source="MCS" anchor="supérieur" bfScore="--" coherenceScore="--">bn:00111465a</annotation>
		<annotation source="BABELFY" anchor="bien-aimé" bfScore="1.0" coherenceScore="0.024752475247524754">bn:00098224a</annotation>
		<annotation source="MCS" anchor="particulièrement" bfScore="--" coherenceScore="--">bn:00115235r</annotation>
		<annotation source="MCS" anchor="forte" bfScore="--" coherenceScore="--">bn:00103938a</annotation>
		<annotation source="MCS" anchor="raison" bfScore="--" coherenceScore="--">bn:00066443n</annotation>
		<annotation source="MCS" anchor="chair" bfScore="--" coherenceScore="--">bn:00035182n</annotation>
		<annotation source="MCS" anchor="donc" bfScore="--" coherenceScore="--">bn:00115635r</annotation>
		<annotation source="MCS" anchor="tiens" bfScore="--" coherenceScore="--">bn:00089385v</annotation>
		<annotation source="MCS" anchor="ami" bfScore="--" coherenceScore="--">bn:00036538n</annotation>
		<annotation source="MCS" anchor="reçois" bfScore="--" coherenceScore="--">bn:00089246v</annotation>
		<annotation source="MCS" anchor="fait" bfScore="--" coherenceScore="--">bn:00087107v</annotation>
		<annotation source="BABELFY" anchor="tort" bfScore="1.0" coherenceScore="0.16831683168316833">bn:00081726n</annotation>
		<annotation source="MCS" anchor="doit" bfScore="--" coherenceScore="--">bn:00091360v</annotation>
		<annotation source="MCS" anchor="chose" bfScore="--" coherenceScore="--">bn:00076925n</annotation>
		<annotation source="MCS" anchor="mets" bfScore="--" coherenceScore="--">bn:00090224v</annotation>
		<annotation source="MCS" anchor="compte" bfScore="--" coherenceScore="--">bn:00023140n</annotation>
		<annotation source="MCS" anchor="écris" bfScore="--" coherenceScore="--">bn:00092123v</annotation>
		<annotation source="MCS" anchor="propre" bfScore="--" coherenceScore="--">bn:00099776a</annotation>
		<annotation source="BABELFY" anchor="main" bfScore="0.7474747474747475" coherenceScore="0.25742574257425743">bn:00042759n</annotation>
		<annotation source="MCS" anchor="paierai" bfScore="--" coherenceScore="--">bn:00091493v</annotation>
		<annotation source="MCS" anchor="dire" bfScore="--" coherenceScore="--">bn:00093287v</annotation>
		<annotation source="MCS" anchor="dois" bfScore="--" coherenceScore="--">bn:00091360v</annotation>
		<annotation source="MCS" anchor="obtienne" bfScore="--" coherenceScore="--">bn:00091124v</annotation>
		<annotation source="MCS" anchor="avantage" bfScore="--" coherenceScore="--">bn:00001559n</annotation>
		<annotation source="BABELFY" anchor="tranquillise" bfScore="0.7133757961783439" coherenceScore="0.039603960396039604">bn:00084438v</annotation>
		<annotation source="MCS" anchor="comptant" bfScore="--" coherenceScore="--">bn:00085859v</annotation>
		<annotation source="MCS" anchor="obéissance" bfScore="--" coherenceScore="--">bn:00053114n</annotation>
		<annotation source="MCS" anchor="sachant" bfScore="--" coherenceScore="--">bn:00090142v</annotation>
		<annotation source="MCS" anchor="feras" bfScore="--" coherenceScore="--">bn:00087107v</annotation>
		<annotation source="MCS" anchor="dis" bfScore="--" coherenceScore="--">bn:00093287v</annotation>
		<annotation source="MCS" anchor="prépare" bfScore="--" coherenceScore="--">bn:00088250v</annotation>
		<annotation source="MCS" anchor="logement" bfScore="--" coherenceScore="--">bn:00239107n</annotation>
		<annotation source="BABELFY" anchor="espère" bfScore="0.9379310344827586" coherenceScore="0.13861386138613863">bn:00089472v</annotation>
		<annotation source="MCS" anchor="être" bfScore="--" coherenceScore="--">bn:00083187v</annotation>
		<annotation source="MCS" anchor="rendu" bfScore="--" coherenceScore="--">bn:00092791v</annotation>
		<annotation source="MCS" anchor="captivité" bfScore="--" coherenceScore="--">bn:00015771n</annotation>
		<annotation source="MCS" anchor="salue" bfScore="--" coherenceScore="--">bn:00082703v</annotation>
		<annotation source="MCS" anchor="Marc" bfScore="--" coherenceScore="--">bn:00053348n</annotation>
		<annotation source="MCS" anchor="Aristarque" bfScore="--" coherenceScore="--">bn:13717736n</annotation>
		<annotation source="MCS" anchor="compagnons" bfScore="--" coherenceScore="--">bn:00006532n</annotation>
		<annotation source="MCS" anchor="esprit" bfScore="--" coherenceScore="--">bn:00012681n</annotation>
	</annotations>
</paragraph>
