<?xml version="1.0" encoding="utf-8"?>
<dataset language="FR" title="TIT">
<paragraph id="p.1">
	<text>
		Paul , serviteur de Dieu , et apôtre de Jésus Christ pour la foi des élus de Dieu et la connaissance de la vérité qui est selon la piété , -
		lesquelles reposent sur l ` espérance de la vie éternelle , promise dès les plus anciens temps par le Dieu qui ne ment point ,
		et qui a manifesté sa parole en son temps par la prédication qui m ` a été confiée d ` après l ` ordre de Dieu notre Sauveur , -
		à Tite , mon enfant légitime en notre commune foi : que la grâce et la paix te soient données de la part de Dieu le Père et de Jésus Christ notre Sauveur !
		Je t ` ai laissé en Crète , afin que tu mettes en ordre ce qui reste à régler , et que , selon mes instructions , tu établisses des anciens dans chaque ville ,
		s ` il s ` y trouve quelque homme irréprochable , mari d ` une seul femme , ayant des enfants fidèles , qui ne soient ni accusés de débauche ni rebelles .
		Car il faut que l ` évêque soit irréprochable , comme économe de Dieu ; qu ` il ne soit ni arrogant , ni colère , ni adonné au vin , ni violent , ni porté à un gain déshonnête ;
		mais qu ` il soit hospitalier , ami des gens de bien , modéré , juste , saint , tempérant ,
		attaché à la vraie parole telle qu ` elle a été enseignée , afin d ` être capable d ` exhorter selon la saine doctrine et de réfuter les contradicteurs .
		Il y a , en effet , surtout parmi les circoncis , beaucoup de gens rebelles , de vains discoureurs et de séducteurs ,
		auxquels il faut fermer la bouche . Ils bouleversent des familles entières , enseignant pour un gain honteux ce qu ` on ne doit pas enseigner .
		L ` un d ` entre eux , leur propre prophète , a dit : Crétois toujours menteurs , méchantes bêtes , ventres paresseux .
		Ce témoignage est vrai . C ` est pourquoi reprends - les sévèrement , afin qu ` ils aient une foi saine ,
		et qu ` ils ne s ` attachent pas à des fables judaïques et à des commandements d ` hommes qui se détournent de la vérité .
		Tout est pur pour ceux qui sont purs ; mais rien n ` est pur pour ceux qui sont souillées et incrédules , leur intelligence et leur conscience sont souillés .
		Ils font profession de connaître Dieu , mais ils le renient par leurs oeuvres , étant abominables , rebelles , et incapables d ` aucune bonne oeuvre .
	</text>
	<annotations>
		<annotation source="BABELFY" anchor="Paul" bfScore="0.9647160068846816" coherenceScore="0.3333333333333333">bn:00004984n</annotation>
		<annotation source="MCS" anchor="serviteur" bfScore="--" coherenceScore="--">bn:00070680n</annotation>
		<annotation source="BABELFY" anchor="serviteur de Dieu" bfScore="1.0" coherenceScore="0.12429378531073447">bn:01187666n</annotation>
		<annotation source="BABELFY" anchor="Dieu" bfScore="0.7728806508274013" coherenceScore="0.8022598870056498">bn:00040878n</annotation>
		<annotation source="BABELFY" anchor="apôtre" bfScore="0.7521727679747169" coherenceScore="0.23728813559322035">bn:00004982n</annotation>
		<annotation source="BABELFY" anchor="Jésus" bfScore="0.8629154475204441" coherenceScore="0.7401129943502824">bn:00018805n</annotation>
		<annotation source="BABELFY" anchor="Jésus Christ" bfScore="1.0" coherenceScore="0.7457627118644068">bn:00018805n</annotation>
		<annotation source="BABELFY" anchor="Christ" bfScore="0.9983084152071764" coherenceScore="0.7401129943502824">bn:00018805n</annotation>
		<annotation source="BABELFY" anchor="foi" bfScore="0.8488110468963692" coherenceScore="0.8361581920903954">bn:00032768n</annotation>
		<annotation source="MCS" anchor="élus" bfScore="--" coherenceScore="--">bn:00030112n</annotation>
		<annotation source="MCS" anchor="connaissance" bfScore="--" coherenceScore="--">bn:00020452n</annotation>
		<annotation source="BABELFY" anchor="vérité" bfScore="0.8762621059138677" coherenceScore="0.3559322033898305">bn:00072816n</annotation>
		<annotation source="MCS" anchor="est" bfScore="--" coherenceScore="--">bn:00083187v</annotation>
		<annotation source="MCS" anchor="piété" bfScore="--" coherenceScore="--">bn:00062339n</annotation>
		<annotation source="MCS" anchor="reposent" bfScore="--" coherenceScore="--">bn:00092903v</annotation>
		<annotation source="MCS" anchor="espérance" bfScore="--" coherenceScore="--">bn:00044740n</annotation>
		<annotation source="BABELFY" anchor="vie" bfScore="0.8078182294394971" coherenceScore="0.4124293785310734">bn:00051054n</annotation>
		<annotation source="MCS" anchor="vie éternelle" bfScore="--" coherenceScore="--">bn:02659563n</annotation>
		<annotation source="MCS" anchor="éternelle" bfScore="--" coherenceScore="--">bn:00096562a</annotation>
		<annotation source="MCS" anchor="promise" bfScore="--" coherenceScore="--">bn:00091749v</annotation>
		<annotation source="BABELFY" anchor="plus" bfScore="0.8185538881309686" coherenceScore="0.11299435028248588">bn:00114303r</annotation>
		<annotation source="MCS" anchor="anciens" bfScore="--" coherenceScore="--">bn:00107787a</annotation>
		<annotation source="MCS" anchor="temps" bfScore="--" coherenceScore="--">bn:00077270n</annotation>
		<annotation source="BABELFY" anchor="ment" bfScore="0.9468599033816425" coherenceScore="0.15819209039548024">bn:00090324v</annotation>
		<annotation source="MCS" anchor="manifesté" bfScore="--" coherenceScore="--">bn:00092106v</annotation>
		<annotation source="MCS" anchor="parole" bfScore="--" coherenceScore="--">bn:00049911n</annotation>
		<annotation source="MCS" anchor="prédication" bfScore="--" coherenceScore="--">bn:04772898n</annotation>
		<annotation source="MCS" anchor="été" bfScore="--" coherenceScore="--">bn:00083187v</annotation>
		<annotation source="BABELFY" anchor="confiée" bfScore="0.8733459357277883" coherenceScore="0.1864406779661017">bn:00087695v</annotation>
		<annotation source="MCS" anchor="ordre" bfScore="--" coherenceScore="--">bn:00059303n</annotation>
		<annotation source="BABELFY" anchor="Sauveur" bfScore="1.0" coherenceScore="0.14689265536723164">bn:00026062n</annotation>
		<annotation source="MCS" anchor="enfant" bfScore="--" coherenceScore="--">bn:00018346n</annotation>
		<annotation source="BABELFY" anchor="enfant légitime" bfScore="1.0" coherenceScore="0.1016949152542373">bn:14795598n</annotation>
		<annotation source="BABELFY" anchor="légitime" bfScore="0.7272727272727273" coherenceScore="0.04519774011299435">bn:00105787a</annotation>
		<annotation source="MCS" anchor="commune" bfScore="--" coherenceScore="--">bn:00100091a</annotation>
		<annotation source="MCS" anchor="grâce" bfScore="--" coherenceScore="--">bn:00041227n</annotation>
		<annotation source="MCS" anchor="paix" bfScore="--" coherenceScore="--">bn:00061149n</annotation>
		<annotation source="MCS" anchor="soient" bfScore="--" coherenceScore="--">bn:00083187v</annotation>
		<annotation source="MCS" anchor="données" bfScore="--" coherenceScore="--">bn:00088815v</annotation>
		<annotation source="MCS" anchor="part" bfScore="--" coherenceScore="--">bn:00060766n</annotation>
		<annotation source="BABELFY" anchor="Dieu le Père" bfScore="0.9853512705530643" coherenceScore="0.1807909604519774">bn:03137478n</annotation>
		<annotation source="MCS" anchor="Père" bfScore="--" coherenceScore="--">bn:00009616n</annotation>
		<annotation source="MCS" anchor="ai" bfScore="--" coherenceScore="--">bn:00088733v</annotation>
		<annotation source="MCS" anchor="laissé" bfScore="--" coherenceScore="--">bn:00090271v</annotation>
		<annotation source="BABELFY" anchor="Crète" bfScore="0.9221183800623053" coherenceScore="0.1807909604519774">bn:00023770n</annotation>
		<annotation source="MCS" anchor="mettes" bfScore="--" coherenceScore="--">bn:00090224v</annotation>
		<annotation source="MCS" anchor="reste" bfScore="--" coherenceScore="--">bn:00085719v</annotation>
		<annotation source="MCS" anchor="régler" bfScore="--" coherenceScore="--">bn:00095228v</annotation>
		<annotation source="MCS" anchor="instructions" bfScore="--" coherenceScore="--">bn:00020945n</annotation>
		<annotation source="MCS" anchor="établisses" bfScore="--" coherenceScore="--">bn:00086567v</annotation>
		<annotation source="MCS" anchor="anciens" bfScore="--" coherenceScore="--">bn:00035948n</annotation>
		<annotation source="MCS" anchor="ville" bfScore="--" coherenceScore="--">bn:00077773n</annotation>
		<annotation source="MCS" anchor="trouve" bfScore="--" coherenceScore="--">bn:00084231v</annotation>
		<annotation source="MCS" anchor="homme" bfScore="--" coherenceScore="--">bn:00044576n</annotation>
		<annotation source="MCS" anchor="irréprochable" bfScore="--" coherenceScore="--">bn:00098519a</annotation>
		<annotation source="MCS" anchor="mari" bfScore="--" coherenceScore="--">bn:00045106n</annotation>
		<annotation source="MCS" anchor="seul" bfScore="--" coherenceScore="--">bn:00096872a</annotation>
		<annotation source="BABELFY" anchor="femme" bfScore="0.8175528334903756" coherenceScore="0.5875706214689266">bn:00001530n</annotation>
		<annotation source="MCS" anchor="ayant" bfScore="--" coherenceScore="--">bn:00088733v</annotation>
		<annotation source="MCS" anchor="enfants" bfScore="--" coherenceScore="--">bn:00018346n</annotation>
		<annotation source="MCS" anchor="fidèles" bfScore="--" coherenceScore="--">bn:00102728a</annotation>
		<annotation source="MCS" anchor="accusés" bfScore="--" coherenceScore="--">bn:00082249v</annotation>
		<annotation source="MCS" anchor="débauche" bfScore="--" coherenceScore="--">bn:00007690n</annotation>
		<annotation source="MCS" anchor="évêque" bfScore="--" coherenceScore="--">bn:00010715n</annotation>
		<annotation source="MCS" anchor="soit" bfScore="--" coherenceScore="--">bn:00083187v</annotation>
		<annotation source="BABELFY" anchor="comme" bfScore="0.927536231884058" coherenceScore="0.0903954802259887">bn:00117263r</annotation>
		<annotation source="MCS" anchor="économe" bfScore="--" coherenceScore="--">bn:00111890a</annotation>
		<annotation source="BABELFY" anchor="arrogant" bfScore="0.9486166007905138" coherenceScore="0.0847457627118644">bn:00097526a</annotation>
		<annotation source="MCS" anchor="colère" bfScore="--" coherenceScore="--">bn:00004085n</annotation>
		<annotation source="BABELFY" anchor="vin" bfScore="0.9898028552005439" coherenceScore="0.15819209039548024">bn:00080022n</annotation>
		<annotation source="MCS" anchor="violent" bfScore="--" coherenceScore="--">bn:00113616a</annotation>
		<annotation source="MCS" anchor="porté" bfScore="--" coherenceScore="--">bn:00089252v</annotation>
		<annotation source="MCS" anchor="gain" bfScore="--" coherenceScore="--">bn:00003664n</annotation>
		<annotation source="BABELFY" anchor="hospitalier" bfScore="0.72" coherenceScore="0.11864406779661017">bn:00104342a</annotation>
		<annotation source="MCS" anchor="ami" bfScore="--" coherenceScore="--">bn:00036538n</annotation>
		<annotation source="MCS" anchor="gens" bfScore="--" coherenceScore="--">bn:00037747n</annotation>
		<annotation source="MCS" anchor="bien" bfScore="--" coherenceScore="--">bn:00115530r</annotation>
		<annotation source="MCS" anchor="modéré" bfScore="--" coherenceScore="--">bn:00082525v</annotation>
		<annotation source="MCS" anchor="juste" bfScore="--" coherenceScore="--">bn:00102719a</annotation>
		<annotation source="MCS" anchor="saint" bfScore="--" coherenceScore="--">bn:00110031a</annotation>
		<annotation source="BABELFY" anchor="tempérant" bfScore="0.7777777777777778" coherenceScore="0.07909604519774012">bn:00096210a</annotation>
		<annotation source="MCS" anchor="attaché" bfScore="--" coherenceScore="--">bn:00083424v</annotation>
		<annotation source="MCS" anchor="vraie" bfScore="--" coherenceScore="--">bn:00112146a</annotation>
		<annotation source="BABELFY" anchor="enseignée" bfScore="0.8073394495412844" coherenceScore="0.192090395480226">bn:00089791v</annotation>
		<annotation source="MCS" anchor="être" bfScore="--" coherenceScore="--">bn:00158524n</annotation>
		<annotation source="MCS" anchor="capable" bfScore="--" coherenceScore="--">bn:00096449a</annotation>
		<annotation source="MCS" anchor="exhorter" bfScore="--" coherenceScore="--">bn:00087843v</annotation>
		<annotation source="MCS" anchor="saine" bfScore="--" coherenceScore="--">bn:00104025a</annotation>
		<annotation source="MCS" anchor="doctrine" bfScore="--" coherenceScore="--">bn:00028013n</annotation>
		<annotation source="MCS" anchor="réfuter" bfScore="--" coherenceScore="--">bn:00092473v</annotation>
		<annotation source="MCS" anchor="effet" bfScore="--" coherenceScore="--">bn:00029871n</annotation>
		<annotation source="MCS" anchor="surtout" bfScore="--" coherenceScore="--">bn:00114082r</annotation>
		<annotation source="BABELFY" anchor="circoncis" bfScore="1.0" coherenceScore="0.22598870056497175">bn:00019205n</annotation>
		<annotation source="MCS" anchor="beaucoup" bfScore="--" coherenceScore="--">bn:00114047r</annotation>
		<annotation source="MCS" anchor="rebelles" bfScore="--" coherenceScore="--">bn:00100400a</annotation>
		<annotation source="BABELFY" anchor="vains" bfScore="0.815347721822542" coherenceScore="0.1694915254237288">bn:00100184a</annotation>
		<annotation source="MCS" anchor="séducteurs" bfScore="--" coherenceScore="--">bn:00049657n</annotation>
		<annotation source="BABELFY" anchor="fermer" bfScore="0.7749077490774908" coherenceScore="0.1694915254237288">bn:00090430v</annotation>
		<annotation source="MCS" anchor="bouche" bfScore="--" coherenceScore="--">bn:00056135n</annotation>
		<annotation source="BABELFY" anchor="familles" bfScore="0.7414317302377004" coherenceScore="0.4915254237288136">bn:00032893n</annotation>
		<annotation source="MCS" anchor="entières" bfScore="--" coherenceScore="--">bn:00103393a</annotation>
		<annotation source="BABELFY" anchor="enseignant" bfScore="0.8073394495412844" coherenceScore="0.192090395480226">bn:00089791v</annotation>
		<annotation source="MCS" anchor="honteux" bfScore="--" coherenceScore="--">bn:00098491a</annotation>
		<annotation source="MCS" anchor="doit" bfScore="--" coherenceScore="--">bn:00091360v</annotation>
		<annotation source="BABELFY" anchor="enseigner" bfScore="0.8073394495412844" coherenceScore="0.192090395480226">bn:00089791v</annotation>
		<annotation source="MCS" anchor="propre" bfScore="--" coherenceScore="--">bn:00099776a</annotation>
		<annotation source="MCS" anchor="prophète" bfScore="--" coherenceScore="--">bn:00064759n</annotation>
		<annotation source="MCS" anchor="dit" bfScore="--" coherenceScore="--">bn:00093287v</annotation>
		<annotation source="MCS" anchor="Crétois" bfScore="--" coherenceScore="--">bn:13623227a</annotation>
		<annotation source="BABELFY" anchor="toujours" bfScore="0.8344827586206897" coherenceScore="0.12429378531073447">bn:00117139r</annotation>
		<annotation source="BABELFY" anchor="menteurs" bfScore="0.7272727272727273" coherenceScore="0.04519774011299435">bn:00106594a</annotation>
		<annotation source="MCS" anchor="méchantes" bfScore="--" coherenceScore="--">bn:00113857a</annotation>
		<annotation source="BABELFY" anchor="bêtes" bfScore="0.8812997769990443" coherenceScore="0.5875706214689266">bn:00004222n</annotation>
		<annotation source="MCS" anchor="ventres" bfScore="--" coherenceScore="--">bn:00054843n</annotation>
		<annotation source="BABELFY" anchor="paresseux" bfScore="1.0" coherenceScore="0.11864406779661017">bn:00102713a</annotation>
		<annotation source="MCS" anchor="témoignage" bfScore="--" coherenceScore="--">bn:00076677n</annotation>
		<annotation source="MCS" anchor="vrai" bfScore="--" coherenceScore="--">bn:00112146a</annotation>
		<annotation source="BABELFY" anchor="pourquoi" bfScore="1.0" coherenceScore="0.011299435028248588">bn:00114822r</annotation>
		<annotation source="MCS" anchor="reprends" bfScore="--" coherenceScore="--">bn:00092413v</annotation>
		<annotation source="BABELFY" anchor="sévèrement" bfScore="0.8571428571428571" coherenceScore="0.03389830508474576">bn:00114485r</annotation>
		<annotation source="MCS" anchor="aient" bfScore="--" coherenceScore="--">bn:00088733v</annotation>
		<annotation source="MCS" anchor="attachent" bfScore="--" coherenceScore="--">bn:00083424v</annotation>
		<annotation source="BABELFY" anchor="judaïques" bfScore="1.0" coherenceScore="0.11299435028248588">bn:00105531a</annotation>
		<annotation source="MCS" anchor="commandements" bfScore="--" coherenceScore="--">bn:00020960n</annotation>
		<annotation source="MCS" anchor="hommes" bfScore="--" coherenceScore="--">bn:00044576n</annotation>
		<annotation source="MCS" anchor="détournent" bfScore="--" coherenceScore="--">bn:00082954v</annotation>
		<annotation source="MCS" anchor="pur" bfScore="--" coherenceScore="--">bn:00109244a</annotation>
		<annotation source="MCS" anchor="sont" bfScore="--" coherenceScore="--">bn:00083187v</annotation>
		<annotation source="MCS" anchor="purs" bfScore="--" coherenceScore="--">bn:00109244a</annotation>
		<annotation source="MCS" anchor="rien" bfScore="--" coherenceScore="--">bn:00116378r</annotation>
		<annotation source="BABELFY" anchor="souillées" bfScore="1.0" coherenceScore="0.005649717514124294">bn:00083350v</annotation>
		<annotation source="BABELFY" anchor="incrédules" bfScore="1.0" coherenceScore="0.05649717514124294">bn:00104892a</annotation>
		<annotation source="BABELFY" anchor="intelligence" bfScore="0.8321707884168252" coherenceScore="0.3502824858757062">bn:00047025n</annotation>
		<annotation source="BABELFY" anchor="conscience" bfScore="0.8277446026642168" coherenceScore="0.5988700564971752">bn:00007498n</annotation>
		<annotation source="BABELFY" anchor="souillés" bfScore="1.0" coherenceScore="0.005649717514124294">bn:00083350v</annotation>
		<annotation source="MCS" anchor="font" bfScore="--" coherenceScore="--">bn:00087107v</annotation>
		<annotation source="MCS" anchor="profession" bfScore="--" coherenceScore="--">bn:00064607n</annotation>
		<annotation source="MCS" anchor="connaître" bfScore="--" coherenceScore="--">bn:00082272v</annotation>
		<annotation source="MCS" anchor="renient" bfScore="--" coherenceScore="--">bn:00092723v</annotation>
		<annotation source="MCS" anchor="oeuvres" bfScore="--" coherenceScore="--">bn:00011767n</annotation>
		<annotation source="MCS" anchor="étant" bfScore="--" coherenceScore="--">bn:00083187v</annotation>
		<annotation source="MCS" anchor="abominables" bfScore="--" coherenceScore="--">bn:00096165a</annotation>
		<annotation source="MCS" anchor="incapables" bfScore="--" coherenceScore="--">bn:00112254a</annotation>
		<annotation source="MCS" anchor="bonne" bfScore="--" coherenceScore="--">bn:00103672a</annotation>
		<annotation source="BABELFY" anchor="oeuvre" bfScore="0.942869540063639" coherenceScore="0.5988700564971752">bn:00017339n</annotation>
	</annotations>
</paragraph>
<paragraph id="p.2">
	<text>
		Pour toi , dis les choses qui sont conformes à la saine doctrine .
		Dis que les vieillards doivent être sobres , honnêtes , modérés , sains dans la foi , dans la charité , dans la patience .
		Dis que les femmes âgées doivent aussi avoir l ` extérieur qui convient à la sainteté , n ` être ni médisantes , ni adonnées au vin ; qu ` elles doivent donner de bonnes instructions ,
		dans le but d ` apprendre aux jeunes femmes à aimer leurs maris et leurs enfants ,
		à être retenues , chastes , occupées aux soins domestiques , bonnes , soumises à leurs maris , afin que la parole de Dieu ne soit pas blasphémée .
		Exhorte de même les jeunes gens à être modérés ,
		te montrant toi - même à tous égards un modèle de bonnes oeuvres , et donnant un enseignement pur , digne ,
		une parole saine , irréprochable , afin que l ` adversaire soit confus , n ` ayant aucun mal à dire de nous .
		Exhorte les serviteurs à être soumis à leurs maîtres , à leur plaire en toutes choses , à n ` être point contredisants ,
		à ne rien dérober , mais à montrer toujours une parfaite fidélité , afin de faire honorer en tout la doctrine de Dieu notre Sauveur .
		Car la grâce de Dieu , source de salut pour tous les hommes , a été manifestée .
		Elle nous enseigne à renoncer à l ` impiété et aux convoitises mondaines , et à vivre dans le siècle présent selon la sagesse , la justice et la piété ,
		en attendant la bienheureuse espérance , et la manifestation de la gloire du grand Dieu et de notre Sauveur Jésus Christ ,
		qui s ` est donné lui - même pour nous , afin de nous racheter de toute iniquité , et de se faire un peuple qui lui appartienne , purifié par lui et zélé pour les bonnes oeuvres .
		Dis ces choses , exhorte , et reprends , avec une pleine autorité . Que personne ne te méprise .
	</text>
	<annotations>
		<annotation source="MCS" anchor="dis" bfScore="--" coherenceScore="--">bn:00093287v</annotation>
		<annotation source="MCS" anchor="choses" bfScore="--" coherenceScore="--">bn:00076925n</annotation>
		<annotation source="MCS" anchor="sont" bfScore="--" coherenceScore="--">bn:00083187v</annotation>
		<annotation source="BABELFY" anchor="conformes" bfScore="1.0" coherenceScore="0.07746478873239436">bn:00100270a</annotation>
		<annotation source="MCS" anchor="saine" bfScore="--" coherenceScore="--">bn:00104025a</annotation>
		<annotation source="MCS" anchor="doctrine" bfScore="--" coherenceScore="--">bn:00028013n</annotation>
		<annotation source="MCS" anchor="Dis" bfScore="--" coherenceScore="--">bn:00093287v</annotation>
		<annotation source="MCS" anchor="vieillards" bfScore="--" coherenceScore="--">bn:00041536n</annotation>
		<annotation source="MCS" anchor="doivent" bfScore="--" coherenceScore="--">bn:00091360v</annotation>
		<annotation source="MCS" anchor="être" bfScore="--" coherenceScore="--">bn:00083187v</annotation>
		<annotation source="MCS" anchor="sobres" bfScore="--" coherenceScore="--">bn:00110837a</annotation>
		<annotation source="MCS" anchor="honnêtes" bfScore="--" coherenceScore="--">bn:00104302a</annotation>
		<annotation source="MCS" anchor="modérés" bfScore="--" coherenceScore="--">bn:00082525v</annotation>
		<annotation source="MCS" anchor="sains" bfScore="--" coherenceScore="--">bn:00104025a</annotation>
		<annotation source="BABELFY" anchor="foi" bfScore="0.8285270734346333" coherenceScore="0.8380281690140845">bn:00032768n</annotation>
		<annotation source="MCS" anchor="charité" bfScore="--" coherenceScore="--">bn:00013380n</annotation>
		<annotation source="BABELFY" anchor="patience" bfScore="0.7781413612565445" coherenceScore="0.20422535211267606">bn:14629457n</annotation>
		<annotation source="BABELFY" anchor="femmes" bfScore="0.8188824662813102" coherenceScore="0.5985915492957746">bn:00001530n</annotation>
		<annotation source="BABELFY" anchor="âgées" bfScore="0.9493670886075949" coherenceScore="0.06338028169014084">bn:00107786a</annotation>
		<annotation source="MCS" anchor="aussi" bfScore="--" coherenceScore="--">bn:00114246r</annotation>
		<annotation source="MCS" anchor="avoir" bfScore="--" coherenceScore="--">bn:00088733v</annotation>
		<annotation source="MCS" anchor="extérieur" bfScore="--" coherenceScore="--">bn:00032429n</annotation>
		<annotation source="MCS" anchor="sainteté" bfScore="--" coherenceScore="--">bn:00044420n</annotation>
		<annotation source="BABELFY" anchor="vin" bfScore="0.991430454845089" coherenceScore="0.22535211267605634">bn:00080022n</annotation>
		<annotation source="MCS" anchor="donner" bfScore="--" coherenceScore="--">bn:00088815v</annotation>
		<annotation source="MCS" anchor="bonnes" bfScore="--" coherenceScore="--">bn:00103672a</annotation>
		<annotation source="MCS" anchor="instructions" bfScore="--" coherenceScore="--">bn:00020945n</annotation>
		<annotation source="MCS" anchor="but" bfScore="--" coherenceScore="--">bn:00014202n</annotation>
		<annotation source="MCS" anchor="apprendre" bfScore="--" coherenceScore="--">bn:00082281v</annotation>
		<annotation source="MCS" anchor="jeunes" bfScore="--" coherenceScore="--">bn:00104589a</annotation>
		<annotation source="MCS" anchor="aimer" bfScore="--" coherenceScore="--">bn:00090504v</annotation>
		<annotation source="MCS" anchor="maris" bfScore="--" coherenceScore="--">bn:00045106n</annotation>
		<annotation source="MCS" anchor="enfants" bfScore="--" coherenceScore="--">bn:00018346n</annotation>
		<annotation source="MCS" anchor="retenues" bfScore="--" coherenceScore="--">bn:00089400v</annotation>
		<annotation source="MCS" anchor="chastes" bfScore="--" coherenceScore="--">bn:00099552a</annotation>
		<annotation source="MCS" anchor="occupées" bfScore="--" coherenceScore="--">bn:00090437v</annotation>
		<annotation source="MCS" anchor="soins" bfScore="--" coherenceScore="--">bn:00043361n</annotation>
		<annotation source="MCS" anchor="domestiques" bfScore="--" coherenceScore="--">bn:00101681a</annotation>
		<annotation source="MCS" anchor="soumises" bfScore="--" coherenceScore="--">bn:00094538v</annotation>
		<annotation source="BABELFY" anchor="parole" bfScore="0.7031722901020065" coherenceScore="0.3591549295774648">bn:00049911n</annotation>
		<annotation source="BABELFY" anchor="parole de Dieu" bfScore="1.0" coherenceScore="0.34507042253521125">bn:00051877n</annotation>
		<annotation source="BABELFY" anchor="Dieu" bfScore="0.8296834972316337" coherenceScore="0.8450704225352113">bn:00040878n</annotation>
		<annotation source="MCS" anchor="soit" bfScore="--" coherenceScore="--">bn:00083187v</annotation>
		<annotation source="MCS" anchor="blasphémée" bfScore="--" coherenceScore="--">bn:00083561v</annotation>
		<annotation source="MCS" anchor="Exhorte" bfScore="--" coherenceScore="--">bn:00087843v</annotation>
		<annotation source="MCS" anchor="gens" bfScore="--" coherenceScore="--">bn:00037747n</annotation>
		<annotation source="MCS" anchor="montrant" bfScore="--" coherenceScore="--">bn:00086557v</annotation>
		<annotation source="MCS" anchor="égards" bfScore="--" coherenceScore="--">bn:04845262n</annotation>
		<annotation source="MCS" anchor="modèle" bfScore="--" coherenceScore="--">bn:00036197n</annotation>
		<annotation source="MCS" anchor="oeuvres" bfScore="--" coherenceScore="--">bn:00011767n</annotation>
		<annotation source="MCS" anchor="donnant" bfScore="--" coherenceScore="--">bn:00088815v</annotation>
		<annotation source="MCS" anchor="enseignement" bfScore="--" coherenceScore="--">bn:00046956n</annotation>
		<annotation source="MCS" anchor="pur" bfScore="--" coherenceScore="--">bn:00109244a</annotation>
		<annotation source="BABELFY" anchor="digne" bfScore="0.812448132780083" coherenceScore="0.2323943661971831">bn:00113948a</annotation>
		<annotation source="BABELFY" anchor="irréprochable" bfScore="1.0" coherenceScore="0.014084507042253521">bn:00102842a</annotation>
		<annotation source="MCS" anchor="adversaire" bfScore="--" coherenceScore="--">bn:03666488n</annotation>
		<annotation source="BABELFY" anchor="confus" bfScore="0.9" coherenceScore="0.02112676056338028">bn:00100253a</annotation>
		<annotation source="MCS" anchor="ayant" bfScore="--" coherenceScore="--">bn:00088733v</annotation>
		<annotation source="MCS" anchor="mal" bfScore="--" coherenceScore="--">bn:00032048n</annotation>
		<annotation source="MCS" anchor="dire" bfScore="--" coherenceScore="--">bn:00093287v</annotation>
		<annotation source="MCS" anchor="serviteurs" bfScore="--" coherenceScore="--">bn:00070680n</annotation>
		<annotation source="MCS" anchor="soumis" bfScore="--" coherenceScore="--">bn:00094538v</annotation>
		<annotation source="MCS" anchor="maîtres" bfScore="--" coherenceScore="--">bn:00060052n</annotation>
		<annotation source="BABELFY" anchor="plaire" bfScore="0.8709677419354839" coherenceScore="0.1267605633802817">bn:00082687v</annotation>
		<annotation source="MCS" anchor="rien" bfScore="--" coherenceScore="--">bn:00116378r</annotation>
		<annotation source="BABELFY" anchor="dérober" bfScore="0.7741935483870968" coherenceScore="0.07042253521126761">bn:00082181v</annotation>
		<annotation source="MCS" anchor="montrer" bfScore="--" coherenceScore="--">bn:00086557v</annotation>
		<annotation source="MCS" anchor="toujours" bfScore="--" coherenceScore="--">bn:00114251r</annotation>
		<annotation source="MCS" anchor="parfaite" bfScore="--" coherenceScore="--">bn:00108442a</annotation>
		<annotation source="MCS" anchor="fidélité" bfScore="--" coherenceScore="--">bn:00002820n</annotation>
		<annotation source="MCS" anchor="faire" bfScore="--" coherenceScore="--">bn:00087107v</annotation>
		<annotation source="MCS" anchor="honorer" bfScore="--" coherenceScore="--">bn:00089449v</annotation>
		<annotation source="BABELFY" anchor="Sauveur" bfScore="1.0" coherenceScore="0.11971830985915492">bn:00026062n</annotation>
		<annotation source="MCS" anchor="grâce" bfScore="--" coherenceScore="--">bn:00041227n</annotation>
		<annotation source="MCS" anchor="source" bfScore="--" coherenceScore="--">bn:00040284n</annotation>
		<annotation source="MCS" anchor="salut" bfScore="--" coherenceScore="--">bn:00066712n</annotation>
		<annotation source="MCS" anchor="hommes" bfScore="--" coherenceScore="--">bn:00044576n</annotation>
		<annotation source="MCS" anchor="été" bfScore="--" coherenceScore="--">bn:00083187v</annotation>
		<annotation source="MCS" anchor="manifestée" bfScore="--" coherenceScore="--">bn:00092106v</annotation>
		<annotation source="BABELFY" anchor="enseigne" bfScore="0.8299136069114471" coherenceScore="0.20422535211267606">bn:00089791v</annotation>
		<annotation source="MCS" anchor="renoncer" bfScore="--" coherenceScore="--">bn:00088546v</annotation>
		<annotation source="MCS" anchor="impiété" bfScore="--" coherenceScore="--">bn:00064605n</annotation>
		<annotation source="BABELFY" anchor="convoitises" bfScore="1.0" coherenceScore="0.06338028169014084">bn:00041632n</annotation>
		<annotation source="MCS" anchor="mondaines" bfScore="--" coherenceScore="--">bn:00110266a</annotation>
		<annotation source="MCS" anchor="vivre" bfScore="--" coherenceScore="--">bn:00087617v</annotation>
		<annotation source="MCS" anchor="siècle" bfScore="--" coherenceScore="--">bn:00017234n</annotation>
		<annotation source="MCS" anchor="présent" bfScore="--" coherenceScore="--">bn:00108978a</annotation>
		<annotation source="MCS" anchor="sagesse" bfScore="--" coherenceScore="--">bn:00069220n</annotation>
		<annotation source="MCS" anchor="justice" bfScore="--" coherenceScore="--">bn:00048668n</annotation>
		<annotation source="MCS" anchor="piété" bfScore="--" coherenceScore="--">bn:00062339n</annotation>
		<annotation source="MCS" anchor="attendant" bfScore="--" coherenceScore="--">bn:00089401v</annotation>
		<annotation source="MCS" anchor="espérance" bfScore="--" coherenceScore="--">bn:00044740n</annotation>
		<annotation source="MCS" anchor="manifestation" bfScore="--" coherenceScore="--">bn:00026175n</annotation>
		<annotation source="MCS" anchor="gloire" bfScore="--" coherenceScore="--">bn:00016991n</annotation>
		<annotation source="MCS" anchor="grand" bfScore="--" coherenceScore="--">bn:00111630a</annotation>
		<annotation source="BABELFY" anchor="Sauveur Jésus" bfScore="1.0" coherenceScore="0.7464788732394366">bn:00018805n</annotation>
		<annotation source="BABELFY" anchor="Jésus" bfScore="0.9364198847877107" coherenceScore="0.7394366197183099">bn:00018805n</annotation>
		<annotation source="BABELFY" anchor="Jésus Christ" bfScore="1.0" coherenceScore="0.7464788732394366">bn:00018805n</annotation>
		<annotation source="BABELFY" anchor="Christ" bfScore="0.9978171715835428" coherenceScore="0.7394366197183099">bn:00018805n</annotation>
		<annotation source="MCS" anchor="est" bfScore="--" coherenceScore="--">bn:00083187v</annotation>
		<annotation source="MCS" anchor="donné" bfScore="--" coherenceScore="--">bn:00088815v</annotation>
		<annotation source="MCS" anchor="racheter" bfScore="--" coherenceScore="--">bn:00086537v</annotation>
		<annotation source="BABELFY" anchor="iniquité" bfScore="1.0" coherenceScore="0.028169014084507043">bn:01267367n</annotation>
		<annotation source="MCS" anchor="peuple" bfScore="--" coherenceScore="--">bn:00019283n</annotation>
		<annotation source="MCS" anchor="appartienne" bfScore="--" coherenceScore="--">bn:00082702v</annotation>
		<annotation source="MCS" anchor="purifié" bfScore="--" coherenceScore="--">bn:00092184v</annotation>
		<annotation source="BABELFY" anchor="zélé" bfScore="1.0" coherenceScore="0.09859154929577464">bn:00097865a</annotation>
		<annotation source="MCS" anchor="exhorte" bfScore="--" coherenceScore="--">bn:00087843v</annotation>
		<annotation source="MCS" anchor="reprends" bfScore="--" coherenceScore="--">bn:00092413v</annotation>
		<annotation source="MCS" anchor="pleine" bfScore="--" coherenceScore="--">bn:00103391a</annotation>
		<annotation source="MCS" anchor="autorité" bfScore="--" coherenceScore="--">bn:00007293n</annotation>
		<annotation source="BABELFY" anchor="personne" bfScore="0.8888888888888888" coherenceScore="0.014084507042253521">bn:00116349r</annotation>
		<annotation source="MCS" anchor="méprise" bfScore="--" coherenceScore="--">bn:00085702v</annotation>
	</annotations>
</paragraph>
<paragraph id="p.3">
	<text>
		Rappelle - leur d ` être soumis aux magistrats et aux autorités , d ` obéir , d ` être prêts à toute bonne oeuvre ,
		de ne médire de personne , d ` être pacifiques , modérés , pleins de douceur envers tous les hommes .
		Car nous aussi , nous étions autrefois insensés , désobéissants , égarés , asservis à toute espèce de convoitises et de voluptés , vivant dans la méchanceté et dans l ` envie , dignes d ` être haïs , et nous haïssant les uns les autres .
		Mais , lorsque la bonté de Dieu notre Sauveur et son amour pour les hommes ont été manifestés ,
		il nous a sauvés , non à cause des oeuvres de justice que nous aurions faites , mais selon sa miséricorde , par le baptême de la régénération et le renouvellement du Saint Esprit ,
		qu ` il a répandu sur nous avec abondance par Jésus Christ notre Sauveur ,
		afin que , justifiés par sa grâce , nous devenions , en espérance , héritiers de la vie éternelle .
		Cette parole est certaine , et je veux que tu affirmes ces choses , afin que ceux qui ont cru en Dieu s ` appliquent à pratiquer de bonnes oeuvres .
		Voilà ce qui est bon et utile aux hommes . Mais évite les discussions folles , les généalogies , les querelles , les disputes relatives à la loi ; car elles sont inutiles et vaines .
		Éloigne de toi , après un premier et un second avertissement , celui qui provoque des divisions ,
		sachant qu ` un homme de cette espèce est perverti , et qu ` il pèche , en se condamnant lui - même .
		Lorsque je t ` enverrai Artémas ou Tychique , hâte - toi de venir me rejoindre à Nicopolis ; car c ` est là que j ` ai résolu de passer l ` hiver .
		Aie soin de pourvoir au voyage de Zénas , le docteur de la loi , et d ` Apollos , en sorte que rien ne leur manque .
		Il faut que les nôtres aussi apprennent à pratiquer de bonnes oeuvres pour subvenir aux besoins pressants , afin qu ` ils ne soient pas sans produire des fruits .
		Tous ceux qui sont avec moi te saluent . Salue ceux qui nous aiment dans la foi . Que la grâce soit avec vous tous !
	</text>
	<annotations>
		<annotation source="MCS" anchor="être" bfScore="--" coherenceScore="--">bn:00083187v</annotation>
		<annotation source="MCS" anchor="soumis" bfScore="--" coherenceScore="--">bn:00094538v</annotation>
		<annotation source="MCS" anchor="magistrats" bfScore="--" coherenceScore="--">bn:00052701n</annotation>
		<annotation source="MCS" anchor="autorités" bfScore="--" coherenceScore="--">bn:00007293n</annotation>
		<annotation source="MCS" anchor="obéir" bfScore="--" coherenceScore="--">bn:00091112v</annotation>
		<annotation source="MCS" anchor="être" bfScore="--" coherenceScore="--">bn:00158524n</annotation>
		<annotation source="BABELFY" anchor="prêts" bfScore="0.9009463722397476" coherenceScore="0.23448275862068965">bn:00113877a</annotation>
		<annotation source="MCS" anchor="bonne" bfScore="--" coherenceScore="--">bn:00103672a</annotation>
		<annotation source="MCS" anchor="oeuvre" bfScore="--" coherenceScore="--">bn:00011767n</annotation>
		<annotation source="BABELFY" anchor="personne" bfScore="0.9925326386334032" coherenceScore="0.8551724137931035">bn:00046516n</annotation>
		<annotation source="MCS" anchor="pacifiques" bfScore="--" coherenceScore="--">bn:00108157a</annotation>
		<annotation source="MCS" anchor="modérés" bfScore="--" coherenceScore="--">bn:00082525v</annotation>
		<annotation source="MCS" anchor="pleins" bfScore="--" coherenceScore="--">bn:00103391a</annotation>
		<annotation source="MCS" anchor="douceur" bfScore="--" coherenceScore="--">bn:00050667n</annotation>
		<annotation source="MCS" anchor="hommes" bfScore="--" coherenceScore="--">bn:00044576n</annotation>
		<annotation source="MCS" anchor="aussi" bfScore="--" coherenceScore="--">bn:00114246r</annotation>
		<annotation source="MCS" anchor="étions" bfScore="--" coherenceScore="--">bn:00083187v</annotation>
		<annotation source="MCS" anchor="autrefois" bfScore="--" coherenceScore="--">bn:00114423r</annotation>
		<annotation source="MCS" anchor="insensés" bfScore="--" coherenceScore="--">bn:00103179a</annotation>
		<annotation source="MCS" anchor="désobéissants" bfScore="--" coherenceScore="--">bn:00101546a</annotation>
		<annotation source="MCS" anchor="égarés" bfScore="--" coherenceScore="--">bn:00090836v</annotation>
		<annotation source="BABELFY" anchor="asservis" bfScore="1.0" coherenceScore="0.006896551724137931">bn:00087668v</annotation>
		<annotation source="BABELFY" anchor="espèce" bfScore="0.9477049180327869" coherenceScore="0.32413793103448274">bn:00073210n</annotation>
		<annotation source="BABELFY" anchor="convoitises" bfScore="1.0" coherenceScore="0.07586206896551724">bn:00041632n</annotation>
		<annotation source="MCS" anchor="voluptés" bfScore="--" coherenceScore="--">bn:00070525n</annotation>
		<annotation source="MCS" anchor="vivant" bfScore="--" coherenceScore="--">bn:00087617v</annotation>
		<annotation source="MCS" anchor="méchanceté" bfScore="--" coherenceScore="--">bn:00013515n</annotation>
		<annotation source="MCS" anchor="envie" bfScore="--" coherenceScore="--">bn:00042872n</annotation>
		<annotation source="BABELFY" anchor="dignes" bfScore="0.7916006339144216" coherenceScore="0.18620689655172415">bn:00113948a</annotation>
		<annotation source="BABELFY" anchor="haïs" bfScore="1.0" coherenceScore="0.1310344827586207">bn:00086717v</annotation>
		<annotation source="BABELFY" anchor="haïssant" bfScore="1.0" coherenceScore="0.1310344827586207">bn:00086717v</annotation>
		<annotation source="BABELFY" anchor="uns" bfScore="1.0" coherenceScore="0.020689655172413793">bn:03296580n</annotation>
		<annotation source="MCS" anchor="autres" bfScore="--" coherenceScore="--">bn:00101268a</annotation>
		<annotation source="MCS" anchor="bonté" bfScore="--" coherenceScore="--">bn:00052146n</annotation>
		<annotation source="BABELFY" anchor="bonté de Dieu" bfScore="1.0" coherenceScore="0.23448275862068965">bn:14271057n</annotation>
		<annotation source="BABELFY" anchor="Dieu" bfScore="0.817924947997451" coherenceScore="0.7793103448275862">bn:00040878n</annotation>
		<annotation source="BABELFY" anchor="Sauveur" bfScore="1.0" coherenceScore="0.14482758620689656">bn:00026062n</annotation>
		<annotation source="BABELFY" anchor="amour" bfScore="0.7706643832166423" coherenceScore="0.6206896551724138">bn:00052121n</annotation>
		<annotation source="MCS" anchor="ont" bfScore="--" coherenceScore="--">bn:00088733v</annotation>
		<annotation source="MCS" anchor="été" bfScore="--" coherenceScore="--">bn:00083187v</annotation>
		<annotation source="MCS" anchor="manifestés" bfScore="--" coherenceScore="--">bn:00092106v</annotation>
		<annotation source="MCS" anchor="sauvés" bfScore="--" coherenceScore="--">bn:00086533v</annotation>
		<annotation source="MCS" anchor="non" bfScore="--" coherenceScore="--">bn:00116350r</annotation>
		<annotation source="MCS" anchor="cause" bfScore="--" coherenceScore="--">bn:00015051n</annotation>
		<annotation source="MCS" anchor="oeuvres" bfScore="--" coherenceScore="--">bn:00011767n</annotation>
		<annotation source="MCS" anchor="justice" bfScore="--" coherenceScore="--">bn:00048668n</annotation>
		<annotation source="MCS" anchor="aurions" bfScore="--" coherenceScore="--">bn:00088733v</annotation>
		<annotation source="MCS" anchor="faites" bfScore="--" coherenceScore="--">bn:00087107v</annotation>
		<annotation source="MCS" anchor="miséricorde" bfScore="--" coherenceScore="--">bn:00307854n</annotation>
		<annotation source="BABELFY" anchor="baptême" bfScore="0.9343878148799063" coherenceScore="0.2">bn:00008455n</annotation>
		<annotation source="MCS" anchor="régénération" bfScore="--" coherenceScore="--">bn:00066871n</annotation>
		<annotation source="MCS" anchor="renouvellement" bfScore="--" coherenceScore="--">bn:01643383n</annotation>
		<annotation source="MCS" anchor="Saint" bfScore="--" coherenceScore="--">bn:00053896n</annotation>
		<annotation source="BABELFY" anchor="Saint Esprit" bfScore="0.945487860742098" coherenceScore="0.41379310344827586">bn:00645230n</annotation>
		<annotation source="MCS" anchor="Esprit" bfScore="--" coherenceScore="--">bn:00012681n</annotation>
		<annotation source="MCS" anchor="répandu" bfScore="--" coherenceScore="--">bn:00084119v</annotation>
		<annotation source="MCS" anchor="abondance" bfScore="--" coherenceScore="--">bn:00000517n</annotation>
		<annotation source="BABELFY" anchor="Jésus" bfScore="0.935983299991302" coherenceScore="0.7034482758620689">bn:00018805n</annotation>
		<annotation source="BABELFY" anchor="Jésus Christ" bfScore="1.0" coherenceScore="0.7103448275862069">bn:00018805n</annotation>
		<annotation source="BABELFY" anchor="Christ" bfScore="0.9954233409610984" coherenceScore="0.7034482758620689">bn:00018805n</annotation>
		<annotation source="MCS" anchor="justifiés" bfScore="--" coherenceScore="--">bn:00090024v</annotation>
		<annotation source="MCS" anchor="grâce" bfScore="--" coherenceScore="--">bn:00041227n</annotation>
		<annotation source="MCS" anchor="devenions" bfScore="--" coherenceScore="--">bn:00083294v</annotation>
		<annotation source="MCS" anchor="espérance" bfScore="--" coherenceScore="--">bn:00044740n</annotation>
		<annotation source="MCS" anchor="héritiers" bfScore="--" coherenceScore="--">bn:00043555n</annotation>
		<annotation source="BABELFY" anchor="vie" bfScore="0.7128388668900396" coherenceScore="0.5103448275862069">bn:00051054n</annotation>
		<annotation source="MCS" anchor="vie éternelle" bfScore="--" coherenceScore="--">bn:02659563n</annotation>
		<annotation source="BABELFY" anchor="éternelle" bfScore="0.927536231884058" coherenceScore="0.05517241379310345">bn:00096562a</annotation>
		<annotation source="BABELFY" anchor="parole" bfScore="0.7948304898586805" coherenceScore="0.4482758620689655">bn:00049911n</annotation>
		<annotation source="MCS" anchor="est" bfScore="--" coherenceScore="--">bn:00083187v</annotation>
		<annotation source="MCS" anchor="certaine" bfScore="--" coherenceScore="--">bn:00099475a</annotation>
		<annotation source="MCS" anchor="veux" bfScore="--" coherenceScore="--">bn:00086682v</annotation>
		<annotation source="MCS" anchor="affirmes" bfScore="--" coherenceScore="--">bn:00082848v</annotation>
		<annotation source="MCS" anchor="choses" bfScore="--" coherenceScore="--">bn:00076925n</annotation>
		<annotation source="MCS" anchor="cru" bfScore="--" coherenceScore="--">bn:00083369v</annotation>
		<annotation source="MCS" anchor="appliquent" bfScore="--" coherenceScore="--">bn:00084595v</annotation>
		<annotation source="MCS" anchor="pratiquer" bfScore="--" coherenceScore="--">bn:00082711v</annotation>
		<annotation source="MCS" anchor="bonnes" bfScore="--" coherenceScore="--">bn:00103672a</annotation>
		<annotation source="MCS" anchor="bon" bfScore="--" coherenceScore="--">bn:00103672a</annotation>
		<annotation source="MCS" anchor="utile" bfScore="--" coherenceScore="--">bn:00104094a</annotation>
		<annotation source="MCS" anchor="évite" bfScore="--" coherenceScore="--">bn:00082954v</annotation>
		<annotation source="MCS" anchor="discussions" bfScore="--" coherenceScore="--">bn:00027544n</annotation>
		<annotation source="BABELFY" anchor="généalogies" bfScore="0.97804283003524" coherenceScore="0.2827586206896552">bn:00033524n</annotation>
		<annotation source="MCS" anchor="querelles" bfScore="--" coherenceScore="--">bn:00010243n</annotation>
		<annotation source="MCS" anchor="disputes" bfScore="--" coherenceScore="--">bn:00022267n</annotation>
		<annotation source="MCS" anchor="relatives" bfScore="--" coherenceScore="--">bn:00100122a</annotation>
		<annotation source="MCS" anchor="loi" bfScore="--" coherenceScore="--">bn:00050249n</annotation>
		<annotation source="MCS" anchor="sont" bfScore="--" coherenceScore="--">bn:00083187v</annotation>
		<annotation source="MCS" anchor="inutiles" bfScore="--" coherenceScore="--">bn:00112990a</annotation>
		<annotation source="MCS" anchor="vaines" bfScore="--" coherenceScore="--">bn:00100184a</annotation>
		<annotation source="BABELFY" anchor="Éloigne" bfScore="0.868421052631579" coherenceScore="0.13793103448275862">bn:00082131v</annotation>
		<annotation source="MCS" anchor="avertissement" bfScore="--" coherenceScore="--">bn:00001469n</annotation>
		<annotation source="MCS" anchor="provoque" bfScore="--" coherenceScore="--">bn:00082408v</annotation>
		<annotation source="MCS" anchor="divisions" bfScore="--" coherenceScore="--">bn:00027917n</annotation>
		<annotation source="MCS" anchor="sachant" bfScore="--" coherenceScore="--">bn:00090142v</annotation>
		<annotation source="MCS" anchor="homme" bfScore="--" coherenceScore="--">bn:00044576n</annotation>
		<annotation source="BABELFY" anchor="pèche" bfScore="0.7843137254901961" coherenceScore="0.09655172413793103">bn:00093756v</annotation>
		<annotation source="MCS" anchor="condamnant" bfScore="--" coherenceScore="--">bn:00085548v</annotation>
		<annotation source="MCS" anchor="enverrai" bfScore="--" coherenceScore="--">bn:00093485v</annotation>
		<annotation source="MCS" anchor="hâte" bfScore="--" coherenceScore="--">bn:13694211v</annotation>
		<annotation source="MCS" anchor="venir" bfScore="--" coherenceScore="--">bn:00085322v</annotation>
		<annotation source="MCS" anchor="rejoindre" bfScore="--" coherenceScore="--">bn:00092458v</annotation>
		<annotation source="BABELFY" anchor="Nicopolis" bfScore="1.0" coherenceScore="0.020689655172413793">bn:14358442n</annotation>
		<annotation source="MCS" anchor="là" bfScore="--" coherenceScore="--">bn:00114427r</annotation>
		<annotation source="MCS" anchor="ai" bfScore="--" coherenceScore="--">bn:00088733v</annotation>
		<annotation source="MCS" anchor="résolu" bfScore="--" coherenceScore="--">bn:00088162v</annotation>
		<annotation source="MCS" anchor="passer" bfScore="--" coherenceScore="--">bn:00091458v</annotation>
		<annotation source="MCS" anchor="hiver" bfScore="--" coherenceScore="--">bn:00081370n</annotation>
		<annotation source="MCS" anchor="Aie" bfScore="--" coherenceScore="--">bn:00088733v</annotation>
		<annotation source="MCS" anchor="soin" bfScore="--" coherenceScore="--">bn:00016014n</annotation>
		<annotation source="MCS" anchor="voyage" bfScore="--" coherenceScore="--">bn:00048463n</annotation>
		<annotation source="MCS" anchor="docteur" bfScore="--" coherenceScore="--">bn:00027995n</annotation>
		<annotation source="BABELFY" anchor="Apollos" bfScore="1.0" coherenceScore="0.06206896551724138">bn:02042135n</annotation>
		<annotation source="MCS" anchor="sorte" bfScore="--" coherenceScore="--">bn:00035907n</annotation>
		<annotation source="MCS" anchor="rien" bfScore="--" coherenceScore="--">bn:00116378r</annotation>
		<annotation source="BABELFY" anchor="manque" bfScore="0.7356547327121138" coherenceScore="0.3103448275862069">bn:00025913n</annotation>
		<annotation source="MCS" anchor="apprennent" bfScore="--" coherenceScore="--">bn:00082281v</annotation>
		<annotation source="MCS" anchor="besoins" bfScore="--" coherenceScore="--">bn:00057164n</annotation>
		<annotation source="BABELFY" anchor="pressants" bfScore="1.0" coherenceScore="0.10344827586206896">bn:00108988a</annotation>
		<annotation source="MCS" anchor="soient" bfScore="--" coherenceScore="--">bn:00083187v</annotation>
		<annotation source="MCS" anchor="produire" bfScore="--" coherenceScore="--">bn:00086013v</annotation>
		<annotation source="MCS" anchor="fruits" bfScore="--" coherenceScore="--">bn:00036686n</annotation>
		<annotation source="MCS" anchor="saluent" bfScore="--" coherenceScore="--">bn:00082703v</annotation>
		<annotation source="MCS" anchor="Salue" bfScore="--" coherenceScore="--">bn:00082703v</annotation>
		<annotation source="MCS" anchor="aiment" bfScore="--" coherenceScore="--">bn:00090504v</annotation>
		<annotation source="BABELFY" anchor="foi" bfScore="0.8179944626017445" coherenceScore="0.8137931034482758">bn:00032768n</annotation>
		<annotation source="BABELFY" anchor="tous" bfScore="1.0" coherenceScore="0.027586206896551724">bn:00002165n</annotation>
	</annotations>
</paragraph>
</dataset>
