<?xml version="1.0" encoding="utf-8"?>
<dataset language="EN" title="1JO">
<paragraph id="p.1">
	<text>
		That which was from the beginning , which we have heard , which we have seen with our eyes , which we have looked upon , and our hands have handled , of the Word of life ;
		( For the life was manifested , and we have seen it , and bear witness , and shew unto you that eternal life , which was with the Father , and was manifested unto us ; )
		That which we have seen and heard declare we unto you , that ye also may have fellowship with us : and truly our fellowship is with the Father , and with his Son Jesus Christ .
		And these things write we unto you , that your joy may be full .
		This then is the message which we have heard of him , and declare unto you , that God is light , and in him is no darkness at all .
		If we say that we have fellowship with him , and walk in darkness , we lie , and do not the truth :
		But if we walk in the light , as he is in the light , we have fellowship one with another , and the blood of Jesus Christ his Son cleanseth us from all sin .
		If we say that we have no sin , we deceive ourselves , and the truth is not in us .
		If we confess our sins , he is faithful and just to forgive us our sins , and to cleanse us from all unrighteousness .
		If we say that we have not sinned , we make him a liar , and his word is not in us .
	</text>
	<annotations>
		<annotation source="MCS" anchor="beginning" bfScore="--" coherenceScore="--">bn:00009632n</annotation>
		<annotation source="MCS" anchor="heard" bfScore="--" coherenceScore="--">bn:00089277v</annotation>
		<annotation source="BABELFY" anchor="eyes" bfScore="0.8391608391608392" coherenceScore="0.2916666666666667">bn:00032512n</annotation>
		<annotation source="MCS" anchor="looked" bfScore="--" coherenceScore="--">bn:00090448v</annotation>
		<annotation source="BABELFY" anchor="looked upon" bfScore="1.0" coherenceScore="0.1111111111111111">bn:00087737v</annotation>
		<annotation source="MCS" anchor="hands" bfScore="--" coherenceScore="--">bn:00042759n</annotation>
		<annotation source="BABELFY" anchor="handled" bfScore="0.8311688311688312" coherenceScore="0.1111111111111111">bn:00089172v</annotation>
		<annotation source="MCS" anchor="Word" bfScore="--" coherenceScore="--">bn:00081546n</annotation>
		<annotation source="MCS" anchor="life" bfScore="--" coherenceScore="--">bn:00051045n</annotation>
		<annotation source="BABELFY" anchor="manifested" bfScore="1.0" coherenceScore="0.041666666666666664">bn:00082913v</annotation>
		<annotation source="BABELFY" anchor="bear" bfScore="0.9795918367346939" coherenceScore="0.1111111111111111">bn:00009342n</annotation>
		<annotation source="BABELFY" anchor="bear witness" bfScore="1.0" coherenceScore="0.013888888888888888">bn:14907350n</annotation>
		<annotation source="MCS" anchor="witness" bfScore="--" coherenceScore="--">bn:00046703n</annotation>
		<annotation source="BABELFY" anchor="shew" bfScore="1.0" coherenceScore="0.027777777777777776">bn:00086567v</annotation>
		<annotation source="BABELFY" anchor="eternal" bfScore="1.0" coherenceScore="0.027777777777777776">bn:00102212a</annotation>
		<annotation source="MCS" anchor="eternal life" bfScore="--" coherenceScore="--">bn:00031685n</annotation>
		<annotation source="MCS" anchor="Father" bfScore="--" coherenceScore="--">bn:00009616n</annotation>
		<annotation source="BABELFY" anchor="declare" bfScore="0.75" coherenceScore="0.09722222222222222">bn:00086380v</annotation>
		<annotation source="MCS" anchor="fellowship" bfScore="--" coherenceScore="--">bn:00032897n</annotation>
		<annotation source="MCS" anchor="truly" bfScore="--" coherenceScore="--">bn:00115504r</annotation>
		<annotation source="BABELFY" anchor="Son" bfScore="0.8045714285714286" coherenceScore="0.2222222222222222">bn:00051877n</annotation>
		<annotation source="BABELFY" anchor="Jesus" bfScore="0.8173753736380291" coherenceScore="0.6805555555555556">bn:00018805n</annotation>
		<annotation source="BABELFY" anchor="Jesus Christ" bfScore="0.9786804308797128" coherenceScore="0.6805555555555556">bn:00018805n</annotation>
		<annotation source="BABELFY" anchor="Christ" bfScore="0.9763593380614657" coherenceScore="0.6805555555555556">bn:00018805n</annotation>
		<annotation source="BABELFY" anchor="things" bfScore="0.8588957055214724" coherenceScore="0.1388888888888889">bn:00006125n</annotation>
		<annotation source="MCS" anchor="write" bfScore="--" coherenceScore="--">bn:00085489v</annotation>
		<annotation source="MCS" anchor="joy" bfScore="--" coherenceScore="--">bn:00048468n</annotation>
		<annotation source="BABELFY" anchor="full" bfScore="0.8181818181818182" coherenceScore="0.041666666666666664">bn:00103394a</annotation>
		<annotation source="BABELFY" anchor="message" bfScore="0.75" coherenceScore="0.125">bn:00022154n</annotation>
		<annotation source="MCS" anchor="heard of" bfScore="--" coherenceScore="--">bn:13712849v</annotation>
		<annotation source="MCS" anchor="light" bfScore="--" coherenceScore="--">bn:00105937a</annotation>
		<annotation source="MCS" anchor="darkness" bfScore="--" coherenceScore="--">bn:00025233n</annotation>
		<annotation source="MCS" anchor="walk" bfScore="--" coherenceScore="--">bn:00095597v</annotation>
		<annotation source="BABELFY" anchor="walk in" bfScore="1.0" coherenceScore="0.027777777777777776">bn:00095609v</annotation>
		<annotation source="BABELFY" anchor="lie" bfScore="0.9850746268656716" coherenceScore="0.25">bn:00090324v</annotation>
		<annotation source="BABELFY" anchor="truth" bfScore="0.7388215628917677" coherenceScore="0.4722222222222222">bn:00072816n</annotation>
		<annotation source="MCS" anchor="light" bfScore="--" coherenceScore="--">bn:00051108n</annotation>
		<annotation source="MCS" anchor="blood" bfScore="--" coherenceScore="--">bn:00011346n</annotation>
		<annotation source="BABELFY" anchor="blood of Jesus" bfScore="1.0" coherenceScore="0.125">bn:03536010n</annotation>
		<annotation source="BABELFY" anchor="blood of Jesus Christ" bfScore="0.8545994065281899" coherenceScore="0.2222222222222222">bn:03312732n</annotation>
		<annotation source="BABELFY" anchor="sin" bfScore="0.8074570346635596" coherenceScore="0.4583333333333333">bn:00071707n</annotation>
		<annotation source="BABELFY" anchor="deceive" bfScore="0.8198757763975155" coherenceScore="0.1527777777777778">bn:00083460v</annotation>
		<annotation source="BABELFY" anchor="truth is" bfScore="1.0" coherenceScore="0.041666666666666664">bn:16788385n</annotation>
		<annotation source="BABELFY" anchor="confess" bfScore="0.9473684210526315" coherenceScore="0.25">bn:00085576v</annotation>
		<annotation source="BABELFY" anchor="sins" bfScore="0.7799662352279122" coherenceScore="0.4583333333333333">bn:00071707n</annotation>
		<annotation source="MCS" anchor="faithful" bfScore="--" coherenceScore="--">bn:00102728a</annotation>
		<annotation source="MCS" anchor="forgive" bfScore="--" coherenceScore="--">bn:00088483v</annotation>
		<annotation source="BABELFY" anchor="forgive us our sins" bfScore="1.0" coherenceScore="0.125">bn:03449045n</annotation>
		<annotation source="BABELFY" anchor="cleanse" bfScore="0.9746835443037974" coherenceScore="0.09722222222222222">bn:00085076v</annotation>
		<annotation source="BABELFY" anchor="unrighteousness" bfScore="1.0" coherenceScore="0.18055555555555555">bn:00079203n</annotation>
		<annotation source="BABELFY" anchor="sinned" bfScore="0.9715302491103203" coherenceScore="0.18055555555555555">bn:00093756v</annotation>
		<annotation source="BABELFY" anchor="liar" bfScore="0.8267090620031796" coherenceScore="0.2777777777777778">bn:00050928n</annotation>
		<annotation source="MCS" anchor="word" bfScore="--" coherenceScore="--">bn:00081546n</annotation>
	</annotations>
</paragraph>
<paragraph id="p.2">
	<text>
		My little children , these things write I unto you , that ye sin not . And if any man sin , we have an advocate with the Father , Jesus Christ the righteous :
		And he is the propitiation for our sins : and not for ours only , but also for the sins of the whole world .
		And hereby we do know that we know him , if we keep his commandments .
		He that saith , I know him , and keepeth not his commandments , is a liar , and the truth is not in him .
		But whoso keepeth his word , in him verily is the love of God perfected : hereby know we that we are in him .
		He that saith he abideth in him ought himself also so to walk , even as he walked .
		Brethren , I write no new commandment unto you , but an old commandment which ye had from the beginning . The old commandment is the word which ye have heard from the beginning .
		Again , a new commandment I write unto you , which thing is true in him and in you : because the darkness is past , and the true light now shineth .
		He that saith he is in the light , and hateth his brother , is in darkness even until now .
		He that loveth his brother abideth in the light , and there is none occasion of stumbling in him .
		But he that hateth his brother is in darkness , and walketh in darkness , and knoweth not whither he goeth , because that darkness hath blinded his eyes .
		I write unto you , little children , because your sins are forgiven you for his name&amp;apos;s sake .
		I write unto you , fathers , because ye have known him that is from the beginning . I write unto you , young men , because ye have overcome the wicked one . I write unto you , little children , because ye have known the Father .
		I have written unto you , fathers , because ye have known him that is from the beginning . I have written unto you , young men , because ye are strong , and the word of God abideth in you , and ye have overcome the wicked one .
		Love not the world , neither the things that are in the world . If any man love the world , the love of the Father is not in him .
		For all that is in the world , the lust of the flesh , and the lust of the eyes , and the pride of life , is not of the Father , but is of the world .
		And the world passeth away , and the lust thereof : but he that doeth the will of God abideth for ever .
		Little children , it is the last time : and as ye have heard that antichrist shall come , even now are there many antichrists ; whereby we know that it is the last time .
		They went out from us , but they were not of us ; for if they had been of us , they would no doubt have continued with us : but they went out , that they might be made manifest that they were not all of us .
		But ye have an unction from the Holy One , and ye know all things .
		I have not written unto you because ye know not the truth , but because ye know it , and that no lie is of the truth .
		Who is a liar but he that denieth that Jesus is the Christ ? He is antichrist , that denieth the Father and the Son .
		Whosoever denieth the Son , the same hath not the Father : ( but ) he that acknowledgeth the Son hath the Father also .
		Let that therefore abide in you , which ye have heard from the beginning . If that which ye have heard from the beginning shall remain in you , ye also shall continue in the Son , and in the Father .
		And this is the promise that he hath promised us , even eternal life .
		These things have I written unto you concerning them that seduce you .
		But the anointing which ye have received of him abideth in you , and ye need not that any man teach you : but as the same anointing teacheth you of all things , and is truth , and is no lie , and even as it hath taught you , ye shall abide in him .
		And now , little children , abide in him ; that , when he shall appear , we may have confidence , and not be ashamed before him at his coming .
		If ye know that he is righteous , ye know that every one that doeth righteousness is born of him .
	</text>
	<annotations>
		<annotation source="BABELFY" anchor="children" bfScore="0.7916615633343949" coherenceScore="0.576530612244898">bn:00018346n</annotation>
		<annotation source="BABELFY" anchor="things" bfScore="0.9363580998781973" coherenceScore="0.20918367346938777">bn:00006125n</annotation>
		<annotation source="MCS" anchor="write" bfScore="--" coherenceScore="--">bn:00085489v</annotation>
		<annotation source="BABELFY" anchor="sin" bfScore="0.927235841081995" coherenceScore="0.5051020408163265">bn:00071707n</annotation>
		<annotation source="MCS" anchor="man" bfScore="--" coherenceScore="--">bn:00001533n</annotation>
		<annotation source="BABELFY" anchor="advocate" bfScore="0.8509354254677127" coherenceScore="0.23979591836734693">bn:00054392n</annotation>
		<annotation source="MCS" anchor="Father" bfScore="--" coherenceScore="--">bn:00009616n</annotation>
		<annotation source="BABELFY" anchor="Jesus" bfScore="0.8759636304186527" coherenceScore="0.7193877551020408">bn:00018805n</annotation>
		<annotation source="BABELFY" anchor="Jesus Christ" bfScore="0.984810872217781" coherenceScore="0.7193877551020408">bn:00018805n</annotation>
		<annotation source="BABELFY" anchor="Christ" bfScore="0.9934645155802546" coherenceScore="0.7193877551020408">bn:00018805n</annotation>
		<annotation source="BABELFY" anchor="righteous" bfScore="1.0" coherenceScore="0.22448979591836735">bn:14362002n</annotation>
		<annotation source="BABELFY" anchor="propitiation" bfScore="1.0" coherenceScore="0.18877551020408162">bn:00006945n</annotation>
		<annotation source="BABELFY" anchor="sins" bfScore="0.920234899328859" coherenceScore="0.5051020408163265">bn:00071707n</annotation>
		<annotation source="MCS" anchor="world" bfScore="--" coherenceScore="--">bn:00022991n</annotation>
		<annotation source="MCS" anchor="keep" bfScore="--" coherenceScore="--">bn:00089384v</annotation>
		<annotation source="MCS" anchor="commandments" bfScore="--" coherenceScore="--">bn:00020960n</annotation>
		<annotation source="MCS" anchor="saith" bfScore="--" coherenceScore="--">bn:00093287v</annotation>
		<annotation source="BABELFY" anchor="liar" bfScore="0.8870668316831684" coherenceScore="0.23979591836734693">bn:00050928n</annotation>
		<annotation source="BABELFY" anchor="truth" bfScore="0.8021825184551193" coherenceScore="0.46938775510204084">bn:00072816n</annotation>
		<annotation source="BABELFY" anchor="truth is" bfScore="1.0" coherenceScore="0.01020408163265306">bn:16788385n</annotation>
		<annotation source="MCS" anchor="word" bfScore="--" coherenceScore="--">bn:00081546n</annotation>
		<annotation source="BABELFY" anchor="verily" bfScore="1.0" coherenceScore="0.04081632653061224">bn:00117557r</annotation>
		<annotation source="BABELFY" anchor="love" bfScore="0.7218229585079358" coherenceScore="0.5561224489795918">bn:00052121n</annotation>
		<annotation source="BABELFY" anchor="love of God" bfScore="0.7986577181208053" coherenceScore="0.2602040816326531">bn:00570277n</annotation>
		<annotation source="MCS" anchor="perfected" bfScore="--" coherenceScore="--">bn:00089443v</annotation>
		<annotation source="MCS" anchor="walk" bfScore="--" coherenceScore="--">bn:00095597v</annotation>
		<annotation source="MCS" anchor="walked" bfScore="--" coherenceScore="--">bn:00095597v</annotation>
		<annotation source="MCS" anchor="Brethren" bfScore="--" coherenceScore="--">bn:00013012n</annotation>
		<annotation source="MCS" anchor="new" bfScore="--" coherenceScore="--">bn:00107267a</annotation>
		<annotation source="BABELFY" anchor="new commandment" bfScore="1.0" coherenceScore="0.1377551020408163">bn:00704759n</annotation>
		<annotation source="MCS" anchor="commandment" bfScore="--" coherenceScore="--">bn:00020960n</annotation>
		<annotation source="MCS" anchor="old" bfScore="--" coherenceScore="--">bn:00107786a</annotation>
		<annotation source="MCS" anchor="beginning" bfScore="--" coherenceScore="--">bn:00009632n</annotation>
		<annotation source="MCS" anchor="heard" bfScore="--" coherenceScore="--">bn:00089277v</annotation>
		<annotation source="MCS" anchor="true" bfScore="--" coherenceScore="--">bn:00112146a</annotation>
		<annotation source="MCS" anchor="darkness" bfScore="--" coherenceScore="--">bn:00025233n</annotation>
		<annotation source="BABELFY" anchor="past" bfScore="0.7233273056057866" coherenceScore="0.10204081632653061">bn:00108321a</annotation>
		<annotation source="MCS" anchor="light" bfScore="--" coherenceScore="--">bn:00051108n</annotation>
		<annotation source="MCS" anchor="brother" bfScore="--" coherenceScore="--">bn:00011357n</annotation>
		<annotation source="MCS" anchor="loveth" bfScore="--" coherenceScore="--">bn:13729784n</annotation>
		<annotation source="BABELFY" anchor="occasion" bfScore="0.963302752293578" coherenceScore="0.17857142857142858">bn:00001736n</annotation>
		<annotation source="MCS" anchor="stumbling" bfScore="--" coherenceScore="--">bn:00084228v</annotation>
		<annotation source="BABELFY" anchor="brother is" bfScore="1.0" coherenceScore="0.0663265306122449">bn:02629275n</annotation>
		<annotation source="MCS" anchor="blinded" bfScore="--" coherenceScore="--">bn:00083604v</annotation>
		<annotation source="BABELFY" anchor="eyes" bfScore="0.8439181916038752" coherenceScore="0.2857142857142857">bn:00032512n</annotation>
		<annotation source="BABELFY" anchor="forgiven" bfScore="1.0" coherenceScore="0.01020408163265306">bn:00088483v</annotation>
		<annotation source="BABELFY" anchor="sake" bfScore="0.9615384615384616" coherenceScore="0.025510204081632654">bn:00067720n</annotation>
		<annotation source="MCS" anchor="fathers" bfScore="--" coherenceScore="--">bn:00009616n</annotation>
		<annotation source="MCS" anchor="known" bfScore="--" coherenceScore="--">bn:00085261v</annotation>
		<annotation source="MCS" anchor="young" bfScore="--" coherenceScore="--">bn:00104589a</annotation>
		<annotation source="BABELFY" anchor="young men" bfScore="0.8808933002481389" coherenceScore="0.25510204081632654">bn:00009419n</annotation>
		<annotation source="MCS" anchor="men" bfScore="--" coherenceScore="--">bn:00001533n</annotation>
		<annotation source="MCS" anchor="overcome" bfScore="--" coherenceScore="--">bn:00086448v</annotation>
		<annotation source="MCS" anchor="wicked" bfScore="--" coherenceScore="--">bn:00113857a</annotation>
		<annotation source="MCS" anchor="written" bfScore="--" coherenceScore="--">bn:00085489v</annotation>
		<annotation source="MCS" anchor="strong" bfScore="--" coherenceScore="--">bn:00111312a</annotation>
		<annotation source="BABELFY" anchor="word of God" bfScore="0.9488077151727327" coherenceScore="0.6428571428571429">bn:00010217n</annotation>
		<annotation source="MCS" anchor="Love" bfScore="--" coherenceScore="--">bn:00090504v</annotation>
		<annotation source="BABELFY" anchor="things that are" bfScore="1.0" coherenceScore="0.030612244897959183">bn:01246537n</annotation>
		<annotation source="MCS" anchor="love" bfScore="--" coherenceScore="--">bn:00090504v</annotation>
		<annotation source="BABELFY" anchor="love the world" bfScore="1.0" coherenceScore="0.05102040816326531">bn:01013107n</annotation>
		<annotation source="MCS" anchor="lust" bfScore="--" coherenceScore="--">bn:00050478n</annotation>
		<annotation source="MCS" anchor="flesh" bfScore="--" coherenceScore="--">bn:00035182n</annotation>
		<annotation source="BABELFY" anchor="pride" bfScore="0.779568159845311" coherenceScore="0.3010204081632653">bn:00064338n</annotation>
		<annotation source="MCS" anchor="life" bfScore="--" coherenceScore="--">bn:00051045n</annotation>
		<annotation source="BABELFY" anchor="last time" bfScore="1.0" coherenceScore="0.05102040816326531">bn:02811170n</annotation>
		<annotation source="BABELFY" anchor="time" bfScore="0.8883388648253361" coherenceScore="0.42857142857142855">bn:00077270n</annotation>
		<annotation source="BABELFY" anchor="doubt" bfScore="0.9201520912547528" coherenceScore="0.11224489795918367">bn:00087189v</annotation>
		<annotation source="MCS" anchor="continued" bfScore="--" coherenceScore="--">bn:00085714v</annotation>
		<annotation source="BABELFY" anchor="manifest" bfScore="1.0" coherenceScore="0.04591836734693878">bn:00097350a</annotation>
		<annotation source="BABELFY" anchor="unction" bfScore="0.9220849005910801" coherenceScore="0.1989795918367347">bn:00047314n</annotation>
		<annotation source="MCS" anchor="Holy" bfScore="--" coherenceScore="--">bn:00044465n</annotation>
		<annotation source="MCS" anchor="lie" bfScore="--" coherenceScore="--">bn:00051016n</annotation>
		<annotation source="BABELFY" anchor="Son" bfScore="0.8718806635996097" coherenceScore="0.3010204081632653">bn:00051877n</annotation>
		<annotation source="BABELFY" anchor="Whosoever" bfScore="1.0" coherenceScore="0.02040816326530612">bn:03288509n</annotation>
		<annotation source="MCS" anchor="abide" bfScore="--" coherenceScore="--">bn:00082137v</annotation>
		<annotation source="MCS" anchor="remain" bfScore="--" coherenceScore="--">bn:00092756v</annotation>
		<annotation source="MCS" anchor="continue" bfScore="--" coherenceScore="--">bn:00085714v</annotation>
		<annotation source="BABELFY" anchor="promise" bfScore="0.7646454265159301" coherenceScore="0.15816326530612246">bn:00064699n</annotation>
		<annotation source="MCS" anchor="promised" bfScore="--" coherenceScore="--">bn:00082881v</annotation>
		<annotation source="BABELFY" anchor="eternal" bfScore="1.0" coherenceScore="0.03571428571428571">bn:00102212a</annotation>
		<annotation source="MCS" anchor="eternal life" bfScore="--" coherenceScore="--">bn:00031685n</annotation>
		<annotation source="BABELFY" anchor="concerning" bfScore="0.7043286867204696" coherenceScore="0.20408163265306123">bn:00083240v</annotation>
		<annotation source="BABELFY" anchor="seduce" bfScore="0.8279569892473119" coherenceScore="0.14285714285714285">bn:00093429v</annotation>
		<annotation source="BABELFY" anchor="anointing" bfScore="1.0" coherenceScore="0.10714285714285714">bn:00082609v</annotation>
		<annotation source="MCS" anchor="received" bfScore="--" coherenceScore="--">bn:00089246v</annotation>
		<annotation source="BABELFY" anchor="need" bfScore="0.9554140127388535" coherenceScore="0.15306122448979592">bn:00091028v</annotation>
		<annotation source="MCS" anchor="need not" bfScore="--" coherenceScore="--">bn:13732269v</annotation>
		<annotation source="BABELFY" anchor="teach" bfScore="0.8662420382165605" coherenceScore="0.17346938775510204">bn:00089791v</annotation>
		<annotation source="BABELFY" anchor="teacheth" bfScore="1.0" coherenceScore="0.29081632653061223">bn:00046958n</annotation>
		<annotation source="BABELFY" anchor="taught" bfScore="0.8662420382165605" coherenceScore="0.17346938775510204">bn:00089791v</annotation>
		<annotation source="MCS" anchor="appear" bfScore="--" coherenceScore="--">bn:00082690v</annotation>
		<annotation source="MCS" anchor="confidence" bfScore="--" coherenceScore="--">bn:00006565n</annotation>
		<annotation source="BABELFY" anchor="ashamed" bfScore="1.0" coherenceScore="0.12244897959183673">bn:00097581a</annotation>
		<annotation source="MCS" anchor="coming" bfScore="--" coherenceScore="--">bn:00085319v</annotation>
		<annotation source="BABELFY" anchor="righteous" bfScore="0.995475113122172" coherenceScore="0.05612244897959184">bn:00109866a</annotation>
		<annotation source="MCS" anchor="righteousness" bfScore="--" coherenceScore="--">bn:00067848n</annotation>
		<annotation source="MCS" anchor="born" bfScore="--" coherenceScore="--">bn:00083221v</annotation>
	</annotations>
</paragraph>
<paragraph id="p.3">
	<text>
		Behold , what manner of love the Father hath bestowed upon us , that we should be called the sons of God : therefore the world knoweth us not , because it knew him not .
		Beloved , now are we the sons of God , and it doth not yet appear what we shall be : but we know that , when he shall appear , we shall be like him ; for we shall see him as he is .
		And every man that hath this hope in him purifieth himself , even as he is pure .
		Whosoever committeth sin transgresseth also the law : for sin is the transgression of the law .
		And ye know that he was manifested to take away our sins ; and in him is no sin .
		Whosoever abideth in him sinneth not : whosoever sinneth hath not seen him , neither known him .
		Little children , let no man deceive you : he that doeth righteousness is righteous , even as he is righteous .
		He that committeth sin is of the devil ; for the devil sinneth from the beginning . For this purpose the Son of God was manifested , that he might destroy the works of the devil .
		Whosoever is born of God doth not commit sin ; for his seed remaineth in him : and he cannot sin , because he is born of God .
		In this the children of God are manifest , and the children of the devil : whosoever doeth not righteousness is not of God , neither he that loveth not his brother .
		For this is the message that ye heard from the beginning , that we should love one another .
		Not as Cain , who was of that wicked one , and slew his brother . And wherefore slew he him ? Because his own works were evil , and his brother&amp;apos;s righteous .
		Marvel not , my brethren , if the world hate you .
		We know that we have passed from death unto life , because we love the brethren . He that loveth not his brother abideth in death .
		Whosoever hateth his brother is a murderer : and ye know that no murderer hath eternal life abiding in him .
		Hereby perceive we the love of God , because he laid down his life for us : and we ought to lay down our lives for the brethren .
		But whoso hath this world&amp;apos;s good , and seeth his brother have need , and shutteth up his bowels of compassion from him , how dwelleth the love of God in him ?
		My little children , let us not love in word , neither in tongue ; but in deed and in truth .
		And hereby we know that we are of the truth , and shall assure our hearts before him .
		For if our heart condemn us , God is greater than our heart , and knoweth all things .
		Beloved , if our heart condemn us not , then have we confidence toward God .
		And whatsoever we ask , we receive of him , because we keep his commandments , and do those things that are pleasing in his sight .
		And this is his commandment , That we should believe on the name of his Son Jesus Christ , and love one another , as he gave us commandment .
		And he that keepeth his commandments dwelleth in him , and he in him . And hereby we know that he abideth in us , by the Spirit which he hath given us .
	</text>
	<annotations>
		<annotation source="MCS" anchor="Behold" bfScore="--" coherenceScore="--">bn:00083356v</annotation>
		<annotation source="MCS" anchor="manner" bfScore="--" coherenceScore="--">bn:00033729n</annotation>
		<annotation source="MCS" anchor="manner of" bfScore="--" coherenceScore="--">bn:00032400n</annotation>
		<annotation source="BABELFY" anchor="love" bfScore="0.7081812325531458" coherenceScore="0.6024844720496895">bn:00052121n</annotation>
		<annotation source="MCS" anchor="Father" bfScore="--" coherenceScore="--">bn:00009616n</annotation>
		<annotation source="BABELFY" anchor="bestowed" bfScore="0.9652406417112299" coherenceScore="0.11801242236024845">bn:00083446v</annotation>
		<annotation source="MCS" anchor="called" bfScore="--" coherenceScore="--">bn:00084385v</annotation>
		<annotation source="BABELFY" anchor="sons" bfScore="0.9300291545189504" coherenceScore="0.36024844720496896">bn:00051877n</annotation>
		<annotation source="BABELFY" anchor="sons of God" bfScore="1.0" coherenceScore="0.22981366459627328">bn:02160876n</annotation>
		<annotation source="MCS" anchor="world" bfScore="--" coherenceScore="--">bn:00022991n</annotation>
		<annotation source="MCS" anchor="knew" bfScore="--" coherenceScore="--">bn:00085261v</annotation>
		<annotation source="BABELFY" anchor="Beloved" bfScore="1.0" coherenceScore="0.06832298136645963">bn:00098224a</annotation>
		<annotation source="MCS" anchor="appear" bfScore="--" coherenceScore="--">bn:00082690v</annotation>
		<annotation source="MCS" anchor="man" bfScore="--" coherenceScore="--">bn:00001533n</annotation>
		<annotation source="MCS" anchor="hope" bfScore="--" coherenceScore="--">bn:00044736n</annotation>
		<annotation source="MCS" anchor="pure" bfScore="--" coherenceScore="--">bn:00109244a</annotation>
		<annotation source="BABELFY" anchor="Whosoever" bfScore="1.0" coherenceScore="0.006211180124223602">bn:03288509n</annotation>
		<annotation source="BABELFY" anchor="sin" bfScore="0.876736416388254" coherenceScore="0.5590062111801242">bn:00071707n</annotation>
		<annotation source="MCS" anchor="law" bfScore="--" coherenceScore="--">bn:00048655n</annotation>
		<annotation source="BABELFY" anchor="transgression" bfScore="0.9788961038961039" coherenceScore="0.2236024844720497">bn:00032054n</annotation>
		<annotation source="MCS" anchor="manifested" bfScore="--" coherenceScore="--">bn:00082913v</annotation>
		<annotation source="MCS" anchor="take away" bfScore="--" coherenceScore="--">bn:00083231v</annotation>
		<annotation source="BABELFY" anchor="sins" bfScore="0.8822904869762175" coherenceScore="0.5590062111801242">bn:00071707n</annotation>
		<annotation source="MCS" anchor="known" bfScore="--" coherenceScore="--">bn:00085261v</annotation>
		<annotation source="BABELFY" anchor="Little children" bfScore="0.7552447552447552" coherenceScore="0.055900621118012424">bn:00271321n</annotation>
		<annotation source="BABELFY" anchor="children" bfScore="0.7817334180970544" coherenceScore="0.577639751552795">bn:00018346n</annotation>
		<annotation source="BABELFY" anchor="deceive" bfScore="0.9283667621776505" coherenceScore="0.11180124223602485">bn:00083460v</annotation>
		<annotation source="BABELFY" anchor="doeth" bfScore="1.0" coherenceScore="0.006211180124223602">bn:03186519n</annotation>
		<annotation source="MCS" anchor="righteousness" bfScore="--" coherenceScore="--">bn:00067848n</annotation>
		<annotation source="BABELFY" anchor="righteous" bfScore="0.984375" coherenceScore="0.11180124223602485">bn:00109866a</annotation>
		<annotation source="MCS" anchor="beginning" bfScore="--" coherenceScore="--">bn:00009632n</annotation>
		<annotation source="BABELFY" anchor="purpose" bfScore="0.9512922465208747" coherenceScore="0.18012422360248448">bn:00002178n</annotation>
		<annotation source="BABELFY" anchor="Son" bfScore="0.9302684621322583" coherenceScore="0.36024844720496896">bn:00051877n</annotation>
		<annotation source="BABELFY" anchor="Son of God" bfScore="0.7028071944864683" coherenceScore="0.22981366459627328">bn:02180469n</annotation>
		<annotation source="BABELFY" anchor="destroy" bfScore="0.7384615384615385" coherenceScore="0.037267080745341616">bn:00086700v</annotation>
		<annotation source="MCS" anchor="works" bfScore="--" coherenceScore="--">bn:00081568n</annotation>
		<annotation source="MCS" anchor="born" bfScore="--" coherenceScore="--">bn:00083221v</annotation>
		<annotation source="MCS" anchor="commit" bfScore="--" coherenceScore="--">bn:00085426v</annotation>
		<annotation source="MCS" anchor="seed" bfScore="--" coherenceScore="--">bn:00070253n</annotation>
		<annotation source="BABELFY" anchor="sin" bfScore="0.9633507853403142" coherenceScore="0.19875776397515527">bn:00093756v</annotation>
		<annotation source="BABELFY" anchor="children of God" bfScore="0.8850045998160073" coherenceScore="0.22981366459627328">bn:03632740n</annotation>
		<annotation source="BABELFY" anchor="manifest" bfScore="1.0" coherenceScore="0.062111801242236024">bn:00097350a</annotation>
		<annotation source="MCS" anchor="loveth" bfScore="--" coherenceScore="--">bn:13729784n</annotation>
		<annotation source="MCS" anchor="brother" bfScore="--" coherenceScore="--">bn:00011357n</annotation>
		<annotation source="BABELFY" anchor="message" bfScore="0.8603351955307262" coherenceScore="0.06832298136645963">bn:00022154n</annotation>
		<annotation source="BABELFY" anchor="heard" bfScore="0.7566765578635015" coherenceScore="0.18633540372670807">bn:00089279v</annotation>
		<annotation source="MCS" anchor="love" bfScore="--" coherenceScore="--">bn:00090504v</annotation>
		<annotation source="MCS" anchor="wicked" bfScore="--" coherenceScore="--">bn:00113857a</annotation>
		<annotation source="BABELFY" anchor="slew" bfScore="0.7896103896103897" coherenceScore="0.09937888198757763">bn:00084236v</annotation>
		<annotation source="MCS" anchor="evil" bfScore="--" coherenceScore="--">bn:00102474a</annotation>
		<annotation source="BABELFY" anchor="righteous" bfScore="1.0" coherenceScore="0.2608695652173913">bn:14362002n</annotation>
		<annotation source="MCS" anchor="Marvel" bfScore="--" coherenceScore="--">bn:00090682v</annotation>
		<annotation source="MCS" anchor="brethren" bfScore="--" coherenceScore="--">bn:00013012n</annotation>
		<annotation source="BABELFY" anchor="hate" bfScore="1.0" coherenceScore="0.21739130434782608">bn:00086717v</annotation>
		<annotation source="MCS" anchor="passed" bfScore="--" coherenceScore="--">bn:00088932v</annotation>
		<annotation source="MCS" anchor="death" bfScore="--" coherenceScore="--">bn:00025582n</annotation>
		<annotation source="BABELFY" anchor="life" bfScore="0.7360941389454628" coherenceScore="0.4720496894409938">bn:00051054n</annotation>
		<annotation source="BABELFY" anchor="brother is" bfScore="1.0" coherenceScore="0.037267080745341616">bn:02629275n</annotation>
		<annotation source="BABELFY" anchor="murderer" bfScore="0.9671592775041051" coherenceScore="0.19254658385093168">bn:00051488n</annotation>
		<annotation source="BABELFY" anchor="eternal" bfScore="1.0" coherenceScore="0.049689440993788817">bn:00102212a</annotation>
		<annotation source="MCS" anchor="eternal life" bfScore="--" coherenceScore="--">bn:00031685n</annotation>
		<annotation source="BABELFY" anchor="abiding" bfScore="0.967828418230563" coherenceScore="0.11801242236024845">bn:00082138v</annotation>
		<annotation source="MCS" anchor="perceive" bfScore="--" coherenceScore="--">bn:00085496v</annotation>
		<annotation source="BABELFY" anchor="love of God" bfScore="0.7507772020725388" coherenceScore="0.2608695652173913">bn:00570277n</annotation>
		<annotation source="MCS" anchor="laid" bfScore="--" coherenceScore="--">bn:00090224v</annotation>
		<annotation source="BABELFY" anchor="laid down" bfScore="1.0" coherenceScore="0.024844720496894408">bn:00087733v</annotation>
		<annotation source="MCS" anchor="lay" bfScore="--" coherenceScore="--">bn:00090224v</annotation>
		<annotation source="BABELFY" anchor="lay down" bfScore="0.8" coherenceScore="0.024844720496894408">bn:00087733v</annotation>
		<annotation source="BABELFY" anchor="lives" bfScore="0.7779212703879084" coherenceScore="0.4720496894409938">bn:00051054n</annotation>
		<annotation source="MCS" anchor="good" bfScore="--" coherenceScore="--">bn:00103672a</annotation>
		<annotation source="MCS" anchor="need" bfScore="--" coherenceScore="--">bn:00026107n</annotation>
		<annotation source="MCS" anchor="bowels" bfScore="--" coherenceScore="--">bn:00012484n</annotation>
		<annotation source="MCS" anchor="compassion" bfScore="--" coherenceScore="--">bn:00021318n</annotation>
		<annotation source="BABELFY" anchor="little children" bfScore="0.7769784172661871" coherenceScore="0.055900621118012424">bn:00271321n</annotation>
		<annotation source="MCS" anchor="word" bfScore="--" coherenceScore="--">bn:00081546n</annotation>
		<annotation source="BABELFY" anchor="tongue" bfScore="0.7768496420047732" coherenceScore="0.13043478260869565">bn:00019439n</annotation>
		<annotation source="BABELFY" anchor="deed" bfScore="0.9361702127659575" coherenceScore="0.2484472049689441">bn:00001077n</annotation>
		<annotation source="BABELFY" anchor="truth" bfScore="0.8183669572965061" coherenceScore="0.4782608695652174">bn:00072816n</annotation>
		<annotation source="MCS" anchor="assure" bfScore="--" coherenceScore="--">bn:00082877v</annotation>
		<annotation source="MCS" anchor="hearts" bfScore="--" coherenceScore="--">bn:00012289n</annotation>
		<annotation source="MCS" anchor="heart" bfScore="--" coherenceScore="--">bn:00012289n</annotation>
		<annotation source="MCS" anchor="condemn" bfScore="--" coherenceScore="--">bn:00085544v</annotation>
		<annotation source="BABELFY" anchor="God is greater" bfScore="1.0" coherenceScore="0.12422360248447205">bn:00971910n</annotation>
		<annotation source="BABELFY" anchor="greater" bfScore="0.8253275109170306" coherenceScore="0.08695652173913043">bn:00098352a</annotation>
		<annotation source="BABELFY" anchor="things" bfScore="0.9868891537544696" coherenceScore="0.2236024844720497">bn:00006125n</annotation>
		<annotation source="MCS" anchor="confidence" bfScore="--" coherenceScore="--">bn:00006565n</annotation>
		<annotation source="MCS" anchor="receive" bfScore="--" coherenceScore="--">bn:00089246v</annotation>
		<annotation source="MCS" anchor="keep" bfScore="--" coherenceScore="--">bn:00089384v</annotation>
		<annotation source="MCS" anchor="commandments" bfScore="--" coherenceScore="--">bn:00020960n</annotation>
		<annotation source="BABELFY" anchor="things that are" bfScore="1.0" coherenceScore="0.031055900621118012">bn:01246537n</annotation>
		<annotation source="BABELFY" anchor="sight" bfScore="0.7480443285528031" coherenceScore="0.2795031055900621">bn:00045979n</annotation>
		<annotation source="MCS" anchor="commandment" bfScore="--" coherenceScore="--">bn:00020960n</annotation>
		<annotation source="MCS" anchor="believe" bfScore="--" coherenceScore="--">bn:00083369v</annotation>
		<annotation source="BABELFY" anchor="Jesus" bfScore="0.8846963108430355" coherenceScore="0.7391304347826086">bn:00018805n</annotation>
		<annotation source="BABELFY" anchor="Jesus Christ" bfScore="0.981211965372418" coherenceScore="0.7391304347826086">bn:00018805n</annotation>
		<annotation source="BABELFY" anchor="Christ" bfScore="0.9873299569598811" coherenceScore="0.7391304347826086">bn:00018805n</annotation>
		<annotation source="MCS" anchor="Spirit" bfScore="--" coherenceScore="--">bn:00073430n</annotation>
	</annotations>
</paragraph>
<paragraph id="p.4">
	<text>
		Beloved , believe not every spirit , but try the spirits whether they are of God : because many false prophets are gone out into the world .
		Hereby know ye the Spirit of God : Every spirit that confesseth that Jesus Christ is come in the flesh is of God :
		And every spirit that confesseth not that Jesus Christ is come in the flesh is not of God : and this is that spirit of antichrist , whereof ye have heard that it should come ; and even now already is it in the world .
		Ye are of God , little children , and have overcome them : because greater is he that is in you , than he that is in the world .
		They are of the world : therefore speak they of the world , and the world heareth them .
		We are of God : he that knoweth God heareth us ; he that is not of God heareth not us . Hereby know we the spirit of truth , and the spirit of error .
		Beloved , let us love one another : for love is of God ; and every one that loveth is born of God , and knoweth God .
		He that loveth not knoweth not God ; for God is love .
		In this was manifested the love of God toward us , because that God sent his only begotten Son into the world , that we might live through him .
		Herein is love , not that we loved God , but that he loved us , and sent his Son to be the propitiation for our sins .
		Beloved , if God so loved us , we ought also to love one another .
		No man hath seen God at any time . If we love one another , God dwelleth in us , and his love is perfected in us .
		Hereby know we that we dwell in him , and he in us , because he hath given us of his Spirit .
		And we have seen and do testify that the Father sent the Son to be the Saviour of the world .
		Whosoever shall confess that Jesus is the Son of God , God dwelleth in him , and he in God .
		And we have known and believed the love that God hath to us . God is love ; and he that dwelleth in love dwelleth in God , and God in him .
		Herein is our love made perfect , that we may have boldness in the day of judgment : because as he is , so are we in this world .
		There is no fear in love ; but perfect love casteth out fear : because fear hath torment . He that feareth is not made perfect in love .
		We love him , because he first loved us .
		If a man say , I love God , and hateth his brother , he is a liar : for he that loveth not his brother whom he hath seen , how can he love God whom he hath not seen ?
		And this commandment have we from him , That he who loveth God love his brother also .
	</text>
	<annotations>
		<annotation source="BABELFY" anchor="Beloved" bfScore="1.0" coherenceScore="0.16312056737588654">bn:00098224a</annotation>
		<annotation source="MCS" anchor="believe" bfScore="--" coherenceScore="--">bn:00083369v</annotation>
		<annotation source="MCS" anchor="spirit" bfScore="--" coherenceScore="--">bn:00073430n</annotation>
		<annotation source="MCS" anchor="spirits" bfScore="--" coherenceScore="--">bn:00073430n</annotation>
		<annotation source="MCS" anchor="false" bfScore="--" coherenceScore="--">bn:00102746a</annotation>
		<annotation source="BABELFY" anchor="false prophets" bfScore="1.0" coherenceScore="0.3900709219858156">bn:01570354n</annotation>
		<annotation source="MCS" anchor="prophets" bfScore="--" coherenceScore="--">bn:00059235n</annotation>
		<annotation source="BABELFY" anchor="gone out" bfScore="1.0" coherenceScore="0.0070921985815602835">bn:00088966v</annotation>
		<annotation source="MCS" anchor="world" bfScore="--" coherenceScore="--">bn:00022991n</annotation>
		<annotation source="MCS" anchor="Spirit" bfScore="--" coherenceScore="--">bn:00073430n</annotation>
		<annotation source="BABELFY" anchor="Jesus" bfScore="0.7366512454797066" coherenceScore="0.7872340425531915">bn:00018805n</annotation>
		<annotation source="BABELFY" anchor="Jesus Christ" bfScore="0.9444194158761214" coherenceScore="0.7872340425531915">bn:00018805n</annotation>
		<annotation source="BABELFY" anchor="Christ" bfScore="0.9631489686181192" coherenceScore="0.7872340425531915">bn:00018805n</annotation>
		<annotation source="MCS" anchor="flesh" bfScore="--" coherenceScore="--">bn:00035182n</annotation>
		<annotation source="MCS" anchor="whereof" bfScore="--" coherenceScore="--">bn:13682926r</annotation>
		<annotation source="BABELFY" anchor="heard" bfScore="0.7403110993936198" coherenceScore="0.36879432624113473">bn:00089279v</annotation>
		<annotation source="BABELFY" anchor="little children" bfScore="0.9375" coherenceScore="0.02127659574468085">bn:00271321n</annotation>
		<annotation source="MCS" anchor="children" bfScore="--" coherenceScore="--">bn:00018345n</annotation>
		<annotation source="BABELFY" anchor="overcome" bfScore="0.9928198433420365" coherenceScore="0.2765957446808511">bn:00088784v</annotation>
		<annotation source="BABELFY" anchor="greater" bfScore="0.8943231441048035" coherenceScore="0.22695035460992907">bn:00103782a</annotation>
		<annotation source="BABELFY" anchor="speak" bfScore="0.9874152952565344" coherenceScore="0.28368794326241137">bn:00094090v</annotation>
		<annotation source="BABELFY" anchor="truth" bfScore="0.7114598947770626" coherenceScore="0.6950354609929078">bn:00072816n</annotation>
		<annotation source="MCS" anchor="error" bfScore="--" coherenceScore="--">bn:00031485n</annotation>
		<annotation source="MCS" anchor="love" bfScore="--" coherenceScore="--">bn:00090504v</annotation>
		<annotation source="MCS" anchor="love" bfScore="--" coherenceScore="--">bn:00052121n</annotation>
		<annotation source="BABELFY" anchor="love is" bfScore="1.0" coherenceScore="0.09929078014184398">bn:00341565n</annotation>
		<annotation source="MCS" anchor="loveth" bfScore="--" coherenceScore="--">bn:13729784n</annotation>
		<annotation source="MCS" anchor="born" bfScore="--" coherenceScore="--">bn:00083221v</annotation>
		<annotation source="BABELFY" anchor="manifested" bfScore="0.983739837398374" coherenceScore="0.07801418439716312">bn:00090629v</annotation>
		<annotation source="BABELFY" anchor="sent" bfScore="0.9450711132908288" coherenceScore="0.2907801418439716">bn:00084807v</annotation>
		<annotation source="BABELFY" anchor="begotten" bfScore="1.0" coherenceScore="0.46808510638297873">bn:00083336v</annotation>
		<annotation source="BABELFY" anchor="Son" bfScore="0.9193171726474361" coherenceScore="0.6099290780141844">bn:00051877n</annotation>
		<annotation source="MCS" anchor="live" bfScore="--" coherenceScore="--">bn:00087441v</annotation>
		<annotation source="MCS" anchor="live through" bfScore="--" coherenceScore="--">bn:13765099v</annotation>
		<annotation source="MCS" anchor="loved" bfScore="--" coherenceScore="--">bn:00090504v</annotation>
		<annotation source="BABELFY" anchor="propitiation" bfScore="0.9998701467341904" coherenceScore="0.3120567375886525">bn:00006945n</annotation>
		<annotation source="BABELFY" anchor="sins" bfScore="0.7605980650835532" coherenceScore="0.6524822695035462">bn:00071707n</annotation>
		<annotation source="MCS" anchor="man" bfScore="--" coherenceScore="--">bn:00001533n</annotation>
		<annotation source="MCS" anchor="time" bfScore="--" coherenceScore="--">bn:00019848n</annotation>
		<annotation source="BABELFY" anchor="perfected" bfScore="1.0" coherenceScore="0.02127659574468085">bn:00089443v</annotation>
		<annotation source="BABELFY" anchor="dwell" bfScore="0.9847775175644028" coherenceScore="0.20567375886524822">bn:00087442v</annotation>
		<annotation source="MCS" anchor="testify" bfScore="--" coherenceScore="--">bn:00082915v</annotation>
		<annotation source="MCS" anchor="Father" bfScore="--" coherenceScore="--">bn:00009616n</annotation>
		<annotation source="BABELFY" anchor="Saviour" bfScore="0.9755974508762613" coherenceScore="0.7872340425531915">bn:00018805n</annotation>
		<annotation source="BABELFY" anchor="Saviour of the world" bfScore="1.0" coherenceScore="0.12056737588652482">bn:01768975n</annotation>
		<annotation source="MCS" anchor="Whosoever" bfScore="--" coherenceScore="--">bn:03288509n</annotation>
		<annotation source="BABELFY" anchor="confess" bfScore="0.9953933380581148" coherenceScore="0.375886524822695">bn:00085576v</annotation>
		<annotation source="MCS" anchor="known" bfScore="--" coherenceScore="--">bn:00085261v</annotation>
		<annotation source="MCS" anchor="believed" bfScore="--" coherenceScore="--">bn:00083369v</annotation>
		<annotation source="BABELFY" anchor="perfect" bfScore="0.75" coherenceScore="0.03546099290780142">bn:00108442a</annotation>
		<annotation source="BABELFY" anchor="boldness" bfScore="0.9991484530229918" coherenceScore="0.3900709219858156">bn:00011849n</annotation>
		<annotation source="MCS" anchor="day" bfScore="--" coherenceScore="--">bn:00000086n</annotation>
		<annotation source="BABELFY" anchor="day of judgment" bfScore="0.9970973984089443" coherenceScore="0.5319148936170213">bn:00023469n</annotation>
		<annotation source="MCS" anchor="judgment" bfScore="--" coherenceScore="--">bn:00048493n</annotation>
		<annotation source="MCS" anchor="fear" bfScore="--" coherenceScore="--">bn:00033854n</annotation>
		<annotation source="BABELFY" anchor="fear" bfScore="0.918848167539267" coherenceScore="0.3191489361702128">bn:00088068v</annotation>
		<annotation source="MCS" anchor="torment" bfScore="--" coherenceScore="--">bn:00077666n</annotation>
		<annotation source="MCS" anchor="brother" bfScore="--" coherenceScore="--">bn:00011357n</annotation>
		<annotation source="MCS" anchor="liar" bfScore="--" coherenceScore="--">bn:00050928n</annotation>
		<annotation source="MCS" anchor="commandment" bfScore="--" coherenceScore="--">bn:00020960n</annotation>
	</annotations>
</paragraph>
<paragraph id="p.5">
	<text>
		Whosoever believeth that Jesus is the Christ is born of God : and every one that loveth him that begat loveth him also that is begotten of him .
		By this we know that we love the children of God , when we love God , and keep his commandments .
		For this is the love of God , that we keep his commandments : and his commandments are not grievous .
		For whatsoever is born of God overcometh the world : and this is the victory that overcometh the world , even our faith .
		Who is he that overcometh the world , but he that believeth that Jesus is the Son of God ?
		This is he that came by water and blood , even Jesus Christ ; not by water only , but by water and blood . And it is the Spirit that beareth witness , because the Spirit is truth .
		For there are three that bear record in heaven , the Father , the Word , and the Holy Ghost : and these three are one .
		And there are three that bear witness in earth , the spirit , and the water , and the blood : and these three agree in one .
		If we receive the witness of men , the witness of God is greater : for this is the witness of God which he hath testified of his Son .
		He that believeth on the Son of God hath the witness in himself : he that believeth not God hath made him a liar ; because he believeth not the record that God gave of his Son .
		And this is the record , that God hath given to us eternal life , and this life is in his Son .
		He that hath the Son hath life ; and he that hath not the Son of God hath not life .
		These things have I written unto you that believe on the name of the Son of God ; that ye may know that ye have eternal life , and that ye may believe on the name of the Son of God .
		And this is the confidence that we have in him , that , if we ask any thing according to his will , he heareth us :
		And if we know that he hear us , whatsoever we ask , we know that we have the petitions that we desired of him .
		If any man see his brother sin a sin which is not unto death , he shall ask , and he shall give him life for them that sin not unto death . There is a sin unto death : I do not say that he shall pray for it .
		All unrighteousness is sin : and there is a sin not unto death .
		We know that whosoever is born of God sinneth not ; but he that is begotten of God keepeth himself , and that wicked one toucheth him not .
		And we know that we are of God , and the whole world lieth in wickedness .
		And we know that the Son of God is come , and hath given us an understanding , that we may know him that is true , and we are in him that is true , even in his Son Jesus Christ . This is the true God , and eternal life .
		Little children , keep yourselves from idols . Amen .
	</text>
	<annotations>
		<annotation source="BABELFY" anchor="Whosoever" bfScore="1.0" coherenceScore="0.006369426751592357">bn:03288509n</annotation>
		<annotation source="BABELFY" anchor="Jesus" bfScore="0.763729592326977" coherenceScore="0.8853503184713376">bn:00018805n</annotation>
		<annotation source="BABELFY" anchor="Christ" bfScore="0.9674037529733063" coherenceScore="0.8853503184713376">bn:00018805n</annotation>
		<annotation source="MCS" anchor="born" bfScore="--" coherenceScore="--">bn:00083221v</annotation>
		<annotation source="MCS" anchor="loveth" bfScore="--" coherenceScore="--">bn:13729784n</annotation>
		<annotation source="BABELFY" anchor="begat" bfScore="1.0" coherenceScore="0.3885350318471338">bn:00083336v</annotation>
		<annotation source="BABELFY" anchor="begotten" bfScore="1.0" coherenceScore="0.3885350318471338">bn:00083336v</annotation>
		<annotation source="MCS" anchor="love" bfScore="--" coherenceScore="--">bn:00090504v</annotation>
		<annotation source="MCS" anchor="children" bfScore="--" coherenceScore="--">bn:00018345n</annotation>
		<annotation source="BABELFY" anchor="children of God" bfScore="0.7341463414634146" coherenceScore="0.27388535031847133">bn:03632740n</annotation>
		<annotation source="MCS" anchor="keep" bfScore="--" coherenceScore="--">bn:00089384v</annotation>
		<annotation source="MCS" anchor="commandments" bfScore="--" coherenceScore="--">bn:00020960n</annotation>
		<annotation source="BABELFY" anchor="love" bfScore="0.7340180898359651" coherenceScore="0.7261146496815286">bn:00052121n</annotation>
		<annotation source="BABELFY" anchor="love of God" bfScore="0.7422680412371134" coherenceScore="0.35668789808917195">bn:00570277n</annotation>
		<annotation source="MCS" anchor="grievous" bfScore="--" coherenceScore="--">bn:00100896a</annotation>
		<annotation source="MCS" anchor="world" bfScore="--" coherenceScore="--">bn:00022991n</annotation>
		<annotation source="MCS" anchor="victory" bfScore="--" coherenceScore="--">bn:00078365n</annotation>
		<annotation source="BABELFY" anchor="faith" bfScore="0.8972279892006523" coherenceScore="0.9363057324840764">bn:00032768n</annotation>
		<annotation source="BABELFY" anchor="Son" bfScore="0.8786490078364878" coherenceScore="0.49044585987261147">bn:00051877n</annotation>
		<annotation source="BABELFY" anchor="Son of God" bfScore="0.7169031393140431" coherenceScore="0.4394904458598726">bn:02180469n</annotation>
		<annotation source="MCS" anchor="water" bfScore="--" coherenceScore="--">bn:00042379n</annotation>
		<annotation source="MCS" anchor="blood" bfScore="--" coherenceScore="--">bn:00011346n</annotation>
		<annotation source="BABELFY" anchor="Jesus Christ" bfScore="0.9690091518815872" coherenceScore="0.8853503184713376">bn:00018805n</annotation>
		<annotation source="MCS" anchor="Spirit" bfScore="--" coherenceScore="--">bn:00073430n</annotation>
		<annotation source="MCS" anchor="witness" bfScore="--" coherenceScore="--">bn:00046703n</annotation>
		<annotation source="BABELFY" anchor="truth" bfScore="0.7239102655118558" coherenceScore="0.6305732484076433">bn:00072816n</annotation>
		<annotation source="BABELFY" anchor="bear" bfScore="0.9185336048879837" coherenceScore="0.2611464968152866">bn:00009342n</annotation>
		<annotation source="MCS" anchor="record" bfScore="--" coherenceScore="--">bn:00066574n</annotation>
		<annotation source="MCS" anchor="heaven" bfScore="--" coherenceScore="--">bn:00029734n</annotation>
		<annotation source="MCS" anchor="Father" bfScore="--" coherenceScore="--">bn:00009616n</annotation>
		<annotation source="MCS" anchor="Word" bfScore="--" coherenceScore="--">bn:00081546n</annotation>
		<annotation source="MCS" anchor="Holy" bfScore="--" coherenceScore="--">bn:00044465n</annotation>
		<annotation source="BABELFY" anchor="Holy Ghost" bfScore="0.8801297243357864" coherenceScore="0.35668789808917195">bn:00044468n</annotation>
		<annotation source="MCS" anchor="Ghost" bfScore="--" coherenceScore="--">bn:00040368n</annotation>
		<annotation source="BABELFY" anchor="bear witness" bfScore="1.0" coherenceScore="0.006369426751592357">bn:14907350n</annotation>
		<annotation source="BABELFY" anchor="earth" bfScore="0.7310534378660899" coherenceScore="0.7006369426751592">bn:00029424n</annotation>
		<annotation source="MCS" anchor="spirit" bfScore="--" coherenceScore="--">bn:00073430n</annotation>
		<annotation source="MCS" anchor="agree" bfScore="--" coherenceScore="--">bn:00082475v</annotation>
		<annotation source="MCS" anchor="receive" bfScore="--" coherenceScore="--">bn:00089246v</annotation>
		<annotation source="MCS" anchor="men" bfScore="--" coherenceScore="--">bn:00001533n</annotation>
		<annotation source="BABELFY" anchor="God is greater" bfScore="1.0" coherenceScore="0.21019108280254778">bn:00971910n</annotation>
		<annotation source="MCS" anchor="greater" bfScore="--" coherenceScore="--">bn:00103779a</annotation>
		<annotation source="MCS" anchor="testified" bfScore="--" coherenceScore="--">bn:00082915v</annotation>
		<annotation source="BABELFY" anchor="liar" bfScore="0.7663526949241235" coherenceScore="0.36942675159235666">bn:00050928n</annotation>
		<annotation source="BABELFY" anchor="eternal" bfScore="0.9245283018867925" coherenceScore="0.044585987261146494">bn:00102212a</annotation>
		<annotation source="MCS" anchor="eternal life" bfScore="--" coherenceScore="--">bn:00031685n</annotation>
		<annotation source="MCS" anchor="life" bfScore="--" coherenceScore="--">bn:00051045n</annotation>
		<annotation source="BABELFY" anchor="life" bfScore="0.7159595496605266" coherenceScore="0.5605095541401274">bn:00051054n</annotation>
		<annotation source="BABELFY" anchor="things" bfScore="0.9708568943018704" coherenceScore="0.22929936305732485">bn:00006125n</annotation>
		<annotation source="BABELFY" anchor="written" bfScore="0.8421052631578947" coherenceScore="0.07643312101910828">bn:00093281v</annotation>
		<annotation source="MCS" anchor="believe" bfScore="--" coherenceScore="--">bn:00083369v</annotation>
		<annotation source="MCS" anchor="confidence" bfScore="--" coherenceScore="--">bn:00006565n</annotation>
		<annotation source="MCS" anchor="according" bfScore="--" coherenceScore="--">bn:00082227v</annotation>
		<annotation source="MCS" anchor="hear" bfScore="--" coherenceScore="--">bn:00089277v</annotation>
		<annotation source="BABELFY" anchor="petitions" bfScore="0.9821369256320355" coherenceScore="0.5668789808917197">bn:00059529n</annotation>
		<annotation source="MCS" anchor="desired" bfScore="--" coherenceScore="--">bn:00086682v</annotation>
		<annotation source="MCS" anchor="man" bfScore="--" coherenceScore="--">bn:00001533n</annotation>
		<annotation source="MCS" anchor="brother" bfScore="--" coherenceScore="--">bn:00011357n</annotation>
		<annotation source="BABELFY" anchor="sin" bfScore="0.7997893275238802" coherenceScore="0.6114649681528662">bn:00071707n</annotation>
		<annotation source="MCS" anchor="death" bfScore="--" coherenceScore="--">bn:00025582n</annotation>
		<annotation source="BABELFY" anchor="pray" bfScore="0.9996450124245652" coherenceScore="0.2802547770700637">bn:00091921v</annotation>
		<annotation source="BABELFY" anchor="unrighteousness" bfScore="1.0" coherenceScore="0.267515923566879">bn:00079203n</annotation>
		<annotation source="BABELFY" anchor="whosoever" bfScore="1.0" coherenceScore="0.006369426751592357">bn:03288509n</annotation>
		<annotation source="BABELFY" anchor="wicked" bfScore="0.885002186270223" coherenceScore="0.2802547770700637">bn:00110660a</annotation>
		<annotation source="BABELFY" anchor="lieth" bfScore="1.0" coherenceScore="0.03821656050955414">bn:00536146n</annotation>
		<annotation source="BABELFY" anchor="wickedness" bfScore="0.8354297431793744" coherenceScore="0.6114649681528662">bn:00071707n</annotation>
		<annotation source="BABELFY" anchor="understanding" bfScore="0.7478507260842966" coherenceScore="0.6242038216560509">bn:00047021n</annotation>
		<annotation source="MCS" anchor="true" bfScore="--" coherenceScore="--">bn:00112146a</annotation>
		<annotation source="BABELFY" anchor="Little children" bfScore="0.9568106312292359" coherenceScore="0.10191082802547771">bn:00271321n</annotation>
		<annotation source="BABELFY" anchor="idols" bfScore="0.7154110280751363" coherenceScore="0.2929936305732484">bn:00009423n</annotation>
		<annotation source="BABELFY" anchor="Amen" bfScore="0.9040566645202833" coherenceScore="0.33121019108280253">bn:00003325n</annotation>
	</annotations>
</paragraph>
</dataset>
