<?xml version="1.0" encoding="utf-8"?>
<dataset language="EN" title="1TH">
<paragraph id="p.1">
	<text>
		Paul , and Silvanus , and Timotheus , unto the church of the Thessalonians which is in God the Father and in the Lord Jesus Christ : Grace be unto you , and peace , from God our Father , and the Lord Jesus Christ .
		We give thanks to God always for you all , making mention of you in our prayers ;
		Remembering without ceasing your work of faith , and labour of love , and patience of hope in our Lord Jesus Christ , in the sight of God and our Father ;
		Knowing , brethren beloved , your election of God .
		For our gospel came not unto you in word only , but also in power , and in the Holy Ghost , and in much assurance ; as ye know what manner of men we were among you for your sake .
		And ye became followers of us , and of the Lord , having received the word in much affliction , with joy of the Holy Ghost :
		So that ye were ensamples to all that believe in Macedonia and Achaia .
		For from you sounded out the word of the Lord not only in Macedonia and Achaia , but also in every place your faith to God - ward is spread abroad ; so that we need not to speak any thing .
		For they themselves shew of us what manner of entering in we had unto you , and how ye turned to God from idols to serve the living and true God ;
		And to wait for his Son from heaven , whom he raised from the dead , even Jesus , which delivered us from the wrath to come .
	</text>
	<annotations>
		<annotation source="BABELFY" anchor="Paul" bfScore="0.8575134511913912" coherenceScore="0.6730769230769231">bn:00004984n</annotation>
		<annotation source="BABELFY" anchor="Timotheus" bfScore="0.7003257328990228" coherenceScore="0.41346153846153844">bn:02446901n</annotation>
		<annotation source="MCS" anchor="church" bfScore="--" coherenceScore="--">bn:00018819n</annotation>
		<annotation source="MCS" anchor="Thessalonians" bfScore="--" coherenceScore="--">bn:13691480n</annotation>
		<annotation source="BABELFY" anchor="God the Father" bfScore="1.0" coherenceScore="0.4807692307692308">bn:03137478n</annotation>
		<annotation source="MCS" anchor="Father" bfScore="--" coherenceScore="--">bn:00009616n</annotation>
		<annotation source="BABELFY" anchor="Lord Jesus" bfScore="1.0" coherenceScore="0.7980769230769231">bn:00018805n</annotation>
		<annotation source="BABELFY" anchor="Lord Jesus Christ" bfScore="1.0" coherenceScore="0.7980769230769231">bn:00018805n</annotation>
		<annotation source="BABELFY" anchor="Jesus" bfScore="0.7037711313394018" coherenceScore="0.7884615384615384">bn:00018805n</annotation>
		<annotation source="BABELFY" anchor="Jesus Christ" bfScore="0.9116282175408139" coherenceScore="0.7884615384615384">bn:00018805n</annotation>
		<annotation source="BABELFY" anchor="Christ" bfScore="0.9372396460908183" coherenceScore="0.7884615384615384">bn:00018805n</annotation>
		<annotation source="MCS" anchor="Grace" bfScore="--" coherenceScore="--">bn:00041221n</annotation>
		<annotation source="MCS" anchor="peace" bfScore="--" coherenceScore="--">bn:00061149n</annotation>
		<annotation source="BABELFY" anchor="thanks" bfScore="0.7655172413793103" coherenceScore="0.3557692307692308">bn:00041465n</annotation>
		<annotation source="BABELFY" anchor="mention" bfScore="0.9011627906976745" coherenceScore="0.28846153846153844">bn:00054390n</annotation>
		<annotation source="MCS" anchor="prayers" bfScore="--" coherenceScore="--">bn:00064038n</annotation>
		<annotation source="MCS" anchor="Remembering" bfScore="--" coherenceScore="--">bn:00084413v</annotation>
		<annotation source="MCS" anchor="ceasing" bfScore="--" coherenceScore="--">bn:00084710v</annotation>
		<annotation source="BABELFY" anchor="work" bfScore="0.7226277372262774" coherenceScore="0.4230769230769231">bn:00702561n</annotation>
		<annotation source="BABELFY" anchor="faith" bfScore="0.8416662683428134" coherenceScore="0.875">bn:00032768n</annotation>
		<annotation source="MCS" anchor="labour" bfScore="--" coherenceScore="--">bn:00049570n</annotation>
		<annotation source="MCS" anchor="labour of love" bfScore="--" coherenceScore="--">bn:00049579n</annotation>
		<annotation source="BABELFY" anchor="love" bfScore="0.713000630264138" coherenceScore="0.6538461538461539">bn:00052121n</annotation>
		<annotation source="MCS" anchor="patience" bfScore="--" coherenceScore="--">bn:00035762n</annotation>
		<annotation source="MCS" anchor="hope" bfScore="--" coherenceScore="--">bn:00044736n</annotation>
		<annotation source="BABELFY" anchor="sight" bfScore="0.7430769230769231" coherenceScore="0.40384615384615385">bn:00045979n</annotation>
		<annotation source="BABELFY" anchor="Knowing" bfScore="0.8643371017471737" coherenceScore="0.27884615384615385">bn:00994436n</annotation>
		<annotation source="MCS" anchor="brethren" bfScore="--" coherenceScore="--">bn:00013012n</annotation>
		<annotation source="BABELFY" anchor="beloved" bfScore="1.0" coherenceScore="0.009615384615384616">bn:00098224a</annotation>
		<annotation source="MCS" anchor="election" bfScore="--" coherenceScore="--">bn:00030113n</annotation>
		<annotation source="MCS" anchor="gospel" bfScore="--" coherenceScore="--">bn:00031976n</annotation>
		<annotation source="MCS" anchor="word" bfScore="--" coherenceScore="--">bn:00081546n</annotation>
		<annotation source="MCS" anchor="power" bfScore="--" coherenceScore="--">bn:00063940n</annotation>
		<annotation source="MCS" anchor="Holy" bfScore="--" coherenceScore="--">bn:00044465n</annotation>
		<annotation source="BABELFY" anchor="Holy Ghost" bfScore="0.8410970831519373" coherenceScore="0.4423076923076923">bn:00044468n</annotation>
		<annotation source="MCS" anchor="Ghost" bfScore="--" coherenceScore="--">bn:00040368n</annotation>
		<annotation source="MCS" anchor="assurance" bfScore="--" coherenceScore="--">bn:00006565n</annotation>
		<annotation source="MCS" anchor="manner" bfScore="--" coherenceScore="--">bn:00033729n</annotation>
		<annotation source="MCS" anchor="manner of" bfScore="--" coherenceScore="--">bn:00032400n</annotation>
		<annotation source="MCS" anchor="men" bfScore="--" coherenceScore="--">bn:00001533n</annotation>
		<annotation source="BABELFY" anchor="sake" bfScore="0.9" coherenceScore="0.028846153846153848">bn:00067720n</annotation>
		<annotation source="MCS" anchor="followers" bfScore="--" coherenceScore="--">bn:00035629n</annotation>
		<annotation source="BABELFY" anchor="received" bfScore="0.917910447761194" coherenceScore="0.3942307692307692">bn:00092494v</annotation>
		<annotation source="MCS" anchor="affliction" bfScore="--" coherenceScore="--">bn:00001782n</annotation>
		<annotation source="MCS" anchor="joy" bfScore="--" coherenceScore="--">bn:00048468n</annotation>
		<annotation source="MCS" anchor="ensamples" bfScore="--" coherenceScore="--">bn:13739922n</annotation>
		<annotation source="MCS" anchor="believe" bfScore="--" coherenceScore="--">bn:00083369v</annotation>
		<annotation source="BABELFY" anchor="believe in" bfScore="1.0" coherenceScore="0.019230769230769232">bn:00083374v</annotation>
		<annotation source="MCS" anchor="sounded" bfScore="--" coherenceScore="--">bn:00094053v</annotation>
		<annotation source="BABELFY" anchor="sounded out" bfScore="0.9310344827586207" coherenceScore="0.25961538461538464">bn:00084873v</annotation>
		<annotation source="MCS" anchor="place" bfScore="--" coherenceScore="--">bn:00062699n</annotation>
		<annotation source="MCS" anchor="spread" bfScore="--" coherenceScore="--">bn:00087063v</annotation>
		<annotation source="MCS" anchor="abroad" bfScore="--" coherenceScore="--">bn:00114086r</annotation>
		<annotation source="BABELFY" anchor="need" bfScore="0.8863636363636364" coherenceScore="0.125">bn:00091028v</annotation>
		<annotation source="MCS" anchor="need not" bfScore="--" coherenceScore="--">bn:13732269v</annotation>
		<annotation source="MCS" anchor="speak" bfScore="--" coherenceScore="--">bn:00090943v</annotation>
		<annotation source="MCS" anchor="shew" bfScore="--" coherenceScore="--">bn:00086567v</annotation>
		<annotation source="MCS" anchor="entering" bfScore="--" coherenceScore="--">bn:00085363v</annotation>
		<annotation source="BABELFY" anchor="turned" bfScore="0.9486486486486486" coherenceScore="0.25">bn:00095246v</annotation>
		<annotation source="BABELFY" anchor="turned to" bfScore="1.0" coherenceScore="0.028846153846153848">bn:00082332v</annotation>
		<annotation source="BABELFY" anchor="idols" bfScore="0.8507631430186546" coherenceScore="0.33653846153846156">bn:00009423n</annotation>
		<annotation source="BABELFY" anchor="serve" bfScore="0.826530612244898" coherenceScore="0.25961538461538464">bn:00092036v</annotation>
		<annotation source="BABELFY" anchor="living" bfScore="0.7067137809187279" coherenceScore="0.19230769230769232">bn:00051046n</annotation>
		<annotation source="MCS" anchor="true" bfScore="--" coherenceScore="--">bn:00112146a</annotation>
		<annotation source="MCS" anchor="wait" bfScore="--" coherenceScore="--">bn:00095593v</annotation>
		<annotation source="MCS" anchor="wait for" bfScore="--" coherenceScore="--">bn:13610290v</annotation>
		<annotation source="BABELFY" anchor="Son" bfScore="0.8404814609850582" coherenceScore="0.4326923076923077">bn:00051877n</annotation>
		<annotation source="MCS" anchor="heaven" bfScore="--" coherenceScore="--">bn:00029734n</annotation>
		<annotation source="MCS" anchor="raised" bfScore="--" coherenceScore="--">bn:00092332v</annotation>
		<annotation source="MCS" anchor="dead" bfScore="--" coherenceScore="--">bn:00100948a</annotation>
		<annotation source="MCS" anchor="delivered" bfScore="--" coherenceScore="--">bn:00086530v</annotation>
		<annotation source="MCS" anchor="wrath" bfScore="--" coherenceScore="--">bn:00081680n</annotation>
	</annotations>
</paragraph>
<paragraph id="p.2">
	<text>
		For yourselves , brethren , know our entrance in unto you , that it was not in vain :
		But even after that we had suffered before , and were shamefully entreated , as ye know , at Philippi , we were bold in our God to speak unto you the gospel of God with much contention .
		For our exhortation was not of deceit , nor of uncleanness , nor in guile :
		But as we were allowed of God to be put in trust with the gospel , even so we speak ; not as pleasing men , but God , which trieth our hearts .
		For neither at any time used we flattering words , as ye know , nor a cloke of covetousness ; God is witness :
		Nor of men sought we glory , neither of you , nor yet of others , when we might have been burdensome , as the apostles of Christ .
		But we were gentle among you , even as a nurse cherisheth her children :
		So being affectionately desirous of you , we were willing to have imparted unto you , not the gospel of God only , but also our own souls , because ye were dear unto us .
		For ye remember , brethren , our labour and travail : for labouring night and day , because we would not be chargeable unto any of you , we preached unto you the gospel of God .
		Ye are witnesses , and God also , how holily and justly and unblameably we behaved ourselves among you that believe :
		As ye know how we exhorted and comforted and charged every one of you , as a father doth his children ,
		That ye would walk worthy of God , who hath called you unto his kingdom and glory .
		For this cause also thank we God without ceasing , because , when ye received the word of God which ye heard of us , ye received it not as the word of men , but as it is in truth , the word of God , which effectually worketh also in you that believe .
		For ye , brethren , became followers of the churches of God which in Judaea are in Christ Jesus : for ye also have suffered like things of your own countrymen , even as they have of the Jews :
		Who both killed the Lord Jesus , and their own prophets , and have persecuted us ; and they please not God , and are contrary to all men :
		Forbidding us to speak to the Gentiles that they might be saved , to fill up their sins alway : for the wrath is come upon them to the uttermost .
		But we , brethren , being taken from you for a short time in presence , not in heart , endeavoured the more abundantly to see your face with great desire .
		Wherefore we would have come unto you , even I Paul , once and again ; but Satan hindered us .
		For what is our hope , or joy , or crown of rejoicing ? Are not even ye in the presence of our Lord Jesus Christ at his coming ?
		For ye are our glory and joy .
	</text>
	<annotations>
		<annotation source="MCS" anchor="brethren" bfScore="--" coherenceScore="--">bn:00013012n</annotation>
		<annotation source="BABELFY" anchor="entrance" bfScore="0.8854131247874872" coherenceScore="0.2781456953642384">bn:00030988n</annotation>
		<annotation source="BABELFY" anchor="vain" bfScore="0.9319264805990469" coherenceScore="0.24503311258278146">bn:00100184a</annotation>
		<annotation source="MCS" anchor="suffered" bfScore="--" coherenceScore="--">bn:00087618v</annotation>
		<annotation source="BABELFY" anchor="shamefully" bfScore="1.0" coherenceScore="0.006622516556291391">bn:00115046r</annotation>
		<annotation source="MCS" anchor="entreated" bfScore="--" coherenceScore="--">bn:00082355v</annotation>
		<annotation source="MCS" anchor="bold" bfScore="--" coherenceScore="--">bn:00098661a</annotation>
		<annotation source="MCS" anchor="speak" bfScore="--" coherenceScore="--">bn:00090943v</annotation>
		<annotation source="MCS" anchor="gospel" bfScore="--" coherenceScore="--">bn:00031976n</annotation>
		<annotation source="BABELFY" anchor="contention" bfScore="0.9875753012048193" coherenceScore="0.2847682119205298">bn:00005599n</annotation>
		<annotation source="BABELFY" anchor="exhortation" bfScore="0.7844739530132788" coherenceScore="0.15894039735099338">bn:00001592n</annotation>
		<annotation source="BABELFY" anchor="deceit" bfScore="0.8737967914438503" coherenceScore="0.25165562913907286">bn:00025681n</annotation>
		<annotation source="BABELFY" anchor="uncleanness" bfScore="1.0" coherenceScore="0.033112582781456956">bn:00027392n</annotation>
		<annotation source="MCS" anchor="guile" bfScore="--" coherenceScore="--">bn:00023500n</annotation>
		<annotation source="BABELFY" anchor="allowed" bfScore="0.8539944903581267" coherenceScore="0.1986754966887417">bn:00082539v</annotation>
		<annotation source="MCS" anchor="trust" bfScore="--" coherenceScore="--">bn:00078487n</annotation>
		<annotation source="BABELFY" anchor="pleasing" bfScore="1.0" coherenceScore="0.033112582781456956">bn:00108685a</annotation>
		<annotation source="MCS" anchor="men" bfScore="--" coherenceScore="--">bn:00001533n</annotation>
		<annotation source="MCS" anchor="hearts" bfScore="--" coherenceScore="--">bn:00012289n</annotation>
		<annotation source="BABELFY" anchor="time" bfScore="0.7576736672051696" coherenceScore="0.44370860927152317">bn:00077270n</annotation>
		<annotation source="BABELFY" anchor="time used" bfScore="1.0" coherenceScore="0.039735099337748346">bn:03306730n</annotation>
		<annotation source="MCS" anchor="used" bfScore="--" coherenceScore="--">bn:13783090v</annotation>
		<annotation source="BABELFY" anchor="flattering" bfScore="0.9972375690607734" coherenceScore="0.25165562913907286">bn:00083550v</annotation>
		<annotation source="MCS" anchor="words" bfScore="--" coherenceScore="--">bn:00081546n</annotation>
		<annotation source="MCS" anchor="covetousness" bfScore="--" coherenceScore="--">bn:00023377n</annotation>
		<annotation source="MCS" anchor="witness" bfScore="--" coherenceScore="--">bn:00046703n</annotation>
		<annotation source="BABELFY" anchor="sought" bfScore="0.8095238095238095" coherenceScore="0.07947019867549669">bn:00082844v</annotation>
		<annotation source="BABELFY" anchor="glory" bfScore="0.8049792531120332" coherenceScore="0.3443708609271523">bn:00007184n</annotation>
		<annotation source="BABELFY" anchor="burdensome" bfScore="1.0" coherenceScore="0.06622516556291391">bn:00099029a</annotation>
		<annotation source="MCS" anchor="apostles" bfScore="--" coherenceScore="--">bn:00004981n</annotation>
		<annotation source="BABELFY" anchor="Christ" bfScore="0.9508213395717846" coherenceScore="0.7549668874172185">bn:00018805n</annotation>
		<annotation source="MCS" anchor="gentle" bfScore="--" coherenceScore="--">bn:00103534a</annotation>
		<annotation source="BABELFY" anchor="nurse" bfScore="0.9018567639257294" coherenceScore="0.2251655629139073">bn:00058325n</annotation>
		<annotation source="MCS" anchor="children" bfScore="--" coherenceScore="--">bn:00018345n</annotation>
		<annotation source="BABELFY" anchor="affectionately" bfScore="1.0" coherenceScore="0.271523178807947">bn:00114159r</annotation>
		<annotation source="BABELFY" anchor="desirous" bfScore="1.0" coherenceScore="0.019867549668874173">bn:00101238a</annotation>
		<annotation source="BABELFY" anchor="willing" bfScore="0.737527114967462" coherenceScore="0.11258278145695365">bn:00113877a</annotation>
		<annotation source="MCS" anchor="imparted" bfScore="--" coherenceScore="--">bn:00088821v</annotation>
		<annotation source="MCS" anchor="souls" bfScore="--" coherenceScore="--">bn:00065006n</annotation>
		<annotation source="BABELFY" anchor="dear" bfScore="1.0" coherenceScore="0.271523178807947">bn:00114159r</annotation>
		<annotation source="MCS" anchor="remember" bfScore="--" coherenceScore="--">bn:00084413v</annotation>
		<annotation source="MCS" anchor="labour" bfScore="--" coherenceScore="--">bn:00049570n</annotation>
		<annotation source="MCS" anchor="travail" bfScore="--" coherenceScore="--">bn:00018361n</annotation>
		<annotation source="MCS" anchor="labouring" bfScore="--" coherenceScore="--">bn:00086809v</annotation>
		<annotation source="MCS" anchor="night" bfScore="--" coherenceScore="--">bn:00025236n</annotation>
		<annotation source="MCS" anchor="day" bfScore="--" coherenceScore="--">bn:00000086n</annotation>
		<annotation source="BABELFY" anchor="chargeable" bfScore="1.0" coherenceScore="0.006622516556291391">bn:00099535a</annotation>
		<annotation source="BABELFY" anchor="preached" bfScore="0.9754150702426565" coherenceScore="0.31125827814569534">bn:00091922v</annotation>
		<annotation source="MCS" anchor="witnesses" bfScore="--" coherenceScore="--">bn:00046703n</annotation>
		<annotation source="MCS" anchor="holily" bfScore="--" coherenceScore="--">bn:13678236r</annotation>
		<annotation source="BABELFY" anchor="justly" bfScore="0.9756756756756757" coherenceScore="0.12582781456953643">bn:00116059r</annotation>
		<annotation source="MCS" anchor="unblameably" bfScore="--" coherenceScore="--">bn:13740730r</annotation>
		<annotation source="BABELFY" anchor="behaved" bfScore="0.7692307692307693" coherenceScore="0.06622516556291391">bn:00082286v</annotation>
		<annotation source="MCS" anchor="believe" bfScore="--" coherenceScore="--">bn:00083369v</annotation>
		<annotation source="BABELFY" anchor="exhorted" bfScore="0.900990099009901" coherenceScore="0.046357615894039736">bn:00087843v</annotation>
		<annotation source="BABELFY" anchor="comforted" bfScore="0.8" coherenceScore="0.07947019867549669">bn:00085398v</annotation>
		<annotation source="MCS" anchor="charged" bfScore="--" coherenceScore="--">bn:00083234v</annotation>
		<annotation source="MCS" anchor="father" bfScore="--" coherenceScore="--">bn:00009616n</annotation>
		<annotation source="MCS" anchor="walk" bfScore="--" coherenceScore="--">bn:00095597v</annotation>
		<annotation source="BABELFY" anchor="worthy" bfScore="0.9375" coherenceScore="0.16556291390728478">bn:00101237a</annotation>
		<annotation source="MCS" anchor="called" bfScore="--" coherenceScore="--">bn:00084385v</annotation>
		<annotation source="MCS" anchor="kingdom" bfScore="--" coherenceScore="--">bn:00049167n</annotation>
		<annotation source="BABELFY" anchor="thank" bfScore="1.0" coherenceScore="0.2251655629139073">bn:00088854v</annotation>
		<annotation source="MCS" anchor="ceasing" bfScore="--" coherenceScore="--">bn:00084710v</annotation>
		<annotation source="BABELFY" anchor="received" bfScore="0.7461988304093568" coherenceScore="0.2913907284768212">bn:00092494v</annotation>
		<annotation source="MCS" anchor="word" bfScore="--" coherenceScore="--">bn:00081546n</annotation>
		<annotation source="BABELFY" anchor="word of God" bfScore="0.8768371429703284" coherenceScore="0.6754966887417219">bn:00010217n</annotation>
		<annotation source="BABELFY" anchor="heard" bfScore="0.7111111111111111" coherenceScore="0.2119205298013245">bn:00089279v</annotation>
		<annotation source="MCS" anchor="heard of" bfScore="--" coherenceScore="--">bn:13712849v</annotation>
		<annotation source="MCS" anchor="truth" bfScore="--" coherenceScore="--">bn:00078498n</annotation>
		<annotation source="MCS" anchor="effectually" bfScore="--" coherenceScore="--">bn:00115179r</annotation>
		<annotation source="MCS" anchor="followers" bfScore="--" coherenceScore="--">bn:00035629n</annotation>
		<annotation source="MCS" anchor="churches" bfScore="--" coherenceScore="--">bn:00018819n</annotation>
		<annotation source="BABELFY" anchor="Judaea" bfScore="1.0" coherenceScore="0.33112582781456956">bn:00048478n</annotation>
		<annotation source="BABELFY" anchor="Christ Jesus" bfScore="1.0" coherenceScore="0.7615894039735099">bn:00018805n</annotation>
		<annotation source="BABELFY" anchor="Jesus" bfScore="0.7541107541107541" coherenceScore="0.7549668874172185">bn:00018805n</annotation>
		<annotation source="BABELFY" anchor="things" bfScore="0.8584686774941995" coherenceScore="0.13245033112582782">bn:00006125n</annotation>
		<annotation source="MCS" anchor="countrymen" bfScore="--" coherenceScore="--">bn:00023245n</annotation>
		<annotation source="BABELFY" anchor="Jews" bfScore="1.0" coherenceScore="0.6357615894039735">bn:00043492n</annotation>
		<annotation source="MCS" anchor="killed" bfScore="--" coherenceScore="--">bn:00090098v</annotation>
		<annotation source="BABELFY" anchor="Lord Jesus" bfScore="1.0" coherenceScore="0.7615894039735099">bn:00018805n</annotation>
		<annotation source="MCS" anchor="prophets" bfScore="--" coherenceScore="--">bn:00059235n</annotation>
		<annotation source="BABELFY" anchor="persecuted" bfScore="1.0" coherenceScore="0.08609271523178808">bn:00091182v</annotation>
		<annotation source="BABELFY" anchor="contrary" bfScore="0.7901234567901234" coherenceScore="0.052980132450331126">bn:00100400a</annotation>
		<annotation source="MCS" anchor="Forbidding" bfScore="--" coherenceScore="--">bn:00086877v</annotation>
		<annotation source="MCS" anchor="speak to" bfScore="--" coherenceScore="--">bn:13773917v</annotation>
		<annotation source="MCS" anchor="Gentiles" bfScore="--" coherenceScore="--">bn:00037763n</annotation>
		<annotation source="MCS" anchor="saved" bfScore="--" coherenceScore="--">bn:00092745v</annotation>
		<annotation source="BABELFY" anchor="fill" bfScore="0.7892857142857143" coherenceScore="0.2251655629139073">bn:00088180v</annotation>
		<annotation source="MCS" anchor="fill up" bfScore="--" coherenceScore="--">bn:00088175v</annotation>
		<annotation source="BABELFY" anchor="sins" bfScore="0.7748157288047537" coherenceScore="0.543046357615894">bn:00071707n</annotation>
		<annotation source="MCS" anchor="wrath" bfScore="--" coherenceScore="--">bn:00081680n</annotation>
		<annotation source="BABELFY" anchor="uttermost" bfScore="1.0" coherenceScore="0.026490066225165563">bn:01139782n</annotation>
		<annotation source="MCS" anchor="short" bfScore="--" coherenceScore="--">bn:00110561a</annotation>
		<annotation source="MCS" anchor="short time" bfScore="--" coherenceScore="--">bn:02260267n</annotation>
		<annotation source="BABELFY" anchor="time in" bfScore="0.8832116788321168" coherenceScore="0.0728476821192053">bn:03697757n</annotation>
		<annotation source="MCS" anchor="presence" bfScore="--" coherenceScore="--">bn:00064201n</annotation>
		<annotation source="MCS" anchor="heart" bfScore="--" coherenceScore="--">bn:00012289n</annotation>
		<annotation source="BABELFY" anchor="endeavoured" bfScore="0.8192771084337349" coherenceScore="0.07947019867549669">bn:00082844v</annotation>
		<annotation source="MCS" anchor="abundantly" bfScore="--" coherenceScore="--">bn:00114097r</annotation>
		<annotation source="MCS" anchor="face" bfScore="--" coherenceScore="--">bn:00032600n</annotation>
		<annotation source="MCS" anchor="great" bfScore="--" coherenceScore="--">bn:00103779a</annotation>
		<annotation source="MCS" anchor="desire" bfScore="--" coherenceScore="--">bn:00026550n</annotation>
		<annotation source="BABELFY" anchor="Paul" bfScore="0.8639458181946453" coherenceScore="0.5165562913907285">bn:00004984n</annotation>
		<annotation source="BABELFY" anchor="Satan" bfScore="0.8140944326990839" coherenceScore="0.5033112582781457">bn:00009586n</annotation>
		<annotation source="BABELFY" anchor="hindered" bfScore="0.7787610619469026" coherenceScore="0.052980132450331126">bn:00083622v</annotation>
		<annotation source="MCS" anchor="hope" bfScore="--" coherenceScore="--">bn:00044736n</annotation>
		<annotation source="MCS" anchor="joy" bfScore="--" coherenceScore="--">bn:00048468n</annotation>
		<annotation source="MCS" anchor="crown" bfScore="--" coherenceScore="--">bn:00024069n</annotation>
		<annotation source="BABELFY" anchor="rejoicing" bfScore="0.9655172413793104" coherenceScore="0.23841059602649006">bn:00089996v</annotation>
		<annotation source="BABELFY" anchor="Lord Jesus Christ" bfScore="1.0" coherenceScore="0.7615894039735099">bn:00018805n</annotation>
		<annotation source="BABELFY" anchor="Jesus Christ" bfScore="0.9240254508985087" coherenceScore="0.7549668874172185">bn:00018805n</annotation>
		<annotation source="BABELFY" anchor="coming" bfScore="0.7545973367152822" coherenceScore="0.2251655629139073">bn:00085319v</annotation>
	</annotations>
</paragraph>
<paragraph id="p.3">
	<text>
		Wherefore when we could no longer forbear , we thought it good to be left at Athens alone ;
		And sent Timotheus , our brother , and minister of God , and our fellowlabourer in the gospel of Christ , to establish you , and to comfort you concerning your faith :
		That no man should be moved by these afflictions : for yourselves know that we are appointed thereunto .
		For verily , when we were with you , we told you before that we should suffer tribulation ; even as it came to pass , and ye know .
		For this cause , when I could no longer forbear , I sent to know your faith , lest by some means the tempter have tempted you , and our labour be in vain .
		But now when Timotheus came from you unto us , and brought us good tidings of your faith and charity , and that ye have good remembrance of us always , desiring greatly to see us , as we also to see you :
		Therefore , brethren , we were comforted over you in all our affliction and distress by your faith :
		For now we live , if ye stand fast in the Lord .
		For what thanks can we render to God again for you , for all the joy wherewith we joy for your sakes before our God ;
		Night and day praying exceedingly that we might see your face , and might perfect that which is lacking in your faith ?
		Now God himself and our Father , and our Lord Jesus Christ , direct our way unto you .
		And the Lord make you to increase and abound in love one toward another , and toward all men , even as we do toward you :
		To the end he may stablish your hearts unblameable in holiness before God , even our Father , at the coming of our Lord Jesus Christ with all his saints .
	</text>
	<annotations>
		<annotation source="BABELFY" anchor="longer" bfScore="1.0" coherenceScore="0.031578947368421054">bn:00116156r</annotation>
		<annotation source="BABELFY" anchor="forbear" bfScore="0.75" coherenceScore="0.021052631578947368">bn:00088453v</annotation>
		<annotation source="MCS" anchor="thought" bfScore="--" coherenceScore="--">bn:00083370v</annotation>
		<annotation source="MCS" anchor="good" bfScore="--" coherenceScore="--">bn:00103672a</annotation>
		<annotation source="MCS" anchor="left" bfScore="--" coherenceScore="--">bn:00088939v</annotation>
		<annotation source="BABELFY" anchor="Athens" bfScore="0.9021201413427562" coherenceScore="0.3894736842105263">bn:00006734n</annotation>
		<annotation source="BABELFY" anchor="sent" bfScore="0.9204275534441805" coherenceScore="0.2631578947368421">bn:00084807v</annotation>
		<annotation source="MCS" anchor="brother" bfScore="--" coherenceScore="--">bn:00011357n</annotation>
		<annotation source="MCS" anchor="minister" bfScore="--" coherenceScore="--">bn:00024459n</annotation>
		<annotation source="MCS" anchor="gospel" bfScore="--" coherenceScore="--">bn:00031976n</annotation>
		<annotation source="BABELFY" anchor="Christ" bfScore="0.9463170333689719" coherenceScore="0.7052631578947368">bn:00018805n</annotation>
		<annotation source="MCS" anchor="establish" bfScore="--" coherenceScore="--">bn:00087732v</annotation>
		<annotation source="BABELFY" anchor="comfort" bfScore="0.976878612716763" coherenceScore="0.1368421052631579">bn:00085398v</annotation>
		<annotation source="MCS" anchor="concerning" bfScore="--" coherenceScore="--">bn:00083240v</annotation>
		<annotation source="BABELFY" anchor="faith" bfScore="0.8530131901113656" coherenceScore="0.7894736842105263">bn:00032768n</annotation>
		<annotation source="MCS" anchor="man" bfScore="--" coherenceScore="--">bn:00001533n</annotation>
		<annotation source="BABELFY" anchor="afflictions" bfScore="0.7857142857142857" coherenceScore="0.08421052631578947">bn:00001782n</annotation>
		<annotation source="MCS" anchor="appointed" bfScore="--" coherenceScore="--">bn:00082715v</annotation>
		<annotation source="MCS" anchor="thereunto" bfScore="--" coherenceScore="--">bn:13612626r</annotation>
		<annotation source="BABELFY" anchor="verily" bfScore="1.0" coherenceScore="0.11578947368421053">bn:00117557r</annotation>
		<annotation source="BABELFY" anchor="told" bfScore="0.7773279352226721" coherenceScore="0.25263157894736843">bn:00087644v</annotation>
		<annotation source="MCS" anchor="suffer" bfScore="--" coherenceScore="--">bn:00087618v</annotation>
		<annotation source="BABELFY" anchor="tribulation" bfScore="0.8832522585128562" coherenceScore="0.3263157894736842">bn:02492215n</annotation>
		<annotation source="BABELFY" anchor="pass" bfScore="0.7082896117523609" coherenceScore="0.2631578947368421">bn:00084343v</annotation>
		<annotation source="MCS" anchor="means" bfScore="--" coherenceScore="--">bn:00089805v</annotation>
		<annotation source="BABELFY" anchor="tempter" bfScore="1.0" coherenceScore="0.3368421052631579">bn:00076486n</annotation>
		<annotation source="MCS" anchor="tempted" bfScore="--" coherenceScore="--">bn:00082548v</annotation>
		<annotation source="MCS" anchor="labour" bfScore="--" coherenceScore="--">bn:00049570n</annotation>
		<annotation source="BABELFY" anchor="vain" bfScore="0.9817444219066938" coherenceScore="0.23157894736842105">bn:00100184a</annotation>
		<annotation source="MCS" anchor="brought" bfScore="--" coherenceScore="--">bn:00084058v</annotation>
		<annotation source="BABELFY" anchor="tidings" bfScore="1.0" coherenceScore="0.010526315789473684">bn:00047028n</annotation>
		<annotation source="MCS" anchor="charity" bfScore="--" coherenceScore="--">bn:00017818n</annotation>
		<annotation source="BABELFY" anchor="remembrance" bfScore="0.7003367003367004" coherenceScore="0.25263157894736843">bn:00020970n</annotation>
		<annotation source="MCS" anchor="desiring" bfScore="--" coherenceScore="--">bn:00086682v</annotation>
		<annotation source="BABELFY" anchor="greatly" bfScore="1.0" coherenceScore="0.031578947368421054">bn:00115553r</annotation>
		<annotation source="MCS" anchor="brethren" bfScore="--" coherenceScore="--">bn:00013012n</annotation>
		<annotation source="BABELFY" anchor="comforted" bfScore="0.976878612716763" coherenceScore="0.1368421052631579">bn:00085398v</annotation>
		<annotation source="BABELFY" anchor="affliction" bfScore="0.7857142857142857" coherenceScore="0.08421052631578947">bn:00001782n</annotation>
		<annotation source="MCS" anchor="distress" bfScore="--" coherenceScore="--">bn:00027786n</annotation>
		<annotation source="MCS" anchor="live" bfScore="--" coherenceScore="--">bn:00087441v</annotation>
		<annotation source="BABELFY" anchor="stand" bfScore="0.9679358717434869" coherenceScore="0.22105263157894736">bn:00082138v</annotation>
		<annotation source="MCS" anchor="stand fast" bfScore="--" coherenceScore="--">bn:00089404v</annotation>
		<annotation source="BABELFY" anchor="fast" bfScore="1.0" coherenceScore="0.010526315789473684">bn:00115335r</annotation>
		<annotation source="BABELFY" anchor="thanks" bfScore="0.7808564231738035" coherenceScore="0.3157894736842105">bn:00041465n</annotation>
		<annotation source="MCS" anchor="render" bfScore="--" coherenceScore="--">bn:00092789v</annotation>
		<annotation source="MCS" anchor="joy" bfScore="--" coherenceScore="--">bn:00048468n</annotation>
		<annotation source="MCS" anchor="wherewith" bfScore="--" coherenceScore="--">bn:13677466r</annotation>
		<annotation source="BABELFY" anchor="joy" bfScore="0.9947229551451188" coherenceScore="0.2736842105263158">bn:00089996v</annotation>
		<annotation source="MCS" anchor="sakes" bfScore="--" coherenceScore="--">bn:00047078n</annotation>
		<annotation source="MCS" anchor="Night" bfScore="--" coherenceScore="--">bn:00025236n</annotation>
		<annotation source="BABELFY" anchor="Night and day" bfScore="0.9756756756756757" coherenceScore="0.2">bn:03613072n</annotation>
		<annotation source="MCS" anchor="day" bfScore="--" coherenceScore="--">bn:00000086n</annotation>
		<annotation source="BABELFY" anchor="praying" bfScore="1.0" coherenceScore="0.2736842105263158">bn:00091921v</annotation>
		<annotation source="MCS" anchor="exceedingly" bfScore="--" coherenceScore="--">bn:00115271r</annotation>
		<annotation source="MCS" anchor="face" bfScore="--" coherenceScore="--">bn:00032600n</annotation>
		<annotation source="MCS" anchor="perfect" bfScore="--" coherenceScore="--">bn:00089443v</annotation>
		<annotation source="BABELFY" anchor="lacking" bfScore="1.0" coherenceScore="0.021052631578947368">bn:00090161v</annotation>
		<annotation source="MCS" anchor="Father" bfScore="--" coherenceScore="--">bn:00009616n</annotation>
		<annotation source="BABELFY" anchor="Lord Jesus" bfScore="1.0" coherenceScore="0.7157894736842105">bn:00018805n</annotation>
		<annotation source="BABELFY" anchor="Lord Jesus Christ" bfScore="1.0" coherenceScore="0.7157894736842105">bn:00018805n</annotation>
		<annotation source="BABELFY" anchor="Jesus" bfScore="0.7566672714078374" coherenceScore="0.7052631578947368">bn:00018805n</annotation>
		<annotation source="BABELFY" anchor="Jesus Christ" bfScore="0.9128953771289537" coherenceScore="0.7052631578947368">bn:00018805n</annotation>
		<annotation source="MCS" anchor="direct" bfScore="--" coherenceScore="--">bn:00086865v</annotation>
		<annotation source="BABELFY" anchor="increase" bfScore="1.0" coherenceScore="0.031578947368421054">bn:00089667v</annotation>
		<annotation source="MCS" anchor="abound" bfScore="--" coherenceScore="--">bn:00082152v</annotation>
		<annotation source="BABELFY" anchor="abound in" bfScore="1.0" coherenceScore="0.010526315789473684">bn:00082154v</annotation>
		<annotation source="BABELFY" anchor="love" bfScore="0.7008781116571337" coherenceScore="0.6105263157894737">bn:00052121n</annotation>
		<annotation source="MCS" anchor="men" bfScore="--" coherenceScore="--">bn:00001533n</annotation>
		<annotation source="BABELFY" anchor="end" bfScore="0.8180451127819549" coherenceScore="0.3368421052631579">bn:00030721n</annotation>
		<annotation source="MCS" anchor="stablish" bfScore="--" coherenceScore="--">bn:13771875v</annotation>
		<annotation source="MCS" anchor="hearts" bfScore="--" coherenceScore="--">bn:00012289n</annotation>
		<annotation source="MCS" anchor="unblameable" bfScore="--" coherenceScore="--">bn:13691157a</annotation>
		<annotation source="BABELFY" anchor="holiness" bfScore="1.0" coherenceScore="0.3684210526315789">bn:00044420n</annotation>
		<annotation source="BABELFY" anchor="coming" bfScore="0.7589189189189189" coherenceScore="0.2736842105263158">bn:00085319v</annotation>
		<annotation source="MCS" anchor="coming of" bfScore="--" coherenceScore="--">bn:13618179v</annotation>
		<annotation source="MCS" anchor="saints" bfScore="--" coherenceScore="--">bn:00068856n</annotation>
	</annotations>
</paragraph>
<paragraph id="p.4">
	<text>
		Furthermore then we beseech you , brethren , and exhort you by the Lord Jesus , that as ye have received of us how ye ought to walk and to please God , so ye would abound more and more .
		For ye know what commandments we gave you by the Lord Jesus .
		For this is the will of God , even your sanctification , that ye should abstain from fornication :
		That every one of you should know how to possess his vessel in sanctification and honour ;
		Not in the lust of concupiscence , even as the Gentiles which know not God :
		That no man go beyond and defraud his brother in any matter : because that the Lord is the avenger of all such , as we also have forewarned you and testified .
		For God hath not called us unto uncleanness , but unto holiness .
		He therefore that despiseth , despiseth not man , but God , who hath also given unto us his holy Spirit .
		But as touching brotherly love ye need not that I write unto you : for ye yourselves are taught of God to love one another .
		And indeed ye do it toward all the brethren which are in all Macedonia : but we beseech you , brethren , that ye increase more and more ;
		And that ye study to be quiet , and to do your own business , and to work with your own hands , as we commanded you ;
		That ye may walk honestly toward them that are without , and that ye may have lack of nothing .
		But I would not have you to be ignorant , brethren , concerning them which are asleep , that ye sorrow not , even as others which have no hope .
		For if we believe that Jesus died and rose again , even so them also which sleep in Jesus will God bring with him .
		For this we say unto you by the word of the Lord , that we which are alive and remain unto the coming of the Lord shall not prevent them which are asleep .
		For the Lord himself shall descend from heaven with a shout , with the voice of the archangel , and with the trump of God : and the dead in Christ shall rise first :
		Then we which are alive and remain shall be caught up together with them in the clouds , to meet the Lord in the air : and so shall we ever be with the Lord .
		Wherefore comfort one another with these words .
	</text>
	<annotations>
		<annotation source="MCS" anchor="Furthermore" bfScore="--" coherenceScore="--">bn:00115484r</annotation>
		<annotation source="BABELFY" anchor="beseech" bfScore="1.0" coherenceScore="0.027522935779816515">bn:00082355v</annotation>
		<annotation source="MCS" anchor="brethren" bfScore="--" coherenceScore="--">bn:00013012n</annotation>
		<annotation source="BABELFY" anchor="exhort" bfScore="1.0" coherenceScore="0.01834862385321101">bn:00083132v</annotation>
		<annotation source="BABELFY" anchor="Lord Jesus" bfScore="1.0" coherenceScore="0.6972477064220184">bn:00018805n</annotation>
		<annotation source="BABELFY" anchor="Jesus" bfScore="0.7447814632169155" coherenceScore="0.6880733944954128">bn:00018805n</annotation>
		<annotation source="BABELFY" anchor="received" bfScore="0.8151062155782848" coherenceScore="0.25688073394495414">bn:00092494v</annotation>
		<annotation source="MCS" anchor="walk" bfScore="--" coherenceScore="--">bn:00095597v</annotation>
		<annotation source="BABELFY" anchor="abound" bfScore="0.7894736842105263" coherenceScore="0.027522935779816515">bn:00082153v</annotation>
		<annotation source="MCS" anchor="commandments" bfScore="--" coherenceScore="--">bn:00020960n</annotation>
		<annotation source="BABELFY" anchor="sanctification" bfScore="0.8019747668678003" coherenceScore="0.3119266055045872">bn:17234447n</annotation>
		<annotation source="BABELFY" anchor="abstain" bfScore="1.0" coherenceScore="0.1834862385321101">bn:00082179v</annotation>
		<annotation source="MCS" anchor="fornication" bfScore="--" coherenceScore="--">bn:00035967n</annotation>
		<annotation source="MCS" anchor="possess" bfScore="--" coherenceScore="--">bn:00091873v</annotation>
		<annotation source="MCS" anchor="vessel" bfScore="--" coherenceScore="--">bn:00079618n</annotation>
		<annotation source="MCS" anchor="honour" bfScore="--" coherenceScore="--">bn:00044653n</annotation>
		<annotation source="MCS" anchor="lust" bfScore="--" coherenceScore="--">bn:00050478n</annotation>
		<annotation source="MCS" anchor="concupiscence" bfScore="--" coherenceScore="--">bn:00021614n</annotation>
		<annotation source="MCS" anchor="Gentiles" bfScore="--" coherenceScore="--">bn:00037763n</annotation>
		<annotation source="MCS" anchor="man" bfScore="--" coherenceScore="--">bn:00001533n</annotation>
		<annotation source="BABELFY" anchor="defraud" bfScore="1.0" coherenceScore="0.009174311926605505">bn:00084240v</annotation>
		<annotation source="MCS" anchor="brother" bfScore="--" coherenceScore="--">bn:00011357n</annotation>
		<annotation source="MCS" anchor="matter" bfScore="--" coherenceScore="--">bn:00001734n</annotation>
		<annotation source="BABELFY" anchor="avenger" bfScore="0.733739837398374" coherenceScore="0.1743119266055046">bn:00007443n</annotation>
		<annotation source="MCS" anchor="forewarned" bfScore="--" coherenceScore="--">bn:00088476v</annotation>
		<annotation source="MCS" anchor="testified" bfScore="--" coherenceScore="--">bn:00082915v</annotation>
		<annotation source="MCS" anchor="called" bfScore="--" coherenceScore="--">bn:00084385v</annotation>
		<annotation source="BABELFY" anchor="uncleanness" bfScore="1.0" coherenceScore="0.027522935779816515">bn:00027392n</annotation>
		<annotation source="BABELFY" anchor="holiness" bfScore="1.0" coherenceScore="0.3761467889908257">bn:00044420n</annotation>
		<annotation source="BABELFY" anchor="holy" bfScore="1.0" coherenceScore="0.30275229357798167">bn:00104250a</annotation>
		<annotation source="BABELFY" anchor="Spirit" bfScore="0.7538431217973985" coherenceScore="0.41284403669724773">bn:00027551n</annotation>
		<annotation source="MCS" anchor="touching" bfScore="--" coherenceScore="--">bn:00095040v</annotation>
		<annotation source="BABELFY" anchor="brotherly" bfScore="1.0" coherenceScore="0.05504587155963303">bn:00098941a</annotation>
		<annotation source="BABELFY" anchor="brotherly love" bfScore="0.8689970597843842" coherenceScore="0.3486238532110092">bn:00013380n</annotation>
		<annotation source="BABELFY" anchor="love" bfScore="0.7239337328163553" coherenceScore="0.5779816513761468">bn:00052121n</annotation>
		<annotation source="BABELFY" anchor="need" bfScore="0.9041095890410958" coherenceScore="0.1651376146788991">bn:00091028v</annotation>
		<annotation source="MCS" anchor="need not" bfScore="--" coherenceScore="--">bn:13732269v</annotation>
		<annotation source="MCS" anchor="write" bfScore="--" coherenceScore="--">bn:00085489v</annotation>
		<annotation source="BABELFY" anchor="taught" bfScore="0.83125" coherenceScore="0.1743119266055046">bn:00089791v</annotation>
		<annotation source="MCS" anchor="love" bfScore="--" coherenceScore="--">bn:00090504v</annotation>
		<annotation source="MCS" anchor="increase" bfScore="--" coherenceScore="--">bn:00001294n</annotation>
		<annotation source="MCS" anchor="study" bfScore="--" coherenceScore="--">bn:00074790n</annotation>
		<annotation source="MCS" anchor="quiet" bfScore="--" coherenceScore="--">bn:00109358a</annotation>
		<annotation source="MCS" anchor="business" bfScore="--" coherenceScore="--">bn:00014136n</annotation>
		<annotation source="MCS" anchor="work" bfScore="--" coherenceScore="--">bn:00095812v</annotation>
		<annotation source="MCS" anchor="hands" bfScore="--" coherenceScore="--">bn:00042759n</annotation>
		<annotation source="MCS" anchor="commanded" bfScore="--" coherenceScore="--">bn:00085400v</annotation>
		<annotation source="MCS" anchor="honestly" bfScore="--" coherenceScore="--">bn:00114663r</annotation>
		<annotation source="MCS" anchor="lack" bfScore="--" coherenceScore="--">bn:00025913n</annotation>
		<annotation source="MCS" anchor="ignorant" bfScore="--" coherenceScore="--">bn:00104533a</annotation>
		<annotation source="MCS" anchor="concerning" bfScore="--" coherenceScore="--">bn:00083240v</annotation>
		<annotation source="BABELFY" anchor="asleep" bfScore="0.9013062409288825" coherenceScore="0.21100917431192662">bn:00097591a</annotation>
		<annotation source="MCS" anchor="sorrow" bfScore="--" coherenceScore="--">bn:00072854n</annotation>
		<annotation source="MCS" anchor="hope" bfScore="--" coherenceScore="--">bn:00044736n</annotation>
		<annotation source="MCS" anchor="believe" bfScore="--" coherenceScore="--">bn:00083369v</annotation>
		<annotation source="MCS" anchor="died" bfScore="--" coherenceScore="--">bn:00084343v</annotation>
		<annotation source="MCS" anchor="rose" bfScore="--" coherenceScore="--">bn:00082761v</annotation>
		<annotation source="MCS" anchor="sleep" bfScore="--" coherenceScore="--">bn:00072101n</annotation>
		<annotation source="MCS" anchor="bring" bfScore="--" coherenceScore="--">bn:00084058v</annotation>
		<annotation source="MCS" anchor="word" bfScore="--" coherenceScore="--">bn:00081546n</annotation>
		<annotation source="MCS" anchor="alive" bfScore="--" coherenceScore="--">bn:00096787a</annotation>
		<annotation source="BABELFY" anchor="remain" bfScore="0.8869778869778869" coherenceScore="0.1743119266055046">bn:00092757v</annotation>
		<annotation source="MCS" anchor="coming" bfScore="--" coherenceScore="--">bn:00085319v</annotation>
		<annotation source="MCS" anchor="coming of" bfScore="--" coherenceScore="--">bn:13618179v</annotation>
		<annotation source="BABELFY" anchor="coming of the Lord" bfScore="1.0" coherenceScore="0.3669724770642202">bn:00001566n</annotation>
		<annotation source="BABELFY" anchor="prevent" bfScore="1.0" coherenceScore="0.1651376146788991">bn:00090033v</annotation>
		<annotation source="MCS" anchor="descend" bfScore="--" coherenceScore="--">bn:00085356v</annotation>
		<annotation source="MCS" anchor="heaven" bfScore="--" coherenceScore="--">bn:00029734n</annotation>
		<annotation source="BABELFY" anchor="shout" bfScore="0.9940387481371088" coherenceScore="0.21100917431192662">bn:00014793n</annotation>
		<annotation source="MCS" anchor="voice" bfScore="--" coherenceScore="--">bn:00080185n</annotation>
		<annotation source="BABELFY" anchor="archangel" bfScore="0.8358333333333333" coherenceScore="0.3119266055045872">bn:00005398n</annotation>
		<annotation source="BABELFY" anchor="trump" bfScore="0.9142857142857143" coherenceScore="0.07339449541284404">bn:00022750n</annotation>
		<annotation source="MCS" anchor="dead" bfScore="--" coherenceScore="--">bn:00025500n</annotation>
		<annotation source="BABELFY" anchor="Christ" bfScore="0.9674687282835303" coherenceScore="0.6880733944954128">bn:00018805n</annotation>
		<annotation source="MCS" anchor="rise" bfScore="--" coherenceScore="--">bn:00082761v</annotation>
		<annotation source="MCS" anchor="caught" bfScore="--" coherenceScore="--">bn:00084651v</annotation>
		<annotation source="MCS" anchor="caught up" bfScore="--" coherenceScore="--">bn:00084685v</annotation>
		<annotation source="MCS" anchor="clouds" bfScore="--" coherenceScore="--">bn:00020001n</annotation>
		<annotation source="MCS" anchor="meet" bfScore="--" coherenceScore="--">bn:00085339v</annotation>
		<annotation source="MCS" anchor="air" bfScore="--" coherenceScore="--">bn:00002185n</annotation>
		<annotation source="MCS" anchor="comfort" bfScore="--" coherenceScore="--">bn:00020912n</annotation>
		<annotation source="MCS" anchor="words" bfScore="--" coherenceScore="--">bn:00081546n</annotation>
	</annotations>
</paragraph>
<paragraph id="p.5">
	<text>
		But of the times and the seasons , brethren , ye have no need that I write unto you .
		For yourselves know perfectly that the day of the Lord so cometh as a thief in the night .
		For when they shall say , Peace and safety ; then sudden destruction cometh upon them , as travail upon a woman with child ; and they shall not escape .
		But ye , brethren , are not in darkness , that that day should overtake you as a thief .
		Ye are all the children of light , and the children of the day : we are not of the night , nor of darkness .
		Therefore let us not sleep , as do others ; but let us watch and be sober .
		For they that sleep sleep in the night ; and they that be drunken are drunken in the night .
		But let us , who are of the day , be sober , putting on the breastplate of faith and love ; and for an helmet , the hope of salvation .
		For God hath not appointed us to wrath , but to obtain salvation by our Lord Jesus Christ ,
		Who died for us , that , whether we wake or sleep , we should live together with him .
		Wherefore comfort yourselves together , and edify one another , even as also ye do .
		And we beseech you , brethren , to know them which labour among you , and are over you in the Lord , and admonish you ;
		And to esteem them very highly in love for their work&amp;apos;s sake . And be at peace among yourselves .
		Now we exhort you , brethren , warn them that are unruly , comfort the feebleminded , support the weak , be patient toward all men .
		See that none render evil for evil unto any man ; but ever follow that which is good , both among yourselves , and to all men .
		Rejoice evermore .
		Pray without ceasing .
		In every thing give thanks : for this is the will of God in Christ Jesus concerning you .
		Quench not the Spirit .
		Despise not prophesyings .
		Prove all things ; hold fast that which is good .
		Abstain from all appearance of evil .
		And the very God of peace sanctify you wholly ; and I pray God your whole spirit and soul and body be preserved blameless unto the coming of our Lord Jesus Christ .
		Faithful is he that calleth you , who also will do it .
		Brethren , pray for us .
		Greet all the brethren with an holy kiss .
		I charge you by the Lord that this epistle be read unto all the holy brethren .
		The grace of our Lord Jesus Christ be with you . Amen .
	</text>
	<annotations>
		<annotation source="BABELFY" anchor="times" bfScore="0.7097379683159396" coherenceScore="0.43670886075949367">bn:00077270n</annotation>
		<annotation source="MCS" anchor="seasons" bfScore="--" coherenceScore="--">bn:00070056n</annotation>
		<annotation source="MCS" anchor="brethren" bfScore="--" coherenceScore="--">bn:00013012n</annotation>
		<annotation source="MCS" anchor="need" bfScore="--" coherenceScore="--">bn:00026107n</annotation>
		<annotation source="MCS" anchor="write" bfScore="--" coherenceScore="--">bn:00085489v</annotation>
		<annotation source="BABELFY" anchor="perfectly" bfScore="1.0" coherenceScore="0.006329113924050633">bn:00114091r</annotation>
		<annotation source="MCS" anchor="day" bfScore="--" coherenceScore="--">bn:00000086n</annotation>
		<annotation source="BABELFY" anchor="day of the Lord" bfScore="1.0" coherenceScore="0.189873417721519">bn:01057217n</annotation>
		<annotation source="MCS" anchor="thief" bfScore="--" coherenceScore="--">bn:00074094n</annotation>
		<annotation source="MCS" anchor="thief in the night" bfScore="--" coherenceScore="--">bn:13715146n</annotation>
		<annotation source="MCS" anchor="night" bfScore="--" coherenceScore="--">bn:00025236n</annotation>
		<annotation source="MCS" anchor="Peace" bfScore="--" coherenceScore="--">bn:00061149n</annotation>
		<annotation source="MCS" anchor="safety" bfScore="--" coherenceScore="--">bn:00068799n</annotation>
		<annotation source="BABELFY" anchor="sudden" bfScore="1.0" coherenceScore="0.006329113924050633">bn:00111415a</annotation>
		<annotation source="MCS" anchor="destruction" bfScore="--" coherenceScore="--">bn:00026610n</annotation>
		<annotation source="MCS" anchor="travail" bfScore="--" coherenceScore="--">bn:00018361n</annotation>
		<annotation source="BABELFY" anchor="woman" bfScore="0.8478590375142099" coherenceScore="0.47468354430379744">bn:00001530n</annotation>
		<annotation source="MCS" anchor="child" bfScore="--" coherenceScore="--">bn:00018345n</annotation>
		<annotation source="BABELFY" anchor="escape" bfScore="0.7857142857142857" coherenceScore="0.05063291139240506">bn:00083961v</annotation>
		<annotation source="MCS" anchor="darkness" bfScore="--" coherenceScore="--">bn:00025233n</annotation>
		<annotation source="BABELFY" anchor="overtake" bfScore="0.9924812030075187" coherenceScore="0.06962025316455696">bn:00091282v</annotation>
		<annotation source="MCS" anchor="children" bfScore="--" coherenceScore="--">bn:00018345n</annotation>
		<annotation source="MCS" anchor="light" bfScore="--" coherenceScore="--">bn:00051108n</annotation>
		<annotation source="BABELFY" anchor="children of the day" bfScore="1.0" coherenceScore="0.13291139240506328">bn:00724714n</annotation>
		<annotation source="BABELFY" anchor="sleep" bfScore="0.905511811023622" coherenceScore="0.0949367088607595">bn:00084684v</annotation>
		<annotation source="MCS" anchor="watch" bfScore="--" coherenceScore="--">bn:00095665v</annotation>
		<annotation source="BABELFY" anchor="sober" bfScore="0.7189542483660131" coherenceScore="0.06329113924050633">bn:00103758a</annotation>
		<annotation source="BABELFY" anchor="sleep" bfScore="0.737886555316686" coherenceScore="0.2911392405063291">bn:00072101n</annotation>
		<annotation source="BABELFY" anchor="drunken" bfScore="0.9615384615384616" coherenceScore="0.15822784810126583">bn:00098312a</annotation>
		<annotation source="MCS" anchor="putting on" bfScore="--" coherenceScore="--">bn:00082876v</annotation>
		<annotation source="BABELFY" anchor="breastplate" bfScore="0.9336099585062241" coherenceScore="0.0949367088607595">bn:00001628n</annotation>
		<annotation source="BABELFY" anchor="faith" bfScore="0.9052997692758015" coherenceScore="0.8037974683544303">bn:00032768n</annotation>
		<annotation source="MCS" anchor="love" bfScore="--" coherenceScore="--">bn:00052121n</annotation>
		<annotation source="BABELFY" anchor="helmet" bfScore="0.8035714285714286" coherenceScore="0.056962025316455694">bn:00043623n</annotation>
		<annotation source="MCS" anchor="hope" bfScore="--" coherenceScore="--">bn:00044736n</annotation>
		<annotation source="MCS" anchor="salvation" bfScore="--" coherenceScore="--">bn:00066712n</annotation>
		<annotation source="BABELFY" anchor="appointed" bfScore="0.7777777777777778" coherenceScore="0.04430379746835443">bn:00082716v</annotation>
		<annotation source="MCS" anchor="wrath" bfScore="--" coherenceScore="--">bn:00081680n</annotation>
		<annotation source="MCS" anchor="obtain" bfScore="--" coherenceScore="--">bn:00091124v</annotation>
		<annotation source="BABELFY" anchor="Lord Jesus" bfScore="1.0" coherenceScore="0.6835443037974683">bn:00018805n</annotation>
		<annotation source="BABELFY" anchor="Lord Jesus Christ" bfScore="1.0" coherenceScore="0.6835443037974683">bn:00018805n</annotation>
		<annotation source="BABELFY" anchor="Jesus" bfScore="0.8616746752091119" coherenceScore="0.6772151898734177">bn:00018805n</annotation>
		<annotation source="BABELFY" anchor="Jesus Christ" bfScore="0.9573531942088833" coherenceScore="0.6772151898734177">bn:00018805n</annotation>
		<annotation source="BABELFY" anchor="Christ" bfScore="0.9636291463021311" coherenceScore="0.6772151898734177">bn:00018805n</annotation>
		<annotation source="MCS" anchor="died" bfScore="--" coherenceScore="--">bn:00084343v</annotation>
		<annotation source="MCS" anchor="wake" bfScore="--" coherenceScore="--">bn:00095595v</annotation>
		<annotation source="BABELFY" anchor="live" bfScore="0.7069256756756757" coherenceScore="0.17088607594936708">bn:00090409v</annotation>
		<annotation source="BABELFY" anchor="live together" bfScore="1.0" coherenceScore="0.056962025316455694">bn:00085262v</annotation>
		<annotation source="BABELFY" anchor="comfort" bfScore="0.7723480333730631" coherenceScore="0.22784810126582278">bn:00020913n</annotation>
		<annotation source="BABELFY" anchor="edify" bfScore="1.0" coherenceScore="0.006329113924050633">bn:00087483v</annotation>
		<annotation source="BABELFY" anchor="beseech" bfScore="1.0" coherenceScore="0.03164556962025317">bn:00082355v</annotation>
		<annotation source="MCS" anchor="labour" bfScore="--" coherenceScore="--">bn:00049570n</annotation>
		<annotation source="BABELFY" anchor="admonish" bfScore="0.9882854100106496" coherenceScore="0.18354430379746836">bn:00082375v</annotation>
		<annotation source="MCS" anchor="esteem" bfScore="--" coherenceScore="--">bn:00087736v</annotation>
		<annotation source="BABELFY" anchor="highly" bfScore="1.0" coherenceScore="0.03164556962025317">bn:00115669r</annotation>
		<annotation source="MCS" anchor="work" bfScore="--" coherenceScore="--">bn:00081568n</annotation>
		<annotation source="BABELFY" anchor="sake" bfScore="0.7424242424242424" coherenceScore="0.04430379746835443">bn:00067720n</annotation>
		<annotation source="MCS" anchor="peace" bfScore="--" coherenceScore="--">bn:00061149n</annotation>
		<annotation source="BABELFY" anchor="exhort" bfScore="0.9375" coherenceScore="0.0189873417721519">bn:00087843v</annotation>
		<annotation source="BABELFY" anchor="warn" bfScore="0.9488752556237219" coherenceScore="0.18354430379746836">bn:00082375v</annotation>
		<annotation source="BABELFY" anchor="unruly" bfScore="0.9982668977469671" coherenceScore="0.20253164556962025">bn:00104980a</annotation>
		<annotation source="BABELFY" anchor="comfort" bfScore="0.8032786885245902" coherenceScore="0.13291139240506328">bn:00085398v</annotation>
		<annotation source="MCS" anchor="feebleminded" bfScore="--" coherenceScore="--">bn:00097956a</annotation>
		<annotation source="BABELFY" anchor="support" bfScore="0.9133858267716536" coherenceScore="0.17721518987341772">bn:00082138v</annotation>
		<annotation source="MCS" anchor="weak" bfScore="--" coherenceScore="--">bn:00113737a</annotation>
		<annotation source="BABELFY" anchor="patient" bfScore="1.0" coherenceScore="0.06329113924050633">bn:00108344a</annotation>
		<annotation source="MCS" anchor="men" bfScore="--" coherenceScore="--">bn:00001533n</annotation>
		<annotation source="BABELFY" anchor="render" bfScore="1.0" coherenceScore="0.006329113924050633">bn:00067105n</annotation>
		<annotation source="BABELFY" anchor="evil" bfScore="0.7339563862928349" coherenceScore="0.3924050632911392">bn:00032050n</annotation>
		<annotation source="MCS" anchor="man" bfScore="--" coherenceScore="--">bn:00001533n</annotation>
		<annotation source="BABELFY" anchor="follow" bfScore="0.7348416289592761" coherenceScore="0.17721518987341772">bn:00082139v</annotation>
		<annotation source="MCS" anchor="good" bfScore="--" coherenceScore="--">bn:00103672a</annotation>
		<annotation source="BABELFY" anchor="Rejoice" bfScore="1.0" coherenceScore="0.18354430379746836">bn:00089996v</annotation>
		<annotation source="BABELFY" anchor="evermore" bfScore="0.9918032786885246" coherenceScore="0.06962025316455696">bn:00115255r</annotation>
		<annotation source="MCS" anchor="ceasing" bfScore="--" coherenceScore="--">bn:00084710v</annotation>
		<annotation source="BABELFY" anchor="thanks" bfScore="0.8223495702005731" coherenceScore="0.25949367088607594">bn:00041465n</annotation>
		<annotation source="BABELFY" anchor="Christ Jesus" bfScore="1.0" coherenceScore="0.6835443037974683">bn:00018805n</annotation>
		<annotation source="MCS" anchor="concerning" bfScore="--" coherenceScore="--">bn:00083240v</annotation>
		<annotation source="BABELFY" anchor="Quench" bfScore="0.746268656716418" coherenceScore="0.06329113924050633">bn:00083675v</annotation>
		<annotation source="MCS" anchor="Spirit" bfScore="--" coherenceScore="--">bn:00073430n</annotation>
		<annotation source="BABELFY" anchor="Despise" bfScore="1.0" coherenceScore="0.05063291139240506">bn:00085702v</annotation>
		<annotation source="BABELFY" anchor="prophesyings" bfScore="1.0" coherenceScore="0.14556962025316456">bn:14648075n</annotation>
		<annotation source="MCS" anchor="Prove" bfScore="--" coherenceScore="--">bn:00092109v</annotation>
		<annotation source="BABELFY" anchor="things" bfScore="0.9490196078431372" coherenceScore="0.13924050632911392">bn:00006125n</annotation>
		<annotation source="MCS" anchor="hold" bfScore="--" coherenceScore="--">bn:00089384v</annotation>
		<annotation source="BABELFY" anchor="hold fast" bfScore="1.0" coherenceScore="0.006329113924050633">bn:00082347v</annotation>
		<annotation source="BABELFY" anchor="fast" bfScore="1.0" coherenceScore="0.0189873417721519">bn:00115336r</annotation>
		<annotation source="BABELFY" anchor="Abstain" bfScore="1.0" coherenceScore="0.15822784810126583">bn:00082179v</annotation>
		<annotation source="MCS" anchor="appearance" bfScore="--" coherenceScore="--">bn:00005023n</annotation>
		<annotation source="BABELFY" anchor="sanctify" bfScore="0.9669811320754716" coherenceScore="0.22151898734177214">bn:00083602v</annotation>
		<annotation source="BABELFY" anchor="wholly" bfScore="0.8" coherenceScore="0.012658227848101266">bn:00114203r</annotation>
		<annotation source="BABELFY" anchor="pray" bfScore="0.9871794871794872" coherenceScore="0.17721518987341772">bn:00091921v</annotation>
		<annotation source="MCS" anchor="spirit" bfScore="--" coherenceScore="--">bn:00073430n</annotation>
		<annotation source="MCS" anchor="soul" bfScore="--" coherenceScore="--">bn:00065006n</annotation>
		<annotation source="BABELFY" anchor="soul and body" bfScore="1.0" coherenceScore="0.006329113924050633">bn:00664331n</annotation>
		<annotation source="MCS" anchor="body" bfScore="--" coherenceScore="--">bn:00011744n</annotation>
		<annotation source="MCS" anchor="preserved" bfScore="--" coherenceScore="--">bn:00083242v</annotation>
		<annotation source="MCS" anchor="blameless" bfScore="--" coherenceScore="--">bn:00098519a</annotation>
		<annotation source="MCS" anchor="coming" bfScore="--" coherenceScore="--">bn:00085319v</annotation>
		<annotation source="MCS" anchor="coming of" bfScore="--" coherenceScore="--">bn:13618179v</annotation>
		<annotation source="MCS" anchor="Faithful" bfScore="--" coherenceScore="--">bn:00032773n</annotation>
		<annotation source="MCS" anchor="Brethren" bfScore="--" coherenceScore="--">bn:00013012n</annotation>
		<annotation source="MCS" anchor="Greet" bfScore="--" coherenceScore="--">bn:00089039v</annotation>
		<annotation source="BABELFY" anchor="holy" bfScore="1.0" coherenceScore="0.22784810126582278">bn:00104250a</annotation>
		<annotation source="BABELFY" anchor="holy kiss" bfScore="1.0" coherenceScore="0.24050632911392406">bn:00049235n</annotation>
		<annotation source="BABELFY" anchor="kiss" bfScore="0.9631688672689368" coherenceScore="0.26582278481012656">bn:00014182n</annotation>
		<annotation source="BABELFY" anchor="charge" bfScore="0.7311411992263056" coherenceScore="0.17088607594936708">bn:00084807v</annotation>
		<annotation source="BABELFY" anchor="epistle" bfScore="0.7582376897445391" coherenceScore="0.20253164556962025">bn:00031239n</annotation>
		<annotation source="BABELFY" anchor="read" bfScore="0.9467980295566503" coherenceScore="0.1962025316455696">bn:00092428v</annotation>
		<annotation source="MCS" anchor="grace" bfScore="--" coherenceScore="--">bn:00041221n</annotation>
		<annotation source="BABELFY" anchor="Amen" bfScore="0.7357032457496137" coherenceScore="0.21518987341772153">bn:00003325n</annotation>
	</annotations>
</paragraph>
</dataset>
