<?xml version="1.0" encoding="utf-8"?>
<dataset language="EN" title="2JO">
<paragraph id="p.1">
	<text>
		The elder unto the elect lady and her children , whom I love in the truth ; and not I only , but also all they that have known the truth ;
		For the truth&amp;apos;s sake , which dwelleth in us , and shall be with us for ever .
		Grace be with you , mercy , and peace , from God the Father , and from the Lord Jesus Christ , the Son of the Father , in truth and love .
		I rejoiced greatly that I found of thy children walking in truth , as we have received a commandment from the Father .
		And now I beseech thee , lady , not as though I wrote a new commandment unto thee , but that which we had from the beginning , that we love one another .
		And this is love , that we walk after his commandments . This is the commandment , That , as ye have heard from the beginning , ye should walk in it .
		For many deceivers are entered into the world , who confess not that Jesus Christ is come in the flesh . This is a deceiver and an antichrist .
		Look to yourselves , that we lose not those things which we have wrought , but that we receive a full reward .
		Whosoever transgresseth , and abideth not in the doctrine of Christ , hath not God . He that abideth in the doctrine of Christ , he hath both the Father and the Son .
		If there come any unto you , and bring not this doctrine , receive him not into your house , neither bid him God speed :
		For he that biddeth him God speed is partaker of his evil deeds .
		Having many things to write unto you , I would not write with paper and ink : but I trust to come unto you , and speak face to face , that our joy may be full .
		The children of thy elect sister greet thee . Amen .
	</text>
	<annotations>
		<annotation source="MCS" anchor="elder" bfScore="--" coherenceScore="--">bn:00030100n</annotation>
		<annotation source="BABELFY" anchor="elect" bfScore="0.75" coherenceScore="0.009433962264150943">bn:00102077a</annotation>
		<annotation source="BABELFY" anchor="elect lady" bfScore="0.7981462409886715" coherenceScore="0.2358490566037736">bn:00045902n</annotation>
		<annotation source="MCS" anchor="lady" bfScore="--" coherenceScore="--">bn:00049666n</annotation>
		<annotation source="MCS" anchor="children" bfScore="--" coherenceScore="--">bn:00018345n</annotation>
		<annotation source="MCS" anchor="love" bfScore="--" coherenceScore="--">bn:00090504v</annotation>
		<annotation source="MCS" anchor="truth" bfScore="--" coherenceScore="--">bn:00078498n</annotation>
		<annotation source="MCS" anchor="known" bfScore="--" coherenceScore="--">bn:00085261v</annotation>
		<annotation source="MCS" anchor="sake" bfScore="--" coherenceScore="--">bn:00047078n</annotation>
		<annotation source="MCS" anchor="Grace" bfScore="--" coherenceScore="--">bn:00041221n</annotation>
		<annotation source="MCS" anchor="mercy" bfScore="--" coherenceScore="--">bn:00019708n</annotation>
		<annotation source="MCS" anchor="peace" bfScore="--" coherenceScore="--">bn:00061149n</annotation>
		<annotation source="BABELFY" anchor="God" bfScore="0.7216208714959755" coherenceScore="0.7547169811320755">bn:00040878n</annotation>
		<annotation source="BABELFY" anchor="God the Father" bfScore="1.0" coherenceScore="0.29245283018867924">bn:03137478n</annotation>
		<annotation source="MCS" anchor="Father" bfScore="--" coherenceScore="--">bn:00009616n</annotation>
		<annotation source="BABELFY" anchor="Lord Jesus" bfScore="1.0" coherenceScore="0.7264150943396226">bn:00018805n</annotation>
		<annotation source="BABELFY" anchor="Lord Jesus Christ" bfScore="1.0" coherenceScore="0.7264150943396226">bn:00018805n</annotation>
		<annotation source="BABELFY" anchor="Jesus" bfScore="0.8733163793915418" coherenceScore="0.7169811320754716">bn:00018805n</annotation>
		<annotation source="BABELFY" anchor="Jesus Christ" bfScore="0.9707814035269173" coherenceScore="0.7169811320754716">bn:00018805n</annotation>
		<annotation source="BABELFY" anchor="Christ" bfScore="0.9780800418519487" coherenceScore="0.7169811320754716">bn:00018805n</annotation>
		<annotation source="BABELFY" anchor="Son" bfScore="0.8498122653316645" coherenceScore="0.330188679245283">bn:00051877n</annotation>
		<annotation source="BABELFY" anchor="truth and love" bfScore="1.0" coherenceScore="0.009433962264150943">bn:03643835n</annotation>
		<annotation source="BABELFY" anchor="love" bfScore="0.707876370887338" coherenceScore="0.5660377358490566">bn:00052121n</annotation>
		<annotation source="BABELFY" anchor="rejoiced" bfScore="0.99079754601227" coherenceScore="0.16037735849056603">bn:00089996v</annotation>
		<annotation source="MCS" anchor="greatly" bfScore="--" coherenceScore="--">bn:00115553r</annotation>
		<annotation source="BABELFY" anchor="found" bfScore="0.7470817120622568" coherenceScore="0.22641509433962265">bn:00085393v</annotation>
		<annotation source="MCS" anchor="walking" bfScore="--" coherenceScore="--">bn:00095597v</annotation>
		<annotation source="MCS" anchor="received" bfScore="--" coherenceScore="--">bn:00089246v</annotation>
		<annotation source="MCS" anchor="commandment" bfScore="--" coherenceScore="--">bn:00020960n</annotation>
		<annotation source="BABELFY" anchor="beseech" bfScore="1.0" coherenceScore="0.04716981132075472">bn:00082355v</annotation>
		<annotation source="MCS" anchor="wrote" bfScore="--" coherenceScore="--">bn:00085489v</annotation>
		<annotation source="BABELFY" anchor="new" bfScore="0.7142857142857143" coherenceScore="0.03773584905660377">bn:00106833a</annotation>
		<annotation source="BABELFY" anchor="new commandment" bfScore="1.0" coherenceScore="0.20754716981132076">bn:00704759n</annotation>
		<annotation source="MCS" anchor="beginning" bfScore="--" coherenceScore="--">bn:00009632n</annotation>
		<annotation source="MCS" anchor="walk" bfScore="--" coherenceScore="--">bn:00095597v</annotation>
		<annotation source="MCS" anchor="commandments" bfScore="--" coherenceScore="--">bn:00020960n</annotation>
		<annotation source="BABELFY" anchor="heard" bfScore="0.8848039215686274" coherenceScore="0.1792452830188679">bn:00089279v</annotation>
		<annotation source="BABELFY" anchor="walk in" bfScore="1.0" coherenceScore="0.04716981132075472">bn:00095609v</annotation>
		<annotation source="BABELFY" anchor="deceivers" bfScore="0.9911894273127754" coherenceScore="0.14150943396226415">bn:00009646n</annotation>
		<annotation source="MCS" anchor="entered" bfScore="--" coherenceScore="--">bn:00085363v</annotation>
		<annotation source="MCS" anchor="world" bfScore="--" coherenceScore="--">bn:00022991n</annotation>
		<annotation source="BABELFY" anchor="confess" bfScore="0.995575221238938" coherenceScore="0.14150943396226415">bn:00085576v</annotation>
		<annotation source="MCS" anchor="flesh" bfScore="--" coherenceScore="--">bn:00035182n</annotation>
		<annotation source="BABELFY" anchor="deceiver" bfScore="0.9911894273127754" coherenceScore="0.14150943396226415">bn:00009646n</annotation>
		<annotation source="MCS" anchor="Look" bfScore="--" coherenceScore="--">bn:00090448v</annotation>
		<annotation source="MCS" anchor="Look to" bfScore="--" coherenceScore="--">bn:00090466v</annotation>
		<annotation source="BABELFY" anchor="lose" bfScore="0.8828828828828829" coherenceScore="0.1320754716981132">bn:00090487v</annotation>
		<annotation source="BABELFY" anchor="things" bfScore="0.995475113122172" coherenceScore="0.10377358490566038">bn:00006125n</annotation>
		<annotation source="MCS" anchor="wrought" bfScore="--" coherenceScore="--">bn:00106852a</annotation>
		<annotation source="MCS" anchor="receive" bfScore="--" coherenceScore="--">bn:00089246v</annotation>
		<annotation source="MCS" anchor="full" bfScore="--" coherenceScore="--">bn:00103391a</annotation>
		<annotation source="MCS" anchor="reward" bfScore="--" coherenceScore="--">bn:00061123n</annotation>
		<annotation source="MCS" anchor="Whosoever" bfScore="--" coherenceScore="--">bn:03288509n</annotation>
		<annotation source="BABELFY" anchor="doctrine" bfScore="0.7433392539964476" coherenceScore="0.25471698113207547">bn:00028013n</annotation>
		<annotation source="MCS" anchor="bring" bfScore="--" coherenceScore="--">bn:00084058v</annotation>
		<annotation source="MCS" anchor="house" bfScore="--" coherenceScore="--">bn:00044994n</annotation>
		<annotation source="BABELFY" anchor="bid" bfScore="0.9320388349514563" coherenceScore="0.18867924528301888">bn:00083476v</annotation>
		<annotation source="BABELFY" anchor="God speed" bfScore="1.0" coherenceScore="0.14150943396226415">bn:16702048n</annotation>
		<annotation source="MCS" anchor="speed" bfScore="--" coherenceScore="--">bn:00073258n</annotation>
		<annotation source="BABELFY" anchor="partaker" bfScore="1.0" coherenceScore="0.18867924528301888">bn:00060776n</annotation>
		<annotation source="BABELFY" anchor="evil" bfScore="0.9529411764705882" coherenceScore="0.16981132075471697">bn:00102475a</annotation>
		<annotation source="BABELFY" anchor="evil deeds" bfScore="1.0" coherenceScore="0.3584905660377358">bn:00023807n</annotation>
		<annotation source="MCS" anchor="deeds" bfScore="--" coherenceScore="--">bn:00025804n</annotation>
		<annotation source="MCS" anchor="write" bfScore="--" coherenceScore="--">bn:00085489v</annotation>
		<annotation source="MCS" anchor="paper" bfScore="--" coherenceScore="--">bn:00060464n</annotation>
		<annotation source="BABELFY" anchor="ink" bfScore="0.9047619047619048" coherenceScore="0.14150943396226415">bn:02279174n</annotation>
		<annotation source="BABELFY" anchor="trust" bfScore="0.92018779342723" coherenceScore="0.1320754716981132">bn:00086683v</annotation>
		<annotation source="MCS" anchor="speak" bfScore="--" coherenceScore="--">bn:00090943v</annotation>
		<annotation source="MCS" anchor="face" bfScore="--" coherenceScore="--">bn:00032600n</annotation>
		<annotation source="BABELFY" anchor="face to face" bfScore="0.9702970297029703" coherenceScore="0.1320754716981132">bn:01012225n</annotation>
		<annotation source="BABELFY" anchor="face" bfScore="0.8687258687258688" coherenceScore="0.14150943396226415">bn:00085597v</annotation>
		<annotation source="MCS" anchor="joy" bfScore="--" coherenceScore="--">bn:00048468n</annotation>
		<annotation source="BABELFY" anchor="full" bfScore="1.0" coherenceScore="0.018867924528301886">bn:00103392a</annotation>
		<annotation source="BABELFY" anchor="elect" bfScore="0.75" coherenceScore="0.009433962264150943">bn:00087517v</annotation>
		<annotation source="BABELFY" anchor="greet" bfScore="1.0" coherenceScore="0.16981132075471697">bn:00041739n</annotation>
		<annotation source="BABELFY" anchor="Amen" bfScore="0.8677986658580958" coherenceScore="0.25471698113207547">bn:00003325n</annotation>
	</annotations>
</paragraph>
