<?xml version="1.0" encoding="utf-8"?>
<dataset language="EN" title="2PE">
<paragraph id="p.1">
	<text>
		Simon Peter , a servant and an apostle of Jesus Christ , to them that have obtained like precious faith with us through the righteousness of God and our Saviour Jesus Christ :
		Grace and peace be multiplied unto you through the knowledge of God , and of Jesus our Lord ,
		According as his divine power hath given unto us all things that pertain unto life and godliness , through the knowledge of him that hath called us to glory and virtue :
		Whereby are given unto us exceeding great and precious promises : that by these ye might be partakers of the divine nature , having escaped the corruption that is in the world through lust .
		And beside this , giving all diligence , add to your faith virtue ; and to virtue knowledge ;
		And to knowledge temperance ; and to temperance patience ; and to patience godliness ;
		And to godliness brotherly kindness ; and to brotherly kindness charity .
		For if these things be in you , and abound , they make you that ye shall neither be barren nor unfruitful in the knowledge of our Lord Jesus Christ .
		But he that lacketh these things is blind , and cannot see afar off , and hath forgotten that he was purged from his old sins .
		Wherefore the rather , brethren , give diligence to make your calling and election sure : for if ye do these things , ye shall never fall :
		For so an entrance shall be ministered unto you abundantly into the everlasting kingdom of our Lord and Saviour Jesus Christ .
		Wherefore I will not be negligent to put you always in remembrance of these things , though ye know them , and be established in the present truth .
		Yea , I think it meet , as long as I am in this tabernacle , to stir you up by putting you in remembrance ;
		Knowing that shortly I must put off this my tabernacle , even as our Lord Jesus Christ hath shewed me .
		Moreover I will endeavour that ye may be able after my decease to have these things always in remembrance .
		For we have not followed cunningly devised fables , when we made known unto you the power and coming of our Lord Jesus Christ , but were eyewitnesses of his majesty .
		For he received from God the Father honour and glory , when there came such a voice to him from the excellent glory , This is my beloved Son , in whom I am well pleased .
		And this voice which came from heaven we heard , when we were with him in the holy mount .
		We have also a more sure word of prophecy ; whereunto ye do well that ye take heed , as unto a light that shineth in a dark place , until the day dawn , and the day star arise in your hearts :
		Knowing this first , that no prophecy of the scripture is of any private interpretation .
		For the prophecy came not in old time by the will of man : but holy men of God spake as they were moved by the Holy Ghost .
	</text>
	<annotations>
		<annotation source="BABELFY" anchor="Simon Peter" bfScore="1.0" coherenceScore="0.4175257731958763">bn:00061802n</annotation>
		<annotation source="BABELFY" anchor="servant" bfScore="0.7428571428571429" coherenceScore="0.25773195876288657">bn:00067423n</annotation>
		<annotation source="MCS" anchor="apostle" bfScore="--" coherenceScore="--">bn:00004981n</annotation>
		<annotation source="BABELFY" anchor="Jesus" bfScore="0.7776150483992769" coherenceScore="0.7268041237113402">bn:00018805n</annotation>
		<annotation source="BABELFY" anchor="Jesus Christ" bfScore="0.949185242761569" coherenceScore="0.7268041237113402">bn:00018805n</annotation>
		<annotation source="BABELFY" anchor="Christ" bfScore="0.9492308120288202" coherenceScore="0.7268041237113402">bn:00018805n</annotation>
		<annotation source="MCS" anchor="obtained" bfScore="--" coherenceScore="--">bn:00091124v</annotation>
		<annotation source="BABELFY" anchor="precious" bfScore="0.9859943977591037" coherenceScore="0.2268041237113402">bn:00099583a</annotation>
		<annotation source="BABELFY" anchor="faith" bfScore="0.8775762217010482" coherenceScore="0.845360824742268">bn:00032768n</annotation>
		<annotation source="MCS" anchor="righteousness" bfScore="--" coherenceScore="--">bn:00067848n</annotation>
		<annotation source="BABELFY" anchor="Saviour" bfScore="0.976348559541789" coherenceScore="0.7268041237113402">bn:00018805n</annotation>
		<annotation source="MCS" anchor="Grace" bfScore="--" coherenceScore="--">bn:00041221n</annotation>
		<annotation source="MCS" anchor="peace" bfScore="--" coherenceScore="--">bn:00061149n</annotation>
		<annotation source="MCS" anchor="multiplied" bfScore="--" coherenceScore="--">bn:00090977v</annotation>
		<annotation source="BABELFY" anchor="knowledge" bfScore="0.7959289064853466" coherenceScore="0.7061855670103093">bn:00020452n</annotation>
		<annotation source="BABELFY" anchor="knowledge of God" bfScore="1.0" coherenceScore="0.31443298969072164">bn:00058950n</annotation>
		<annotation source="BABELFY" anchor="According" bfScore="1.0" coherenceScore="0.02577319587628866">bn:00082227v</annotation>
		<annotation source="MCS" anchor="divine" bfScore="--" coherenceScore="--">bn:00101637a</annotation>
		<annotation source="BABELFY" anchor="divine power" bfScore="1.0" coherenceScore="0.4020618556701031">bn:00024998n</annotation>
		<annotation source="MCS" anchor="power" bfScore="--" coherenceScore="--">bn:00063940n</annotation>
		<annotation source="BABELFY" anchor="things" bfScore="0.9187145557655955" coherenceScore="0.13917525773195877">bn:00006125n</annotation>
		<annotation source="BABELFY" anchor="pertain" bfScore="0.9767441860465116" coherenceScore="0.18556701030927836">bn:00083240v</annotation>
		<annotation source="MCS" anchor="life" bfScore="--" coherenceScore="--">bn:00051045n</annotation>
		<annotation source="BABELFY" anchor="godliness" bfScore="0.8610964301157931" coherenceScore="0.4484536082474227">bn:00025995n</annotation>
		<annotation source="MCS" anchor="called" bfScore="--" coherenceScore="--">bn:00084385v</annotation>
		<annotation source="BABELFY" anchor="glory" bfScore="0.8508454810495627" coherenceScore="0.32989690721649484">bn:00007184n</annotation>
		<annotation source="MCS" anchor="virtue" bfScore="--" coherenceScore="--">bn:00055848n</annotation>
		<annotation source="BABELFY" anchor="exceeding" bfScore="0.75" coherenceScore="0.015463917525773196">bn:00087795v</annotation>
		<annotation source="BABELFY" anchor="great" bfScore="0.9771554900515844" coherenceScore="0.17525773195876287">bn:00103780a</annotation>
		<annotation source="BABELFY" anchor="promises" bfScore="0.7005003573981415" coherenceScore="0.25257731958762886">bn:00064699n</annotation>
		<annotation source="BABELFY" anchor="partakers" bfScore="1.0" coherenceScore="0.18556701030927836">bn:00060776n</annotation>
		<annotation source="BABELFY" anchor="nature" bfScore="0.7375827814569537" coherenceScore="0.5103092783505154">bn:00057017n</annotation>
		<annotation source="BABELFY" anchor="escaped" bfScore="0.7105263157894737" coherenceScore="0.04639175257731959">bn:00087537v</annotation>
		<annotation source="BABELFY" anchor="corruption" bfScore="0.7279344858962693" coherenceScore="0.20618556701030927">bn:00022885n</annotation>
		<annotation source="MCS" anchor="world" bfScore="--" coherenceScore="--">bn:00022991n</annotation>
		<annotation source="MCS" anchor="lust" bfScore="--" coherenceScore="--">bn:00050478n</annotation>
		<annotation source="BABELFY" anchor="diligence" bfScore="0.9803921568627451" coherenceScore="0.33505154639175255">bn:00027133n</annotation>
		<annotation source="BABELFY" anchor="temperance" bfScore="0.7250874125874126" coherenceScore="0.3247422680412371">bn:00055459n</annotation>
		<annotation source="MCS" anchor="patience" bfScore="--" coherenceScore="--">bn:00035762n</annotation>
		<annotation source="BABELFY" anchor="brotherly" bfScore="1.0" coherenceScore="0.041237113402061855">bn:00098941a</annotation>
		<annotation source="BABELFY" anchor="kindness" bfScore="0.9907692307692307" coherenceScore="0.28865979381443296">bn:00049132n</annotation>
		<annotation source="MCS" anchor="charity" bfScore="--" coherenceScore="--">bn:00017818n</annotation>
		<annotation source="MCS" anchor="abound" bfScore="--" coherenceScore="--">bn:00082152v</annotation>
		<annotation source="BABELFY" anchor="barren" bfScore="0.9294532627865961" coherenceScore="0.15979381443298968">bn:00098081a</annotation>
		<annotation source="BABELFY" anchor="unfruitful" bfScore="1.0" coherenceScore="0.020618556701030927">bn:00112781a</annotation>
		<annotation source="BABELFY" anchor="Lord Jesus" bfScore="1.0" coherenceScore="0.7319587628865979">bn:00018805n</annotation>
		<annotation source="BABELFY" anchor="Lord Jesus Christ" bfScore="1.0" coherenceScore="0.7319587628865979">bn:00018805n</annotation>
		<annotation source="BABELFY" anchor="blind" bfScore="0.92" coherenceScore="0.08247422680412371">bn:00098564a</annotation>
		<annotation source="BABELFY" anchor="afar" bfScore="1.0" coherenceScore="0.030927835051546393">bn:00114155r</annotation>
		<annotation source="MCS" anchor="forgotten" bfScore="--" coherenceScore="--">bn:00084302v</annotation>
		<annotation source="BABELFY" anchor="purged" bfScore="0.8454106280193237" coherenceScore="0.18041237113402062">bn:00092186v</annotation>
		<annotation source="MCS" anchor="old" bfScore="--" coherenceScore="--">bn:00107786a</annotation>
		<annotation source="BABELFY" anchor="sins" bfScore="0.7699549381475848" coherenceScore="0.5257731958762887">bn:00071707n</annotation>
		<annotation source="MCS" anchor="brethren" bfScore="--" coherenceScore="--">bn:00013012n</annotation>
		<annotation source="BABELFY" anchor="calling" bfScore="0.991669443518827" coherenceScore="0.31958762886597936">bn:00014839n</annotation>
		<annotation source="BABELFY" anchor="calling and election" bfScore="1.0" coherenceScore="0.1958762886597938">bn:03103114n</annotation>
		<annotation source="MCS" anchor="election" bfScore="--" coherenceScore="--">bn:00030113n</annotation>
		<annotation source="BABELFY" anchor="sure" bfScore="1.0" coherenceScore="0.020618556701030927">bn:00114694r</annotation>
		<annotation source="MCS" anchor="fall" bfScore="--" coherenceScore="--">bn:00087976v</annotation>
		<annotation source="MCS" anchor="entrance" bfScore="--" coherenceScore="--">bn:00031044n</annotation>
		<annotation source="BABELFY" anchor="ministered" bfScore="0.9995054401582592" coherenceScore="0.22164948453608246">bn:00090806v</annotation>
		<annotation source="BABELFY" anchor="abundantly" bfScore="1.0" coherenceScore="0.020618556701030927">bn:00114097r</annotation>
		<annotation source="MCS" anchor="everlasting" bfScore="--" coherenceScore="--">bn:00096562a</annotation>
		<annotation source="BABELFY" anchor="kingdom" bfScore="0.7505773672055427" coherenceScore="0.26804123711340205">bn:00055624n</annotation>
		<annotation source="BABELFY" anchor="negligent" bfScore="1.0" coherenceScore="0.015463917525773196">bn:00107204a</annotation>
		<annotation source="MCS" anchor="remembrance" bfScore="--" coherenceScore="--">bn:00003810n</annotation>
		<annotation source="MCS" anchor="established" bfScore="--" coherenceScore="--">bn:00087732v</annotation>
		<annotation source="BABELFY" anchor="present" bfScore="0.9775280898876404" coherenceScore="0.12371134020618557">bn:00108977a</annotation>
		<annotation source="MCS" anchor="truth" bfScore="--" coherenceScore="--">bn:00078498n</annotation>
		<annotation source="BABELFY" anchor="Yea" bfScore="1.0" coherenceScore="0.020618556701030927">bn:00117651r</annotation>
		<annotation source="MCS" anchor="think" bfScore="--" coherenceScore="--">bn:00083370v</annotation>
		<annotation source="MCS" anchor="meet" bfScore="--" coherenceScore="--">bn:00085339v</annotation>
		<annotation source="BABELFY" anchor="long" bfScore="0.9130434782608695" coherenceScore="0.030927835051546393">bn:00116154r</annotation>
		<annotation source="BABELFY" anchor="stir" bfScore="0.915929203539823" coherenceScore="0.09278350515463918">bn:00082770v</annotation>
		<annotation source="MCS" anchor="Knowing" bfScore="--" coherenceScore="--">bn:00085261v</annotation>
		<annotation source="BABELFY" anchor="shortly" bfScore="0.9687034277198212" coherenceScore="0.12886597938144329">bn:00114513r</annotation>
		<annotation source="BABELFY" anchor="shewed" bfScore="1.0" coherenceScore="0.02577319587628866">bn:00086567v</annotation>
		<annotation source="BABELFY" anchor="endeavour" bfScore="0.9333333333333333" coherenceScore="0.03608247422680412">bn:00082844v</annotation>
		<annotation source="BABELFY" anchor="able" bfScore="0.8658008658008658" coherenceScore="0.20618556701030927">bn:00096151a</annotation>
		<annotation source="BABELFY" anchor="decease" bfScore="1.0" coherenceScore="0.5721649484536082">bn:00025582n</annotation>
		<annotation source="MCS" anchor="followed" bfScore="--" coherenceScore="--">bn:00088421v</annotation>
		<annotation source="BABELFY" anchor="cunningly" bfScore="0.9411764705882353" coherenceScore="0.020618556701030927">bn:00114347r</annotation>
		<annotation source="MCS" anchor="devised" bfScore="--" coherenceScore="--">bn:00085743v</annotation>
		<annotation source="MCS" anchor="fables" bfScore="--" coherenceScore="--">bn:00032590n</annotation>
		<annotation source="MCS" anchor="known" bfScore="--" coherenceScore="--">bn:00085261v</annotation>
		<annotation source="BABELFY" anchor="coming" bfScore="0.7892018779342723" coherenceScore="0.211340206185567">bn:00085319v</annotation>
		<annotation source="MCS" anchor="coming of" bfScore="--" coherenceScore="--">bn:13618179v</annotation>
		<annotation source="BABELFY" anchor="eyewitnesses" bfScore="0.81" coherenceScore="0.04639175257731959">bn:00346485n</annotation>
		<annotation source="MCS" anchor="majesty" bfScore="--" coherenceScore="--">bn:00051828n</annotation>
		<annotation source="BABELFY" anchor="received" bfScore="0.7845468053491828" coherenceScore="0.2268041237113402">bn:00092494v</annotation>
		<annotation source="BABELFY" anchor="God the Father" bfScore="1.0" coherenceScore="0.36597938144329895">bn:03137478n</annotation>
		<annotation source="MCS" anchor="Father" bfScore="--" coherenceScore="--">bn:00009616n</annotation>
		<annotation source="MCS" anchor="honour" bfScore="--" coherenceScore="--">bn:00044653n</annotation>
		<annotation source="BABELFY" anchor="voice" bfScore="0.7575757575757576" coherenceScore="0.28350515463917525">bn:00072794n</annotation>
		<annotation source="BABELFY" anchor="excellent" bfScore="1.0" coherenceScore="0.03608247422680412">bn:00102496a</annotation>
		<annotation source="BABELFY" anchor="beloved" bfScore="1.0" coherenceScore="0.015463917525773196">bn:00098224a</annotation>
		<annotation source="BABELFY" anchor="Son" bfScore="0.8852752704471852" coherenceScore="0.37628865979381443">bn:00051877n</annotation>
		<annotation source="MCS" anchor="heaven" bfScore="--" coherenceScore="--">bn:00029734n</annotation>
		<annotation source="BABELFY" anchor="heard" bfScore="0.8580527752502275" coherenceScore="0.211340206185567">bn:00089279v</annotation>
		<annotation source="BABELFY" anchor="holy" bfScore="1.0" coherenceScore="0.28350515463917525">bn:00104250a</annotation>
		<annotation source="BABELFY" anchor="holy mount" bfScore="1.0" coherenceScore="0.13917525773195877">bn:00928180n</annotation>
		<annotation source="BABELFY" anchor="mount" bfScore="0.9905200433369448" coherenceScore="0.27319587628865977">bn:00056068n</annotation>
		<annotation source="MCS" anchor="sure" bfScore="--" coherenceScore="--">bn:00099475a</annotation>
		<annotation source="MCS" anchor="word" bfScore="--" coherenceScore="--">bn:00081546n</annotation>
		<annotation source="MCS" anchor="prophecy" bfScore="--" coherenceScore="--">bn:00064645n</annotation>
		<annotation source="MCS" anchor="whereunto" bfScore="--" coherenceScore="--">bn:13750721r</annotation>
		<annotation source="BABELFY" anchor="take heed" bfScore="1.0" coherenceScore="0.010309278350515464">bn:00089280v</annotation>
		<annotation source="BABELFY" anchor="heed" bfScore="0.98" coherenceScore="0.03608247422680412">bn:00007026n</annotation>
		<annotation source="MCS" anchor="light" bfScore="--" coherenceScore="--">bn:00051108n</annotation>
		<annotation source="MCS" anchor="dark" bfScore="--" coherenceScore="--">bn:00100902a</annotation>
		<annotation source="BABELFY" anchor="dark place" bfScore="1.0" coherenceScore="0.010309278350515464">bn:03599621n</annotation>
		<annotation source="MCS" anchor="place" bfScore="--" coherenceScore="--">bn:00062699n</annotation>
		<annotation source="MCS" anchor="day" bfScore="--" coherenceScore="--">bn:00000086n</annotation>
		<annotation source="MCS" anchor="dawn" bfScore="--" coherenceScore="--">bn:00007205n</annotation>
		<annotation source="MCS" anchor="star" bfScore="--" coherenceScore="--">bn:00073964n</annotation>
		<annotation source="BABELFY" anchor="arise" bfScore="0.9064748201438849" coherenceScore="0.09278350515463918">bn:00082757v</annotation>
		<annotation source="MCS" anchor="hearts" bfScore="--" coherenceScore="--">bn:00012289n</annotation>
		<annotation source="BABELFY" anchor="scripture" bfScore="0.8784870922553533" coherenceScore="0.7268041237113402">bn:00010217n</annotation>
		<annotation source="MCS" anchor="private" bfScore="--" coherenceScore="--">bn:00109026a</annotation>
		<annotation source="MCS" anchor="interpretation" bfScore="--" coherenceScore="--">bn:00047196n</annotation>
		<annotation source="BABELFY" anchor="old time" bfScore="1.0" coherenceScore="0.03608247422680412">bn:03749604n</annotation>
		<annotation source="BABELFY" anchor="time" bfScore="0.7821892260239581" coherenceScore="0.5824742268041238">bn:00077270n</annotation>
		<annotation source="MCS" anchor="man" bfScore="--" coherenceScore="--">bn:00001533n</annotation>
		<annotation source="BABELFY" anchor="holy men" bfScore="0.7047251010012295" coherenceScore="0.30412371134020616">bn:00004064n</annotation>
		<annotation source="MCS" anchor="men" bfScore="--" coherenceScore="--">bn:00001533n</annotation>
		<annotation source="BABELFY" anchor="men of God" bfScore="1.0" coherenceScore="0.23195876288659795">bn:02363046n</annotation>
		<annotation source="MCS" anchor="spake" bfScore="--" coherenceScore="--">bn:00090943v</annotation>
		<annotation source="MCS" anchor="Holy" bfScore="--" coherenceScore="--">bn:00044465n</annotation>
		<annotation source="BABELFY" anchor="Holy Ghost" bfScore="0.8475728155339806" coherenceScore="0.3247422680412371">bn:00044468n</annotation>
		<annotation source="MCS" anchor="Ghost" bfScore="--" coherenceScore="--">bn:00040368n</annotation>
	</annotations>
</paragraph>
<paragraph id="p.2">
	<text>
		But there were false prophets also among the people , even as there shall be false teachers among you , who privily shall bring in damnable heresies , even denying the Lord that bought them , and bring upon themselves swift destruction .
		And many shall follow their pernicious ways ; by reason of whom the way of truth shall be evil spoken of .
		And through covetousness shall they with feigned words make merchandise of you : whose judgment now of a long time lingereth not , and their damnation slumbereth not .
		For if God spared not the angels that sinned , but cast them down to hell , and delivered them into chains of darkness , to be reserved unto judgment ;
		And spared not the old world , but saved Noah the eighth person , a preacher of righteousness , bringing in the flood upon the world of the ungodly ;
		And turning the cities of Sodom and Gomorrha into ashes condemned them with an overthrow , making them an ensample unto those that after should live ungodly ;
		And delivered just Lot , vexed with the filthy conversation of the wicked :
		( For that righteous man dwelling among them , in seeing and hearing , vexed his righteous soul from day to day with their unlawful deeds ; )
		The Lord knoweth how to deliver the godly out of temptations , and to reserve the unjust unto the day of judgment to be punished :
		But chiefly them that walk after the flesh in the lust of uncleanness , and despise government . Presumptuous are they , selfwilled , they are not afraid to speak evil of dignities .
		Whereas angels , which are greater in power and might , bring not railing accusation against them before the Lord .
		But these , as natural brute beasts , made to be taken and destroyed , speak evil of the things that they understand not ; and shall utterly perish in their own corruption ;
		And shall receive the reward of unrighteousness , as they that count it pleasure to riot in the day time . Spots they are and blemishes , sporting themselves with their own deceivings while they feast with you ;
		Having eyes full of adultery , and that cannot cease from sin ; beguiling unstable souls : an heart they have exercised with covetous practices ; cursed children :
		Which have forsaken the right way , and are gone astray , following the way of Balaam the son of Bosor , who loved the wages of unrighteousness ;
		But was rebuked for his iniquity : the dumb ass speaking with man&amp;apos;s voice forbad the madness of the prophet .
		These are wells without water , clouds that are carried with a tempest ; to whom the mist of darkness is reserved for ever .
		For when they speak great swelling words of vanity , they allure through the lusts of the flesh , through much wantonness , those that were clean escaped from them who live in error .
		While they promise them liberty , they themselves are the servants of corruption : for of whom a man is overcome , of the same is he brought in bondage .
		For if after they have escaped the pollutions of the world through the knowledge of the Lord and Saviour Jesus Christ , they are again entangled therein , and overcome , the latter end is worse with them than the beginning .
		For it had been better for them not to have known the way of righteousness , than , after they have known it , to turn from the holy commandment delivered unto them .
		But it is happened unto them according to the true proverb , The dog is turned to his own vomit again ; and the sow that was washed to her wallowing in the mire .
	</text>
	<annotations>
		<annotation source="MCS" anchor="false" bfScore="--" coherenceScore="--">bn:00102746a</annotation>
		<annotation source="BABELFY" anchor="false prophets" bfScore="1.0" coherenceScore="0.13973799126637554">bn:01570354n</annotation>
		<annotation source="BABELFY" anchor="prophets" bfScore="0.7435622317596566" coherenceScore="0.27510917030567683">bn:00064759n</annotation>
		<annotation source="BABELFY" anchor="people" bfScore="0.8614598850819323" coherenceScore="0.19213973799126638">bn:00061450n</annotation>
		<annotation source="BABELFY" anchor="teachers" bfScore="0.8379837983798379" coherenceScore="0.16593886462882096">bn:00046958n</annotation>
		<annotation source="BABELFY" anchor="privily" bfScore="1.0" coherenceScore="0.013100436681222707">bn:00116703r</annotation>
		<annotation source="MCS" anchor="bring" bfScore="--" coherenceScore="--">bn:00084058v</annotation>
		<annotation source="MCS" anchor="bring in" bfScore="--" coherenceScore="--">bn:00084088v</annotation>
		<annotation source="BABELFY" anchor="damnable" bfScore="1.0" coherenceScore="0.004366812227074236">bn:00100890a</annotation>
		<annotation source="BABELFY" anchor="heresies" bfScore="0.8570155902004455" coherenceScore="0.22707423580786026">bn:00043819n</annotation>
		<annotation source="MCS" anchor="denying" bfScore="--" coherenceScore="--">bn:00086591v</annotation>
		<annotation source="MCS" anchor="bought" bfScore="--" coherenceScore="--">bn:00084331v</annotation>
		<annotation source="MCS" anchor="bring upon" bfScore="--" coherenceScore="--">bn:13714894v</annotation>
		<annotation source="MCS" anchor="swift" bfScore="--" coherenceScore="--">bn:00103088a</annotation>
		<annotation source="MCS" anchor="destruction" bfScore="--" coherenceScore="--">bn:00026610n</annotation>
		<annotation source="MCS" anchor="follow" bfScore="--" coherenceScore="--">bn:00088421v</annotation>
		<annotation source="BABELFY" anchor="pernicious" bfScore="0.9615384615384616" coherenceScore="0.021834061135371178">bn:00105188a</annotation>
		<annotation source="BABELFY" anchor="ways" bfScore="0.771118368788066" coherenceScore="0.3406113537117904">bn:00033729n</annotation>
		<annotation source="BABELFY" anchor="reason" bfScore="0.8895656355185125" coherenceScore="0.3231441048034934">bn:00047021n</annotation>
		<annotation source="BABELFY" anchor="truth" bfScore="0.9061140956766437" coherenceScore="0.4017467248908297">bn:00072816n</annotation>
		<annotation source="MCS" anchor="spoken" bfScore="--" coherenceScore="--">bn:00090943v</annotation>
		<annotation source="MCS" anchor="covetousness" bfScore="--" coherenceScore="--">bn:00023377n</annotation>
		<annotation source="BABELFY" anchor="feigned" bfScore="0.8762886597938144" coherenceScore="0.07423580786026202">bn:00082429v</annotation>
		<annotation source="MCS" anchor="words" bfScore="--" coherenceScore="--">bn:00081546n</annotation>
		<annotation source="BABELFY" anchor="merchandise" bfScore="1.0" coherenceScore="0.06550218340611354">bn:00054416n</annotation>
		<annotation source="MCS" anchor="judgment" bfScore="--" coherenceScore="--">bn:00048493n</annotation>
		<annotation source="MCS" anchor="long" bfScore="--" coherenceScore="--">bn:00106124a</annotation>
		<annotation source="BABELFY" anchor="long time" bfScore="0.9975903614457832" coherenceScore="0.10043668122270742">bn:00001939n</annotation>
		<annotation source="BABELFY" anchor="time" bfScore="0.9173820938789162" coherenceScore="0.38427947598253276">bn:00077270n</annotation>
		<annotation source="BABELFY" anchor="damnation" bfScore="0.9485396383866481" coherenceScore="0.13537117903930132">bn:00025114n</annotation>
		<annotation source="BABELFY" anchor="God" bfScore="0.8039694003102765" coherenceScore="0.7117903930131004">bn:00040878n</annotation>
		<annotation source="MCS" anchor="spared" bfScore="--" coherenceScore="--">bn:00093280v</annotation>
		<annotation source="BABELFY" anchor="angels" bfScore="0.8550838427457799" coherenceScore="0.34497816593886466">bn:00004063n</annotation>
		<annotation source="BABELFY" anchor="sinned" bfScore="0.8298969072164949" coherenceScore="0.09170305676855896">bn:00093756v</annotation>
		<annotation source="MCS" anchor="cast" bfScore="--" coherenceScore="--">bn:00084624v</annotation>
		<annotation source="BABELFY" anchor="hell" bfScore="0.846603008861716" coherenceScore="0.34497816593886466">bn:00043604n</annotation>
		<annotation source="MCS" anchor="delivered" bfScore="--" coherenceScore="--">bn:00086530v</annotation>
		<annotation source="MCS" anchor="chains" bfScore="--" coherenceScore="--">bn:00017487n</annotation>
		<annotation source="MCS" anchor="darkness" bfScore="--" coherenceScore="--">bn:00025233n</annotation>
		<annotation source="MCS" anchor="reserved" bfScore="--" coherenceScore="--">bn:00092878v</annotation>
		<annotation source="MCS" anchor="old" bfScore="--" coherenceScore="--">bn:00107786a</annotation>
		<annotation source="MCS" anchor="world" bfScore="--" coherenceScore="--">bn:00022991n</annotation>
		<annotation source="MCS" anchor="saved" bfScore="--" coherenceScore="--">bn:00092745v</annotation>
		<annotation source="BABELFY" anchor="eighth" bfScore="1.0" coherenceScore="0.004366812227074236">bn:00096089a</annotation>
		<annotation source="BABELFY" anchor="person" bfScore="0.951808095779431" coherenceScore="0.6943231441048034">bn:00046516n</annotation>
		<annotation source="MCS" anchor="preacher" bfScore="--" coherenceScore="--">bn:00064059n</annotation>
		<annotation source="MCS" anchor="righteousness" bfScore="--" coherenceScore="--">bn:00067848n</annotation>
		<annotation source="MCS" anchor="bringing" bfScore="--" coherenceScore="--">bn:00084058v</annotation>
		<annotation source="MCS" anchor="flood" bfScore="--" coherenceScore="--">bn:00002954n</annotation>
		<annotation source="MCS" anchor="turning" bfScore="--" coherenceScore="--">bn:00095233v</annotation>
		<annotation source="BABELFY" anchor="cities" bfScore="0.8096054888507719" coherenceScore="0.2576419213973799">bn:03335997n</annotation>
		<annotation source="MCS" anchor="Sodom" bfScore="--" coherenceScore="--">bn:00072612n</annotation>
		<annotation source="BABELFY" anchor="Sodom and Gomorrha" bfScore="1.0" coherenceScore="0.13973799126637554">bn:00041036n</annotation>
		<annotation source="BABELFY" anchor="Gomorrha" bfScore="1.0" coherenceScore="0.13973799126637554">bn:00041036n</annotation>
		<annotation source="MCS" anchor="ashes" bfScore="--" coherenceScore="--">bn:00006305n</annotation>
		<annotation source="MCS" anchor="condemned" bfScore="--" coherenceScore="--">bn:00085544v</annotation>
		<annotation source="BABELFY" anchor="overthrow" bfScore="0.8181818181818182" coherenceScore="0.07860262008733625">bn:00026433n</annotation>
		<annotation source="MCS" anchor="ensample" bfScore="--" coherenceScore="--">bn:13739922n</annotation>
		<annotation source="MCS" anchor="live" bfScore="--" coherenceScore="--">bn:00087441v</annotation>
		<annotation source="BABELFY" anchor="ungodly" bfScore="1.0" coherenceScore="0.09170305676855896">bn:00105118a</annotation>
		<annotation source="MCS" anchor="vexed" bfScore="--" coherenceScore="--">bn:00082641v</annotation>
		<annotation source="MCS" anchor="filthy" bfScore="--" coherenceScore="--">bn:00102965a</annotation>
		<annotation source="MCS" anchor="conversation" bfScore="--" coherenceScore="--">bn:00022349n</annotation>
		<annotation source="MCS" anchor="wicked" bfScore="--" coherenceScore="--">bn:00113857a</annotation>
		<annotation source="BABELFY" anchor="righteous" bfScore="0.976878612716763" coherenceScore="0.056768558951965066">bn:00109866a</annotation>
		<annotation source="BABELFY" anchor="man" bfScore="0.7547052900627372" coherenceScore="0.8384279475982532">bn:00044576n</annotation>
		<annotation source="BABELFY" anchor="dwelling" bfScore="0.7970946579194002" coherenceScore="0.18340611353711792">bn:00044994n</annotation>
		<annotation source="MCS" anchor="seeing" bfScore="--" coherenceScore="--">bn:00093430v</annotation>
		<annotation source="BABELFY" anchor="hearing" bfScore="0.7567567567567568" coherenceScore="0.15283842794759825">bn:00007120n</annotation>
		<annotation source="MCS" anchor="soul" bfScore="--" coherenceScore="--">bn:00065006n</annotation>
		<annotation source="MCS" anchor="day" bfScore="--" coherenceScore="--">bn:00000086n</annotation>
		<annotation source="BABELFY" anchor="day to day" bfScore="1.0" coherenceScore="0.004366812227074236">bn:03079221n</annotation>
		<annotation source="MCS" anchor="unlawful" bfScore="--" coherenceScore="--">bn:00104707a</annotation>
		<annotation source="MCS" anchor="deeds" bfScore="--" coherenceScore="--">bn:00025804n</annotation>
		<annotation source="MCS" anchor="deliver" bfScore="--" coherenceScore="--">bn:00086530v</annotation>
		<annotation source="BABELFY" anchor="godly" bfScore="0.7991498405951116" coherenceScore="0.13973799126637554">bn:00101637a</annotation>
		<annotation source="BABELFY" anchor="temptations" bfScore="0.7195496417604913" coherenceScore="0.1615720524017467">bn:00031022n</annotation>
		<annotation source="MCS" anchor="reserve" bfScore="--" coherenceScore="--">bn:00092878v</annotation>
		<annotation source="BABELFY" anchor="unjust" bfScore="0.7613293051359517" coherenceScore="0.05240174672489083">bn:00112916a</annotation>
		<annotation source="BABELFY" anchor="day of judgment" bfScore="0.9973728380646574" coherenceScore="0.34497816593886466">bn:00023469n</annotation>
		<annotation source="BABELFY" anchor="punished" bfScore="1.0" coherenceScore="0.043668122270742356">bn:00091527v</annotation>
		<annotation source="BABELFY" anchor="chiefly" bfScore="1.0" coherenceScore="0.004366812227074236">bn:00114714r</annotation>
		<annotation source="MCS" anchor="walk" bfScore="--" coherenceScore="--">bn:00095597v</annotation>
		<annotation source="MCS" anchor="flesh" bfScore="--" coherenceScore="--">bn:00035182n</annotation>
		<annotation source="MCS" anchor="lust" bfScore="--" coherenceScore="--">bn:00050478n</annotation>
		<annotation source="BABELFY" anchor="uncleanness" bfScore="1.0" coherenceScore="0.05240174672489083">bn:00027392n</annotation>
		<annotation source="BABELFY" anchor="despise" bfScore="1.0" coherenceScore="0.039301310043668124">bn:00085702v</annotation>
		<annotation source="MCS" anchor="government" bfScore="--" coherenceScore="--">bn:00007299n</annotation>
		<annotation source="BABELFY" anchor="Presumptuous" bfScore="1.0" coherenceScore="0.034934497816593885">bn:00097526a</annotation>
		<annotation source="MCS" anchor="afraid" bfScore="--" coherenceScore="--">bn:00096625a</annotation>
		<annotation source="MCS" anchor="speak" bfScore="--" coherenceScore="--">bn:00090943v</annotation>
		<annotation source="BABELFY" anchor="evil" bfScore="0.8132768621673879" coherenceScore="0.31877729257641924">bn:00032050n</annotation>
		<annotation source="MCS" anchor="dignities" bfScore="--" coherenceScore="--">bn:00027103n</annotation>
		<annotation source="MCS" anchor="greater" bfScore="--" coherenceScore="--">bn:00103779a</annotation>
		<annotation source="MCS" anchor="power" bfScore="--" coherenceScore="--">bn:00063940n</annotation>
		<annotation source="BABELFY" anchor="railing" bfScore="0.7202380952380952" coherenceScore="0.048034934497816595">bn:00092323v</annotation>
		<annotation source="BABELFY" anchor="accusation" bfScore="0.9107142857142857" coherenceScore="0.06550218340611354">bn:00000785n</annotation>
		<annotation source="MCS" anchor="natural" bfScore="--" coherenceScore="--">bn:00107151a</annotation>
		<annotation source="BABELFY" anchor="brute" bfScore="1.0" coherenceScore="0.034934497816593885">bn:00098164a</annotation>
		<annotation source="BABELFY" anchor="beasts" bfScore="0.9726368805005322" coherenceScore="0.5545851528384279">bn:00004222n</annotation>
		<annotation source="MCS" anchor="made to" bfScore="--" coherenceScore="--">bn:13697616v</annotation>
		<annotation source="MCS" anchor="destroyed" bfScore="--" coherenceScore="--">bn:00086698v</annotation>
		<annotation source="MCS" anchor="evil" bfScore="--" coherenceScore="--">bn:00102474a</annotation>
		<annotation source="BABELFY" anchor="things" bfScore="0.921875" coherenceScore="0.14410480349344978">bn:00006125n</annotation>
		<annotation source="MCS" anchor="understand" bfScore="--" coherenceScore="--">bn:00095375v</annotation>
		<annotation source="BABELFY" anchor="utterly" bfScore="1.0" coherenceScore="0.026200873362445413">bn:00114091r</annotation>
		<annotation source="BABELFY" anchor="perish" bfScore="1.0" coherenceScore="0.07423580786026202">bn:00084343v</annotation>
		<annotation source="MCS" anchor="corruption" bfScore="--" coherenceScore="--">bn:00022881n</annotation>
		<annotation source="MCS" anchor="receive" bfScore="--" coherenceScore="--">bn:00089246v</annotation>
		<annotation source="MCS" anchor="reward" bfScore="--" coherenceScore="--">bn:00061123n</annotation>
		<annotation source="BABELFY" anchor="unrighteousness" bfScore="1.0" coherenceScore="0.11353711790393013">bn:00079203n</annotation>
		<annotation source="BABELFY" anchor="count" bfScore="0.7675276752767528" coherenceScore="0.056768558951965066">bn:00023140n</annotation>
		<annotation source="MCS" anchor="pleasure" bfScore="--" coherenceScore="--">bn:13691920v</annotation>
		<annotation source="MCS" anchor="riot" bfScore="--" coherenceScore="--">bn:00093050v</annotation>
		<annotation source="BABELFY" anchor="Spots" bfScore="0.7928416485900217" coherenceScore="0.18777292576419213">bn:00062699n</annotation>
		<annotation source="BABELFY" anchor="blemishes" bfScore="0.9930555555555556" coherenceScore="0.048034934497816595">bn:00011197n</annotation>
		<annotation source="MCS" anchor="sporting" bfScore="--" coherenceScore="--">bn:00083713v</annotation>
		<annotation source="MCS" anchor="feast" bfScore="--" coherenceScore="--">bn:00083099v</annotation>
		<annotation source="BABELFY" anchor="eyes" bfScore="0.9113379903277807" coherenceScore="0.2314410480349345">bn:00032512n</annotation>
		<annotation source="MCS" anchor="full" bfScore="--" coherenceScore="--">bn:00103391a</annotation>
		<annotation source="BABELFY" anchor="adultery" bfScore="0.9879194630872483" coherenceScore="0.13973799126637554">bn:00001543n</annotation>
		<annotation source="BABELFY" anchor="cease" bfScore="0.8308157099697885" coherenceScore="0.048034934497816595">bn:00084711v</annotation>
		<annotation source="BABELFY" anchor="sin" bfScore="0.9229581876787579" coherenceScore="0.4148471615720524">bn:00071707n</annotation>
		<annotation source="MCS" anchor="unstable" bfScore="--" coherenceScore="--">bn:00113268a</annotation>
		<annotation source="MCS" anchor="souls" bfScore="--" coherenceScore="--">bn:00065006n</annotation>
		<annotation source="MCS" anchor="heart" bfScore="--" coherenceScore="--">bn:00012289n</annotation>
		<annotation source="MCS" anchor="exercised" bfScore="--" coherenceScore="--">bn:00087829v</annotation>
		<annotation source="MCS" anchor="covetous" bfScore="--" coherenceScore="--">bn:00100581a</annotation>
		<annotation source="MCS" anchor="practices" bfScore="--" coherenceScore="--">bn:00061054n</annotation>
		<annotation source="BABELFY" anchor="cursed" bfScore="0.9642857142857143" coherenceScore="0.07860262008733625">bn:00100795a</annotation>
		<annotation source="BABELFY" anchor="children" bfScore="0.8329997645396751" coherenceScore="0.388646288209607">bn:00018346n</annotation>
		<annotation source="BABELFY" anchor="forsaken" bfScore="1.0" coherenceScore="0.0611353711790393">bn:00082122v</annotation>
		<annotation source="BABELFY" anchor="astray" bfScore="1.0" coherenceScore="0.021834061135371178">bn:00114393r</annotation>
		<annotation source="MCS" anchor="following" bfScore="--" coherenceScore="--">bn:00088421v</annotation>
		<annotation source="BABELFY" anchor="Balaam" bfScore="1.0" coherenceScore="0.10043668122270742">bn:03400805n</annotation>
		<annotation source="BABELFY" anchor="son" bfScore="0.9042395493625852" coherenceScore="0.2183406113537118">bn:00051877n</annotation>
		<annotation source="BABELFY" anchor="Bosor" bfScore="1.0" coherenceScore="0.056768558951965066">bn:01927312n</annotation>
		<annotation source="MCS" anchor="loved" bfScore="--" coherenceScore="--">bn:00090504v</annotation>
		<annotation source="BABELFY" anchor="wages" bfScore="0.8203883495145631" coherenceScore="0.056768558951965066">bn:00029416n</annotation>
		<annotation source="BABELFY" anchor="rebuked" bfScore="1.0" coherenceScore="0.021834061135371178">bn:00083177v</annotation>
		<annotation source="BABELFY" anchor="iniquity" bfScore="0.8335941575378195" coherenceScore="0.14847161572052403">bn:00032048n</annotation>
		<annotation source="MCS" anchor="dumb" bfScore="--" coherenceScore="--">bn:00101180a</annotation>
		<annotation source="MCS" anchor="dumb ass" bfScore="--" coherenceScore="--">bn:13774078a</annotation>
		<annotation source="MCS" anchor="ass" bfScore="--" coherenceScore="--">bn:00005913n</annotation>
		<annotation source="MCS" anchor="speaking" bfScore="--" coherenceScore="--">bn:00090943v</annotation>
		<annotation source="BABELFY" anchor="voice" bfScore="0.7508591065292096" coherenceScore="0.20087336244541484">bn:00072794n</annotation>
		<annotation source="BABELFY" anchor="forbad" bfScore="0.8369565217391305" coherenceScore="0.03056768558951965">bn:00086877v</annotation>
		<annotation source="MCS" anchor="madness" bfScore="--" coherenceScore="--">bn:00046864n</annotation>
		<annotation source="BABELFY" anchor="prophet" bfScore="0.8417927066901735" coherenceScore="0.27510917030567683">bn:00064759n</annotation>
		<annotation source="BABELFY" anchor="water" bfScore="0.9027110640722951" coherenceScore="0.43231441048034935">bn:00042379n</annotation>
		<annotation source="BABELFY" anchor="clouds" bfScore="0.7567567567567568" coherenceScore="0.13100436681222707">bn:00020002n</annotation>
		<annotation source="MCS" anchor="carried" bfScore="--" coherenceScore="--">bn:00084554v</annotation>
		<annotation source="BABELFY" anchor="tempest" bfScore="0.9104895104895104" coherenceScore="0.13537117903930132">bn:00074458n</annotation>
		<annotation source="MCS" anchor="mist" bfScore="--" coherenceScore="--">bn:00055345n</annotation>
		<annotation source="MCS" anchor="great" bfScore="--" coherenceScore="--">bn:00103779a</annotation>
		<annotation source="MCS" anchor="swelling" bfScore="--" coherenceScore="--">bn:00094668v</annotation>
		<annotation source="MCS" anchor="vanity" bfScore="--" coherenceScore="--">bn:00003605n</annotation>
		<annotation source="BABELFY" anchor="allure" bfScore="0.7654639175257731" coherenceScore="0.09606986899563319">bn:00082548v</annotation>
		<annotation source="MCS" anchor="lusts" bfScore="--" coherenceScore="--">bn:00050478n</annotation>
		<annotation source="BABELFY" anchor="wantonness" bfScore="0.8454106280193237" coherenceScore="0.09170305676855896">bn:00046342n</annotation>
		<annotation source="MCS" anchor="clean" bfScore="--" coherenceScore="--">bn:00085059v</annotation>
		<annotation source="MCS" anchor="escaped" bfScore="--" coherenceScore="--">bn:00083978v</annotation>
		<annotation source="BABELFY" anchor="live in" bfScore="1.0" coherenceScore="0.03056768558951965">bn:00090411v</annotation>
		<annotation source="BABELFY" anchor="error" bfScore="0.7887323943661971" coherenceScore="0.1222707423580786">bn:00031485n</annotation>
		<annotation source="MCS" anchor="promise" bfScore="--" coherenceScore="--">bn:00082881v</annotation>
		<annotation source="BABELFY" anchor="liberty" bfScore="0.8745519713261649" coherenceScore="0.2663755458515284">bn:00050954n</annotation>
		<annotation source="MCS" anchor="servants" bfScore="--" coherenceScore="--">bn:00067423n</annotation>
		<annotation source="MCS" anchor="overcome" bfScore="--" coherenceScore="--">bn:00086448v</annotation>
		<annotation source="MCS" anchor="brought" bfScore="--" coherenceScore="--">bn:00084058v</annotation>
		<annotation source="BABELFY" anchor="bondage" bfScore="0.9656773337754933" coherenceScore="0.2445414847161572">bn:00011984n</annotation>
		<annotation source="BABELFY" anchor="knowledge" bfScore="0.7998102716804132" coherenceScore="0.4890829694323144">bn:00020452n</annotation>
		<annotation source="BABELFY" anchor="Saviour" bfScore="0.98849487785658" coherenceScore="0.62882096069869">bn:00018805n</annotation>
		<annotation source="BABELFY" anchor="Jesus" bfScore="0.9286761765097987" coherenceScore="0.62882096069869">bn:00018805n</annotation>
		<annotation source="BABELFY" anchor="Jesus Christ" bfScore="0.9889171862650391" coherenceScore="0.62882096069869">bn:00018805n</annotation>
		<annotation source="BABELFY" anchor="Christ" bfScore="0.9924891755765662" coherenceScore="0.62882096069869">bn:00018805n</annotation>
		<annotation source="BABELFY" anchor="entangled" bfScore="0.9854014598540146" coherenceScore="0.06550218340611354">bn:00083062v</annotation>
		<annotation source="MCS" anchor="end" bfScore="--" coherenceScore="--">bn:00030718n</annotation>
		<annotation source="MCS" anchor="worse" bfScore="--" coherenceScore="--">bn:00097966a</annotation>
		<annotation source="MCS" anchor="beginning" bfScore="--" coherenceScore="--">bn:00009632n</annotation>
		<annotation source="MCS" anchor="better" bfScore="--" coherenceScore="--">bn:00103672a</annotation>
		<annotation source="MCS" anchor="known" bfScore="--" coherenceScore="--">bn:00085261v</annotation>
		<annotation source="MCS" anchor="turn" bfScore="--" coherenceScore="--">bn:00095233v</annotation>
		<annotation source="BABELFY" anchor="holy" bfScore="1.0" coherenceScore="0.07860262008733625">bn:00104250a</annotation>
		<annotation source="MCS" anchor="commandment" bfScore="--" coherenceScore="--">bn:00020960n</annotation>
		<annotation source="MCS" anchor="happened" bfScore="--" coherenceScore="--">bn:00085337v</annotation>
		<annotation source="BABELFY" anchor="according" bfScore="0.7262569832402235" coherenceScore="0.043668122270742356">bn:00082228v</annotation>
		<annotation source="MCS" anchor="true" bfScore="--" coherenceScore="--">bn:00112146a</annotation>
		<annotation source="BABELFY" anchor="proverb" bfScore="0.9584664536741214" coherenceScore="0.2183406113537118">bn:00001236n</annotation>
		<annotation source="BABELFY" anchor="dog" bfScore="0.8749240306308497" coherenceScore="0.2663755458515284">bn:00015267n</annotation>
		<annotation source="MCS" anchor="turned" bfScore="--" coherenceScore="--">bn:00095233v</annotation>
		<annotation source="BABELFY" anchor="turned to" bfScore="0.9611650485436893" coherenceScore="0.05240174672489083">bn:00082332v</annotation>
		<annotation source="MCS" anchor="vomit" bfScore="--" coherenceScore="--">bn:00008567n</annotation>
		<annotation source="BABELFY" anchor="sow" bfScore="0.8368200836820083" coherenceScore="0.08733624454148471">bn:00073025n</annotation>
		<annotation source="MCS" anchor="washed" bfScore="--" coherenceScore="--">bn:00093049v</annotation>
		<annotation source="MCS" anchor="wallowing" bfScore="--" coherenceScore="--">bn:00095619v</annotation>
		<annotation source="MCS" anchor="mire" bfScore="--" coherenceScore="--">bn:00055258n</annotation>
	</annotations>
</paragraph>
<paragraph id="p.3">
	<text>
		This second epistle , beloved , I now write unto you ; in both which I stir up your pure minds by way of remembrance :
		That ye may be mindful of the words which were spoken before by the holy prophets , and of the commandment of us the apostles of the Lord and Saviour :
		Knowing this first , that there shall come in the last days scoffers , walking after their own lusts ,
		And saying , Where is the promise of his coming ? for since the fathers fell asleep , all things continue as they were from the beginning of the creation .
		For this they willingly are ignorant of , that by the word of God the heavens were of old , and the earth standing out of the water and in the water :
		Whereby the world that then was , being overflowed with water , perished :
		But the heavens and the earth , which are now , by the same word are kept in store , reserved unto fire against the day of judgment and perdition of ungodly men .
		But , beloved , be not ignorant of this one thing , that one day is with the Lord as a thousand years , and a thousand years as one day .
		The Lord is not slack concerning his promise , as some men count slackness ; but is longsuffering to us - ward , not willing that any should perish , but that all should come to repentance .
		But the day of the Lord will come as a thief in the night ; in the which the heavens shall pass away with a great noise , and the elements shall melt with fervent heat , the earth also and the works that are therein shall be burned up .
		Seeing then that all these things shall be dissolved , what manner of persons ought ye to be in all holy conversation and godliness ,
		Looking for and hasting unto the coming of the day of God , wherein the heavens being on fire shall be dissolved , and the elements shall melt with fervent heat ?
		Nevertheless we , according to his promise , look for new heavens and a new earth , wherein dwelleth righteousness .
		Wherefore , beloved , seeing that ye look for such things , be diligent that ye may be found of him in peace , without spot , and blameless .
		And account that the longsuffering of our Lord is salvation ; even as our beloved brother Paul also according to the wisdom given unto him hath written unto you ;
		As also in all his epistles , speaking in them of these things ; in which are some things hard to be understood , which they that are unlearned and unstable wrest , as they do also the other scriptures , unto their own destruction .
		Ye therefore , beloved , seeing ye know these things before , beware lest ye also , being led away with the error of the wicked , fall from your own stedfastness .
		But grow in grace , and in the knowledge of our Lord and Saviour Jesus Christ . To him be glory both now and for ever . Amen .
	</text>
	<annotations>
		<annotation source="BABELFY" anchor="epistle" bfScore="0.7207112970711297" coherenceScore="0.1511627906976744">bn:00031239n</annotation>
		<annotation source="BABELFY" anchor="beloved" bfScore="1.0" coherenceScore="0.005813953488372093">bn:00098224a</annotation>
		<annotation source="MCS" anchor="write" bfScore="--" coherenceScore="--">bn:00085489v</annotation>
		<annotation source="MCS" anchor="stir" bfScore="--" coherenceScore="--">bn:00094373v</annotation>
		<annotation source="BABELFY" anchor="stir up" bfScore="0.9005847953216374" coherenceScore="0.06395348837209303">bn:00088229v</annotation>
		<annotation source="MCS" anchor="pure" bfScore="--" coherenceScore="--">bn:00109244a</annotation>
		<annotation source="BABELFY" anchor="minds" bfScore="0.7636600021082961" coherenceScore="0.5988372093023255">bn:00012681n</annotation>
		<annotation source="MCS" anchor="remembrance" bfScore="--" coherenceScore="--">bn:00003810n</annotation>
		<annotation source="BABELFY" anchor="mindful" bfScore="1.0" coherenceScore="0.0755813953488372">bn:00097880a</annotation>
		<annotation source="MCS" anchor="words" bfScore="--" coherenceScore="--">bn:00081546n</annotation>
		<annotation source="MCS" anchor="spoken" bfScore="--" coherenceScore="--">bn:00090943v</annotation>
		<annotation source="BABELFY" anchor="holy" bfScore="1.0" coherenceScore="0.14534883720930233">bn:00104250a</annotation>
		<annotation source="BABELFY" anchor="prophets" bfScore="0.7533746498004924" coherenceScore="0.3372093023255814">bn:00064759n</annotation>
		<annotation source="MCS" anchor="commandment" bfScore="--" coherenceScore="--">bn:00020960n</annotation>
		<annotation source="MCS" anchor="apostles" bfScore="--" coherenceScore="--">bn:00004981n</annotation>
		<annotation source="BABELFY" anchor="Saviour" bfScore="0.9904067742108366" coherenceScore="0.6104651162790697">bn:00018805n</annotation>
		<annotation source="MCS" anchor="Knowing" bfScore="--" coherenceScore="--">bn:00085261v</annotation>
		<annotation source="BABELFY" anchor="last days" bfScore="0.9641400538668718" coherenceScore="0.38953488372093026">bn:00023469n</annotation>
		<annotation source="BABELFY" anchor="days" bfScore="0.7034822370735139" coherenceScore="0.23255813953488372">bn:00000086n</annotation>
		<annotation source="MCS" anchor="scoffers" bfScore="--" coherenceScore="--">bn:00041133n</annotation>
		<annotation source="MCS" anchor="walking" bfScore="--" coherenceScore="--">bn:00095597v</annotation>
		<annotation source="MCS" anchor="lusts" bfScore="--" coherenceScore="--">bn:00050478n</annotation>
		<annotation source="MCS" anchor="saying" bfScore="--" coherenceScore="--">bn:00093287v</annotation>
		<annotation source="BABELFY" anchor="promise" bfScore="0.808252427184466" coherenceScore="0.1569767441860465">bn:00064699n</annotation>
		<annotation source="MCS" anchor="coming" bfScore="--" coherenceScore="--">bn:00085319v</annotation>
		<annotation source="MCS" anchor="fathers" bfScore="--" coherenceScore="--">bn:00009616n</annotation>
		<annotation source="MCS" anchor="fell" bfScore="--" coherenceScore="--">bn:00087976v</annotation>
		<annotation source="BABELFY" anchor="fell asleep" bfScore="1.0" coherenceScore="0.01744186046511628">bn:00087162v</annotation>
		<annotation source="BABELFY" anchor="asleep" bfScore="0.9575596816976127" coherenceScore="0.11046511627906977">bn:00114386r</annotation>
		<annotation source="BABELFY" anchor="things" bfScore="0.945" coherenceScore="0.20348837209302326">bn:00006125n</annotation>
		<annotation source="MCS" anchor="continue" bfScore="--" coherenceScore="--">bn:00085714v</annotation>
		<annotation source="BABELFY" anchor="beginning" bfScore="0.7391304347826086" coherenceScore="0.08139534883720931">bn:00009635n</annotation>
		<annotation source="MCS" anchor="creation" bfScore="--" coherenceScore="--">bn:00023652n</annotation>
		<annotation source="BABELFY" anchor="willingly" bfScore="1.0" coherenceScore="0.040697674418604654">bn:00117581r</annotation>
		<annotation source="MCS" anchor="ignorant" bfScore="--" coherenceScore="--">bn:00104533a</annotation>
		<annotation source="MCS" anchor="word" bfScore="--" coherenceScore="--">bn:00081546n</annotation>
		<annotation source="BABELFY" anchor="word of God" bfScore="0.9483264826776278" coherenceScore="0.5523255813953488">bn:00010217n</annotation>
		<annotation source="BABELFY" anchor="God" bfScore="0.7028719224354807" coherenceScore="0.7034883720930233">bn:00040878n</annotation>
		<annotation source="MCS" anchor="heavens" bfScore="--" coherenceScore="--">bn:00029734n</annotation>
		<annotation source="MCS" anchor="old" bfScore="--" coherenceScore="--">bn:00107786a</annotation>
		<annotation source="BABELFY" anchor="earth" bfScore="0.9047102299389957" coherenceScore="0.6337209302325582">bn:00029424n</annotation>
		<annotation source="MCS" anchor="standing" bfScore="--" coherenceScore="--">bn:00094275v</annotation>
		<annotation source="MCS" anchor="standing out" bfScore="--" coherenceScore="--">bn:00090013v</annotation>
		<annotation source="BABELFY" anchor="water" bfScore="0.8347936978073964" coherenceScore="0.5290697674418605">bn:00042379n</annotation>
		<annotation source="MCS" anchor="world" bfScore="--" coherenceScore="--">bn:00022991n</annotation>
		<annotation source="BABELFY" anchor="overflowed" bfScore="0.8767123287671232" coherenceScore="0.046511627906976744">bn:00084056v</annotation>
		<annotation source="BABELFY" anchor="perished" bfScore="1.0" coherenceScore="0.14534883720930233">bn:00084343v</annotation>
		<annotation source="MCS" anchor="kept" bfScore="--" coherenceScore="--">bn:00089384v</annotation>
		<annotation source="BABELFY" anchor="kept in" bfScore="1.0" coherenceScore="0.005813953488372093">bn:00090056v</annotation>
		<annotation source="MCS" anchor="store" bfScore="--" coherenceScore="--">bn:00071215n</annotation>
		<annotation source="MCS" anchor="reserved" bfScore="--" coherenceScore="--">bn:00092878v</annotation>
		<annotation source="MCS" anchor="fire" bfScore="--" coherenceScore="--">bn:00034623n</annotation>
		<annotation source="MCS" anchor="day" bfScore="--" coherenceScore="--">bn:00000086n</annotation>
		<annotation source="BABELFY" anchor="day of judgment" bfScore="0.9869528294603567" coherenceScore="0.3953488372093023">bn:00023469n</annotation>
		<annotation source="MCS" anchor="judgment" bfScore="--" coherenceScore="--">bn:00048493n</annotation>
		<annotation source="BABELFY" anchor="perdition" bfScore="1.0" coherenceScore="0.37209302325581395">bn:00043604n</annotation>
		<annotation source="BABELFY" anchor="ungodly" bfScore="1.0" coherenceScore="0.08139534883720931">bn:00105118a</annotation>
		<annotation source="BABELFY" anchor="men" bfScore="0.7378930162494792" coherenceScore="0.8313953488372093">bn:00044576n</annotation>
		<annotation source="BABELFY" anchor="beloved" bfScore="0.99830220713073" coherenceScore="0.12209302325581395">bn:00009819n</annotation>
		<annotation source="BABELFY" anchor="slack" bfScore="0.8120805369127517" coherenceScore="0.06395348837209303">bn:00110720a</annotation>
		<annotation source="MCS" anchor="concerning" bfScore="--" coherenceScore="--">bn:00083240v</annotation>
		<annotation source="MCS" anchor="count" bfScore="--" coherenceScore="--">bn:00085859v</annotation>
		<annotation source="MCS" anchor="slackness" bfScore="--" coherenceScore="--">bn:00046234n</annotation>
		<annotation source="MCS" anchor="willing" bfScore="--" coherenceScore="--">bn:00113877a</annotation>
		<annotation source="BABELFY" anchor="perish" bfScore="1.0" coherenceScore="0.14534883720930233">bn:00084343v</annotation>
		<annotation source="MCS" anchor="repentance" bfScore="--" coherenceScore="--">bn:00061330n</annotation>
		<annotation source="BABELFY" anchor="day of the Lord" bfScore="1.0" coherenceScore="0.1744186046511628">bn:01057217n</annotation>
		<annotation source="BABELFY" anchor="thief" bfScore="0.7236662106703147" coherenceScore="0.13372093023255813">bn:00074094n</annotation>
		<annotation source="MCS" anchor="thief in the night" bfScore="--" coherenceScore="--">bn:13715146n</annotation>
		<annotation source="MCS" anchor="night" bfScore="--" coherenceScore="--">bn:00025236n</annotation>
		<annotation source="MCS" anchor="pass" bfScore="--" coherenceScore="--">bn:00088932v</annotation>
		<annotation source="MCS" anchor="pass away" bfScore="--" coherenceScore="--">bn:00084343v</annotation>
		<annotation source="MCS" anchor="great" bfScore="--" coherenceScore="--">bn:00103779a</annotation>
		<annotation source="MCS" anchor="noise" bfScore="--" coherenceScore="--">bn:00057863n</annotation>
		<annotation source="MCS" anchor="elements" bfScore="--" coherenceScore="--">bn:00021394n</annotation>
		<annotation source="MCS" anchor="melt" bfScore="--" coherenceScore="--">bn:00090736v</annotation>
		<annotation source="BABELFY" anchor="fervent" bfScore="0.7313432835820896" coherenceScore="0.040697674418604654">bn:00102908a</annotation>
		<annotation source="MCS" anchor="heat" bfScore="--" coherenceScore="--">bn:00043415n</annotation>
		<annotation source="MCS" anchor="works" bfScore="--" coherenceScore="--">bn:00081568n</annotation>
		<annotation source="MCS" anchor="burned" bfScore="--" coherenceScore="--">bn:00084270v</annotation>
		<annotation source="MCS" anchor="Seeing" bfScore="--" coherenceScore="--">bn:00093430v</annotation>
		<annotation source="MCS" anchor="dissolved" bfScore="--" coherenceScore="--">bn:00087040v</annotation>
		<annotation source="BABELFY" anchor="manner" bfScore="0.7318657524359437" coherenceScore="0.3023255813953488">bn:00033729n</annotation>
		<annotation source="MCS" anchor="manner of" bfScore="--" coherenceScore="--">bn:00032400n</annotation>
		<annotation source="BABELFY" anchor="persons" bfScore="0.8741458236581968" coherenceScore="0.627906976744186">bn:00046516n</annotation>
		<annotation source="MCS" anchor="holy conversation" bfScore="--" coherenceScore="--">bn:00837723n</annotation>
		<annotation source="MCS" anchor="conversation" bfScore="--" coherenceScore="--">bn:00022349n</annotation>
		<annotation source="BABELFY" anchor="godliness" bfScore="0.9452224052718287" coherenceScore="0.3488372093023256">bn:00025995n</annotation>
		<annotation source="MCS" anchor="Looking" bfScore="--" coherenceScore="--">bn:00090448v</annotation>
		<annotation source="BABELFY" anchor="Looking for" bfScore="0.8620689655172413" coherenceScore="0.029069767441860465">bn:00090460v</annotation>
		<annotation source="MCS" anchor="hasting" bfScore="--" coherenceScore="--">bn:13666294v</annotation>
		<annotation source="MCS" anchor="coming of" bfScore="--" coherenceScore="--">bn:13618179v</annotation>
		<annotation source="MCS" anchor="according" bfScore="--" coherenceScore="--">bn:00082227v</annotation>
		<annotation source="MCS" anchor="look" bfScore="--" coherenceScore="--">bn:00006386n</annotation>
		<annotation source="MCS" anchor="new" bfScore="--" coherenceScore="--">bn:00107267a</annotation>
		<annotation source="BABELFY" anchor="new earth" bfScore="0.7422680412371134" coherenceScore="0.046511627906976744">bn:02304511n</annotation>
		<annotation source="BABELFY" anchor="righteousness" bfScore="0.8641188959660298" coherenceScore="0.21511627906976744">bn:14362002n</annotation>
		<annotation source="MCS" anchor="seeing" bfScore="--" coherenceScore="--">bn:00093430v</annotation>
		<annotation source="BABELFY" anchor="diligent" bfScore="0.8888888888888888" coherenceScore="0.023255813953488372">bn:00101382a</annotation>
		<annotation source="MCS" anchor="found" bfScore="--" coherenceScore="--">bn:00084231v</annotation>
		<annotation source="MCS" anchor="peace" bfScore="--" coherenceScore="--">bn:00061149n</annotation>
		<annotation source="MCS" anchor="spot" bfScore="--" coherenceScore="--">bn:00062699n</annotation>
		<annotation source="BABELFY" anchor="blameless" bfScore="1.0" coherenceScore="0.01744186046511628">bn:00098519a</annotation>
		<annotation source="MCS" anchor="account" bfScore="--" coherenceScore="--">bn:00082231v</annotation>
		<annotation source="MCS" anchor="longsuffering" bfScore="--" coherenceScore="--">bn:13742119n</annotation>
		<annotation source="MCS" anchor="salvation" bfScore="--" coherenceScore="--">bn:00066712n</annotation>
		<annotation source="BABELFY" anchor="brother" bfScore="0.7075727453461051" coherenceScore="0.2616279069767442">bn:00055630n</annotation>
		<annotation source="BABELFY" anchor="brother Paul" bfScore="1.0" coherenceScore="0.005813953488372093">bn:15063068n</annotation>
		<annotation source="BABELFY" anchor="Paul" bfScore="0.926060406007592" coherenceScore="0.36046511627906974">bn:00004984n</annotation>
		<annotation source="MCS" anchor="wisdom" bfScore="--" coherenceScore="--">bn:00081406n</annotation>
		<annotation source="MCS" anchor="written" bfScore="--" coherenceScore="--">bn:00085489v</annotation>
		<annotation source="MCS" anchor="epistles" bfScore="--" coherenceScore="--">bn:00031238n</annotation>
		<annotation source="MCS" anchor="speaking" bfScore="--" coherenceScore="--">bn:00090943v</annotation>
		<annotation source="MCS" anchor="understood" bfScore="--" coherenceScore="--">bn:00095375v</annotation>
		<annotation source="BABELFY" anchor="unlearned" bfScore="0.8387096774193549" coherenceScore="0.0755813953488372">bn:00104533a</annotation>
		<annotation source="MCS" anchor="unstable" bfScore="--" coherenceScore="--">bn:00113268a</annotation>
		<annotation source="BABELFY" anchor="scriptures" bfScore="0.9243243243243243" coherenceScore="0.5523255813953488">bn:00010217n</annotation>
		<annotation source="MCS" anchor="destruction" bfScore="--" coherenceScore="--">bn:00026610n</annotation>
		<annotation source="BABELFY" anchor="beware" bfScore="1.0" coherenceScore="0.005813953488372093">bn:00083463v</annotation>
		<annotation source="MCS" anchor="led" bfScore="--" coherenceScore="--">bn:00085567v</annotation>
		<annotation source="MCS" anchor="error" bfScore="--" coherenceScore="--">bn:00031485n</annotation>
		<annotation source="MCS" anchor="wicked" bfScore="--" coherenceScore="--">bn:14713858n</annotation>
		<annotation source="MCS" anchor="fall" bfScore="--" coherenceScore="--">bn:00007406n</annotation>
		<annotation source="MCS" anchor="grow" bfScore="--" coherenceScore="--">bn:00089082v</annotation>
		<annotation source="MCS" anchor="grace" bfScore="--" coherenceScore="--">bn:00041221n</annotation>
		<annotation source="BABELFY" anchor="knowledge" bfScore="0.806926722566533" coherenceScore="0.5930232558139535">bn:00020452n</annotation>
		<annotation source="BABELFY" anchor="Jesus" bfScore="0.8092889984673819" coherenceScore="0.6104651162790697">bn:00018805n</annotation>
		<annotation source="BABELFY" anchor="Jesus Christ" bfScore="0.9757227575982209" coherenceScore="0.6104651162790697">bn:00018805n</annotation>
		<annotation source="BABELFY" anchor="Christ" bfScore="0.9881688625974724" coherenceScore="0.6104651162790697">bn:00018805n</annotation>
		<annotation source="BABELFY" anchor="glory" bfScore="0.7183042789223455" coherenceScore="0.21511627906976744">bn:00007184n</annotation>
		<annotation source="BABELFY" anchor="Amen" bfScore="0.9343780607247796" coherenceScore="0.20930232558139536">bn:00003325n</annotation>
	</annotations>
</paragraph>
</dataset>
