<?xml version="1.0" encoding="utf-8"?>
<dataset language="EN" title="2TH">
<paragraph id="p.1">
	<text>
		Paul , and Silvanus , and Timotheus , unto the church of the Thessalonians in God our Father and the Lord Jesus Christ :
		Grace unto you , and peace , from God our Father and the Lord Jesus Christ .
		We are bound to thank God always for you , brethren , as it is meet , because that your faith groweth exceedingly , and the charity of every one of you all toward each other aboundeth ;
		So that we ourselves glory in you in the churches of God for your patience and faith in all your persecutions and tribulations that ye endure :
		Which is a manifest token of the righteous judgment of God , that ye may be counted worthy of the kingdom of God , for which ye also suffer :
		Seeing it is a righteous thing with God to recompense tribulation to them that trouble you ;
		And to you who are troubled rest with us , when the Lord Jesus shall be revealed from heaven with his mighty angels ,
		In flaming fire taking vengeance on them that know not God , and that obey not the gospel of our Lord Jesus Christ :
		Who shall be punished with everlasting destruction from the presence of the Lord , and from the glory of his power ;
		When he shall come to be glorified in his saints , and to be admired in all them that believe ( because our testimony among you was believed ) in that day .
		Wherefore also we pray always for you , that our God would count you worthy of this calling , and fulfil all the good pleasure of his goodness , and the work of faith with power :
		That the name of our Lord Jesus Christ may be glorified in you , and ye in him , according to the grace of our God and the Lord Jesus Christ .
	</text>
	<annotations>
		<annotation source="BABELFY" anchor="Paul" bfScore="0.8351204743282452" coherenceScore="0.6779661016949152">bn:00004984n</annotation>
		<annotation source="MCS" anchor="church" bfScore="--" coherenceScore="--">bn:00018819n</annotation>
		<annotation source="MCS" anchor="Thessalonians" bfScore="--" coherenceScore="--">bn:13691480n</annotation>
		<annotation source="MCS" anchor="Father" bfScore="--" coherenceScore="--">bn:00009616n</annotation>
		<annotation source="BABELFY" anchor="Lord Jesus" bfScore="1.0" coherenceScore="0.7372881355932204">bn:00018805n</annotation>
		<annotation source="BABELFY" anchor="Lord Jesus Christ" bfScore="1.0" coherenceScore="0.7372881355932204">bn:00018805n</annotation>
		<annotation source="BABELFY" anchor="Jesus Christ" bfScore="0.874852662327679" coherenceScore="0.7288135593220338">bn:00018805n</annotation>
		<annotation source="BABELFY" anchor="Christ" bfScore="0.9033182143709716" coherenceScore="0.7288135593220338">bn:00018805n</annotation>
		<annotation source="MCS" anchor="Grace" bfScore="--" coherenceScore="--">bn:00041221n</annotation>
		<annotation source="MCS" anchor="peace" bfScore="--" coherenceScore="--">bn:00061149n</annotation>
		<annotation source="MCS" anchor="bound" bfScore="--" coherenceScore="--">bn:00082347v</annotation>
		<annotation source="BABELFY" anchor="thank" bfScore="1.0" coherenceScore="0.3474576271186441">bn:00088854v</annotation>
		<annotation source="MCS" anchor="brethren" bfScore="--" coherenceScore="--">bn:00013012n</annotation>
		<annotation source="BABELFY" anchor="meet" bfScore="1.0" coherenceScore="0.01694915254237288">bn:00103032a</annotation>
		<annotation source="BABELFY" anchor="faith" bfScore="0.7824447842941993" coherenceScore="0.847457627118644">bn:00032768n</annotation>
		<annotation source="MCS" anchor="exceedingly" bfScore="--" coherenceScore="--">bn:00115271r</annotation>
		<annotation source="MCS" anchor="charity" bfScore="--" coherenceScore="--">bn:00017818n</annotation>
		<annotation source="BABELFY" anchor="glory" bfScore="1.0" coherenceScore="0.025423728813559324">bn:00088898v</annotation>
		<annotation source="MCS" anchor="churches" bfScore="--" coherenceScore="--">bn:00018819n</annotation>
		<annotation source="MCS" anchor="patience" bfScore="--" coherenceScore="--">bn:00035762n</annotation>
		<annotation source="BABELFY" anchor="persecutions" bfScore="1.0" coherenceScore="0.3474576271186441">bn:00061697n</annotation>
		<annotation source="BABELFY" anchor="tribulations" bfScore="0.988388295401765" coherenceScore="0.4745762711864407">bn:02492215n</annotation>
		<annotation source="BABELFY" anchor="endure" bfScore="0.9913644214162349" coherenceScore="0.3474576271186441">bn:00082138v</annotation>
		<annotation source="BABELFY" anchor="manifest" bfScore="1.0" coherenceScore="0.0423728813559322">bn:00097350a</annotation>
		<annotation source="BABELFY" anchor="token" bfScore="0.9146341463414634" coherenceScore="0.2542372881355932">bn:00047732n</annotation>
		<annotation source="BABELFY" anchor="righteous" bfScore="0.9811320754716981" coherenceScore="0.13559322033898305">bn:00109866a</annotation>
		<annotation source="MCS" anchor="judgment" bfScore="--" coherenceScore="--">bn:00048493n</annotation>
		<annotation source="MCS" anchor="counted" bfScore="--" coherenceScore="--">bn:00085859v</annotation>
		<annotation source="BABELFY" anchor="worthy" bfScore="0.827538247566064" coherenceScore="0.288135593220339">bn:00101237a</annotation>
		<annotation source="MCS" anchor="kingdom" bfScore="--" coherenceScore="--">bn:00049167n</annotation>
		<annotation source="MCS" anchor="kingdom of God" bfScore="--" coherenceScore="--">bn:00049176n</annotation>
		<annotation source="MCS" anchor="suffer" bfScore="--" coherenceScore="--">bn:00087618v</annotation>
		<annotation source="MCS" anchor="Seeing" bfScore="--" coherenceScore="--">bn:00093430v</annotation>
		<annotation source="BABELFY" anchor="recompense" bfScore="0.9987261146496815" coherenceScore="0.23728813559322035">bn:00085462v</annotation>
		<annotation source="BABELFY" anchor="tribulation" bfScore="0.988388295401765" coherenceScore="0.4745762711864407">bn:02492215n</annotation>
		<annotation source="BABELFY" anchor="trouble" bfScore="0.9768130241736557" coherenceScore="0.3728813559322034">bn:00078425n</annotation>
		<annotation source="BABELFY" anchor="troubled" bfScore="1.0" coherenceScore="0.025423728813559324">bn:00112142a</annotation>
		<annotation source="BABELFY" anchor="rest" bfScore="1.0" coherenceScore="0.3389830508474576">bn:00031686n</annotation>
		<annotation source="BABELFY" anchor="revealed" bfScore="0.995575221238938" coherenceScore="0.4576271186440678">bn:00092981v</annotation>
		<annotation source="MCS" anchor="heaven" bfScore="--" coherenceScore="--">bn:00029734n</annotation>
		<annotation source="BABELFY" anchor="mighty" bfScore="1.0" coherenceScore="0.03389830508474576">bn:00106713a</annotation>
		<annotation source="MCS" anchor="angels" bfScore="--" coherenceScore="--">bn:00004063n</annotation>
		<annotation source="MCS" anchor="flaming" bfScore="--" coherenceScore="--">bn:00098006a</annotation>
		<annotation source="MCS" anchor="fire" bfScore="--" coherenceScore="--">bn:00034623n</annotation>
		<annotation source="MCS" anchor="vengeance" bfScore="--" coherenceScore="--">bn:00061113n</annotation>
		<annotation source="BABELFY" anchor="obey" bfScore="1.0" coherenceScore="0.3389830508474576">bn:00082139v</annotation>
		<annotation source="MCS" anchor="gospel" bfScore="--" coherenceScore="--">bn:00031976n</annotation>
		<annotation source="BABELFY" anchor="punished" bfScore="1.0" coherenceScore="0.05084745762711865">bn:00091527v</annotation>
		<annotation source="BABELFY" anchor="everlasting" bfScore="0.9230769230769231" coherenceScore="0.025423728813559324">bn:00097521a</annotation>
		<annotation source="BABELFY" anchor="destruction" bfScore="0.9523809523809523" coherenceScore="0.0847457627118644">bn:03677770n</annotation>
		<annotation source="MCS" anchor="presence" bfScore="--" coherenceScore="--">bn:00064201n</annotation>
		<annotation source="BABELFY" anchor="glory" bfScore="0.8266390256543146" coherenceScore="0.4915254237288136">bn:00007184n</annotation>
		<annotation source="BABELFY" anchor="power" bfScore="0.9823857940713161" coherenceScore="0.5932203389830508">bn:00025995n</annotation>
		<annotation source="BABELFY" anchor="glorified" bfScore="0.8233463035019455" coherenceScore="0.3898305084745763">bn:00088896v</annotation>
		<annotation source="MCS" anchor="saints" bfScore="--" coherenceScore="--">bn:00068856n</annotation>
		<annotation source="MCS" anchor="admired" bfScore="--" coherenceScore="--">bn:00082367v</annotation>
		<annotation source="MCS" anchor="believe" bfScore="--" coherenceScore="--">bn:00083369v</annotation>
		<annotation source="BABELFY" anchor="testimony" bfScore="0.9987515605493134" coherenceScore="0.3389830508474576">bn:00076677n</annotation>
		<annotation source="MCS" anchor="believed" bfScore="--" coherenceScore="--">bn:00083369v</annotation>
		<annotation source="MCS" anchor="day" bfScore="--" coherenceScore="--">bn:00000086n</annotation>
		<annotation source="BABELFY" anchor="pray" bfScore="1.0" coherenceScore="0.4067796610169492">bn:00091921v</annotation>
		<annotation source="MCS" anchor="count" bfScore="--" coherenceScore="--">bn:00085859v</annotation>
		<annotation source="BABELFY" anchor="calling" bfScore="0.9990250243743907" coherenceScore="0.4915254237288136">bn:00014839n</annotation>
		<annotation source="MCS" anchor="fulfil" bfScore="--" coherenceScore="--">bn:00082225v</annotation>
		<annotation source="MCS" anchor="good" bfScore="--" coherenceScore="--">bn:00103672a</annotation>
		<annotation source="MCS" anchor="pleasure" bfScore="--" coherenceScore="--">bn:00062972n</annotation>
		<annotation source="BABELFY" anchor="goodness" bfScore="0.8846287905193447" coherenceScore="0.3983050847457627">bn:00041060n</annotation>
		<annotation source="BABELFY" anchor="work" bfScore="0.7409120951751487" coherenceScore="0.5">bn:00702561n</annotation>
		<annotation source="MCS" anchor="power" bfScore="--" coherenceScore="--">bn:00063940n</annotation>
		<annotation source="BABELFY" anchor="according" bfScore="0.8" coherenceScore="0.01694915254237288">bn:00082228v</annotation>
		<annotation source="MCS" anchor="grace" bfScore="--" coherenceScore="--">bn:00041221n</annotation>
	</annotations>
</paragraph>
<paragraph id="p.2">
	<text>
		Now we beseech you , brethren , by the coming of our Lord Jesus Christ , and by our gathering together unto him ,
		That ye be not soon shaken in mind , or be troubled , neither by spirit , nor by word , nor by letter as from us , as that the day of Christ is at hand .
		Let no man deceive you by any means : for that day shall not come , except there come a falling away first , and that man of sin be revealed , the son of perdition ;
		Who opposeth and exalteth himself above all that is called God , or that is worshipped ; so that he as God sitteth in the temple of God , shewing himself that he is God .
		Remember ye not , that , when I was yet with you , I told you these things ?
		And now ye know what withholdeth that he might be revealed in his time .
		For the mystery of iniquity doth already work : only he who now letteth will let , until he be taken out of the way .
		And then shall that Wicked be revealed , whom the Lord shall consume with the spirit of his mouth , and shall destroy with the brightness of his coming :
		Even him , whose coming is after the working of Satan with all power and signs and lying wonders ,
		And with all deceivableness of unrighteousness in them that perish ; because they received not the love of the truth , that they might be saved .
		And for this cause God shall send them strong delusion , that they should believe a lie :
		That they all might be damned who believed not the truth , but had pleasure in unrighteousness .
		But we are bound to give thanks alway to God for you , brethren beloved of the Lord , because God hath from the beginning chosen you to salvation through sanctification of the Spirit and belief of the truth :
		Whereunto he called you by our gospel , to the obtaining of the glory of our Lord Jesus Christ .
		Therefore , brethren , stand fast , and hold the traditions which ye have been taught , whether by word , or our epistle .
		Now our Lord Jesus Christ himself , and God , even our Father , which hath loved us , and hath given us everlasting consolation and good hope through grace ,
		Comfort your hearts , and stablish you in every good word and work .
	</text>
	<annotations>
		<annotation source="BABELFY" anchor="beseech" bfScore="1.0" coherenceScore="0.02962962962962963">bn:00082355v</annotation>
		<annotation source="MCS" anchor="brethren" bfScore="--" coherenceScore="--">bn:00013012n</annotation>
		<annotation source="MCS" anchor="coming" bfScore="--" coherenceScore="--">bn:00085319v</annotation>
		<annotation source="MCS" anchor="coming of" bfScore="--" coherenceScore="--">bn:13618179v</annotation>
		<annotation source="BABELFY" anchor="Lord Jesus" bfScore="1.0" coherenceScore="0.7703703703703704">bn:00018805n</annotation>
		<annotation source="BABELFY" anchor="Lord Jesus Christ" bfScore="1.0" coherenceScore="0.7703703703703704">bn:00018805n</annotation>
		<annotation source="BABELFY" anchor="Jesus" bfScore="0.7928621413575927" coherenceScore="0.762962962962963">bn:00018805n</annotation>
		<annotation source="BABELFY" anchor="Jesus Christ" bfScore="0.931366380013517" coherenceScore="0.762962962962963">bn:00018805n</annotation>
		<annotation source="BABELFY" anchor="Christ" bfScore="0.9496819383889643" coherenceScore="0.762962962962963">bn:00018805n</annotation>
		<annotation source="BABELFY" anchor="gathering" bfScore="0.8223062381852552" coherenceScore="0.21481481481481482">bn:02049007n</annotation>
		<annotation source="BABELFY" anchor="shaken" bfScore="0.9074733096085409" coherenceScore="0.1111111111111111">bn:00093562v</annotation>
		<annotation source="MCS" anchor="mind" bfScore="--" coherenceScore="--">bn:00012681n</annotation>
		<annotation source="MCS" anchor="troubled" bfScore="--" coherenceScore="--">bn:00087072v</annotation>
		<annotation source="MCS" anchor="spirit" bfScore="--" coherenceScore="--">bn:00073430n</annotation>
		<annotation source="MCS" anchor="word" bfScore="--" coherenceScore="--">bn:00081546n</annotation>
		<annotation source="MCS" anchor="letter" bfScore="--" coherenceScore="--">bn:00050802n</annotation>
		<annotation source="MCS" anchor="day" bfScore="--" coherenceScore="--">bn:00000086n</annotation>
		<annotation source="MCS" anchor="hand" bfScore="--" coherenceScore="--">bn:00042759n</annotation>
		<annotation source="MCS" anchor="man" bfScore="--" coherenceScore="--">bn:00001533n</annotation>
		<annotation source="BABELFY" anchor="deceive" bfScore="0.9699306090979183" coherenceScore="0.2518518518518518">bn:00083460v</annotation>
		<annotation source="MCS" anchor="means" bfScore="--" coherenceScore="--">bn:00054001n</annotation>
		<annotation source="MCS" anchor="falling" bfScore="--" coherenceScore="--">bn:00087976v</annotation>
		<annotation source="BABELFY" anchor="man of sin" bfScore="1.0" coherenceScore="0.3037037037037037">bn:02468282n</annotation>
		<annotation source="BABELFY" anchor="sin" bfScore="0.751108670862018" coherenceScore="0.5777777777777777">bn:00071707n</annotation>
		<annotation source="BABELFY" anchor="revealed" bfScore="0.9757127771911299" coherenceScore="0.32592592592592595">bn:00092981v</annotation>
		<annotation source="BABELFY" anchor="son" bfScore="0.8893936401343078" coherenceScore="0.4222222222222222">bn:00051877n</annotation>
		<annotation source="MCS" anchor="son of perdition" bfScore="--" coherenceScore="--">bn:02362925n</annotation>
		<annotation source="BABELFY" anchor="perdition" bfScore="1.0" coherenceScore="0.4962962962962963">bn:00043604n</annotation>
		<annotation source="MCS" anchor="exalteth" bfScore="--" coherenceScore="--">bn:13765931v</annotation>
		<annotation source="MCS" anchor="called" bfScore="--" coherenceScore="--">bn:00084385v</annotation>
		<annotation source="MCS" anchor="worshipped" bfScore="--" coherenceScore="--">bn:00089322v</annotation>
		<annotation source="MCS" anchor="temple" bfScore="--" coherenceScore="--">bn:00076465n</annotation>
		<annotation source="BABELFY" anchor="shewing" bfScore="1.0" coherenceScore="0.014814814814814815">bn:00086567v</annotation>
		<annotation source="MCS" anchor="Remember" bfScore="--" coherenceScore="--">bn:00084413v</annotation>
		<annotation source="MCS" anchor="told" bfScore="--" coherenceScore="--">bn:00093287v</annotation>
		<annotation source="BABELFY" anchor="things" bfScore="0.9260700389105059" coherenceScore="0.1259259259259259">bn:00006125n</annotation>
		<annotation source="BABELFY" anchor="time" bfScore="0.750779603876949" coherenceScore="0.5037037037037037">bn:00077270n</annotation>
		<annotation source="BABELFY" anchor="mystery" bfScore="0.8661005878510777" coherenceScore="0.2518518518518518">bn:00012686n</annotation>
		<annotation source="BABELFY" anchor="iniquity" bfScore="0.935672514619883" coherenceScore="0.26666666666666666">bn:00032048n</annotation>
		<annotation source="MCS" anchor="work" bfScore="--" coherenceScore="--">bn:00095812v</annotation>
		<annotation source="MCS" anchor="taken out" bfScore="--" coherenceScore="--">bn:00090960v</annotation>
		<annotation source="MCS" anchor="Wicked" bfScore="--" coherenceScore="--">bn:14713858n</annotation>
		<annotation source="MCS" anchor="consume" bfScore="--" coherenceScore="--">bn:00085688v</annotation>
		<annotation source="MCS" anchor="mouth" bfScore="--" coherenceScore="--">bn:00056135n</annotation>
		<annotation source="MCS" anchor="destroy" bfScore="--" coherenceScore="--">bn:00086698v</annotation>
		<annotation source="MCS" anchor="brightness" bfScore="--" coherenceScore="--">bn:00013121n</annotation>
		<annotation source="BABELFY" anchor="working" bfScore="1.0" coherenceScore="0.05185185185185185">bn:03264056n</annotation>
		<annotation source="BABELFY" anchor="Satan" bfScore="0.851233729936916" coherenceScore="0.6074074074074074">bn:00009586n</annotation>
		<annotation source="BABELFY" anchor="power" bfScore="0.7231282664819596" coherenceScore="0.4888888888888889">bn:00025995n</annotation>
		<annotation source="MCS" anchor="signs" bfScore="--" coherenceScore="--">bn:00053450n</annotation>
		<annotation source="BABELFY" anchor="lying" bfScore="0.8928170594837261" coherenceScore="0.2740740740740741">bn:00090324v</annotation>
		<annotation source="MCS" anchor="wonders" bfScore="--" coherenceScore="--">bn:00001454n</annotation>
		<annotation source="MCS" anchor="deceivableness" bfScore="--" coherenceScore="--">bn:13627077n</annotation>
		<annotation source="BABELFY" anchor="unrighteousness" bfScore="1.0" coherenceScore="0.23703703703703705">bn:00079203n</annotation>
		<annotation source="BABELFY" anchor="perish" bfScore="1.0" coherenceScore="0.2518518518518518">bn:00084343v</annotation>
		<annotation source="BABELFY" anchor="received" bfScore="0.8702185792349727" coherenceScore="0.28888888888888886">bn:00092494v</annotation>
		<annotation source="MCS" anchor="love" bfScore="--" coherenceScore="--">bn:00052121n</annotation>
		<annotation source="MCS" anchor="truth" bfScore="--" coherenceScore="--">bn:00078498n</annotation>
		<annotation source="MCS" anchor="saved" bfScore="--" coherenceScore="--">bn:00092745v</annotation>
		<annotation source="BABELFY" anchor="send" bfScore="0.992018244013683" coherenceScore="0.21481481481481482">bn:00084807v</annotation>
		<annotation source="MCS" anchor="strong" bfScore="--" coherenceScore="--">bn:00111312a</annotation>
		<annotation source="MCS" anchor="delusion" bfScore="--" coherenceScore="--">bn:00026094n</annotation>
		<annotation source="MCS" anchor="believe" bfScore="--" coherenceScore="--">bn:00083369v</annotation>
		<annotation source="MCS" anchor="lie" bfScore="--" coherenceScore="--">bn:00051016n</annotation>
		<annotation source="MCS" anchor="damned" bfScore="--" coherenceScore="--">bn:00114907r</annotation>
		<annotation source="MCS" anchor="believed" bfScore="--" coherenceScore="--">bn:00083369v</annotation>
		<annotation source="MCS" anchor="pleasure" bfScore="--" coherenceScore="--">bn:00062972n</annotation>
		<annotation source="MCS" anchor="bound" bfScore="--" coherenceScore="--">bn:00082347v</annotation>
		<annotation source="BABELFY" anchor="thanks" bfScore="0.8265698419478855" coherenceScore="0.31851851851851853">bn:00041465n</annotation>
		<annotation source="BABELFY" anchor="beloved" bfScore="1.0" coherenceScore="0.022222222222222223">bn:00098224a</annotation>
		<annotation source="MCS" anchor="beginning" bfScore="--" coherenceScore="--">bn:00009632n</annotation>
		<annotation source="MCS" anchor="chosen" bfScore="--" coherenceScore="--">bn:00084931v</annotation>
		<annotation source="MCS" anchor="salvation" bfScore="--" coherenceScore="--">bn:00066712n</annotation>
		<annotation source="BABELFY" anchor="sanctification" bfScore="0.7553098632528368" coherenceScore="0.32592592592592595">bn:17234447n</annotation>
		<annotation source="MCS" anchor="Spirit" bfScore="--" coherenceScore="--">bn:00073430n</annotation>
		<annotation source="BABELFY" anchor="belief" bfScore="0.7740112124199113" coherenceScore="0.8518518518518519">bn:00032768n</annotation>
		<annotation source="MCS" anchor="Whereunto" bfScore="--" coherenceScore="--">bn:13750721r</annotation>
		<annotation source="MCS" anchor="gospel" bfScore="--" coherenceScore="--">bn:00031976n</annotation>
		<annotation source="MCS" anchor="obtaining" bfScore="--" coherenceScore="--">bn:00091124v</annotation>
		<annotation source="BABELFY" anchor="glory" bfScore="0.8643585487313256" coherenceScore="0.3333333333333333">bn:00007184n</annotation>
		<annotation source="BABELFY" anchor="stand" bfScore="0.7785501489572989" coherenceScore="0.2074074074074074">bn:00082138v</annotation>
		<annotation source="BABELFY" anchor="stand fast" bfScore="1.0" coherenceScore="0.007407407407407408">bn:00089404v</annotation>
		<annotation source="BABELFY" anchor="fast" bfScore="1.0" coherenceScore="0.02962962962962963">bn:00115336r</annotation>
		<annotation source="MCS" anchor="hold" bfScore="--" coherenceScore="--">bn:00089384v</annotation>
		<annotation source="MCS" anchor="traditions" bfScore="--" coherenceScore="--">bn:00077883n</annotation>
		<annotation source="BABELFY" anchor="taught" bfScore="0.775623268698061" coherenceScore="0.23703703703703705">bn:00089791v</annotation>
		<annotation source="BABELFY" anchor="epistle" bfScore="0.8165137614678899" coherenceScore="0.2962962962962963">bn:00031239n</annotation>
		<annotation source="MCS" anchor="Father" bfScore="--" coherenceScore="--">bn:00009616n</annotation>
		<annotation source="MCS" anchor="loved" bfScore="--" coherenceScore="--">bn:00090504v</annotation>
		<annotation source="BABELFY" anchor="everlasting" bfScore="1.0" coherenceScore="0.022222222222222223">bn:00097521a</annotation>
		<annotation source="BABELFY" anchor="consolation" bfScore="0.9996234939759037" coherenceScore="0.3333333333333333">bn:00022000n</annotation>
		<annotation source="MCS" anchor="good" bfScore="--" coherenceScore="--">bn:00103672a</annotation>
		<annotation source="MCS" anchor="hope" bfScore="--" coherenceScore="--">bn:00044736n</annotation>
		<annotation source="MCS" anchor="grace" bfScore="--" coherenceScore="--">bn:00041221n</annotation>
		<annotation source="BABELFY" anchor="Comfort" bfScore="0.7046979865771812" coherenceScore="0.24444444444444444">bn:00020913n</annotation>
		<annotation source="MCS" anchor="hearts" bfScore="--" coherenceScore="--">bn:00012289n</annotation>
		<annotation source="MCS" anchor="stablish" bfScore="--" coherenceScore="--">bn:13771875v</annotation>
		<annotation source="BABELFY" anchor="good word" bfScore="1.0" coherenceScore="0.2">bn:00041086n</annotation>
		<annotation source="BABELFY" anchor="word and work" bfScore="1.0" coherenceScore="0.2814814814814815">bn:01899975n</annotation>
		<annotation source="MCS" anchor="work" bfScore="--" coherenceScore="--">bn:00081568n</annotation>
	</annotations>
</paragraph>
<paragraph id="p.3">
	<text>
		Finally , brethren , pray for us , that the word of the Lord may have free course , and be glorified , even as it is with you :
		And that we may be delivered from unreasonable and wicked men : for all men have not faith .
		But the Lord is faithful , who shall stablish you , and keep you from evil .
		And we have confidence in the Lord touching you , that ye both do and will do the things which we command you .
		And the Lord direct your hearts into the love of God , and into the patient waiting for Christ .
		Now we command you , brethren , in the name of our Lord Jesus Christ , that ye withdraw yourselves from every brother that walketh disorderly , and not after the tradition which he received of us .
		For yourselves know how ye ought to follow us : for we behaved not ourselves disorderly among you ;
		Neither did we eat any man&amp;apos;s bread for nought ; but wrought with labour and travail night and day , that we might not be chargeable to any of you :
		Not because we have not power , but to make ourselves an ensample unto you to follow us .
		For even when we were with you , this we commanded you , that if any would not work , neither should he eat .
		For we hear that there are some which walk among you disorderly , working not at all , but are busybodies .
		Now them that are such we command and exhort by our Lord Jesus Christ , that with quietness they work , and eat their own bread .
		But ye , brethren , be not weary in well doing .
		And if any man obey not our word by this epistle , note that man , and have no company with him , that he may be ashamed .
		Yet count him not as an enemy , but admonish him as a brother .
		Now the Lord of peace himself give you peace always by all means . The Lord be with you all .
		The salutation of Paul with mine own hand , which is the token in every epistle : so I write .
		The grace of our Lord Jesus Christ be with you all . Amen .
	</text>
	<annotations>
		<annotation source="BABELFY" anchor="Finally" bfScore="1.0" coherenceScore="0.026785714285714284">bn:00115252r</annotation>
		<annotation source="MCS" anchor="brethren" bfScore="--" coherenceScore="--">bn:00013012n</annotation>
		<annotation source="BABELFY" anchor="pray" bfScore="1.0" coherenceScore="0.25892857142857145">bn:00091921v</annotation>
		<annotation source="MCS" anchor="word" bfScore="--" coherenceScore="--">bn:00081546n</annotation>
		<annotation source="BABELFY" anchor="Lord may" bfScore="1.0" coherenceScore="0.044642857142857144">bn:03314647n</annotation>
		<annotation source="MCS" anchor="free" bfScore="--" coherenceScore="--">bn:00103299a</annotation>
		<annotation source="MCS" anchor="course" bfScore="--" coherenceScore="--">bn:00019479n</annotation>
		<annotation source="BABELFY" anchor="glorified" bfScore="0.997737556561086" coherenceScore="0.1875">bn:00088896v</annotation>
		<annotation source="MCS" anchor="delivered" bfScore="--" coherenceScore="--">bn:00086530v</annotation>
		<annotation source="BABELFY" anchor="unreasonable" bfScore="0.8620689655172413" coherenceScore="0.044642857142857144">bn:00102500a</annotation>
		<annotation source="BABELFY" anchor="wicked" bfScore="0.9886363636363636" coherenceScore="0.24107142857142858">bn:00110660a</annotation>
		<annotation source="MCS" anchor="men" bfScore="--" coherenceScore="--">bn:00001533n</annotation>
		<annotation source="BABELFY" anchor="faith" bfScore="0.8618172504322213" coherenceScore="0.7678571428571429">bn:00032768n</annotation>
		<annotation source="MCS" anchor="faithful" bfScore="--" coherenceScore="--">bn:00102728a</annotation>
		<annotation source="MCS" anchor="stablish" bfScore="--" coherenceScore="--">bn:13771875v</annotation>
		<annotation source="MCS" anchor="keep" bfScore="--" coherenceScore="--">bn:00089384v</annotation>
		<annotation source="MCS" anchor="evil" bfScore="--" coherenceScore="--">bn:00032048n</annotation>
		<annotation source="MCS" anchor="confidence" bfScore="--" coherenceScore="--">bn:00006565n</annotation>
		<annotation source="MCS" anchor="touching" bfScore="--" coherenceScore="--">bn:00095040v</annotation>
		<annotation source="BABELFY" anchor="things" bfScore="0.9228571428571428" coherenceScore="0.15178571428571427">bn:00006125n</annotation>
		<annotation source="MCS" anchor="command" bfScore="--" coherenceScore="--">bn:00085400v</annotation>
		<annotation source="MCS" anchor="direct" bfScore="--" coherenceScore="--">bn:00086865v</annotation>
		<annotation source="MCS" anchor="hearts" bfScore="--" coherenceScore="--">bn:00012289n</annotation>
		<annotation source="MCS" anchor="love" bfScore="--" coherenceScore="--">bn:00052121n</annotation>
		<annotation source="BABELFY" anchor="patient" bfScore="1.0" coherenceScore="0.10714285714285714">bn:00108344a</annotation>
		<annotation source="MCS" anchor="waiting" bfScore="--" coherenceScore="--">bn:00080340n</annotation>
		<annotation source="BABELFY" anchor="waiting for" bfScore="1.0" coherenceScore="0.008928571428571428">bn:03172630n</annotation>
		<annotation source="BABELFY" anchor="Christ" bfScore="0.9492594282869352" coherenceScore="0.7142857142857143">bn:00018805n</annotation>
		<annotation source="BABELFY" anchor="Lord Jesus" bfScore="1.0" coherenceScore="0.7232142857142857">bn:00018805n</annotation>
		<annotation source="BABELFY" anchor="Lord Jesus Christ" bfScore="1.0" coherenceScore="0.7232142857142857">bn:00018805n</annotation>
		<annotation source="BABELFY" anchor="Jesus" bfScore="0.7665834401781497" coherenceScore="0.7142857142857143">bn:00018805n</annotation>
		<annotation source="BABELFY" anchor="Jesus Christ" bfScore="0.923534853787056" coherenceScore="0.7142857142857143">bn:00018805n</annotation>
		<annotation source="MCS" anchor="withdraw" bfScore="--" coherenceScore="--">bn:00087267v</annotation>
		<annotation source="MCS" anchor="brother" bfScore="--" coherenceScore="--">bn:00011357n</annotation>
		<annotation source="MCS" anchor="disorderly" bfScore="--" coherenceScore="--">bn:00101550a</annotation>
		<annotation source="MCS" anchor="tradition" bfScore="--" coherenceScore="--">bn:00077883n</annotation>
		<annotation source="BABELFY" anchor="received" bfScore="0.942339373970346" coherenceScore="0.3482142857142857">bn:00092494v</annotation>
		<annotation source="MCS" anchor="follow" bfScore="--" coherenceScore="--">bn:00088421v</annotation>
		<annotation source="MCS" anchor="behaved" bfScore="--" coherenceScore="--">bn:00082286v</annotation>
		<annotation source="MCS" anchor="eat" bfScore="--" coherenceScore="--">bn:00087460v</annotation>
		<annotation source="MCS" anchor="man" bfScore="--" coherenceScore="--">bn:00001533n</annotation>
		<annotation source="BABELFY" anchor="bread" bfScore="0.9884759435321233" coherenceScore="0.41964285714285715">bn:00012873n</annotation>
		<annotation source="BABELFY" anchor="nought" bfScore="1.0" coherenceScore="0.17857142857142858">bn:00000004n</annotation>
		<annotation source="MCS" anchor="labour" bfScore="--" coherenceScore="--">bn:00049570n</annotation>
		<annotation source="MCS" anchor="travail" bfScore="--" coherenceScore="--">bn:00018361n</annotation>
		<annotation source="MCS" anchor="night" bfScore="--" coherenceScore="--">bn:00025236n</annotation>
		<annotation source="BABELFY" anchor="night and day" bfScore="0.8772802653399668" coherenceScore="0.20535714285714285">bn:03613072n</annotation>
		<annotation source="MCS" anchor="day" bfScore="--" coherenceScore="--">bn:00000086n</annotation>
		<annotation source="MCS" anchor="chargeable" bfScore="--" coherenceScore="--">bn:00099535a</annotation>
		<annotation source="MCS" anchor="power" bfScore="--" coherenceScore="--">bn:00063940n</annotation>
		<annotation source="MCS" anchor="ensample" bfScore="--" coherenceScore="--">bn:13739922n</annotation>
		<annotation source="MCS" anchor="commanded" bfScore="--" coherenceScore="--">bn:00085400v</annotation>
		<annotation source="MCS" anchor="work" bfScore="--" coherenceScore="--">bn:00095812v</annotation>
		<annotation source="BABELFY" anchor="hear" bfScore="0.9046015712682379" coherenceScore="0.23214285714285715">bn:00089279v</annotation>
		<annotation source="MCS" anchor="walk" bfScore="--" coherenceScore="--">bn:00095597v</annotation>
		<annotation source="MCS" anchor="working" bfScore="--" coherenceScore="--">bn:00095812v</annotation>
		<annotation source="BABELFY" anchor="busybodies" bfScore="1.0" coherenceScore="0.026785714285714284">bn:00014197n</annotation>
		<annotation source="MCS" anchor="exhort" bfScore="--" coherenceScore="--">bn:00083132v</annotation>
		<annotation source="BABELFY" anchor="quietness" bfScore="0.8685446009389671" coherenceScore="0.26785714285714285">bn:00065706n</annotation>
		<annotation source="BABELFY" anchor="weary" bfScore="1.0" coherenceScore="0.0625">bn:00097884a</annotation>
		<annotation source="BABELFY" anchor="obey" bfScore="0.9876543209876543" coherenceScore="0.26785714285714285">bn:00082139v</annotation>
		<annotation source="BABELFY" anchor="epistle" bfScore="0.7079156584860007" coherenceScore="0.2857142857142857">bn:00031239n</annotation>
		<annotation source="MCS" anchor="note" bfScore="--" coherenceScore="--">bn:00090740v</annotation>
		<annotation source="BABELFY" anchor="company" bfScore="0.7668049792531121" coherenceScore="0.25">bn:00021284n</annotation>
		<annotation source="BABELFY" anchor="ashamed" bfScore="1.0" coherenceScore="0.23214285714285715">bn:00097581a</annotation>
		<annotation source="MCS" anchor="count" bfScore="--" coherenceScore="--">bn:00085859v</annotation>
		<annotation source="MCS" anchor="enemy" bfScore="--" coherenceScore="--">bn:00030814n</annotation>
		<annotation source="BABELFY" anchor="admonish" bfScore="1.0" coherenceScore="0.22321428571428573">bn:00082375v</annotation>
		<annotation source="MCS" anchor="peace" bfScore="--" coherenceScore="--">bn:00061149n</annotation>
		<annotation source="MCS" anchor="peace" bfScore="--" coherenceScore="--">bn:13633136v</annotation>
		<annotation source="MCS" anchor="means" bfScore="--" coherenceScore="--">bn:00054001n</annotation>
		<annotation source="BABELFY" anchor="salutation" bfScore="0.8686868686868687" coherenceScore="0.30357142857142855">bn:00041739n</annotation>
		<annotation source="BABELFY" anchor="Paul" bfScore="0.8111540111540112" coherenceScore="0.5178571428571429">bn:00004984n</annotation>
		<annotation source="MCS" anchor="hand" bfScore="--" coherenceScore="--">bn:00042759n</annotation>
		<annotation source="MCS" anchor="token" bfScore="--" coherenceScore="--">bn:00047732n</annotation>
		<annotation source="MCS" anchor="write" bfScore="--" coherenceScore="--">bn:00085489v</annotation>
		<annotation source="MCS" anchor="grace" bfScore="--" coherenceScore="--">bn:00041221n</annotation>
		<annotation source="BABELFY" anchor="Amen" bfScore="0.7811348563006633" coherenceScore="0.35714285714285715">bn:00003325n</annotation>
	</annotations>
</paragraph>
</dataset>
