<?xml version="1.0" encoding="utf-8"?>
<dataset language="EN" title="JAM">
<paragraph id="p.1">
	<text>
		James , a servant of God and of the Lord Jesus Christ , to the twelve tribes which are scattered abroad , greeting .
		My brethren , count it all joy when ye fall into divers temptations ;
		Knowing this , that the trying of your faith worketh patience .
		But let patience have her perfect work , that ye may be perfect and entire , wanting nothing .
		If any of you lack wisdom , let him ask of God , that giveth to all men liberally , and upbraideth not ; and it shall be given him .
		But let him ask in faith , nothing wavering . For he that wavereth is like a wave of the sea driven with the wind and tossed .
		For let not that man think that he shall receive any thing of the Lord .
		A double minded man is unstable in all his ways .
		Let the brother of low degree rejoice in that he is exalted :
		But the rich , in that he is made low : because as the flower of the grass he shall pass away .
		For the sun is no sooner risen with a burning heat , but it withereth the grass , and the flower thereof falleth , and the grace of the fashion of it perisheth : so also shall the rich man fade away in his ways .
		Blessed is the man that endureth temptation : for when he is tried , he shall receive the crown of life , which the Lord hath promised to them that love him .
		Let no man say when he is tempted , I am tempted of God : for God cannot be tempted with evil , neither tempteth he any man :
		But every man is tempted , when he is drawn away of his own lust , and enticed .
		Then when lust hath conceived , it bringeth forth sin : and sin , when it is finished , bringeth forth death .
		Do not err , my beloved brethren .
		Every good gift and every perfect gift is from above , and cometh down from the Father of lights , with whom is no variableness , neither shadow of turning .
		Of his own will begat he us with the word of truth , that we should be a kind of firstfruits of his creatures .
		Wherefore , my beloved brethren , let every man be swift to hear , slow to speak , slow to wrath :
		For the wrath of man worketh not the righteousness of God .
		Wherefore lay apart all filthiness and superfluity of naughtiness , and receive with meekness the engrafted word , which is able to save your souls .
		But be ye doers of the word , and not hearers only , deceiving your own selves .
		For if any be a hearer of the word , and not a doer , he is like unto a man beholding his natural face in a glass :
		For he beholdeth himself , and goeth his way , and straightway forgetteth what manner of man he was .
		But whoso looketh into the perfect law of liberty , and continueth therein , he being not a forgetful hearer , but a doer of the work , this man shall be blessed in his deed .
		If any man among you seem to be religious , and bridleth not his tongue , but deceiveth his own heart , this man&amp;apos;s religion is vain .
		Pure religion and undefiled before God and the Father is this , To visit the fatherless and widows in their affliction , and to keep himself unspotted from the world .
	</text>
	<annotations>
		<annotation source="BABELFY" anchor="servant" bfScore="0.9633318243549117" coherenceScore="0.18719211822660098">bn:00067423n</annotation>
		<annotation source="BABELFY" anchor="servant of God" bfScore="1.0" coherenceScore="0.1330049261083744">bn:01187666n</annotation>
		<annotation source="BABELFY" anchor="Lord Jesus" bfScore="1.0" coherenceScore="0.6748768472906403">bn:00018805n</annotation>
		<annotation source="BABELFY" anchor="Lord Jesus Christ" bfScore="1.0" coherenceScore="0.6748768472906403">bn:00018805n</annotation>
		<annotation source="BABELFY" anchor="Jesus" bfScore="0.872025496642858" coherenceScore="0.6699507389162561">bn:00018805n</annotation>
		<annotation source="BABELFY" anchor="Jesus Christ" bfScore="0.9544252093699028" coherenceScore="0.6699507389162561">bn:00018805n</annotation>
		<annotation source="BABELFY" anchor="Christ" bfScore="0.9789823632163183" coherenceScore="0.6699507389162561">bn:00018805n</annotation>
		<annotation source="BABELFY" anchor="twelve" bfScore="0.9965928449744463" coherenceScore="0.1921182266009852">bn:00000020n</annotation>
		<annotation source="BABELFY" anchor="twelve tribes" bfScore="1.0" coherenceScore="0.10837438423645321">bn:01842583n</annotation>
		<annotation source="BABELFY" anchor="tribes" bfScore="0.7337173238812583" coherenceScore="0.3399014778325123">bn:00019429n</annotation>
		<annotation source="MCS" anchor="scattered" bfScore="--" coherenceScore="--">bn:00083993v</annotation>
		<annotation source="MCS" anchor="abroad" bfScore="--" coherenceScore="--">bn:00114086r</annotation>
		<annotation source="BABELFY" anchor="greeting" bfScore="1.0" coherenceScore="0.17733990147783252">bn:00041739n</annotation>
		<annotation source="MCS" anchor="brethren" bfScore="--" coherenceScore="--">bn:00013012n</annotation>
		<annotation source="MCS" anchor="count" bfScore="--" coherenceScore="--">bn:00085859v</annotation>
		<annotation source="BABELFY" anchor="count it all joy" bfScore="1.0" coherenceScore="0.024630541871921183">bn:01290563n</annotation>
		<annotation source="MCS" anchor="joy" bfScore="--" coherenceScore="--">bn:00048468n</annotation>
		<annotation source="MCS" anchor="fall" bfScore="--" coherenceScore="--">bn:00007406n</annotation>
		<annotation source="MCS" anchor="divers" bfScore="--" coherenceScore="--">bn:00027854n</annotation>
		<annotation source="MCS" anchor="temptations" bfScore="--" coherenceScore="--">bn:00031021n</annotation>
		<annotation source="MCS" anchor="Knowing" bfScore="--" coherenceScore="--">bn:00085261v</annotation>
		<annotation source="MCS" anchor="trying" bfScore="--" coherenceScore="--">bn:00082844v</annotation>
		<annotation source="BABELFY" anchor="faith" bfScore="0.9140344964921417" coherenceScore="0.7536945812807881">bn:00032768n</annotation>
		<annotation source="MCS" anchor="patience" bfScore="--" coherenceScore="--">bn:00035762n</annotation>
		<annotation source="MCS" anchor="perfect" bfScore="--" coherenceScore="--">bn:00108442a</annotation>
		<annotation source="MCS" anchor="work" bfScore="--" coherenceScore="--">bn:00081568n</annotation>
		<annotation source="MCS" anchor="entire" bfScore="--" coherenceScore="--">bn:00102277a</annotation>
		<annotation source="MCS" anchor="wanting" bfScore="--" coherenceScore="--">bn:00086682v</annotation>
		<annotation source="BABELFY" anchor="lack" bfScore="1.0" coherenceScore="0.07881773399014778">bn:00090161v</annotation>
		<annotation source="MCS" anchor="wisdom" bfScore="--" coherenceScore="--">bn:00081406n</annotation>
		<annotation source="MCS" anchor="men" bfScore="--" coherenceScore="--">bn:00001533n</annotation>
		<annotation source="BABELFY" anchor="liberally" bfScore="0.7641509433962265" coherenceScore="0.04433497536945813">bn:00116110r</annotation>
		<annotation source="BABELFY" anchor="wavering" bfScore="0.8531157270029673" coherenceScore="0.11330049261083744">bn:00043908n</annotation>
		<annotation source="MCS" anchor="wave" bfScore="--" coherenceScore="--">bn:00056171n</annotation>
		<annotation source="MCS" anchor="sea" bfScore="--" coherenceScore="--">bn:00069946n</annotation>
		<annotation source="MCS" anchor="driven" bfScore="--" coherenceScore="--">bn:00087327v</annotation>
		<annotation source="MCS" anchor="wind" bfScore="--" coherenceScore="--">bn:00002216n</annotation>
		<annotation source="BABELFY" anchor="tossed" bfScore="0.7378048780487805" coherenceScore="0.054187192118226604">bn:00088317v</annotation>
		<annotation source="MCS" anchor="man" bfScore="--" coherenceScore="--">bn:00001533n</annotation>
		<annotation source="MCS" anchor="think" bfScore="--" coherenceScore="--">bn:00083370v</annotation>
		<annotation source="MCS" anchor="receive" bfScore="--" coherenceScore="--">bn:00089246v</annotation>
		<annotation source="BABELFY" anchor="double" bfScore="0.7804878048780488" coherenceScore="0.08374384236453201">bn:00098472a</annotation>
		<annotation source="BABELFY" anchor="minded" bfScore="1.0" coherenceScore="0.019704433497536946">bn:00097407a</annotation>
		<annotation source="BABELFY" anchor="unstable" bfScore="0.8317972350230415" coherenceScore="0.09359605911330049">bn:00106605a</annotation>
		<annotation source="MCS" anchor="ways" bfScore="--" coherenceScore="--">bn:00033729n</annotation>
		<annotation source="MCS" anchor="brother" bfScore="--" coherenceScore="--">bn:00011357n</annotation>
		<annotation source="MCS" anchor="low" bfScore="--" coherenceScore="--">bn:00106205a</annotation>
		<annotation source="MCS" anchor="degree" bfScore="--" coherenceScore="--">bn:00025965n</annotation>
		<annotation source="BABELFY" anchor="rejoice" bfScore="0.997250229147571" coherenceScore="0.15763546798029557">bn:00089996v</annotation>
		<annotation source="BABELFY" anchor="exalted" bfScore="1.0" coherenceScore="0.04433497536945813">bn:00102115a</annotation>
		<annotation source="MCS" anchor="rich" bfScore="--" coherenceScore="--">bn:00109833a</annotation>
		<annotation source="BABELFY" anchor="low" bfScore="1.0" coherenceScore="0.08866995073891626">bn:00116164r</annotation>
		<annotation source="BABELFY" anchor="flower" bfScore="0.7787025181391378" coherenceScore="0.2019704433497537">bn:00035378n</annotation>
		<annotation source="MCS" anchor="grass" bfScore="--" coherenceScore="--">bn:00041433n</annotation>
		<annotation source="MCS" anchor="pass" bfScore="--" coherenceScore="--">bn:00088932v</annotation>
		<annotation source="MCS" anchor="pass away" bfScore="--" coherenceScore="--">bn:00084343v</annotation>
		<annotation source="BABELFY" anchor="sun" bfScore="0.7614944663150858" coherenceScore="0.43349753694581283">bn:00075170n</annotation>
		<annotation source="BABELFY" anchor="sooner" bfScore="0.9336099585062241" coherenceScore="0.07389162561576355">bn:00115150r</annotation>
		<annotation source="MCS" anchor="risen" bfScore="--" coherenceScore="--">bn:00082761v</annotation>
		<annotation source="MCS" anchor="burning" bfScore="--" coherenceScore="--">bn:00014023n</annotation>
		<annotation source="BABELFY" anchor="burning heat" bfScore="1.0" coherenceScore="0.0049261083743842365">bn:01074716n</annotation>
		<annotation source="MCS" anchor="heat" bfScore="--" coherenceScore="--">bn:00043415n</annotation>
		<annotation source="MCS" anchor="grace" bfScore="--" coherenceScore="--">bn:00041221n</annotation>
		<annotation source="MCS" anchor="fashion" bfScore="--" coherenceScore="--">bn:00033729n</annotation>
		<annotation source="BABELFY" anchor="rich man" bfScore="1.0" coherenceScore="0.08866995073891626">bn:00053112n</annotation>
		<annotation source="MCS" anchor="fade" bfScore="--" coherenceScore="--">bn:00032688n</annotation>
		<annotation source="MCS" anchor="Blessed" bfScore="--" coherenceScore="--">bn:00083599v</annotation>
		<annotation source="BABELFY" anchor="Blessed is the man" bfScore="1.0" coherenceScore="0.12315270935960591">bn:00391497n</annotation>
		<annotation source="MCS" anchor="temptation" bfScore="--" coherenceScore="--">bn:00031021n</annotation>
		<annotation source="MCS" anchor="tried" bfScore="--" coherenceScore="--">bn:00082844v</annotation>
		<annotation source="MCS" anchor="crown" bfScore="--" coherenceScore="--">bn:00024069n</annotation>
		<annotation source="MCS" anchor="life" bfScore="--" coherenceScore="--">bn:00051045n</annotation>
		<annotation source="MCS" anchor="promised" bfScore="--" coherenceScore="--">bn:00082881v</annotation>
		<annotation source="MCS" anchor="love" bfScore="--" coherenceScore="--">bn:00090504v</annotation>
		<annotation source="MCS" anchor="tempted" bfScore="--" coherenceScore="--">bn:00082548v</annotation>
		<annotation source="BABELFY" anchor="God can" bfScore="1.0" coherenceScore="0.11330049261083744">bn:02284160n</annotation>
		<annotation source="BABELFY" anchor="evil" bfScore="0.8295199641094662" coherenceScore="0.21182266009852216">bn:00102475a</annotation>
		<annotation source="MCS" anchor="drawn" bfScore="--" coherenceScore="--">bn:00087234v</annotation>
		<annotation source="BABELFY" anchor="drawn away" bfScore="1.0" coherenceScore="0.0049261083743842365">bn:00087266v</annotation>
		<annotation source="MCS" anchor="lust" bfScore="--" coherenceScore="--">bn:00050478n</annotation>
		<annotation source="MCS" anchor="enticed" bfScore="--" coherenceScore="--">bn:00087689v</annotation>
		<annotation source="MCS" anchor="conceived" bfScore="--" coherenceScore="--">bn:00085514v</annotation>
		<annotation source="BABELFY" anchor="sin" bfScore="0.7428991185112634" coherenceScore="0.18226600985221675">bn:00093756v</annotation>
		<annotation source="BABELFY" anchor="sin" bfScore="0.8277633389390001" coherenceScore="0.4729064039408867">bn:00071707n</annotation>
		<annotation source="BABELFY" anchor="finished" bfScore="0.9647463456577816" coherenceScore="0.1625615763546798">bn:00088223v</annotation>
		<annotation source="BABELFY" anchor="death" bfScore="0.7360444666391646" coherenceScore="0.5566502463054187">bn:00025582n</annotation>
		<annotation source="MCS" anchor="err" bfScore="--" coherenceScore="--">bn:00087717v</annotation>
		<annotation source="BABELFY" anchor="beloved" bfScore="1.0" coherenceScore="0.009852216748768473">bn:00098224a</annotation>
		<annotation source="MCS" anchor="good" bfScore="--" coherenceScore="--">bn:00103672a</annotation>
		<annotation source="MCS" anchor="gift" bfScore="--" coherenceScore="--">bn:00040436n</annotation>
		<annotation source="MCS" anchor="Father" bfScore="--" coherenceScore="--">bn:00009616n</annotation>
		<annotation source="MCS" anchor="lights" bfScore="--" coherenceScore="--">bn:00051108n</annotation>
		<annotation source="BABELFY" anchor="variableness" bfScore="1.0" coherenceScore="0.009852216748768473">bn:00079579n</annotation>
		<annotation source="MCS" anchor="shadow" bfScore="--" coherenceScore="--">bn:00070830n</annotation>
		<annotation source="MCS" anchor="turning" bfScore="--" coherenceScore="--">bn:00095233v</annotation>
		<annotation source="BABELFY" anchor="begat" bfScore="1.0" coherenceScore="0.19704433497536947">bn:00083336v</annotation>
		<annotation source="MCS" anchor="word" bfScore="--" coherenceScore="--">bn:00081546n</annotation>
		<annotation source="BABELFY" anchor="word of truth" bfScore="1.0" coherenceScore="0.12807881773399016">bn:00140022n</annotation>
		<annotation source="MCS" anchor="truth" bfScore="--" coherenceScore="--">bn:00078498n</annotation>
		<annotation source="BABELFY" anchor="kind" bfScore="0.9990539262062441" coherenceScore="0.15763546798029557">bn:00035907n</annotation>
		<annotation source="BABELFY" anchor="firstfruits" bfScore="1.0" coherenceScore="0.19704433497536947">bn:02948889n</annotation>
		<annotation source="BABELFY" anchor="creatures" bfScore="0.9116820735907196" coherenceScore="0.5812807881773399">bn:00004222n</annotation>
		<annotation source="BABELFY" anchor="swift" bfScore="0.7874659400544959" coherenceScore="0.08374384236453201">bn:00103088a</annotation>
		<annotation source="MCS" anchor="hear" bfScore="--" coherenceScore="--">bn:00089277v</annotation>
		<annotation source="MCS" anchor="slow" bfScore="--" coherenceScore="--">bn:00086364v</annotation>
		<annotation source="MCS" anchor="speak" bfScore="--" coherenceScore="--">bn:00090943v</annotation>
		<annotation source="MCS" anchor="wrath" bfScore="--" coherenceScore="--">bn:00081680n</annotation>
		<annotation source="MCS" anchor="righteousness" bfScore="--" coherenceScore="--">bn:00067848n</annotation>
		<annotation source="MCS" anchor="lay" bfScore="--" coherenceScore="--">bn:00090321v</annotation>
		<annotation source="MCS" anchor="apart" bfScore="--" coherenceScore="--">bn:00114308r</annotation>
		<annotation source="BABELFY" anchor="filthiness" bfScore="0.98" coherenceScore="0.034482758620689655">bn:00034497n</annotation>
		<annotation source="BABELFY" anchor="superfluity" bfScore="1.0" coherenceScore="0.019704433497536946">bn:00030469n</annotation>
		<annotation source="BABELFY" anchor="naughtiness" bfScore="1.0" coherenceScore="0.11330049261083744">bn:00007913n</annotation>
		<annotation source="BABELFY" anchor="meekness" bfScore="0.8676789587852495" coherenceScore="0.19704433497536947">bn:01015731n</annotation>
		<annotation source="MCS" anchor="engrafted" bfScore="--" coherenceScore="--">bn:00087635v</annotation>
		<annotation source="MCS" anchor="able" bfScore="--" coherenceScore="--">bn:00096151a</annotation>
		<annotation source="MCS" anchor="save" bfScore="--" coherenceScore="--">bn:00092745v</annotation>
		<annotation source="MCS" anchor="souls" bfScore="--" coherenceScore="--">bn:00065006n</annotation>
		<annotation source="BABELFY" anchor="doers" bfScore="0.9990539262062441" coherenceScore="0.15763546798029557">bn:00001177n</annotation>
		<annotation source="BABELFY" anchor="hearers" bfScore="0.918918918918919" coherenceScore="0.15763546798029557">bn:00007120n</annotation>
		<annotation source="BABELFY" anchor="deceiving" bfScore="0.9460278956943602" coherenceScore="0.1921182266009852">bn:00083460v</annotation>
		<annotation source="MCS" anchor="selves" bfScore="--" coherenceScore="--">bn:00029935n</annotation>
		<annotation source="BABELFY" anchor="hearer" bfScore="0.918918918918919" coherenceScore="0.15763546798029557">bn:00007120n</annotation>
		<annotation source="BABELFY" anchor="doer" bfScore="0.9990539262062441" coherenceScore="0.15763546798029557">bn:00001177n</annotation>
		<annotation source="MCS" anchor="like" bfScore="--" coherenceScore="--">bn:00105977a</annotation>
		<annotation source="MCS" anchor="beholding" bfScore="--" coherenceScore="--">bn:00083356v</annotation>
		<annotation source="MCS" anchor="natural" bfScore="--" coherenceScore="--">bn:00107151a</annotation>
		<annotation source="MCS" anchor="face" bfScore="--" coherenceScore="--">bn:00032600n</annotation>
		<annotation source="MCS" anchor="glass" bfScore="--" coherenceScore="--">bn:00040605n</annotation>
		<annotation source="BABELFY" anchor="straightway" bfScore="1.0" coherenceScore="0.009852216748768473">bn:00117151r</annotation>
		<annotation source="MCS" anchor="manner" bfScore="--" coherenceScore="--">bn:00033729n</annotation>
		<annotation source="MCS" anchor="manner of" bfScore="--" coherenceScore="--">bn:00032400n</annotation>
		<annotation source="MCS" anchor="law" bfScore="--" coherenceScore="--">bn:00048655n</annotation>
		<annotation source="MCS" anchor="liberty" bfScore="--" coherenceScore="--">bn:00007389n</annotation>
		<annotation source="MCS" anchor="forgetful" bfScore="--" coherenceScore="--">bn:00103216a</annotation>
		<annotation source="MCS" anchor="blessed" bfScore="--" coherenceScore="--">bn:00083599v</annotation>
		<annotation source="MCS" anchor="deed" bfScore="--" coherenceScore="--">bn:00025804n</annotation>
		<annotation source="MCS" anchor="religious" bfScore="--" coherenceScore="--">bn:00109661a</annotation>
		<annotation source="MCS" anchor="tongue" bfScore="--" coherenceScore="--">bn:00019439n</annotation>
		<annotation source="MCS" anchor="heart" bfScore="--" coherenceScore="--">bn:00012289n</annotation>
		<annotation source="BABELFY" anchor="religion" bfScore="0.951409743519" coherenceScore="0.7536945812807881">bn:00032768n</annotation>
		<annotation source="MCS" anchor="vain" bfScore="--" coherenceScore="--">bn:00100184a</annotation>
		<annotation source="MCS" anchor="Pure" bfScore="--" coherenceScore="--">bn:00109244a</annotation>
		<annotation source="BABELFY" anchor="undefiled" bfScore="0.9166666666666666" coherenceScore="0.054187192118226604">bn:00112528a</annotation>
		<annotation source="BABELFY" anchor="visit" bfScore="0.7467700258397932" coherenceScore="0.08374384236453201">bn:00093433v</annotation>
		<annotation source="MCS" anchor="fatherless" bfScore="--" coherenceScore="--">bn:00102832a</annotation>
		<annotation source="BABELFY" anchor="widows" bfScore="0.9859154929577465" coherenceScore="0.19704433497536947">bn:00081167n</annotation>
		<annotation source="BABELFY" anchor="affliction" bfScore="0.7263581488933601" coherenceScore="0.09359605911330049">bn:00001783n</annotation>
		<annotation source="MCS" anchor="keep" bfScore="--" coherenceScore="--">bn:00089384v</annotation>
		<annotation source="BABELFY" anchor="unspotted" bfScore="1.0" coherenceScore="0.009852216748768473">bn:00113253a</annotation>
		<annotation source="MCS" anchor="world" bfScore="--" coherenceScore="--">bn:00022991n</annotation>
	</annotations>
</paragraph>
<paragraph id="p.2">
	<text>
		My brethren , have not the faith of our Lord Jesus Christ , the Lord of glory , with respect of persons .
		For if there come unto your assembly a man with a gold ring , in goodly apparel , and there come in also a poor man in vile raiment ;
		And ye have respect to him that weareth the gay clothing , and say unto him , Sit thou here in a good place ; and say to the poor , Stand thou there , or sit here under my footstool :
		Are ye not then partial in yourselves , and are become judges of evil thoughts ?
		Hearken , my beloved brethren , Hath not God chosen the poor of this world rich in faith , and heirs of the kingdom which he hath promised to them that love him ?
		But ye have despised the poor . Do not rich men oppress you , and draw you before the judgment seats ?
		Do not they blaspheme that worthy name by the which ye are called ?
		If ye fulfil the royal law according to the scripture , Thou shalt love thy neighbour as thyself , ye do well :
		But if ye have respect to persons , ye commit sin , and are convinced of the law as transgressors .
		For whosoever shall keep the whole law , and yet offend in one point , he is guilty of all .
		For he that said , Do not commit adultery , said also , Do not kill . Now if thou commit no adultery , yet if thou kill , thou art become a transgressor of the law .
		So speak ye , and so do , as they that shall be judged by the law of liberty .
		For he shall have judgment without mercy , that hath shewed no mercy ; and mercy rejoiceth against judgment .
		What doth it profit , my brethren , though a man say he hath faith , and have not works ? can faith save him ?
		If a brother or sister be naked , and destitute of daily food ,
		And one of you say unto them , Depart in peace , be ye warmed and filled ; notwithstanding ye give them not those things which are needful to the body ; what doth it profit ?
		Even so faith , if it hath not works , is dead , being alone .
		Yea , a man may say , Thou hast faith , and I have works : shew me thy faith without thy works , and I will shew thee my faith by my works .
		Thou believest that there is one God ; thou doest well : the devils also believe , and tremble .
		But wilt thou know , O vain man , that faith without works is dead ?
		Was not Abraham our father justified by works , when he had offered Isaac his son upon the altar ?
		Seest thou how faith wrought with his works , and by works was faith made perfect ?
		And the scripture was fulfilled which saith , Abraham believed God , and it was imputed unto him for righteousness : and he was called the Friend of God .
		Ye see then how that by works a man is justified , and not by faith only .
		Likewise also was not Rahab the harlot justified by works , when she had received the messengers , and had sent them out another way ?
		For as the body without the spirit is dead , so faith without works is dead also .
	</text>
	<annotations>
		<annotation source="MCS" anchor="brethren" bfScore="--" coherenceScore="--">bn:00013012n</annotation>
		<annotation source="BABELFY" anchor="faith" bfScore="0.9162796535709803" coherenceScore="0.8152173913043478">bn:00032768n</annotation>
		<annotation source="BABELFY" anchor="Lord Jesus" bfScore="1.0" coherenceScore="0.6630434782608695">bn:00018805n</annotation>
		<annotation source="BABELFY" anchor="Lord Jesus Christ" bfScore="1.0" coherenceScore="0.6630434782608695">bn:00018805n</annotation>
		<annotation source="BABELFY" anchor="Jesus" bfScore="0.8850511513212703" coherenceScore="0.657608695652174">bn:00018805n</annotation>
		<annotation source="BABELFY" anchor="Jesus Christ" bfScore="0.9526368407898026" coherenceScore="0.657608695652174">bn:00018805n</annotation>
		<annotation source="BABELFY" anchor="Christ" bfScore="0.9796128652388313" coherenceScore="0.657608695652174">bn:00018805n</annotation>
		<annotation source="BABELFY" anchor="glory" bfScore="0.8519671667138409" coherenceScore="0.23369565217391305">bn:00007184n</annotation>
		<annotation source="MCS" anchor="respect" bfScore="--" coherenceScore="--">bn:00066865n</annotation>
		<annotation source="BABELFY" anchor="persons" bfScore="0.885951193602644" coherenceScore="0.7554347826086957">bn:00046516n</annotation>
		<annotation source="MCS" anchor="assembly" bfScore="--" coherenceScore="--">bn:00006484n</annotation>
		<annotation source="BABELFY" anchor="man" bfScore="0.7093367131389945" coherenceScore="0.875">bn:00044576n</annotation>
		<annotation source="MCS" anchor="gold" bfScore="--" coherenceScore="--">bn:00103585a</annotation>
		<annotation source="BABELFY" anchor="ring" bfScore="0.7839459864966242" coherenceScore="0.20652173913043478">bn:00008287n</annotation>
		<annotation source="BABELFY" anchor="goodly" bfScore="1.0" coherenceScore="0.005434782608695652">bn:00103691a</annotation>
		<annotation source="MCS" anchor="apparel" bfScore="--" coherenceScore="--">bn:00005007n</annotation>
		<annotation source="BABELFY" anchor="poor" bfScore="0.7486631016042781" coherenceScore="0.15217391304347827">bn:00108799a</annotation>
		<annotation source="MCS" anchor="vile" bfScore="--" coherenceScore="--">bn:00101247a</annotation>
		<annotation source="BABELFY" anchor="raiment" bfScore="0.9659863945578231" coherenceScore="0.2391304347826087">bn:00006125n</annotation>
		<annotation source="MCS" anchor="gay" bfScore="--" coherenceScore="--">bn:00099568a</annotation>
		<annotation source="BABELFY" anchor="clothing" bfScore="1.0" coherenceScore="0.24456521739130435">bn:00006125n</annotation>
		<annotation source="MCS" anchor="Sit" bfScore="--" coherenceScore="--">bn:00093776v</annotation>
		<annotation source="MCS" anchor="good" bfScore="--" coherenceScore="--">bn:00103672a</annotation>
		<annotation source="MCS" anchor="place" bfScore="--" coherenceScore="--">bn:00062699n</annotation>
		<annotation source="MCS" anchor="Stand" bfScore="--" coherenceScore="--">bn:00094275v</annotation>
		<annotation source="MCS" anchor="sit" bfScore="--" coherenceScore="--">bn:00093776v</annotation>
		<annotation source="BABELFY" anchor="footstool" bfScore="1.0" coherenceScore="0.08152173913043478">bn:00035743n</annotation>
		<annotation source="BABELFY" anchor="partial" bfScore="0.8410174880763116" coherenceScore="0.125">bn:00108291a</annotation>
		<annotation source="MCS" anchor="judges" bfScore="--" coherenceScore="--">bn:00048488n</annotation>
		<annotation source="MCS" anchor="evil" bfScore="--" coherenceScore="--">bn:00102474a</annotation>
		<annotation source="MCS" anchor="thoughts" bfScore="--" coherenceScore="--">bn:00045800n</annotation>
		<annotation source="MCS" anchor="Hearken" bfScore="--" coherenceScore="--">bn:00089213v</annotation>
		<annotation source="BABELFY" anchor="beloved" bfScore="1.0" coherenceScore="0.010869565217391304">bn:00098224a</annotation>
		<annotation source="MCS" anchor="chosen" bfScore="--" coherenceScore="--">bn:00084931v</annotation>
		<annotation source="BABELFY" anchor="poor" bfScore="1.0" coherenceScore="0.16847826086956522">bn:00063547n</annotation>
		<annotation source="MCS" anchor="world" bfScore="--" coherenceScore="--">bn:00022991n</annotation>
		<annotation source="MCS" anchor="rich" bfScore="--" coherenceScore="--">bn:00109833a</annotation>
		<annotation source="MCS" anchor="heirs" bfScore="--" coherenceScore="--">bn:00043555n</annotation>
		<annotation source="BABELFY" anchor="kingdom" bfScore="0.7743207712532866" coherenceScore="0.30978260869565216">bn:00055624n</annotation>
		<annotation source="MCS" anchor="promised" bfScore="--" coherenceScore="--">bn:00082881v</annotation>
		<annotation source="MCS" anchor="love" bfScore="--" coherenceScore="--">bn:00090504v</annotation>
		<annotation source="BABELFY" anchor="despised" bfScore="1.0" coherenceScore="0.07608695652173914">bn:00085702v</annotation>
		<annotation source="BABELFY" anchor="rich men" bfScore="1.0" coherenceScore="0.059782608695652176">bn:00053112n</annotation>
		<annotation source="BABELFY" anchor="men" bfScore="0.7093367131389945" coherenceScore="0.875">bn:00044576n</annotation>
		<annotation source="BABELFY" anchor="oppress" bfScore="0.9411764705882353" coherenceScore="0.10869565217391304">bn:00091182v</annotation>
		<annotation source="MCS" anchor="draw" bfScore="--" coherenceScore="--">bn:00087234v</annotation>
		<annotation source="MCS" anchor="judgment" bfScore="--" coherenceScore="--">bn:00048493n</annotation>
		<annotation source="MCS" anchor="seats" bfScore="--" coherenceScore="--">bn:00062706n</annotation>
		<annotation source="BABELFY" anchor="blaspheme" bfScore="0.9560055865921788" coherenceScore="0.20108695652173914">bn:00083560v</annotation>
		<annotation source="MCS" anchor="worthy" bfScore="--" coherenceScore="--">bn:00113948a</annotation>
		<annotation source="MCS" anchor="called" bfScore="--" coherenceScore="--">bn:00084385v</annotation>
		<annotation source="MCS" anchor="fulfil" bfScore="--" coherenceScore="--">bn:00082225v</annotation>
		<annotation source="BABELFY" anchor="royal" bfScore="0.8644501278772379" coherenceScore="0.14130434782608695">bn:00109971a</annotation>
		<annotation source="MCS" anchor="law" bfScore="--" coherenceScore="--">bn:00048655n</annotation>
		<annotation source="MCS" anchor="according" bfScore="--" coherenceScore="--">bn:00082227v</annotation>
		<annotation source="BABELFY" anchor="scripture" bfScore="0.9334027055150884" coherenceScore="0.625">bn:00010217n</annotation>
		<annotation source="MCS" anchor="love" bfScore="--" coherenceScore="--">bn:00052121n</annotation>
		<annotation source="BABELFY" anchor="neighbour" bfScore="0.9230769230769231" coherenceScore="0.016304347826086956">bn:00091039v</annotation>
		<annotation source="BABELFY" anchor="thyself" bfScore="1.0" coherenceScore="0.005434782608695652">bn:00066821n</annotation>
		<annotation source="MCS" anchor="commit" bfScore="--" coherenceScore="--">bn:00085426v</annotation>
		<annotation source="BABELFY" anchor="sin" bfScore="0.7925181849670939" coherenceScore="0.4782608695652174">bn:00071707n</annotation>
		<annotation source="BABELFY" anchor="convinced" bfScore="1.0" coherenceScore="0.17391304347826086">bn:00085767v</annotation>
		<annotation source="BABELFY" anchor="transgressors" bfScore="1.0" coherenceScore="0.21195652173913043">bn:00077999n</annotation>
		<annotation source="BABELFY" anchor="whosoever" bfScore="1.0" coherenceScore="0.016304347826086956">bn:03288509n</annotation>
		<annotation source="MCS" anchor="keep" bfScore="--" coherenceScore="--">bn:00089384v</annotation>
		<annotation source="BABELFY" anchor="offend" bfScore="0.793984962406015" coherenceScore="0.1793478260869565">bn:00083897v</annotation>
		<annotation source="MCS" anchor="point" bfScore="--" coherenceScore="--">bn:00063213n</annotation>
		<annotation source="BABELFY" anchor="guilty" bfScore="0.8858131487889274" coherenceScore="0.17391304347826086">bn:00103832a</annotation>
		<annotation source="MCS" anchor="commit adultery" bfScore="--" coherenceScore="--">bn:13602777v</annotation>
		<annotation source="BABELFY" anchor="adultery" bfScore="0.9032569360675513" coherenceScore="0.2608695652173913">bn:00001543n</annotation>
		<annotation source="BABELFY" anchor="kill" bfScore="0.7238179407865665" coherenceScore="0.21195652173913043">bn:00090106v</annotation>
		<annotation source="BABELFY" anchor="transgressor" bfScore="1.0" coherenceScore="0.21195652173913043">bn:00077999n</annotation>
		<annotation source="MCS" anchor="speak" bfScore="--" coherenceScore="--">bn:00090943v</annotation>
		<annotation source="MCS" anchor="judged" bfScore="--" coherenceScore="--">bn:00090000v</annotation>
		<annotation source="MCS" anchor="liberty" bfScore="--" coherenceScore="--">bn:00007389n</annotation>
		<annotation source="MCS" anchor="mercy" bfScore="--" coherenceScore="--">bn:00019708n</annotation>
		<annotation source="BABELFY" anchor="shewed" bfScore="1.0" coherenceScore="0.07065217391304347">bn:00086567v</annotation>
		<annotation source="BABELFY" anchor="profit" bfScore="0.7126817596171544" coherenceScore="0.2391304347826087">bn:00632106n</annotation>
		<annotation source="MCS" anchor="works" bfScore="--" coherenceScore="--">bn:00095812v</annotation>
		<annotation source="MCS" anchor="save" bfScore="--" coherenceScore="--">bn:00092745v</annotation>
		<annotation source="MCS" anchor="brother" bfScore="--" coherenceScore="--">bn:00011357n</annotation>
		<annotation source="MCS" anchor="sister" bfScore="--" coherenceScore="--">bn:00071838n</annotation>
		<annotation source="BABELFY" anchor="naked" bfScore="0.8051612903225807" coherenceScore="0.17391304347826086">bn:00097745a</annotation>
		<annotation source="BABELFY" anchor="destitute" bfScore="0.8893280632411067" coherenceScore="0.08152173913043478">bn:00098082a</annotation>
		<annotation source="BABELFY" anchor="daily" bfScore="0.8" coherenceScore="0.010869565217391304">bn:00099329a</annotation>
		<annotation source="BABELFY" anchor="food" bfScore="0.9013054081193516" coherenceScore="0.33152173913043476">bn:00035650n</annotation>
		<annotation source="MCS" anchor="Depart" bfScore="--" coherenceScore="--">bn:13713837n</annotation>
		<annotation source="MCS" anchor="peace" bfScore="--" coherenceScore="--">bn:00061149n</annotation>
		<annotation source="BABELFY" anchor="warmed" bfScore="1.0" coherenceScore="0.03804347826086957">bn:00095637v</annotation>
		<annotation source="MCS" anchor="filled" bfScore="--" coherenceScore="--">bn:00088175v</annotation>
		<annotation source="BABELFY" anchor="things" bfScore="0.9212621645532292" coherenceScore="0.2391304347826087">bn:00006125n</annotation>
		<annotation source="BABELFY" anchor="needful" bfScore="1.0" coherenceScore="0.005434782608695652">bn:00107194a</annotation>
		<annotation source="MCS" anchor="body" bfScore="--" coherenceScore="--">bn:00011744n</annotation>
		<annotation source="MCS" anchor="dead" bfScore="--" coherenceScore="--">bn:00100948a</annotation>
		<annotation source="BABELFY" anchor="Yea" bfScore="1.0" coherenceScore="0.03804347826086957">bn:00117651r</annotation>
		<annotation source="MCS" anchor="works" bfScore="--" coherenceScore="--">bn:00081568n</annotation>
		<annotation source="BABELFY" anchor="shew" bfScore="1.0" coherenceScore="0.07065217391304347">bn:00086567v</annotation>
		<annotation source="MCS" anchor="believest" bfScore="--" coherenceScore="--">bn:13766951v</annotation>
		<annotation source="MCS" anchor="believe" bfScore="--" coherenceScore="--">bn:00083369v</annotation>
		<annotation source="MCS" anchor="tremble" bfScore="--" coherenceScore="--">bn:00070860n</annotation>
		<annotation source="BABELFY" anchor="wilt" bfScore="0.7641509433962265" coherenceScore="0.04891304347826087">bn:00081248n</annotation>
		<annotation source="BABELFY" anchor="vain" bfScore="0.9499489274770173" coherenceScore="0.16304347826086957">bn:00100184a</annotation>
		<annotation source="MCS" anchor="father" bfScore="--" coherenceScore="--">bn:00009616n</annotation>
		<annotation source="MCS" anchor="justified" bfScore="--" coherenceScore="--">bn:00090024v</annotation>
		<annotation source="MCS" anchor="offered" bfScore="--" coherenceScore="--">bn:00091135v</annotation>
		<annotation source="BABELFY" anchor="Isaac" bfScore="0.8964497041420119" coherenceScore="0.22826086956521738">bn:00047576n</annotation>
		<annotation source="BABELFY" anchor="son" bfScore="0.8509615384615384" coherenceScore="0.32608695652173914">bn:00051877n</annotation>
		<annotation source="MCS" anchor="altar" bfScore="--" coherenceScore="--">bn:00003117n</annotation>
		<annotation source="MCS" anchor="wrought" bfScore="--" coherenceScore="--">bn:00106852a</annotation>
		<annotation source="BABELFY" anchor="perfect" bfScore="0.8620689655172413" coherenceScore="0.02717391304347826">bn:00108442a</annotation>
		<annotation source="MCS" anchor="fulfilled" bfScore="--" coherenceScore="--">bn:00082225v</annotation>
		<annotation source="BABELFY" anchor="saith" bfScore="0.793082886106142" coherenceScore="0.19021739130434784">bn:00087644v</annotation>
		<annotation source="MCS" anchor="believed" bfScore="--" coherenceScore="--">bn:00083369v</annotation>
		<annotation source="MCS" anchor="imputed" bfScore="--" coherenceScore="--">bn:00082815v</annotation>
		<annotation source="MCS" anchor="righteousness" bfScore="--" coherenceScore="--">bn:00067848n</annotation>
		<annotation source="MCS" anchor="Friend" bfScore="--" coherenceScore="--">bn:00036538n</annotation>
		<annotation source="BABELFY" anchor="Friend of God" bfScore="1.0" coherenceScore="0.1956521739130435">bn:02517077n</annotation>
		<annotation source="MCS" anchor="Likewise" bfScore="--" coherenceScore="--">bn:00116128r</annotation>
		<annotation source="MCS" anchor="harlot" bfScore="--" coherenceScore="--">bn:00009205n</annotation>
		<annotation source="MCS" anchor="received" bfScore="--" coherenceScore="--">bn:00089246v</annotation>
		<annotation source="MCS" anchor="messengers" bfScore="--" coherenceScore="--">bn:00023284n</annotation>
		<annotation source="BABELFY" anchor="sent" bfScore="0.8094940662086196" coherenceScore="0.1956521739130435">bn:00084807v</annotation>
		<annotation source="MCS" anchor="spirit" bfScore="--" coherenceScore="--">bn:00073430n</annotation>
	</annotations>
</paragraph>
<paragraph id="p.3">
	<text>
		My brethren , be not many masters , knowing that we shall receive the greater condemnation .
		For in many things we offend all . If any man offend not in word , the same is a perfect man , and able also to bridle the whole body .
		Behold , we put bits in the horses &amp;apos; mouths , that they may obey us ; and we turn about their whole body .
		Behold also the ships , which though they be so great , and are driven of fierce winds , yet are they turned about with a very small helm , whithersoever the governor listeth .
		Even so the tongue is a little member , and boasteth great things . Behold , how great a matter a little fire kindleth !
		And the tongue is a fire , a world of iniquity : so is the tongue among our members , that it defileth the whole body , and setteth on fire the course of nature ; and it is set on fire of hell .
		For every kind of beasts , and of birds , and of serpents , and of things in the sea , is tamed , and hath been tamed of mankind :
		But the tongue can no man tame ; it is an unruly evil , full of deadly poison .
		Therewith bless we God , even the Father ; and therewith curse we men , which are made after the similitude of God .
		Out of the same mouth proceedeth blessing and cursing . My brethren , these things ought not so to be .
		Doth a fountain send forth at the same place sweet water and bitter ?
		Can the fig tree , my brethren , bear olive berries ? either a vine , figs ? so can no fountain both yield salt water and fresh .
		Who is a wise man and endued with knowledge among you ? let him shew out of a good conversation his works with meekness of wisdom .
		But if ye have bitter envying and strife in your hearts , glory not , and lie not against the truth .
		This wisdom descendeth not from above , but is earthly , sensual , devilish .
		For where envying and strife is , there is confusion and every evil work .
		But the wisdom that is from above is first pure , then peaceable , gentle , and easy to be intreated , full of mercy and good fruits , without partiality , and without hypocrisy .
		And the fruit of righteousness is sown in peace of them that make peace .
	</text>
	<annotations>
		<annotation source="MCS" anchor="brethren" bfScore="--" coherenceScore="--">bn:00013012n</annotation>
		<annotation source="MCS" anchor="masters" bfScore="--" coherenceScore="--">bn:00052664n</annotation>
		<annotation source="MCS" anchor="knowing" bfScore="--" coherenceScore="--">bn:00085261v</annotation>
		<annotation source="MCS" anchor="receive" bfScore="--" coherenceScore="--">bn:00089246v</annotation>
		<annotation source="MCS" anchor="greater" bfScore="--" coherenceScore="--">bn:00103779a</annotation>
		<annotation source="MCS" anchor="condemnation" bfScore="--" coherenceScore="--">bn:00021624n</annotation>
		<annotation source="BABELFY" anchor="things" bfScore="0.9470404984423676" coherenceScore="0.272108843537415">bn:00006125n</annotation>
		<annotation source="MCS" anchor="offend" bfScore="--" coherenceScore="--">bn:00091134v</annotation>
		<annotation source="BABELFY" anchor="man" bfScore="0.8110579016107967" coherenceScore="0.9387755102040817">bn:00044576n</annotation>
		<annotation source="MCS" anchor="word" bfScore="--" coherenceScore="--">bn:00081546n</annotation>
		<annotation source="BABELFY" anchor="perfect" bfScore="0.8333333333333334" coherenceScore="0.034013605442176874">bn:00097521a</annotation>
		<annotation source="MCS" anchor="able" bfScore="--" coherenceScore="--">bn:00096151a</annotation>
		<annotation source="MCS" anchor="bridle" bfScore="--" coherenceScore="--">bn:00084046v</annotation>
		<annotation source="MCS" anchor="body" bfScore="--" coherenceScore="--">bn:00011744n</annotation>
		<annotation source="MCS" anchor="Behold" bfScore="--" coherenceScore="--">bn:00083356v</annotation>
		<annotation source="MCS" anchor="bits" bfScore="--" coherenceScore="--">bn:00010726n</annotation>
		<annotation source="BABELFY" anchor="horses" bfScore="0.8738441215323646" coherenceScore="0.3673469387755102">bn:00031345n</annotation>
		<annotation source="BABELFY" anchor="mouths" bfScore="0.7887263339070568" coherenceScore="0.2653061224489796">bn:00056135n</annotation>
		<annotation source="MCS" anchor="obey" bfScore="--" coherenceScore="--">bn:00091112v</annotation>
		<annotation source="MCS" anchor="turn" bfScore="--" coherenceScore="--">bn:00095233v</annotation>
		<annotation source="MCS" anchor="turn about" bfScore="--" coherenceScore="--">bn:13615757v</annotation>
		<annotation source="BABELFY" anchor="ships" bfScore="0.9887640449438202" coherenceScore="0.22448979591836735">bn:00071103n</annotation>
		<annotation source="MCS" anchor="great" bfScore="--" coherenceScore="--">bn:00103779a</annotation>
		<annotation source="MCS" anchor="driven" bfScore="--" coherenceScore="--">bn:00087327v</annotation>
		<annotation source="MCS" anchor="fierce" bfScore="--" coherenceScore="--">bn:00102901a</annotation>
		<annotation source="MCS" anchor="winds" bfScore="--" coherenceScore="--">bn:00002216n</annotation>
		<annotation source="MCS" anchor="turned" bfScore="--" coherenceScore="--">bn:00095233v</annotation>
		<annotation source="MCS" anchor="helm" bfScore="--" coherenceScore="--">bn:00043621n</annotation>
		<annotation source="BABELFY" anchor="governor" bfScore="0.9850746268656716" coherenceScore="0.07482993197278912">bn:00041205n</annotation>
		<annotation source="MCS" anchor="tongue" bfScore="--" coherenceScore="--">bn:00019439n</annotation>
		<annotation source="MCS" anchor="member" bfScore="--" coherenceScore="--">bn:00034004n</annotation>
		<annotation source="MCS" anchor="matter" bfScore="--" coherenceScore="--">bn:00001734n</annotation>
		<annotation source="MCS" anchor="fire" bfScore="--" coherenceScore="--">bn:00034623n</annotation>
		<annotation source="MCS" anchor="world" bfScore="--" coherenceScore="--">bn:00022991n</annotation>
		<annotation source="BABELFY" anchor="iniquity" bfScore="0.776566757493188" coherenceScore="0.10204081632653061">bn:00032048n</annotation>
		<annotation source="MCS" anchor="members" bfScore="--" coherenceScore="--">bn:00034004n</annotation>
		<annotation source="MCS" anchor="course" bfScore="--" coherenceScore="--">bn:00019479n</annotation>
		<annotation source="BABELFY" anchor="nature" bfScore="0.9006640841173216" coherenceScore="0.42857142857142855">bn:00057017n</annotation>
		<annotation source="BABELFY" anchor="hell" bfScore="0.7289979171488081" coherenceScore="0.2857142857142857">bn:00043604n</annotation>
		<annotation source="BABELFY" anchor="kind" bfScore="0.9911894273127754" coherenceScore="0.12244897959183673">bn:00035907n</annotation>
		<annotation source="BABELFY" anchor="beasts" bfScore="0.9931950455155947" coherenceScore="0.7278911564625851">bn:00004222n</annotation>
		<annotation source="BABELFY" anchor="birds" bfScore="0.8356609288730107" coherenceScore="0.4217687074829932">bn:00010605n</annotation>
		<annotation source="BABELFY" anchor="serpents" bfScore="0.7822200148994288" coherenceScore="0.3401360544217687">bn:00059150n</annotation>
		<annotation source="MCS" anchor="sea" bfScore="--" coherenceScore="--">bn:00069946n</annotation>
		<annotation source="MCS" anchor="tamed" bfScore="--" coherenceScore="--">bn:00084837v</annotation>
		<annotation source="BABELFY" anchor="mankind" bfScore="0.9995918367346939" coherenceScore="0.4217687074829932">bn:00045153n</annotation>
		<annotation source="MCS" anchor="man" bfScore="--" coherenceScore="--">bn:00090614v</annotation>
		<annotation source="BABELFY" anchor="tame" bfScore="0.7808219178082192" coherenceScore="0.08163265306122448">bn:00111636a</annotation>
		<annotation source="BABELFY" anchor="unruly" bfScore="0.9411764705882353" coherenceScore="0.05442176870748299">bn:00104980a</annotation>
		<annotation source="BABELFY" anchor="evil" bfScore="0.8271604938271605" coherenceScore="0.22448979591836735">bn:00032050n</annotation>
		<annotation source="MCS" anchor="full" bfScore="--" coherenceScore="--">bn:00103391a</annotation>
		<annotation source="MCS" anchor="deadly" bfScore="--" coherenceScore="--">bn:00100969a</annotation>
		<annotation source="BABELFY" anchor="poison" bfScore="0.8361751922433969" coherenceScore="0.2789115646258503">bn:00063256n</annotation>
		<annotation source="BABELFY" anchor="Therewith" bfScore="1.0" coherenceScore="0.006802721088435374">bn:00117270r</annotation>
		<annotation source="MCS" anchor="bless" bfScore="--" coherenceScore="--">bn:00083599v</annotation>
		<annotation source="BABELFY" anchor="God" bfScore="0.8094761643481909" coherenceScore="0.6462585034013606">bn:00040878n</annotation>
		<annotation source="MCS" anchor="Father" bfScore="--" coherenceScore="--">bn:00009616n</annotation>
		<annotation source="BABELFY" anchor="therewith" bfScore="1.0" coherenceScore="0.006802721088435374">bn:00117270r</annotation>
		<annotation source="MCS" anchor="curse" bfScore="--" coherenceScore="--">bn:00083560v</annotation>
		<annotation source="BABELFY" anchor="men" bfScore="0.8110579016107967" coherenceScore="0.9387755102040817">bn:00044576n</annotation>
		<annotation source="MCS" anchor="similitude" bfScore="--" coherenceScore="--">bn:00002744n</annotation>
		<annotation source="BABELFY" anchor="mouth" bfScore="0.7887263339070568" coherenceScore="0.2653061224489796">bn:00056135n</annotation>
		<annotation source="MCS" anchor="blessing" bfScore="--" coherenceScore="--">bn:00005158n</annotation>
		<annotation source="MCS" anchor="cursing" bfScore="--" coherenceScore="--">bn:00083560v</annotation>
		<annotation source="MCS" anchor="fountain" bfScore="--" coherenceScore="--">bn:00036076n</annotation>
		<annotation source="MCS" anchor="send" bfScore="--" coherenceScore="--">bn:00086868v</annotation>
		<annotation source="MCS" anchor="send forth" bfScore="--" coherenceScore="--">bn:13762961v</annotation>
		<annotation source="MCS" anchor="place" bfScore="--" coherenceScore="--">bn:00062699n</annotation>
		<annotation source="MCS" anchor="sweet" bfScore="--" coherenceScore="--">bn:00111540a</annotation>
		<annotation source="BABELFY" anchor="sweet water" bfScore="1.0" coherenceScore="0.047619047619047616">bn:00168024n</annotation>
		<annotation source="BABELFY" anchor="water" bfScore="0.8319763422689914" coherenceScore="0.564625850340136">bn:00042379n</annotation>
		<annotation source="MCS" anchor="bitter" bfScore="--" coherenceScore="--">bn:00096355a</annotation>
		<annotation source="BABELFY" anchor="fig" bfScore="0.7472959685349065" coherenceScore="0.1360544217687075">bn:00021090n</annotation>
		<annotation source="BABELFY" anchor="fig tree" bfScore="1.0" coherenceScore="0.1292517006802721">bn:00034375n</annotation>
		<annotation source="BABELFY" anchor="tree" bfScore="0.9000481309160918" coherenceScore="0.3469387755102041">bn:00078131n</annotation>
		<annotation source="MCS" anchor="bear" bfScore="--" coherenceScore="--">bn:00083221v</annotation>
		<annotation source="BABELFY" anchor="olive" bfScore="1.0" coherenceScore="0.05442176870748299">bn:00107803a</annotation>
		<annotation source="MCS" anchor="berries" bfScore="--" coherenceScore="--">bn:00010066n</annotation>
		<annotation source="MCS" anchor="vine" bfScore="--" coherenceScore="--">bn:00080013n</annotation>
		<annotation source="MCS" anchor="figs" bfScore="--" coherenceScore="--">bn:00034369n</annotation>
		<annotation source="MCS" anchor="yield" bfScore="--" coherenceScore="--">bn:00059788n</annotation>
		<annotation source="MCS" anchor="salt" bfScore="--" coherenceScore="--">bn:00068991n</annotation>
		<annotation source="MCS" anchor="salt water" bfScore="--" coherenceScore="--">bn:00013139n</annotation>
		<annotation source="BABELFY" anchor="fresh" bfScore="0.7142857142857143" coherenceScore="0.027210884353741496">bn:00099779a</annotation>
		<annotation source="MCS" anchor="wise" bfScore="--" coherenceScore="--">bn:00113905a</annotation>
		<annotation source="BABELFY" anchor="wise man" bfScore="0.9773371104815864" coherenceScore="0.1564625850340136">bn:00054392n</annotation>
		<annotation source="BABELFY" anchor="endued" bfScore="1.0" coherenceScore="0.05442176870748299">bn:00087577v</annotation>
		<annotation source="BABELFY" anchor="knowledge" bfScore="0.8050894338926793" coherenceScore="0.5034013605442177">bn:00020452n</annotation>
		<annotation source="BABELFY" anchor="shew" bfScore="1.0" coherenceScore="0.013605442176870748">bn:00086567v</annotation>
		<annotation source="MCS" anchor="good" bfScore="--" coherenceScore="--">bn:00103672a</annotation>
		<annotation source="MCS" anchor="conversation" bfScore="--" coherenceScore="--">bn:00022349n</annotation>
		<annotation source="MCS" anchor="works" bfScore="--" coherenceScore="--">bn:00081568n</annotation>
		<annotation source="BABELFY" anchor="meekness" bfScore="0.9113924050632911" coherenceScore="0.08163265306122448">bn:01015731n</annotation>
		<annotation source="MCS" anchor="wisdom" bfScore="--" coherenceScore="--">bn:00081406n</annotation>
		<annotation source="MCS" anchor="envying" bfScore="--" coherenceScore="--">bn:00087703v</annotation>
		<annotation source="MCS" anchor="strife" bfScore="--" coherenceScore="--">bn:00027509n</annotation>
		<annotation source="MCS" anchor="hearts" bfScore="--" coherenceScore="--">bn:00012289n</annotation>
		<annotation source="MCS" anchor="glory" bfScore="--" coherenceScore="--">bn:00040711n</annotation>
		<annotation source="BABELFY" anchor="lie" bfScore="0.7246376811594203" coherenceScore="0.06802721088435375">bn:00090324v</annotation>
		<annotation source="BABELFY" anchor="truth" bfScore="0.8375877472878112" coherenceScore="0.23809523809523808">bn:00072816n</annotation>
		<annotation source="BABELFY" anchor="earthly" bfScore="1.0" coherenceScore="0.07482993197278912">bn:00101953a</annotation>
		<annotation source="MCS" anchor="sensual" bfScore="--" coherenceScore="--">bn:00097119a</annotation>
		<annotation source="BABELFY" anchor="devilish" bfScore="0.9939759036144579" coherenceScore="0.07482993197278912">bn:00101292a</annotation>
		<annotation source="MCS" anchor="confusion" bfScore="--" coherenceScore="--">bn:00021789n</annotation>
		<annotation source="MCS" anchor="evil" bfScore="--" coherenceScore="--">bn:00102474a</annotation>
		<annotation source="MCS" anchor="work" bfScore="--" coherenceScore="--">bn:00081568n</annotation>
		<annotation source="MCS" anchor="pure" bfScore="--" coherenceScore="--">bn:00109244a</annotation>
		<annotation source="BABELFY" anchor="peaceable" bfScore="0.7457627118644068" coherenceScore="0.05442176870748299">bn:00108363a</annotation>
		<annotation source="MCS" anchor="gentle" bfScore="--" coherenceScore="--">bn:00103534a</annotation>
		<annotation source="MCS" anchor="easy" bfScore="--" coherenceScore="--">bn:00101973a</annotation>
		<annotation source="MCS" anchor="intreated" bfScore="--" coherenceScore="--">bn:13740965v</annotation>
		<annotation source="MCS" anchor="mercy" bfScore="--" coherenceScore="--">bn:00019708n</annotation>
		<annotation source="BABELFY" anchor="fruits" bfScore="0.7236749116607774" coherenceScore="0.21768707482993196">bn:00036686n</annotation>
		<annotation source="BABELFY" anchor="partiality" bfScore="0.9692307692307692" coherenceScore="0.061224489795918366">bn:00060796n</annotation>
		<annotation source="BABELFY" anchor="hypocrisy" bfScore="0.9710982658959537" coherenceScore="0.10884353741496598">bn:00027709n</annotation>
		<annotation source="BABELFY" anchor="fruit" bfScore="0.7236749116607774" coherenceScore="0.21768707482993196">bn:00036686n</annotation>
		<annotation source="MCS" anchor="righteousness" bfScore="--" coherenceScore="--">bn:00067848n</annotation>
		<annotation source="MCS" anchor="sown" bfScore="--" coherenceScore="--">bn:00093447v</annotation>
		<annotation source="MCS" anchor="peace" bfScore="--" coherenceScore="--">bn:00061149n</annotation>
	</annotations>
</paragraph>
<paragraph id="p.4">
	<text>
		From whence come wars and fightings among you ? come they not hence , even of your lusts that war in your members ?
		Ye lust , and have not : ye kill , and desire to have , and cannot obtain : ye fight and war , yet ye have not , because ye ask not .
		Ye ask , and receive not , because ye ask amiss , that ye may consume it upon your lusts .
		Ye adulterers and adulteresses , know ye not that the friendship of the world is enmity with God ? whosoever therefore will be a friend of the world is the enemy of God .
		Do ye think that the scripture saith in vain , The spirit that dwelleth in us lusteth to envy ?
		But he giveth more grace . Wherefore he saith , God resisteth the proud , but giveth grace unto the humble .
		Submit yourselves therefore to God . Resist the devil , and he will flee from you .
		Draw nigh to God , and he will draw nigh to you . Cleanse your hands , ye sinners ; and purify your hearts , ye double minded .
		Be afflicted , and mourn , and weep : let your laughter be turned to mourning , and your joy to heaviness .
		Humble yourselves in the sight of the Lord , and he shall lift you up .
		Speak not evil one of another , brethren . He that speaketh evil of his brother , and judgeth his brother , speaketh evil of the law , and judgeth the law : but if thou judge the law , thou art not a doer of the law , but a judge .
		There is one lawgiver , who is able to save and to destroy : who art thou that judgest another ?
		Go to now , ye that say , To day or to morrow we will go into such a city , and continue there a year , and buy and sell , and get gain :
		Whereas ye know not what shall be on the morrow . For what is your life ? It is even a vapour , that appeareth for a little time , and then vanisheth away .
		For that ye ought to say , If the Lord will , we shall live , and do this , or that .
		But now ye rejoice in your boastings : all such rejoicing is evil .
		Therefore to him that knoweth to do good , and doeth it not , to him it is sin .
	</text>
	<annotations>
		<annotation source="BABELFY" anchor="wars" bfScore="0.9528030135165079" coherenceScore="0.4215686274509804">bn:00080439n</annotation>
		<annotation source="BABELFY" anchor="fightings" bfScore="1.0" coherenceScore="0.12745098039215685">bn:00005731n</annotation>
		<annotation source="MCS" anchor="lusts" bfScore="--" coherenceScore="--">bn:00050478n</annotation>
		<annotation source="BABELFY" anchor="war" bfScore="0.9528030135165079" coherenceScore="0.4215686274509804">bn:00080439n</annotation>
		<annotation source="MCS" anchor="members" bfScore="--" coherenceScore="--">bn:00034004n</annotation>
		<annotation source="MCS" anchor="lust" bfScore="--" coherenceScore="--">bn:00050478n</annotation>
		<annotation source="BABELFY" anchor="kill" bfScore="0.7781155015197568" coherenceScore="0.1568627450980392">bn:00049099n</annotation>
		<annotation source="BABELFY" anchor="desire" bfScore="0.7875894988066826" coherenceScore="0.14705882352941177">bn:00086682v</annotation>
		<annotation source="MCS" anchor="obtain" bfScore="--" coherenceScore="--">bn:00091124v</annotation>
		<annotation source="MCS" anchor="fight" bfScore="--" coherenceScore="--">bn:00009078n</annotation>
		<annotation source="MCS" anchor="receive" bfScore="--" coherenceScore="--">bn:00089246v</annotation>
		<annotation source="BABELFY" anchor="amiss" bfScore="0.8" coherenceScore="0.0196078431372549">bn:00114264r</annotation>
		<annotation source="MCS" anchor="consume" bfScore="--" coherenceScore="--">bn:00085688v</annotation>
		<annotation source="BABELFY" anchor="adulterers" bfScore="0.7763975155279503" coherenceScore="0.24509803921568626">bn:00001543n</annotation>
		<annotation source="MCS" anchor="adulteresses" bfScore="--" coherenceScore="--">bn:00001542n</annotation>
		<annotation source="BABELFY" anchor="friendship" bfScore="0.9855595667870036" coherenceScore="0.27450980392156865">bn:00036545n</annotation>
		<annotation source="MCS" anchor="world" bfScore="--" coherenceScore="--">bn:00022991n</annotation>
		<annotation source="MCS" anchor="enmity" bfScore="--" coherenceScore="--">bn:00004467n</annotation>
		<annotation source="BABELFY" anchor="God" bfScore="0.7601090078809751" coherenceScore="0.7843137254901961">bn:00040878n</annotation>
		<annotation source="BABELFY" anchor="whosoever" bfScore="1.0" coherenceScore="0.00980392156862745">bn:03288509n</annotation>
		<annotation source="MCS" anchor="friend" bfScore="--" coherenceScore="--">bn:00036538n</annotation>
		<annotation source="MCS" anchor="enemy" bfScore="--" coherenceScore="--">bn:00030814n</annotation>
		<annotation source="MCS" anchor="think" bfScore="--" coherenceScore="--">bn:00083370v</annotation>
		<annotation source="BABELFY" anchor="scripture" bfScore="0.9577922077922078" coherenceScore="0.5784313725490197">bn:00010217n</annotation>
		<annotation source="MCS" anchor="saith" bfScore="--" coherenceScore="--">bn:00093287v</annotation>
		<annotation source="BABELFY" anchor="vain" bfScore="1.0" coherenceScore="0.11764705882352941">bn:00100184a</annotation>
		<annotation source="MCS" anchor="spirit" bfScore="--" coherenceScore="--">bn:00073430n</annotation>
		<annotation source="MCS" anchor="envy" bfScore="--" coherenceScore="--">bn:00087703v</annotation>
		<annotation source="MCS" anchor="grace" bfScore="--" coherenceScore="--">bn:00041221n</annotation>
		<annotation source="MCS" anchor="proud" bfScore="--" coherenceScore="--">bn:00109157a</annotation>
		<annotation source="BABELFY" anchor="humble" bfScore="0.8648648648648649" coherenceScore="0.0392156862745098">bn:00104396a</annotation>
		<annotation source="MCS" anchor="Submit" bfScore="--" coherenceScore="--">bn:00094523v</annotation>
		<annotation source="BABELFY" anchor="Resist" bfScore="0.8555555555555555" coherenceScore="0.10784313725490197">bn:00089411v</annotation>
		<annotation source="BABELFY" anchor="flee" bfScore="1.0" coherenceScore="0.00980392156862745">bn:00088291v</annotation>
		<annotation source="MCS" anchor="Draw" bfScore="--" coherenceScore="--">bn:00087234v</annotation>
		<annotation source="MCS" anchor="draw" bfScore="--" coherenceScore="--">bn:00087234v</annotation>
		<annotation source="BABELFY" anchor="Cleanse" bfScore="0.9782608695652174" coherenceScore="0.11764705882352941">bn:00085076v</annotation>
		<annotation source="MCS" anchor="hands" bfScore="--" coherenceScore="--">bn:00042759n</annotation>
		<annotation source="BABELFY" anchor="sinners" bfScore="0.9815436241610739" coherenceScore="0.4411764705882353">bn:00071707n</annotation>
		<annotation source="MCS" anchor="purify" bfScore="--" coherenceScore="--">bn:00087054v</annotation>
		<annotation source="MCS" anchor="hearts" bfScore="--" coherenceScore="--">bn:00012289n</annotation>
		<annotation source="MCS" anchor="double" bfScore="--" coherenceScore="--">bn:00115100r</annotation>
		<annotation source="MCS" anchor="minded" bfScore="--" coherenceScore="--">bn:00090793v</annotation>
		<annotation source="BABELFY" anchor="afflicted" bfScore="1.0" coherenceScore="0.00980392156862745">bn:00082439v</annotation>
		<annotation source="BABELFY" anchor="mourn" bfScore="0.9381443298969072" coherenceScore="0.12745098039215685">bn:00090941v</annotation>
		<annotation source="BABELFY" anchor="weep" bfScore="1.0" coherenceScore="0.029411764705882353">bn:00086122v</annotation>
		<annotation source="BABELFY" anchor="laughter" bfScore="0.8929133858267716" coherenceScore="0.20588235294117646">bn:00050198n</annotation>
		<annotation source="MCS" anchor="turned" bfScore="--" coherenceScore="--">bn:00095233v</annotation>
		<annotation source="BABELFY" anchor="turned to" bfScore="1.0" coherenceScore="0.0196078431372549">bn:00082332v</annotation>
		<annotation source="BABELFY" anchor="mourning" bfScore="0.9381443298969072" coherenceScore="0.12745098039215685">bn:00090941v</annotation>
		<annotation source="MCS" anchor="joy" bfScore="--" coherenceScore="--">bn:00048468n</annotation>
		<annotation source="MCS" anchor="heaviness" bfScore="--" coherenceScore="--">bn:00043467n</annotation>
		<annotation source="BABELFY" anchor="Humble" bfScore="0.8648648648648649" coherenceScore="0.0392156862745098">bn:00104396a</annotation>
		<annotation source="BABELFY" anchor="sight" bfScore="0.828266228430567" coherenceScore="0.20588235294117646">bn:00045979n</annotation>
		<annotation source="MCS" anchor="lift" bfScore="--" coherenceScore="--">bn:00084110v</annotation>
		<annotation source="MCS" anchor="Speak" bfScore="--" coherenceScore="--">bn:00090943v</annotation>
		<annotation source="MCS" anchor="evil" bfScore="--" coherenceScore="--">bn:00102474a</annotation>
		<annotation source="MCS" anchor="brethren" bfScore="--" coherenceScore="--">bn:00013012n</annotation>
		<annotation source="BABELFY" anchor="evil" bfScore="0.846684350132626" coherenceScore="0.37254901960784315">bn:00032050n</annotation>
		<annotation source="MCS" anchor="brother" bfScore="--" coherenceScore="--">bn:00011357n</annotation>
		<annotation source="MCS" anchor="law" bfScore="--" coherenceScore="--">bn:00048655n</annotation>
		<annotation source="MCS" anchor="judge" bfScore="--" coherenceScore="--">bn:00090000v</annotation>
		<annotation source="BABELFY" anchor="doer" bfScore="0.8448275862068966" coherenceScore="0.06862745098039216">bn:00001177n</annotation>
		<annotation source="MCS" anchor="judge" bfScore="--" coherenceScore="--">bn:00048488n</annotation>
		<annotation source="BABELFY" anchor="lawgiver" bfScore="0.9863013698630136" coherenceScore="0.0784313725490196">bn:00050281n</annotation>
		<annotation source="MCS" anchor="able" bfScore="--" coherenceScore="--">bn:00096151a</annotation>
		<annotation source="MCS" anchor="save" bfScore="--" coherenceScore="--">bn:00092745v</annotation>
		<annotation source="MCS" anchor="destroy" bfScore="--" coherenceScore="--">bn:00086698v</annotation>
		<annotation source="MCS" anchor="judgest" bfScore="--" coherenceScore="--">bn:13653835v</annotation>
		<annotation source="MCS" anchor="day" bfScore="--" coherenceScore="--">bn:00000086n</annotation>
		<annotation source="BABELFY" anchor="morrow" bfScore="0.7333333333333333" coherenceScore="0.10784313725490197">bn:00035851n</annotation>
		<annotation source="BABELFY" anchor="city" bfScore="0.8375394321766562" coherenceScore="0.35294117647058826">bn:03335997n</annotation>
		<annotation source="MCS" anchor="continue" bfScore="--" coherenceScore="--">bn:00085714v</annotation>
		<annotation source="MCS" anchor="year" bfScore="--" coherenceScore="--">bn:00078738n</annotation>
		<annotation source="MCS" anchor="buy" bfScore="--" coherenceScore="--">bn:00084331v</annotation>
		<annotation source="MCS" anchor="sell" bfScore="--" coherenceScore="--">bn:00093472v</annotation>
		<annotation source="MCS" anchor="gain" bfScore="--" coherenceScore="--">bn:00001294n</annotation>
		<annotation source="BABELFY" anchor="life" bfScore="0.7599910694351417" coherenceScore="0.3627450980392157">bn:00051054n</annotation>
		<annotation source="MCS" anchor="vapour" bfScore="--" coherenceScore="--">bn:00079571n</annotation>
		<annotation source="BABELFY" anchor="little time" bfScore="1.0" coherenceScore="0.0196078431372549">bn:01391296n</annotation>
		<annotation source="BABELFY" anchor="time" bfScore="0.8491212052042912" coherenceScore="0.39215686274509803">bn:00077270n</annotation>
		<annotation source="MCS" anchor="live" bfScore="--" coherenceScore="--">bn:00087441v</annotation>
		<annotation source="MCS" anchor="rejoice" bfScore="--" coherenceScore="--">bn:00089996v</annotation>
		<annotation source="MCS" anchor="rejoicing" bfScore="--" coherenceScore="--">bn:00089996v</annotation>
		<annotation source="MCS" anchor="good" bfScore="--" coherenceScore="--">bn:00103672a</annotation>
		<annotation source="BABELFY" anchor="sin" bfScore="0.8379228953579858" coherenceScore="0.4411764705882353">bn:00071707n</annotation>
	</annotations>
</paragraph>
<paragraph id="p.5">
	<text>
		Go to now , ye rich men , weep and howl for your miseries that shall come upon you .
		Your riches are corrupted , and your garments are motheaten .
		Your gold and silver is cankered ; and the rust of them shall be a witness against you , and shall eat your flesh as it were fire . Ye have heaped treasure together for the last days .
		Behold , the hire of the labourers who have reaped down your fields , which is of you kept back by fraud , crieth : and the cries of them which have reaped are entered into the ears of the Lord of sabaoth .
		Ye have lived in pleasure on the earth , and been wanton ; ye have nourished your hearts , as in a day of slaughter .
		Ye have condemned and killed the just ; and he doth not resist you .
		Be patient therefore , brethren , unto the coming of the Lord . Behold , the husbandman waiteth for the precious fruit of the earth , and hath long patience for it , until he receive the early and latter rain .
		Be ye also patient ; stablish your hearts : for the coming of the Lord draweth nigh .
		Grudge not one against another , brethren , lest ye be condemned : behold , the judge standeth before the door .
		Take , my brethren , the prophets , who have spoken in the name of the Lord , for an example of suffering affliction , and of patience .
		Behold , we count them happy which endure . Ye have heard of the patience of Job , and have seen the end of the Lord ; that the Lord is very pitiful , and of tender mercy .
		But above all things , my brethren , swear not , neither by heaven , neither by the earth , neither by any other oath : but let your yea be yea ; and your nay , nay ; lest ye fall into condemnation .
		Is any among you afflicted ? let him pray . Is any merry ? let him sing psalms .
		Is any sick among you ? let him call for the elders of the church ; and let them pray over him , anointing him with oil in the name of the Lord :
		And the prayer of faith shall save the sick , and the Lord shall raise him up ; and if he have committed sins , they shall be forgiven him .
		Confess your faults one to another , and pray one for another , that ye may be healed . The effectual fervent prayer of a righteous man availeth much .
		Elias was a man subject to like passions as we are , and he prayed earnestly that it might not rain : and it rained not on the earth by the space of three years and six months .
		And he prayed again , and the heaven gave rain , and the earth brought forth her fruit .
		Brethren , if any of you do err from the truth , and one convert him ;
		Let him know , that he which converteth the sinner from the error of his way shall save a soul from death , and shall hide a multitude of sins .
	</text>
	<annotations>
		<annotation source="MCS" anchor="rich" bfScore="--" coherenceScore="--">bn:00109833a</annotation>
		<annotation source="BABELFY" anchor="rich men" bfScore="1.0" coherenceScore="0.029940119760479042">bn:00053112n</annotation>
		<annotation source="BABELFY" anchor="men" bfScore="0.8289222951513868" coherenceScore="0.9161676646706587">bn:00044576n</annotation>
		<annotation source="BABELFY" anchor="weep" bfScore="1.0" coherenceScore="0.04790419161676647">bn:00086122v</annotation>
		<annotation source="MCS" anchor="howl" bfScore="--" coherenceScore="--">bn:00089496v</annotation>
		<annotation source="MCS" anchor="miseries" bfScore="--" coherenceScore="--">bn:00055292n</annotation>
		<annotation source="MCS" anchor="riches" bfScore="--" coherenceScore="--">bn:00067724n</annotation>
		<annotation source="MCS" anchor="corrupted" bfScore="--" coherenceScore="--">bn:00085844v</annotation>
		<annotation source="BABELFY" anchor="garments" bfScore="0.9411764705882353" coherenceScore="0.16766467065868262">bn:00006125n</annotation>
		<annotation source="BABELFY" anchor="gold" bfScore="0.7468354430379747" coherenceScore="0.19760479041916168">bn:00006911n</annotation>
		<annotation source="BABELFY" anchor="silver" bfScore="0.8915753683415187" coherenceScore="0.23952095808383234">bn:00001887n</annotation>
		<annotation source="BABELFY" anchor="cankered" bfScore="1.0" coherenceScore="0.017964071856287425">bn:00084463v</annotation>
		<annotation source="MCS" anchor="rust" bfScore="--" coherenceScore="--">bn:00068634n</annotation>
		<annotation source="MCS" anchor="witness" bfScore="--" coherenceScore="--">bn:00046703n</annotation>
		<annotation source="MCS" anchor="eat" bfScore="--" coherenceScore="--">bn:00087460v</annotation>
		<annotation source="MCS" anchor="flesh" bfScore="--" coherenceScore="--">bn:00035182n</annotation>
		<annotation source="BABELFY" anchor="fire" bfScore="0.7678883071553229" coherenceScore="0.23952095808383234">bn:00034625n</annotation>
		<annotation source="MCS" anchor="heaped" bfScore="--" coherenceScore="--">bn:00089273v</annotation>
		<annotation source="MCS" anchor="treasure" bfScore="--" coherenceScore="--">bn:00044304n</annotation>
		<annotation source="BABELFY" anchor="last days" bfScore="0.9910549043800123" coherenceScore="0.30538922155688625">bn:00023469n</annotation>
		<annotation source="MCS" anchor="days" bfScore="--" coherenceScore="--">bn:00000086n</annotation>
		<annotation source="MCS" anchor="Behold" bfScore="--" coherenceScore="--">bn:00083356v</annotation>
		<annotation source="BABELFY" anchor="hire" bfScore="0.927710843373494" coherenceScore="0.041916167664670656">bn:00044230n</annotation>
		<annotation source="BABELFY" anchor="labourers" bfScore="1.0" coherenceScore="0.0658682634730539">bn:00047795n</annotation>
		<annotation source="BABELFY" anchor="reaped" bfScore="0.9850746268656716" coherenceScore="0.0658682634730539">bn:00088884v</annotation>
		<annotation source="MCS" anchor="fields" bfScore="--" coherenceScore="--">bn:00034265n</annotation>
		<annotation source="MCS" anchor="kept" bfScore="--" coherenceScore="--">bn:00089384v</annotation>
		<annotation source="BABELFY" anchor="kept back" bfScore="0.7894736842105263" coherenceScore="0.017964071856287425">bn:00089400v</annotation>
		<annotation source="BABELFY" anchor="fraud" bfScore="0.9333333333333333" coherenceScore="0.08383233532934131">bn:00036292n</annotation>
		<annotation source="MCS" anchor="cries" bfScore="--" coherenceScore="--">bn:00084388v</annotation>
		<annotation source="MCS" anchor="entered" bfScore="--" coherenceScore="--">bn:00085363v</annotation>
		<annotation source="BABELFY" anchor="ears" bfScore="0.7026055705300989" coherenceScore="0.1377245508982036">bn:00029372n</annotation>
		<annotation source="BABELFY" anchor="sabaoth" bfScore="0.9732620320855615" coherenceScore="0.15568862275449102">bn:16650972n</annotation>
		<annotation source="MCS" anchor="lived" bfScore="--" coherenceScore="--">bn:00087441v</annotation>
		<annotation source="BABELFY" anchor="pleasure" bfScore="0.7746675997200839" coherenceScore="0.16167664670658682">bn:00062972n</annotation>
		<annotation source="BABELFY" anchor="earth" bfScore="0.9602083163805029" coherenceScore="0.5988023952095808">bn:00029424n</annotation>
		<annotation source="MCS" anchor="wanton" bfScore="--" coherenceScore="--">bn:00106970a</annotation>
		<annotation source="BABELFY" anchor="nourished" bfScore="0.9090909090909091" coherenceScore="0.059880239520958084">bn:00082521v</annotation>
		<annotation source="MCS" anchor="hearts" bfScore="--" coherenceScore="--">bn:00012289n</annotation>
		<annotation source="MCS" anchor="day" bfScore="--" coherenceScore="--">bn:00000086n</annotation>
		<annotation source="BABELFY" anchor="slaughter" bfScore="0.8962655601659751" coherenceScore="0.10778443113772455">bn:00072078n</annotation>
		<annotation source="MCS" anchor="condemned" bfScore="--" coherenceScore="--">bn:00085544v</annotation>
		<annotation source="MCS" anchor="killed" bfScore="--" coherenceScore="--">bn:00090098v</annotation>
		<annotation source="MCS" anchor="resist" bfScore="--" coherenceScore="--">bn:00086491v</annotation>
		<annotation source="BABELFY" anchor="patient" bfScore="1.0" coherenceScore="0.09580838323353294">bn:00108344a</annotation>
		<annotation source="MCS" anchor="brethren" bfScore="--" coherenceScore="--">bn:00013012n</annotation>
		<annotation source="MCS" anchor="coming" bfScore="--" coherenceScore="--">bn:00085319v</annotation>
		<annotation source="MCS" anchor="coming of" bfScore="--" coherenceScore="--">bn:13618179v</annotation>
		<annotation source="BABELFY" anchor="coming of the Lord" bfScore="1.0" coherenceScore="0.20359281437125748">bn:00001566n</annotation>
		<annotation source="BABELFY" anchor="husbandman" bfScore="0.8857142857142857" coherenceScore="0.1317365269461078">bn:00033687n</annotation>
		<annotation source="BABELFY" anchor="precious" bfScore="0.8571428571428571" coherenceScore="0.041916167664670656">bn:00099583a</annotation>
		<annotation source="BABELFY" anchor="fruit" bfScore="0.8768177929854577" coherenceScore="0.1497005988023952">bn:00036686n</annotation>
		<annotation source="MCS" anchor="long" bfScore="--" coherenceScore="--">bn:00106124a</annotation>
		<annotation source="BABELFY" anchor="patience" bfScore="0.8189081225033289" coherenceScore="0.17964071856287425">bn:14629457n</annotation>
		<annotation source="MCS" anchor="receive" bfScore="--" coherenceScore="--">bn:00089246v</annotation>
		<annotation source="BABELFY" anchor="early" bfScore="0.7525083612040134" coherenceScore="0.08982035928143713">bn:00101940a</annotation>
		<annotation source="BABELFY" anchor="latter rain" bfScore="0.8" coherenceScore="0.11976047904191617">bn:03804852n</annotation>
		<annotation source="BABELFY" anchor="rain" bfScore="0.8413751507840772" coherenceScore="0.18562874251497005">bn:00066032n</annotation>
		<annotation source="MCS" anchor="stablish" bfScore="--" coherenceScore="--">bn:13771875v</annotation>
		<annotation source="BABELFY" anchor="Grudge" bfScore="1.0" coherenceScore="0.04790419161676647">bn:00089094v</annotation>
		<annotation source="MCS" anchor="behold" bfScore="--" coherenceScore="--">bn:00083356v</annotation>
		<annotation source="BABELFY" anchor="judge" bfScore="0.899063475546306" coherenceScore="0.16167664670658682">bn:00048488n</annotation>
		<annotation source="BABELFY" anchor="door" bfScore="0.8096590909090909" coherenceScore="0.08982035928143713">bn:00028247n</annotation>
		<annotation source="BABELFY" anchor="prophets" bfScore="0.8920612813370473" coherenceScore="0.3652694610778443">bn:00064759n</annotation>
		<annotation source="MCS" anchor="spoken" bfScore="--" coherenceScore="--">bn:00090943v</annotation>
		<annotation source="MCS" anchor="example" bfScore="--" coherenceScore="--">bn:00032099n</annotation>
		<annotation source="MCS" anchor="suffering" bfScore="--" coherenceScore="--">bn:00087618v</annotation>
		<annotation source="MCS" anchor="affliction" bfScore="--" coherenceScore="--">bn:00001782n</annotation>
		<annotation source="MCS" anchor="count" bfScore="--" coherenceScore="--">bn:00085859v</annotation>
		<annotation source="BABELFY" anchor="happy" bfScore="0.91" coherenceScore="0.041916167664670656">bn:00103933a</annotation>
		<annotation source="MCS" anchor="endure" bfScore="--" coherenceScore="--">bn:00082138v</annotation>
		<annotation source="MCS" anchor="heard" bfScore="--" coherenceScore="--">bn:00089277v</annotation>
		<annotation source="MCS" anchor="heard of" bfScore="--" coherenceScore="--">bn:13712849v</annotation>
		<annotation source="MCS" anchor="patience of Job" bfScore="--" coherenceScore="--">bn:13742279n</annotation>
		<annotation source="MCS" anchor="Job" bfScore="--" coherenceScore="--">bn:00014138n</annotation>
		<annotation source="BABELFY" anchor="end" bfScore="0.7200488997555012" coherenceScore="0.18562874251497005">bn:00030721n</annotation>
		<annotation source="MCS" anchor="pitiful" bfScore="--" coherenceScore="--">bn:00108339a</annotation>
		<annotation source="BABELFY" anchor="tender" bfScore="0.7747035573122529" coherenceScore="0.08383233532934131">bn:00007017n</annotation>
		<annotation source="BABELFY" anchor="mercy" bfScore="0.8153310104529616" coherenceScore="0.17964071856287425">bn:00019708n</annotation>
		<annotation source="BABELFY" anchor="things" bfScore="0.9388971684053651" coherenceScore="0.16766467065868262">bn:00006125n</annotation>
		<annotation source="MCS" anchor="swear" bfScore="--" coherenceScore="--">bn:00083560v</annotation>
		<annotation source="MCS" anchor="heaven" bfScore="--" coherenceScore="--">bn:00029734n</annotation>
		<annotation source="BABELFY" anchor="oath" bfScore="0.7926267281105991" coherenceScore="0.1437125748502994">bn:00058421n</annotation>
		<annotation source="BABELFY" anchor="yea" bfScore="1.0" coherenceScore="0.017964071856287425">bn:00117651r</annotation>
		<annotation source="MCS" anchor="nay" bfScore="--" coherenceScore="--">bn:00057089n</annotation>
		<annotation source="MCS" anchor="nay" bfScore="--" coherenceScore="--">bn:00116325r</annotation>
		<annotation source="MCS" anchor="fall" bfScore="--" coherenceScore="--">bn:00007406n</annotation>
		<annotation source="MCS" anchor="condemnation" bfScore="--" coherenceScore="--">bn:00021624n</annotation>
		<annotation source="MCS" anchor="afflicted" bfScore="--" coherenceScore="--">bn:00082439v</annotation>
		<annotation source="BABELFY" anchor="pray" bfScore="0.8494208494208494" coherenceScore="0.11976047904191617">bn:00091921v</annotation>
		<annotation source="MCS" anchor="merry" bfScore="--" coherenceScore="--">bn:00103500a</annotation>
		<annotation source="MCS" anchor="sing" bfScore="--" coherenceScore="--">bn:00093757v</annotation>
		<annotation source="BABELFY" anchor="psalms" bfScore="0.7572327044025158" coherenceScore="0.25149700598802394">bn:00012106n</annotation>
		<annotation source="MCS" anchor="sick" bfScore="--" coherenceScore="--">bn:00104538a</annotation>
		<annotation source="MCS" anchor="call" bfScore="--" coherenceScore="--">bn:00084385v</annotation>
		<annotation source="BABELFY" anchor="call for" bfScore="0.7276264591439688" coherenceScore="0.0658682634730539">bn:00083437v</annotation>
		<annotation source="MCS" anchor="elders" bfScore="--" coherenceScore="--">bn:00030100n</annotation>
		<annotation source="BABELFY" anchor="church" bfScore="0.7051778795350475" coherenceScore="0.31137724550898205">bn:00018995n</annotation>
		<annotation source="BABELFY" anchor="anointing" bfScore="0.989010989010989" coherenceScore="0.05389221556886228">bn:00082609v</annotation>
		<annotation source="MCS" anchor="oil" bfScore="--" coherenceScore="--">bn:00058732n</annotation>
		<annotation source="BABELFY" anchor="prayer" bfScore="0.771278590176228" coherenceScore="0.30538922155688625">bn:00059529n</annotation>
		<annotation source="BABELFY" anchor="faith" bfScore="0.964195450716091" coherenceScore="0.7544910179640718">bn:00032768n</annotation>
		<annotation source="BABELFY" anchor="save" bfScore="0.7154308617234469" coherenceScore="0.10179640718562874">bn:00086537v</annotation>
		<annotation source="MCS" anchor="raise" bfScore="--" coherenceScore="--">bn:00092332v</annotation>
		<annotation source="MCS" anchor="committed" bfScore="--" coherenceScore="--">bn:00085426v</annotation>
		<annotation source="BABELFY" anchor="sins" bfScore="0.9319189971070395" coherenceScore="0.38323353293413176">bn:00071707n</annotation>
		<annotation source="BABELFY" anchor="forgiven" bfScore="1.0" coherenceScore="0.023952095808383235">bn:00088483v</annotation>
		<annotation source="BABELFY" anchor="Confess" bfScore="0.8287671232876712" coherenceScore="0.0658682634730539">bn:00085576v</annotation>
		<annotation source="MCS" anchor="faults" bfScore="--" coherenceScore="--">bn:00031485n</annotation>
		<annotation source="MCS" anchor="healed" bfScore="--" coherenceScore="--">bn:00089271v</annotation>
		<annotation source="MCS" anchor="effectual" bfScore="--" coherenceScore="--">bn:00102038a</annotation>
		<annotation source="BABELFY" anchor="fervent" bfScore="0.99" coherenceScore="0.05389221556886228">bn:00097467a</annotation>
		<annotation source="BABELFY" anchor="righteous" bfScore="1.0" coherenceScore="0.005988023952095809">bn:00109866a</annotation>
		<annotation source="BABELFY" anchor="man" bfScore="0.8289222951513868" coherenceScore="0.9161676646706587">bn:00044576n</annotation>
		<annotation source="BABELFY" anchor="Elias" bfScore="0.8178913738019169" coherenceScore="0.09580838323353294">bn:01890814n</annotation>
		<annotation source="MCS" anchor="subject" bfScore="--" coherenceScore="--">bn:00074900n</annotation>
		<annotation source="BABELFY" anchor="like" bfScore="0.7165354330708661" coherenceScore="0.041916167664670656">bn:00084526v</annotation>
		<annotation source="MCS" anchor="passions" bfScore="--" coherenceScore="--">bn:00060907n</annotation>
		<annotation source="BABELFY" anchor="prayed" bfScore="0.8494208494208494" coherenceScore="0.11976047904191617">bn:00091921v</annotation>
		<annotation source="BABELFY" anchor="earnestly" bfScore="1.0" coherenceScore="0.04790419161676647">bn:00115154r</annotation>
		<annotation source="BABELFY" anchor="rain" bfScore="1.0" coherenceScore="0.041916167664670656">bn:00092330v</annotation>
		<annotation source="BABELFY" anchor="rained" bfScore="1.0" coherenceScore="0.041916167664670656">bn:00092330v</annotation>
		<annotation source="MCS" anchor="space" bfScore="--" coherenceScore="--">bn:00046665n</annotation>
		<annotation source="BABELFY" anchor="months" bfScore="0.9113300492610837" coherenceScore="0.11976047904191617">bn:00014710n</annotation>
		<annotation source="MCS" anchor="brought" bfScore="--" coherenceScore="--">bn:00084058v</annotation>
		<annotation source="MCS" anchor="brought forth" bfScore="--" coherenceScore="--">bn:00084080v</annotation>
		<annotation source="MCS" anchor="Brethren" bfScore="--" coherenceScore="--">bn:00013012n</annotation>
		<annotation source="BABELFY" anchor="err" bfScore="0.7142857142857143" coherenceScore="0.023952095808383235">bn:00087717v</annotation>
		<annotation source="BABELFY" anchor="truth" bfScore="0.7695345557122708" coherenceScore="0.2634730538922156">bn:00072816n</annotation>
		<annotation source="BABELFY" anchor="convert" bfScore="0.7692307692307693" coherenceScore="0.0718562874251497">bn:00085762v</annotation>
		<annotation source="BABELFY" anchor="sinner" bfScore="0.7428571428571429" coherenceScore="0.04790419161676647">bn:00032053n</annotation>
		<annotation source="BABELFY" anchor="error" bfScore="0.8262295081967214" coherenceScore="0.12574850299401197">bn:00031485n</annotation>
		<annotation source="MCS" anchor="soul" bfScore="--" coherenceScore="--">bn:00065006n</annotation>
		<annotation source="BABELFY" anchor="death" bfScore="0.8868726963425007" coherenceScore="0.5089820359281437">bn:00025582n</annotation>
		<annotation source="MCS" anchor="hide" bfScore="--" coherenceScore="--">bn:00085509v</annotation>
		<annotation source="MCS" anchor="multitude" bfScore="--" coherenceScore="--">bn:00009055n</annotation>
	</annotations>
</paragraph>
</dataset>
