<?xml version="1.0" encoding="utf-8"?>
<dataset language="EN" title="JOE">
<paragraph id="p.1">
	<text>
		The word of the LORD that came to Joel the son of Pethuel .
		Hear this , ye old men , and give ear , all ye inhabitants of the land . Hath this been in your days , or even in the days of your fathers ?
		Tell ye your children of it , and let your children tell their children , and their children another generation .
		That which the palmerworm hath left hath the locust eaten ; and that which the locust hath left hath the cankerworm eaten ; and that which the cankerworm hath left hath the caterpiller eaten .
		Awake , ye drunkards , and weep ; and howl , all ye drinkers of wine , because of the new wine ; for it is cut off from your mouth .
		For a nation is come up upon my land , strong , and without number , whose teeth are the teeth of a lion , and he hath the cheek teeth of a great lion .
		He hath laid my vine waste , and barked my fig tree : he hath made it clean bare , and cast it away ; the branches thereof are made white .
		Lament like a virgin girded with sackcloth for the husband of her youth .
		The meat offering and the drink offering is cut off from the house of the LORD ; the priests , the LORD&amp;apos;s ministers , mourn .
		The field is wasted , the land mourneth ; for the corn is wasted : the new wine is dried up , the oil languisheth .
		Be ye ashamed , O ye husbandmen ; howl , O ye vinedressers , for the wheat and for the barley ; because the harvest of the field is perished .
		The vine is dried up , and the fig tree languisheth ; the pomegranate tree , the palm tree also , and the apple tree , even all the trees of the field , are withered : because joy is withered away from the sons of men .
		Gird yourselves , and lament , ye priests : howl , ye ministers of the altar : come , lie all night in sackcloth , ye ministers of my God : for the meat offering and the drink offering is withholden from the house of your God .
		Sanctify ye a fast , call a solemn assembly , gather the elders and all the inhabitants of the land into the house of the LORD your God , and cry unto the LORD ,
		Alas for the day ! for the day of the LORD is at hand , and as a destruction from the Almighty shall it come .
		Is not the meat cut off before our eyes , yea , joy and gladness from the house of our God ?
		The seed is rotten under their clods , the garners are laid desolate , the barns are broken down ; for the corn is withered .
		How do the beasts groan ! the herds of cattle are perplexed , because they have no pasture ; yea , the flocks of sheep are made desolate .
		O LORD , to thee will I cry : for the fire hath devoured the pastures of the wilderness , and the flame hath burned all the trees of the field .
		The beasts of the field cry also unto thee : for the rivers of waters are dried up , and the fire hath devoured the pastures of the wilderness .
	</text>
	<annotations>
		<annotation source="MCS" anchor="word" bfScore="--" coherenceScore="--">bn:00081546n</annotation>
		<annotation source="BABELFY" anchor="son" bfScore="0.9116382299902899" coherenceScore="0.23348017621145375">bn:00051877n</annotation>
		<annotation source="MCS" anchor="Hear" bfScore="--" coherenceScore="--">bn:00089277v</annotation>
		<annotation source="MCS" anchor="old" bfScore="--" coherenceScore="--">bn:00107786a</annotation>
		<annotation source="MCS" anchor="old men" bfScore="--" coherenceScore="--">bn:00041536n</annotation>
		<annotation source="BABELFY" anchor="men" bfScore="0.7517950009897248" coherenceScore="0.8722466960352423">bn:00044576n</annotation>
		<annotation source="MCS" anchor="ear" bfScore="--" coherenceScore="--">bn:00029372n</annotation>
		<annotation source="MCS" anchor="inhabitants" bfScore="--" coherenceScore="--">bn:00026239n</annotation>
		<annotation source="BABELFY" anchor="land" bfScore="0.8273394942952383" coherenceScore="0.7004405286343612">bn:00023236n</annotation>
		<annotation source="MCS" anchor="days" bfScore="--" coherenceScore="--">bn:00000086n</annotation>
		<annotation source="MCS" anchor="fathers" bfScore="--" coherenceScore="--">bn:00009616n</annotation>
		<annotation source="MCS" anchor="Tell" bfScore="--" coherenceScore="--">bn:00093287v</annotation>
		<annotation source="BABELFY" anchor="children" bfScore="0.8380040126852631" coherenceScore="0.3436123348017621">bn:00018346n</annotation>
		<annotation source="MCS" anchor="tell" bfScore="--" coherenceScore="--">bn:00093287v</annotation>
		<annotation source="MCS" anchor="generation" bfScore="--" coherenceScore="--">bn:00020407n</annotation>
		<annotation source="BABELFY" anchor="palmerworm" bfScore="1.0" coherenceScore="0.013215859030837005">bn:01994907n</annotation>
		<annotation source="BABELFY" anchor="left" bfScore="1.0" coherenceScore="0.004405286343612335">bn:00116097r</annotation>
		<annotation source="MCS" anchor="locust" bfScore="--" coherenceScore="--">bn:00051807n</annotation>
		<annotation source="MCS" anchor="eaten" bfScore="--" coherenceScore="--">bn:00087460v</annotation>
		<annotation source="BABELFY" anchor="cankerworm" bfScore="1.0" coherenceScore="0.05286343612334802">bn:00015281n</annotation>
		<annotation source="BABELFY" anchor="caterpiller" bfScore="1.0" coherenceScore="0.16740088105726872">bn:00016739n</annotation>
		<annotation source="MCS" anchor="drunkards" bfScore="--" coherenceScore="--">bn:00028913n</annotation>
		<annotation source="BABELFY" anchor="weep" bfScore="1.0" coherenceScore="0.07048458149779736">bn:00086122v</annotation>
		<annotation source="MCS" anchor="howl" bfScore="--" coherenceScore="--">bn:00045074n</annotation>
		<annotation source="BABELFY" anchor="drinkers" bfScore="0.8306864754098361" coherenceScore="0.20704845814977973">bn:00028752n</annotation>
		<annotation source="BABELFY" anchor="wine" bfScore="0.9818449460255152" coherenceScore="0.3832599118942731">bn:00080022n</annotation>
		<annotation source="MCS" anchor="new" bfScore="--" coherenceScore="--">bn:00107267a</annotation>
		<annotation source="BABELFY" anchor="new wine" bfScore="0.7980049875311721" coherenceScore="0.07048458149779736">bn:03202826n</annotation>
		<annotation source="MCS" anchor="cut" bfScore="--" coherenceScore="--">bn:00086178v</annotation>
		<annotation source="MCS" anchor="cut off" bfScore="--" coherenceScore="--">bn:00083995v</annotation>
		<annotation source="BABELFY" anchor="mouth" bfScore="0.8045332993760347" coherenceScore="0.23788546255506607">bn:00056135n</annotation>
		<annotation source="BABELFY" anchor="nation" bfScore="0.877774599542334" coherenceScore="0.7004405286343612">bn:00023236n</annotation>
		<annotation source="BABELFY" anchor="strong" bfScore="0.7272727272727273" coherenceScore="0.05286343612334802">bn:00108862a</annotation>
		<annotation source="MCS" anchor="number" bfScore="--" coherenceScore="--">bn:00034394n</annotation>
		<annotation source="BABELFY" anchor="teeth" bfScore="0.7509225092250923" coherenceScore="0.2422907488986784">bn:00077593n</annotation>
		<annotation source="BABELFY" anchor="lion" bfScore="0.8887600270609839" coherenceScore="0.33480176211453744">bn:00049156n</annotation>
		<annotation source="MCS" anchor="cheek" bfScore="--" coherenceScore="--">bn:00018024n</annotation>
		<annotation source="MCS" anchor="cheek teeth" bfScore="--" coherenceScore="--">bn:13772246n</annotation>
		<annotation source="BABELFY" anchor="great" bfScore="0.9152542372881356" coherenceScore="0.05286343612334802">bn:00098352a</annotation>
		<annotation source="MCS" anchor="laid" bfScore="--" coherenceScore="--">bn:00090224v</annotation>
		<annotation source="MCS" anchor="vine" bfScore="--" coherenceScore="--">bn:00080013n</annotation>
		<annotation source="MCS" anchor="waste" bfScore="--" coherenceScore="--">bn:00080543n</annotation>
		<annotation source="MCS" anchor="barked" bfScore="--" coherenceScore="--">bn:00083123v</annotation>
		<annotation source="BABELFY" anchor="fig" bfScore="0.829002514668902" coherenceScore="0.1894273127753304">bn:00021090n</annotation>
		<annotation source="BABELFY" anchor="fig tree" bfScore="1.0" coherenceScore="0.14977973568281938">bn:00034375n</annotation>
		<annotation source="BABELFY" anchor="tree" bfScore="0.9611388880572438" coherenceScore="0.5418502202643172">bn:00078131n</annotation>
		<annotation source="BABELFY" anchor="made it" bfScore="0.9333333333333333" coherenceScore="0.030837004405286344">bn:00085382v</annotation>
		<annotation source="MCS" anchor="clean" bfScore="--" coherenceScore="--">bn:00085059v</annotation>
		<annotation source="MCS" anchor="bare" bfScore="--" coherenceScore="--">bn:00097745a</annotation>
		<annotation source="MCS" anchor="cast" bfScore="--" coherenceScore="--">bn:00084624v</annotation>
		<annotation source="MCS" anchor="branches" bfScore="--" coherenceScore="--">bn:00005706n</annotation>
		<annotation source="MCS" anchor="white" bfScore="--" coherenceScore="--">bn:00113830a</annotation>
		<annotation source="BABELFY" anchor="Lament" bfScore="0.7607361963190185" coherenceScore="0.0881057268722467">bn:00049786n</annotation>
		<annotation source="MCS" anchor="virgin" bfScore="--" coherenceScore="--">bn:00080052n</annotation>
		<annotation source="BABELFY" anchor="girded" bfScore="0.9245283018867925" coherenceScore="0.030837004405286344">bn:00082764v</annotation>
		<annotation source="BABELFY" anchor="sackcloth" bfScore="0.9846153846153847" coherenceScore="0.03524229074889868">bn:00068738n</annotation>
		<annotation source="MCS" anchor="husband" bfScore="--" coherenceScore="--">bn:00045106n</annotation>
		<annotation source="MCS" anchor="youth" bfScore="--" coherenceScore="--">bn:00073643n</annotation>
		<annotation source="BABELFY" anchor="meat" bfScore="0.8428311215196461" coherenceScore="0.36123348017621143">bn:00054026n</annotation>
		<annotation source="BABELFY" anchor="meat offering" bfScore="1.0" coherenceScore="0.09691629955947137">bn:03628823n</annotation>
		<annotation source="MCS" anchor="offering" bfScore="--" coherenceScore="--">bn:00058679n</annotation>
		<annotation source="MCS" anchor="drink" bfScore="--" coherenceScore="--">bn:00028749n</annotation>
		<annotation source="BABELFY" anchor="drink offering" bfScore="1.0" coherenceScore="0.0881057268722467">bn:02661210n</annotation>
		<annotation source="MCS" anchor="house" bfScore="--" coherenceScore="--">bn:00044994n</annotation>
		<annotation source="BABELFY" anchor="house of" bfScore="1.0" coherenceScore="0.09251101321585903">bn:00029305n</annotation>
		<annotation source="BABELFY" anchor="house of the LORD" bfScore="0.9923257301215093" coherenceScore="0.21585903083700442">bn:00076465n</annotation>
		<annotation source="BABELFY" anchor="priests" bfScore="0.7019262161279791" coherenceScore="0.22026431718061673">bn:00064346n</annotation>
		<annotation source="MCS" anchor="ministers" bfScore="--" coherenceScore="--">bn:00024459n</annotation>
		<annotation source="BABELFY" anchor="mourn" bfScore="0.9110320284697508" coherenceScore="0.07048458149779736">bn:00090941v</annotation>
		<annotation source="MCS" anchor="field" bfScore="--" coherenceScore="--">bn:00034265n</annotation>
		<annotation source="MCS" anchor="wasted" bfScore="--" coherenceScore="--">bn:00083657v</annotation>
		<annotation source="BABELFY" anchor="corn" bfScore="0.8777786825177103" coherenceScore="0.3392070484581498">bn:00022678n</annotation>
		<annotation source="BABELFY" anchor="dried" bfScore="0.8235294117647058" coherenceScore="0.0881057268722467">bn:00087401v</annotation>
		<annotation source="MCS" anchor="dried up" bfScore="--" coherenceScore="--">bn:00086509v</annotation>
		<annotation source="MCS" anchor="oil" bfScore="--" coherenceScore="--">bn:00058732n</annotation>
		<annotation source="BABELFY" anchor="ashamed" bfScore="1.0" coherenceScore="0.039647577092511016">bn:00097581a</annotation>
		<annotation source="BABELFY" anchor="husbandmen" bfScore="0.9166666666666666" coherenceScore="0.19383259911894274">bn:00033687n</annotation>
		<annotation source="MCS" anchor="vinedressers" bfScore="--" coherenceScore="--">bn:13659469n</annotation>
		<annotation source="BABELFY" anchor="wheat" bfScore="0.9555704184979935" coherenceScore="0.32158590308370044">bn:00080959n</annotation>
		<annotation source="BABELFY" anchor="barley" bfScore="0.9560959686632936" coherenceScore="0.2555066079295154">bn:00008606n</annotation>
		<annotation source="MCS" anchor="harvest" bfScore="--" coherenceScore="--">bn:00023931n</annotation>
		<annotation source="BABELFY" anchor="perished" bfScore="1.0" coherenceScore="0.07048458149779736">bn:00084343v</annotation>
		<annotation source="BABELFY" anchor="pomegranate" bfScore="0.959409594095941" coherenceScore="0.22026431718061673">bn:00063486n</annotation>
		<annotation source="BABELFY" anchor="pomegranate tree" bfScore="0.9521484375" coherenceScore="0.22026431718061673">bn:00063486n</annotation>
		<annotation source="MCS" anchor="palm" bfScore="--" coherenceScore="--">bn:00060304n</annotation>
		<annotation source="MCS" anchor="palm tree" bfScore="--" coherenceScore="--">bn:00060306n</annotation>
		<annotation source="MCS" anchor="apple" bfScore="--" coherenceScore="--">bn:00005054n</annotation>
		<annotation source="MCS" anchor="apple tree" bfScore="--" coherenceScore="--">bn:00005076n</annotation>
		<annotation source="BABELFY" anchor="trees" bfScore="0.9611388880572438" coherenceScore="0.5418502202643172">bn:00078131n</annotation>
		<annotation source="BABELFY" anchor="withered" bfScore="1.0" coherenceScore="0.08370044052863436">bn:00093693v</annotation>
		<annotation source="BABELFY" anchor="joy" bfScore="0.7456043956043956" coherenceScore="0.2026431718061674">bn:00036813n</annotation>
		<annotation source="BABELFY" anchor="sons" bfScore="0.9054836042987049" coherenceScore="0.23348017621145375">bn:00051877n</annotation>
		<annotation source="BABELFY" anchor="Gird" bfScore="1.0" coherenceScore="0.00881057268722467">bn:01712578n</annotation>
		<annotation source="BABELFY" anchor="lament" bfScore="0.7607361963190185" coherenceScore="0.0881057268722467">bn:00049786n</annotation>
		<annotation source="BABELFY" anchor="altar" bfScore="0.7045666356011183" coherenceScore="0.18502202643171806">bn:00003117n</annotation>
		<annotation source="MCS" anchor="lie" bfScore="--" coherenceScore="--">bn:00090321v</annotation>
		<annotation source="MCS" anchor="night" bfScore="--" coherenceScore="--">bn:00025236n</annotation>
		<annotation source="BABELFY" anchor="God" bfScore="0.7998434029497771" coherenceScore="0.6211453744493393">bn:00040878n</annotation>
		<annotation source="BABELFY" anchor="Sanctify" bfScore="0.9112814895947426" coherenceScore="0.1145374449339207">bn:00083602v</annotation>
		<annotation source="MCS" anchor="fast" bfScore="--" coherenceScore="--">bn:00102802a</annotation>
		<annotation source="MCS" anchor="call" bfScore="--" coherenceScore="--">bn:00084385v</annotation>
		<annotation source="BABELFY" anchor="solemn" bfScore="1.0" coherenceScore="0.022026431718061675">bn:00103758a</annotation>
		<annotation source="BABELFY" anchor="solemn assembly" bfScore="1.0" coherenceScore="0.030837004405286344">bn:17191837n</annotation>
		<annotation source="MCS" anchor="assembly" bfScore="--" coherenceScore="--">bn:00006484n</annotation>
		<annotation source="MCS" anchor="gather" bfScore="--" coherenceScore="--">bn:00085289v</annotation>
		<annotation source="MCS" anchor="elders" bfScore="--" coherenceScore="--">bn:00030100n</annotation>
		<annotation source="MCS" anchor="cry" bfScore="--" coherenceScore="--">bn:00084388v</annotation>
		<annotation source="BABELFY" anchor="Alas" bfScore="0.8148148148148148" coherenceScore="0.048458149779735685">bn:02524431n</annotation>
		<annotation source="BABELFY" anchor="day" bfScore="0.7875923190546529" coherenceScore="0.1894273127753304">bn:00000086n</annotation>
		<annotation source="BABELFY" anchor="day of the LORD" bfScore="1.0" coherenceScore="0.08370044052863436">bn:01057217n</annotation>
		<annotation source="MCS" anchor="hand" bfScore="--" coherenceScore="--">bn:00042759n</annotation>
		<annotation source="MCS" anchor="destruction" bfScore="--" coherenceScore="--">bn:00026610n</annotation>
		<annotation source="BABELFY" anchor="eyes" bfScore="0.8307168526574616" coherenceScore="0.31718061674008813">bn:00032512n</annotation>
		<annotation source="BABELFY" anchor="yea" bfScore="1.0" coherenceScore="0.013215859030837005">bn:00117651r</annotation>
		<annotation source="BABELFY" anchor="gladness" bfScore="1.0" coherenceScore="0.13215859030837004">bn:00040584n</annotation>
		<annotation source="BABELFY" anchor="seed" bfScore="0.8012151425455678" coherenceScore="0.32599118942731276">bn:00070253n</annotation>
		<annotation source="BABELFY" anchor="rotten" bfScore="0.7317073170731707" coherenceScore="0.022026431718061675">bn:00100603a</annotation>
		<annotation source="BABELFY" anchor="clods" bfScore="1.0" coherenceScore="0.013215859030837005">bn:00019901n</annotation>
		<annotation source="BABELFY" anchor="garners" bfScore="0.9560598744567842" coherenceScore="0.15859030837004406">bn:00037356n</annotation>
		<annotation source="BABELFY" anchor="desolate" bfScore="0.7772727272727272" coherenceScore="0.039647577092511016">bn:00098055a</annotation>
		<annotation source="BABELFY" anchor="barns" bfScore="0.9894566098945661" coherenceScore="0.1762114537444934">bn:00008614n</annotation>
		<annotation source="MCS" anchor="broken" bfScore="--" coherenceScore="--">bn:00083900v</annotation>
		<annotation source="MCS" anchor="broken down" bfScore="--" coherenceScore="--">bn:00083964v</annotation>
		<annotation source="BABELFY" anchor="beasts" bfScore="0.9916676446426476" coherenceScore="0.7444933920704846">bn:00004222n</annotation>
		<annotation source="BABELFY" anchor="groan" bfScore="1.0" coherenceScore="0.07488986784140969">bn:00041834n</annotation>
		<annotation source="MCS" anchor="herds" bfScore="--" coherenceScore="--">bn:00043801n</annotation>
		<annotation source="BABELFY" anchor="cattle" bfScore="1.0" coherenceScore="0.40969162995594716">bn:00012273n</annotation>
		<annotation source="MCS" anchor="perplexed" bfScore="--" coherenceScore="--">bn:00082567v</annotation>
		<annotation source="MCS" anchor="pasture" bfScore="--" coherenceScore="--">bn:00041543n</annotation>
		<annotation source="BABELFY" anchor="flocks" bfScore="0.9390243902439024" coherenceScore="0.048458149779735685">bn:00088332v</annotation>
		<annotation source="BABELFY" anchor="sheep" bfScore="0.8664374504099445" coherenceScore="0.4008810572687225">bn:00070967n</annotation>
		<annotation source="BABELFY" anchor="fire" bfScore="0.8242041393067908" coherenceScore="0.32599118942731276">bn:00034625n</annotation>
		<annotation source="MCS" anchor="devoured" bfScore="--" coherenceScore="--">bn:00086763v</annotation>
		<annotation source="MCS" anchor="pastures" bfScore="--" coherenceScore="--">bn:00041543n</annotation>
		<annotation source="MCS" anchor="wilderness" bfScore="--" coherenceScore="--">bn:00081212n</annotation>
		<annotation source="BABELFY" anchor="flame" bfScore="0.9485404191616766" coherenceScore="0.32599118942731276">bn:00034625n</annotation>
		<annotation source="MCS" anchor="burned" bfScore="--" coherenceScore="--">bn:00084270v</annotation>
		<annotation source="MCS" anchor="cry" bfScore="--" coherenceScore="--">bn:00014793n</annotation>
		<annotation source="BABELFY" anchor="rivers" bfScore="0.9746677269112802" coherenceScore="0.2907488986784141">bn:00067948n</annotation>
		<annotation source="BABELFY" anchor="waters" bfScore="0.9421924568205852" coherenceScore="0.7136563876651982">bn:00042379n</annotation>
	</annotations>
</paragraph>
<paragraph id="p.2">
	<text>
		Blow ye the trumpet in Zion , and sound an alarm in my holy mountain : let all the inhabitants of the land tremble : for the day of the LORD cometh , for it is nigh at hand ;
		A day of darkness and of gloominess , a day of clouds and of thick darkness , as the morning spread upon the mountains : a great people and a strong ; there hath not been ever the like , neither shall be any more after it , even to the years of many generations .
		A fire devoureth before them ; and behind them a flame burneth : the land is as the garden of Eden before them , and behind them a desolate wilderness ; yea , and nothing shall escape them .
		The appearance of them is as the appearance of horses ; and as horsemen , so shall they run .
		Like the noise of chariots on the tops of mountains shall they leap , like the noise of a flame of fire that devoureth the stubble , as a strong people set in battle array .
		Before their face the people shall be much pained : all faces shall gather blackness .
		They shall run like mighty men ; they shall climb the wall like men of war ; and they shall march every one on his ways , and they shall not break their ranks :
		Neither shall one thrust another ; they shall walk every one in his path : and when they fall upon the sword , they shall not be wounded .
		They shall run to and fro in the city ; they shall run upon the wall , they shall climb up upon the houses ; they shall enter in at the windows like a thief .
		The earth shall quake before them ; the heavens shall tremble : the sun and the moon shall be dark , and the stars shall withdraw their shining :
		And the LORD shall utter his voice before his army : for his camp is very great : for he is strong that executeth his word : for the day of the LORD is great and very terrible ; and who can abide it ?
		Therefore also now , saith the LORD , turn ye even to me with all your heart , and with fasting , and with weeping , and with mourning :
		And rend your heart , and not your garments , and turn unto the LORD your God : for he is gracious and merciful , slow to anger , and of great kindness , and repenteth him of the evil .
		Who knoweth if he will return and repent , and leave a blessing behind him ; even a meat offering and a drink offering unto the LORD your God ?
		Blow the trumpet in Zion , sanctify a fast , call a solemn assembly :
		Gather the people , sanctify the congregation , assemble the elders , gather the children , and those that suck the breasts : let the bridegroom go forth of his chamber , and the bride out of her closet .
		Let the priests , the ministers of the LORD , weep between the porch and the altar , and let them say , Spare thy people , O LORD , and give not thine heritage to reproach , that the heathen should rule over them : wherefore should they say among the people , Where is their God ?
		Then will the LORD be jealous for his land , and pity his people .
		Yea , the LORD will answer and say unto his people , Behold , I will send you corn , and wine , and oil , and ye shall be satisfied therewith : and I will no more make you a reproach among the heathen :
		But I will remove far off from you the northern army , and will drive him into a land barren and desolate , with his face toward the east sea , and his hinder part toward the utmost sea , and his stink shall come up , and his ill savour shall come up , because he hath done great things .
		Fear not , O land ; be glad and rejoice : for the LORD will do great things .
		Be not afraid , ye beasts of the field : for the pastures of the wilderness do spring , for the tree beareth her fruit , the fig tree and the vine do yield their strength .
		Be glad then , ye children of Zion , and rejoice in the LORD your God : for he hath given you the former rain moderately , and he will cause to come down for you the rain , the former rain , and the latter rain in the first month .
		And the floors shall be full of wheat , and the fats shall overflow with wine and oil .
		And I will restore to you the years that the locust hath eaten , the cankerworm , and the caterpiller , and the palmerworm , my great army which I sent among you .
		And ye shall eat in plenty , and be satisfied , and praise the name of the LORD your God , that hath dealt wondrously with you : and my people shall never be ashamed .
		And ye shall know that I am in the midst of Israel , and that I am the LORD your God , and none else : and my people shall never be ashamed .
		And it shall come to pass afterward , that I will pour out my spirit upon all flesh ; and your sons and your daughters shall prophesy , your old men shall dream dreams , your young men shall see visions :
		And also upon the servants and upon the handmaids in those days will I pour out my spirit .
		And I will shew wonders in the heavens and in the earth , blood , and fire , and pillars of smoke .
		The sun shall be turned into darkness , and the moon into blood , before the great and the terrible day of the LORD come .
		And it shall come to pass , that whosoever shall call on the name of the LORD shall be delivered : for in mount Zion and in Jerusalem shall be deliverance , as the LORD hath said , and in the remnant whom the LORD shall call .
	</text>
	<annotations>
		<annotation source="BABELFY" anchor="Blow" bfScore="0.8408335850196316" coherenceScore="0.138328530259366">bn:00011136n</annotation>
		<annotation source="MCS" anchor="trumpet" bfScore="--" coherenceScore="--">bn:00022750n</annotation>
		<annotation source="BABELFY" anchor="Zion" bfScore="0.9863110691527024" coherenceScore="0.6253602305475504">bn:00047679n</annotation>
		<annotation source="MCS" anchor="sound" bfScore="--" coherenceScore="--">bn:00094053v</annotation>
		<annotation source="MCS" anchor="alarm" bfScore="--" coherenceScore="--">bn:00002410n</annotation>
		<annotation source="BABELFY" anchor="holy" bfScore="1.0" coherenceScore="0.08645533141210375">bn:00104250a</annotation>
		<annotation source="BABELFY" anchor="holy mountain" bfScore="1.0" coherenceScore="0.002881844380403458">bn:02329820n</annotation>
		<annotation source="BABELFY" anchor="mountain" bfScore="0.944386149003148" coherenceScore="0.22478386167146974">bn:00056068n</annotation>
		<annotation source="MCS" anchor="inhabitants" bfScore="--" coherenceScore="--">bn:00026239n</annotation>
		<annotation source="BABELFY" anchor="land" bfScore="0.8561114974151223" coherenceScore="0.6570605187319885">bn:00023236n</annotation>
		<annotation source="BABELFY" anchor="tremble" bfScore="0.8756218905472637" coherenceScore="0.04610951008645533">bn:00070860n</annotation>
		<annotation source="BABELFY" anchor="day" bfScore="0.7104795737122558" coherenceScore="0.207492795389049">bn:00000086n</annotation>
		<annotation source="BABELFY" anchor="day of the LORD" bfScore="1.0" coherenceScore="0.1037463976945245">bn:01057217n</annotation>
		<annotation source="BABELFY" anchor="hand" bfScore="0.8050781587356421" coherenceScore="0.2276657060518732">bn:00042759n</annotation>
		<annotation source="BABELFY" anchor="day of darkness" bfScore="1.0" coherenceScore="0.011527377521613832">bn:03147585n</annotation>
		<annotation source="MCS" anchor="darkness" bfScore="--" coherenceScore="--">bn:00025233n</annotation>
		<annotation source="BABELFY" anchor="gloominess" bfScore="0.7610062893081762" coherenceScore="0.03170028818443804">bn:00040702n</annotation>
		<annotation source="BABELFY" anchor="clouds" bfScore="0.8087291399229781" coherenceScore="0.1729106628242075">bn:00020002n</annotation>
		<annotation source="MCS" anchor="thick" bfScore="--" coherenceScore="--">bn:00111824a</annotation>
		<annotation source="MCS" anchor="morning" bfScore="--" coherenceScore="--">bn:00035851n</annotation>
		<annotation source="MCS" anchor="spread" bfScore="--" coherenceScore="--">bn:00087063v</annotation>
		<annotation source="BABELFY" anchor="mountains" bfScore="0.9389294599149346" coherenceScore="0.22478386167146974">bn:00056068n</annotation>
		<annotation source="MCS" anchor="great" bfScore="--" coherenceScore="--">bn:00103779a</annotation>
		<annotation source="BABELFY" anchor="people" bfScore="0.7671478525957142" coherenceScore="0.1988472622478386">bn:00061450n</annotation>
		<annotation source="MCS" anchor="strong" bfScore="--" coherenceScore="--">bn:00111312a</annotation>
		<annotation source="BABELFY" anchor="like" bfScore="0.9950124688279302" coherenceScore="0.05475504322766571">bn:00105977a</annotation>
		<annotation source="MCS" anchor="generations" bfScore="--" coherenceScore="--">bn:00020407n</annotation>
		<annotation source="BABELFY" anchor="fire" bfScore="0.8581560283687943" coherenceScore="0.34870317002881845">bn:00034625n</annotation>
		<annotation source="BABELFY" anchor="flame" bfScore="0.9456483126110125" coherenceScore="0.34870317002881845">bn:00034625n</annotation>
		<annotation source="BABELFY" anchor="garden" bfScore="0.7959183673469388" coherenceScore="0.14985590778097982">bn:00037300n</annotation>
		<annotation source="BABELFY" anchor="garden of Eden" bfScore="0.9769488683989941" coherenceScore="0.18155619596541786">bn:00029735n</annotation>
		<annotation source="MCS" anchor="Eden" bfScore="--" coherenceScore="--">bn:00029734n</annotation>
		<annotation source="BABELFY" anchor="desolate" bfScore="0.75" coherenceScore="0.025936599423631124">bn:00098055a</annotation>
		<annotation source="MCS" anchor="wilderness" bfScore="--" coherenceScore="--">bn:00081212n</annotation>
		<annotation source="BABELFY" anchor="yea" bfScore="1.0" coherenceScore="0.01440922190201729">bn:00117651r</annotation>
		<annotation source="MCS" anchor="escape" bfScore="--" coherenceScore="--">bn:00083978v</annotation>
		<annotation source="MCS" anchor="appearance" bfScore="--" coherenceScore="--">bn:00005023n</annotation>
		<annotation source="BABELFY" anchor="horses" bfScore="0.8691491319550948" coherenceScore="0.26512968299711814">bn:00031345n</annotation>
		<annotation source="MCS" anchor="horsemen" bfScore="--" coherenceScore="--">bn:00031301n</annotation>
		<annotation source="MCS" anchor="noise" bfScore="--" coherenceScore="--">bn:00057863n</annotation>
		<annotation source="MCS" anchor="chariots" bfScore="--" coherenceScore="--">bn:00017811n</annotation>
		<annotation source="BABELFY" anchor="tops" bfScore="0.9878048780487805" coherenceScore="0.025936599423631124">bn:01725813n</annotation>
		<annotation source="MCS" anchor="leap" bfScore="--" coherenceScore="--">bn:00083833v</annotation>
		<annotation source="MCS" anchor="devoureth" bfScore="--" coherenceScore="--">bn:13681842v</annotation>
		<annotation source="MCS" anchor="stubble" bfScore="--" coherenceScore="--">bn:00017474n</annotation>
		<annotation source="MCS" anchor="battle" bfScore="--" coherenceScore="--">bn:00009078n</annotation>
		<annotation source="BABELFY" anchor="array" bfScore="0.9547738693467337" coherenceScore="0.05475504322766571">bn:00005871n</annotation>
		<annotation source="MCS" anchor="face" bfScore="--" coherenceScore="--">bn:00032600n</annotation>
		<annotation source="BABELFY" anchor="face the people" bfScore="1.0" coherenceScore="0.04610951008645533">bn:17040757n</annotation>
		<annotation source="BABELFY" anchor="pained" bfScore="1.0" coherenceScore="0.011527377521613832">bn:00107762a</annotation>
		<annotation source="MCS" anchor="faces" bfScore="--" coherenceScore="--">bn:00032600n</annotation>
		<annotation source="MCS" anchor="gather" bfScore="--" coherenceScore="--">bn:00085289v</annotation>
		<annotation source="BABELFY" anchor="blackness" bfScore="0.7132663599662004" coherenceScore="0.20461095100864554">bn:00010816n</annotation>
		<annotation source="BABELFY" anchor="mighty" bfScore="1.0" coherenceScore="0.023054755043227664">bn:00106713a</annotation>
		<annotation source="BABELFY" anchor="men" bfScore="0.7307541828726611" coherenceScore="0.8472622478386167">bn:00044576n</annotation>
		<annotation source="MCS" anchor="climb" bfScore="--" coherenceScore="--">bn:00085120v</annotation>
		<annotation source="BABELFY" anchor="wall" bfScore="0.7333927775300936" coherenceScore="0.13544668587896252">bn:00080386n</annotation>
		<annotation source="BABELFY" anchor="war" bfScore="0.9446099267043743" coherenceScore="0.3227665706051873">bn:00080439n</annotation>
		<annotation source="MCS" anchor="march" bfScore="--" coherenceScore="--">bn:00090653v</annotation>
		<annotation source="MCS" anchor="ways" bfScore="--" coherenceScore="--">bn:00033729n</annotation>
		<annotation source="MCS" anchor="break" bfScore="--" coherenceScore="--">bn:00083900v</annotation>
		<annotation source="BABELFY" anchor="ranks" bfScore="0.7255434782608695" coherenceScore="0.21613832853025935">bn:00066154n</annotation>
		<annotation source="MCS" anchor="thrust" bfScore="--" coherenceScore="--">bn:00094943v</annotation>
		<annotation source="MCS" anchor="walk" bfScore="--" coherenceScore="--">bn:00095597v</annotation>
		<annotation source="MCS" anchor="path" bfScore="--" coherenceScore="--">bn:00061005n</annotation>
		<annotation source="MCS" anchor="fall" bfScore="--" coherenceScore="--">bn:00087976v</annotation>
		<annotation source="BABELFY" anchor="fall upon" bfScore="1.0" coherenceScore="0.023054755043227664">bn:00082902v</annotation>
		<annotation source="BABELFY" anchor="sword" bfScore="0.993417588204318" coherenceScore="0.14121037463976946">bn:00011081n</annotation>
		<annotation source="BABELFY" anchor="wounded" bfScore="0.7236842105263158" coherenceScore="0.02881844380403458">bn:00084149v</annotation>
		<annotation source="MCS" anchor="fro" bfScore="--" coherenceScore="--">bn:13611350r</annotation>
		<annotation source="BABELFY" anchor="city" bfScore="0.7955245724849792" coherenceScore="0.38904899135446686">bn:03335997n</annotation>
		<annotation source="MCS" anchor="climb up" bfScore="--" coherenceScore="--">bn:00085120v</annotation>
		<annotation source="BABELFY" anchor="houses" bfScore="0.7003020910981208" coherenceScore="0.29394812680115273">bn:00044994n</annotation>
		<annotation source="MCS" anchor="enter" bfScore="--" coherenceScore="--">bn:00085363v</annotation>
		<annotation source="MCS" anchor="windows" bfScore="--" coherenceScore="--">bn:00081285n</annotation>
		<annotation source="MCS" anchor="thief" bfScore="--" coherenceScore="--">bn:00074094n</annotation>
		<annotation source="BABELFY" anchor="earth" bfScore="0.965540291871024" coherenceScore="0.6311239193083573">bn:00029424n</annotation>
		<annotation source="BABELFY" anchor="quake" bfScore="0.9428571428571428" coherenceScore="0.025936599423631124">bn:00091400v</annotation>
		<annotation source="MCS" anchor="heavens" bfScore="--" coherenceScore="--">bn:00029734n</annotation>
		<annotation source="BABELFY" anchor="tremble" bfScore="1.0" coherenceScore="0.01440922190201729">bn:00095149v</annotation>
		<annotation source="BABELFY" anchor="sun" bfScore="0.7663360458212551" coherenceScore="0.37752161383285304">bn:00075170n</annotation>
		<annotation source="BABELFY" anchor="moon" bfScore="0.8826121948415284" coherenceScore="0.2824207492795389">bn:00055809n</annotation>
		<annotation source="MCS" anchor="dark" bfScore="--" coherenceScore="--">bn:00100902a</annotation>
		<annotation source="BABELFY" anchor="stars" bfScore="0.8360529738678019" coherenceScore="0.2276657060518732">bn:00073964n</annotation>
		<annotation source="MCS" anchor="withdraw" bfScore="--" coherenceScore="--">bn:00087267v</annotation>
		<annotation source="MCS" anchor="shining" bfScore="--" coherenceScore="--">bn:00092637v</annotation>
		<annotation source="MCS" anchor="utter" bfScore="--" coherenceScore="--">bn:00087894v</annotation>
		<annotation source="BABELFY" anchor="voice" bfScore="0.8390754196943122" coherenceScore="0.2737752161383285">bn:00072794n</annotation>
		<annotation source="BABELFY" anchor="army" bfScore="0.7018348623853211" coherenceScore="0.14697406340057637">bn:00005803n</annotation>
		<annotation source="MCS" anchor="camp" bfScore="--" coherenceScore="--">bn:00010805n</annotation>
		<annotation source="BABELFY" anchor="word" bfScore="0.7338379037864063" coherenceScore="0.6023054755043228">bn:00010217n</annotation>
		<annotation source="MCS" anchor="terrible" bfScore="--" coherenceScore="--">bn:00097890a</annotation>
		<annotation source="BABELFY" anchor="abide" bfScore="0.9954058192955589" coherenceScore="0.07204610951008646">bn:00082138v</annotation>
		<annotation source="MCS" anchor="saith" bfScore="--" coherenceScore="--">bn:00093287v</annotation>
		<annotation source="MCS" anchor="turn" bfScore="--" coherenceScore="--">bn:00009867n</annotation>
		<annotation source="MCS" anchor="heart" bfScore="--" coherenceScore="--">bn:00012289n</annotation>
		<annotation source="MCS" anchor="fasting" bfScore="--" coherenceScore="--">bn:00088049v</annotation>
		<annotation source="BABELFY" anchor="weeping" bfScore="1.0" coherenceScore="0.05475504322766571">bn:00086122v</annotation>
		<annotation source="BABELFY" anchor="mourning" bfScore="0.8305084745762712" coherenceScore="0.06051873198847262">bn:00090941v</annotation>
		<annotation source="BABELFY" anchor="rend" bfScore="1.0" coherenceScore="0.005763688760806916">bn:00092142v</annotation>
		<annotation source="BABELFY" anchor="garments" bfScore="0.9536784741144414" coherenceScore="0.2017291066282421">bn:00006125n</annotation>
		<annotation source="MCS" anchor="turn" bfScore="--" coherenceScore="--">bn:00095233v</annotation>
		<annotation source="BABELFY" anchor="God" bfScore="0.7764970707916078" coherenceScore="0.6397694524495677">bn:00040878n</annotation>
		<annotation source="BABELFY" anchor="gracious" bfScore="0.9370277078085643" coherenceScore="0.069164265129683">bn:00098254a</annotation>
		<annotation source="BABELFY" anchor="merciful" bfScore="0.9567099567099567" coherenceScore="0.037463976945244955">bn:00106612a</annotation>
		<annotation source="MCS" anchor="slow" bfScore="--" coherenceScore="--">bn:00110767a</annotation>
		<annotation source="MCS" anchor="anger" bfScore="--" coherenceScore="--">bn:00004085n</annotation>
		<annotation source="BABELFY" anchor="kindness" bfScore="0.9268645908761767" coherenceScore="0.09221902017291066">bn:00049132n</annotation>
		<annotation source="BABELFY" anchor="evil" bfScore="0.864472149968607" coherenceScore="0.2276657060518732">bn:00032050n</annotation>
		<annotation source="MCS" anchor="return" bfScore="--" coherenceScore="--">bn:00092969v</annotation>
		<annotation source="MCS" anchor="repent" bfScore="--" coherenceScore="--">bn:00082891v</annotation>
		<annotation source="MCS" anchor="leave" bfScore="--" coherenceScore="--">bn:00088939v</annotation>
		<annotation source="MCS" anchor="blessing" bfScore="--" coherenceScore="--">bn:00005158n</annotation>
		<annotation source="BABELFY" anchor="meat" bfScore="0.7009409858540537" coherenceScore="0.21902017291066284">bn:00054026n</annotation>
		<annotation source="BABELFY" anchor="meat offering" bfScore="1.0" coherenceScore="0.08357348703170028">bn:03628823n</annotation>
		<annotation source="MCS" anchor="offering" bfScore="--" coherenceScore="--">bn:00058679n</annotation>
		<annotation source="MCS" anchor="drink" bfScore="--" coherenceScore="--">bn:00028749n</annotation>
		<annotation source="BABELFY" anchor="drink offering" bfScore="1.0" coherenceScore="0.09510086455331412">bn:02661210n</annotation>
		<annotation source="MCS" anchor="Blow" bfScore="--" coherenceScore="--">bn:00083652v</annotation>
		<annotation source="BABELFY" anchor="sanctify" bfScore="0.907520325203252" coherenceScore="0.10951008645533142">bn:00083602v</annotation>
		<annotation source="MCS" anchor="fast" bfScore="--" coherenceScore="--">bn:00102802a</annotation>
		<annotation source="MCS" anchor="call" bfScore="--" coherenceScore="--">bn:00084385v</annotation>
		<annotation source="BABELFY" anchor="solemn" bfScore="1.0" coherenceScore="0.02881844380403458">bn:00103758a</annotation>
		<annotation source="BABELFY" anchor="solemn assembly" bfScore="1.0" coherenceScore="0.040345821325648415">bn:17191837n</annotation>
		<annotation source="MCS" anchor="assembly" bfScore="--" coherenceScore="--">bn:00006484n</annotation>
		<annotation source="BABELFY" anchor="Gather" bfScore="0.7155963302752294" coherenceScore="0.037463976945244955">bn:00082846v</annotation>
		<annotation source="BABELFY" anchor="congregation" bfScore="0.8577912254160364" coherenceScore="0.18155619596541786">bn:00021837n</annotation>
		<annotation source="MCS" anchor="assemble" bfScore="--" coherenceScore="--">bn:00082845v</annotation>
		<annotation source="MCS" anchor="elders" bfScore="--" coherenceScore="--">bn:00030100n</annotation>
		<annotation source="BABELFY" anchor="children" bfScore="0.8325590039026203" coherenceScore="0.3688760806916426">bn:00018346n</annotation>
		<annotation source="MCS" anchor="suck" bfScore="--" coherenceScore="--">bn:00094565v</annotation>
		<annotation source="BABELFY" anchor="breasts" bfScore="0.7286202964652223" coherenceScore="0.20461095100864554">bn:00012047n</annotation>
		<annotation source="BABELFY" anchor="bridegroom" bfScore="0.9377892030848329" coherenceScore="0.10951008645533142">bn:00013075n</annotation>
		<annotation source="BABELFY" anchor="chamber" bfScore="0.819672131147541" coherenceScore="0.10662824207492795">bn:00009495n</annotation>
		<annotation source="BABELFY" anchor="bride" bfScore="0.718534253850239" coherenceScore="0.09510086455331412">bn:00013068n</annotation>
		<annotation source="MCS" anchor="closet" bfScore="--" coherenceScore="--">bn:00019955n</annotation>
		<annotation source="BABELFY" anchor="priests" bfScore="0.7073571108789732" coherenceScore="0.2276657060518732">bn:00064346n</annotation>
		<annotation source="MCS" anchor="ministers" bfScore="--" coherenceScore="--">bn:00024459n</annotation>
		<annotation source="BABELFY" anchor="weep" bfScore="1.0" coherenceScore="0.05475504322766571">bn:00086122v</annotation>
		<annotation source="MCS" anchor="porch" bfScore="--" coherenceScore="--">bn:00063608n</annotation>
		<annotation source="BABELFY" anchor="altar" bfScore="0.7806381075439817" coherenceScore="0.19020172910662825">bn:00003117n</annotation>
		<annotation source="BABELFY" anchor="Spare" bfScore="1.0" coherenceScore="0.002881844380403458">bn:00073121n</annotation>
		<annotation source="BABELFY" anchor="heritage" bfScore="0.7855361596009975" coherenceScore="0.12103746397694524">bn:00043823n</annotation>
		<annotation source="MCS" anchor="reproach" bfScore="--" coherenceScore="--">bn:00092847v</annotation>
		<annotation source="BABELFY" anchor="heathen" bfScore="0.7779960707269156" coherenceScore="0.12680115273775217">bn:00037763n</annotation>
		<annotation source="MCS" anchor="rule" bfScore="--" coherenceScore="--">bn:00088992v</annotation>
		<annotation source="MCS" anchor="rule over" bfScore="--" coherenceScore="--">bn:13768168v</annotation>
		<annotation source="BABELFY" anchor="jealous" bfScore="0.9660377358490566" coherenceScore="0.04610951008645533">bn:00100581a</annotation>
		<annotation source="MCS" anchor="pity" bfScore="--" coherenceScore="--">bn:00085458v</annotation>
		<annotation source="BABELFY" anchor="Yea" bfScore="1.0" coherenceScore="0.01440922190201729">bn:00117651r</annotation>
		<annotation source="MCS" anchor="answer" bfScore="--" coherenceScore="--">bn:00082646v</annotation>
		<annotation source="BABELFY" anchor="Behold" bfScore="0.9876543209876543" coherenceScore="0.023054755043227664">bn:03100643n</annotation>
		<annotation source="MCS" anchor="send" bfScore="--" coherenceScore="--">bn:00086868v</annotation>
		<annotation source="BABELFY" anchor="corn" bfScore="0.782967032967033" coherenceScore="0.1642651296829971">bn:00022678n</annotation>
		<annotation source="BABELFY" anchor="wine" bfScore="0.9390180494689148" coherenceScore="0.2478386167146974">bn:00080022n</annotation>
		<annotation source="MCS" anchor="oil" bfScore="--" coherenceScore="--">bn:00058732n</annotation>
		<annotation source="MCS" anchor="satisfied" bfScore="--" coherenceScore="--">bn:00088614v</annotation>
		<annotation source="BABELFY" anchor="therewith" bfScore="1.0" coherenceScore="0.005763688760806916">bn:00117270r</annotation>
		<annotation source="BABELFY" anchor="reproach" bfScore="0.995575221238938" coherenceScore="0.043227665706051875">bn:00067210n</annotation>
		<annotation source="BABELFY" anchor="heathen" bfScore="1.0" coherenceScore="0.05475504322766571">bn:00102421a</annotation>
		<annotation source="MCS" anchor="remove" bfScore="--" coherenceScore="--">bn:00092783v</annotation>
		<annotation source="MCS" anchor="northern" bfScore="--" coherenceScore="--">bn:00107612a</annotation>
		<annotation source="BABELFY" anchor="northern army" bfScore="1.0" coherenceScore="0.01729106628242075">bn:00517502n</annotation>
		<annotation source="MCS" anchor="drive" bfScore="--" coherenceScore="--">bn:00087327v</annotation>
		<annotation source="MCS" anchor="barren" bfScore="--" coherenceScore="--">bn:00098055a</annotation>
		<annotation source="BABELFY" anchor="east" bfScore="1.0" coherenceScore="0.06051873198847262">bn:00101959a</annotation>
		<annotation source="MCS" anchor="sea" bfScore="--" coherenceScore="--">bn:00069946n</annotation>
		<annotation source="BABELFY" anchor="hinder" bfScore="1.0" coherenceScore="0.037463976945244955">bn:00097939a</annotation>
		<annotation source="BABELFY" anchor="utmost" bfScore="0.9399477806788512" coherenceScore="0.05763688760806916">bn:00102658a</annotation>
		<annotation source="BABELFY" anchor="stink" bfScore="0.9986684420772304" coherenceScore="0.07204610951008646">bn:00034177n</annotation>
		<annotation source="MCS" anchor="ill" bfScore="--" coherenceScore="--">bn:00104538a</annotation>
		<annotation source="BABELFY" anchor="savour" bfScore="0.8508371385083714" coherenceScore="0.07492795389048991">bn:00035137n</annotation>
		<annotation source="BABELFY" anchor="things" bfScore="0.9552941176470588" coherenceScore="0.2017291066282421">bn:00006125n</annotation>
		<annotation source="BABELFY" anchor="Fear" bfScore="0.894613142803422" coherenceScore="0.22478386167146974">bn:00033854n</annotation>
		<annotation source="MCS" anchor="glad" bfScore="--" coherenceScore="--">bn:00103601a</annotation>
		<annotation source="BABELFY" anchor="rejoice" bfScore="0.9105431309904153" coherenceScore="0.043227665706051875">bn:00089996v</annotation>
		<annotation source="MCS" anchor="afraid" bfScore="--" coherenceScore="--">bn:00096625a</annotation>
		<annotation source="BABELFY" anchor="beasts" bfScore="0.9770378585471593" coherenceScore="0.6311239193083573">bn:00004222n</annotation>
		<annotation source="MCS" anchor="field" bfScore="--" coherenceScore="--">bn:00034265n</annotation>
		<annotation source="MCS" anchor="pastures" bfScore="--" coherenceScore="--">bn:00041543n</annotation>
		<annotation source="MCS" anchor="spring" bfScore="--" coherenceScore="--">bn:00073636n</annotation>
		<annotation source="BABELFY" anchor="tree" bfScore="0.9189764701707066" coherenceScore="0.34870317002881845">bn:00078131n</annotation>
		<annotation source="BABELFY" anchor="fruit" bfScore="0.7426436244745446" coherenceScore="0.1729106628242075">bn:00036686n</annotation>
		<annotation source="BABELFY" anchor="fig" bfScore="0.8211994421199442" coherenceScore="0.13256484149855907">bn:00021090n</annotation>
		<annotation source="BABELFY" anchor="fig tree" bfScore="1.0" coherenceScore="0.09510086455331412">bn:00034375n</annotation>
		<annotation source="MCS" anchor="vine" bfScore="--" coherenceScore="--">bn:00080013n</annotation>
		<annotation source="BABELFY" anchor="yield" bfScore="0.8145285935085008" coherenceScore="0.0893371757925072">bn:00087459v</annotation>
		<annotation source="MCS" anchor="strength" bfScore="--" coherenceScore="--">bn:00074615n</annotation>
		<annotation source="BABELFY" anchor="children of Zion" bfScore="1.0" coherenceScore="0.05187319884726225">bn:00414168n</annotation>
		<annotation source="BABELFY" anchor="rejoice in the LORD" bfScore="1.0" coherenceScore="0.005763688760806916">bn:01417856n</annotation>
		<annotation source="BABELFY" anchor="rain" bfScore="0.8213006815293982" coherenceScore="0.25936599423631124">bn:00066032n</annotation>
		<annotation source="BABELFY" anchor="moderately" bfScore="0.7954545454545454" coherenceScore="0.01440922190201729">bn:00115313r</annotation>
		<annotation source="BABELFY" anchor="latter rain" bfScore="0.9463220675944334" coherenceScore="0.09798270893371758">bn:03804852n</annotation>
		<annotation source="BABELFY" anchor="month" bfScore="0.9306107697867727" coherenceScore="0.1440922190201729">bn:00014710n</annotation>
		<annotation source="MCS" anchor="floors" bfScore="--" coherenceScore="--">bn:00035304n</annotation>
		<annotation source="MCS" anchor="full" bfScore="--" coherenceScore="--">bn:00103391a</annotation>
		<annotation source="BABELFY" anchor="wheat" bfScore="0.8763529861199542" coherenceScore="0.1786743515850144">bn:00080959n</annotation>
		<annotation source="MCS" anchor="fats" bfScore="--" coherenceScore="--">bn:00033761n</annotation>
		<annotation source="BABELFY" anchor="overflow" bfScore="0.8663366336633663" coherenceScore="0.06051873198847262">bn:00084056v</annotation>
		<annotation source="BABELFY" anchor="restore" bfScore="0.8009708737864077" coherenceScore="0.03170028818443804">bn:00092614v</annotation>
		<annotation source="BABELFY" anchor="locust" bfScore="0.7877813504823151" coherenceScore="0.08069164265129683">bn:00051807n</annotation>
		<annotation source="MCS" anchor="eaten" bfScore="--" coherenceScore="--">bn:00087460v</annotation>
		<annotation source="BABELFY" anchor="cankerworm" bfScore="1.0" coherenceScore="0.01440922190201729">bn:00015281n</annotation>
		<annotation source="BABELFY" anchor="caterpiller" bfScore="1.0" coherenceScore="0.069164265129683">bn:00016739n</annotation>
		<annotation source="BABELFY" anchor="palmerworm" bfScore="1.0" coherenceScore="0.011527377521613832">bn:01994907n</annotation>
		<annotation source="MCS" anchor="sent" bfScore="--" coherenceScore="--">bn:00086868v</annotation>
		<annotation source="MCS" anchor="eat" bfScore="--" coherenceScore="--">bn:00087460v</annotation>
		<annotation source="BABELFY" anchor="eat in" bfScore="1.0" coherenceScore="0.023054755043227664">bn:00086845v</annotation>
		<annotation source="MCS" anchor="plenty" bfScore="--" coherenceScore="--">bn:00063002n</annotation>
		<annotation source="BABELFY" anchor="praise" bfScore="1.0" coherenceScore="0.005763688760806916">bn:00091913v</annotation>
		<annotation source="BABELFY" anchor="dealt" bfScore="0.746268656716418" coherenceScore="0.05763688760806916">bn:00086332v</annotation>
		<annotation source="BABELFY" anchor="wondrously" bfScore="1.0" coherenceScore="0.005763688760806916">bn:00116199r</annotation>
		<annotation source="BABELFY" anchor="ashamed" bfScore="1.0" coherenceScore="0.043227665706051875">bn:00097581a</annotation>
		<annotation source="BABELFY" anchor="midst" bfScore="1.0" coherenceScore="0.043227665706051875">bn:00054889n</annotation>
		<annotation source="BABELFY" anchor="Israel" bfScore="0.9676501344487601" coherenceScore="0.6253602305475504">bn:00047679n</annotation>
		<annotation source="MCS" anchor="pass" bfScore="--" coherenceScore="--">bn:00088932v</annotation>
		<annotation source="BABELFY" anchor="afterward" bfScore="1.0" coherenceScore="0.040345821325648415">bn:00114165r</annotation>
		<annotation source="MCS" anchor="pour" bfScore="--" coherenceScore="--">bn:00091897v</annotation>
		<annotation source="MCS" anchor="pour out" bfScore="--" coherenceScore="--">bn:00091903v</annotation>
		<annotation source="BABELFY" anchor="spirit" bfScore="0.7503552818569399" coherenceScore="0.25360230547550433">bn:00027551n</annotation>
		<annotation source="MCS" anchor="flesh" bfScore="--" coherenceScore="--">bn:00035182n</annotation>
		<annotation source="BABELFY" anchor="sons" bfScore="0.9303942912433478" coherenceScore="0.24495677233429394">bn:00051877n</annotation>
		<annotation source="BABELFY" anchor="daughters" bfScore="0.9213197969543148" coherenceScore="0.09510086455331412">bn:00025364n</annotation>
		<annotation source="BABELFY" anchor="prophesy" bfScore="0.845625" coherenceScore="0.09510086455331412">bn:00091922v</annotation>
		<annotation source="MCS" anchor="old" bfScore="--" coherenceScore="--">bn:00107786a</annotation>
		<annotation source="MCS" anchor="old men" bfScore="--" coherenceScore="--">bn:00041536n</annotation>
		<annotation source="BABELFY" anchor="dream" bfScore="0.7253218884120172" coherenceScore="0.037463976945244955">bn:00087285v</annotation>
		<annotation source="MCS" anchor="dreams" bfScore="--" coherenceScore="--">bn:00028658n</annotation>
		<annotation source="MCS" anchor="young" bfScore="--" coherenceScore="--">bn:00104589a</annotation>
		<annotation source="BABELFY" anchor="young men" bfScore="0.7104959630911188" coherenceScore="0.06340057636887608">bn:00009419n</annotation>
		<annotation source="MCS" anchor="visions" bfScore="--" coherenceScore="--">bn:00080106n</annotation>
		<annotation source="MCS" anchor="servants" bfScore="--" coherenceScore="--">bn:00067423n</annotation>
		<annotation source="BABELFY" anchor="handmaids" bfScore="1.0" coherenceScore="0.025936599423631124">bn:00042827n</annotation>
		<annotation source="MCS" anchor="days" bfScore="--" coherenceScore="--">bn:00000086n</annotation>
		<annotation source="BABELFY" anchor="shew" bfScore="1.0" coherenceScore="0.005763688760806916">bn:00086567v</annotation>
		<annotation source="MCS" anchor="wonders" bfScore="--" coherenceScore="--">bn:00001454n</annotation>
		<annotation source="BABELFY" anchor="blood" bfScore="0.7935434419946796" coherenceScore="0.2881844380403458">bn:00011346n</annotation>
		<annotation source="MCS" anchor="pillars" bfScore="--" coherenceScore="--">bn:00062404n</annotation>
		<annotation source="MCS" anchor="smoke" bfScore="--" coherenceScore="--">bn:00036806n</annotation>
		<annotation source="MCS" anchor="turned" bfScore="--" coherenceScore="--">bn:00095233v</annotation>
		<annotation source="MCS" anchor="turned into" bfScore="--" coherenceScore="--">bn:13672054v</annotation>
		<annotation source="BABELFY" anchor="whosoever" bfScore="1.0" coherenceScore="0.01729106628242075">bn:03288509n</annotation>
		<annotation source="MCS" anchor="call on" bfScore="--" coherenceScore="--">bn:00084426v</annotation>
		<annotation source="MCS" anchor="delivered" bfScore="--" coherenceScore="--">bn:00086530v</annotation>
		<annotation source="BABELFY" anchor="mount" bfScore="0.8937446443873179" coherenceScore="0.2219020172910663">bn:00056068n</annotation>
		<annotation source="BABELFY" anchor="Jerusalem" bfScore="0.9581380313560692" coherenceScore="0.29971181556195964">bn:00015555n</annotation>
		<annotation source="BABELFY" anchor="deliverance" bfScore="0.7734375" coherenceScore="0.09510086455331412">bn:00026061n</annotation>
		<annotation source="MCS" anchor="remnant" bfScore="--" coherenceScore="--">bn:13779785a</annotation>
	</annotations>
</paragraph>
<paragraph id="p.3">
	<text>
		For , behold , in those days , and in that time , when I shall bring again the captivity of Judah and Jerusalem ,
		I will also gather all nations , and will bring them down into the valley of Jehoshaphat , and will plead with them there for my people and for my heritage Israel , whom they have scattered among the nations , and parted my land .
		And they have cast lots for my people ; and have given a boy for an harlot , and sold a girl for wine , that they might drink .
		Yea , and what have ye to do with me , O Tyre , and Zidon , and all the coasts of Palestine ? will ye render me a recompence ? and if ye recompence me , swiftly and speedily will I return your recompence upon your own head ;
		Because ye have taken my silver and my gold , and have carried into your temples my goodly pleasant things :
		The children also of Judah and the children of Jerusalem have ye sold unto the Grecians , that ye might remove them far from their border .
		Behold , I will raise them out of the place whither ye have sold them , and will return your recompence upon your own head :
		And I will sell your sons and your daughters into the hand of the children of Judah , and they shall sell them to the Sabeans , to a people far off : for the LORD hath spoken it .
		Proclaim ye this among the Gentiles ; Prepare war , wake up the mighty men , let all the men of war draw near ; let them come up :
		Beat your plowshares into swords , and your pruninghooks into spears : let the weak say , I am strong .
		Assemble yourselves , and come , all ye heathen , and gather yourselves together round about : thither cause thy mighty ones to come down , O LORD .
		Let the heathen be wakened , and come up to the valley of Jehoshaphat : for there will I sit to judge all the heathen round about .
		Put ye in the sickle , for the harvest is ripe : come , get you down ; for the press is full , the fats overflow ; for their wickedness is great .
		Multitudes , multitudes in the valley of decision : for the day of the LORD is near in the valley of decision .
		The sun and the moon shall be darkened , and the stars shall withdraw their shining .
		The LORD also shall roar out of Zion , and utter his voice from Jerusalem ; and the heavens and the earth shall shake : but the LORD will be the hope of his people , and the strength of the children of Israel .
		So shall ye know that I am the LORD your God dwelling in Zion , my holy mountain : then shall Jerusalem be holy , and there shall no strangers pass through her any more .
		And it shall come to pass in that day , that the mountains shall drop down new wine , and the hills shall flow with milk , and all the rivers of Judah shall flow with waters , and a fountain shall come forth of the house of the LORD , and shall water the valley of Shittim .
		Egypt shall be a desolation , and Edom shall be a desolate wilderness , for the violence against the children of Judah , because they have shed innocent blood in their land .
		But Judah shall dwell for ever , and Jerusalem from generation to generation .
		For I will cleanse their blood that I have not cleansed : for the LORD dwelleth in Zion .
	</text>
	<annotations>
		<annotation source="MCS" anchor="behold" bfScore="--" coherenceScore="--">bn:00083356v</annotation>
		<annotation source="MCS" anchor="days" bfScore="--" coherenceScore="--">bn:00000086n</annotation>
		<annotation source="BABELFY" anchor="time" bfScore="0.8077732053040695" coherenceScore="0.35096153846153844">bn:00077270n</annotation>
		<annotation source="MCS" anchor="bring" bfScore="--" coherenceScore="--">bn:00084058v</annotation>
		<annotation source="BABELFY" anchor="captivity" bfScore="0.7433198380566801" coherenceScore="0.12980769230769232">bn:00015771n</annotation>
		<annotation source="BABELFY" anchor="Jerusalem" bfScore="0.8401220381963705" coherenceScore="0.4375">bn:00015555n</annotation>
		<annotation source="MCS" anchor="gather" bfScore="--" coherenceScore="--">bn:00085289v</annotation>
		<annotation source="BABELFY" anchor="nations" bfScore="0.8739800543970988" coherenceScore="0.7403846153846154">bn:00023236n</annotation>
		<annotation source="BABELFY" anchor="valley" bfScore="0.7349853002939941" coherenceScore="0.16826923076923078">bn:00079476n</annotation>
		<annotation source="BABELFY" anchor="valley of Jehoshaphat" bfScore="1.0" coherenceScore="0.15865384615384615">bn:03576729n</annotation>
		<annotation source="BABELFY" anchor="Jehoshaphat" bfScore="0.7228915662650602" coherenceScore="0.14423076923076922">bn:00851636n</annotation>
		<annotation source="MCS" anchor="plead" bfScore="--" coherenceScore="--">bn:00091741v</annotation>
		<annotation source="BABELFY" anchor="people" bfScore="0.8399820204517362" coherenceScore="0.3125">bn:00061450n</annotation>
		<annotation source="BABELFY" anchor="heritage" bfScore="0.7868705035971223" coherenceScore="0.16826923076923078">bn:00043823n</annotation>
		<annotation source="BABELFY" anchor="Israel" bfScore="0.8852778174361104" coherenceScore="0.7067307692307693">bn:00047679n</annotation>
		<annotation source="MCS" anchor="scattered" bfScore="--" coherenceScore="--">bn:00083993v</annotation>
		<annotation source="BABELFY" anchor="land" bfScore="0.8572486662268977" coherenceScore="0.7403846153846154">bn:00023236n</annotation>
		<annotation source="MCS" anchor="cast" bfScore="--" coherenceScore="--">bn:00084624v</annotation>
		<annotation source="BABELFY" anchor="cast lots" bfScore="1.0" coherenceScore="0.11538461538461539">bn:03285056n</annotation>
		<annotation source="BABELFY" anchor="lots" bfScore="0.9147982062780269" coherenceScore="0.24519230769230768">bn:00052062n</annotation>
		<annotation source="MCS" anchor="boy" bfScore="--" coherenceScore="--">bn:00012569n</annotation>
		<annotation source="MCS" anchor="harlot" bfScore="--" coherenceScore="--">bn:00009205n</annotation>
		<annotation source="MCS" anchor="sold" bfScore="--" coherenceScore="--">bn:00093472v</annotation>
		<annotation source="MCS" anchor="girl" bfScore="--" coherenceScore="--">bn:00034453n</annotation>
		<annotation source="BABELFY" anchor="wine" bfScore="0.9592830272184112" coherenceScore="0.24519230769230768">bn:00080022n</annotation>
		<annotation source="MCS" anchor="drink" bfScore="--" coherenceScore="--">bn:00087321v</annotation>
		<annotation source="BABELFY" anchor="Yea" bfScore="1.0" coherenceScore="0.009615384615384616">bn:00117651r</annotation>
		<annotation source="BABELFY" anchor="Tyre" bfScore="0.8314151747655584" coherenceScore="0.22596153846153846">bn:02428700n</annotation>
		<annotation source="BABELFY" anchor="Zidon" bfScore="1.0" coherenceScore="0.15384615384615385">bn:00068839n</annotation>
		<annotation source="BABELFY" anchor="coasts" bfScore="0.7805325987144169" coherenceScore="0.1201923076923077">bn:00020164n</annotation>
		<annotation source="BABELFY" anchor="Palestine" bfScore="0.8114543114543115" coherenceScore="0.46634615384615385">bn:00015109n</annotation>
		<annotation source="MCS" anchor="render" bfScore="--" coherenceScore="--">bn:00092789v</annotation>
		<annotation source="BABELFY" anchor="swiftly" bfScore="1.0" coherenceScore="0.014423076923076924">bn:00115392r</annotation>
		<annotation source="MCS" anchor="speedily" bfScore="--" coherenceScore="--">bn:00114307r</annotation>
		<annotation source="MCS" anchor="return" bfScore="--" coherenceScore="--">bn:00092969v</annotation>
		<annotation source="BABELFY" anchor="head" bfScore="0.8240912330719886" coherenceScore="0.3942307692307692">bn:00012681n</annotation>
		<annotation source="BABELFY" anchor="silver" bfScore="0.8941517641372644" coherenceScore="0.2403846153846154">bn:00001887n</annotation>
		<annotation source="BABELFY" anchor="gold" bfScore="0.7387646213831316" coherenceScore="0.23076923076923078">bn:00006911n</annotation>
		<annotation source="MCS" anchor="carried" bfScore="--" coherenceScore="--">bn:00084554v</annotation>
		<annotation source="MCS" anchor="temples" bfScore="--" coherenceScore="--">bn:00076465n</annotation>
		<annotation source="BABELFY" anchor="goodly" bfScore="1.0" coherenceScore="0.009615384615384616">bn:00103691a</annotation>
		<annotation source="MCS" anchor="pleasant" bfScore="--" coherenceScore="--">bn:00108680a</annotation>
		<annotation source="BABELFY" anchor="things" bfScore="0.934351145038168" coherenceScore="0.17307692307692307">bn:00006125n</annotation>
		<annotation source="BABELFY" anchor="children" bfScore="0.8279719501335708" coherenceScore="0.4182692307692308">bn:00018346n</annotation>
		<annotation source="BABELFY" anchor="Grecians" bfScore="0.8539039441910383" coherenceScore="0.32211538461538464">bn:00041635n</annotation>
		<annotation source="MCS" anchor="remove" bfScore="--" coherenceScore="--">bn:00092783v</annotation>
		<annotation source="BABELFY" anchor="border" bfScore="0.9236420886906324" coherenceScore="0.21153846153846154">bn:00012212n</annotation>
		<annotation source="MCS" anchor="Behold" bfScore="--" coherenceScore="--">bn:00083356v</annotation>
		<annotation source="MCS" anchor="raise" bfScore="--" coherenceScore="--">bn:00092332v</annotation>
		<annotation source="MCS" anchor="place" bfScore="--" coherenceScore="--">bn:00062699n</annotation>
		<annotation source="MCS" anchor="sell" bfScore="--" coherenceScore="--">bn:00093472v</annotation>
		<annotation source="BABELFY" anchor="sons" bfScore="0.8984789529536611" coherenceScore="0.28846153846153844">bn:00051877n</annotation>
		<annotation source="BABELFY" anchor="daughters" bfScore="0.8889695210449927" coherenceScore="0.1201923076923077">bn:00025364n</annotation>
		<annotation source="MCS" anchor="hand" bfScore="--" coherenceScore="--">bn:00042759n</annotation>
		<annotation source="BABELFY" anchor="Sabeans" bfScore="1.0" coherenceScore="0.17307692307692307">bn:02632288n</annotation>
		<annotation source="MCS" anchor="spoken" bfScore="--" coherenceScore="--">bn:00090943v</annotation>
		<annotation source="MCS" anchor="Proclaim" bfScore="--" coherenceScore="--">bn:00092037v</annotation>
		<annotation source="MCS" anchor="Gentiles" bfScore="--" coherenceScore="--">bn:00037763n</annotation>
		<annotation source="MCS" anchor="Prepare" bfScore="--" coherenceScore="--">bn:02681203n</annotation>
		<annotation source="BABELFY" anchor="war" bfScore="0.9502663020008637" coherenceScore="0.3894230769230769">bn:00080439n</annotation>
		<annotation source="MCS" anchor="wake" bfScore="--" coherenceScore="--">bn:00001873n</annotation>
		<annotation source="BABELFY" anchor="mighty" bfScore="1.0" coherenceScore="0.03365384615384615">bn:00106713a</annotation>
		<annotation source="BABELFY" anchor="men" bfScore="0.7207331476899468" coherenceScore="0.8461538461538461">bn:00044576n</annotation>
		<annotation source="BABELFY" anchor="men of war" bfScore="0.8" coherenceScore="0.009615384615384616">bn:01215496n</annotation>
		<annotation source="MCS" anchor="draw" bfScore="--" coherenceScore="--">bn:00028624n</annotation>
		<annotation source="MCS" anchor="Beat" bfScore="--" coherenceScore="--">bn:00083247v</annotation>
		<annotation source="BABELFY" anchor="plowshares" bfScore="1.0" coherenceScore="0.052884615384615384">bn:00709647n</annotation>
		<annotation source="BABELFY" anchor="swords" bfScore="0.8699885452462772" coherenceScore="0.14903846153846154">bn:00011081n</annotation>
		<annotation source="MCS" anchor="spears" bfScore="--" coherenceScore="--">bn:00049823n</annotation>
		<annotation source="MCS" anchor="weak" bfScore="--" coherenceScore="--">bn:00113737a</annotation>
		<annotation source="MCS" anchor="strong" bfScore="--" coherenceScore="--">bn:00111312a</annotation>
		<annotation source="MCS" anchor="Assemble" bfScore="--" coherenceScore="--">bn:00082845v</annotation>
		<annotation source="BABELFY" anchor="heathen" bfScore="0.7713202779532533" coherenceScore="0.15865384615384615">bn:00037763n</annotation>
		<annotation source="MCS" anchor="round" bfScore="--" coherenceScore="--">bn:00093134v</annotation>
		<annotation source="MCS" anchor="ones" bfScore="--" coherenceScore="--">bn:00000005n</annotation>
		<annotation source="BABELFY" anchor="wakened" bfScore="1.0" coherenceScore="0.02403846153846154">bn:00082769v</annotation>
		<annotation source="MCS" anchor="sit" bfScore="--" coherenceScore="--">bn:00093776v</annotation>
		<annotation source="MCS" anchor="judge" bfScore="--" coherenceScore="--">bn:00090000v</annotation>
		<annotation source="BABELFY" anchor="heathen" bfScore="1.0" coherenceScore="0.07211538461538461">bn:00102421a</annotation>
		<annotation source="MCS" anchor="round" bfScore="--" coherenceScore="--">bn:00059000n</annotation>
		<annotation source="BABELFY" anchor="round about" bfScore="0.9900990099009901" coherenceScore="0.04807692307692308">bn:00019172n</annotation>
		<annotation source="BABELFY" anchor="sickle" bfScore="1.0" coherenceScore="0.14423076923076922">bn:00066430n</annotation>
		<annotation source="MCS" anchor="harvest" bfScore="--" coherenceScore="--">bn:00023931n</annotation>
		<annotation source="BABELFY" anchor="ripe" bfScore="0.8421052631578947" coherenceScore="0.028846153846153848">bn:00109885a</annotation>
		<annotation source="MCS" anchor="press" bfScore="--" coherenceScore="--">bn:00046094n</annotation>
		<annotation source="MCS" anchor="full" bfScore="--" coherenceScore="--">bn:00103391a</annotation>
		<annotation source="MCS" anchor="fats" bfScore="--" coherenceScore="--">bn:00033761n</annotation>
		<annotation source="BABELFY" anchor="overflow" bfScore="0.9174311926605505" coherenceScore="0.1201923076923077">bn:00059872n</annotation>
		<annotation source="BABELFY" anchor="wickedness" bfScore="0.9420289855072463" coherenceScore="0.3269230769230769">bn:00071707n</annotation>
		<annotation source="MCS" anchor="great" bfScore="--" coherenceScore="--">bn:00103779a</annotation>
		<annotation source="MCS" anchor="Multitudes" bfScore="--" coherenceScore="--">bn:00009055n</annotation>
		<annotation source="MCS" anchor="multitudes" bfScore="--" coherenceScore="--">bn:00009055n</annotation>
		<annotation source="BABELFY" anchor="valley of decision" bfScore="0.889686684073107" coherenceScore="0.13942307692307693">bn:00381052n</annotation>
		<annotation source="MCS" anchor="decision" bfScore="--" coherenceScore="--">bn:00021590n</annotation>
		<annotation source="MCS" anchor="day" bfScore="--" coherenceScore="--">bn:00000086n</annotation>
		<annotation source="BABELFY" anchor="day of the LORD" bfScore="1.0" coherenceScore="0.15865384615384615">bn:01057217n</annotation>
		<annotation source="MCS" anchor="near" bfScore="--" coherenceScore="--">bn:00099859a</annotation>
		<annotation source="BABELFY" anchor="sun" bfScore="0.7072513812154696" coherenceScore="0.3701923076923077">bn:00075170n</annotation>
		<annotation source="BABELFY" anchor="moon" bfScore="0.8547992516908908" coherenceScore="0.2644230769230769">bn:00055809n</annotation>
		<annotation source="BABELFY" anchor="darkened" bfScore="1.0" coherenceScore="0.009615384615384616">bn:00086284v</annotation>
		<annotation source="MCS" anchor="stars" bfScore="--" coherenceScore="--">bn:00073964n</annotation>
		<annotation source="MCS" anchor="withdraw" bfScore="--" coherenceScore="--">bn:00087267v</annotation>
		<annotation source="MCS" anchor="shining" bfScore="--" coherenceScore="--">bn:00092637v</annotation>
		<annotation source="MCS" anchor="roar" bfScore="--" coherenceScore="--">bn:00089498v</annotation>
		<annotation source="BABELFY" anchor="Zion" bfScore="0.9620853080568721" coherenceScore="0.7067307692307693">bn:00047679n</annotation>
		<annotation source="BABELFY" anchor="utter" bfScore="0.75" coherenceScore="0.057692307692307696">bn:00090943v</annotation>
		<annotation source="BABELFY" anchor="voice" bfScore="0.8207547169811321" coherenceScore="0.27403846153846156">bn:00072794n</annotation>
		<annotation source="MCS" anchor="heavens" bfScore="--" coherenceScore="--">bn:00029734n</annotation>
		<annotation source="BABELFY" anchor="earth" bfScore="0.9620612505112228" coherenceScore="0.6201923076923077">bn:00029424n</annotation>
		<annotation source="BABELFY" anchor="shake" bfScore="0.7088607594936709" coherenceScore="0.057692307692307696">bn:00093562v</annotation>
		<annotation source="MCS" anchor="hope" bfScore="--" coherenceScore="--">bn:00044736n</annotation>
		<annotation source="MCS" anchor="strength" bfScore="--" coherenceScore="--">bn:00074615n</annotation>
		<annotation source="BABELFY" anchor="children of Israel" bfScore="1.0" coherenceScore="0.3076923076923077">bn:00043496n</annotation>
		<annotation source="BABELFY" anchor="God" bfScore="0.8018477768934251" coherenceScore="0.6730769230769231">bn:00040878n</annotation>
		<annotation source="BABELFY" anchor="dwelling" bfScore="0.786916557240062" coherenceScore="0.3076923076923077">bn:00044994n</annotation>
		<annotation source="BABELFY" anchor="holy" bfScore="1.0" coherenceScore="0.08653846153846154">bn:00104250a</annotation>
		<annotation source="BABELFY" anchor="mountain" bfScore="0.8868594622019279" coherenceScore="0.22115384615384615">bn:00056068n</annotation>
		<annotation source="MCS" anchor="strangers" bfScore="--" coherenceScore="--">bn:00002726n</annotation>
		<annotation source="MCS" anchor="pass" bfScore="--" coherenceScore="--">bn:00088932v</annotation>
		<annotation source="BABELFY" anchor="pass through" bfScore="0.7991803278688525" coherenceScore="0.0625">bn:00090962v</annotation>
		<annotation source="BABELFY" anchor="mountains" bfScore="0.892519785550166" coherenceScore="0.22115384615384615">bn:00056068n</annotation>
		<annotation source="MCS" anchor="drop" bfScore="--" coherenceScore="--">bn:00087364v</annotation>
		<annotation source="BABELFY" anchor="drop down" bfScore="1.0" coherenceScore="0.019230769230769232">bn:00087367v</annotation>
		<annotation source="MCS" anchor="new" bfScore="--" coherenceScore="--">bn:00107267a</annotation>
		<annotation source="BABELFY" anchor="new wine" bfScore="0.978204010462075" coherenceScore="0.15865384615384615">bn:03202826n</annotation>
		<annotation source="MCS" anchor="hills" bfScore="--" coherenceScore="--">bn:00044141n</annotation>
		<annotation source="MCS" anchor="flow" bfScore="--" coherenceScore="--">bn:00088349v</annotation>
		<annotation source="BABELFY" anchor="milk" bfScore="0.8720548762302416" coherenceScore="0.20673076923076922">bn:00054996n</annotation>
		<annotation source="BABELFY" anchor="rivers" bfScore="0.9511677282377919" coherenceScore="0.2692307692307692">bn:00067948n</annotation>
		<annotation source="BABELFY" anchor="rivers of Judah" bfScore="1.0" coherenceScore="0.22115384615384615">bn:00048478n</annotation>
		<annotation source="BABELFY" anchor="waters" bfScore="0.9125716247260437" coherenceScore="0.5769230769230769">bn:00042379n</annotation>
		<annotation source="MCS" anchor="fountain" bfScore="--" coherenceScore="--">bn:00036076n</annotation>
		<annotation source="MCS" anchor="house" bfScore="--" coherenceScore="--">bn:00044994n</annotation>
		<annotation source="BABELFY" anchor="house of" bfScore="1.0" coherenceScore="0.14423076923076922">bn:00029305n</annotation>
		<annotation source="BABELFY" anchor="house of the LORD" bfScore="0.9850299401197605" coherenceScore="0.2692307692307692">bn:00076465n</annotation>
		<annotation source="BABELFY" anchor="water" bfScore="0.8656036446469249" coherenceScore="0.09134615384615384">bn:00089909v</annotation>
		<annotation source="MCS" anchor="Shittim" bfScore="--" coherenceScore="--">bn:00013857n</annotation>
		<annotation source="BABELFY" anchor="Egypt" bfScore="0.9482679154145388" coherenceScore="0.6490384615384616">bn:00005255n</annotation>
		<annotation source="BABELFY" anchor="desolation" bfScore="0.96" coherenceScore="0.08653846153846154">bn:00026574n</annotation>
		<annotation source="BABELFY" anchor="Edom" bfScore="0.9574468085106383" coherenceScore="0.21634615384615385">bn:01432049n</annotation>
		<annotation source="BABELFY" anchor="desolate" bfScore="0.75" coherenceScore="0.014423076923076924">bn:00098055a</annotation>
		<annotation source="MCS" anchor="wilderness" bfScore="--" coherenceScore="--">bn:00081212n</annotation>
		<annotation source="BABELFY" anchor="violence" bfScore="0.9226089895234877" coherenceScore="0.20192307692307693">bn:00035772n</annotation>
		<annotation source="MCS" anchor="shed" bfScore="--" coherenceScore="--">bn:00084631v</annotation>
		<annotation source="MCS" anchor="innocent" bfScore="--" coherenceScore="--">bn:00099796a</annotation>
		<annotation source="BABELFY" anchor="innocent blood" bfScore="1.0" coherenceScore="0.052884615384615384">bn:03271852n</annotation>
		<annotation source="MCS" anchor="blood" bfScore="--" coherenceScore="--">bn:00011346n</annotation>
		<annotation source="BABELFY" anchor="dwell" bfScore="0.9523809523809523" coherenceScore="0.09615384615384616">bn:00087441v</annotation>
		<annotation source="MCS" anchor="generation" bfScore="--" coherenceScore="--">bn:00020407n</annotation>
		<annotation source="MCS" anchor="cleanse" bfScore="--" coherenceScore="--">bn:00085062v</annotation>
		<annotation source="MCS" anchor="cleansed" bfScore="--" coherenceScore="--">bn:00085062v</annotation>
	</annotations>
</paragraph>
</dataset>
