<?xml version="1.0" encoding="utf-8"?>
<dataset language="EN" title="JON">
<paragraph id="p.1">
	<text>
		Now the word of the LORD came unto Jonah the son of Amittai , saying ,
		Arise , go to Nineveh , that great city , and cry against it ; for their wickedness is come up before me .
		But Jonah rose up to flee unto Tarshish from the presence of the LORD , and went down to Joppa ; and he found a ship going to Tarshish : so he paid the fare thereof , and went down into it , to go with them unto Tarshish from the presence of the LORD .
		But the LORD sent out a great wind into the sea , and there was a mighty tempest in the sea , so that the ship was like to be broken .
		Then the mariners were afraid , and cried every man unto his god , and cast forth the wares that were in the ship into the sea , to lighten it of them . But Jonah was gone down into the sides of the ship ; and he lay , and was fast asleep .
		So the shipmaster came to him , and said unto him , What meanest thou , O sleeper ? arise , call upon thy God , if so be that God will think upon us , that we perish not .
		And they said every one to his fellow , Come , and let us cast lots , that we may know for whose cause this evil is upon us . So they cast lots , and the lot fell upon Jonah .
		Then said they unto him , Tell us , we pray thee , for whose cause this evil is upon us ; What is thine occupation ? and whence comest thou ? what is thy country ? and of what people art thou ?
		And he said unto them , I am an Hebrew ; and I fear the LORD , the God of heaven , which hath made the sea and the dry land .
		Then were the men exceedingly afraid , and said unto him , Why hast thou done this ? For the men knew that he fled from the presence of the LORD , because he had told them .
		Then said they unto him , What shall we do unto thee , that the sea may be calm unto us ? for the sea wrought , and was tempestuous .
		And he said unto them , Take me up , and cast me forth into the sea ; so shall the sea be calm unto you : for I know that for my sake this great tempest is upon you .
		Nevertheless the men rowed hard to bring it to the land ; but they could not : for the sea wrought , and was tempestuous against them .
		Wherefore they cried unto the LORD , and said , We beseech thee , O LORD , we beseech thee , let us not perish for this man&amp;apos;s life , and lay not upon us innocent blood : for thou , O LORD , hast done as it pleased thee .
		So they took up Jonah , and cast him forth into the sea : and the sea ceased from her raging .
		Then the men feared the LORD exceedingly , and offered a sacrifice unto the LORD , and made vows .
		Now the LORD had prepared a great fish to swallow up Jonah . And Jonah was in the belly of the fish three days and three nights .
	</text>
	<annotations>
		<annotation source="MCS" anchor="word" bfScore="--" coherenceScore="--">bn:00081546n</annotation>
		<annotation source="BABELFY" anchor="son" bfScore="0.9026271390696553" coherenceScore="0.22727272727272727">bn:00051877n</annotation>
		<annotation source="BABELFY" anchor="Amittai" bfScore="1.0" coherenceScore="0.12337662337662338">bn:03409233n</annotation>
		<annotation source="MCS" anchor="saying" bfScore="--" coherenceScore="--">bn:00093287v</annotation>
		<annotation source="BABELFY" anchor="Nineveh" bfScore="1.0" coherenceScore="0.14935064935064934">bn:00057739n</annotation>
		<annotation source="MCS" anchor="great" bfScore="--" coherenceScore="--">bn:00103779a</annotation>
		<annotation source="BABELFY" anchor="city" bfScore="0.8131241084165478" coherenceScore="0.38961038961038963">bn:03335997n</annotation>
		<annotation source="MCS" anchor="cry" bfScore="--" coherenceScore="--">bn:00014793n</annotation>
		<annotation source="BABELFY" anchor="wickedness" bfScore="0.9130277004959477" coherenceScore="0.33116883116883117">bn:00071707n</annotation>
		<annotation source="MCS" anchor="rose" bfScore="--" coherenceScore="--">bn:00082761v</annotation>
		<annotation source="BABELFY" anchor="rose up" bfScore="0.8868458274398868" coherenceScore="0.12337662337662338">bn:00085391v</annotation>
		<annotation source="MCS" anchor="flee" bfScore="--" coherenceScore="--">bn:00088291v</annotation>
		<annotation source="BABELFY" anchor="Tarshish" bfScore="1.0" coherenceScore="0.11038961038961038">bn:03550818n</annotation>
		<annotation source="MCS" anchor="presence" bfScore="--" coherenceScore="--">bn:00064201n</annotation>
		<annotation source="BABELFY" anchor="Joppa" bfScore="0.9142857142857143" coherenceScore="0.15584415584415584">bn:00047880n</annotation>
		<annotation source="MCS" anchor="found" bfScore="--" coherenceScore="--">bn:00084231v</annotation>
		<annotation source="BABELFY" anchor="ship" bfScore="0.9988358556461001" coherenceScore="0.2857142857142857">bn:00071103n</annotation>
		<annotation source="BABELFY" anchor="paid" bfScore="0.7424242424242424" coherenceScore="0.09090909090909091">bn:00085465v</annotation>
		<annotation source="MCS" anchor="fare" bfScore="--" coherenceScore="--">bn:00033664n</annotation>
		<annotation source="MCS" anchor="sent" bfScore="--" coherenceScore="--">bn:00086868v</annotation>
		<annotation source="BABELFY" anchor="wind" bfScore="0.8244842746026378" coherenceScore="0.2987012987012987">bn:00002216n</annotation>
		<annotation source="MCS" anchor="sea" bfScore="--" coherenceScore="--">bn:00069946n</annotation>
		<annotation source="BABELFY" anchor="mighty" bfScore="1.0" coherenceScore="0.03896103896103896">bn:00106713a</annotation>
		<annotation source="BABELFY" anchor="tempest" bfScore="0.8150742037685509" coherenceScore="0.33766233766233766">bn:00074458n</annotation>
		<annotation source="BABELFY" anchor="like" bfScore="0.8" coherenceScore="0.025974025974025976">bn:00105977a</annotation>
		<annotation source="MCS" anchor="broken" bfScore="--" coherenceScore="--">bn:00083900v</annotation>
		<annotation source="BABELFY" anchor="mariners" bfScore="0.7815771109560363" coherenceScore="0.18181818181818182">bn:00040864n</annotation>
		<annotation source="MCS" anchor="afraid" bfScore="--" coherenceScore="--">bn:00096625a</annotation>
		<annotation source="MCS" anchor="cried" bfScore="--" coherenceScore="--">bn:00084388v</annotation>
		<annotation source="BABELFY" anchor="man" bfScore="0.7252986961479352" coherenceScore="0.8636363636363636">bn:00044576n</annotation>
		<annotation source="MCS" anchor="cast" bfScore="--" coherenceScore="--">bn:00084624v</annotation>
		<annotation source="BABELFY" anchor="wares" bfScore="0.8302583025830258" coherenceScore="0.09740259740259741">bn:00054416n</annotation>
		<annotation source="BABELFY" anchor="lighten" bfScore="0.7352941176470589" coherenceScore="0.032467532467532464">bn:00090358v</annotation>
		<annotation source="MCS" anchor="sides" bfScore="--" coherenceScore="--">bn:00071431n</annotation>
		<annotation source="MCS" anchor="lay" bfScore="--" coherenceScore="--">bn:00090321v</annotation>
		<annotation source="BABELFY" anchor="fast" bfScore="1.0" coherenceScore="0.006493506493506494">bn:00115336r</annotation>
		<annotation source="BABELFY" anchor="fast asleep" bfScore="1.0" coherenceScore="0.006493506493506494">bn:00102815a</annotation>
		<annotation source="MCS" anchor="asleep" bfScore="--" coherenceScore="--">bn:00097589a</annotation>
		<annotation source="BABELFY" anchor="shipmaster" bfScore="1.0" coherenceScore="0.22727272727272727">bn:00015752n</annotation>
		<annotation source="MCS" anchor="meanest" bfScore="--" coherenceScore="--">bn:00097854a</annotation>
		<annotation source="MCS" anchor="sleeper" bfScore="--" coherenceScore="--">bn:00072107n</annotation>
		<annotation source="MCS" anchor="arise" bfScore="--" coherenceScore="--">bn:00082757v</annotation>
		<annotation source="MCS" anchor="call" bfScore="--" coherenceScore="--">bn:00084385v</annotation>
		<annotation source="MCS" anchor="think" bfScore="--" coherenceScore="--">bn:00083370v</annotation>
		<annotation source="BABELFY" anchor="perish" bfScore="1.0" coherenceScore="0.09090909090909091">bn:00084343v</annotation>
		<annotation source="MCS" anchor="fellow" bfScore="--" coherenceScore="--">bn:00011241n</annotation>
		<annotation source="BABELFY" anchor="cast lots" bfScore="1.0" coherenceScore="0.07792207792207792">bn:03285056n</annotation>
		<annotation source="MCS" anchor="lots" bfScore="--" coherenceScore="--">bn:00008985n</annotation>
		<annotation source="BABELFY" anchor="evil" bfScore="0.8444444444444444" coherenceScore="0.24675324675324675">bn:00032050n</annotation>
		<annotation source="MCS" anchor="fell" bfScore="--" coherenceScore="--">bn:00087976v</annotation>
		<annotation source="MCS" anchor="Tell" bfScore="--" coherenceScore="--">bn:00093287v</annotation>
		<annotation source="BABELFY" anchor="pray" bfScore="0.974025974025974" coherenceScore="0.09740259740259741">bn:00091921v</annotation>
		<annotation source="MCS" anchor="occupation" bfScore="--" coherenceScore="--">bn:00014138n</annotation>
		<annotation source="BABELFY" anchor="country" bfScore="0.8298904257230106" coherenceScore="0.6818181818181818">bn:00023236n</annotation>
		<annotation source="BABELFY" anchor="people" bfScore="0.8261877172653534" coherenceScore="0.2012987012987013">bn:00061450n</annotation>
		<annotation source="MCS" anchor="Hebrew" bfScore="--" coherenceScore="--">bn:00104079a</annotation>
		<annotation source="MCS" anchor="fear" bfScore="--" coherenceScore="--">bn:00088065v</annotation>
		<annotation source="MCS" anchor="heaven" bfScore="--" coherenceScore="--">bn:00029734n</annotation>
		<annotation source="MCS" anchor="dry" bfScore="--" coherenceScore="--">bn:00101839a</annotation>
		<annotation source="BABELFY" anchor="dry land" bfScore="1.0" coherenceScore="0.18831168831168832">bn:00028934n</annotation>
		<annotation source="BABELFY" anchor="land" bfScore="0.8018513161700896" coherenceScore="0.6818181818181818">bn:00023236n</annotation>
		<annotation source="BABELFY" anchor="men" bfScore="0.7252986961479352" coherenceScore="0.8636363636363636">bn:00044576n</annotation>
		<annotation source="MCS" anchor="exceedingly" bfScore="--" coherenceScore="--">bn:00115271r</annotation>
		<annotation source="MCS" anchor="knew" bfScore="--" coherenceScore="--">bn:00085261v</annotation>
		<annotation source="MCS" anchor="fled" bfScore="--" coherenceScore="--">bn:00088291v</annotation>
		<annotation source="MCS" anchor="told" bfScore="--" coherenceScore="--">bn:00093287v</annotation>
		<annotation source="BABELFY" anchor="calm" bfScore="0.7331536388140162" coherenceScore="0.11038961038961038">bn:00099146a</annotation>
		<annotation source="BABELFY" anchor="wrought" bfScore="1.0" coherenceScore="0.006493506493506494">bn:00106852a</annotation>
		<annotation source="MCS" anchor="tempestuous" bfScore="--" coherenceScore="--">bn:00111257a</annotation>
		<annotation source="BABELFY" anchor="sake" bfScore="0.9969135802469136" coherenceScore="0.11038961038961038">bn:00067720n</annotation>
		<annotation source="BABELFY" anchor="rowed" bfScore="1.0" coherenceScore="0.1038961038961039">bn:00093143v</annotation>
		<annotation source="MCS" anchor="bring" bfScore="--" coherenceScore="--">bn:00084058v</annotation>
		<annotation source="MCS" anchor="bring it" bfScore="--" coherenceScore="--">bn:13726649v</annotation>
		<annotation source="BABELFY" anchor="beseech" bfScore="1.0" coherenceScore="0.045454545454545456">bn:00082355v</annotation>
		<annotation source="MCS" anchor="life" bfScore="--" coherenceScore="--">bn:00051045n</annotation>
		<annotation source="MCS" anchor="innocent" bfScore="--" coherenceScore="--">bn:00099796a</annotation>
		<annotation source="BABELFY" anchor="innocent blood" bfScore="1.0" coherenceScore="0.07792207792207792">bn:03271852n</annotation>
		<annotation source="BABELFY" anchor="blood" bfScore="0.7761495704901465" coherenceScore="0.3116883116883117">bn:00011346n</annotation>
		<annotation source="BABELFY" anchor="ceased" bfScore="0.8" coherenceScore="0.025974025974025976">bn:00084710v</annotation>
		<annotation source="MCS" anchor="raging" bfScore="--" coherenceScore="--">bn:00092315v</annotation>
		<annotation source="MCS" anchor="feared" bfScore="--" coherenceScore="--">bn:00088065v</annotation>
		<annotation source="MCS" anchor="offered" bfScore="--" coherenceScore="--">bn:00091135v</annotation>
		<annotation source="BABELFY" anchor="sacrifice" bfScore="0.9584743155952015" coherenceScore="0.2662337662337662">bn:00067941n</annotation>
		<annotation source="BABELFY" anchor="vows" bfScore="0.9989429175475687" coherenceScore="0.17532467532467533">bn:00080266n</annotation>
		<annotation source="MCS" anchor="prepared" bfScore="--" coherenceScore="--">bn:00088250v</annotation>
		<annotation source="BABELFY" anchor="great fish" bfScore="1.0" coherenceScore="0.01948051948051948">bn:01068422n</annotation>
		<annotation source="BABELFY" anchor="fish" bfScore="0.8484950282182209" coherenceScore="0.474025974025974">bn:00062612n</annotation>
		<annotation source="MCS" anchor="swallow" bfScore="--" coherenceScore="--">bn:00088759v</annotation>
		<annotation source="MCS" anchor="swallow up" bfScore="--" coherenceScore="--">bn:00084300v</annotation>
		<annotation source="MCS" anchor="belly" bfScore="--" coherenceScore="--">bn:00000249n</annotation>
		<annotation source="MCS" anchor="days" bfScore="--" coherenceScore="--">bn:00000086n</annotation>
		<annotation source="MCS" anchor="nights" bfScore="--" coherenceScore="--">bn:00025236n</annotation>
	</annotations>
</paragraph>
<paragraph id="p.2">
	<text>
		Then Jonah prayed unto the LORD his God out of the fish&amp;apos;s belly ,
		And said , I cried by reason of mine affliction unto the LORD , and he heard me ; out of the belly of hell cried I , and thou heardest my voice .
		For thou hadst cast me into the deep , in the midst of the seas ; and the floods compassed me about : all thy billows and thy waves passed over me .
		Then I said , I am cast out of thy sight ; yet I will look again toward thy holy temple .
		The waters compassed me about , even to the soul : the depth closed me round about , the weeds were wrapped about my head .
		I went down to the bottoms of the mountains ; the earth with her bars was about me for ever : yet hast thou brought up my life from corruption , O LORD my God .
		When my soul fainted within me I remembered the LORD : and my prayer came in unto thee , into thine holy temple .
		They that observe lying vanities forsake their own mercy .
		But I will sacrifice unto thee with the voice of thanksgiving ; I will pay that that I have vowed . Salvation is of the LORD .
		And the LORD spake unto the fish , and it vomited out Jonah upon the dry land .
	</text>
	<annotations>
		<annotation source="BABELFY" anchor="prayed" bfScore="0.9506172839506173" coherenceScore="0.14102564102564102">bn:00091921v</annotation>
		<annotation source="BABELFY" anchor="fish" bfScore="0.9470549305095963" coherenceScore="0.34615384615384615">bn:00062612n</annotation>
		<annotation source="MCS" anchor="belly" bfScore="--" coherenceScore="--">bn:00000249n</annotation>
		<annotation source="MCS" anchor="cried" bfScore="--" coherenceScore="--">bn:00084388v</annotation>
		<annotation source="BABELFY" anchor="reason" bfScore="0.9164750957854406" coherenceScore="0.3333333333333333">bn:00047021n</annotation>
		<annotation source="MCS" anchor="affliction" bfScore="--" coherenceScore="--">bn:00001782n</annotation>
		<annotation source="MCS" anchor="heard" bfScore="--" coherenceScore="--">bn:00089277v</annotation>
		<annotation source="BABELFY" anchor="hell" bfScore="0.7748074309016765" coherenceScore="0.38461538461538464">bn:00043604n</annotation>
		<annotation source="MCS" anchor="heardest" bfScore="--" coherenceScore="--">bn:13716705v</annotation>
		<annotation source="BABELFY" anchor="voice" bfScore="0.7960493827160494" coherenceScore="0.3974358974358974">bn:00072794n</annotation>
		<annotation source="BABELFY" anchor="hadst" bfScore="1.0" coherenceScore="0.038461538461538464">bn:01663932n</annotation>
		<annotation source="MCS" anchor="cast" bfScore="--" coherenceScore="--">bn:00084624v</annotation>
		<annotation source="MCS" anchor="deep" bfScore="--" coherenceScore="--">bn:00101043a</annotation>
		<annotation source="BABELFY" anchor="midst" bfScore="1.0" coherenceScore="0.05128205128205128">bn:00054889n</annotation>
		<annotation source="MCS" anchor="seas" bfScore="--" coherenceScore="--">bn:00069946n</annotation>
		<annotation source="MCS" anchor="floods" bfScore="--" coherenceScore="--">bn:00002954n</annotation>
		<annotation source="MCS" anchor="compassed" bfScore="--" coherenceScore="--">bn:00085457v</annotation>
		<annotation source="BABELFY" anchor="billows" bfScore="0.8846153846153846" coherenceScore="0.10256410256410256">bn:00079036n</annotation>
		<annotation source="MCS" anchor="waves" bfScore="--" coherenceScore="--">bn:00056171n</annotation>
		<annotation source="MCS" anchor="passed" bfScore="--" coherenceScore="--">bn:00088932v</annotation>
		<annotation source="MCS" anchor="passed over" bfScore="--" coherenceScore="--">bn:00090018v</annotation>
		<annotation source="MCS" anchor="cast out" bfScore="--" coherenceScore="--">bn:00083066v</annotation>
		<annotation source="MCS" anchor="sight" bfScore="--" coherenceScore="--">bn:00071507n</annotation>
		<annotation source="MCS" anchor="look" bfScore="--" coherenceScore="--">bn:00090448v</annotation>
		<annotation source="BABELFY" anchor="holy" bfScore="1.0" coherenceScore="0.1794871794871795">bn:00104250a</annotation>
		<annotation source="BABELFY" anchor="holy temple" bfScore="1.0" coherenceScore="0.32051282051282054">bn:00076469n</annotation>
		<annotation source="MCS" anchor="temple" bfScore="--" coherenceScore="--">bn:00076465n</annotation>
		<annotation source="BABELFY" anchor="waters" bfScore="0.8452991452991453" coherenceScore="0.5512820512820513">bn:00042379n</annotation>
		<annotation source="MCS" anchor="soul" bfScore="--" coherenceScore="--">bn:00065006n</annotation>
		<annotation source="BABELFY" anchor="depth" bfScore="0.8571428571428571" coherenceScore="0.11538461538461539">bn:00006673n</annotation>
		<annotation source="MCS" anchor="closed" bfScore="--" coherenceScore="--">bn:00085162v</annotation>
		<annotation source="BABELFY" anchor="round" bfScore="0.7058823529411765" coherenceScore="0.05128205128205128">bn:00093134v</annotation>
		<annotation source="MCS" anchor="weeds" bfScore="--" coherenceScore="--">bn:00080809n</annotation>
		<annotation source="BABELFY" anchor="wrapped" bfScore="0.8" coherenceScore="0.02564102564102564">bn:00095836v</annotation>
		<annotation source="BABELFY" anchor="head" bfScore="0.7715285880980164" coherenceScore="0.48717948717948717">bn:00012681n</annotation>
		<annotation source="MCS" anchor="bottoms" bfScore="--" coherenceScore="--">bn:13670353n</annotation>
		<annotation source="BABELFY" anchor="mountains" bfScore="0.8714788732394366" coherenceScore="0.19230769230769232">bn:00056068n</annotation>
		<annotation source="BABELFY" anchor="earth" bfScore="0.9515954570037858" coherenceScore="0.6538461538461539">bn:00029424n</annotation>
		<annotation source="MCS" anchor="bars" bfScore="--" coherenceScore="--">bn:00008462n</annotation>
		<annotation source="MCS" anchor="brought" bfScore="--" coherenceScore="--">bn:00084058v</annotation>
		<annotation source="MCS" anchor="brought up" bfScore="--" coherenceScore="--">bn:00082770v</annotation>
		<annotation source="BABELFY" anchor="life" bfScore="0.7710280373831776" coherenceScore="0.32051282051282054">bn:00051054n</annotation>
		<annotation source="MCS" anchor="corruption" bfScore="--" coherenceScore="--">bn:00022881n</annotation>
		<annotation source="BABELFY" anchor="fainted" bfScore="1.0" coherenceScore="0.0641025641025641">bn:00085620v</annotation>
		<annotation source="MCS" anchor="remembered" bfScore="--" coherenceScore="--">bn:00084413v</annotation>
		<annotation source="BABELFY" anchor="prayer" bfScore="0.8451113262342691" coherenceScore="0.46153846153846156">bn:00059529n</annotation>
		<annotation source="MCS" anchor="observe" bfScore="--" coherenceScore="--">bn:00086708v</annotation>
		<annotation source="MCS" anchor="lying" bfScore="--" coherenceScore="--">bn:00090321v</annotation>
		<annotation source="BABELFY" anchor="vanities" bfScore="0.7369942196531792" coherenceScore="0.19230769230769232">bn:00021531n</annotation>
		<annotation source="BABELFY" anchor="forsake" bfScore="1.0" coherenceScore="0.07692307692307693">bn:00082122v</annotation>
		<annotation source="BABELFY" anchor="mercy" bfScore="0.9551820728291317" coherenceScore="0.28205128205128205">bn:00019708n</annotation>
		<annotation source="MCS" anchor="sacrifice" bfScore="--" coherenceScore="--">bn:00088824v</annotation>
		<annotation source="MCS" anchor="thanksgiving" bfScore="--" coherenceScore="--">bn:00076770n</annotation>
		<annotation source="MCS" anchor="pay" bfScore="--" coherenceScore="--">bn:00091493v</annotation>
		<annotation source="MCS" anchor="vowed" bfScore="--" coherenceScore="--">bn:00095582v</annotation>
		<annotation source="MCS" anchor="Salvation" bfScore="--" coherenceScore="--">bn:00066712n</annotation>
		<annotation source="BABELFY" anchor="spake" bfScore="0.71875" coherenceScore="0.1282051282051282">bn:00090943v</annotation>
		<annotation source="BABELFY" anchor="vomited" bfScore="1.0" coherenceScore="0.08974358974358974">bn:00083115v</annotation>
		<annotation source="MCS" anchor="dry" bfScore="--" coherenceScore="--">bn:00101839a</annotation>
		<annotation source="BABELFY" anchor="dry land" bfScore="1.0" coherenceScore="0.1282051282051282">bn:00028934n</annotation>
		<annotation source="BABELFY" anchor="land" bfScore="0.9207434944237918" coherenceScore="0.6153846153846154">bn:00023236n</annotation>
	</annotations>
</paragraph>
<paragraph id="p.3">
	<text>
		And the word of the LORD came unto Jonah the second time , saying ,
		Arise , go unto Nineveh , that great city , and preach unto it the preaching that I bid thee .
		So Jonah arose , and went unto Nineveh , according to the word of the LORD . Now Nineveh was an exceeding great city of three days &amp;apos; journey .
		And Jonah began to enter into the city a day&amp;apos;s journey , and he cried , and said , Yet forty days , and Nineveh shall be overthrown .
		So the people of Nineveh believed God , and proclaimed a fast , and put on sackcloth , from the greatest of them even to the least of them .
		For word came unto the king of Nineveh , and he arose from his throne , and he laid his robe from him , and covered him with sackcloth , and sat in ashes .
		And he caused it to be proclaimed and published through Nineveh by the decree of the king and his nobles , saying , Let neither man nor beast , herd nor flock , taste any thing : let them not feed , nor drink water :
		But let man and beast be covered with sackcloth , and cry mightily unto God : yea , let them turn every one from his evil way , and from the violence that is in their hands .
		Who can tell if God will turn and repent , and turn away from his fierce anger , that we perish not ?
		And God saw their works , that they turned from their evil way ; and God repented of the evil , that he had said that he would do unto them ; and he did it not .
	</text>
	<annotations>
		<annotation source="BABELFY" anchor="word" bfScore="0.7765876052027544" coherenceScore="0.6701030927835051">bn:00010217n</annotation>
		<annotation source="BABELFY" anchor="time" bfScore="0.8813664596273292" coherenceScore="0.3402061855670103">bn:00077270n</annotation>
		<annotation source="MCS" anchor="saying" bfScore="--" coherenceScore="--">bn:00093287v</annotation>
		<annotation source="BABELFY" anchor="Nineveh" bfScore="1.0" coherenceScore="0.1958762886597938">bn:00057739n</annotation>
		<annotation source="MCS" anchor="great" bfScore="--" coherenceScore="--">bn:00103779a</annotation>
		<annotation source="BABELFY" anchor="city" bfScore="0.7718511878081578" coherenceScore="0.4329896907216495">bn:03335997n</annotation>
		<annotation source="BABELFY" anchor="preach" bfScore="0.88" coherenceScore="0.1134020618556701">bn:00091922v</annotation>
		<annotation source="BABELFY" anchor="preaching" bfScore="0.99609375" coherenceScore="0.17525773195876287">bn:00027522n</annotation>
		<annotation source="BABELFY" anchor="bid" bfScore="0.743801652892562" coherenceScore="0.12371134020618557">bn:00083476v</annotation>
		<annotation source="MCS" anchor="arose" bfScore="--" coherenceScore="--">bn:00082757v</annotation>
		<annotation source="BABELFY" anchor="according" bfScore="1.0" coherenceScore="0.010309278350515464">bn:00082228v</annotation>
		<annotation source="BABELFY" anchor="exceeding" bfScore="0.9411764705882353" coherenceScore="0.041237113402061855">bn:00087795v</annotation>
		<annotation source="MCS" anchor="days" bfScore="--" coherenceScore="--">bn:00000086n</annotation>
		<annotation source="MCS" anchor="journey" bfScore="--" coherenceScore="--">bn:00048463n</annotation>
		<annotation source="MCS" anchor="enter" bfScore="--" coherenceScore="--">bn:00085363v</annotation>
		<annotation source="MCS" anchor="enter into" bfScore="--" coherenceScore="--">bn:13713184v</annotation>
		<annotation source="MCS" anchor="day" bfScore="--" coherenceScore="--">bn:00000086n</annotation>
		<annotation source="MCS" anchor="cried" bfScore="--" coherenceScore="--">bn:00084388v</annotation>
		<annotation source="BABELFY" anchor="overthrown" bfScore="0.972972972972973" coherenceScore="0.061855670103092786">bn:00084075v</annotation>
		<annotation source="BABELFY" anchor="people" bfScore="0.8263473053892215" coherenceScore="0.24742268041237114">bn:00061450n</annotation>
		<annotation source="MCS" anchor="believed" bfScore="--" coherenceScore="--">bn:00083369v</annotation>
		<annotation source="BABELFY" anchor="God" bfScore="0.7848427968090098" coherenceScore="0.7731958762886598">bn:00040878n</annotation>
		<annotation source="MCS" anchor="proclaimed" bfScore="--" coherenceScore="--">bn:00092037v</annotation>
		<annotation source="MCS" anchor="fast" bfScore="--" coherenceScore="--">bn:00102802a</annotation>
		<annotation source="BABELFY" anchor="sackcloth" bfScore="0.9307692307692308" coherenceScore="0.1134020618556701">bn:00068738n</annotation>
		<annotation source="MCS" anchor="greatest" bfScore="--" coherenceScore="--">bn:00103779a</annotation>
		<annotation source="BABELFY" anchor="king" bfScore="0.8317721993255901" coherenceScore="0.30927835051546393">bn:00024097n</annotation>
		<annotation source="MCS" anchor="throne" bfScore="--" coherenceScore="--">bn:00077086n</annotation>
		<annotation source="BABELFY" anchor="laid" bfScore="0.7058823529411765" coherenceScore="0.09278350515463918">bn:00090224v</annotation>
		<annotation source="BABELFY" anchor="robe" bfScore="1.0" coherenceScore="0.13402061855670103">bn:00068017n</annotation>
		<annotation source="MCS" anchor="covered" bfScore="--" coherenceScore="--">bn:00085903v</annotation>
		<annotation source="MCS" anchor="sat" bfScore="--" coherenceScore="--">bn:00093776v</annotation>
		<annotation source="BABELFY" anchor="sat in" bfScore="1.0" coherenceScore="0.010309278350515464">bn:00093785v</annotation>
		<annotation source="MCS" anchor="ashes" bfScore="--" coherenceScore="--">bn:00006305n</annotation>
		<annotation source="BABELFY" anchor="published" bfScore="0.7241379310344828" coherenceScore="0.061855670103092786">bn:00084099v</annotation>
		<annotation source="BABELFY" anchor="decree" bfScore="0.9101123595505618" coherenceScore="0.09278350515463918">bn:00025781n</annotation>
		<annotation source="MCS" anchor="nobles" bfScore="--" coherenceScore="--">bn:00052018n</annotation>
		<annotation source="BABELFY" anchor="man" bfScore="0.7403846153846154" coherenceScore="0.7938144329896907">bn:00044576n</annotation>
		<annotation source="BABELFY" anchor="beast" bfScore="0.9727316602316602" coherenceScore="0.5979381443298969">bn:00004222n</annotation>
		<annotation source="MCS" anchor="herd" bfScore="--" coherenceScore="--">bn:00043801n</annotation>
		<annotation source="MCS" anchor="flock" bfScore="--" coherenceScore="--">bn:00035286n</annotation>
		<annotation source="MCS" anchor="taste" bfScore="--" coherenceScore="--">bn:00093282v</annotation>
		<annotation source="MCS" anchor="feed" bfScore="--" coherenceScore="--">bn:00088084v</annotation>
		<annotation source="MCS" anchor="drink" bfScore="--" coherenceScore="--">bn:00028749n</annotation>
		<annotation source="BABELFY" anchor="drink water" bfScore="1.0" coherenceScore="0.1134020618556701">bn:00028760n</annotation>
		<annotation source="BABELFY" anchor="water" bfScore="0.8843054720384846" coherenceScore="0.5876288659793815">bn:00042379n</annotation>
		<annotation source="BABELFY" anchor="man and beast" bfScore="1.0" coherenceScore="0.030927835051546393">bn:01976376n</annotation>
		<annotation source="MCS" anchor="cry" bfScore="--" coherenceScore="--">bn:00084388v</annotation>
		<annotation source="BABELFY" anchor="mightily" bfScore="1.0" coherenceScore="0.030927835051546393">bn:00116255r</annotation>
		<annotation source="BABELFY" anchor="yea" bfScore="1.0" coherenceScore="0.05154639175257732">bn:00117651r</annotation>
		<annotation source="MCS" anchor="turn" bfScore="--" coherenceScore="--">bn:00095233v</annotation>
		<annotation source="MCS" anchor="evil" bfScore="--" coherenceScore="--">bn:00102474a</annotation>
		<annotation source="BABELFY" anchor="violence" bfScore="0.9288389513108615" coherenceScore="0.31958762886597936">bn:00035772n</annotation>
		<annotation source="MCS" anchor="hands" bfScore="--" coherenceScore="--">bn:00042759n</annotation>
		<annotation source="MCS" anchor="tell" bfScore="--" coherenceScore="--">bn:00093287v</annotation>
		<annotation source="MCS" anchor="repent" bfScore="--" coherenceScore="--">bn:00082891v</annotation>
		<annotation source="BABELFY" anchor="turn away" bfScore="0.730593607305936" coherenceScore="0.16494845360824742">bn:00095252v</annotation>
		<annotation source="MCS" anchor="fierce" bfScore="--" coherenceScore="--">bn:00102901a</annotation>
		<annotation source="MCS" anchor="anger" bfScore="--" coherenceScore="--">bn:00004085n</annotation>
		<annotation source="BABELFY" anchor="perish" bfScore="1.0" coherenceScore="0.12371134020618557">bn:00084343v</annotation>
		<annotation source="MCS" anchor="works" bfScore="--" coherenceScore="--">bn:00081568n</annotation>
		<annotation source="MCS" anchor="turned" bfScore="--" coherenceScore="--">bn:00095233v</annotation>
		<annotation source="MCS" anchor="repented" bfScore="--" coherenceScore="--">bn:00082891v</annotation>
		<annotation source="MCS" anchor="evil" bfScore="--" coherenceScore="--">bn:00032048n</annotation>
	</annotations>
</paragraph>
<paragraph id="p.4">
	<text>
		But it displeased Jonah exceedingly , and he was very angry .
		And he prayed unto the LORD , and said , I pray thee , O LORD , was not this my saying , when I was yet in my country ? Therefore I fled before unto Tarshish : for I knew that thou art a gracious God , and merciful , slow to anger , and of great kindness , and repentest thee of the evil .
		Therefore now , O LORD , take , I beseech thee , my life from me ; for it is better for me to die than to live .
		Then said the LORD , Doest thou well to be angry ?
		So Jonah went out of the city , and sat on the east side of the city , and there made him a booth , and sat under it in the shadow , till he might see what would become of the city .
		And the LORD God prepared a gourd , and made it to come up over Jonah , that it might be a shadow over his head , to deliver him from his grief . So Jonah was exceeding glad of the gourd .
		But God prepared a worm when the morning rose the next day , and it smote the gourd that it withered .
		And it came to pass , when the sun did arise , that God prepared a vehement east wind ; and the sun beat upon the head of Jonah , that he fainted , and wished in himself to die , and said , It is better for me to die than to live .
		And God said to Jonah , Doest thou well to be angry for the gourd ? And he said , I do well to be angry , even unto death .
		Then said the LORD , Thou hast had pity on the gourd , for the which thou hast not laboured , neither madest it grow ; which came up in a night , and perished in a night :
		And should not I spare Nineveh , that great city , wherein are more than sixscore thousand persons that cannot discern between their right hand and their left hand ; and also much cattle ?
	</text>
	<annotations>
		<annotation source="BABELFY" anchor="displeased" bfScore="1.0" coherenceScore="0.009523809523809525">bn:00087015v</annotation>
		<annotation source="BABELFY" anchor="exceedingly" bfScore="1.0" coherenceScore="0.009523809523809525">bn:00115271r</annotation>
		<annotation source="MCS" anchor="angry" bfScore="--" coherenceScore="--">bn:00097107a</annotation>
		<annotation source="BABELFY" anchor="prayed" bfScore="0.896551724137931" coherenceScore="0.0761904761904762">bn:00091921v</annotation>
		<annotation source="BABELFY" anchor="pray" bfScore="0.896551724137931" coherenceScore="0.0761904761904762">bn:00091921v</annotation>
		<annotation source="BABELFY" anchor="saying" bfScore="0.8873435326842837" coherenceScore="0.20952380952380953">bn:00001236n</annotation>
		<annotation source="BABELFY" anchor="country" bfScore="0.9099223946784922" coherenceScore="0.638095238095238">bn:00023236n</annotation>
		<annotation source="BABELFY" anchor="fled" bfScore="1.0" coherenceScore="0.009523809523809525">bn:00088291v</annotation>
		<annotation source="BABELFY" anchor="Tarshish" bfScore="1.0" coherenceScore="0.12380952380952381">bn:03550818n</annotation>
		<annotation source="MCS" anchor="knew" bfScore="--" coherenceScore="--">bn:00085261v</annotation>
		<annotation source="BABELFY" anchor="gracious" bfScore="0.8" coherenceScore="0.08571428571428572">bn:00098254a</annotation>
		<annotation source="BABELFY" anchor="God" bfScore="0.8113009449269829" coherenceScore="0.6476190476190476">bn:00040878n</annotation>
		<annotation source="BABELFY" anchor="merciful" bfScore="0.8653846153846154" coherenceScore="0.08571428571428572">bn:00106612a</annotation>
		<annotation source="MCS" anchor="slow" bfScore="--" coherenceScore="--">bn:00110767a</annotation>
		<annotation source="MCS" anchor="anger" bfScore="--" coherenceScore="--">bn:00004085n</annotation>
		<annotation source="MCS" anchor="great" bfScore="--" coherenceScore="--">bn:00103779a</annotation>
		<annotation source="BABELFY" anchor="kindness" bfScore="0.8073654390934845" coherenceScore="0.14285714285714285">bn:00049132n</annotation>
		<annotation source="MCS" anchor="repentest" bfScore="--" coherenceScore="--">bn:13748376a</annotation>
		<annotation source="BABELFY" anchor="evil" bfScore="0.9383765405864853" coherenceScore="0.3047619047619048">bn:00032050n</annotation>
		<annotation source="BABELFY" anchor="beseech" bfScore="1.0" coherenceScore="0.02857142857142857">bn:00082355v</annotation>
		<annotation source="MCS" anchor="life" bfScore="--" coherenceScore="--">bn:00051045n</annotation>
		<annotation source="MCS" anchor="better" bfScore="--" coherenceScore="--">bn:00103672a</annotation>
		<annotation source="MCS" anchor="die" bfScore="--" coherenceScore="--">bn:00084343v</annotation>
		<annotation source="MCS" anchor="live" bfScore="--" coherenceScore="--">bn:00087441v</annotation>
		<annotation source="BABELFY" anchor="city" bfScore="0.8925506350841057" coherenceScore="0.38095238095238093">bn:03335997n</annotation>
		<annotation source="MCS" anchor="sat" bfScore="--" coherenceScore="--">bn:00093776v</annotation>
		<annotation source="BABELFY" anchor="east" bfScore="1.0" coherenceScore="0.0761904761904762">bn:00101959a</annotation>
		<annotation source="MCS" anchor="booth" bfScore="--" coherenceScore="--">bn:00012179n</annotation>
		<annotation source="MCS" anchor="shadow" bfScore="--" coherenceScore="--">bn:00070830n</annotation>
		<annotation source="MCS" anchor="become of" bfScore="--" coherenceScore="--">bn:13763203v</annotation>
		<annotation source="MCS" anchor="prepared" bfScore="--" coherenceScore="--">bn:00088250v</annotation>
		<annotation source="MCS" anchor="gourd" bfScore="--" coherenceScore="--">bn:00014621n</annotation>
		<annotation source="BABELFY" anchor="made it" bfScore="1.0" coherenceScore="0.14285714285714285">bn:00085382v</annotation>
		<annotation source="BABELFY" anchor="head" bfScore="0.9417365354554498" coherenceScore="0.44761904761904764">bn:00012681n</annotation>
		<annotation source="MCS" anchor="deliver" bfScore="--" coherenceScore="--">bn:00086530v</annotation>
		<annotation source="BABELFY" anchor="grief" bfScore="0.9850746268656716" coherenceScore="0.10476190476190476">bn:00013281n</annotation>
		<annotation source="BABELFY" anchor="exceeding" bfScore="0.9090909090909091" coherenceScore="0.01904761904761905">bn:00087795v</annotation>
		<annotation source="MCS" anchor="glad" bfScore="--" coherenceScore="--">bn:00103601a</annotation>
		<annotation source="MCS" anchor="worm" bfScore="--" coherenceScore="--">bn:00081635n</annotation>
		<annotation source="MCS" anchor="morning" bfScore="--" coherenceScore="--">bn:00035851n</annotation>
		<annotation source="MCS" anchor="rose" bfScore="--" coherenceScore="--">bn:00082761v</annotation>
		<annotation source="BABELFY" anchor="next day" bfScore="1.0" coherenceScore="0.047619047619047616">bn:00032387n</annotation>
		<annotation source="MCS" anchor="day" bfScore="--" coherenceScore="--">bn:00000086n</annotation>
		<annotation source="BABELFY" anchor="smote" bfScore="1.0" coherenceScore="0.01904761904761905">bn:00093936v</annotation>
		<annotation source="MCS" anchor="withered" bfScore="--" coherenceScore="--">bn:00093693v</annotation>
		<annotation source="MCS" anchor="pass" bfScore="--" coherenceScore="--">bn:00088932v</annotation>
		<annotation source="MCS" anchor="arise" bfScore="--" coherenceScore="--">bn:00082757v</annotation>
		<annotation source="MCS" anchor="vehement" bfScore="--" coherenceScore="--">bn:00102943a</annotation>
		<annotation source="BABELFY" anchor="east wind" bfScore="0.9198113207547169" coherenceScore="0.12380952380952381">bn:00029496n</annotation>
		<annotation source="BABELFY" anchor="wind" bfScore="0.8831521739130435" coherenceScore="0.23809523809523808">bn:00002216n</annotation>
		<annotation source="MCS" anchor="beat" bfScore="--" coherenceScore="--">bn:00083247v</annotation>
		<annotation source="BABELFY" anchor="fainted" bfScore="1.0" coherenceScore="0.0380952380952381">bn:00085620v</annotation>
		<annotation source="MCS" anchor="wished" bfScore="--" coherenceScore="--">bn:00095802v</annotation>
		<annotation source="BABELFY" anchor="death" bfScore="0.7860598065083553" coherenceScore="0.5238095238095238">bn:00025582n</annotation>
		<annotation source="MCS" anchor="pity" bfScore="--" coherenceScore="--">bn:00021008n</annotation>
		<annotation source="MCS" anchor="laboured" bfScore="--" coherenceScore="--">bn:00086809v</annotation>
		<annotation source="MCS" anchor="grow" bfScore="--" coherenceScore="--">bn:00089082v</annotation>
		<annotation source="MCS" anchor="night" bfScore="--" coherenceScore="--">bn:00025236n</annotation>
		<annotation source="BABELFY" anchor="perished" bfScore="1.0" coherenceScore="0.11428571428571428">bn:00084343v</annotation>
		<annotation source="MCS" anchor="spare" bfScore="--" coherenceScore="--">bn:00093280v</annotation>
		<annotation source="BABELFY" anchor="Nineveh" bfScore="1.0" coherenceScore="0.18095238095238095">bn:00057739n</annotation>
		<annotation source="BABELFY" anchor="persons" bfScore="0.8870242732993707" coherenceScore="0.5714285714285714">bn:00046516n</annotation>
		<annotation source="BABELFY" anchor="discern" bfScore="1.0" coherenceScore="0.02857142857142857">bn:00086708v</annotation>
		<annotation source="MCS" anchor="hand" bfScore="--" coherenceScore="--">bn:00042759n</annotation>
		<annotation source="MCS" anchor="left" bfScore="--" coherenceScore="--">bn:00105834a</annotation>
		<annotation source="BABELFY" anchor="left hand" bfScore="0.9887640449438202" coherenceScore="0.0761904761904762">bn:00050523n</annotation>
		<annotation source="BABELFY" anchor="cattle" bfScore="1.0" coherenceScore="0.24761904761904763">bn:00012273n</annotation>
	</annotations>
</paragraph>
</dataset>
