<?xml version="1.0" encoding="utf-8"?>
<dataset language="EN" title="JUD">
<paragraph id="p.1">
	<text>
		Jude , the servant of Jesus Christ , and brother of James , to them that are sanctified by God the Father , and preserved in Jesus Christ , and called :
		Mercy unto you , and peace , and love , be multiplied .
		Beloved , when I gave all diligence to write unto you of the common salvation , it was needful for me to write unto you , and exhort you that ye should earnestly contend for the faith which was once delivered unto the saints .
		For there are certain men crept in unawares , who were before of old ordained to this condemnation , ungodly men , turning the grace of our God into lasciviousness , and denying the only Lord God , and our Lord Jesus Christ .
		I will therefore put you in remembrance , though ye once knew this , how that the Lord , having saved the people out of the land of Egypt , afterward destroyed them that believed not .
		And the angels which kept not their first estate , but left their own habitation , he hath reserved in everlasting chains under darkness unto the judgment of the great day .
		Even as Sodom and Gomorrha , and the cities about them in like manner , giving themselves over to fornication , and going after strange flesh , are set forth for an example , suffering the vengeance of eternal fire .
		Likewise also these filthy dreamers defile the flesh , despise dominion , and speak evil of dignities .
		Yet Michael the archangel , when contending with the devil he disputed about the body of Moses , durst not bring against him a railing accusation , but said , The Lord rebuke thee .
		But these speak evil of those things which they know not : but what they know naturally , as brute beasts , in those things they corrupt themselves .
		Woe unto them ! for they have gone in the way of Cain , and ran greedily after the error of Balaam for reward , and perished in the gainsaying of Core .
		These are spots in your feasts of charity , when they feast with you , feeding themselves without fear : clouds they are without water , carried about of winds ; trees whose fruit withereth , without fruit , twice dead , plucked up by the roots ;
		Raging waves of the sea , foaming out their own shame ; wandering stars , to whom is reserved the blackness of darkness for ever .
		And Enoch also , the seventh from Adam , prophesied of these , saying , Behold , the Lord cometh with ten thousands of his saints ,
		To execute judgment upon all , and to convince all that are ungodly among them of all their ungodly deeds which they have ungodly committed , and of all their hard speeches which ungodly sinners have spoken against him .
		These are murmurers , complainers , walking after their own lusts ; and their mouth speaketh great swelling words , having men&amp;apos;s persons in admiration because of advantage .
		But , beloved , remember ye the words which were spoken before of the apostles of our Lord Jesus Christ ;
		How that they told you there should be mockers in the last time , who should walk after their own ungodly lusts .
		These be they who separate themselves , sensual , having not the Spirit .
		But ye , beloved , building up yourselves on your most holy faith , praying in the Holy Ghost ,
		Keep yourselves in the love of God , looking for the mercy of our Lord Jesus Christ unto eternal life .
		And of some have compassion , making a difference :
		And others save with fear , pulling them out of the fire ; hating even the garment spotted by the flesh .
		Now unto him that is able to keep you from falling , and to present you faultless before the presence of his glory with exceeding joy ,
		To the only wise God our Saviour , be glory and majesty , dominion and power , both now and ever . Amen .
	</text>
	<annotations>
		<annotation source="BABELFY" anchor="servant" bfScore="0.7755180353031466" coherenceScore="0.16165413533834586">bn:00067423n</annotation>
		<annotation source="BABELFY" anchor="Jesus" bfScore="0.8456971949064214" coherenceScore="0.6992481203007519">bn:00018805n</annotation>
		<annotation source="BABELFY" anchor="Jesus Christ" bfScore="0.9682091103532989" coherenceScore="0.6992481203007519">bn:00018805n</annotation>
		<annotation source="BABELFY" anchor="Christ" bfScore="0.9748849942388828" coherenceScore="0.6992481203007519">bn:00018805n</annotation>
		<annotation source="MCS" anchor="brother" bfScore="--" coherenceScore="--">bn:00011357n</annotation>
		<annotation source="BABELFY" anchor="sanctified" bfScore="0.932712215320911" coherenceScore="0.19924812030075187">bn:00083602v</annotation>
		<annotation source="BABELFY" anchor="God the Father" bfScore="1.0" coherenceScore="0.2819548872180451">bn:03137478n</annotation>
		<annotation source="MCS" anchor="Father" bfScore="--" coherenceScore="--">bn:00009616n</annotation>
		<annotation source="MCS" anchor="preserved" bfScore="--" coherenceScore="--">bn:00083242v</annotation>
		<annotation source="MCS" anchor="called" bfScore="--" coherenceScore="--">bn:00084385v</annotation>
		<annotation source="MCS" anchor="Mercy" bfScore="--" coherenceScore="--">bn:00019708n</annotation>
		<annotation source="MCS" anchor="peace" bfScore="--" coherenceScore="--">bn:00061149n</annotation>
		<annotation source="BABELFY" anchor="love" bfScore="0.7378610460577674" coherenceScore="0.4473684210526316">bn:00052121n</annotation>
		<annotation source="MCS" anchor="multiplied" bfScore="--" coherenceScore="--">bn:00090977v</annotation>
		<annotation source="BABELFY" anchor="Beloved" bfScore="1.0" coherenceScore="0.011278195488721804">bn:00098224a</annotation>
		<annotation source="BABELFY" anchor="diligence" bfScore="0.9693109438332368" coherenceScore="0.20300751879699247">bn:00027133n</annotation>
		<annotation source="MCS" anchor="write" bfScore="--" coherenceScore="--">bn:00085489v</annotation>
		<annotation source="MCS" anchor="common" bfScore="--" coherenceScore="--">bn:00100090a</annotation>
		<annotation source="MCS" anchor="salvation" bfScore="--" coherenceScore="--">bn:00066712n</annotation>
		<annotation source="BABELFY" anchor="needful" bfScore="1.0" coherenceScore="0.0037593984962406013">bn:00107194a</annotation>
		<annotation source="BABELFY" anchor="exhort" bfScore="0.7352941176470589" coherenceScore="0.018796992481203006">bn:00087843v</annotation>
		<annotation source="BABELFY" anchor="earnestly" bfScore="1.0" coherenceScore="0.011278195488721804">bn:00115154r</annotation>
		<annotation source="MCS" anchor="contend" bfScore="--" coherenceScore="--">bn:00085708v</annotation>
		<annotation source="BABELFY" anchor="faith" bfScore="0.9276310261696861" coherenceScore="0.7969924812030075">bn:00032768n</annotation>
		<annotation source="MCS" anchor="delivered" bfScore="--" coherenceScore="--">bn:00086530v</annotation>
		<annotation source="BABELFY" anchor="saints" bfScore="0.7632336592457456" coherenceScore="0.39473684210526316">bn:00068856n</annotation>
		<annotation source="BABELFY" anchor="men" bfScore="0.724272370380398" coherenceScore="0.8345864661654135">bn:00044576n</annotation>
		<annotation source="MCS" anchor="crept" bfScore="--" coherenceScore="--">bn:00085991v</annotation>
		<annotation source="BABELFY" anchor="unawares" bfScore="0.7903225806451613" coherenceScore="0.02631578947368421">bn:00117379r</annotation>
		<annotation source="MCS" anchor="old" bfScore="--" coherenceScore="--">bn:00107786a</annotation>
		<annotation source="MCS" anchor="ordained" bfScore="--" coherenceScore="--">bn:00087588v</annotation>
		<annotation source="BABELFY" anchor="condemnation" bfScore="0.8050588748364588" coherenceScore="0.19548872180451127">bn:00021626n</annotation>
		<annotation source="BABELFY" anchor="ungodly" bfScore="1.0" coherenceScore="0.13533834586466165">bn:00105118a</annotation>
		<annotation source="BABELFY" anchor="turning" bfScore="0.8172293364377182" coherenceScore="0.13533834586466165">bn:00095246v</annotation>
		<annotation source="MCS" anchor="grace" bfScore="--" coherenceScore="--">bn:00041221n</annotation>
		<annotation source="MCS" anchor="lasciviousness" bfScore="--" coherenceScore="--">bn:00016125n</annotation>
		<annotation source="MCS" anchor="denying" bfScore="--" coherenceScore="--">bn:00086591v</annotation>
		<annotation source="BABELFY" anchor="Lord Jesus" bfScore="1.0" coherenceScore="0.7030075187969925">bn:00018805n</annotation>
		<annotation source="BABELFY" anchor="Lord Jesus Christ" bfScore="1.0" coherenceScore="0.7030075187969925">bn:00018805n</annotation>
		<annotation source="MCS" anchor="remembrance" bfScore="--" coherenceScore="--">bn:00003810n</annotation>
		<annotation source="MCS" anchor="knew" bfScore="--" coherenceScore="--">bn:00085261v</annotation>
		<annotation source="MCS" anchor="saved" bfScore="--" coherenceScore="--">bn:00092745v</annotation>
		<annotation source="BABELFY" anchor="people" bfScore="0.9316065192083819" coherenceScore="0.24812030075187969">bn:00061450n</annotation>
		<annotation source="BABELFY" anchor="land" bfScore="0.9196069350777157" coherenceScore="0.6654135338345865">bn:00023236n</annotation>
		<annotation source="BABELFY" anchor="Egypt" bfScore="0.887704948786253" coherenceScore="0.5263157894736842">bn:00005255n</annotation>
		<annotation source="BABELFY" anchor="afterward" bfScore="1.0" coherenceScore="0.045112781954887216">bn:00114165r</annotation>
		<annotation source="MCS" anchor="destroyed" bfScore="--" coherenceScore="--">bn:00086698v</annotation>
		<annotation source="MCS" anchor="believed" bfScore="--" coherenceScore="--">bn:00083369v</annotation>
		<annotation source="BABELFY" anchor="angels" bfScore="0.7648019889895223" coherenceScore="0.45864661654135336">bn:00004063n</annotation>
		<annotation source="MCS" anchor="kept" bfScore="--" coherenceScore="--">bn:00089384v</annotation>
		<annotation source="MCS" anchor="estate" bfScore="--" coherenceScore="--">bn:00031647n</annotation>
		<annotation source="MCS" anchor="left" bfScore="--" coherenceScore="--">bn:00088939v</annotation>
		<annotation source="BABELFY" anchor="habitation" bfScore="0.7523584905660378" coherenceScore="0.08270676691729323">bn:00000356n</annotation>
		<annotation source="MCS" anchor="reserved" bfScore="--" coherenceScore="--">bn:00092878v</annotation>
		<annotation source="BABELFY" anchor="everlasting" bfScore="0.7352941176470589" coherenceScore="0.018796992481203006">bn:00097521a</annotation>
		<annotation source="MCS" anchor="chains" bfScore="--" coherenceScore="--">bn:00017487n</annotation>
		<annotation source="MCS" anchor="darkness" bfScore="--" coherenceScore="--">bn:00025233n</annotation>
		<annotation source="MCS" anchor="judgment" bfScore="--" coherenceScore="--">bn:00048493n</annotation>
		<annotation source="MCS" anchor="great" bfScore="--" coherenceScore="--">bn:00103779a</annotation>
		<annotation source="MCS" anchor="day" bfScore="--" coherenceScore="--">bn:00000086n</annotation>
		<annotation source="MCS" anchor="Sodom" bfScore="--" coherenceScore="--">bn:00072612n</annotation>
		<annotation source="BABELFY" anchor="Sodom and Gomorrha" bfScore="1.0" coherenceScore="0.23684210526315788">bn:00041036n</annotation>
		<annotation source="BABELFY" anchor="Gomorrha" bfScore="1.0" coherenceScore="0.23684210526315788">bn:00041036n</annotation>
		<annotation source="BABELFY" anchor="cities" bfScore="0.7494484358205578" coherenceScore="0.3458646616541353">bn:03335997n</annotation>
		<annotation source="MCS" anchor="manner" bfScore="--" coherenceScore="--">bn:00033729n</annotation>
		<annotation source="MCS" anchor="fornication" bfScore="--" coherenceScore="--">bn:00035967n</annotation>
		<annotation source="MCS" anchor="strange" bfScore="--" coherenceScore="--">bn:00111281a</annotation>
		<annotation source="MCS" anchor="flesh" bfScore="--" coherenceScore="--">bn:00035182n</annotation>
		<annotation source="MCS" anchor="example" bfScore="--" coherenceScore="--">bn:00032099n</annotation>
		<annotation source="MCS" anchor="suffering" bfScore="--" coherenceScore="--">bn:00087618v</annotation>
		<annotation source="MCS" anchor="vengeance" bfScore="--" coherenceScore="--">bn:00061113n</annotation>
		<annotation source="BABELFY" anchor="eternal" bfScore="0.8" coherenceScore="0.015037593984962405">bn:00102212a</annotation>
		<annotation source="BABELFY" anchor="eternal fire" bfScore="1.0" coherenceScore="0.15413533834586465">bn:03582344n</annotation>
		<annotation source="MCS" anchor="fire" bfScore="--" coherenceScore="--">bn:00034623n</annotation>
		<annotation source="BABELFY" anchor="Likewise" bfScore="0.9876543209876543" coherenceScore="0.03007518796992481">bn:00114246r</annotation>
		<annotation source="MCS" anchor="filthy" bfScore="--" coherenceScore="--">bn:00102965a</annotation>
		<annotation source="MCS" anchor="dreamers" bfScore="--" coherenceScore="--">bn:00028663n</annotation>
		<annotation source="BABELFY" anchor="defile" bfScore="0.8944099378881988" coherenceScore="0.15789473684210525">bn:00086404v</annotation>
		<annotation source="BABELFY" anchor="despise" bfScore="1.0" coherenceScore="0.041353383458646614">bn:00085702v</annotation>
		<annotation source="MCS" anchor="dominion" bfScore="--" coherenceScore="--">bn:00028191n</annotation>
		<annotation source="MCS" anchor="speak" bfScore="--" coherenceScore="--">bn:00090943v</annotation>
		<annotation source="BABELFY" anchor="evil" bfScore="0.750553872586698" coherenceScore="0.37593984962406013">bn:00032050n</annotation>
		<annotation source="MCS" anchor="dignities" bfScore="--" coherenceScore="--">bn:00027103n</annotation>
		<annotation source="MCS" anchor="Michael" bfScore="--" coherenceScore="--">bn:00054715n</annotation>
		<annotation source="BABELFY" anchor="Michael the archangel" bfScore="1.0" coherenceScore="0.2857142857142857">bn:00054715n</annotation>
		<annotation source="BABELFY" anchor="archangel" bfScore="0.8123076923076923" coherenceScore="0.2706766917293233">bn:00005398n</annotation>
		<annotation source="MCS" anchor="contending" bfScore="--" coherenceScore="--">bn:00085708v</annotation>
		<annotation source="MCS" anchor="disputed" bfScore="--" coherenceScore="--">bn:00084758v</annotation>
		<annotation source="MCS" anchor="body" bfScore="--" coherenceScore="--">bn:00011744n</annotation>
		<annotation source="BABELFY" anchor="Moses" bfScore="0.8415780478541588" coherenceScore="0.42857142857142855">bn:00055973n</annotation>
		<annotation source="MCS" anchor="bring" bfScore="--" coherenceScore="--">bn:00084058v</annotation>
		<annotation source="BABELFY" anchor="railing" bfScore="0.8477564102564102" coherenceScore="0.08646616541353383">bn:15085059n</annotation>
		<annotation source="BABELFY" anchor="accusation" bfScore="0.9756756756756757" coherenceScore="0.14285714285714285">bn:00000785n</annotation>
		<annotation source="BABELFY" anchor="rebuke" bfScore="0.9838292367399741" coherenceScore="0.14661654135338345">bn:16176234n</annotation>
		<annotation source="BABELFY" anchor="evil" bfScore="0.8294979079497908" coherenceScore="0.19548872180451127">bn:00102475a</annotation>
		<annotation source="BABELFY" anchor="things" bfScore="0.9490494296577947" coherenceScore="0.14661654135338345">bn:00006125n</annotation>
		<annotation source="BABELFY" anchor="naturally" bfScore="0.9780077619663649" coherenceScore="0.10150375939849623">bn:00116323r</annotation>
		<annotation source="BABELFY" anchor="brute" bfScore="1.0" coherenceScore="0.018796992481203006">bn:00098164a</annotation>
		<annotation source="BABELFY" anchor="beasts" bfScore="0.9061658815612382" coherenceScore="0.5225563909774437">bn:00004222n</annotation>
		<annotation source="MCS" anchor="corrupt" bfScore="--" coherenceScore="--">bn:00085844v</annotation>
		<annotation source="BABELFY" anchor="Woe" bfScore="0.9796296296296296" coherenceScore="0.08646616541353383">bn:03685737n</annotation>
		<annotation source="BABELFY" anchor="gone in" bfScore="1.0" coherenceScore="0.018796992481203006">bn:00085363v</annotation>
		<annotation source="MCS" anchor="ran" bfScore="--" coherenceScore="--">bn:00093170v</annotation>
		<annotation source="BABELFY" anchor="greedily" bfScore="1.0" coherenceScore="0.015037593984962405">bn:00114452r</annotation>
		<annotation source="MCS" anchor="error" bfScore="--" coherenceScore="--">bn:00031485n</annotation>
		<annotation source="BABELFY" anchor="Balaam" bfScore="1.0" coherenceScore="0.19924812030075187">bn:03400805n</annotation>
		<annotation source="MCS" anchor="reward" bfScore="--" coherenceScore="--">bn:00061123n</annotation>
		<annotation source="BABELFY" anchor="perished" bfScore="1.0" coherenceScore="0.16917293233082706">bn:00084343v</annotation>
		<annotation source="BABELFY" anchor="gainsaying" bfScore="1.0" coherenceScore="0.06766917293233082">bn:00084758v</annotation>
		<annotation source="MCS" anchor="Core" bfScore="--" coherenceScore="--">bn:00022626n</annotation>
		<annotation source="MCS" anchor="spots" bfScore="--" coherenceScore="--">bn:00062699n</annotation>
		<annotation source="MCS" anchor="feasts" bfScore="--" coherenceScore="--">bn:00008433n</annotation>
		<annotation source="MCS" anchor="charity" bfScore="--" coherenceScore="--">bn:00017818n</annotation>
		<annotation source="MCS" anchor="feast" bfScore="--" coherenceScore="--">bn:00083099v</annotation>
		<annotation source="MCS" anchor="feeding" bfScore="--" coherenceScore="--">bn:00088084v</annotation>
		<annotation source="BABELFY" anchor="fear" bfScore="0.7540954256557157" coherenceScore="0.2932330827067669">bn:00033854n</annotation>
		<annotation source="MCS" anchor="clouds" bfScore="--" coherenceScore="--">bn:00020001n</annotation>
		<annotation source="BABELFY" anchor="water" bfScore="0.8507877664504171" coherenceScore="0.5112781954887218">bn:00042379n</annotation>
		<annotation source="MCS" anchor="carried" bfScore="--" coherenceScore="--">bn:00084554v</annotation>
		<annotation source="MCS" anchor="winds" bfScore="--" coherenceScore="--">bn:00002216n</annotation>
		<annotation source="BABELFY" anchor="trees" bfScore="0.715801749271137" coherenceScore="0.24812030075187969">bn:00078131n</annotation>
		<annotation source="MCS" anchor="fruit" bfScore="--" coherenceScore="--">bn:00036686n</annotation>
		<annotation source="BABELFY" anchor="twice" bfScore="1.0" coherenceScore="0.0037593984962406013">bn:00115102r</annotation>
		<annotation source="MCS" anchor="dead" bfScore="--" coherenceScore="--">bn:00100948a</annotation>
		<annotation source="MCS" anchor="plucked" bfScore="--" coherenceScore="--">bn:00091597v</annotation>
		<annotation source="MCS" anchor="roots" bfScore="--" coherenceScore="--">bn:00068246n</annotation>
		<annotation source="MCS" anchor="Raging" bfScore="--" coherenceScore="--">bn:00092315v</annotation>
		<annotation source="BABELFY" anchor="waves" bfScore="0.7212020033388982" coherenceScore="0.18045112781954886">bn:00041739n</annotation>
		<annotation source="MCS" anchor="sea" bfScore="--" coherenceScore="--">bn:00069946n</annotation>
		<annotation source="BABELFY" anchor="foaming" bfScore="1.0" coherenceScore="0.007518796992481203">bn:00087494v</annotation>
		<annotation source="BABELFY" anchor="shame" bfScore="0.8702260327357755" coherenceScore="0.21804511278195488">bn:00027566n</annotation>
		<annotation source="BABELFY" anchor="wandering" bfScore="0.8427241548260657" coherenceScore="0.15037593984962405">bn:00083458v</annotation>
		<annotation source="BABELFY" anchor="wandering stars" bfScore="0.9829931972789115" coherenceScore="0.06390977443609022">bn:03409097n</annotation>
		<annotation source="MCS" anchor="stars" bfScore="--" coherenceScore="--">bn:00073964n</annotation>
		<annotation source="MCS" anchor="blackness" bfScore="--" coherenceScore="--">bn:00010816n</annotation>
		<annotation source="MCS" anchor="seventh" bfScore="--" coherenceScore="--">bn:00096074a</annotation>
		<annotation source="MCS" anchor="prophesied" bfScore="--" coherenceScore="--">bn:00092087v</annotation>
		<annotation source="MCS" anchor="saying" bfScore="--" coherenceScore="--">bn:00093287v</annotation>
		<annotation source="BABELFY" anchor="thousands" bfScore="0.9473684210526315" coherenceScore="0.022556390977443608">bn:00000010n</annotation>
		<annotation source="MCS" anchor="execute" bfScore="--" coherenceScore="--">bn:00087820v</annotation>
		<annotation source="BABELFY" anchor="convince" bfScore="1.0" coherenceScore="0.12781954887218044">bn:00085767v</annotation>
		<annotation source="MCS" anchor="deeds" bfScore="--" coherenceScore="--">bn:00025804n</annotation>
		<annotation source="BABELFY" anchor="committed" bfScore="0.9080597014925373" coherenceScore="0.14661654135338345">bn:00100088a</annotation>
		<annotation source="MCS" anchor="speeches" bfScore="--" coherenceScore="--">bn:00001304n</annotation>
		<annotation source="BABELFY" anchor="sinners" bfScore="0.9422517656834234" coherenceScore="0.5075187969924813">bn:00071707n</annotation>
		<annotation source="MCS" anchor="spoken" bfScore="--" coherenceScore="--">bn:00090943v</annotation>
		<annotation source="BABELFY" anchor="murmurers" bfScore="1.0" coherenceScore="0.06766917293233082">bn:00056318n</annotation>
		<annotation source="MCS" anchor="complainers" bfScore="--" coherenceScore="--">bn:00009807n</annotation>
		<annotation source="MCS" anchor="walking" bfScore="--" coherenceScore="--">bn:00095597v</annotation>
		<annotation source="MCS" anchor="lusts" bfScore="--" coherenceScore="--">bn:00050478n</annotation>
		<annotation source="MCS" anchor="mouth" bfScore="--" coherenceScore="--">bn:00056135n</annotation>
		<annotation source="MCS" anchor="swelling" bfScore="--" coherenceScore="--">bn:00094668v</annotation>
		<annotation source="MCS" anchor="words" bfScore="--" coherenceScore="--">bn:00081546n</annotation>
		<annotation source="BABELFY" anchor="persons" bfScore="0.894520094366955" coherenceScore="0.7142857142857143">bn:00046516n</annotation>
		<annotation source="BABELFY" anchor="admiration" bfScore="0.9210950080515298" coherenceScore="0.16541353383458646">bn:00001454n</annotation>
		<annotation source="MCS" anchor="advantage" bfScore="--" coherenceScore="--">bn:00001559n</annotation>
		<annotation source="BABELFY" anchor="beloved" bfScore="1.0" coherenceScore="0.011278195488721804">bn:00098224a</annotation>
		<annotation source="MCS" anchor="remember" bfScore="--" coherenceScore="--">bn:00084413v</annotation>
		<annotation source="MCS" anchor="apostles" bfScore="--" coherenceScore="--">bn:00004981n</annotation>
		<annotation source="MCS" anchor="told" bfScore="--" coherenceScore="--">bn:00093287v</annotation>
		<annotation source="BABELFY" anchor="mockers" bfScore="0.9792560801144492" coherenceScore="0.13909774436090225">bn:00035369n</annotation>
		<annotation source="BABELFY" anchor="last time" bfScore="1.0" coherenceScore="0.0037593984962406013">bn:03310166n</annotation>
		<annotation source="BABELFY" anchor="time" bfScore="0.783125" coherenceScore="0.42105263157894735">bn:00077270n</annotation>
		<annotation source="MCS" anchor="walk" bfScore="--" coherenceScore="--">bn:00095597v</annotation>
		<annotation source="MCS" anchor="separate" bfScore="--" coherenceScore="--">bn:00087099v</annotation>
		<annotation source="BABELFY" anchor="sensual" bfScore="0.8901098901098901" coherenceScore="0.07894736842105263">bn:00097119a</annotation>
		<annotation source="MCS" anchor="Spirit" bfScore="--" coherenceScore="--">bn:00073430n</annotation>
		<annotation source="MCS" anchor="building" bfScore="--" coherenceScore="--">bn:00084198v</annotation>
		<annotation source="MCS" anchor="building up" bfScore="--" coherenceScore="--">bn:00084210v</annotation>
		<annotation source="BABELFY" anchor="holy" bfScore="1.0" coherenceScore="0.18045112781954886">bn:00104250a</annotation>
		<annotation source="BABELFY" anchor="praying" bfScore="0.99609375" coherenceScore="0.16917293233082706">bn:00091921v</annotation>
		<annotation source="MCS" anchor="Holy" bfScore="--" coherenceScore="--">bn:00044465n</annotation>
		<annotation source="BABELFY" anchor="Holy Ghost" bfScore="0.867579908675799" coherenceScore="0.21804511278195488">bn:00044468n</annotation>
		<annotation source="MCS" anchor="Ghost" bfScore="--" coherenceScore="--">bn:00040368n</annotation>
		<annotation source="MCS" anchor="Keep" bfScore="--" coherenceScore="--">bn:00089384v</annotation>
		<annotation source="MCS" anchor="looking" bfScore="--" coherenceScore="--">bn:00090448v</annotation>
		<annotation source="MCS" anchor="looking for" bfScore="--" coherenceScore="--">bn:00090460v</annotation>
		<annotation source="MCS" anchor="mercy" bfScore="--" coherenceScore="--">bn:00019708n</annotation>
		<annotation source="MCS" anchor="eternal life" bfScore="--" coherenceScore="--">bn:00031685n</annotation>
		<annotation source="MCS" anchor="life" bfScore="--" coherenceScore="--">bn:00051045n</annotation>
		<annotation source="MCS" anchor="compassion" bfScore="--" coherenceScore="--">bn:00021318n</annotation>
		<annotation source="BABELFY" anchor="making a difference" bfScore="1.0" coherenceScore="0.0037593984962406013">bn:01159446n</annotation>
		<annotation source="MCS" anchor="difference" bfScore="--" coherenceScore="--">bn:00027022n</annotation>
		<annotation source="MCS" anchor="save" bfScore="--" coherenceScore="--">bn:00092745v</annotation>
		<annotation source="MCS" anchor="pulling" bfScore="--" coherenceScore="--">bn:00087234v</annotation>
		<annotation source="BABELFY" anchor="hating" bfScore="1.0" coherenceScore="0.08646616541353383">bn:00086717v</annotation>
		<annotation source="BABELFY" anchor="garment" bfScore="0.9331560957083175" coherenceScore="0.14661654135338345">bn:00006125n</annotation>
		<annotation source="MCS" anchor="spotted" bfScore="--" coherenceScore="--">bn:00086664v</annotation>
		<annotation source="BABELFY" anchor="able" bfScore="0.9177545691906005" coherenceScore="0.13909774436090225">bn:00096151a</annotation>
		<annotation source="MCS" anchor="keep" bfScore="--" coherenceScore="--">bn:00089384v</annotation>
		<annotation source="MCS" anchor="falling" bfScore="--" coherenceScore="--">bn:00087976v</annotation>
		<annotation source="MCS" anchor="present" bfScore="--" coherenceScore="--">bn:00086557v</annotation>
		<annotation source="BABELFY" anchor="faultless" bfScore="1.0" coherenceScore="0.018796992481203006">bn:00102842a</annotation>
		<annotation source="MCS" anchor="presence" bfScore="--" coherenceScore="--">bn:00064201n</annotation>
		<annotation source="BABELFY" anchor="glory" bfScore="0.8934993084370678" coherenceScore="0.2556390977443609">bn:00007184n</annotation>
		<annotation source="MCS" anchor="exceeding" bfScore="--" coherenceScore="--">bn:00087793v</annotation>
		<annotation source="MCS" anchor="joy" bfScore="--" coherenceScore="--">bn:00048468n</annotation>
		<annotation source="MCS" anchor="wise" bfScore="--" coherenceScore="--">bn:00113905a</annotation>
		<annotation source="BABELFY" anchor="Saviour" bfScore="0.9777689249928552" coherenceScore="0.6992481203007519">bn:00018805n</annotation>
		<annotation source="MCS" anchor="majesty" bfScore="--" coherenceScore="--">bn:00051828n</annotation>
		<annotation source="BABELFY" anchor="power" bfScore="0.7193364774760124" coherenceScore="0.36466165413533835">bn:00025995n</annotation>
		<annotation source="BABELFY" anchor="Amen" bfScore="0.7871208089409261" coherenceScore="0.19172932330827067">bn:00003325n</annotation>
	</annotations>
</paragraph>
