<?xml version="1.0" encoding="utf-8"?>
<dataset language="EN" title="OBA">
<paragraph id="p.1">
	<text>
		The vision of Obadiah . Thus saith the Lord GOD concerning Edom ; We have heard a rumour from the LORD , and an ambassador is sent among the heathen , Arise ye , and let us rise up against her in battle .
		Behold , I have made thee small among the heathen : thou art greatly despised .
		The pride of thine heart hath deceived thee , thou that dwellest in the clefts of the rock , whose habitation is high ; that saith in his heart , Who shall bring me down to the ground ?
		Though thou exalt thyself as the eagle , and though thou set thy nest among the stars , thence will I bring thee down , saith the LORD .
		If thieves came to thee , if robbers by night , ( how art thou cut off ! ) would they not have stolen till they had enough ? if the grapegatherers came to thee , would they not leave some grapes ?
		How are the things of Esau searched out ! how are his hidden things sought up !
		All the men of thy confederacy have brought thee even to the border : the men that were at peace with thee have deceived thee , and prevailed against thee ; they that eat thy bread have laid a wound under thee : there is none understanding in him .
		Shall I not in that day , saith the LORD , even destroy the wise men out of Edom , and understanding out of the mount of Esau ?
		And thy mighty men , O Teman , shall be dismayed , to the end that every one of the mount of Esau may be cut off by slaughter .
		For thy violence against thy brother Jacob shame shall cover thee , and thou shalt be cut off for ever .
		In the day that thou stoodest on the other side , in the day that the strangers carried away captive his forces , and foreigners entered into his gates , and cast lots upon Jerusalem , even thou wast as one of them .
		But thou shouldest not have looked on the day of thy brother in the day that he became a stranger ; neither shouldest thou have rejoiced over the children of Judah in the day of their destruction ; neither shouldest thou have spoken proudly in the day of distress .
		Thou shouldest not have entered into the gate of my people in the day of their calamity ; yea , thou shouldest not have looked on their affliction in the day of their calamity , nor have laid hands on their substance in the day of their calamity ;
		Neither shouldest thou have stood in the crossway , to cut off those of his that did escape ; neither shouldest thou have delivered up those of his that did remain in the day of distress .
		For the day of the LORD is near upon all the heathen : as thou hast done , it shall be done unto thee : thy reward shall return upon thine own head .
		For as ye have drunk upon my holy mountain , so shall all the heathen drink continually , yea , they shall drink , and they shall swallow down , and they shall be as though they had not been .
		But upon mount Zion shall be deliverance , and there shall be holiness ; and the house of Jacob shall possess their possessions .
		And the house of Jacob shall be a fire , and the house of Joseph a flame , and the house of Esau for stubble , and they shall kindle in them , and devour them ; and there shall not be any remaining of the house of Esau ; for the LORD hath spoken it .
		And they of the south shall possess the mount of Esau ; and they of the plain the Philistines : and they shall possess the fields of Ephraim , and the fields of Samaria : and Benjamin shall possess Gilead .
		And the captivity of this host of the children of Israel shall possess that of the Canaanites , even unto Zarephath ; and the captivity of Jerusalem , which is in Sepharad , shall possess the cities of the south .
		And saviours shall come up on mount Zion to judge the mount of Esau ; and the kingdom shall be the LORD&amp;apos;s .
	</text>
	<annotations>
		<annotation source="MCS" anchor="vision" bfScore="--" coherenceScore="--">bn:00080106n</annotation>
		<annotation source="BABELFY" anchor="Obadiah" bfScore="0.8487460815047022" coherenceScore="0.1630901287553648">bn:00000245n</annotation>
		<annotation source="MCS" anchor="saith" bfScore="--" coherenceScore="--">bn:00093287v</annotation>
		<annotation source="BABELFY" anchor="GOD" bfScore="0.87466784765279" coherenceScore="0.6781115879828327">bn:00040878n</annotation>
		<annotation source="MCS" anchor="concerning" bfScore="--" coherenceScore="--">bn:00083240v</annotation>
		<annotation source="BABELFY" anchor="Edom" bfScore="0.9915433403805497" coherenceScore="0.15021459227467812">bn:01432049n</annotation>
		<annotation source="MCS" anchor="heard" bfScore="--" coherenceScore="--">bn:00089277v</annotation>
		<annotation source="BABELFY" anchor="rumour" bfScore="0.9962546816479401" coherenceScore="0.060085836909871244">bn:00043378n</annotation>
		<annotation source="MCS" anchor="ambassador" bfScore="--" coherenceScore="--">bn:00003251n</annotation>
		<annotation source="MCS" anchor="sent" bfScore="--" coherenceScore="--">bn:00086868v</annotation>
		<annotation source="BABELFY" anchor="heathen" bfScore="0.8537313432835821" coherenceScore="0.0944206008583691">bn:00037763n</annotation>
		<annotation source="MCS" anchor="rise" bfScore="--" coherenceScore="--">bn:00082761v</annotation>
		<annotation source="MCS" anchor="rise up" bfScore="--" coherenceScore="--">bn:00085391v</annotation>
		<annotation source="MCS" anchor="battle" bfScore="--" coherenceScore="--">bn:00009078n</annotation>
		<annotation source="MCS" anchor="Behold" bfScore="--" coherenceScore="--">bn:00083356v</annotation>
		<annotation source="BABELFY" anchor="heathen" bfScore="1.0" coherenceScore="0.04721030042918455">bn:00102421a</annotation>
		<annotation source="BABELFY" anchor="greatly" bfScore="1.0" coherenceScore="0.02145922746781116">bn:00115553r</annotation>
		<annotation source="BABELFY" anchor="despised" bfScore="1.0" coherenceScore="0.030042918454935622">bn:00085702v</annotation>
		<annotation source="BABELFY" anchor="pride" bfScore="0.7814207650273224" coherenceScore="0.14163090128755365">bn:00064338n</annotation>
		<annotation source="MCS" anchor="heart" bfScore="--" coherenceScore="--">bn:00012289n</annotation>
		<annotation source="BABELFY" anchor="deceived" bfScore="0.9" coherenceScore="0.05150214592274678">bn:00083460v</annotation>
		<annotation source="MCS" anchor="clefts" bfScore="--" coherenceScore="--">bn:00019684n</annotation>
		<annotation source="MCS" anchor="rock" bfScore="--" coherenceScore="--">bn:00068045n</annotation>
		<annotation source="BABELFY" anchor="habitation" bfScore="0.7703984819734345" coherenceScore="0.12017167381974249">bn:00000356n</annotation>
		<annotation source="MCS" anchor="high" bfScore="--" coherenceScore="--">bn:00104162a</annotation>
		<annotation source="MCS" anchor="bring" bfScore="--" coherenceScore="--">bn:00084058v</annotation>
		<annotation source="MCS" anchor="ground" bfScore="--" coherenceScore="--">bn:00028934n</annotation>
		<annotation source="MCS" anchor="exalt" bfScore="--" coherenceScore="--">bn:00087785v</annotation>
		<annotation source="MCS" anchor="thyself" bfScore="--" coherenceScore="--">bn:00066821n</annotation>
		<annotation source="BABELFY" anchor="eagle" bfScore="0.7620452310717798" coherenceScore="0.1072961373390558">bn:00010631n</annotation>
		<annotation source="MCS" anchor="nest" bfScore="--" coherenceScore="--">bn:00057353n</annotation>
		<annotation source="BABELFY" anchor="stars" bfScore="0.8716827063283756" coherenceScore="0.21030042918454936">bn:00073964n</annotation>
		<annotation source="BABELFY" anchor="thieves" bfScore="0.7026209677419355" coherenceScore="0.1759656652360515">bn:00050004n</annotation>
		<annotation source="MCS" anchor="robbers" bfScore="--" coherenceScore="--">bn:00068012n</annotation>
		<annotation source="MCS" anchor="night" bfScore="--" coherenceScore="--">bn:00025236n</annotation>
		<annotation source="MCS" anchor="cut" bfScore="--" coherenceScore="--">bn:00086178v</annotation>
		<annotation source="MCS" anchor="cut off" bfScore="--" coherenceScore="--">bn:00083995v</annotation>
		<annotation source="BABELFY" anchor="stolen" bfScore="0.9896907216494846" coherenceScore="0.11587982832618025">bn:00094314v</annotation>
		<annotation source="MCS" anchor="leave" bfScore="--" coherenceScore="--">bn:00088939v</annotation>
		<annotation source="BABELFY" anchor="grapes" bfScore="0.7944915254237288" coherenceScore="0.06437768240343347">bn:00041400n</annotation>
		<annotation source="BABELFY" anchor="things" bfScore="0.9179743223965763" coherenceScore="0.14163090128755365">bn:00006125n</annotation>
		<annotation source="BABELFY" anchor="Esau" bfScore="1.0" coherenceScore="0.1072961373390558">bn:00031533n</annotation>
		<annotation source="MCS" anchor="searched" bfScore="--" coherenceScore="--">bn:00090460v</annotation>
		<annotation source="BABELFY" anchor="hidden" bfScore="0.8333333333333334" coherenceScore="0.02145922746781116">bn:00104150a</annotation>
		<annotation source="BABELFY" anchor="hidden things" bfScore="1.0" coherenceScore="0.004291845493562232">bn:03736608n</annotation>
		<annotation source="MCS" anchor="sought" bfScore="--" coherenceScore="--">bn:00093452v</annotation>
		<annotation source="BABELFY" anchor="men" bfScore="0.764690052439796" coherenceScore="0.8497854077253219">bn:00044576n</annotation>
		<annotation source="MCS" anchor="brought" bfScore="--" coherenceScore="--">bn:00084058v</annotation>
		<annotation source="BABELFY" anchor="border" bfScore="0.9542168674698795" coherenceScore="0.11587982832618025">bn:00012212n</annotation>
		<annotation source="MCS" anchor="peace" bfScore="--" coherenceScore="--">bn:00061149n</annotation>
		<annotation source="BABELFY" anchor="prevailed" bfScore="0.7396226415094339" coherenceScore="0.060085836909871244">bn:00087151v</annotation>
		<annotation source="MCS" anchor="eat" bfScore="--" coherenceScore="--">bn:00087460v</annotation>
		<annotation source="BABELFY" anchor="bread" bfScore="0.9762672135950776" coherenceScore="0.21030042918454936">bn:00012873n</annotation>
		<annotation source="MCS" anchor="laid" bfScore="--" coherenceScore="--">bn:00090224v</annotation>
		<annotation source="MCS" anchor="wound" bfScore="--" coherenceScore="--">bn:00050776n</annotation>
		<annotation source="MCS" anchor="understanding" bfScore="--" coherenceScore="--">bn:00095375v</annotation>
		<annotation source="MCS" anchor="day" bfScore="--" coherenceScore="--">bn:00000086n</annotation>
		<annotation source="MCS" anchor="destroy" bfScore="--" coherenceScore="--">bn:00086698v</annotation>
		<annotation source="MCS" anchor="wise" bfScore="--" coherenceScore="--">bn:00113905a</annotation>
		<annotation source="MCS" anchor="wise men" bfScore="--" coherenceScore="--">bn:00054392n</annotation>
		<annotation source="BABELFY" anchor="mount" bfScore="0.8471292708700247" coherenceScore="0.15879828326180256">bn:00056068n</annotation>
		<annotation source="BABELFY" anchor="mighty" bfScore="1.0" coherenceScore="0.02575107296137339">bn:00106713a</annotation>
		<annotation source="BABELFY" anchor="Teman" bfScore="1.0" coherenceScore="0.1072961373390558">bn:02171187n</annotation>
		<annotation source="BABELFY" anchor="dismayed" bfScore="0.873015873015873" coherenceScore="0.04291845493562232">bn:00084635v</annotation>
		<annotation source="MCS" anchor="end" bfScore="--" coherenceScore="--">bn:00030718n</annotation>
		<annotation source="MCS" anchor="slaughter" bfScore="--" coherenceScore="--">bn:00072078n</annotation>
		<annotation source="BABELFY" anchor="violence" bfScore="0.9710461622507511" coherenceScore="0.19313304721030042">bn:00035772n</annotation>
		<annotation source="MCS" anchor="brother" bfScore="--" coherenceScore="--">bn:00011357n</annotation>
		<annotation source="BABELFY" anchor="shame" bfScore="0.7122177185871453" coherenceScore="0.12875536480686695">bn:00027566n</annotation>
		<annotation source="MCS" anchor="cover" bfScore="--" coherenceScore="--">bn:00085903v</annotation>
		<annotation source="BABELFY" anchor="strangers" bfScore="1.0" coherenceScore="0.03862660944206009">bn:00074539n</annotation>
		<annotation source="MCS" anchor="carried" bfScore="--" coherenceScore="--">bn:00084554v</annotation>
		<annotation source="BABELFY" anchor="carried away" bfScore="1.0" coherenceScore="0.07296137339055794">bn:00083231v</annotation>
		<annotation source="BABELFY" anchor="captive" bfScore="0.9375" coherenceScore="0.02575107296137339">bn:00099242a</annotation>
		<annotation source="MCS" anchor="forces" bfScore="--" coherenceScore="--">bn:00035767n</annotation>
		<annotation source="BABELFY" anchor="foreigners" bfScore="0.8187134502923976" coherenceScore="0.060085836909871244">bn:00002725n</annotation>
		<annotation source="MCS" anchor="entered" bfScore="--" coherenceScore="--">bn:00085363v</annotation>
		<annotation source="MCS" anchor="gates" bfScore="--" coherenceScore="--">bn:00037486n</annotation>
		<annotation source="MCS" anchor="cast" bfScore="--" coherenceScore="--">bn:00016526n</annotation>
		<annotation source="BABELFY" anchor="cast lots" bfScore="1.0" coherenceScore="0.06437768240343347">bn:03285056n</annotation>
		<annotation source="BABELFY" anchor="lots" bfScore="0.7682775712515489" coherenceScore="0.13304721030042918">bn:00052062n</annotation>
		<annotation source="BABELFY" anchor="Jerusalem" bfScore="0.9673483616081804" coherenceScore="0.38626609442060084">bn:00015555n</annotation>
		<annotation source="MCS" anchor="looked" bfScore="--" coherenceScore="--">bn:00090448v</annotation>
		<annotation source="MCS" anchor="stranger" bfScore="--" coherenceScore="--">bn:00002726n</annotation>
		<annotation source="BABELFY" anchor="rejoiced" bfScore="0.9418604651162791" coherenceScore="0.03862660944206009">bn:00089996v</annotation>
		<annotation source="BABELFY" anchor="children" bfScore="0.8239992112009465" coherenceScore="0.26180257510729615">bn:00018346n</annotation>
		<annotation source="MCS" anchor="destruction" bfScore="--" coherenceScore="--">bn:00026610n</annotation>
		<annotation source="MCS" anchor="spoken" bfScore="--" coherenceScore="--">bn:00090943v</annotation>
		<annotation source="BABELFY" anchor="proudly" bfScore="1.0" coherenceScore="0.008583690987124463">bn:00116730r</annotation>
		<annotation source="MCS" anchor="distress" bfScore="--" coherenceScore="--">bn:00027786n</annotation>
		<annotation source="MCS" anchor="gate" bfScore="--" coherenceScore="--">bn:00037486n</annotation>
		<annotation source="BABELFY" anchor="people" bfScore="0.8503122980831359" coherenceScore="0.2017167381974249">bn:00061450n</annotation>
		<annotation source="BABELFY" anchor="calamity" bfScore="0.9838846480067854" coherenceScore="0.12446351931330472">bn:00014640n</annotation>
		<annotation source="BABELFY" anchor="yea" bfScore="1.0" coherenceScore="0.017167381974248927">bn:00117651r</annotation>
		<annotation source="MCS" anchor="affliction" bfScore="--" coherenceScore="--">bn:00001782n</annotation>
		<annotation source="MCS" anchor="hands" bfScore="--" coherenceScore="--">bn:00042759n</annotation>
		<annotation source="MCS" anchor="substance" bfScore="--" coherenceScore="--">bn:00074985n</annotation>
		<annotation source="MCS" anchor="stood" bfScore="--" coherenceScore="--">bn:00094275v</annotation>
		<annotation source="MCS" anchor="stood in" bfScore="--" coherenceScore="--">bn:00088187v</annotation>
		<annotation source="BABELFY" anchor="crossway" bfScore="1.0" coherenceScore="0.03862660944206009">bn:00016237n</annotation>
		<annotation source="MCS" anchor="escape" bfScore="--" coherenceScore="--">bn:00083978v</annotation>
		<annotation source="MCS" anchor="delivered" bfScore="--" coherenceScore="--">bn:00086530v</annotation>
		<annotation source="MCS" anchor="remain" bfScore="--" coherenceScore="--">bn:00092756v</annotation>
		<annotation source="BABELFY" anchor="day of the LORD" bfScore="1.0" coherenceScore="0.09012875536480687">bn:01057217n</annotation>
		<annotation source="MCS" anchor="near" bfScore="--" coherenceScore="--">bn:00099859a</annotation>
		<annotation source="MCS" anchor="reward" bfScore="--" coherenceScore="--">bn:00061123n</annotation>
		<annotation source="MCS" anchor="return" bfScore="--" coherenceScore="--">bn:00092969v</annotation>
		<annotation source="BABELFY" anchor="head" bfScore="0.8995445473619569" coherenceScore="0.4034334763948498">bn:00012681n</annotation>
		<annotation source="MCS" anchor="drunk" bfScore="--" coherenceScore="--">bn:00087321v</annotation>
		<annotation source="BABELFY" anchor="holy" bfScore="1.0" coherenceScore="0.06437768240343347">bn:00104250a</annotation>
		<annotation source="BABELFY" anchor="mountain" bfScore="0.9556093623890234" coherenceScore="0.15879828326180256">bn:00056068n</annotation>
		<annotation source="MCS" anchor="drink" bfScore="--" coherenceScore="--">bn:00028749n</annotation>
		<annotation source="BABELFY" anchor="continually" bfScore="1.0" coherenceScore="0.017167381974248927">bn:00114837r</annotation>
		<annotation source="MCS" anchor="drink" bfScore="--" coherenceScore="--">bn:00087321v</annotation>
		<annotation source="BABELFY" anchor="swallow" bfScore="0.8595988538681948" coherenceScore="0.05150214592274678">bn:00088759v</annotation>
		<annotation source="BABELFY" anchor="Zion" bfScore="0.9901887170245782" coherenceScore="0.648068669527897">bn:00047679n</annotation>
		<annotation source="BABELFY" anchor="deliverance" bfScore="0.8443465491923642" coherenceScore="0.09871244635193133">bn:00026061n</annotation>
		<annotation source="BABELFY" anchor="holiness" bfScore="1.0" coherenceScore="0.10300429184549356">bn:00044420n</annotation>
		<annotation source="BABELFY" anchor="house" bfScore="0.7096350139189607" coherenceScore="0.296137339055794">bn:00044994n</annotation>
		<annotation source="BABELFY" anchor="house of" bfScore="1.0" coherenceScore="0.060085836909871244">bn:00029305n</annotation>
		<annotation source="MCS" anchor="possess" bfScore="--" coherenceScore="--">bn:00091873v</annotation>
		<annotation source="BABELFY" anchor="possessions" bfScore="0.7750759878419453" coherenceScore="0.21888412017167383">bn:00059958n</annotation>
		<annotation source="BABELFY" anchor="fire" bfScore="0.7844410491469315" coherenceScore="0.26180257510729615">bn:00034625n</annotation>
		<annotation source="BABELFY" anchor="flame" bfScore="0.9635025302867658" coherenceScore="0.26180257510729615">bn:00034625n</annotation>
		<annotation source="BABELFY" anchor="stubble" bfScore="0.7916666666666666" coherenceScore="0.0815450643776824">bn:00074774n</annotation>
		<annotation source="MCS" anchor="kindle" bfScore="--" coherenceScore="--">bn:00089718v</annotation>
		<annotation source="MCS" anchor="devour" bfScore="--" coherenceScore="--">bn:00086763v</annotation>
		<annotation source="MCS" anchor="remaining" bfScore="--" coherenceScore="--">bn:00092756v</annotation>
		<annotation source="MCS" anchor="plain" bfScore="--" coherenceScore="--">bn:00017609n</annotation>
		<annotation source="BABELFY" anchor="Philistines" bfScore="0.8921933085501859" coherenceScore="0.13733905579399142">bn:00061969n</annotation>
		<annotation source="MCS" anchor="fields" bfScore="--" coherenceScore="--">bn:00034265n</annotation>
		<annotation source="BABELFY" anchor="Ephraim" bfScore="0.9068627450980392" coherenceScore="0.08583690987124463">bn:03241091n</annotation>
		<annotation source="MCS" anchor="Benjamin" bfScore="--" coherenceScore="--">bn:00006220n</annotation>
		<annotation source="BABELFY" anchor="captivity" bfScore="0.8817766165904638" coherenceScore="0.12875536480686695">bn:00015771n</annotation>
		<annotation source="MCS" anchor="host" bfScore="--" coherenceScore="--">bn:00044910n</annotation>
		<annotation source="BABELFY" anchor="children of Israel" bfScore="1.0" coherenceScore="0.24034334763948498">bn:00043496n</annotation>
		<annotation source="BABELFY" anchor="Israel" bfScore="0.90843795082722" coherenceScore="0.648068669527897">bn:00047679n</annotation>
		<annotation source="BABELFY" anchor="Canaanites" bfScore="0.9949112292208526" coherenceScore="0.3562231759656652">bn:00015109n</annotation>
		<annotation source="BABELFY" anchor="Sepharad" bfScore="1.0" coherenceScore="0.04721030042918455">bn:03529327n</annotation>
		<annotation source="BABELFY" anchor="cities" bfScore="0.7748704272128013" coherenceScore="0.37339055793991416">bn:03335997n</annotation>
		<annotation source="BABELFY" anchor="saviours" bfScore="0.994659268904867" coherenceScore="0.6266094420600858">bn:00018805n</annotation>
		<annotation source="MCS" anchor="mount" bfScore="--" coherenceScore="--">bn:00090934v</annotation>
		<annotation source="MCS" anchor="judge" bfScore="--" coherenceScore="--">bn:00090000v</annotation>
		<annotation source="BABELFY" anchor="kingdom" bfScore="0.9272727272727272" coherenceScore="0.21888412017167383">bn:00055624n</annotation>
	</annotations>
</paragraph>
