<?xml version="1.0" encoding="utf-8"?>
<dataset language="EN" title="ZEP">
<paragraph id="p.1">
	<text>
		The word of the LORD which came unto Zephaniah the son of Cushi , the son of Gedaliah , the son of Amariah , the son of Hizkiah , in the days of Josiah the son of Amon , king of Judah .
		I will utterly consume all things from off the land , saith the LORD .
		I will consume man and beast ; I will consume the fowls of the heaven , and the fishes of the sea , and the stumblingblocks with the wicked ; and I will cut off man from off the land , saith the LORD .
		I will also stretch out mine hand upon Judah , and upon all the inhabitants of Jerusalem ; and I will cut off the remnant of Baal from this place , and the name of the Chemarims with the priests ;
		And them that worship the host of heaven upon the housetops ; and them that worship and that swear by the LORD , and that swear by Malcham ;
		And them that are turned back from the LORD ; and those that have not sought the LORD , nor inquired for him .
		Hold thy peace at the presence of the Lord GOD : for the day of the LORD is at hand : for the LORD hath prepared a sacrifice , he hath bid his guests .
		And it shall come to pass in the day of the LORD&amp;apos;s sacrifice , that I will punish the princes , and the king&amp;apos;s children , and all such as are clothed with strange apparel .
		In the same day also will I punish all those that leap on the threshold , which fill their masters &amp;apos; houses with violence and deceit .
		And it shall come to pass in that day , saith the LORD , that there shall be the noise of a cry from the fish gate , and an howling from the second , and a great crashing from the hills .
		Howl , ye inhabitants of Maktesh , for all the merchant people are cut down ; all they that bear silver are cut off .
		And it shall come to pass at that time , that I will search Jerusalem with candles , and punish the men that are settled on their lees : that say in their heart , The LORD will not do good , neither will he do evil .
		Therefore their goods shall become a booty , and their houses a desolation : they shall also build houses , but not inhabit them ; and they shall plant vineyards , but not drink the wine thereof .
		The great day of the LORD is near , it is near , and hasteth greatly , even the voice of the day of the LORD : the mighty man shall cry there bitterly .
		That day is a day of wrath , a day of trouble and distress , a day of wasteness and desolation , a day of darkness and gloominess , a day of clouds and thick darkness ,
		A day of the trumpet and alarm against the fenced cities , and against the high towers .
		And I will bring distress upon men , that they shall walk like blind men , because they have sinned against the LORD : and their blood shall be poured out as dust , and their flesh as the dung .
		Neither their silver nor their gold shall be able to deliver them in the day of the LORD&amp;apos;s wrath ; but the whole land shall be devoured by the fire of his jealousy : for he shall make even a speedy riddance of all them that dwell in the land .
	</text>
	<annotations>
		<annotation source="BABELFY" anchor="word" bfScore="0.7258277513484273" coherenceScore="0.6073059360730594">bn:00010217n</annotation>
		<annotation source="BABELFY" anchor="Zephaniah" bfScore="0.9230454359394188" coherenceScore="0.1872146118721461">bn:00012112n</annotation>
		<annotation source="BABELFY" anchor="son" bfScore="0.8974559076010613" coherenceScore="0.228310502283105">bn:00051877n</annotation>
		<annotation source="BABELFY" anchor="Cushi" bfScore="1.0" coherenceScore="0.0684931506849315">bn:00980929n</annotation>
		<annotation source="BABELFY" anchor="Gedaliah" bfScore="1.0" coherenceScore="0.0410958904109589">bn:03471956n</annotation>
		<annotation source="BABELFY" anchor="Amariah" bfScore="0.9130434782608695" coherenceScore="0.0547945205479452">bn:03544456n</annotation>
		<annotation source="BABELFY" anchor="Hizkiah" bfScore="1.0" coherenceScore="0.0776255707762557">bn:00032570n</annotation>
		<annotation source="MCS" anchor="days" bfScore="--" coherenceScore="--">bn:00000086n</annotation>
		<annotation source="BABELFY" anchor="Josiah" bfScore="0.8391393442622951" coherenceScore="0.0958904109589041">bn:03463650n</annotation>
		<annotation source="MCS" anchor="Amon" bfScore="--" coherenceScore="--">bn:00003325n</annotation>
		<annotation source="BABELFY" anchor="Amon , king of Judah" bfScore="1.0" coherenceScore="0.0547945205479452">bn:03598312n</annotation>
		<annotation source="BABELFY" anchor="king" bfScore="0.8851744186046512" coherenceScore="0.2648401826484018">bn:00024097n</annotation>
		<annotation source="BABELFY" anchor="king of Judah" bfScore="1.0" coherenceScore="0.0547945205479452">bn:00704911n</annotation>
		<annotation source="BABELFY" anchor="utterly" bfScore="1.0" coherenceScore="0.0091324200913242">bn:00114091r</annotation>
		<annotation source="MCS" anchor="consume" bfScore="--" coherenceScore="--">bn:00085688v</annotation>
		<annotation source="BABELFY" anchor="things" bfScore="0.9563134160090192" coherenceScore="0.1780821917808219">bn:00006125n</annotation>
		<annotation source="BABELFY" anchor="land" bfScore="0.8705804350019458" coherenceScore="0.6894977168949772">bn:00023236n</annotation>
		<annotation source="MCS" anchor="saith" bfScore="--" coherenceScore="--">bn:00093287v</annotation>
		<annotation source="BABELFY" anchor="man" bfScore="0.7393884375855233" coherenceScore="0.867579908675799">bn:00044576n</annotation>
		<annotation source="BABELFY" anchor="man and beast" bfScore="1.0" coherenceScore="0.0045662100456621">bn:01976376n</annotation>
		<annotation source="BABELFY" anchor="beast" bfScore="0.9758549244056044" coherenceScore="0.6484018264840182">bn:00004222n</annotation>
		<annotation source="BABELFY" anchor="fowls" bfScore="0.917193789534215" coherenceScore="0.1324200913242009">bn:00028155n</annotation>
		<annotation source="MCS" anchor="heaven" bfScore="--" coherenceScore="--">bn:00029734n</annotation>
		<annotation source="BABELFY" anchor="fishes" bfScore="0.8524590163934426" coherenceScore="0.2831050228310502">bn:00062612n</annotation>
		<annotation source="MCS" anchor="sea" bfScore="--" coherenceScore="--">bn:00069946n</annotation>
		<annotation source="MCS" anchor="wicked" bfScore="--" coherenceScore="--">bn:00113857a</annotation>
		<annotation source="MCS" anchor="cut" bfScore="--" coherenceScore="--">bn:00086178v</annotation>
		<annotation source="MCS" anchor="cut off" bfScore="--" coherenceScore="--">bn:00083995v</annotation>
		<annotation source="MCS" anchor="stretch" bfScore="--" coherenceScore="--">bn:00094441v</annotation>
		<annotation source="MCS" anchor="stretch out" bfScore="--" coherenceScore="--">bn:00087910v</annotation>
		<annotation source="MCS" anchor="hand" bfScore="--" coherenceScore="--">bn:00042759n</annotation>
		<annotation source="BABELFY" anchor="inhabitants" bfScore="0.726672171758877" coherenceScore="0.1004566210045662">bn:00026239n</annotation>
		<annotation source="BABELFY" anchor="Jerusalem" bfScore="0.9614483068176151" coherenceScore="0.4657534246575342">bn:00015555n</annotation>
		<annotation source="BABELFY" anchor="remnant" bfScore="0.7964601769911505" coherenceScore="0.0821917808219178">bn:00050539n</annotation>
		<annotation source="BABELFY" anchor="Baal" bfScore="0.7344864864864865" coherenceScore="0.1963470319634703">bn:00007616n</annotation>
		<annotation source="MCS" anchor="place" bfScore="--" coherenceScore="--">bn:00062699n</annotation>
		<annotation source="BABELFY" anchor="priests" bfScore="0.7360563079876293" coherenceScore="0.2648401826484018">bn:00064346n</annotation>
		<annotation source="BABELFY" anchor="worship" bfScore="0.8620689655172413" coherenceScore="0.0821917808219178">bn:00095832v</annotation>
		<annotation source="MCS" anchor="host" bfScore="--" coherenceScore="--">bn:00044910n</annotation>
		<annotation source="BABELFY" anchor="host of heaven" bfScore="1.0" coherenceScore="0.1415525114155251">bn:03152811n</annotation>
		<annotation source="BABELFY" anchor="housetops" bfScore="1.0" coherenceScore="0.1324200913242009">bn:00045049n</annotation>
		<annotation source="BABELFY" anchor="worship" bfScore="0.8643022359290671" coherenceScore="0.1735159817351598">bn:00081651n</annotation>
		<annotation source="MCS" anchor="swear" bfScore="--" coherenceScore="--">bn:00083560v</annotation>
		<annotation source="MCS" anchor="swear by" bfScore="--" coherenceScore="--">bn:13639937v</annotation>
		<annotation source="MCS" anchor="turned" bfScore="--" coherenceScore="--">bn:00095233v</annotation>
		<annotation source="MCS" anchor="turned back" bfScore="--" coherenceScore="--">bn:00083018v</annotation>
		<annotation source="MCS" anchor="sought" bfScore="--" coherenceScore="--">bn:00093452v</annotation>
		<annotation source="BABELFY" anchor="inquired" bfScore="0.717391304347826" coherenceScore="0.0502283105022831">bn:00087656v</annotation>
		<annotation source="MCS" anchor="Hold" bfScore="--" coherenceScore="--">bn:00089384v</annotation>
		<annotation source="MCS" anchor="peace" bfScore="--" coherenceScore="--">bn:00061149n</annotation>
		<annotation source="MCS" anchor="presence" bfScore="--" coherenceScore="--">bn:00064201n</annotation>
		<annotation source="BABELFY" anchor="presence of the Lord" bfScore="1.0" coherenceScore="0.0045662100456621">bn:01272368n</annotation>
		<annotation source="BABELFY" anchor="GOD" bfScore="0.7649207051241549" coherenceScore="0.6757990867579908">bn:00040878n</annotation>
		<annotation source="BABELFY" anchor="day" bfScore="0.7072717331875342" coherenceScore="0.2237442922374429">bn:00000086n</annotation>
		<annotation source="BABELFY" anchor="day of the LORD" bfScore="1.0" coherenceScore="0.1095890410958904">bn:01057217n</annotation>
		<annotation source="MCS" anchor="prepared" bfScore="--" coherenceScore="--">bn:00088250v</annotation>
		<annotation source="BABELFY" anchor="sacrifice" bfScore="0.9741620111731844" coherenceScore="0.273972602739726">bn:00067941n</annotation>
		<annotation source="MCS" anchor="bid" bfScore="--" coherenceScore="--">bn:00083472v</annotation>
		<annotation source="BABELFY" anchor="guests" bfScore="0.8950749464668094" coherenceScore="0.0867579908675799">bn:15966341n</annotation>
		<annotation source="MCS" anchor="pass" bfScore="--" coherenceScore="--">bn:00088932v</annotation>
		<annotation source="BABELFY" anchor="punish" bfScore="1.0" coherenceScore="0.045662100456621">bn:00091527v</annotation>
		<annotation source="BABELFY" anchor="princes" bfScore="0.7736367202824637" coherenceScore="0.1552511415525114">bn:00064405n</annotation>
		<annotation source="BABELFY" anchor="children" bfScore="0.846714865550482" coherenceScore="0.3607305936073059">bn:00018346n</annotation>
		<annotation source="MCS" anchor="clothed" bfScore="--" coherenceScore="--">bn:00082684v</annotation>
		<annotation source="BABELFY" anchor="strange" bfScore="0.7111111111111111" coherenceScore="0.0365296803652968">bn:00103206a</annotation>
		<annotation source="BABELFY" anchor="apparel" bfScore="0.7884344146685472" coherenceScore="0.1780821917808219">bn:00006125n</annotation>
		<annotation source="MCS" anchor="leap" bfScore="--" coherenceScore="--">bn:00083833v</annotation>
		<annotation source="MCS" anchor="threshold" bfScore="--" coherenceScore="--">bn:00077055n</annotation>
		<annotation source="MCS" anchor="fill" bfScore="--" coherenceScore="--">bn:00088175v</annotation>
		<annotation source="MCS" anchor="masters" bfScore="--" coherenceScore="--">bn:00052664n</annotation>
		<annotation source="BABELFY" anchor="houses" bfScore="0.7412932468873716" coherenceScore="0.3881278538812785">bn:00044994n</annotation>
		<annotation source="BABELFY" anchor="violence" bfScore="0.935884525008392" coherenceScore="0.1872146118721461">bn:00035772n</annotation>
		<annotation source="BABELFY" anchor="deceit" bfScore="0.7236842105263158" coherenceScore="0.0684931506849315">bn:00025681n</annotation>
		<annotation source="MCS" anchor="noise" bfScore="--" coherenceScore="--">bn:00057863n</annotation>
		<annotation source="BABELFY" anchor="cry" bfScore="0.7233057045343735" coherenceScore="0.1963470319634703">bn:00014793n</annotation>
		<annotation source="BABELFY" anchor="fish" bfScore="0.8524590163934426" coherenceScore="0.2831050228310502">bn:00062612n</annotation>
		<annotation source="MCS" anchor="gate" bfScore="--" coherenceScore="--">bn:00037486n</annotation>
		<annotation source="MCS" anchor="howling" bfScore="--" coherenceScore="--">bn:00089496v</annotation>
		<annotation source="BABELFY" anchor="great" bfScore="0.81640625" coherenceScore="0.0502283105022831">bn:00098352a</annotation>
		<annotation source="MCS" anchor="crashing" bfScore="--" coherenceScore="--">bn:00085975v</annotation>
		<annotation source="MCS" anchor="hills" bfScore="--" coherenceScore="--">bn:00044141n</annotation>
		<annotation source="BABELFY" anchor="Howl" bfScore="0.7150872817955112" coherenceScore="0.1415525114155251">bn:15872208n</annotation>
		<annotation source="BABELFY" anchor="merchant" bfScore="0.995850622406639" coherenceScore="0.0684931506849315">bn:00054417n</annotation>
		<annotation source="BABELFY" anchor="people" bfScore="0.788430637386181" coherenceScore="0.2100456621004566">bn:00061450n</annotation>
		<annotation source="MCS" anchor="cut down" bfScore="--" coherenceScore="--">bn:00084079v</annotation>
		<annotation source="BABELFY" anchor="bear" bfScore="0.87523003312477" coherenceScore="0.1872146118721461">bn:00009342n</annotation>
		<annotation source="BABELFY" anchor="silver" bfScore="0.8590679393599102" coherenceScore="0.2465753424657534">bn:00001887n</annotation>
		<annotation source="BABELFY" anchor="time" bfScore="0.8848292640542185" coherenceScore="0.4246575342465753">bn:00077270n</annotation>
		<annotation source="MCS" anchor="search" bfScore="--" coherenceScore="--">bn:00090460v</annotation>
		<annotation source="BABELFY" anchor="candles" bfScore="0.9248554913294798" coherenceScore="0.182648401826484">bn:00015211n</annotation>
		<annotation source="BABELFY" anchor="men" bfScore="0.7393884375855233" coherenceScore="0.867579908675799">bn:00044576n</annotation>
		<annotation source="MCS" anchor="settled" bfScore="--" coherenceScore="--">bn:00093535v</annotation>
		<annotation source="BABELFY" anchor="lees" bfScore="0.99" coherenceScore="0.0410958904109589">bn:00050516n</annotation>
		<annotation source="MCS" anchor="heart" bfScore="--" coherenceScore="--">bn:00012289n</annotation>
		<annotation source="MCS" anchor="good" bfScore="--" coherenceScore="--">bn:00103672a</annotation>
		<annotation source="MCS" anchor="evil" bfScore="--" coherenceScore="--">bn:00102474a</annotation>
		<annotation source="MCS" anchor="goods" bfScore="--" coherenceScore="--">bn:00041059n</annotation>
		<annotation source="BABELFY" anchor="booty" bfScore="0.9664429530201343" coherenceScore="0.0547945205479452">bn:00012193n</annotation>
		<annotation source="BABELFY" anchor="desolation" bfScore="0.8211068211068211" coherenceScore="0.1004566210045662">bn:00026574n</annotation>
		<annotation source="MCS" anchor="build" bfScore="--" coherenceScore="--">bn:00084198v</annotation>
		<annotation source="BABELFY" anchor="inhabit" bfScore="0.7444987775061125" coherenceScore="0.0958904109589041">bn:00087441v</annotation>
		<annotation source="MCS" anchor="plant" bfScore="--" coherenceScore="--">bn:00091692v</annotation>
		<annotation source="MCS" anchor="vineyards" bfScore="--" coherenceScore="--">bn:00080018n</annotation>
		<annotation source="MCS" anchor="drink" bfScore="--" coherenceScore="--">bn:00087321v</annotation>
		<annotation source="BABELFY" anchor="wine" bfScore="0.913471778487753" coherenceScore="0.2146118721461187">bn:00080022n</annotation>
		<annotation source="BABELFY" anchor="great day" bfScore="0.9" coherenceScore="0.0136986301369863">bn:00610160n</annotation>
		<annotation source="BABELFY" anchor="near" bfScore="0.7358490566037735" coherenceScore="0.0593607305936073">bn:00100981a</annotation>
		<annotation source="BABELFY" anchor="greatly" bfScore="1.0" coherenceScore="0.0547945205479452">bn:00115553r</annotation>
		<annotation source="BABELFY" anchor="voice" bfScore="0.8026010218300046" coherenceScore="0.2922374429223744">bn:00072794n</annotation>
		<annotation source="BABELFY" anchor="mighty" bfScore="1.0" coherenceScore="0.0319634703196347">bn:00106713a</annotation>
		<annotation source="MCS" anchor="cry" bfScore="--" coherenceScore="--">bn:00084388v</annotation>
		<annotation source="BABELFY" anchor="bitterly" bfScore="1.0" coherenceScore="0.0136986301369863">bn:00114570r</annotation>
		<annotation source="BABELFY" anchor="day of wrath" bfScore="0.8" coherenceScore="0.0365296803652968">bn:17178478n</annotation>
		<annotation source="MCS" anchor="wrath" bfScore="--" coherenceScore="--">bn:00081680n</annotation>
		<annotation source="MCS" anchor="trouble" bfScore="--" coherenceScore="--">bn:00064527n</annotation>
		<annotation source="MCS" anchor="distress" bfScore="--" coherenceScore="--">bn:00027786n</annotation>
		<annotation source="MCS" anchor="wasteness" bfScore="--" coherenceScore="--">bn:13609458n</annotation>
		<annotation source="BABELFY" anchor="day of darkness" bfScore="1.0" coherenceScore="0.0091324200913242">bn:03147585n</annotation>
		<annotation source="MCS" anchor="darkness" bfScore="--" coherenceScore="--">bn:00025233n</annotation>
		<annotation source="BABELFY" anchor="gloominess" bfScore="0.8767123287671232" coherenceScore="0.0365296803652968">bn:00040702n</annotation>
		<annotation source="BABELFY" anchor="clouds" bfScore="0.8235294117647058" coherenceScore="0.1917808219178082">bn:00020002n</annotation>
		<annotation source="MCS" anchor="thick" bfScore="--" coherenceScore="--">bn:00111824a</annotation>
		<annotation source="BABELFY" anchor="trumpet" bfScore="0.8608695652173913" coherenceScore="0.1004566210045662">bn:00022750n</annotation>
		<annotation source="BABELFY" anchor="alarm" bfScore="0.7023411371237458" coherenceScore="0.1278538812785388">bn:00002413n</annotation>
		<annotation source="BABELFY" anchor="fenced" bfScore="0.896414342629482" coherenceScore="0.0684931506849315">bn:00088116v</annotation>
		<annotation source="BABELFY" anchor="cities" bfScore="0.7946835443037975" coherenceScore="0.3333333333333333">bn:03335997n</annotation>
		<annotation source="BABELFY" anchor="high" bfScore="0.7746478873239436" coherenceScore="0.045662100456621">bn:00104164a</annotation>
		<annotation source="BABELFY" anchor="towers" bfScore="0.7739192062367115" coherenceScore="0.1278538812785388">bn:00077766n</annotation>
		<annotation source="MCS" anchor="bring" bfScore="--" coherenceScore="--">bn:00084058v</annotation>
		<annotation source="MCS" anchor="walk" bfScore="--" coherenceScore="--">bn:00095597v</annotation>
		<annotation source="MCS" anchor="blind" bfScore="--" coherenceScore="--">bn:00098562a</annotation>
		<annotation source="MCS" anchor="sinned" bfScore="--" coherenceScore="--">bn:00093756v</annotation>
		<annotation source="BABELFY" anchor="blood" bfScore="0.8516072565245066" coherenceScore="0.3515981735159817">bn:00011346n</annotation>
		<annotation source="MCS" anchor="poured" bfScore="--" coherenceScore="--">bn:00091897v</annotation>
		<annotation source="MCS" anchor="dust" bfScore="--" coherenceScore="--">bn:00029192n</annotation>
		<annotation source="MCS" anchor="flesh" bfScore="--" coherenceScore="--">bn:00035182n</annotation>
		<annotation source="BABELFY" anchor="dung" bfScore="0.9918032786885246" coherenceScore="0.0502283105022831">bn:00028852n</annotation>
		<annotation source="MCS" anchor="gold" bfScore="--" coherenceScore="--">bn:00040921n</annotation>
		<annotation source="MCS" anchor="able" bfScore="--" coherenceScore="--">bn:00096151a</annotation>
		<annotation source="MCS" anchor="deliver" bfScore="--" coherenceScore="--">bn:00086530v</annotation>
		<annotation source="MCS" anchor="devoured" bfScore="--" coherenceScore="--">bn:00086763v</annotation>
		<annotation source="BABELFY" anchor="fire" bfScore="0.849787553111722" coherenceScore="0.3881278538812785">bn:00034625n</annotation>
		<annotation source="MCS" anchor="jealousy" bfScore="--" coherenceScore="--">bn:00041654n</annotation>
		<annotation source="BABELFY" anchor="speedy" bfScore="0.8013698630136986" coherenceScore="0.0410958904109589">bn:00109438a</annotation>
		<annotation source="BABELFY" anchor="riddance" bfScore="0.995575221238938" coherenceScore="0.136986301369863">bn:00030015n</annotation>
	</annotations>
</paragraph>
<paragraph id="p.2">
	<text>
		Gather yourselves together , yea , gather together , O nation not desired ;
		Before the decree bring forth , before the day pass as the chaff , before the fierce anger of the LORD come upon you , before the day of the LORD&amp;apos;s anger come upon you .
		Seek ye the LORD , all ye meek of the earth , which have wrought his judgment ; seek righteousness , seek meekness : it may be ye shall be hid in the day of the LORD&amp;apos;s anger .
		For Gaza shall be forsaken , and Ashkelon a desolation : they shall drive out Ashdod at the noon day , and Ekron shall be rooted up .
		Woe unto the inhabitants of the sea coast , the nation of the Cherethites ! the word of the LORD is against you ; O Canaan , the land of the Philistines , I will even destroy thee , that there shall be no inhabitant .
		And the sea coast shall be dwellings and cottages for shepherds , and folds for flocks .
		And the coast shall be for the remnant of the house of Judah ; they shall feed thereupon : in the houses of Ashkelon shall they lie down in the evening : for the LORD their God shall visit them , and turn away their captivity .
		I have heard the reproach of Moab , and the revilings of the children of Ammon , whereby they have reproached my people , and magnified themselves against their border .
		Therefore as I live , saith the LORD of hosts , the God of Israel , Surely Moab shall be as Sodom , and the children of Ammon as Gomorrah , even the breeding of nettles , and saltpits , and a perpetual desolation : the residue of my people shall spoil them , and the remnant of my people shall possess them .
		This shall they have for their pride , because they have reproached and magnified themselves against the people of the LORD of hosts .
		The LORD will be terrible unto them : for he will famish all the gods of the earth ; and men shall worship him , every one from his place , even all the isles of the heathen .
		Ye Ethiopians also , ye shall be slain by my sword .
		And he will stretch out his hand against the north , and destroy Assyria ; and will make Nineveh a desolation , and dry like a wilderness .
		And flocks shall lie down in the midst of her , all the beasts of the nations : both the cormorant and the bittern shall lodge in the upper lintels of it ; their voice shall sing in the windows ; desolation shall be in the thresholds : for he shall uncover the cedar work .
		This is the rejoicing city that dwelt carelessly , that said in her heart , I am , and there is none beside me : how is she become a desolation , a place for beasts to lie down in ! every one that passeth by her shall hiss , and wag his hand .
	</text>
	<annotations>
		<annotation source="BABELFY" anchor="Gather" bfScore="0.7619047619047619" coherenceScore="0.0223463687150838">bn:00037500n</annotation>
		<annotation source="BABELFY" anchor="Gather yourselves together" bfScore="1.0" coherenceScore="0.0223463687150838">bn:03406352n</annotation>
		<annotation source="BABELFY" anchor="yea" bfScore="1.0" coherenceScore="0.0111731843575419">bn:00117651r</annotation>
		<annotation source="MCS" anchor="gather" bfScore="--" coherenceScore="--">bn:00085289v</annotation>
		<annotation source="BABELFY" anchor="nation" bfScore="0.8672446658058169" coherenceScore="0.7206703910614525">bn:00023236n</annotation>
		<annotation source="BABELFY" anchor="desired" bfScore="0.8943089430894309" coherenceScore="0.061452513966480445">bn:00086682v</annotation>
		<annotation source="BABELFY" anchor="decree" bfScore="0.769811320754717" coherenceScore="0.0670391061452514">bn:00025781n</annotation>
		<annotation source="MCS" anchor="bring" bfScore="--" coherenceScore="--">bn:00084058v</annotation>
		<annotation source="MCS" anchor="bring forth" bfScore="--" coherenceScore="--">bn:00084080v</annotation>
		<annotation source="BABELFY" anchor="day" bfScore="0.7238325281803543" coherenceScore="0.16201117318435754">bn:00000086n</annotation>
		<annotation source="BABELFY" anchor="day pass" bfScore="1.0" coherenceScore="0.027932960893854747">bn:00077974n</annotation>
		<annotation source="MCS" anchor="pass" bfScore="--" coherenceScore="--">bn:00008800n</annotation>
		<annotation source="MCS" anchor="chaff" bfScore="--" coherenceScore="--">bn:00017474n</annotation>
		<annotation source="MCS" anchor="fierce" bfScore="--" coherenceScore="--">bn:00102901a</annotation>
		<annotation source="MCS" anchor="anger" bfScore="--" coherenceScore="--">bn:00004085n</annotation>
		<annotation source="BABELFY" anchor="day of the LORD" bfScore="1.0" coherenceScore="0.11731843575418995">bn:01057217n</annotation>
		<annotation source="MCS" anchor="Seek" bfScore="--" coherenceScore="--">bn:00093452v</annotation>
		<annotation source="MCS" anchor="meek" bfScore="--" coherenceScore="--">bn:00106570a</annotation>
		<annotation source="BABELFY" anchor="earth" bfScore="0.9342981186685962" coherenceScore="0.6033519553072626">bn:00029424n</annotation>
		<annotation source="MCS" anchor="judgment" bfScore="--" coherenceScore="--">bn:00048493n</annotation>
		<annotation source="MCS" anchor="seek" bfScore="--" coherenceScore="--">bn:00093452v</annotation>
		<annotation source="BABELFY" anchor="righteousness" bfScore="0.9080590238365494" coherenceScore="0.13966480446927373">bn:14362002n</annotation>
		<annotation source="BABELFY" anchor="meekness" bfScore="0.8547008547008547" coherenceScore="0.055865921787709494">bn:01015731n</annotation>
		<annotation source="BABELFY" anchor="hid" bfScore="0.9545454545454546" coherenceScore="0.0670391061452514">bn:00089332v</annotation>
		<annotation source="BABELFY" anchor="forsaken" bfScore="1.0" coherenceScore="0.0782122905027933">bn:00082122v</annotation>
		<annotation source="BABELFY" anchor="Ashkelon" bfScore="1.0" coherenceScore="0.11173184357541899">bn:03355820n</annotation>
		<annotation source="MCS" anchor="desolation" bfScore="--" coherenceScore="--">bn:00026573n</annotation>
		<annotation source="MCS" anchor="drive" bfScore="--" coherenceScore="--">bn:00087327v</annotation>
		<annotation source="MCS" anchor="drive out" bfScore="--" coherenceScore="--">bn:00084834v</annotation>
		<annotation source="BABELFY" anchor="Ashdod" bfScore="1.0" coherenceScore="0.1340782122905028">bn:02228498n</annotation>
		<annotation source="BABELFY" anchor="noon" bfScore="0.7103960396039604" coherenceScore="0.0782122905027933">bn:00044075n</annotation>
		<annotation source="BABELFY" anchor="Ekron" bfScore="1.0" coherenceScore="0.10614525139664804">bn:03096482n</annotation>
		<annotation source="MCS" anchor="rooted" bfScore="--" coherenceScore="--">bn:00093109v</annotation>
		<annotation source="BABELFY" anchor="Woe" bfScore="1.0" coherenceScore="0.00558659217877095">bn:14828838n</annotation>
		<annotation source="BABELFY" anchor="inhabitants" bfScore="0.8056042031523643" coherenceScore="0.16759776536312848">bn:00026239n</annotation>
		<annotation source="MCS" anchor="sea" bfScore="--" coherenceScore="--">bn:00069946n</annotation>
		<annotation source="BABELFY" anchor="sea coast" bfScore="1.0" coherenceScore="0.13966480446927373">bn:00020164n</annotation>
		<annotation source="BABELFY" anchor="coast" bfScore="0.8067226890756303" coherenceScore="0.1340782122905028">bn:00020164n</annotation>
		<annotation source="BABELFY" anchor="word" bfScore="0.7553992968357609" coherenceScore="0.5251396648044693">bn:00010217n</annotation>
		<annotation source="BABELFY" anchor="Canaan" bfScore="0.9801379310344828" coherenceScore="0.4748603351955307">bn:00015109n</annotation>
		<annotation source="BABELFY" anchor="land" bfScore="0.8400719137035557" coherenceScore="0.7206703910614525">bn:00023236n</annotation>
		<annotation source="BABELFY" anchor="Philistines" bfScore="0.9042844120328167" coherenceScore="0.1787709497206704">bn:00061969n</annotation>
		<annotation source="BABELFY" anchor="destroy" bfScore="0.7433035714285714" coherenceScore="0.05027932960893855">bn:00086699v</annotation>
		<annotation source="BABELFY" anchor="inhabitant" bfScore="0.8131487889273357" coherenceScore="0.16759776536312848">bn:00026239n</annotation>
		<annotation source="BABELFY" anchor="dwellings" bfScore="0.8041213768115942" coherenceScore="0.3743016759776536">bn:00044994n</annotation>
		<annotation source="BABELFY" anchor="cottages" bfScore="0.8966521106259098" coherenceScore="0.12290502793296089">bn:00013888n</annotation>
		<annotation source="MCS" anchor="shepherds" bfScore="--" coherenceScore="--">bn:00071033n</annotation>
		<annotation source="BABELFY" anchor="folds" bfScore="0.972972972972973" coherenceScore="0.0335195530726257">bn:00088413v</annotation>
		<annotation source="BABELFY" anchor="flocks" bfScore="0.8135593220338984" coherenceScore="0.0893854748603352">bn:00088332v</annotation>
		<annotation source="MCS" anchor="remnant" bfScore="--" coherenceScore="--">bn:00050539n</annotation>
		<annotation source="MCS" anchor="house" bfScore="--" coherenceScore="--">bn:00044994n</annotation>
		<annotation source="BABELFY" anchor="house of" bfScore="1.0" coherenceScore="0.11731843575418995">bn:00029305n</annotation>
		<annotation source="BABELFY" anchor="house of Judah" bfScore="1.0" coherenceScore="0.16759776536312848">bn:00982928n</annotation>
		<annotation source="MCS" anchor="feed" bfScore="--" coherenceScore="--">bn:00088084v</annotation>
		<annotation source="MCS" anchor="houses" bfScore="--" coherenceScore="--">bn:00044994n</annotation>
		<annotation source="MCS" anchor="lie" bfScore="--" coherenceScore="--">bn:00090321v</annotation>
		<annotation source="BABELFY" anchor="lie down" bfScore="1.0" coherenceScore="0.027932960893854747">bn:00090326v</annotation>
		<annotation source="BABELFY" anchor="evening" bfScore="0.7640449438202247" coherenceScore="0.11173184357541899">bn:00031998n</annotation>
		<annotation source="BABELFY" anchor="God" bfScore="0.8024373095851887" coherenceScore="0.5977653631284916">bn:00040878n</annotation>
		<annotation source="MCS" anchor="visit" bfScore="--" coherenceScore="--">bn:00093433v</annotation>
		<annotation source="MCS" anchor="turn" bfScore="--" coherenceScore="--">bn:00095233v</annotation>
		<annotation source="BABELFY" anchor="turn away" bfScore="0.9407114624505929" coherenceScore="0.0782122905027933">bn:00095252v</annotation>
		<annotation source="BABELFY" anchor="captivity" bfScore="0.8268551236749117" coherenceScore="0.1005586592178771">bn:00015771n</annotation>
		<annotation source="MCS" anchor="heard" bfScore="--" coherenceScore="--">bn:00089277v</annotation>
		<annotation source="BABELFY" anchor="reproach" bfScore="1.0" coherenceScore="0.061452513966480445">bn:00067210n</annotation>
		<annotation source="MCS" anchor="Moab" bfScore="--" coherenceScore="--">bn:00055702n</annotation>
		<annotation source="BABELFY" anchor="children" bfScore="0.8237056054771074" coherenceScore="0.30726256983240224">bn:00018346n</annotation>
		<annotation source="MCS" anchor="Ammon" bfScore="--" coherenceScore="--">bn:00003325n</annotation>
		<annotation source="BABELFY" anchor="reproached" bfScore="1.0" coherenceScore="0.00558659217877095">bn:00092847v</annotation>
		<annotation source="BABELFY" anchor="people" bfScore="0.7592541815190568" coherenceScore="0.21787709497206703">bn:00061450n</annotation>
		<annotation source="BABELFY" anchor="magnified" bfScore="0.75" coherenceScore="0.0111731843575419">bn:00083679v</annotation>
		<annotation source="BABELFY" anchor="border" bfScore="0.9243577545195052" coherenceScore="0.16201117318435754">bn:00012212n</annotation>
		<annotation source="BABELFY" anchor="live" bfScore="0.8534954407294832" coherenceScore="0.15083798882681565">bn:00087441v</annotation>
		<annotation source="MCS" anchor="saith" bfScore="--" coherenceScore="--">bn:00093287v</annotation>
		<annotation source="BABELFY" anchor="LORD of hosts" bfScore="1.0" coherenceScore="0.1005586592178771">bn:03152811n</annotation>
		<annotation source="MCS" anchor="hosts" bfScore="--" coherenceScore="--">bn:00044910n</annotation>
		<annotation source="BABELFY" anchor="Israel" bfScore="0.9236155484558041" coherenceScore="0.6312849162011173">bn:00047679n</annotation>
		<annotation source="BABELFY" anchor="Surely" bfScore="1.0" coherenceScore="0.0111731843575419">bn:00114694r</annotation>
		<annotation source="MCS" anchor="Sodom" bfScore="--" coherenceScore="--">bn:00072612n</annotation>
		<annotation source="BABELFY" anchor="Gomorrah" bfScore="0.9076224129227662" coherenceScore="0.16201117318435754">bn:00041036n</annotation>
		<annotation source="MCS" anchor="breeding" bfScore="--" coherenceScore="--">bn:00012991n</annotation>
		<annotation source="BABELFY" anchor="nettles" bfScore="0.9074074074074074" coherenceScore="0.03910614525139665">bn:16009363n</annotation>
		<annotation source="BABELFY" anchor="perpetual" bfScore="1.0" coherenceScore="0.0111731843575419">bn:00096562a</annotation>
		<annotation source="BABELFY" anchor="perpetual desolation" bfScore="1.0" coherenceScore="0.00558659217877095">bn:01886425n</annotation>
		<annotation source="MCS" anchor="residue" bfScore="--" coherenceScore="--">bn:00067319n</annotation>
		<annotation source="MCS" anchor="spoil" bfScore="--" coherenceScore="--">bn:00083055v</annotation>
		<annotation source="MCS" anchor="possess" bfScore="--" coherenceScore="--">bn:00091873v</annotation>
		<annotation source="BABELFY" anchor="pride" bfScore="0.8483365949119374" coherenceScore="0.18994413407821228">bn:00064338n</annotation>
		<annotation source="BABELFY" anchor="terrible" bfScore="0.9548022598870056" coherenceScore="0.07262569832402235">bn:00097890a</annotation>
		<annotation source="MCS" anchor="famish" bfScore="--" coherenceScore="--">bn:00088028v</annotation>
		<annotation source="BABELFY" anchor="gods" bfScore="0.8024373095851887" coherenceScore="0.5977653631284916">bn:00040878n</annotation>
		<annotation source="BABELFY" anchor="men" bfScore="0.7269623079280305" coherenceScore="0.770949720670391">bn:00044576n</annotation>
		<annotation source="BABELFY" anchor="worship" bfScore="0.75" coherenceScore="0.08379888268156424">bn:00095832v</annotation>
		<annotation source="MCS" anchor="place" bfScore="--" coherenceScore="--">bn:00062699n</annotation>
		<annotation source="BABELFY" anchor="isles" bfScore="0.7574094401756312" coherenceScore="0.16759776536312848">bn:00047612n</annotation>
		<annotation source="MCS" anchor="heathen" bfScore="--" coherenceScore="--">bn:00037763n</annotation>
		<annotation source="BABELFY" anchor="Ethiopians" bfScore="1.0" coherenceScore="0.1005586592178771">bn:00031714n</annotation>
		<annotation source="BABELFY" anchor="slain" bfScore="1.0" coherenceScore="0.0670391061452514">bn:00084236v</annotation>
		<annotation source="BABELFY" anchor="sword" bfScore="0.993963782696177" coherenceScore="0.10614525139664804">bn:00011081n</annotation>
		<annotation source="MCS" anchor="stretch" bfScore="--" coherenceScore="--">bn:00094441v</annotation>
		<annotation source="MCS" anchor="stretch out" bfScore="--" coherenceScore="--">bn:00087910v</annotation>
		<annotation source="BABELFY" anchor="hand" bfScore="0.7076392877656519" coherenceScore="0.1564245810055866">bn:00042759n</annotation>
		<annotation source="BABELFY" anchor="Assyria" bfScore="0.8426651735722285" coherenceScore="0.24022346368715083">bn:00006569n</annotation>
		<annotation source="BABELFY" anchor="Nineveh" bfScore="1.0" coherenceScore="0.13966480446927373">bn:00057739n</annotation>
		<annotation source="MCS" anchor="dry" bfScore="--" coherenceScore="--">bn:00101839a</annotation>
		<annotation source="MCS" anchor="wilderness" bfScore="--" coherenceScore="--">bn:00081212n</annotation>
		<annotation source="BABELFY" anchor="midst" bfScore="1.0" coherenceScore="0.0670391061452514">bn:00054889n</annotation>
		<annotation source="BABELFY" anchor="beasts" bfScore="0.972845953002611" coherenceScore="0.6033519553072626">bn:00004222n</annotation>
		<annotation source="BABELFY" anchor="nations" bfScore="0.8664475711204683" coherenceScore="0.7206703910614525">bn:00023236n</annotation>
		<annotation source="MCS" anchor="cormorant" bfScore="--" coherenceScore="--">bn:00022676n</annotation>
		<annotation source="MCS" anchor="bittern" bfScore="--" coherenceScore="--">bn:00010787n</annotation>
		<annotation source="MCS" anchor="lodge" bfScore="--" coherenceScore="--">bn:00090436v</annotation>
		<annotation source="BABELFY" anchor="lodge in" bfScore="1.0" coherenceScore="0.1005586592178771">bn:00090437v</annotation>
		<annotation source="BABELFY" anchor="upper" bfScore="0.9789227166276346" coherenceScore="0.10614525139664804">bn:00113424a</annotation>
		<annotation source="MCS" anchor="lintels" bfScore="--" coherenceScore="--">bn:00043307n</annotation>
		<annotation source="BABELFY" anchor="voice" bfScore="0.8065915004336514" coherenceScore="0.25139664804469275">bn:00072794n</annotation>
		<annotation source="MCS" anchor="sing" bfScore="--" coherenceScore="--">bn:00093757v</annotation>
		<annotation source="MCS" anchor="windows" bfScore="--" coherenceScore="--">bn:00081285n</annotation>
		<annotation source="MCS" anchor="thresholds" bfScore="--" coherenceScore="--">bn:00077055n</annotation>
		<annotation source="BABELFY" anchor="uncover" bfScore="0.7272727272727273" coherenceScore="0.0223463687150838">bn:00087889v</annotation>
		<annotation source="MCS" anchor="work" bfScore="--" coherenceScore="--">bn:00081568n</annotation>
		<annotation source="BABELFY" anchor="rejoicing" bfScore="0.8888888888888888" coherenceScore="0.0223463687150838">bn:00089996v</annotation>
		<annotation source="BABELFY" anchor="city" bfScore="0.8421115848897964" coherenceScore="0.4581005586592179">bn:03335997n</annotation>
		<annotation source="BABELFY" anchor="dwelt" bfScore="0.8954081632653061" coherenceScore="0.15083798882681565">bn:00087441v</annotation>
		<annotation source="MCS" anchor="carelessly" bfScore="--" coherenceScore="--">bn:00114673r</annotation>
		<annotation source="MCS" anchor="heart" bfScore="--" coherenceScore="--">bn:00012289n</annotation>
		<annotation source="MCS" anchor="hiss" bfScore="--" coherenceScore="--">bn:00089343v</annotation>
		<annotation source="BABELFY" anchor="wag" bfScore="1.0" coherenceScore="0.0335195530726257">bn:00095591v</annotation>
	</annotations>
</paragraph>
<paragraph id="p.3">
	<text>
		Woe to her that is filthy and polluted , to the oppressing city !
		She obeyed not the voice ; she received not correction ; she trusted not in the LORD ; she drew not near to her God .
		Her princes within her are roaring lions ; her judges are evening wolves ; they gnaw not the bones till the morrow .
		Her prophets are light and treacherous persons : her priests have polluted the sanctuary , they have done violence to the law .
		The just LORD is in the midst thereof ; he will not do iniquity : every morning doth he bring his judgment to light , he faileth not ; but the unjust knoweth no shame .
		I have cut off the nations : their towers are desolate ; I made their streets waste , that none passeth by : their cities are destroyed , so that there is no man , that there is none inhabitant .
		I said , Surely thou wilt fear me , thou wilt receive instruction ; so their dwelling should not be cut off , howsoever I punished them : but they rose early , and corrupted all their doings .
		Therefore wait ye upon me , saith the LORD , until the day that I rise up to the prey : for my determination is to gather the nations , that I may assemble the kingdoms , to pour upon them mine indignation , even all my fierce anger : for all the earth shall be devoured with the fire of my jealousy .
		For then will I turn to the people a pure language , that they may all call upon the name of the LORD , to serve him with one consent .
		From beyond the rivers of Ethiopia my suppliants , even the daughter of my dispersed , shall bring mine offering .
		In that day shalt thou not be ashamed for all thy doings , wherein thou hast transgressed against me : for then I will take away out of the midst of thee them that rejoice in thy pride , and thou shalt no more be haughty because of my holy mountain .
		I will also leave in the midst of thee an afflicted and poor people , and they shall trust in the name of the LORD .
		The remnant of Israel shall not do iniquity , nor speak lies ; neither shall a deceitful tongue be found in their mouth : for they shall feed and lie down , and none shall make them afraid .
		Sing , O daughter of Zion ; shout , O Israel ; be glad and rejoice with all the heart , O daughter of Jerusalem .
		The LORD hath taken away thy judgments , he hath cast out thine enemy : the king of Israel , even the LORD , is in the midst of thee : thou shalt not see evil any more .
		In that day it shall be said to Jerusalem , Fear thou not : and to Zion , Let not thine hands be slack .
		The LORD thy God in the midst of thee is mighty ; he will save , he will rejoice over thee with joy ; he will rest in his love , he will joy over thee with singing .
		I will gather them that are sorrowful for the solemn assembly , who are of thee , to whom the reproach of it was a burden .
		Behold , at that time I will undo all that afflict thee : and I will save her that halteth , and gather her that was driven out ; and I will get them praise and fame in every land where they have been put to shame .
		At that time will I bring you again , even in the time that I gather you : for I will make you a name and a praise among all people of the earth , when I turn back your captivity before your eyes , saith the LORD .
	</text>
	<annotations>
		<annotation source="BABELFY" anchor="Woe" bfScore="0.782608695652174" coherenceScore="0.014563106796116505">bn:00075069n</annotation>
		<annotation source="BABELFY" anchor="filthy" bfScore="0.7058823529411765" coherenceScore="0.014563106796116505">bn:00100720a</annotation>
		<annotation source="BABELFY" anchor="polluted" bfScore="1.0" coherenceScore="0.009708737864077669">bn:00100355a</annotation>
		<annotation source="MCS" anchor="oppressing" bfScore="--" coherenceScore="--">bn:00086114v</annotation>
		<annotation source="BABELFY" anchor="city" bfScore="0.7779380253832207" coherenceScore="0.45145631067961167">bn:03335997n</annotation>
		<annotation source="MCS" anchor="obeyed" bfScore="--" coherenceScore="--">bn:00091112v</annotation>
		<annotation source="BABELFY" anchor="voice" bfScore="0.7816091954022989" coherenceScore="0.24757281553398058">bn:00072794n</annotation>
		<annotation source="MCS" anchor="received" bfScore="--" coherenceScore="--">bn:00089246v</annotation>
		<annotation source="MCS" anchor="correction" bfScore="--" coherenceScore="--">bn:00022841n</annotation>
		<annotation source="MCS" anchor="trusted" bfScore="--" coherenceScore="--">bn:00083095v</annotation>
		<annotation source="MCS" anchor="drew" bfScore="--" coherenceScore="--">bn:00087234v</annotation>
		<annotation source="MCS" anchor="near" bfScore="--" coherenceScore="--">bn:00099859a</annotation>
		<annotation source="BABELFY" anchor="God" bfScore="0.809551919422974" coherenceScore="0.6359223300970874">bn:00040878n</annotation>
		<annotation source="MCS" anchor="princes" bfScore="--" coherenceScore="--">bn:00064405n</annotation>
		<annotation source="MCS" anchor="roaring" bfScore="--" coherenceScore="--">bn:00089498v</annotation>
		<annotation source="BABELFY" anchor="roaring lions" bfScore="1.0" coherenceScore="0.0048543689320388345">bn:01988536n</annotation>
		<annotation source="BABELFY" anchor="lions" bfScore="0.7520661157024794" coherenceScore="0.20388349514563106">bn:00049156n</annotation>
		<annotation source="MCS" anchor="judges" bfScore="--" coherenceScore="--">bn:00048488n</annotation>
		<annotation source="BABELFY" anchor="evening" bfScore="0.7974481658692185" coherenceScore="0.12135922330097088">bn:00031998n</annotation>
		<annotation source="MCS" anchor="wolves" bfScore="--" coherenceScore="--">bn:00081469n</annotation>
		<annotation source="MCS" anchor="gnaw" bfScore="--" coherenceScore="--">bn:00088911v</annotation>
		<annotation source="MCS" anchor="bones" bfScore="--" coherenceScore="--">bn:00011999n</annotation>
		<annotation source="MCS" anchor="morrow" bfScore="--" coherenceScore="--">bn:00055937n</annotation>
		<annotation source="BABELFY" anchor="prophets" bfScore="0.8249528598365807" coherenceScore="0.20388349514563106">bn:00064759n</annotation>
		<annotation source="MCS" anchor="light" bfScore="--" coherenceScore="--">bn:00105937a</annotation>
		<annotation source="BABELFY" anchor="treacherous" bfScore="1.0" coherenceScore="0.04854368932038835">bn:00108446a</annotation>
		<annotation source="BABELFY" anchor="persons" bfScore="0.9344182262001627" coherenceScore="0.6407766990291263">bn:00046516n</annotation>
		<annotation source="MCS" anchor="priests" bfScore="--" coherenceScore="--">bn:00064346n</annotation>
		<annotation source="MCS" anchor="polluted" bfScore="--" coherenceScore="--">bn:00085700v</annotation>
		<annotation source="MCS" anchor="sanctuary" bfScore="--" coherenceScore="--">bn:00069124n</annotation>
		<annotation source="BABELFY" anchor="violence" bfScore="0.9540117416829745" coherenceScore="0.24271844660194175">bn:00035772n</annotation>
		<annotation source="MCS" anchor="law" bfScore="--" coherenceScore="--">bn:00048655n</annotation>
		<annotation source="BABELFY" anchor="midst" bfScore="1.0" coherenceScore="0.043689320388349516">bn:00054889n</annotation>
		<annotation source="MCS" anchor="iniquity" bfScore="--" coherenceScore="--">bn:00025234n</annotation>
		<annotation source="MCS" anchor="morning" bfScore="--" coherenceScore="--">bn:00035851n</annotation>
		<annotation source="MCS" anchor="bring" bfScore="--" coherenceScore="--">bn:00084058v</annotation>
		<annotation source="MCS" anchor="judgment" bfScore="--" coherenceScore="--">bn:00048493n</annotation>
		<annotation source="BABELFY" anchor="light" bfScore="0.8277720739219713" coherenceScore="0.2087378640776699">bn:00051108n</annotation>
		<annotation source="MCS" anchor="faileth" bfScore="--" coherenceScore="--">bn:13644472v</annotation>
		<annotation source="MCS" anchor="unjust" bfScore="--" coherenceScore="--">bn:00112727a</annotation>
		<annotation source="MCS" anchor="shame" bfScore="--" coherenceScore="--">bn:00070886n</annotation>
		<annotation source="MCS" anchor="cut" bfScore="--" coherenceScore="--">bn:00086178v</annotation>
		<annotation source="MCS" anchor="cut off" bfScore="--" coherenceScore="--">bn:00083995v</annotation>
		<annotation source="BABELFY" anchor="nations" bfScore="0.8254917052879812" coherenceScore="0.6456310679611651">bn:00023236n</annotation>
		<annotation source="MCS" anchor="towers" bfScore="--" coherenceScore="--">bn:00077766n</annotation>
		<annotation source="BABELFY" anchor="desolate" bfScore="0.9846153846153847" coherenceScore="0.038834951456310676">bn:00101240a</annotation>
		<annotation source="BABELFY" anchor="streets" bfScore="0.7111597374179431" coherenceScore="0.12135922330097088">bn:00074595n</annotation>
		<annotation source="MCS" anchor="waste" bfScore="--" coherenceScore="--">bn:00080543n</annotation>
		<annotation source="BABELFY" anchor="cities" bfScore="0.7779380253832207" coherenceScore="0.45145631067961167">bn:03335997n</annotation>
		<annotation source="MCS" anchor="destroyed" bfScore="--" coherenceScore="--">bn:00086698v</annotation>
		<annotation source="BABELFY" anchor="man" bfScore="0.7358522971232289" coherenceScore="0.7961165048543689">bn:00044576n</annotation>
		<annotation source="MCS" anchor="inhabitant" bfScore="--" coherenceScore="--">bn:00026239n</annotation>
		<annotation source="BABELFY" anchor="Surely" bfScore="1.0" coherenceScore="0.04854368932038835">bn:00114694r</annotation>
		<annotation source="MCS" anchor="wilt" bfScore="--" coherenceScore="--">bn:00081248n</annotation>
		<annotation source="MCS" anchor="fear" bfScore="--" coherenceScore="--">bn:00088065v</annotation>
		<annotation source="BABELFY" anchor="wilt" bfScore="1.0" coherenceScore="0.009708737864077669">bn:00087363v</annotation>
		<annotation source="MCS" anchor="receive" bfScore="--" coherenceScore="--">bn:00089246v</annotation>
		<annotation source="BABELFY" anchor="instruction" bfScore="0.9231868524473026" coherenceScore="0.3300970873786408">bn:00026980n</annotation>
		<annotation source="BABELFY" anchor="dwelling" bfScore="0.7604288825598928" coherenceScore="0.24757281553398058">bn:00044994n</annotation>
		<annotation source="MCS" anchor="howsoever" bfScore="--" coherenceScore="--">bn:13763751r</annotation>
		<annotation source="BABELFY" anchor="punished" bfScore="1.0" coherenceScore="0.05825242718446602">bn:00091527v</annotation>
		<annotation source="MCS" anchor="rose" bfScore="--" coherenceScore="--">bn:00082761v</annotation>
		<annotation source="BABELFY" anchor="early" bfScore="0.9" coherenceScore="0.014563106796116505">bn:00114190r</annotation>
		<annotation source="BABELFY" anchor="corrupted" bfScore="0.7619047619047619" coherenceScore="0.05825242718446602">bn:00084040v</annotation>
		<annotation source="MCS" anchor="doings" bfScore="--" coherenceScore="--">bn:00025804n</annotation>
		<annotation source="BABELFY" anchor="wait" bfScore="0.7101449275362319" coherenceScore="0.03398058252427184">bn:00095593v</annotation>
		<annotation source="MCS" anchor="saith" bfScore="--" coherenceScore="--">bn:00093287v</annotation>
		<annotation source="MCS" anchor="day" bfScore="--" coherenceScore="--">bn:00000086n</annotation>
		<annotation source="MCS" anchor="rise" bfScore="--" coherenceScore="--">bn:00082761v</annotation>
		<annotation source="MCS" anchor="rise up" bfScore="--" coherenceScore="--">bn:00085391v</annotation>
		<annotation source="MCS" anchor="prey" bfScore="--" coherenceScore="--">bn:00032742n</annotation>
		<annotation source="BABELFY" anchor="determination" bfScore="0.8369230769230769" coherenceScore="0.07766990291262135">bn:14041715n</annotation>
		<annotation source="MCS" anchor="gather" bfScore="--" coherenceScore="--">bn:00085289v</annotation>
		<annotation source="MCS" anchor="assemble" bfScore="--" coherenceScore="--">bn:00082845v</annotation>
		<annotation source="BABELFY" anchor="kingdoms" bfScore="0.8127340823970037" coherenceScore="0.23786407766990292">bn:00055624n</annotation>
		<annotation source="MCS" anchor="pour" bfScore="--" coherenceScore="--">bn:00091897v</annotation>
		<annotation source="BABELFY" anchor="mine" bfScore="0.8767123287671232" coherenceScore="0.038834951456310676">bn:00090796v</annotation>
		<annotation source="BABELFY" anchor="indignation" bfScore="0.7674418604651163" coherenceScore="0.10679611650485436">bn:00046491n</annotation>
		<annotation source="BABELFY" anchor="fierce" bfScore="0.7407407407407407" coherenceScore="0.019417475728155338">bn:00102943a</annotation>
		<annotation source="MCS" anchor="anger" bfScore="--" coherenceScore="--">bn:00004085n</annotation>
		<annotation source="BABELFY" anchor="earth" bfScore="0.9700845503458878" coherenceScore="0.5631067961165048">bn:00029424n</annotation>
		<annotation source="MCS" anchor="devoured" bfScore="--" coherenceScore="--">bn:00086763v</annotation>
		<annotation source="BABELFY" anchor="fire" bfScore="0.8827339736430646" coherenceScore="0.2524271844660194">bn:00034625n</annotation>
		<annotation source="BABELFY" anchor="jealousy" bfScore="0.705" coherenceScore="0.14563106796116504">bn:00041654n</annotation>
		<annotation source="MCS" anchor="turn" bfScore="--" coherenceScore="--">bn:00095233v</annotation>
		<annotation source="BABELFY" anchor="turn to" bfScore="0.994475138121547" coherenceScore="0.043689320388349516">bn:00082332v</annotation>
		<annotation source="BABELFY" anchor="people" bfScore="0.7682926829268293" coherenceScore="0.23786407766990292">bn:00061450n</annotation>
		<annotation source="BABELFY" anchor="pure" bfScore="0.7655677655677655" coherenceScore="0.09223300970873786">bn:00109249a</annotation>
		<annotation source="BABELFY" anchor="language" bfScore="0.7413140500536692" coherenceScore="0.3932038834951456">bn:00049910n</annotation>
		<annotation source="MCS" anchor="call" bfScore="--" coherenceScore="--">bn:00084385v</annotation>
		<annotation source="MCS" anchor="serve" bfScore="--" coherenceScore="--">bn:00088630v</annotation>
		<annotation source="MCS" anchor="consent" bfScore="--" coherenceScore="--">bn:00021959n</annotation>
		<annotation source="BABELFY" anchor="rivers" bfScore="0.9385856079404467" coherenceScore="0.24757281553398058">bn:00067948n</annotation>
		<annotation source="BABELFY" anchor="Ethiopia" bfScore="0.9087018544935807" coherenceScore="0.20388349514563106">bn:00000536n</annotation>
		<annotation source="BABELFY" anchor="suppliants" bfScore="1.0" coherenceScore="0.009708737864077669">bn:00061827n</annotation>
		<annotation source="BABELFY" anchor="daughter" bfScore="0.9952380952380953" coherenceScore="0.09223300970873786">bn:00025364n</annotation>
		<annotation source="MCS" anchor="dispersed" bfScore="--" coherenceScore="--">bn:00087007v</annotation>
		<annotation source="MCS" anchor="offering" bfScore="--" coherenceScore="--">bn:00058679n</annotation>
		<annotation source="BABELFY" anchor="ashamed" bfScore="1.0" coherenceScore="0.06310679611650485">bn:00097581a</annotation>
		<annotation source="BABELFY" anchor="transgressed" bfScore="0.7986111111111112" coherenceScore="0.0970873786407767">bn:00083897v</annotation>
		<annotation source="MCS" anchor="take away" bfScore="--" coherenceScore="--">bn:00083231v</annotation>
		<annotation source="MCS" anchor="rejoice" bfScore="--" coherenceScore="--">bn:00089996v</annotation>
		<annotation source="BABELFY" anchor="pride" bfScore="0.8076923076923077" coherenceScore="0.20388349514563106">bn:00064338n</annotation>
		<annotation source="BABELFY" anchor="haughty" bfScore="1.0" coherenceScore="0.0048543689320388345">bn:00101507a</annotation>
		<annotation source="BABELFY" anchor="holy" bfScore="1.0" coherenceScore="0.0825242718446602">bn:00104250a</annotation>
		<annotation source="BABELFY" anchor="holy mountain" bfScore="1.0" coherenceScore="0.019417475728155338">bn:02329820n</annotation>
		<annotation source="BABELFY" anchor="mountain" bfScore="0.8347280334728033" coherenceScore="0.13592233009708737">bn:00056068n</annotation>
		<annotation source="MCS" anchor="leave" bfScore="--" coherenceScore="--">bn:00088939v</annotation>
		<annotation source="BABELFY" anchor="afflicted" bfScore="0.7058823529411765" coherenceScore="0.038834951456310676">bn:00082439v</annotation>
		<annotation source="MCS" anchor="poor" bfScore="--" coherenceScore="--">bn:00103931a</annotation>
		<annotation source="BABELFY" anchor="poor people" bfScore="1.0" coherenceScore="0.07766990291262135">bn:00063547n</annotation>
		<annotation source="MCS" anchor="trust" bfScore="--" coherenceScore="--">bn:00083095v</annotation>
		<annotation source="MCS" anchor="remnant" bfScore="--" coherenceScore="--">bn:00050539n</annotation>
		<annotation source="BABELFY" anchor="Israel" bfScore="0.959156033929717" coherenceScore="0.5631067961165048">bn:00047679n</annotation>
		<annotation source="MCS" anchor="speak" bfScore="--" coherenceScore="--">bn:00090943v</annotation>
		<annotation source="MCS" anchor="lies" bfScore="--" coherenceScore="--">bn:00051016n</annotation>
		<annotation source="BABELFY" anchor="deceitful" bfScore="1.0" coherenceScore="0.019417475728155338">bn:00096932a</annotation>
		<annotation source="BABELFY" anchor="tongue" bfScore="0.7033492822966507" coherenceScore="0.10194174757281553">bn:00019439n</annotation>
		<annotation source="MCS" anchor="found" bfScore="--" coherenceScore="--">bn:00084231v</annotation>
		<annotation source="MCS" anchor="mouth" bfScore="--" coherenceScore="--">bn:00056135n</annotation>
		<annotation source="MCS" anchor="feed" bfScore="--" coherenceScore="--">bn:00088084v</annotation>
		<annotation source="MCS" anchor="lie" bfScore="--" coherenceScore="--">bn:00090321v</annotation>
		<annotation source="BABELFY" anchor="lie down" bfScore="1.0" coherenceScore="0.009708737864077669">bn:00090326v</annotation>
		<annotation source="MCS" anchor="afraid" bfScore="--" coherenceScore="--">bn:00096625a</annotation>
		<annotation source="BABELFY" anchor="Zion" bfScore="0.9755908937116342" coherenceScore="0.5631067961165048">bn:00047679n</annotation>
		<annotation source="BABELFY" anchor="shout" bfScore="0.9753694581280788" coherenceScore="0.17475728155339806">bn:00014793n</annotation>
		<annotation source="MCS" anchor="glad" bfScore="--" coherenceScore="--">bn:00103601a</annotation>
		<annotation source="MCS" anchor="heart" bfScore="--" coherenceScore="--">bn:00012289n</annotation>
		<annotation source="BABELFY" anchor="Jerusalem" bfScore="0.884318766066838" coherenceScore="0.23300970873786409">bn:00015555n</annotation>
		<annotation source="MCS" anchor="judgments" bfScore="--" coherenceScore="--">bn:00048493n</annotation>
		<annotation source="MCS" anchor="cast" bfScore="--" coherenceScore="--">bn:00084624v</annotation>
		<annotation source="BABELFY" anchor="cast out" bfScore="0.9295774647887324" coherenceScore="0.05339805825242718">bn:00083066v</annotation>
		<annotation source="MCS" anchor="enemy" bfScore="--" coherenceScore="--">bn:00030814n</annotation>
		<annotation source="BABELFY" anchor="king" bfScore="0.8695083682008368" coherenceScore="0.24271844660194175">bn:00024097n</annotation>
		<annotation source="BABELFY" anchor="Fear" bfScore="0.863789615643965" coherenceScore="0.20388349514563106">bn:00033854n</annotation>
		<annotation source="MCS" anchor="hands" bfScore="--" coherenceScore="--">bn:00042759n</annotation>
		<annotation source="BABELFY" anchor="slack" bfScore="1.0" coherenceScore="0.014563106796116505">bn:00110720a</annotation>
		<annotation source="BABELFY" anchor="mighty" bfScore="1.0" coherenceScore="0.02912621359223301">bn:00106713a</annotation>
		<annotation source="MCS" anchor="save" bfScore="--" coherenceScore="--">bn:00092745v</annotation>
		<annotation source="MCS" anchor="joy" bfScore="--" coherenceScore="--">bn:00048468n</annotation>
		<annotation source="MCS" anchor="rest" bfScore="--" coherenceScore="--">bn:00092903v</annotation>
		<annotation source="BABELFY" anchor="love" bfScore="0.9272245597631292" coherenceScore="0.41262135922330095">bn:00052121n</annotation>
		<annotation source="MCS" anchor="joy" bfScore="--" coherenceScore="--">bn:00089996v</annotation>
		<annotation source="MCS" anchor="singing" bfScore="--" coherenceScore="--">bn:00093757v</annotation>
		<annotation source="MCS" anchor="sorrowful" bfScore="--" coherenceScore="--">bn:00110928a</annotation>
		<annotation source="BABELFY" anchor="solemn" bfScore="0.8448275862068966" coherenceScore="0.03398058252427184">bn:00103758a</annotation>
		<annotation source="BABELFY" anchor="solemn assembly" bfScore="1.0" coherenceScore="0.038834951456310676">bn:17191837n</annotation>
		<annotation source="MCS" anchor="assembly" bfScore="--" coherenceScore="--">bn:00006484n</annotation>
		<annotation source="BABELFY" anchor="reproach" bfScore="1.0" coherenceScore="0.05339805825242718">bn:00067210n</annotation>
		<annotation source="MCS" anchor="burden" bfScore="--" coherenceScore="--">bn:00013941n</annotation>
		<annotation source="MCS" anchor="Behold" bfScore="--" coherenceScore="--">bn:00083356v</annotation>
		<annotation source="BABELFY" anchor="time" bfScore="0.7745554362095716" coherenceScore="0.28640776699029125">bn:00077270n</annotation>
		<annotation source="BABELFY" anchor="time I" bfScore="1.0" coherenceScore="0.0048543689320388345">bn:03289164n</annotation>
		<annotation source="BABELFY" anchor="undo" bfScore="0.8333333333333334" coherenceScore="0.03398058252427184">bn:00095378v</annotation>
		<annotation source="BABELFY" anchor="afflict" bfScore="0.7058823529411765" coherenceScore="0.038834951456310676">bn:00082439v</annotation>
		<annotation source="BABELFY" anchor="save" bfScore="0.7098765432098766" coherenceScore="0.0970873786407767">bn:00086537v</annotation>
		<annotation source="MCS" anchor="driven" bfScore="--" coherenceScore="--">bn:00087327v</annotation>
		<annotation source="MCS" anchor="driven out" bfScore="--" coherenceScore="--">bn:00084834v</annotation>
		<annotation source="BABELFY" anchor="praise" bfScore="0.8373205741626795" coherenceScore="0.14563106796116504">bn:01193643n</annotation>
		<annotation source="MCS" anchor="fame" bfScore="--" coherenceScore="--">bn:00016991n</annotation>
		<annotation source="BABELFY" anchor="land" bfScore="0.8113944480309877" coherenceScore="0.6456310679611651">bn:00023236n</annotation>
		<annotation source="BABELFY" anchor="people of the earth" bfScore="1.0" coherenceScore="0.009708737864077669">bn:00767194n</annotation>
		<annotation source="MCS" anchor="turn back" bfScore="--" coherenceScore="--">bn:00083018v</annotation>
		<annotation source="BABELFY" anchor="captivity" bfScore="0.846421125781793" coherenceScore="0.1407766990291262">bn:00015771n</annotation>
		<annotation source="BABELFY" anchor="eyes" bfScore="0.9387755102040817" coherenceScore="0.22330097087378642">bn:00032512n</annotation>
	</annotations>
</paragraph>
</dataset>
